{
"type": "FeatureCollection",
"name": "gauges_rain",
"crs": { "type": "name", "properties": { "name": "urn:ogc:def:crs:OGC:1.3:CRS84" } },
"xy_coordinate_resolution": 1e-05,
"features": [
{ "type": "Feature", "properties": { "site_no": "175858066100200", "station": "JUA 5 WELL, GUAYAMA, PR", "begin": "2016-10-01", "end": "2026-08-19", "active": true, "network": "USGS NWIS", "url": "https://waterdata.usgs.gov/monitoring-location/175858066100200" }, "geometry": { "type": "Point", "coordinates": [ -66.16683, 17.9808 ] } },
{ "type": "Feature", "properties": { "site_no": "180031066301900", "station": "STORMWATER STATION AT FMS9 BLDG, JUANA DIAZ, PR", "begin": "2019-10-29", "end": "2024-01-31", "active": false, "network": "USGS NWIS", "url": "https://waterdata.usgs.gov/monitoring-location/180031066301900" }, "geometry": { "type": "Point", "coordinates": [ -66.50489, 18.00663 ] } },
{ "type": "Feature", "properties": { "site_no": "180048066174800", "station": "STORMWATER STATION FUEL DISPENSING,SALINAS, PR", "begin": "2019-10-31", "end": "2026-08-18", "active": true, "network": "USGS NWIS", "url": "https://waterdata.usgs.gov/monitoring-location/180048066174800" }, "geometry": { "type": "Point", "coordinates": [ -66.29639, 18.01159 ] } },
{ "type": "Feature", "properties": { "site_no": "180122066560300", "station": "ARENAS 1 WELL, GUANICA, PR", "begin": "2018-06-13", "end": "2026-08-19", "active": true, "network": "USGS NWIS", "url": "https://waterdata.usgs.gov/monitoring-location/180122066560300" }, "geometry": { "type": "Point", "coordinates": [ -66.93351, 18.02033 ] } },
{ "type": "Feature", "properties": { "site_no": "180559065280501", "station": "VIEQUES A1 WELL, VIEQUES, PR", "begin": "2021-07-27", "end": "2026-08-19", "active": true, "network": "USGS NWIS", "url": "https://waterdata.usgs.gov/monitoring-location/180559065280501" }, "geometry": { "type": "Point", "coordinates": [ -65.46749, 18.09824 ] } },
{ "type": "Feature", "properties": { "site_no": "181024065583800", "station": "QUEBRADA SALVATIERRA RAINGAGE NR, SAN LORENZO, PR", "begin": "2019-07-11", "end": "2026-08-19", "active": true, "network": "USGS NWIS", "url": "https://waterdata.usgs.gov/monitoring-location/181024065583800" }, "geometry": { "type": "Point", "coordinates": [ -65.97683, 18.17135 ] } },
{ "type": "Feature", "properties": { "site_no": "181026066100300", "station": "BO. RABANAL RAINGAGE AT CIDRA, PR", "begin": "2016-10-12", "end": "2026-08-19", "active": true, "network": "USGS NWIS", "url": "https://waterdata.usgs.gov/monitoring-location/181026066100300" }, "geometry": { "type": "Point", "coordinates": [ -66.16728, 18.1721 ] } },
{ "type": "Feature", "properties": { "site_no": "181529065575200", "station": "GURABO RAINGAGE AT GURABO, PR", "begin": "2016-10-01", "end": "2026-08-19", "active": true, "network": "USGS NWIS", "url": "https://waterdata.usgs.gov/monitoring-location/181529065575200" }, "geometry": { "type": "Point", "coordinates": [ -65.96444, 18.25806 ] } },
{ "type": "Feature", "properties": { "site_no": "181708066152400", "station": "BO. ANONES RAINGAGE NEAR NARANJITO, PR", "begin": "2016-10-01", "end": "2026-08-19", "active": true, "network": "USGS NWIS", "url": "https://waterdata.usgs.gov/monitoring-location/181708066152400" }, "geometry": { "type": "Point", "coordinates": [ -66.25633, 18.28362 ] } },
{ "type": "Feature", "properties": { "site_no": "182134066544600", "station": "BO GUAJATACA RAINGAGE ABV LAGO GUAJATACA AT PR 455", "begin": "2018-06-29", "end": "2026-08-19", "active": true, "network": "USGS NWIS", "url": "https://waterdata.usgs.gov/monitoring-location/182134066544600" }, "geometry": { "type": "Point", "coordinates": [ -66.91273, 18.35949 ] } },
{ "type": "Feature", "properties": { "site_no": "182350066063700", "station": "RAINGAGE NEAR ALTAMIRA, GUAYNABO, PR", "begin": "2016-09-30", "end": "2026-08-19", "active": true, "network": "USGS NWIS", "url": "https://waterdata.usgs.gov/monitoring-location/182350066063700" }, "geometry": { "type": "Point", "coordinates": [ -66.11, 18.39522 ] } },
{ "type": "Feature", "properties": { "site_no": "182647066201700", "station": "SABANA HOYOS 2 WELL, VEGA ALTA, PR", "begin": "2016-10-01", "end": "2019-09-18", "active": false, "network": "USGS NWIS", "url": "https://waterdata.usgs.gov/monitoring-location/182647066201700" }, "geometry": { "type": "Point", "coordinates": [ -66.33817, 18.44428 ] } },
{ "type": "Feature", "properties": { "site_no": "182723066055200", "station": "STORMWATER STATION AT ARMY AVIATION, SAN JUAN, PR", "begin": "2019-10-31", "end": "2026-08-18", "active": true, "network": "USGS NWIS", "url": "https://waterdata.usgs.gov/monitoring-location/182723066055200" }, "geometry": { "type": "Point", "coordinates": [ -66.09747, 18.45465 ] } },
{ "type": "Feature", "properties": { "site_no": "50010500", "station": "RIO GUAJATACA AT LARES, PR", "begin": "2016-10-01", "end": "2026-08-19", "active": true, "network": "USGS NWIS", "url": "https://waterdata.usgs.gov/monitoring-location/50010500" }, "geometry": { "type": "Point", "coordinates": [ -66.87386, 18.2992 ] } },
{ "type": "Feature", "properties": { "site_no": "50010800", "station": "LAGO GUAJATACA AT DAMSITE NR QUEBRADILLAS, PR", "begin": "2018-06-12", "end": "2020-04-08", "active": false, "network": "USGS NWIS", "url": "https://waterdata.usgs.gov/monitoring-location/50010800" }, "geometry": { "type": "Point", "coordinates": [ -66.9227, 18.39836 ] } },
{ "type": "Feature", "properties": { "site_no": "50011088", "station": "LAGO REGULADOR DE ISABELA NR HWY 112 ISABELA, PR", "begin": "2016-10-01", "end": "2026-08-19", "active": true, "network": "USGS NWIS", "url": "https://waterdata.usgs.gov/monitoring-location/50011088" }, "geometry": { "type": "Point", "coordinates": [ -67.02916, 18.45729 ] } },
{ "type": "Feature", "properties": { "site_no": "50014800", "station": "RIO CAMUY NR BAYANEY, PR", "begin": "2018-06-11", "end": "2022-11-10", "active": false, "network": "USGS NWIS", "url": "https://waterdata.usgs.gov/monitoring-location/50014800" }, "geometry": { "type": "Point", "coordinates": [ -66.81799, 18.39644 ] } },
{ "type": "Feature", "properties": { "site_no": "50023110", "station": "LAGO VIVI NEAR UTUADO, PR", "begin": "2016-10-13", "end": "2026-08-19", "active": true, "network": "USGS NWIS", "url": "https://waterdata.usgs.gov/monitoring-location/50023110" }, "geometry": { "type": "Point", "coordinates": [ -66.67916, 18.23125 ] } },
{ "type": "Feature", "properties": { "site_no": "50026025", "station": "RIO CAONILLAS AT PASO PALMA, PR", "begin": "2018-06-08", "end": "2022-10-31", "active": false, "network": "USGS NWIS", "url": "https://waterdata.usgs.gov/monitoring-location/50026025" }, "geometry": { "type": "Point", "coordinates": [ -66.63709, 18.23142 ] } },
{ "type": "Feature", "properties": { "site_no": "50026140", "station": "LAGO CAONILLAS AT DAMSITE NEAR UTUADO, PR", "begin": "2018-06-09", "end": "2022-11-16", "active": false, "network": "USGS NWIS", "url": "https://waterdata.usgs.gov/monitoring-location/50026140" }, "geometry": { "type": "Point", "coordinates": [ -66.65642, 18.27654 ] } },
{ "type": "Feature", "properties": { "site_no": "50027000", "station": "RIO LIMON ABV LAGO DOS BOCAS, PR", "begin": "2018-06-20", "end": "2022-10-24", "active": false, "network": "USGS NWIS", "url": "https://waterdata.usgs.gov/monitoring-location/50027000" }, "geometry": { "type": "Point", "coordinates": [ -66.62103, 18.32609 ] } },
{ "type": "Feature", "properties": { "site_no": "50028000", "station": "RIO TANAMA NR UTUADO, PR", "begin": "2018-06-21", "end": "2026-08-19", "active": true, "network": "USGS NWIS", "url": "https://waterdata.usgs.gov/monitoring-location/50028000" }, "geometry": { "type": "Point", "coordinates": [ -66.78301, 18.30072 ] } },
{ "type": "Feature", "properties": { "site_no": "50029000", "station": "RIO GRANDE DE ARECIBO AT CENTRAL CAMBALACHE, PR", "begin": "2016-10-01", "end": "2019-12-13", "active": false, "network": "USGS NWIS", "url": "https://waterdata.usgs.gov/monitoring-location/50029000" }, "geometry": { "type": "Point", "coordinates": [ -66.70207, 18.45353 ] } },
{ "type": "Feature", "properties": { "site_no": "50032290", "station": "LAGO EL GUINEO AT DAMSITE NR VILLALBA, PR", "begin": "2017-06-15", "end": "2026-08-19", "active": true, "network": "USGS NWIS", "url": "https://waterdata.usgs.gov/monitoring-location/50032290" }, "geometry": { "type": "Point", "coordinates": [ -66.52603, 18.15924 ] } },
{ "type": "Feature", "properties": { "site_no": "50032590", "station": "LAGO DE MATRULLAS AT DAMSITE NEAR OROCOVIS, PR", "begin": "2016-09-30", "end": "2026-08-19", "active": true, "network": "USGS NWIS", "url": "https://waterdata.usgs.gov/monitoring-location/50032590" }, "geometry": { "type": "Point", "coordinates": [ -66.48017, 18.21051 ] } },
{ "type": "Feature", "properties": { "site_no": "50035000", "station": "RIO GRANDE DE MANATI AT CIALES, PR", "begin": "2018-10-22", "end": "2022-09-12", "active": false, "network": "USGS NWIS", "url": "https://waterdata.usgs.gov/monitoring-location/50035000" }, "geometry": { "type": "Point", "coordinates": [ -66.45995, 18.32443 ] } },
{ "type": "Feature", "properties": { "site_no": "50038300", "station": "RIO COROZAL AT COROZAL, PR", "begin": "2018-06-25", "end": "2022-10-14", "active": false, "network": "USGS NWIS", "url": "https://waterdata.usgs.gov/monitoring-location/50038300" }, "geometry": { "type": "Point", "coordinates": [ -66.32233, 18.34458 ] } },
{ "type": "Feature", "properties": { "site_no": "50039995", "station": "LAGO CARITE AT SPILLWAY, PR", "begin": "2018-03-09", "end": "2026-08-19", "active": true, "network": "USGS NWIS", "url": "https://waterdata.usgs.gov/monitoring-location/50039995" }, "geometry": { "type": "Point", "coordinates": [ -66.10683, 18.07524 ] } },
{ "type": "Feature", "properties": { "site_no": "50040800", "station": "RIO DE LA PLATA AT CAYEY, PR", "begin": "2022-06-15", "end": "2026-08-19", "active": true, "network": "USGS NWIS", "url": "https://waterdata.usgs.gov/monitoring-location/50040800" }, "geometry": { "type": "Point", "coordinates": [ -66.13861, 18.13639 ] } },
{ "type": "Feature", "properties": { "site_no": "50043000", "station": "RIO DE LA PLATA AT PROYECTO LA PLATA, PR", "begin": "2018-06-21", "end": "2026-08-19", "active": true, "network": "USGS NWIS", "url": "https://waterdata.usgs.gov/monitoring-location/50043000" }, "geometry": { "type": "Point", "coordinates": [ -66.22889, 18.16 ] } },
{ "type": "Feature", "properties": { "site_no": "50043197", "station": "RIO USABON AT HWY 162 NR BARRANQUITAS, PR", "begin": "2016-10-01", "end": "2026-08-19", "active": true, "network": "USGS NWIS", "url": "https://waterdata.usgs.gov/monitoring-location/50043197" }, "geometry": { "type": "Point", "coordinates": [ -66.30942, 18.16154 ] } },
{ "type": "Feature", "properties": { "site_no": "50043800", "station": "RIO DE LA PLATA AT COMERIO, PR", "begin": "2016-10-01", "end": "2026-08-19", "active": true, "network": "USGS NWIS", "url": "https://waterdata.usgs.gov/monitoring-location/50043800" }, "geometry": { "type": "Point", "coordinates": [ -66.22462, 18.22216 ] } },
{ "type": "Feature", "properties": { "site_no": "50044210", "station": "RIO DE LA PLATA BLW REPRESA COMERIO, PR", "begin": "2022-07-11", "end": "2026-08-19", "active": true, "network": "USGS NWIS", "url": "https://waterdata.usgs.gov/monitoring-location/50044210" }, "geometry": { "type": "Point", "coordinates": [ -66.20608, 18.27427 ] } },
{ "type": "Feature", "properties": { "site_no": "50046000", "station": "RIO DE LA PLATA AT HWY 2 NR TOA ALTA, PR", "begin": "2018-06-06", "end": "2022-10-14", "active": false, "network": "USGS NWIS", "url": "https://waterdata.usgs.gov/monitoring-location/50046000" }, "geometry": { "type": "Point", "coordinates": [ -66.26096, 18.41159 ] } },
{ "type": "Feature", "properties": { "site_no": "50047535", "station": "RIO DE BAYAMON AT ARENAS, PR", "begin": "2018-10-18", "end": "2022-11-04", "active": false, "network": "USGS NWIS", "url": "https://waterdata.usgs.gov/monitoring-location/50047535" }, "geometry": { "type": "Point", "coordinates": [ -66.12194, 18.16917 ] } },
{ "type": "Feature", "properties": { "site_no": "50047550", "station": "LAGO CIDRA AT DAMSITE NEAR CIDRA, PR", "begin": "2016-10-01", "end": "2026-08-19", "active": true, "network": "USGS NWIS", "url": "https://waterdata.usgs.gov/monitoring-location/50047550" }, "geometry": { "type": "Point", "coordinates": [ -66.14072, 18.1969 ] } },
{ "type": "Feature", "properties": { "site_no": "50047850", "station": "RIO DE BAYAMON NR BAYAMON, PR", "begin": "2018-06-06", "end": "2022-10-19", "active": false, "network": "USGS NWIS", "url": "https://waterdata.usgs.gov/monitoring-location/50047850" }, "geometry": { "type": "Point", "coordinates": [ -66.13948, 18.33428 ] } },
{ "type": "Feature", "properties": { "site_no": "50049100", "station": "RIO PIEDRAS AT HATO REY, PR", "begin": "2019-02-01", "end": "2022-03-22", "active": false, "network": "USGS NWIS", "url": "https://waterdata.usgs.gov/monitoring-location/50049100" }, "geometry": { "type": "Point", "coordinates": [ -66.06933, 18.40955 ] } },
{ "type": "Feature", "properties": { "site_no": "50049620", "station": "QDA. MARGARITA AT CAPARRA INTER. NR GUAYNABO, PR", "begin": "2016-10-01", "end": "2026-08-19", "active": true, "network": "USGS NWIS", "url": "https://waterdata.usgs.gov/monitoring-location/50049620" }, "geometry": { "type": "Point", "coordinates": [ -66.10336, 18.41553 ] } },
{ "type": "Feature", "properties": { "site_no": "50051310", "station": "RIO CAYAGUAS AT CERRO GORDO, PR", "begin": "2016-10-01", "end": "2026-08-19", "active": true, "network": "USGS NWIS", "url": "https://waterdata.usgs.gov/monitoring-location/50051310" }, "geometry": { "type": "Point", "coordinates": [ -65.95671, 18.15386 ] } },
{ "type": "Feature", "properties": { "site_no": "50055225", "station": "RIO CAGUITAS AT VILLA BLANCA AT CAGUAS, PR", "begin": "2016-10-01", "end": "2026-08-19", "active": true, "network": "USGS NWIS", "url": "https://waterdata.usgs.gov/monitoring-location/50055225" }, "geometry": { "type": "Point", "coordinates": [ -66.02763, 18.2487 ] } },
{ "type": "Feature", "properties": { "site_no": "50056400", "station": "RIO VALENCIANO NR JUNCOS, PR", "begin": "2018-08-08", "end": "2026-08-19", "active": true, "network": "USGS NWIS", "url": "https://waterdata.usgs.gov/monitoring-location/50056400" }, "geometry": { "type": "Point", "coordinates": [ -65.92617, 18.21607 ] } },
{ "type": "Feature", "properties": { "site_no": "50059050", "station": "RIO GRANDE DE LOIZA BLW LOIZA DAMSITE, PR", "begin": "2018-06-05", "end": "2022-12-21", "active": false, "network": "USGS NWIS", "url": "https://waterdata.usgs.gov/monitoring-location/50059050" }, "geometry": { "type": "Point", "coordinates": [ -66.00598, 18.34227 ] } },
{ "type": "Feature", "properties": { "site_no": "50061800", "station": "RIO CANOVANAS NR CAMPO RICO, PR", "begin": "2018-08-14", "end": "2023-02-16", "active": false, "network": "USGS NWIS", "url": "https://waterdata.usgs.gov/monitoring-location/50061800" }, "geometry": { "type": "Point", "coordinates": [ -65.88891, 18.31848 ] } },
{ "type": "Feature", "properties": { "site_no": "50063800", "station": "RIO ESPIRITU SANTO NR RIO GRANDE, PR", "begin": "2017-10-18", "end": "2022-05-19", "active": false, "network": "USGS NWIS", "url": "https://waterdata.usgs.gov/monitoring-location/50063800" }, "geometry": { "type": "Point", "coordinates": [ -65.814, 18.35991 ] } },
{ "type": "Feature", "properties": { "site_no": "50064200", "station": "RIO GRANDE NR EL VERDE, PR", "begin": "2018-06-07", "end": "2022-11-15", "active": false, "network": "USGS NWIS", "url": "https://waterdata.usgs.gov/monitoring-location/50064200" }, "geometry": { "type": "Point", "coordinates": [ -65.84198, 18.34541 ] } },
{ "type": "Feature", "properties": { "site_no": "50070900", "station": "RIO FAJARDO AT PARAISO NR FAJARDO, PR", "begin": "2018-06-06", "end": "2022-11-21", "active": false, "network": "USGS NWIS", "url": "https://waterdata.usgs.gov/monitoring-location/50070900" }, "geometry": { "type": "Point", "coordinates": [ -65.70107, 18.28281 ] } },
{ "type": "Feature", "properties": { "site_no": "50072975", "station": "STORMWATER STATION AT NSRR CEIBA, PR", "begin": "2019-10-31", "end": "2026-08-19", "active": true, "network": "USGS NWIS", "url": "https://waterdata.usgs.gov/monitoring-location/50072975" }, "geometry": { "type": "Point", "coordinates": [ -65.62138, 18.23314 ] } },
{ "type": "Feature", "properties": { "site_no": "50075000", "station": "RIO ICACOS NR NAGUABO, PR", "begin": "2016-10-01", "end": "2025-07-14", "active": true, "network": "USGS NWIS", "url": "https://waterdata.usgs.gov/monitoring-location/50075000" }, "geometry": { "type": "Point", "coordinates": [ -65.78583, 18.27722 ] } },
{ "type": "Feature", "properties": { "site_no": "50075550", "station": "LAGO ICACOS AT DAMSITE, PR", "begin": "2018-09-28", "end": "2022-12-28", "active": false, "network": "USGS NWIS", "url": "https://waterdata.usgs.gov/monitoring-location/50075550" }, "geometry": { "type": "Point", "coordinates": [ -65.78499, 18.26368 ] } },
{ "type": "Feature", "properties": { "site_no": "50076800", "station": "LAGO BLANCO NEAR NAGUABO, PR", "begin": "2018-06-19", "end": "2022-10-18", "active": false, "network": "USGS NWIS", "url": "https://waterdata.usgs.gov/monitoring-location/50076800" }, "geometry": { "type": "Point", "coordinates": [ -65.78142, 18.22389 ] } },
{ "type": "Feature", "properties": { "site_no": "50083500", "station": "RIO GUAYANES NR YABUCOA, PR", "begin": "2018-04-09", "end": "2022-12-27", "active": false, "network": "USGS NWIS", "url": "https://waterdata.usgs.gov/monitoring-location/50083500" }, "geometry": { "type": "Point", "coordinates": [ -65.90111, 18.05889 ] } },
{ "type": "Feature", "properties": { "site_no": "50090500", "station": "RIO MAUNABO AT LIZAS, PR", "begin": "2018-02-09", "end": "2022-12-05", "active": false, "network": "USGS NWIS", "url": "https://waterdata.usgs.gov/monitoring-location/50090500" }, "geometry": { "type": "Point", "coordinates": [ -65.94, 18.02722 ] } },
{ "type": "Feature", "properties": { "site_no": "50092000", "station": "RIO GRANDE DE PATILLAS NR PATILLAS, PR", "begin": "2018-02-28", "end": "2022-10-19", "active": false, "network": "USGS NWIS", "url": "https://waterdata.usgs.gov/monitoring-location/50092000" }, "geometry": { "type": "Point", "coordinates": [ -66.0325, 18.03417 ] } },
{ "type": "Feature", "properties": { "site_no": "50093045", "station": "LAGO PATILLAS AT DAMSITE NEAR PATILLAS, PR", "begin": "2016-10-01", "end": "2026-08-19", "active": true, "network": "USGS NWIS", "url": "https://waterdata.usgs.gov/monitoring-location/50093045" }, "geometry": { "type": "Point", "coordinates": [ -66.0185, 18.01774 ] } },
{ "type": "Feature", "properties": { "site_no": "50095000", "station": "CANAL DE GUAMANI OESTE AT HWY 15 GUAYAMA, PR", "begin": "2018-06-05", "end": "2022-10-24", "active": false, "network": "USGS NWIS", "url": "https://waterdata.usgs.gov/monitoring-location/50095000" }, "geometry": { "type": "Point", "coordinates": [ -66.11556, 18.00306 ] } },
{ "type": "Feature", "properties": { "site_no": "50095800", "station": "LAGO MELANIA NEAR GUAYAMA, PR", "begin": "2017-06-08", "end": "2026-08-19", "active": true, "network": "USGS NWIS", "url": "https://waterdata.usgs.gov/monitoring-location/50095800" }, "geometry": { "type": "Point", "coordinates": [ -66.14528, 17.98139 ] } },
{ "type": "Feature", "properties": { "site_no": "50106100", "station": "RIO COAMO AT HWY 14 AT COAMO, PR", "begin": "2016-09-30", "end": "2026-08-19", "active": true, "network": "USGS NWIS", "url": "https://waterdata.usgs.gov/monitoring-location/50106100" }, "geometry": { "type": "Point", "coordinates": [ -66.35482, 18.08351 ] } },
{ "type": "Feature", "properties": { "site_no": "50106850", "station": "LAGO COAMO NR LOS LLANOS, PR", "begin": "2016-10-01", "end": "2026-08-19", "active": true, "network": "USGS NWIS", "url": "https://waterdata.usgs.gov/monitoring-location/50106850" }, "geometry": { "type": "Point", "coordinates": [ -66.38922, 18.01424 ] } },
{ "type": "Feature", "properties": { "site_no": "50111210", "station": "LAGO TOA VACA AT DAMSITE NEAR VILLALBA, PR", "begin": "2016-09-30", "end": "2026-08-19", "active": true, "network": "USGS NWIS", "url": "https://waterdata.usgs.gov/monitoring-location/50111210" }, "geometry": { "type": "Point", "coordinates": [ -66.48941, 18.10364 ] } },
{ "type": "Feature", "properties": { "site_no": "50111300", "station": "LAGO GUAYABAL AT DAMSITE NEAR JUANA DIAZ, PR", "begin": "2018-08-18", "end": "2022-10-25", "active": false, "network": "USGS NWIS", "url": "https://waterdata.usgs.gov/monitoring-location/50111300" }, "geometry": { "type": "Point", "coordinates": [ -66.50168, 18.08581 ] } },
{ "type": "Feature", "properties": { "site_no": "50111500", "station": "RIO JACAGUAS AT JUANA DIAZ, PR", "begin": "2018-06-05", "end": "2022-10-20", "active": false, "network": "USGS NWIS", "url": "https://waterdata.usgs.gov/monitoring-location/50111500" }, "geometry": { "type": "Point", "coordinates": [ -66.51103, 18.0543 ] } },
{ "type": "Feature", "properties": { "site_no": "50112500", "station": "RIO INABON AT REAL ABAJO, PR", "begin": "2017-10-13", "end": "2022-04-12", "active": false, "network": "USGS NWIS", "url": "https://waterdata.usgs.gov/monitoring-location/50112500" }, "geometry": { "type": "Point", "coordinates": [ -66.56307, 18.08648 ] } },
{ "type": "Feature", "properties": { "site_no": "50113800", "station": "RIO CERRILLOS ABV LAGO CERRILLOS NR PONCE, PR", "begin": "2018-02-12", "end": "2026-08-19", "active": true, "network": "USGS NWIS", "url": "https://waterdata.usgs.gov/monitoring-location/50113800" }, "geometry": { "type": "Point", "coordinates": [ -66.60489, 18.11679 ] } },
{ "type": "Feature", "properties": { "site_no": "50113950", "station": "LAGO CERRILLOS AT DAMSITE NR PONCE, PR", "begin": "2017-06-20", "end": "2026-08-19", "active": true, "network": "USGS NWIS", "url": "https://waterdata.usgs.gov/monitoring-location/50113950" }, "geometry": { "type": "Point", "coordinates": [ -66.57547, 18.07703 ] } },
{ "type": "Feature", "properties": { "site_no": "50114900", "station": "RIO PORTUGUES NR TIBES, PR", "begin": "2016-10-01", "end": "2026-08-19", "active": true, "network": "USGS NWIS", "url": "https://waterdata.usgs.gov/monitoring-location/50114900" }, "geometry": { "type": "Point", "coordinates": [ -66.64287, 18.09988 ] } },
{ "type": "Feature", "properties": { "site_no": "50115240", "station": "RIO PORTUGUES AT PARQUE CEREMONIAL TIBES NR PONCE", "begin": "2016-10-01", "end": "2026-08-19", "active": true, "network": "USGS NWIS", "url": "https://waterdata.usgs.gov/monitoring-location/50115240" }, "geometry": { "type": "Point", "coordinates": [ -66.62151, 18.04357 ] } },
{ "type": "Feature", "properties": { "site_no": "50124200", "station": "RIO GUAYANILLA NEAR GUAYANILLA, PR", "begin": "2018-06-07", "end": "2022-10-24", "active": false, "network": "USGS NWIS", "url": "https://waterdata.usgs.gov/monitoring-location/50124200" }, "geometry": { "type": "Point", "coordinates": [ -66.79816, 18.04424 ] } },
{ "type": "Feature", "properties": { "site_no": "50125780", "station": "LAGO LUCCHETTI AT DAMSITE NEAR YAUCO, PR", "begin": "2018-06-11", "end": "2022-10-30", "active": false, "network": "USGS NWIS", "url": "https://waterdata.usgs.gov/monitoring-location/50125780" }, "geometry": { "type": "Point", "coordinates": [ -66.86505, 18.09393 ] } },
{ "type": "Feature", "properties": { "site_no": "50126150", "station": "RIO YAUCO ABV DIVERSION MONSERRATE NR YAUCO, PR", "begin": "2016-10-21", "end": "2026-08-19", "active": true, "network": "USGS NWIS", "url": "https://waterdata.usgs.gov/monitoring-location/50126150" }, "geometry": { "type": "Point", "coordinates": [ -66.84186, 18.04919 ] } },
{ "type": "Feature", "properties": { "site_no": "50128900", "station": "LAGO LOCO AT DAMSITE NR YAUCO, PR", "begin": "2022-10-26", "end": "2026-08-19", "active": true, "network": "USGS NWIS", "url": "https://waterdata.usgs.gov/monitoring-location/50128900" }, "geometry": { "type": "Point", "coordinates": [ -66.88794, 18.04252 ] } },
{ "type": "Feature", "properties": { "site_no": "50136400", "station": "RIO ROSARIO NR HORMIGUEROS, PR", "begin": "2018-12-18", "end": "2022-10-26", "active": false, "network": "USGS NWIS", "url": "https://waterdata.usgs.gov/monitoring-location/50136400" }, "geometry": { "type": "Point", "coordinates": [ -67.08576, 18.16009 ] } },
{ "type": "Feature", "properties": { "site_no": "50138000", "station": "RIO GUANAJIBO NR HORMIGUEROS, PR", "begin": "2018-06-12", "end": "2022-11-03", "active": false, "network": "USGS NWIS", "url": "https://waterdata.usgs.gov/monitoring-location/50138000" }, "geometry": { "type": "Point", "coordinates": [ -67.14875, 18.14268 ] } },
{ "type": "Feature", "properties": { "site_no": "50144000", "station": "RIO GRANDE DE ANASCO NR SAN SEBASTIAN, PR", "begin": "2018-06-13", "end": "2022-11-23", "active": false, "network": "USGS NWIS", "url": "https://waterdata.usgs.gov/monitoring-location/50144000" }, "geometry": { "type": "Point", "coordinates": [ -67.05096, 18.28417 ] } },
{ "type": "Feature", "properties": { "site_no": "50146073", "station": "LAGO DAGUEY ABOVE ANASCO, PR", "begin": "2018-06-12", "end": "2022-11-16", "active": false, "network": "USGS NWIS", "url": "https://waterdata.usgs.gov/monitoring-location/50146073" }, "geometry": { "type": "Point", "coordinates": [ -67.12856, 18.30054 ] } },
{ "type": "Feature", "properties": { "site_no": "50147800", "station": "RIO CULEBRINAS AT HWY 404 NR MOCA, PR", "begin": "2018-10-25", "end": "2022-09-29", "active": false, "network": "USGS NWIS", "url": "https://waterdata.usgs.gov/monitoring-location/50147800" }, "geometry": { "type": "Point", "coordinates": [ -67.09254, 18.36174 ] } },
{ "type": "Feature", "properties": { "site_no": "50231500", "station": "LAGUNA BAHIA MOSQUITO NO.1 VIEQUES PR", "begin": "2018-02-07", "end": "2018-11-28", "active": false, "network": "USGS NWIS", "url": "https://waterdata.usgs.gov/monitoring-location/50231500" }, "geometry": { "type": "Point", "coordinates": [ -65.44588, 18.10233 ] } },
{ "type": "Feature", "properties": { "site_no": "50999954", "station": "QUEBRADA SALVATIERRA RAINGAGE, SAN LORENZO PR", "begin": "2019-04-09", "end": "2019-07-11", "active": false, "network": "USGS NWIS", "url": "https://waterdata.usgs.gov/monitoring-location/50999954" }, "geometry": { "type": "Point", "coordinates": [ -65.99794, 18.17746 ] } },
{ "type": "Feature", "properties": { "site_no": "50999956", "station": "QUEBRADA BLANCA RAINGAGE, SAN LORENZO PR", "begin": "2016-10-01", "end": "2026-08-19", "active": true, "network": "USGS NWIS", "url": "https://waterdata.usgs.gov/monitoring-location/50999956" }, "geometry": { "type": "Point", "coordinates": [ -65.9977, 18.1601 ] } },
{ "type": "Feature", "properties": { "site_no": "50999958", "station": "PUEBLITO DEL RIO RAINGAGE, LAS PIEDRAS PR", "begin": "2016-10-24", "end": "2026-08-19", "active": true, "network": "USGS NWIS", "url": "https://waterdata.usgs.gov/monitoring-location/50999958" }, "geometry": { "type": "Point", "coordinates": [ -65.83183, 18.24634 ] } },
{ "type": "Feature", "properties": { "site_no": "50999959", "station": "GURABO ABAJO RAINGAGE, GURABO PR", "begin": "2018-03-01", "end": "2026-08-19", "active": true, "network": "USGS NWIS", "url": "https://waterdata.usgs.gov/monitoring-location/50999959" }, "geometry": { "type": "Point", "coordinates": [ -65.91211, 18.26523 ] } },
{ "type": "Feature", "properties": { "site_no": "50999960", "station": "QUEBRADA ARENAS RAINGAGE, SAN LORENZO PR", "begin": "2016-10-01", "end": "2026-08-19", "active": true, "network": "USGS NWIS", "url": "https://waterdata.usgs.gov/monitoring-location/50999960" }, "geometry": { "type": "Point", "coordinates": [ -65.94694, 18.11389 ] } },
{ "type": "Feature", "properties": { "site_no": "50999961", "station": "LA PLAZA RAINGAGE, CAGUAS PR", "begin": "2016-10-01", "end": "2026-08-19", "active": true, "network": "USGS NWIS", "url": "https://waterdata.usgs.gov/monitoring-location/50999961" }, "geometry": { "type": "Point", "coordinates": [ -66.04961, 18.13357 ] } },
{ "type": "Feature", "properties": { "site_no": "50999962", "station": "CANABONCITO RAINGAGE, AGUAS BUENAS PR", "begin": "2016-10-01", "end": "2026-08-19", "active": true, "network": "USGS NWIS", "url": "https://waterdata.usgs.gov/monitoring-location/50999962" }, "geometry": { "type": "Point", "coordinates": [ -66.10656, 18.21273 ] } },
{ "type": "Feature", "properties": { "site_no": "50999963", "station": "JAGUEYES ABAJO RAINGAGE, AGUAS BUENAS PR", "begin": "2016-10-01", "end": "2026-08-19", "active": true, "network": "USGS NWIS", "url": "https://waterdata.usgs.gov/monitoring-location/50999963" }, "geometry": { "type": "Point", "coordinates": [ -66.07572, 18.28718 ] } },
{ "type": "Feature", "properties": { "site_no": "50999964", "station": "BAIROA ARRIBA RAINGAGE, AGUAS BUENAS PR", "begin": "2016-10-01", "end": "2026-08-19", "active": true, "network": "USGS NWIS", "url": "https://waterdata.usgs.gov/monitoring-location/50999964" }, "geometry": { "type": "Point", "coordinates": [ -66.09544, 18.26384 ] } },
{ "type": "Feature", "properties": { "site_no": "50999965", "station": "VAQUERIA EL MIMO RAINGAGE, CAGUAS PR", "begin": "2016-09-30", "end": "2026-08-19", "active": true, "network": "USGS NWIS", "url": "https://waterdata.usgs.gov/monitoring-location/50999965" }, "geometry": { "type": "Point", "coordinates": [ -66.06656, 18.21163 ] } },
{ "type": "Feature", "properties": { "site_no": "50999966", "station": "BO. BEATRIZ RAINGAGE, CAGUAS PR", "begin": "2016-10-01", "end": "2026-08-19", "active": true, "network": "USGS NWIS", "url": "https://waterdata.usgs.gov/monitoring-location/50999966" }, "geometry": { "type": "Point", "coordinates": [ -66.08905, 18.18135 ] } },
{ "type": "Feature", "properties": { "site_no": "50999967", "station": "BO. MONTONES RAINGAGE, LAS PIEDRAS PR", "begin": "2016-10-01", "end": "2026-08-19", "active": true, "network": "USGS NWIS", "url": "https://waterdata.usgs.gov/monitoring-location/50999967" }, "geometry": { "type": "Point", "coordinates": [ -65.91044, 18.16135 ] } },
{ "type": "Feature", "properties": { "site_no": "50999968", "station": "LAS PIEDRAS CONSTRUCTION RAINGAGE, LAS PIEDRAS, PR", "begin": "2017-06-09", "end": "2026-08-19", "active": true, "network": "USGS NWIS", "url": "https://waterdata.usgs.gov/monitoring-location/50999968" }, "geometry": { "type": "Point", "coordinates": [ -65.84084, 18.20222 ] } },
{ "type": "Feature", "properties": { "site_no": "50999970", "station": "BO. APEADERO RAINGAGE NR VILLALBA, PR", "begin": "2016-10-01", "end": "2026-08-19", "active": true, "network": "USGS NWIS", "url": "https://waterdata.usgs.gov/monitoring-location/50999970" }, "geometry": { "type": "Point", "coordinates": [ -66.45906, 18.15663 ] } },
{ "type": "Feature", "properties": { "site_no": "RQ1PRAB0001", "station": "Aguas Buenas 2.4 W", "begin": "<NA>", "end": "2020", "active": false, "network": "GHCN Daily", "url": "https://www.ncei.noaa.gov/cdo-web/datasets/GHCND/stations/GHCND:RQ1PRAB0001/detail" }, "geometry": { "type": "Point", "coordinates": [ -66.1416, 18.2608 ] } },
{ "type": "Feature", "properties": { "site_no": "RQ1PRAB0003", "station": "Aguas Buenas 1.2 Wnw", "begin": "<NA>", "end": "2026", "active": true, "network": "GHCN Daily", "url": "https://www.ncei.noaa.gov/cdo-web/datasets/GHCND/stations/GHCND:RQ1PRAB0003/detail" }, "geometry": { "type": "Point", "coordinates": [ -66.1211, 18.2686 ] } },
{ "type": "Feature", "properties": { "site_no": "RQ1PRAB0004", "station": "Aguas Buenas 3.8 Ssw", "begin": "<NA>", "end": "2026", "active": true, "network": "GHCN Daily", "url": "https://www.ncei.noaa.gov/cdo-web/datasets/GHCND/stations/GHCND:RQ1PRAB0004/detail" }, "geometry": { "type": "Point", "coordinates": [ -66.1368, 18.2133 ] } },
{ "type": "Feature", "properties": { "site_no": "RQ1PRAB0006", "station": "Aguas Buenas 3.1 Wnw", "begin": "<NA>", "end": "2026", "active": true, "network": "GHCN Daily", "url": "https://www.ncei.noaa.gov/cdo-web/datasets/GHCND/stations/GHCND:RQ1PRAB0006/detail" }, "geometry": { "type": "Point", "coordinates": [ -66.1489, 18.2756 ] } },
{ "type": "Feature", "properties": { "site_no": "RQ1PRAB0007", "station": "Aguas Buenas 2.9 Sw", "begin": "<NA>", "end": "2026", "active": true, "network": "GHCN Daily", "url": "https://www.ncei.noaa.gov/cdo-web/datasets/GHCND/stations/GHCND:RQ1PRAB0007/detail" }, "geometry": { "type": "Point", "coordinates": [ -66.1362, 18.2288 ] } },
{ "type": "Feature", "properties": { "site_no": "RQ1PRAC0001", "station": "Arecibo 5.2 Ese", "begin": "<NA>", "end": "2026", "active": true, "network": "GHCN Daily", "url": "https://www.ncei.noaa.gov/cdo-web/datasets/GHCND/stations/GHCND:RQ1PRAC0001/detail" }, "geometry": { "type": "Point", "coordinates": [ -66.6589, 18.4414 ] } },
{ "type": "Feature", "properties": { "site_no": "RQ1PRAC0002", "station": "Cuchi 0.3 Ene", "begin": "<NA>", "end": "2017", "active": false, "network": "GHCN Daily", "url": "https://www.ncei.noaa.gov/cdo-web/datasets/GHCND/stations/GHCND:RQ1PRAC0002/detail" }, "geometry": { "type": "Point", "coordinates": [ -66.7603, 18.4071 ] } },
{ "type": "Feature", "properties": { "site_no": "RQ1PRAC0003", "station": "Sabana Hoyos", "begin": "<NA>", "end": "2024", "active": true, "network": "GHCN Daily", "url": "https://www.ncei.noaa.gov/cdo-web/datasets/GHCND/stations/GHCND:RQ1PRAC0003/detail" }, "geometry": { "type": "Point", "coordinates": [ -66.5326, 18.3685 ] } },
{ "type": "Feature", "properties": { "site_no": "RQ1PRAL0002", "station": "Aguadilla 2.7 Nne", "begin": "<NA>", "end": "2016", "active": false, "network": "GHCN Daily", "url": "https://www.ncei.noaa.gov/cdo-web/datasets/GHCND/stations/GHCND:RQ1PRAL0002/detail" }, "geometry": { "type": "Point", "coordinates": [ -67.1437, 18.4774 ] } },
{ "type": "Feature", "properties": { "site_no": "RQ1PRAL0003", "station": "Aguadilla 5.5 Nne", "begin": "<NA>", "end": "2026", "active": true, "network": "GHCN Daily", "url": "https://www.ncei.noaa.gov/cdo-web/datasets/GHCND/stations/GHCND:RQ1PRAL0003/detail" }, "geometry": { "type": "Point", "coordinates": [ -67.1124, 18.5083 ] } },
{ "type": "Feature", "properties": { "site_no": "RQ1PRAL0005", "station": "Aguadilla 0.6 Ne", "begin": "<NA>", "end": "2020", "active": false, "network": "GHCN Daily", "url": "https://www.ncei.noaa.gov/cdo-web/datasets/GHCND/stations/GHCND:RQ1PRAL0005/detail" }, "geometry": { "type": "Point", "coordinates": [ -67.1488, 18.4468 ] } },
{ "type": "Feature", "properties": { "site_no": "RQ1PRAN0002", "station": "Anasco 0.5 Ssw", "begin": "<NA>", "end": "2015", "active": false, "network": "GHCN Daily", "url": "https://www.ncei.noaa.gov/cdo-web/datasets/GHCND/stations/GHCND:RQ1PRAN0002/detail" }, "geometry": { "type": "Point", "coordinates": [ -67.1431, 18.2815 ] } },
{ "type": "Feature", "properties": { "site_no": "RQ1PRBY0001", "station": "Finca La Loma", "begin": "<NA>", "end": "2026", "active": true, "network": "GHCN Daily", "url": "https://www.ncei.noaa.gov/cdo-web/datasets/GHCND/stations/GHCND:RQ1PRBY0001/detail" }, "geometry": { "type": "Point", "coordinates": [ -66.1559, 18.3148 ] } },
{ "type": "Feature", "properties": { "site_no": "RQ1PRBY0002", "station": "Bayamon 3.9 Sse", "begin": "<NA>", "end": "2026", "active": true, "network": "GHCN Daily", "url": "https://www.ncei.noaa.gov/cdo-web/datasets/GHCND/stations/GHCND:RQ1PRBY0002/detail" }, "geometry": { "type": "Point", "coordinates": [ -66.1441, 18.3286 ] } },
{ "type": "Feature", "properties": { "site_no": "RQ1PRBY0003", "station": "Bayamon 1.7 Wnw", "begin": "<NA>", "end": "2026", "active": true, "network": "GHCN Daily", "url": "https://www.ncei.noaa.gov/cdo-web/datasets/GHCND/stations/GHCND:RQ1PRBY0003/detail" }, "geometry": { "type": "Point", "coordinates": [ -66.1863, 18.3924 ] } },
{ "type": "Feature", "properties": { "site_no": "RQ1PRBY0004", "station": "Bayamon 1.8 Nne", "begin": "<NA>", "end": "2026", "active": true, "network": "GHCN Daily", "url": "https://www.ncei.noaa.gov/cdo-web/datasets/GHCND/stations/GHCND:RQ1PRBY0004/detail" }, "geometry": { "type": "Point", "coordinates": [ -66.1576, 18.4073 ] } },
{ "type": "Feature", "properties": { "site_no": "RQ1PRCE0001", "station": "Aguas Claras 1.5 Wnw", "begin": "<NA>", "end": "2026", "active": true, "network": "GHCN Daily", "url": "https://www.ncei.noaa.gov/cdo-web/datasets/GHCND/stations/GHCND:RQ1PRCE0001/detail" }, "geometry": { "type": "Point", "coordinates": [ -65.6879, 18.2551 ] } },
{ "type": "Feature", "properties": { "site_no": "RQ1PRCG0001", "station": "Caguas 1.1 Wsw", "begin": "<NA>", "end": "2018", "active": false, "network": "GHCN Daily", "url": "https://www.ncei.noaa.gov/cdo-web/datasets/GHCND/stations/GHCND:RQ1PRCG0001/detail" }, "geometry": { "type": "Point", "coordinates": [ -66.0543, 18.2273 ] } },
{ "type": "Feature", "properties": { "site_no": "RQ1PRCG0002", "station": "Caguas 1.4 Sw", "begin": "<NA>", "end": "2017", "active": false, "network": "GHCN Daily", "url": "https://www.ncei.noaa.gov/cdo-web/datasets/GHCND/stations/GHCND:RQ1PRCG0002/detail" }, "geometry": { "type": "Point", "coordinates": [ -66.0567, 18.2223 ] } },
{ "type": "Feature", "properties": { "site_no": "RQ1PRCG0003", "station": "Caguas 2.2 Nnw", "begin": "<NA>", "end": "2026", "active": true, "network": "GHCN Daily", "url": "https://www.ncei.noaa.gov/cdo-web/datasets/GHCND/stations/GHCND:RQ1PRCG0003/detail" }, "geometry": { "type": "Point", "coordinates": [ -66.0501, 18.2647 ] } },
{ "type": "Feature", "properties": { "site_no": "RQ1PRCL0001", "station": "Carolina 1.5 Ssw", "begin": "<NA>", "end": "2016", "active": false, "network": "GHCN Daily", "url": "https://www.ncei.noaa.gov/cdo-web/datasets/GHCND/stations/GHCND:RQ1PRCL0001/detail" }, "geometry": { "type": "Point", "coordinates": [ -65.9976, 18.3871 ] } },
{ "type": "Feature", "properties": { "site_no": "RQ1PRCL0006", "station": "Carolina 1.7 Nnw", "begin": "<NA>", "end": "2026", "active": true, "network": "GHCN Daily", "url": "https://www.ncei.noaa.gov/cdo-web/datasets/GHCND/stations/GHCND:RQ1PRCL0006/detail" }, "geometry": { "type": "Point", "coordinates": [ -65.9918, 18.4311 ] } },
{ "type": "Feature", "properties": { "site_no": "RQ1PRCL0007", "station": "Campo Rico 1.3 Sw", "begin": "<NA>", "end": "2026", "active": true, "network": "GHCN Daily", "url": "https://www.ncei.noaa.gov/cdo-web/datasets/GHCND/stations/GHCND:RQ1PRCL0007/detail" }, "geometry": { "type": "Point", "coordinates": [ -65.9135, 18.3265 ] } },
{ "type": "Feature", "properties": { "site_no": "RQ1PRCR0001", "station": "Cabo Rojo 0.8 Se", "begin": "<NA>", "end": "2024", "active": true, "network": "GHCN Daily", "url": "https://www.ncei.noaa.gov/cdo-web/datasets/GHCND/stations/GHCND:RQ1PRCR0001/detail" }, "geometry": { "type": "Point", "coordinates": [ -67.1394, 18.0813 ] } },
{ "type": "Feature", "properties": { "site_no": "RQ1PRCR0004", "station": "Cabo Rojo 1.1 Ene", "begin": "<NA>", "end": "2026", "active": true, "network": "GHCN Daily", "url": "https://www.ncei.noaa.gov/cdo-web/datasets/GHCND/stations/GHCND:RQ1PRCR0004/detail" }, "geometry": { "type": "Point", "coordinates": [ -67.134, 18.095 ] } },
{ "type": "Feature", "properties": { "site_no": "RQ1PRCR0008", "station": "Cabo Rojo 7.0 S", "begin": "<NA>", "end": "2026", "active": true, "network": "GHCN Daily", "url": "https://www.ncei.noaa.gov/cdo-web/datasets/GHCND/stations/GHCND:RQ1PRCR0008/detail" }, "geometry": { "type": "Point", "coordinates": [ -67.1566, 17.9874 ] } },
{ "type": "Feature", "properties": { "site_no": "RQ1PRCR0010", "station": "Betances 0.2 S", "begin": "<NA>", "end": "2026", "active": true, "network": "GHCN Daily", "url": "https://www.ncei.noaa.gov/cdo-web/datasets/GHCND/stations/GHCND:RQ1PRCR0010/detail" }, "geometry": { "type": "Point", "coordinates": [ -67.1335, 18.0289 ] } },
{ "type": "Feature", "properties": { "site_no": "RQ1PRCR0011", "station": "Cabo Rojo 4.5 Sse", "begin": "<NA>", "end": "2025", "active": true, "network": "GHCN Daily", "url": "https://www.ncei.noaa.gov/cdo-web/datasets/GHCND/stations/GHCND:RQ1PRCR0011/detail" }, "geometry": { "type": "Point", "coordinates": [ -67.1238, 18.0281 ] } },
{ "type": "Feature", "properties": { "site_no": "RQ1PRCR0012", "station": "Cabo Rojo 2.5 Se", "begin": "<NA>", "end": "2025", "active": true, "network": "GHCN Daily", "url": "https://www.ncei.noaa.gov/cdo-web/datasets/GHCND/stations/GHCND:RQ1PRCR0012/detail" }, "geometry": { "type": "Point", "coordinates": [ -67.1236, 18.0613 ] } },
{ "type": "Feature", "properties": { "site_no": "RQ1PRCR0013", "station": "Cabo Rojo 3.9 S", "begin": "<NA>", "end": "2026", "active": true, "network": "GHCN Daily", "url": "https://www.ncei.noaa.gov/cdo-web/datasets/GHCND/stations/GHCND:RQ1PRCR0013/detail" }, "geometry": { "type": "Point", "coordinates": [ -67.1481, 18.0318 ] } },
{ "type": "Feature", "properties": { "site_no": "RQ1PRCS0001", "station": "Ciales 0.1 N", "begin": "<NA>", "end": "2020", "active": false, "network": "GHCN Daily", "url": "https://www.ncei.noaa.gov/cdo-web/datasets/GHCND/stations/GHCND:RQ1PRCS0001/detail" }, "geometry": { "type": "Point", "coordinates": [ -66.4706, 18.338 ] } },
{ "type": "Feature", "properties": { "site_no": "RQ1PRCV0002", "station": "Canovanas 6.5 S", "begin": "<NA>", "end": "2026", "active": true, "network": "GHCN Daily", "url": "https://www.ncei.noaa.gov/cdo-web/datasets/GHCND/stations/GHCND:RQ1PRCV0002/detail" }, "geometry": { "type": "Point", "coordinates": [ -65.9015, 18.2857 ] } },
{ "type": "Feature", "properties": { "site_no": "RQ1PRCY0001", "station": "Cayey 1.6 Ne", "begin": "<NA>", "end": "2016", "active": false, "network": "GHCN Daily", "url": "https://www.ncei.noaa.gov/cdo-web/datasets/GHCND/stations/GHCND:RQ1PRCY0001/detail" }, "geometry": { "type": "Point", "coordinates": [ -66.1452, 18.1333 ] } },
{ "type": "Feature", "properties": { "site_no": "RQ1PRFJ0002", "station": "Fajardo 0.4 Ne", "begin": "<NA>", "end": "2017", "active": false, "network": "GHCN Daily", "url": "https://www.ncei.noaa.gov/cdo-web/datasets/GHCND/stations/GHCND:RQ1PRFJ0002/detail" }, "geometry": { "type": "Point", "coordinates": [ -65.6549, 18.3394 ] } },
{ "type": "Feature", "properties": { "site_no": "RQ1PRFJ0004", "station": "Fajardo 1.9 Ssw", "begin": "<NA>", "end": "2020", "active": false, "network": "GHCN Daily", "url": "https://www.ncei.noaa.gov/cdo-web/datasets/GHCND/stations/GHCND:RQ1PRFJ0004/detail" }, "geometry": { "type": "Point", "coordinates": [ -65.6702, 18.3091 ] } },
{ "type": "Feature", "properties": { "site_no": "RQ1PRFJ0005", "station": "Fajardo 1.1 S", "begin": "<NA>", "end": "2026", "active": true, "network": "GHCN Daily", "url": "https://www.ncei.noaa.gov/cdo-web/datasets/GHCND/stations/GHCND:RQ1PRFJ0005/detail" }, "geometry": { "type": "Point", "coordinates": [ -65.6606, 18.3188 ] } },
{ "type": "Feature", "properties": { "site_no": "RQ1PRFJ0006", "station": "Fajardo 1.9 Ssw", "begin": "<NA>", "end": "2025", "active": true, "network": "GHCN Daily", "url": "https://www.ncei.noaa.gov/cdo-web/datasets/GHCND/stations/GHCND:RQ1PRFJ0006/detail" }, "geometry": { "type": "Point", "coordinates": [ -65.6702, 18.309 ] } },
{ "type": "Feature", "properties": { "site_no": "RQ1PRGB0002", "station": "La Marquesa 6.5 S", "begin": "<NA>", "end": "2017", "active": false, "network": "GHCN Daily", "url": "https://www.ncei.noaa.gov/cdo-web/datasets/GHCND/stations/GHCND:RQ1PRGB0002/detail" }, "geometry": { "type": "Point", "coordinates": [ -66.1163, 18.2921 ] } },
{ "type": "Feature", "properties": { "site_no": "RQ1PRGB0003", "station": "Guaraguao 5.8 S", "begin": "<NA>", "end": "2015", "active": false, "network": "GHCN Daily", "url": "https://www.ncei.noaa.gov/cdo-web/datasets/GHCND/stations/GHCND:RQ1PRGB0003/detail" }, "geometry": { "type": "Point", "coordinates": [ -66.1313, 18.3042 ] } },
{ "type": "Feature", "properties": { "site_no": "RQ1PRGB0005", "station": "Bayamon 4.4 S", "begin": "<NA>", "end": "2020", "active": false, "network": "GHCN Daily", "url": "https://www.ncei.noaa.gov/cdo-web/datasets/GHCND/stations/GHCND:RQ1PRGB0005/detail" }, "geometry": { "type": "Point", "coordinates": [ -66.1582, 18.3173 ] } },
{ "type": "Feature", "properties": { "site_no": "RQ1PRGC0002", "station": "Guanica 0.9 Wnw", "begin": "<NA>", "end": "2025", "active": true, "network": "GHCN Daily", "url": "https://www.ncei.noaa.gov/cdo-web/datasets/GHCND/stations/GHCND:RQ1PRGC0002/detail" }, "geometry": { "type": "Point", "coordinates": [ -66.944, 17.974 ] } },
{ "type": "Feature", "properties": { "site_no": "RQ1PRGC0003", "station": "Guanica 2.3 Ene", "begin": "<NA>", "end": "2025", "active": true, "network": "GHCN Daily", "url": "https://www.ncei.noaa.gov/cdo-web/datasets/GHCND/stations/GHCND:RQ1PRGC0003/detail" }, "geometry": { "type": "Point", "coordinates": [ -66.8969, 17.9809 ] } },
{ "type": "Feature", "properties": { "site_no": "RQ1PRGM0002", "station": "Guayama 1.1 W", "begin": "<NA>", "end": "2026", "active": true, "network": "GHCN Daily", "url": "https://www.ncei.noaa.gov/cdo-web/datasets/GHCND/stations/GHCND:RQ1PRGM0002/detail" }, "geometry": { "type": "Point", "coordinates": [ -66.1277, 17.98 ] } },
{ "type": "Feature", "properties": { "site_no": "RQ1PRGM0003", "station": "Guayama 0.8 E", "begin": "<NA>", "end": "2024", "active": true, "network": "GHCN Daily", "url": "https://www.ncei.noaa.gov/cdo-web/datasets/GHCND/stations/GHCND:RQ1PRGM0003/detail" }, "geometry": { "type": "Point", "coordinates": [ -66.0995, 17.9764 ] } },
{ "type": "Feature", "properties": { "site_no": "RQ1PRHM0001", "station": "Humacao 0.9 Se", "begin": "<NA>", "end": "2015", "active": false, "network": "GHCN Daily", "url": "https://www.ncei.noaa.gov/cdo-web/datasets/GHCND/stations/GHCND:RQ1PRHM0001/detail" }, "geometry": { "type": "Point", "coordinates": [ -65.8093, 18.1456 ] } },
{ "type": "Feature", "properties": { "site_no": "RQ1PRHM0002", "station": "Finca Aponte", "begin": "<NA>", "end": "2025", "active": true, "network": "GHCN Daily", "url": "https://www.ncei.noaa.gov/cdo-web/datasets/GHCND/stations/GHCND:RQ1PRHM0002/detail" }, "geometry": { "type": "Point", "coordinates": [ -65.8234, 18.1515 ] } },
{ "type": "Feature", "properties": { "site_no": "RQ1PRHR0001", "station": "Hormigueros 1.8 Ene", "begin": "<NA>", "end": "2026", "active": true, "network": "GHCN Daily", "url": "https://www.ncei.noaa.gov/cdo-web/datasets/GHCND/stations/GHCND:RQ1PRHR0001/detail" }, "geometry": { "type": "Point", "coordinates": [ -67.0977, 18.1585 ] } },
{ "type": "Feature", "properties": { "site_no": "RQ1PRHT0001", "station": "Hatillo 1.1 Ese", "begin": "<NA>", "end": "2020", "active": false, "network": "GHCN Daily", "url": "https://www.ncei.noaa.gov/cdo-web/datasets/GHCND/stations/GHCND:RQ1PRHT0001/detail" }, "geometry": { "type": "Point", "coordinates": [ -66.808, 18.481 ] } },
{ "type": "Feature", "properties": { "site_no": "RQ1PRHT0003", "station": "Hatillo 0.2 Ese", "begin": "<NA>", "end": "2022", "active": false, "network": "GHCN Daily", "url": "https://www.ncei.noaa.gov/cdo-web/datasets/GHCND/stations/GHCND:RQ1PRHT0003/detail" }, "geometry": { "type": "Point", "coordinates": [ -66.8211, 18.4867 ] } },
{ "type": "Feature", "properties": { "site_no": "RQ1PRIS0001", "station": "Isabela 2.9 Ssw", "begin": "<NA>", "end": "2015", "active": false, "network": "GHCN Daily", "url": "https://www.ncei.noaa.gov/cdo-web/datasets/GHCND/stations/GHCND:RQ1PRIS0001/detail" }, "geometry": { "type": "Point", "coordinates": [ -67.0336, 18.4654 ] } },
{ "type": "Feature", "properties": { "site_no": "RQ1PRIS0002", "station": "Isabela 0.6 S", "begin": "<NA>", "end": "2022", "active": false, "network": "GHCN Daily", "url": "https://www.ncei.noaa.gov/cdo-web/datasets/GHCND/stations/GHCND:RQ1PRIS0002/detail" }, "geometry": { "type": "Point", "coordinates": [ -67.0191, 18.4962 ] } },
{ "type": "Feature", "properties": { "site_no": "RQ1PRJD0002", "station": "Juana Diaz 2.9 Sw", "begin": "<NA>", "end": "2026", "active": true, "network": "GHCN Daily", "url": "https://www.ncei.noaa.gov/cdo-web/datasets/GHCND/stations/GHCND:RQ1PRJD0002/detail" }, "geometry": { "type": "Point", "coordinates": [ -66.5383, 18.0281 ] } },
{ "type": "Feature", "properties": { "site_no": "RQ1PRJN0001", "station": "Juncos 0.3 Wsw", "begin": "<NA>", "end": "2026", "active": true, "network": "GHCN Daily", "url": "https://www.ncei.noaa.gov/cdo-web/datasets/GHCND/stations/GHCND:RQ1PRJN0001/detail" }, "geometry": { "type": "Point", "coordinates": [ -65.9161, 18.2228 ] } },
{ "type": "Feature", "properties": { "site_no": "RQ1PRJY0001", "station": "Jayuya 3.1 Sse", "begin": "<NA>", "end": "2026", "active": true, "network": "GHCN Daily", "url": "https://www.ncei.noaa.gov/cdo-web/datasets/GHCND/stations/GHCND:RQ1PRJY0001/detail" }, "geometry": { "type": "Point", "coordinates": [ -66.5826, 18.1782 ] } },
{ "type": "Feature", "properties": { "site_no": "RQ1PRLJ0001", "station": "Lajas 0.7 Se", "begin": "<NA>", "end": "2018", "active": false, "network": "GHCN Daily", "url": "https://www.ncei.noaa.gov/cdo-web/datasets/GHCND/stations/GHCND:RQ1PRLJ0001/detail" }, "geometry": { "type": "Point", "coordinates": [ -67.0533, 18.0383 ] } },
{ "type": "Feature", "properties": { "site_no": "RQ1PRLJ0002", "station": "Lajas 2.2 E", "begin": "<NA>", "end": "2026", "active": true, "network": "GHCN Daily", "url": "https://www.ncei.noaa.gov/cdo-web/datasets/GHCND/stations/GHCND:RQ1PRLJ0002/detail" }, "geometry": { "type": "Point", "coordinates": [ -67.0276, 18.0424 ] } },
{ "type": "Feature", "properties": { "site_no": "RQ1PRLJ0004", "station": "Lajas 3.3 Sse", "begin": "<NA>", "end": "2026", "active": true, "network": "GHCN Daily", "url": "https://www.ncei.noaa.gov/cdo-web/datasets/GHCND/stations/GHCND:RQ1PRLJ0004/detail" }, "geometry": { "type": "Point", "coordinates": [ -67.0428, 18.0022 ] } },
{ "type": "Feature", "properties": { "site_no": "RQ1PRLJ0007", "station": "Lajas 1.2 Sw", "begin": "<NA>", "end": "2026", "active": true, "network": "GHCN Daily", "url": "https://www.ncei.noaa.gov/cdo-web/datasets/GHCND/stations/GHCND:RQ1PRLJ0007/detail" }, "geometry": { "type": "Point", "coordinates": [ -67.0734, 18.0333 ] } },
{ "type": "Feature", "properties": { "site_no": "RQ1PRLM0001", "station": "Las Marias 9.6 Ese", "begin": "<NA>", "end": "2026", "active": true, "network": "GHCN Daily", "url": "https://www.ncei.noaa.gov/cdo-web/datasets/GHCND/stations/GHCND:RQ1PRLM0001/detail" }, "geometry": { "type": "Point", "coordinates": [ -67.0035, 18.2563 ] } },
{ "type": "Feature", "properties": { "site_no": "RQ1PRLP0001", "station": "Las Piedras 1.9 Wnw", "begin": "<NA>", "end": "2026", "active": true, "network": "GHCN Daily", "url": "https://www.ncei.noaa.gov/cdo-web/datasets/GHCND/stations/GHCND:RQ1PRLP0001/detail" }, "geometry": { "type": "Point", "coordinates": [ -65.8981, 18.1898 ] } },
{ "type": "Feature", "properties": { "site_no": "RQ1PRLP0002", "station": "Las Piedras 1.8 Ene", "begin": "<NA>", "end": "2026", "active": true, "network": "GHCN Daily", "url": "https://www.ncei.noaa.gov/cdo-web/datasets/GHCND/stations/GHCND:RQ1PRLP0002/detail" }, "geometry": { "type": "Point", "coordinates": [ -65.843, 18.1881 ] } },
{ "type": "Feature", "properties": { "site_no": "RQ1PRLP0003", "station": "Las Piedras 4.3 Sw", "begin": "<NA>", "end": "2026", "active": true, "network": "GHCN Daily", "url": "https://www.ncei.noaa.gov/cdo-web/datasets/GHCND/stations/GHCND:RQ1PRLP0003/detail" }, "geometry": { "type": "Point", "coordinates": [ -65.9199, 18.1414 ] } },
{ "type": "Feature", "properties": { "site_no": "RQ1PRLQ0001", "station": "Luquillo 2.5 Se", "begin": "<NA>", "end": "2015", "active": false, "network": "GHCN Daily", "url": "https://www.ncei.noaa.gov/cdo-web/datasets/GHCND/stations/GHCND:RQ1PRLQ0001/detail" }, "geometry": { "type": "Point", "coordinates": [ -65.6924, 18.3537 ] } },
{ "type": "Feature", "properties": { "site_no": "RQ1PRLQ0002", "station": "Luquillo 2.7 Sse", "begin": "<NA>", "end": "2021", "active": false, "network": "GHCN Daily", "url": "https://www.ncei.noaa.gov/cdo-web/datasets/GHCND/stations/GHCND:RQ1PRLQ0002/detail" }, "geometry": { "type": "Point", "coordinates": [ -65.7029, 18.3426 ] } },
{ "type": "Feature", "properties": { "site_no": "RQ1PRLQ0003", "station": "Luquillo 3.0 S", "begin": "<NA>", "end": "2022", "active": false, "network": "GHCN Daily", "url": "https://www.ncei.noaa.gov/cdo-web/datasets/GHCND/stations/GHCND:RQ1PRLQ0003/detail" }, "geometry": { "type": "Point", "coordinates": [ -65.7172, 18.3336 ] } },
{ "type": "Feature", "properties": { "site_no": "RQ1PRLQ0006", "station": "Luquillo 0.2 Sse", "begin": "<NA>", "end": "2024", "active": true, "network": "GHCN Daily", "url": "https://www.ncei.noaa.gov/cdo-web/datasets/GHCND/stations/GHCND:RQ1PRLQ0006/detail" }, "geometry": { "type": "Point", "coordinates": [ -65.7414, 18.3798 ] } },
{ "type": "Feature", "properties": { "site_no": "RQ1PRLQ0007", "station": "Luquillo 3.1 S", "begin": "<NA>", "end": "2026", "active": true, "network": "GHCN Daily", "url": "https://www.ncei.noaa.gov/cdo-web/datasets/GHCND/stations/GHCND:RQ1PRLQ0007/detail" }, "geometry": { "type": "Point", "coordinates": [ -65.7172, 18.3335 ] } },
{ "type": "Feature", "properties": { "site_no": "RQ1PRLR0002", "station": "Lares 1.6 Ssw", "begin": "<NA>", "end": "2026", "active": true, "network": "GHCN Daily", "url": "https://www.ncei.noaa.gov/cdo-web/datasets/GHCND/stations/GHCND:RQ1PRLR0002/detail" }, "geometry": { "type": "Point", "coordinates": [ -66.888, 18.2733 ] } },
{ "type": "Feature", "properties": { "site_no": "RQ1PRLR0003", "station": "Lares 0.5 Sw", "begin": "<NA>", "end": "2026", "active": true, "network": "GHCN Daily", "url": "https://www.ncei.noaa.gov/cdo-web/datasets/GHCND/stations/GHCND:RQ1PRLR0003/detail" }, "geometry": { "type": "Point", "coordinates": [ -66.8878, 18.2919 ] } },
{ "type": "Feature", "properties": { "site_no": "RQ1PRLR0004", "station": "Lares 4.1 Ese", "begin": "<NA>", "end": "2018", "active": false, "network": "GHCN Daily", "url": "https://www.ncei.noaa.gov/cdo-web/datasets/GHCND/stations/GHCND:RQ1PRLR0004/detail" }, "geometry": { "type": "Point", "coordinates": [ -66.8274, 18.2667 ] } },
{ "type": "Feature", "properties": { "site_no": "RQ1PRLR0005", "station": "Lares 2.0 Nne", "begin": "<NA>", "end": "2026", "active": true, "network": "GHCN Daily", "url": "https://www.ncei.noaa.gov/cdo-web/datasets/GHCND/stations/GHCND:RQ1PRLR0005/detail" }, "geometry": { "type": "Point", "coordinates": [ -66.8693, 18.3225 ] } },
{ "type": "Feature", "properties": { "site_no": "RQ1PRMC0001", "station": "Moca 0.3 S", "begin": "<NA>", "end": "2026", "active": true, "network": "GHCN Daily", "url": "https://www.ncei.noaa.gov/cdo-web/datasets/GHCND/stations/GHCND:RQ1PRMC0001/detail" }, "geometry": { "type": "Point", "coordinates": [ -67.1069, 18.3932 ] } },
{ "type": "Feature", "properties": { "site_no": "RQ1PRMT0003", "station": "Manati 1.0 S", "begin": "<NA>", "end": "2026", "active": true, "network": "GHCN Daily", "url": "https://www.ncei.noaa.gov/cdo-web/datasets/GHCND/stations/GHCND:RQ1PRMT0003/detail" }, "geometry": { "type": "Point", "coordinates": [ -66.4869, 18.4165 ] } },
{ "type": "Feature", "properties": { "site_no": "RQ1PRMY0003", "station": "Mayaguez 1.7 Ne", "begin": "<NA>", "end": "2014", "active": false, "network": "GHCN Daily", "url": "https://www.ncei.noaa.gov/cdo-web/datasets/GHCND/stations/GHCND:RQ1PRMY0003/detail" }, "geometry": { "type": "Point", "coordinates": [ -67.1274, 18.2222 ] } },
{ "type": "Feature", "properties": { "site_no": "RQ1PRMY0005", "station": "Mayaguez Arriba", "begin": "<NA>", "end": "2026", "active": true, "network": "GHCN Daily", "url": "https://www.ncei.noaa.gov/cdo-web/datasets/GHCND/stations/GHCND:RQ1PRMY0005/detail" }, "geometry": { "type": "Point", "coordinates": [ -67.1167, 18.217 ] } },
{ "type": "Feature", "properties": { "site_no": "RQ1PRMY0008", "station": "Mayaguez 1.0 S", "begin": "<NA>", "end": "2026", "active": true, "network": "GHCN Daily", "url": "https://www.ncei.noaa.gov/cdo-web/datasets/GHCND/stations/GHCND:RQ1PRMY0008/detail" }, "geometry": { "type": "Point", "coordinates": [ -67.1422, 18.1891 ] } },
{ "type": "Feature", "properties": { "site_no": "RQ1PROR0001", "station": "Villalba 4.1 N", "begin": "<NA>", "end": "2022", "active": false, "network": "GHCN Daily", "url": "https://www.ncei.noaa.gov/cdo-web/datasets/GHCND/stations/GHCND:RQ1PROR0001/detail" }, "geometry": { "type": "Point", "coordinates": [ -66.4885, 18.1895 ] } },
{ "type": "Feature", "properties": { "site_no": "RQ1PROR0002", "station": "Orocovis 1.2 Nnw", "begin": "<NA>", "end": "2025", "active": true, "network": "GHCN Daily", "url": "https://www.ncei.noaa.gov/cdo-web/datasets/GHCND/stations/GHCND:RQ1PROR0002/detail" }, "geometry": { "type": "Point", "coordinates": [ -66.3978, 18.2433 ] } },
{ "type": "Feature", "properties": { "site_no": "RQ1PRPC0001", "station": "Ponce 1.8 Ne", "begin": "<NA>", "end": "2015", "active": false, "network": "GHCN Daily", "url": "https://www.ncei.noaa.gov/cdo-web/datasets/GHCND/stations/GHCND:RQ1PRPC0001/detail" }, "geometry": { "type": "Point", "coordinates": [ -66.5891, 18.0046 ] } },
{ "type": "Feature", "properties": { "site_no": "RQ1PRPC0002", "station": "Ponce 3.2 Nne", "begin": "<NA>", "end": "2026", "active": true, "network": "GHCN Daily", "url": "https://www.ncei.noaa.gov/cdo-web/datasets/GHCND/stations/GHCND:RQ1PRPC0002/detail" }, "geometry": { "type": "Point", "coordinates": [ -66.5996, 18.0318 ] } },
{ "type": "Feature", "properties": { "site_no": "RQ1PRPC0004", "station": "Ponce 5.0 Nnw", "begin": "<NA>", "end": "2026", "active": true, "network": "GHCN Daily", "url": "https://www.ncei.noaa.gov/cdo-web/datasets/GHCND/stations/GHCND:RQ1PRPC0004/detail" }, "geometry": { "type": "Point", "coordinates": [ -66.6514, 18.0474 ] } },
{ "type": "Feature", "properties": { "site_no": "RQ1PRPC0005", "station": "Ponce 3.5 N", "begin": "<NA>", "end": "2019", "active": false, "network": "GHCN Daily", "url": "https://www.ncei.noaa.gov/cdo-web/datasets/GHCND/stations/GHCND:RQ1PRPC0005/detail" }, "geometry": { "type": "Point", "coordinates": [ -66.6017, 18.0374 ] } },
{ "type": "Feature", "properties": { "site_no": "RQ1PRPC0006", "station": "Ponce 2.3 Ne", "begin": "<NA>", "end": "2026", "active": true, "network": "GHCN Daily", "url": "https://www.ncei.noaa.gov/cdo-web/datasets/GHCND/stations/GHCND:RQ1PRPC0006/detail" }, "geometry": { "type": "Point", "coordinates": [ -66.5874, 18.0125 ] } },
{ "type": "Feature", "properties": { "site_no": "RQ1PRPC0007", "station": "Ponce 8.1 N", "begin": "<NA>", "end": "2024", "active": true, "network": "GHCN Daily", "url": "https://www.ncei.noaa.gov/cdo-web/datasets/GHCND/stations/GHCND:RQ1PRPC0007/detail" }, "geometry": { "type": "Point", "coordinates": [ -66.6154, 18.1039 ] } },
{ "type": "Feature", "properties": { "site_no": "RQ1PRPC0008", "station": "Ponce 3.5 W", "begin": "<NA>", "end": "2026", "active": true, "network": "GHCN Daily", "url": "https://www.ncei.noaa.gov/cdo-web/datasets/GHCND/stations/GHCND:RQ1PRPC0008/detail" }, "geometry": { "type": "Point", "coordinates": [ -66.6621, 17.9923 ] } },
{ "type": "Feature", "properties": { "site_no": "RQ1PRPC0009", "station": "Ponce 3.1 Nw", "begin": "<NA>", "end": "2026", "active": true, "network": "GHCN Daily", "url": "https://www.ncei.noaa.gov/cdo-web/datasets/GHCND/stations/GHCND:RQ1PRPC0009/detail" }, "geometry": { "type": "Point", "coordinates": [ -66.6452, 18.0158 ] } },
{ "type": "Feature", "properties": { "site_no": "RQ1PRPE0001", "station": "Penuelas 5.0 Nne", "begin": "<NA>", "end": "2026", "active": true, "network": "GHCN Daily", "url": "https://www.ncei.noaa.gov/cdo-web/datasets/GHCND/stations/GHCND:RQ1PRPE0001/detail" }, "geometry": { "type": "Point", "coordinates": [ -66.6809, 18.1235 ] } },
{ "type": "Feature", "properties": { "site_no": "RQ1PRPT0001", "station": "Patillas 4.7 Ese", "begin": "<NA>", "end": "2024", "active": true, "network": "GHCN Daily", "url": "https://www.ncei.noaa.gov/cdo-web/datasets/GHCND/stations/GHCND:RQ1PRPT0001/detail" }, "geometry": { "type": "Point", "coordinates": [ -65.9518, 17.9758 ] } },
{ "type": "Feature", "properties": { "site_no": "RQ1PRQB0001", "station": "Quebradillas 1.6 Se", "begin": "<NA>", "end": "2026", "active": true, "network": "GHCN Daily", "url": "https://www.ncei.noaa.gov/cdo-web/datasets/GHCND/stations/GHCND:RQ1PRQB0001/detail" }, "geometry": { "type": "Point", "coordinates": [ -66.9194, 18.4591 ] } },
{ "type": "Feature", "properties": { "site_no": "RQ1PRRG0002", "station": "Rio Grande 3.6 Ssw", "begin": "<NA>", "end": "2026", "active": true, "network": "GHCN Daily", "url": "https://www.ncei.noaa.gov/cdo-web/datasets/GHCND/stations/GHCND:RQ1PRRG0002/detail" }, "geometry": { "type": "Point", "coordinates": [ -65.859, 18.3317 ] } },
{ "type": "Feature", "properties": { "site_no": "RQ1PRRN0001", "station": "Rincon 3.4 Sse", "begin": "<NA>", "end": "2015", "active": false, "network": "GHCN Daily", "url": "https://www.ncei.noaa.gov/cdo-web/datasets/GHCND/stations/GHCND:RQ1PRRN0001/detail" }, "geometry": { "type": "Point", "coordinates": [ -67.2272, 18.2981 ] } },
{ "type": "Feature", "properties": { "site_no": "RQ1PRRN0002", "station": "Rincon 3.1 Sse", "begin": "<NA>", "end": "2017", "active": false, "network": "GHCN Daily", "url": "https://www.ncei.noaa.gov/cdo-web/datasets/GHCND/stations/GHCND:RQ1PRRN0002/detail" }, "geometry": { "type": "Point", "coordinates": [ -67.2343, 18.2998 ] } },
{ "type": "Feature", "properties": { "site_no": "RQ1PRRN0003", "station": "Rincon 1.5 N", "begin": "<NA>", "end": "2026", "active": true, "network": "GHCN Daily", "url": "https://www.ncei.noaa.gov/cdo-web/datasets/GHCND/stations/GHCND:RQ1PRRN0003/detail" }, "geometry": { "type": "Point", "coordinates": [ -67.2497, 18.3627 ] } },
{ "type": "Feature", "properties": { "site_no": "RQ1PRRN0004", "station": "Rincon 2.8 Se", "begin": "<NA>", "end": "2026", "active": true, "network": "GHCN Daily", "url": "https://www.ncei.noaa.gov/cdo-web/datasets/GHCND/stations/GHCND:RQ1PRRN0004/detail" }, "geometry": { "type": "Point", "coordinates": [ -67.2178, 18.3188 ] } },
{ "type": "Feature", "properties": { "site_no": "RQ1PRRN0005", "station": "Rincon 1.0 Nnw", "begin": "<NA>", "end": "2015", "active": false, "network": "GHCN Daily", "url": "https://www.ncei.noaa.gov/cdo-web/datasets/GHCND/stations/GHCND:RQ1PRRN0005/detail" }, "geometry": { "type": "Point", "coordinates": [ -67.2594, 18.3543 ] } },
{ "type": "Feature", "properties": { "site_no": "RQ1PRSG0003", "station": "San German 0.8 W", "begin": "<NA>", "end": "2026", "active": true, "network": "GHCN Daily", "url": "https://www.ncei.noaa.gov/cdo-web/datasets/GHCND/stations/GHCND:RQ1PRSG0003/detail" }, "geometry": { "type": "Point", "coordinates": [ -67.0582, 18.0849 ] } },
{ "type": "Feature", "properties": { "site_no": "RQ1PRSG0004", "station": "San German 5.8 Nnw", "begin": "<NA>", "end": "2025", "active": true, "network": "GHCN Daily", "url": "https://www.ncei.noaa.gov/cdo-web/datasets/GHCND/stations/GHCND:RQ1PRSG0004/detail" }, "geometry": { "type": "Point", "coordinates": [ -67.076, 18.163 ] } },
{ "type": "Feature", "properties": { "site_no": "RQ1PRSI0001", "station": "Santa Isabel 3.2 Nne", "begin": "<NA>", "end": "2026", "active": true, "network": "GHCN Daily", "url": "https://www.ncei.noaa.gov/cdo-web/datasets/GHCND/stations/GHCND:RQ1PRSI0001/detail" }, "geometry": { "type": "Point", "coordinates": [ -66.3788, 18.0093 ] } },
{ "type": "Feature", "properties": { "site_no": "RQ1PRSJ0001", "station": "San Juan 1.5 W", "begin": "<NA>", "end": "2018", "active": false, "network": "GHCN Daily", "url": "https://www.ncei.noaa.gov/cdo-web/datasets/GHCND/stations/GHCND:RQ1PRSJ0001/detail" }, "geometry": { "type": "Point", "coordinates": [ -66.0868, 18.4061 ] } },
{ "type": "Feature", "properties": { "site_no": "RQ1PRSJ0003", "station": "San Juan 3.1 Ese", "begin": "<NA>", "end": "2020", "active": false, "network": "GHCN Daily", "url": "https://www.ncei.noaa.gov/cdo-web/datasets/GHCND/stations/GHCND:RQ1PRSJ0003/detail" }, "geometry": { "type": "Point", "coordinates": [ -66.02, 18.3915 ] } },
{ "type": "Feature", "properties": { "site_no": "RQ1PRSJ0006", "station": "San Juan 3.0 Nnw", "begin": "<NA>", "end": "2017", "active": false, "network": "GHCN Daily", "url": "https://www.ncei.noaa.gov/cdo-web/datasets/GHCND/stations/GHCND:RQ1PRSJ0006/detail" }, "geometry": { "type": "Point", "coordinates": [ -66.0772, 18.4496 ] } },
{ "type": "Feature", "properties": { "site_no": "RQ1PRSJ0008", "station": "San Juan 2.5 Wsw", "begin": "<NA>", "end": "2019", "active": false, "network": "GHCN Daily", "url": "https://www.ncei.noaa.gov/cdo-web/datasets/GHCND/stations/GHCND:RQ1PRSJ0008/detail" }, "geometry": { "type": "Point", "coordinates": [ -66.0788, 18.4194 ] } },
{ "type": "Feature", "properties": { "site_no": "RQ1PRSJ0009", "station": "San Juan 1.4 Nw", "begin": "<NA>", "end": "2019", "active": false, "network": "GHCN Daily", "url": "https://www.ncei.noaa.gov/cdo-web/datasets/GHCND/stations/GHCND:RQ1PRSJ0009/detail" }, "geometry": { "type": "Point", "coordinates": [ -66.0789, 18.4194 ] } },
{ "type": "Feature", "properties": { "site_no": "RQ1PRSJ0012", "station": "San Juan 5.2 S", "begin": "<NA>", "end": "2020", "active": false, "network": "GHCN Daily", "url": "https://www.ncei.noaa.gov/cdo-web/datasets/GHCND/stations/GHCND:RQ1PRSJ0012/detail" }, "geometry": { "type": "Point", "coordinates": [ -66.0545, 18.3331 ] } },
{ "type": "Feature", "properties": { "site_no": "RQ1PRSJ0015", "station": "San Juan 2.4 Wsw", "begin": "<NA>", "end": "2026", "active": true, "network": "GHCN Daily", "url": "https://www.ncei.noaa.gov/cdo-web/datasets/GHCND/stations/GHCND:RQ1PRSJ0015/detail" }, "geometry": { "type": "Point", "coordinates": [ -66.0979, 18.3929 ] } },
{ "type": "Feature", "properties": { "site_no": "RQ1PRSJ0017", "station": "San Juan 0.4 Ese", "begin": "<NA>", "end": "2026", "active": true, "network": "GHCN Daily", "url": "https://www.ncei.noaa.gov/cdo-web/datasets/GHCND/stations/GHCND:RQ1PRSJ0017/detail" }, "geometry": { "type": "Point", "coordinates": [ -66.059, 18.4059 ] } },
{ "type": "Feature", "properties": { "site_no": "RQ1PRSJ0018", "station": "San Juan 7.1 S", "begin": "<NA>", "end": "2026", "active": true, "network": "GHCN Daily", "url": "https://www.ncei.noaa.gov/cdo-web/datasets/GHCND/stations/GHCND:RQ1PRSJ0018/detail" }, "geometry": { "type": "Point", "coordinates": [ -66.0795, 18.3062 ] } },
{ "type": "Feature", "properties": { "site_no": "RQ1PRSJ0019", "station": "San Juan 2.0 S", "begin": "<NA>", "end": "2026", "active": true, "network": "GHCN Daily", "url": "https://www.ncei.noaa.gov/cdo-web/datasets/GHCND/stations/GHCND:RQ1PRSJ0019/detail" }, "geometry": { "type": "Point", "coordinates": [ -66.0642, 18.3793 ] } },
{ "type": "Feature", "properties": { "site_no": "RQ1PRSL0003", "station": "San Lorenzo 2.7 Se", "begin": "<NA>", "end": "2026", "active": true, "network": "GHCN Daily", "url": "https://www.ncei.noaa.gov/cdo-web/datasets/GHCND/stations/GHCND:RQ1PRSL0003/detail" }, "geometry": { "type": "Point", "coordinates": [ -65.9366, 18.1644 ] } },
{ "type": "Feature", "properties": { "site_no": "RQ1PRSL0004", "station": "San Lorenzo 1.7 E", "begin": "<NA>", "end": "2026", "active": true, "network": "GHCN Daily", "url": "https://www.ncei.noaa.gov/cdo-web/datasets/GHCND/stations/GHCND:RQ1PRSL0004/detail" }, "geometry": { "type": "Point", "coordinates": [ -65.9402, 18.1913 ] } },
{ "type": "Feature", "properties": { "site_no": "RQ1PRSN0002", "station": "Salinas 6.7 Nne", "begin": "<NA>", "end": "2026", "active": true, "network": "GHCN Daily", "url": "https://www.ncei.noaa.gov/cdo-web/datasets/GHCND/stations/GHCND:RQ1PRSN0002/detail" }, "geometry": { "type": "Point", "coordinates": [ -66.2456, 18.0627 ] } },
{ "type": "Feature", "properties": { "site_no": "RQ1PRSS0001", "station": "San Sebastian 2.1 Nne", "begin": "<NA>", "end": "2017", "active": false, "network": "GHCN Daily", "url": "https://www.ncei.noaa.gov/cdo-web/datasets/GHCND/stations/GHCND:RQ1PRSS0001/detail" }, "geometry": { "type": "Point", "coordinates": [ -66.9885, 18.3679 ] } },
{ "type": "Feature", "properties": { "site_no": "RQ1PRTA0002", "station": "Toa Alta 2.7 Ssw", "begin": "<NA>", "end": "2026", "active": true, "network": "GHCN Daily", "url": "https://www.ncei.noaa.gov/cdo-web/datasets/GHCND/stations/GHCND:RQ1PRTA0002/detail" }, "geometry": { "type": "Point", "coordinates": [ -66.2682, 18.3556 ] } },
{ "type": "Feature", "properties": { "site_no": "RQ1PRTB0001", "station": "Levittown 1.0 Se", "begin": "<NA>", "end": "2026", "active": true, "network": "GHCN Daily", "url": "https://www.ncei.noaa.gov/cdo-web/datasets/GHCND/stations/GHCND:RQ1PRTB0001/detail" }, "geometry": { "type": "Point", "coordinates": [ -66.1678, 18.4356 ] } },
{ "type": "Feature", "properties": { "site_no": "RQ1PRTB0005", "station": "Campanilla 0.3 S", "begin": "<NA>", "end": "2026", "active": true, "network": "GHCN Daily", "url": "https://www.ncei.noaa.gov/cdo-web/datasets/GHCND/stations/GHCND:RQ1PRTB0005/detail" }, "geometry": { "type": "Point", "coordinates": [ -66.238, 18.4207 ] } },
{ "type": "Feature", "properties": { "site_no": "RQ1PRTR0002", "station": "Trujillo Alto 0.8 Wsw", "begin": "<NA>", "end": "2019", "active": false, "network": "GHCN Daily", "url": "https://www.ncei.noaa.gov/cdo-web/datasets/GHCND/stations/GHCND:RQ1PRTR0002/detail" }, "geometry": { "type": "Point", "coordinates": [ -66.03, 18.36 ] } },
{ "type": "Feature", "properties": { "site_no": "RQ1PRTR0003", "station": "Trujillo Alto 2.5 S", "begin": "<NA>", "end": "2026", "active": true, "network": "GHCN Daily", "url": "https://www.ncei.noaa.gov/cdo-web/datasets/GHCND/stations/GHCND:RQ1PRTR0003/detail" }, "geometry": { "type": "Point", "coordinates": [ -66.0063, 18.3293 ] } },
{ "type": "Feature", "properties": { "site_no": "RQ1PRUT0002", "station": "Utuado 5.5 W", "begin": "<NA>", "end": "2020", "active": false, "network": "GHCN Daily", "url": "https://www.ncei.noaa.gov/cdo-web/datasets/GHCND/stations/GHCND:RQ1PRUT0002/detail" }, "geometry": { "type": "Point", "coordinates": [ -66.7899, 18.2684 ] } },
{ "type": "Feature", "properties": { "site_no": "RQ1PRVB0002", "station": "Vega Baja 2.8 N", "begin": "<NA>", "end": "2026", "active": true, "network": "GHCN Daily", "url": "https://www.ncei.noaa.gov/cdo-web/datasets/GHCND/stations/GHCND:RQ1PRVB0002/detail" }, "geometry": { "type": "Point", "coordinates": [ -66.3983, 18.4833 ] } },
{ "type": "Feature", "properties": { "site_no": "RQ1PRVL0002", "station": "Villalba 1.2 Wsw", "begin": "<NA>", "end": "2020", "active": false, "network": "GHCN Daily", "url": "https://www.ncei.noaa.gov/cdo-web/datasets/GHCND/stations/GHCND:RQ1PRVL0002/detail" }, "geometry": { "type": "Point", "coordinates": [ -66.4982, 18.1215 ] } },
{ "type": "Feature", "properties": { "site_no": "RQ1PRVL0003", "station": "Villalba 3.0 Se", "begin": "<NA>", "end": "2021", "active": false, "network": "GHCN Daily", "url": "https://www.ncei.noaa.gov/cdo-web/datasets/GHCND/stations/GHCND:RQ1PRVL0003/detail" }, "geometry": { "type": "Point", "coordinates": [ -66.4444, 18.1047 ] } },
{ "type": "Feature", "properties": { "site_no": "RQ1PRVL0004", "station": "Villalba 0.3 Ne", "begin": "<NA>", "end": "2025", "active": true, "network": "GHCN Daily", "url": "https://www.ncei.noaa.gov/cdo-web/datasets/GHCND/stations/GHCND:RQ1PRVL0004/detail" }, "geometry": { "type": "Point", "coordinates": [ -66.4796, 18.1329 ] } },
{ "type": "Feature", "properties": { "site_no": "RQ1PRVL0005", "station": "Villalba 1.5 Ssw", "begin": "<NA>", "end": "2026", "active": true, "network": "GHCN Daily", "url": "https://www.ncei.noaa.gov/cdo-web/datasets/GHCND/stations/GHCND:RQ1PRVL0005/detail" }, "geometry": { "type": "Point", "coordinates": [ -66.4943, 18.112 ] } },
{ "type": "Feature", "properties": { "site_no": "RQ1PRVQ0001", "station": "Vieques 1.1 Wsw", "begin": "<NA>", "end": "2018", "active": false, "network": "GHCN Daily", "url": "https://www.ncei.noaa.gov/cdo-web/datasets/GHCND/stations/GHCND:RQ1PRVQ0001/detail" }, "geometry": { "type": "Point", "coordinates": [ -65.4598, 18.1416 ] } },
{ "type": "Feature", "properties": { "site_no": "RQ1PRVQ0003", "station": "Esperanza 4.4 Ne", "begin": "<NA>", "end": "2026", "active": true, "network": "GHCN Daily", "url": "https://www.ncei.noaa.gov/cdo-web/datasets/GHCND/stations/GHCND:RQ1PRVQ0003/detail" }, "geometry": { "type": "Point", "coordinates": [ -65.4412, 18.1554 ] } },
{ "type": "Feature", "properties": { "site_no": "RQ1PRVQ0004", "station": "Esperanza 1.2 Wsw", "begin": "<NA>", "end": "2026", "active": true, "network": "GHCN Daily", "url": "https://www.ncei.noaa.gov/cdo-web/datasets/GHCND/stations/GHCND:RQ1PRVQ0004/detail" }, "geometry": { "type": "Point", "coordinates": [ -65.4979, 18.0983 ] } },
{ "type": "Feature", "properties": { "site_no": "RQ1PRYC0001", "station": "Yauco 0.8 Ssw", "begin": "<NA>", "end": "2026", "active": true, "network": "GHCN Daily", "url": "https://www.ncei.noaa.gov/cdo-web/datasets/GHCND/stations/GHCND:RQ1PRYC0001/detail" }, "geometry": { "type": "Point", "coordinates": [ -66.865, 18.026 ] } },
{ "type": "Feature", "properties": { "site_no": "RQ1PRYC0002", "station": "Yauco 0.3 Ese", "begin": "<NA>", "end": "2026", "active": true, "network": "GHCN Daily", "url": "https://www.ncei.noaa.gov/cdo-web/datasets/GHCND/stations/GHCND:RQ1PRYC0002/detail" }, "geometry": { "type": "Point", "coordinates": [ -66.8583, 18.0348 ] } },
{ "type": "Feature", "properties": { "site_no": "RQC00660040", "station": "Aceituna Wtp", "begin": "<NA>", "end": "2015", "active": false, "network": "GHCN Daily", "url": "https://www.ncei.noaa.gov/cdo-web/datasets/GHCND/stations/GHCND:RQC00660040/detail" }, "geometry": { "type": "Point", "coordinates": [ -66.4919, 18.1469 ] } },
{ "type": "Feature", "properties": { "site_no": "RQC00660053", "station": "Adjuntas 2 Nw", "begin": "<NA>", "end": "2025", "active": true, "network": "GHCN Daily", "url": "https://www.ncei.noaa.gov/cdo-web/datasets/GHCND/stations/GHCND:RQC00660053/detail" }, "geometry": { "type": "Point", "coordinates": [ -66.7383, 18.1722 ] } },
{ "type": "Feature", "properties": { "site_no": "RQC00660061", "station": "Adjuntas Substn", "begin": "<NA>", "end": "2026", "active": true, "network": "GHCN Daily", "url": "https://www.ncei.noaa.gov/cdo-web/datasets/GHCND/stations/GHCND:RQC00660061/detail" }, "geometry": { "type": "Point", "coordinates": [ -66.7978, 18.1747 ] } },
{ "type": "Feature", "properties": { "site_no": "RQC00660105", "station": "Aguadilla City", "begin": "<NA>", "end": "1903", "active": false, "network": "GHCN Daily", "url": "https://www.ncei.noaa.gov/cdo-web/datasets/GHCND/stations/GHCND:RQC00660105/detail" }, "geometry": { "type": "Point", "coordinates": [ -67.15, 18.4333 ] } },
{ "type": "Feature", "properties": { "site_no": "RQC00660147", "station": "Aguirre", "begin": "<NA>", "end": "1966", "active": false, "network": "GHCN Daily", "url": "https://www.ncei.noaa.gov/cdo-web/datasets/GHCND/stations/GHCND:RQC00660147/detail" }, "geometry": { "type": "Point", "coordinates": [ -66.2167, 17.9667 ] } },
{ "type": "Feature", "properties": { "site_no": "RQC00660152", "station": "Aguirre", "begin": "<NA>", "end": "2026", "active": true, "network": "GHCN Daily", "url": "https://www.ncei.noaa.gov/cdo-web/datasets/GHCND/stations/GHCND:RQC00660152/detail" }, "geometry": { "type": "Point", "coordinates": [ -66.2222, 17.9556 ] } },
{ "type": "Feature", "properties": { "site_no": "RQC00660158", "station": "Aibonito 1 S", "begin": "<NA>", "end": "2026", "active": true, "network": "GHCN Daily", "url": "https://www.ncei.noaa.gov/cdo-web/datasets/GHCND/stations/GHCND:RQC00660158/detail" }, "geometry": { "type": "Point", "coordinates": [ -66.2642, 18.1281 ] } },
{ "type": "Feature", "properties": { "site_no": "RQC00660410", "station": "Arecibo 3 Ese", "begin": "<NA>", "end": "1999", "active": false, "network": "GHCN Daily", "url": "https://www.ncei.noaa.gov/cdo-web/datasets/GHCND/stations/GHCND:RQC00660410/detail" }, "geometry": { "type": "Point", "coordinates": [ -66.6747, 18.4533 ] } },
{ "type": "Feature", "properties": { "site_no": "RQC00660426", "station": "Arecibo Obsy", "begin": "<NA>", "end": "2026", "active": true, "network": "GHCN Daily", "url": "https://www.ncei.noaa.gov/cdo-web/datasets/GHCND/stations/GHCND:RQC00660426/detail" }, "geometry": { "type": "Point", "coordinates": [ -66.7525, 18.3494 ] } },
{ "type": "Feature", "properties": { "site_no": "RQC00660662", "station": "Barceloneta 2", "begin": "<NA>", "end": "1990", "active": false, "network": "GHCN Daily", "url": "https://www.ncei.noaa.gov/cdo-web/datasets/GHCND/stations/GHCND:RQC00660662/detail" }, "geometry": { "type": "Point", "coordinates": [ -66.5, 18.4667 ] } },
{ "type": "Feature", "properties": { "site_no": "RQC00660668", "station": "Barceloneta 3 Sw", "begin": "<NA>", "end": "2009", "active": false, "network": "GHCN Daily", "url": "https://www.ncei.noaa.gov/cdo-web/datasets/GHCND/stations/GHCND:RQC00660668/detail" }, "geometry": { "type": "Point", "coordinates": [ -66.5631, 18.4286 ] } },
{ "type": "Feature", "properties": { "site_no": "RQC00660736", "station": "Barranquitas", "begin": "<NA>", "end": "1991", "active": false, "network": "GHCN Daily", "url": "https://www.ncei.noaa.gov/cdo-web/datasets/GHCND/stations/GHCND:RQC00660736/detail" }, "geometry": { "type": "Point", "coordinates": [ -66.3167, 18.1667 ] } },
{ "type": "Feature", "properties": { "site_no": "RQC00660842", "station": "Candelaria Toa Baja", "begin": "<NA>", "end": "1973", "active": false, "network": "GHCN Daily", "url": "https://www.ncei.noaa.gov/cdo-web/datasets/GHCND/stations/GHCND:RQC00660842/detail" }, "geometry": { "type": "Point", "coordinates": [ -66.2, 18.4167 ] } },
{ "type": "Feature", "properties": { "site_no": "RQC00660849", "station": "Bayaney", "begin": "<NA>", "end": "1979", "active": false, "network": "GHCN Daily", "url": "https://www.ncei.noaa.gov/cdo-web/datasets/GHCND/stations/GHCND:RQC00660849/detail" }, "geometry": { "type": "Point", "coordinates": [ -66.7833, 18.3833 ] } },
{ "type": "Feature", "properties": { "site_no": "RQC00660900", "station": "Benavente-Hormigueros", "begin": "<NA>", "end": "2002", "active": false, "network": "GHCN Daily", "url": "https://www.ncei.noaa.gov/cdo-web/datasets/GHCND/stations/GHCND:RQC00660900/detail" }, "geometry": { "type": "Point", "coordinates": [ -67.1133, 18.1164 ] } },
{ "type": "Feature", "properties": { "site_no": "RQC00660948", "station": "Boca", "begin": "<NA>", "end": "2013", "active": false, "network": "GHCN Daily", "url": "https://www.ncei.noaa.gov/cdo-web/datasets/GHCND/stations/GHCND:RQC00660948/detail" }, "geometry": { "type": "Point", "coordinates": [ -66.8161, 17.9906 ] } },
{ "type": "Feature", "properties": { "site_no": "RQC00661123", "station": "Cabo Rojo", "begin": "<NA>", "end": "1969", "active": false, "network": "GHCN Daily", "url": "https://www.ncei.noaa.gov/cdo-web/datasets/GHCND/stations/GHCND:RQC00661123/detail" }, "geometry": { "type": "Point", "coordinates": [ -67.15, 18.0833 ] } },
{ "type": "Feature", "properties": { "site_no": "RQC00661142", "station": "Cacaos-Orocovis", "begin": "<NA>", "end": "2011", "active": false, "network": "GHCN Daily", "url": "https://www.ncei.noaa.gov/cdo-web/datasets/GHCND/stations/GHCND:RQC00661142/detail" }, "geometry": { "type": "Point", "coordinates": [ -66.5039, 18.2258 ] } },
{ "type": "Feature", "properties": { "site_no": "RQC00661300", "station": "Caguas", "begin": "<NA>", "end": "1960", "active": false, "network": "GHCN Daily", "url": "https://www.ncei.noaa.gov/cdo-web/datasets/GHCND/stations/GHCND:RQC00661300/detail" }, "geometry": { "type": "Point", "coordinates": [ -66.0333, 18.2333 ] } },
{ "type": "Feature", "properties": { "site_no": "RQC00661301", "station": "Caguas 2 Ene", "begin": "<NA>", "end": "1967", "active": false, "network": "GHCN Daily", "url": "https://www.ncei.noaa.gov/cdo-web/datasets/GHCND/stations/GHCND:RQC00661301/detail" }, "geometry": { "type": "Point", "coordinates": [ -66.0167, 18.25 ] } },
{ "type": "Feature", "properties": { "site_no": "RQC00661309", "station": "Caguas 1 W", "begin": "<NA>", "end": "1995", "active": false, "network": "GHCN Daily", "url": "https://www.ncei.noaa.gov/cdo-web/datasets/GHCND/stations/GHCND:RQC00661309/detail" }, "geometry": { "type": "Point", "coordinates": [ -66.05, 18.2333 ] } },
{ "type": "Feature", "properties": { "site_no": "RQC00661345", "station": "Calero Camp", "begin": "<NA>", "end": "2026", "active": true, "network": "GHCN Daily", "url": "https://www.ncei.noaa.gov/cdo-web/datasets/GHCND/stations/GHCND:RQC00661345/detail" }, "geometry": { "type": "Point", "coordinates": [ -67.1156, 18.4725 ] } },
{ "type": "Feature", "properties": { "site_no": "RQC00661423", "station": "Cambalache Exp Forest", "begin": "<NA>", "end": "1966", "active": false, "network": "GHCN Daily", "url": "https://www.ncei.noaa.gov/cdo-web/datasets/GHCND/stations/GHCND:RQC00661423/detail" }, "geometry": { "type": "Point", "coordinates": [ -66.6, 18.45 ] } },
{ "type": "Feature", "properties": { "site_no": "RQC00661536", "station": "Candelaria Toa Baja", "begin": "<NA>", "end": "1995", "active": false, "network": "GHCN Daily", "url": "https://www.ncei.noaa.gov/cdo-web/datasets/GHCND/stations/GHCND:RQC00661536/detail" }, "geometry": { "type": "Point", "coordinates": [ -66.2167, 18.4 ] } },
{ "type": "Feature", "properties": { "site_no": "RQC00661590", "station": "Canovanas", "begin": "<NA>", "end": "2015", "active": false, "network": "GHCN Daily", "url": "https://www.ncei.noaa.gov/cdo-web/datasets/GHCND/stations/GHCND:RQC00661590/detail" }, "geometry": { "type": "Point", "coordinates": [ -65.8939, 18.3792 ] } },
{ "type": "Feature", "properties": { "site_no": "RQC00661623", "station": "Caonillas Utuado", "begin": "<NA>", "end": "1987", "active": false, "network": "GHCN Daily", "url": "https://www.ncei.noaa.gov/cdo-web/datasets/GHCND/stations/GHCND:RQC00661623/detail" }, "geometry": { "type": "Point", "coordinates": [ -66.65, 18.2833 ] } },
{ "type": "Feature", "properties": { "site_no": "RQC00661634", "station": "Caonillas Villalba", "begin": "<NA>", "end": "1969", "active": false, "network": "GHCN Daily", "url": "https://www.ncei.noaa.gov/cdo-web/datasets/GHCND/stations/GHCND:RQC00661634/detail" }, "geometry": { "type": "Point", "coordinates": [ -66.4833, 18.1167 ] } },
{ "type": "Feature", "properties": { "site_no": "RQC00661701", "station": "Carite Dam", "begin": "<NA>", "end": "1980", "active": false, "network": "GHCN Daily", "url": "https://www.ncei.noaa.gov/cdo-web/datasets/GHCND/stations/GHCND:RQC00661701/detail" }, "geometry": { "type": "Point", "coordinates": [ -66.1, 18.0833 ] } },
{ "type": "Feature", "properties": { "site_no": "RQC00661712", "station": "Carite Plt 1", "begin": "<NA>", "end": "1980", "active": false, "network": "GHCN Daily", "url": "https://www.ncei.noaa.gov/cdo-web/datasets/GHCND/stations/GHCND:RQC00661712/detail" }, "geometry": { "type": "Point", "coordinates": [ -66.1167, 18.05 ] } },
{ "type": "Feature", "properties": { "site_no": "RQC00661845", "station": "Catano", "begin": "<NA>", "end": "1976", "active": false, "network": "GHCN Daily", "url": "https://www.ncei.noaa.gov/cdo-web/datasets/GHCND/stations/GHCND:RQC00661845/detail" }, "geometry": { "type": "Point", "coordinates": [ -66.1167, 18.4167 ] } },
{ "type": "Feature", "properties": { "site_no": "RQC00661901", "station": "Cayey 1 E", "begin": "<NA>", "end": "2012", "active": false, "network": "GHCN Daily", "url": "https://www.ncei.noaa.gov/cdo-web/datasets/GHCND/stations/GHCND:RQC00661901/detail" }, "geometry": { "type": "Point", "coordinates": [ -66.1658, 18.1189 ] } },
{ "type": "Feature", "properties": { "site_no": "RQC00662316", "station": "Central San Francisco", "begin": "<NA>", "end": "1996", "active": false, "network": "GHCN Daily", "url": "https://www.ncei.noaa.gov/cdo-web/datasets/GHCND/stations/GHCND:RQC00662316/detail" }, "geometry": { "type": "Point", "coordinates": [ -66.8167, 17.9833 ] } },
{ "type": "Feature", "properties": { "site_no": "RQC00662330", "station": "Cerro Gordo Ciales", "begin": "<NA>", "end": "1997", "active": false, "network": "GHCN Daily", "url": "https://www.ncei.noaa.gov/cdo-web/datasets/GHCND/stations/GHCND:RQC00662330/detail" }, "geometry": { "type": "Point", "coordinates": [ -66.5194, 18.2764 ] } },
{ "type": "Feature", "properties": { "site_no": "RQC00662336", "station": "Cerro Maravilla", "begin": "<NA>", "end": "2012", "active": false, "network": "GHCN Daily", "url": "https://www.ncei.noaa.gov/cdo-web/datasets/GHCND/stations/GHCND:RQC00662336/detail" }, "geometry": { "type": "Point", "coordinates": [ -66.562, 18.1547 ] } },
{ "type": "Feature", "properties": { "site_no": "RQC00662633", "station": "Ciales 2S", "begin": "<NA>", "end": "2026", "active": true, "network": "GHCN Daily", "url": "https://www.ncei.noaa.gov/cdo-web/datasets/GHCND/stations/GHCND:RQC00662633/detail" }, "geometry": { "type": "Point", "coordinates": [ -66.4739, 18.3069 ] } },
{ "type": "Feature", "properties": { "site_no": "RQC00662634", "station": "Cidra 1 E", "begin": "<NA>", "end": "1994", "active": false, "network": "GHCN Daily", "url": "https://www.ncei.noaa.gov/cdo-web/datasets/GHCND/stations/GHCND:RQC00662634/detail" }, "geometry": { "type": "Point", "coordinates": [ -66.15, 18.1833 ] } },
{ "type": "Feature", "properties": { "site_no": "RQC00662723", "station": "Coamo 2 Sw", "begin": "<NA>", "end": "2003", "active": false, "network": "GHCN Daily", "url": "https://www.ncei.noaa.gov/cdo-web/datasets/GHCND/stations/GHCND:RQC00662723/detail" }, "geometry": { "type": "Point", "coordinates": [ -66.3781, 18.0664 ] } },
{ "type": "Feature", "properties": { "site_no": "RQC00662801", "station": "Coloso", "begin": "<NA>", "end": "2026", "active": true, "network": "GHCN Daily", "url": "https://www.ncei.noaa.gov/cdo-web/datasets/GHCND/stations/GHCND:RQC00662801/detail" }, "geometry": { "type": "Point", "coordinates": [ -67.1569, 18.3808 ] } },
{ "type": "Feature", "properties": { "site_no": "RQC00662823", "station": "Comerio Falls", "begin": "<NA>", "end": "1959", "active": false, "network": "GHCN Daily", "url": "https://www.ncei.noaa.gov/cdo-web/datasets/GHCND/stations/GHCND:RQC00662823/detail" }, "geometry": { "type": "Point", "coordinates": [ -66.1833, 18.2667 ] } },
{ "type": "Feature", "properties": { "site_no": "RQC00662825", "station": "Comerio Falls Plt 2", "begin": "<NA>", "end": "1974", "active": false, "network": "GHCN Daily", "url": "https://www.ncei.noaa.gov/cdo-web/datasets/GHCND/stations/GHCND:RQC00662825/detail" }, "geometry": { "type": "Point", "coordinates": [ -66.1833, 18.2667 ] } },
{ "type": "Feature", "properties": { "site_no": "RQC00662934", "station": "Corozal Substn", "begin": "<NA>", "end": "2013", "active": false, "network": "GHCN Daily", "url": "https://www.ncei.noaa.gov/cdo-web/datasets/GHCND/stations/GHCND:RQC00662934/detail" }, "geometry": { "type": "Point", "coordinates": [ -66.3592, 18.3267 ] } },
{ "type": "Feature", "properties": { "site_no": "RQC00663023", "station": "Corral Viejo", "begin": "<NA>", "end": "2026", "active": true, "network": "GHCN Daily", "url": "https://www.ncei.noaa.gov/cdo-web/datasets/GHCND/stations/GHCND:RQC00663023/detail" }, "geometry": { "type": "Point", "coordinates": [ -66.6547, 18.0842 ] } },
{ "type": "Feature", "properties": { "site_no": "RQC00663145", "station": "Culebra Island", "begin": "<NA>", "end": "1975", "active": false, "network": "GHCN Daily", "url": "https://www.ncei.noaa.gov/cdo-web/datasets/GHCND/stations/GHCND:RQC00663145/detail" }, "geometry": { "type": "Point", "coordinates": [ -65.2833, 18.3 ] } },
{ "type": "Feature", "properties": { "site_no": "RQC00663409", "station": "Dorado 2 Wnw", "begin": "<NA>", "end": "2006", "active": false, "network": "GHCN Daily", "url": "https://www.ncei.noaa.gov/cdo-web/datasets/GHCND/stations/GHCND:RQC00663409/detail" }, "geometry": { "type": "Point", "coordinates": [ -66.3058, 18.4722 ] } },
{ "type": "Feature", "properties": { "site_no": "RQC00663431", "station": "Dos Bocas", "begin": "<NA>", "end": "2026", "active": true, "network": "GHCN Daily", "url": "https://www.ncei.noaa.gov/cdo-web/datasets/GHCND/stations/GHCND:RQC00663431/detail" }, "geometry": { "type": "Point", "coordinates": [ -66.6667, 18.3361 ] } },
{ "type": "Feature", "properties": { "site_no": "RQC00663532", "station": "Ensenada 1 W", "begin": "<NA>", "end": "2026", "active": true, "network": "GHCN Daily", "url": "https://www.ncei.noaa.gov/cdo-web/datasets/GHCND/stations/GHCND:RQC00663532/detail" }, "geometry": { "type": "Point", "coordinates": [ -66.9572, 17.9956 ] } },
{ "type": "Feature", "properties": { "site_no": "RQC00663657", "station": "Fajardo", "begin": "<NA>", "end": "2026", "active": true, "network": "GHCN Daily", "url": "https://www.ncei.noaa.gov/cdo-web/datasets/GHCND/stations/GHCND:RQC00663657/detail" }, "geometry": { "type": "Point", "coordinates": [ -65.6528, 18.3342 ] } },
{ "type": "Feature", "properties": { "site_no": "RQC00663850", "station": "Garrochales", "begin": "<NA>", "end": "1970", "active": false, "network": "GHCN Daily", "url": "https://www.ncei.noaa.gov/cdo-web/datasets/GHCND/stations/GHCND:RQC00663850/detail" }, "geometry": { "type": "Point", "coordinates": [ -66.5833, 18.45 ] } },
{ "type": "Feature", "properties": { "site_no": "RQC00663871", "station": "Garzas", "begin": "<NA>", "end": "1981", "active": false, "network": "GHCN Daily", "url": "https://www.ncei.noaa.gov/cdo-web/datasets/GHCND/stations/GHCND:RQC00663871/detail" }, "geometry": { "type": "Point", "coordinates": [ -66.7333, 18.15 ] } },
{ "type": "Feature", "properties": { "site_no": "RQC00663904", "station": "Guajataca Dam", "begin": "<NA>", "end": "2026", "active": true, "network": "GHCN Daily", "url": "https://www.ncei.noaa.gov/cdo-web/datasets/GHCND/stations/GHCND:RQC00663904/detail" }, "geometry": { "type": "Point", "coordinates": [ -66.9244, 18.3964 ] } },
{ "type": "Feature", "properties": { "site_no": "RQC00664115", "station": "Guavate Camp", "begin": "<NA>", "end": "1994", "active": false, "network": "GHCN Daily", "url": "https://www.ncei.noaa.gov/cdo-web/datasets/GHCND/stations/GHCND:RQC00664115/detail" }, "geometry": { "type": "Point", "coordinates": [ -66.0667, 18.1167 ] } },
{ "type": "Feature", "properties": { "site_no": "RQC00664126", "station": "Guayabal", "begin": "<NA>", "end": "2008", "active": false, "network": "GHCN Daily", "url": "https://www.ncei.noaa.gov/cdo-web/datasets/GHCND/stations/GHCND:RQC00664126/detail" }, "geometry": { "type": "Point", "coordinates": [ -66.4967, 18.0742 ] } },
{ "type": "Feature", "properties": { "site_no": "RQC00664193", "station": "Guayama 1Sw", "begin": "<NA>", "end": "2026", "active": true, "network": "GHCN Daily", "url": "https://www.ncei.noaa.gov/cdo-web/datasets/GHCND/stations/GHCND:RQC00664193/detail" }, "geometry": { "type": "Point", "coordinates": [ -66.1264, 17.9797 ] } },
{ "type": "Feature", "properties": { "site_no": "RQC00664211", "station": "Guayanilla", "begin": "<NA>", "end": "1961", "active": false, "network": "GHCN Daily", "url": "https://www.ncei.noaa.gov/cdo-web/datasets/GHCND/stations/GHCND:RQC00664211/detail" }, "geometry": { "type": "Point", "coordinates": [ -66.8667, 18.0 ] } },
{ "type": "Feature", "properties": { "site_no": "RQC00664260", "station": "Guineo Rsvr", "begin": "<NA>", "end": "1969", "active": false, "network": "GHCN Daily", "url": "https://www.ncei.noaa.gov/cdo-web/datasets/GHCND/stations/GHCND:RQC00664260/detail" }, "geometry": { "type": "Point", "coordinates": [ -66.5333, 18.1667 ] } },
{ "type": "Feature", "properties": { "site_no": "RQC00664271", "station": "Gurabo", "begin": "<NA>", "end": "1967", "active": false, "network": "GHCN Daily", "url": "https://www.ncei.noaa.gov/cdo-web/datasets/GHCND/stations/GHCND:RQC00664271/detail" }, "geometry": { "type": "Point", "coordinates": [ -65.9667, 18.25 ] } },
{ "type": "Feature", "properties": { "site_no": "RQC00664276", "station": "Gurabo Substn", "begin": "<NA>", "end": "2015", "active": false, "network": "GHCN Daily", "url": "https://www.ncei.noaa.gov/cdo-web/datasets/GHCND/stations/GHCND:RQC00664276/detail" }, "geometry": { "type": "Point", "coordinates": [ -65.9922, 18.2583 ] } },
{ "type": "Feature", "properties": { "site_no": "RQC00664330", "station": "Hacienda Constanza", "begin": "<NA>", "end": "2014", "active": false, "network": "GHCN Daily", "url": "https://www.ncei.noaa.gov/cdo-web/datasets/GHCND/stations/GHCND:RQC00664330/detail" }, "geometry": { "type": "Point", "coordinates": [ -67.0531, 18.1242 ] } },
{ "type": "Feature", "properties": { "site_no": "RQC00664331", "station": "Hacienda Constanza 2W", "begin": "<NA>", "end": "2026", "active": true, "network": "GHCN Daily", "url": "https://www.ncei.noaa.gov/cdo-web/datasets/GHCND/stations/GHCND:RQC00664331/detail" }, "geometry": { "type": "Point", "coordinates": [ -67.0883, 18.2158 ] } },
{ "type": "Feature", "properties": { "site_no": "RQC00664340", "station": "Hato Arriba Arecibo", "begin": "<NA>", "end": "1994", "active": false, "network": "GHCN Daily", "url": "https://www.ncei.noaa.gov/cdo-web/datasets/GHCND/stations/GHCND:RQC00664340/detail" }, "geometry": { "type": "Point", "coordinates": [ -66.7667, 18.45 ] } },
{ "type": "Feature", "properties": { "site_no": "RQC00664613", "station": "Humacao 2 Sse", "begin": "<NA>", "end": "1996", "active": false, "network": "GHCN Daily", "url": "https://www.ncei.noaa.gov/cdo-web/datasets/GHCND/stations/GHCND:RQC00664613/detail" }, "geometry": { "type": "Point", "coordinates": [ -65.8167, 18.1333 ] } },
{ "type": "Feature", "properties": { "site_no": "RQC00664614", "station": "Humacao Natural Reserve", "begin": "<NA>", "end": "2026", "active": true, "network": "GHCN Daily", "url": "https://www.ncei.noaa.gov/cdo-web/datasets/GHCND/stations/GHCND:RQC00664614/detail" }, "geometry": { "type": "Point", "coordinates": [ -65.7719, 18.1506 ] } },
{ "type": "Feature", "properties": { "site_no": "RQC00664677", "station": "Indiera Alta", "begin": "<NA>", "end": "1990", "active": false, "network": "GHCN Daily", "url": "https://www.ncei.noaa.gov/cdo-web/datasets/GHCND/stations/GHCND:RQC00664677/detail" }, "geometry": { "type": "Point", "coordinates": [ -66.8833, 18.1667 ] } },
{ "type": "Feature", "properties": { "site_no": "RQC00664685", "station": "Indiera Baja", "begin": "<NA>", "end": "1962", "active": false, "network": "GHCN Daily", "url": "https://www.ncei.noaa.gov/cdo-web/datasets/GHCND/stations/GHCND:RQC00664685/detail" }, "geometry": { "type": "Point", "coordinates": [ -66.9, 18.1833 ] } },
{ "type": "Feature", "properties": { "site_no": "RQC00664702", "station": "Isabela Substn", "begin": "<NA>", "end": "2026", "active": true, "network": "GHCN Daily", "url": "https://www.ncei.noaa.gov/cdo-web/datasets/GHCND/stations/GHCND:RQC00664702/detail" }, "geometry": { "type": "Point", "coordinates": [ -67.0525, 18.4653 ] } },
{ "type": "Feature", "properties": { "site_no": "RQC00664867", "station": "Jajome Alto", "begin": "<NA>", "end": "2026", "active": true, "network": "GHCN Daily", "url": "https://www.ncei.noaa.gov/cdo-web/datasets/GHCND/stations/GHCND:RQC00664867/detail" }, "geometry": { "type": "Point", "coordinates": [ -66.1428, 18.0717 ] } },
{ "type": "Feature", "properties": { "site_no": "RQC00664910", "station": "Jayuya", "begin": "<NA>", "end": "2002", "active": false, "network": "GHCN Daily", "url": "https://www.ncei.noaa.gov/cdo-web/datasets/GHCND/stations/GHCND:RQC00664910/detail" }, "geometry": { "type": "Point", "coordinates": [ -66.5931, 18.215 ] } },
{ "type": "Feature", "properties": { "site_no": "RQC00664911", "station": "Jayuya 1 Se", "begin": "<NA>", "end": "1981", "active": false, "network": "GHCN Daily", "url": "https://www.ncei.noaa.gov/cdo-web/datasets/GHCND/stations/GHCND:RQC00664911/detail" }, "geometry": { "type": "Point", "coordinates": [ -66.5833, 18.2 ] } },
{ "type": "Feature", "properties": { "site_no": "RQC00664976", "station": "Josefa", "begin": "<NA>", "end": "1969", "active": false, "network": "GHCN Daily", "url": "https://www.ncei.noaa.gov/cdo-web/datasets/GHCND/stations/GHCND:RQC00664976/detail" }, "geometry": { "type": "Point", "coordinates": [ -66.15, 17.9667 ] } },
{ "type": "Feature", "properties": { "site_no": "RQC00665020", "station": "Juana Diaz Camp", "begin": "<NA>", "end": "2026", "active": true, "network": "GHCN Daily", "url": "https://www.ncei.noaa.gov/cdo-web/datasets/GHCND/stations/GHCND:RQC00665020/detail" }, "geometry": { "type": "Point", "coordinates": [ -66.4986, 18.0514 ] } },
{ "type": "Feature", "properties": { "site_no": "RQC00665064", "station": "Juncos 1 Se", "begin": "<NA>", "end": "2026", "active": true, "network": "GHCN Daily", "url": "https://www.ncei.noaa.gov/cdo-web/datasets/GHCND/stations/GHCND:RQC00665064/detail" }, "geometry": { "type": "Point", "coordinates": [ -65.9114, 18.2264 ] } },
{ "type": "Feature", "properties": { "site_no": "RQC00665075", "station": "La Fe", "begin": "<NA>", "end": "1969", "active": false, "network": "GHCN Daily", "url": "https://www.ncei.noaa.gov/cdo-web/datasets/GHCND/stations/GHCND:RQC00665075/detail" }, "geometry": { "type": "Point", "coordinates": [ -65.7667, 18.2333 ] } },
{ "type": "Feature", "properties": { "site_no": "RQC00665097", "station": "Lajas Substn", "begin": "<NA>", "end": "2026", "active": true, "network": "GHCN Daily", "url": "https://www.ncei.noaa.gov/cdo-web/datasets/GHCND/stations/GHCND:RQC00665097/detail" }, "geometry": { "type": "Point", "coordinates": [ -67.0722, 18.0331 ] } },
{ "type": "Feature", "properties": { "site_no": "RQC00665120", "station": "La Mina El Yunque", "begin": "<NA>", "end": "1944", "active": false, "network": "GHCN Daily", "url": "https://www.ncei.noaa.gov/cdo-web/datasets/GHCND/stations/GHCND:RQC00665120/detail" }, "geometry": { "type": "Point", "coordinates": [ -65.7833, 18.3 ] } },
{ "type": "Feature", "properties": { "site_no": "RQC00665123", "station": "La Muda Caguas", "begin": "<NA>", "end": "1994", "active": false, "network": "GHCN Daily", "url": "https://www.ncei.noaa.gov/cdo-web/datasets/GHCND/stations/GHCND:RQC00665123/detail" }, "geometry": { "type": "Point", "coordinates": [ -66.1, 18.3167 ] } },
{ "type": "Feature", "properties": { "site_no": "RQC00665175", "station": "Lares", "begin": "<NA>", "end": "1991", "active": false, "network": "GHCN Daily", "url": "https://www.ncei.noaa.gov/cdo-web/datasets/GHCND/stations/GHCND:RQC00665175/detail" }, "geometry": { "type": "Point", "coordinates": [ -66.8833, 18.2833 ] } },
{ "type": "Feature", "properties": { "site_no": "RQC00665474", "station": "Los Canos", "begin": "<NA>", "end": "1973", "active": false, "network": "GHCN Daily", "url": "https://www.ncei.noaa.gov/cdo-web/datasets/GHCND/stations/GHCND:RQC00665474/detail" }, "geometry": { "type": "Point", "coordinates": [ -66.7167, 18.4333 ] } },
{ "type": "Feature", "properties": { "site_no": "RQC00665693", "station": "Magueyes Is", "begin": "<NA>", "end": "2026", "active": true, "network": "GHCN Daily", "url": "https://www.ncei.noaa.gov/cdo-web/datasets/GHCND/stations/GHCND:RQC00665693/detail" }, "geometry": { "type": "Point", "coordinates": [ -67.0461, 17.9722 ] } },
{ "type": "Feature", "properties": { "site_no": "RQC00665807", "station": "Manati 2 E", "begin": "<NA>", "end": "2026", "active": true, "network": "GHCN Daily", "url": "https://www.ncei.noaa.gov/cdo-web/datasets/GHCND/stations/GHCND:RQC00665807/detail" }, "geometry": { "type": "Point", "coordinates": [ -66.4661, 18.4308 ] } },
{ "type": "Feature", "properties": { "site_no": "RQC00665906", "station": "Maricao", "begin": "<NA>", "end": "1969", "active": false, "network": "GHCN Daily", "url": "https://www.ncei.noaa.gov/cdo-web/datasets/GHCND/stations/GHCND:RQC00665906/detail" }, "geometry": { "type": "Point", "coordinates": [ -66.9833, 18.1833 ] } },
{ "type": "Feature", "properties": { "site_no": "RQC00665908", "station": "Maricao 2 Ssw", "begin": "<NA>", "end": "2022", "active": false, "network": "GHCN Daily", "url": "https://www.ncei.noaa.gov/cdo-web/datasets/GHCND/stations/GHCND:RQC00665908/detail" }, "geometry": { "type": "Point", "coordinates": [ -66.9889, 18.1511 ] } },
{ "type": "Feature", "properties": { "site_no": "RQC00665911", "station": "Maricao Fish Hatchery", "begin": "<NA>", "end": "2026", "active": true, "network": "GHCN Daily", "url": "https://www.ncei.noaa.gov/cdo-web/datasets/GHCND/stations/GHCND:RQC00665911/detail" }, "geometry": { "type": "Point", "coordinates": [ -66.9872, 18.1725 ] } },
{ "type": "Feature", "properties": { "site_no": "RQC00666017", "station": "Matrullas Dam", "begin": "<NA>", "end": "1981", "active": false, "network": "GHCN Daily", "url": "https://www.ncei.noaa.gov/cdo-web/datasets/GHCND/stations/GHCND:RQC00666017/detail" }, "geometry": { "type": "Point", "coordinates": [ -66.4833, 18.2167 ] } },
{ "type": "Feature", "properties": { "site_no": "RQC00666050", "station": "Maunabo", "begin": "<NA>", "end": "2003", "active": false, "network": "GHCN Daily", "url": "https://www.ncei.noaa.gov/cdo-web/datasets/GHCND/stations/GHCND:RQC00666050/detail" }, "geometry": { "type": "Point", "coordinates": [ -65.8989, 18.0094 ] } },
{ "type": "Feature", "properties": { "site_no": "RQC00666073", "station": "Mayaguez City", "begin": "<NA>", "end": "2013", "active": false, "network": "GHCN Daily", "url": "https://www.ncei.noaa.gov/cdo-web/datasets/GHCND/stations/GHCND:RQC00666073/detail" }, "geometry": { "type": "Point", "coordinates": [ -67.1378, 18.1875 ] } },
{ "type": "Feature", "properties": { "site_no": "RQC00666083", "station": "Mayaguez Ap", "begin": "<NA>", "end": "2015", "active": false, "network": "GHCN Daily", "url": "https://www.ncei.noaa.gov/cdo-web/datasets/GHCND/stations/GHCND:RQC00666083/detail" }, "geometry": { "type": "Point", "coordinates": [ -67.1486, 18.2539 ] } },
{ "type": "Feature", "properties": { "site_no": "RQC00666128", "station": "Melania Dam", "begin": "<NA>", "end": "1969", "active": false, "network": "GHCN Daily", "url": "https://www.ncei.noaa.gov/cdo-web/datasets/GHCND/stations/GHCND:RQC00666128/detail" }, "geometry": { "type": "Point", "coordinates": [ -66.15, 17.9833 ] } },
{ "type": "Feature", "properties": { "site_no": "RQC00666250", "station": "Mona Island Light Stn", "begin": "<NA>", "end": "1944", "active": false, "network": "GHCN Daily", "url": "https://www.ncei.noaa.gov/cdo-web/datasets/GHCND/stations/GHCND:RQC00666250/detail" }, "geometry": { "type": "Point", "coordinates": [ -67.85, 18.0833 ] } },
{ "type": "Feature", "properties": { "site_no": "RQC00666255", "station": "Mona Island", "begin": "<NA>", "end": "1974", "active": false, "network": "GHCN Daily", "url": "https://www.ncei.noaa.gov/cdo-web/datasets/GHCND/stations/GHCND:RQC00666255/detail" }, "geometry": { "type": "Point", "coordinates": [ -67.85, 18.0833 ] } },
{ "type": "Feature", "properties": { "site_no": "RQC00666258", "station": "Mona Island 2", "begin": "<NA>", "end": "2010", "active": false, "network": "GHCN Daily", "url": "https://www.ncei.noaa.gov/cdo-web/datasets/GHCND/stations/GHCND:RQC00666258/detail" }, "geometry": { "type": "Point", "coordinates": [ -67.9442, 18.0908 ] } },
{ "type": "Feature", "properties": { "site_no": "RQC00666270", "station": "Monte Bello Manati", "begin": "<NA>", "end": "2001", "active": false, "network": "GHCN Daily", "url": "https://www.ncei.noaa.gov/cdo-web/datasets/GHCND/stations/GHCND:RQC00666270/detail" }, "geometry": { "type": "Point", "coordinates": [ -66.5153, 18.3794 ] } },
{ "type": "Feature", "properties": { "site_no": "RQC00666343", "station": "Culebra Hill", "begin": "<NA>", "end": "2025", "active": true, "network": "GHCN Daily", "url": "https://www.ncei.noaa.gov/cdo-web/datasets/GHCND/stations/GHCND:RQC00666343/detail" }, "geometry": { "type": "Point", "coordinates": [ -65.29, 18.2972 ] } },
{ "type": "Feature", "properties": { "site_no": "RQC00666361", "station": "Mora Camp", "begin": "<NA>", "end": "2026", "active": true, "network": "GHCN Daily", "url": "https://www.ncei.noaa.gov/cdo-web/datasets/GHCND/stations/GHCND:RQC00666361/detail" }, "geometry": { "type": "Point", "coordinates": [ -67.0289, 18.4736 ] } },
{ "type": "Feature", "properties": { "site_no": "RQC00666390", "station": "Morovis 1 N", "begin": "<NA>", "end": "2026", "active": true, "network": "GHCN Daily", "url": "https://www.ncei.noaa.gov/cdo-web/datasets/GHCND/stations/GHCND:RQC00666390/detail" }, "geometry": { "type": "Point", "coordinates": [ -66.4078, 18.3344 ] } },
{ "type": "Feature", "properties": { "site_no": "RQC00666427", "station": "Naguabo 3 E", "begin": "<NA>", "end": "1983", "active": false, "network": "GHCN Daily", "url": "https://www.ncei.noaa.gov/cdo-web/datasets/GHCND/stations/GHCND:RQC00666427/detail" }, "geometry": { "type": "Point", "coordinates": [ -65.6833, 18.2167 ] } },
{ "type": "Feature", "properties": { "site_no": "RQC00666432", "station": "Naguabo 6 W", "begin": "<NA>", "end": "1967", "active": false, "network": "GHCN Daily", "url": "https://www.ncei.noaa.gov/cdo-web/datasets/GHCND/stations/GHCND:RQC00666432/detail" }, "geometry": { "type": "Point", "coordinates": [ -65.7333, 18.2333 ] } },
{ "type": "Feature", "properties": { "site_no": "RQC00666440", "station": "Naranjales", "begin": "<NA>", "end": "2009", "active": false, "network": "GHCN Daily", "url": "https://www.ncei.noaa.gov/cdo-web/datasets/GHCND/stations/GHCND:RQC00666440/detail" }, "geometry": { "type": "Point", "coordinates": [ -66.9956, 18.2097 ] } },
{ "type": "Feature", "properties": { "site_no": "RQC00666514", "station": "Negro - Corozal", "begin": "<NA>", "end": "2011", "active": false, "network": "GHCN Daily", "url": "https://www.ncei.noaa.gov/cdo-web/datasets/GHCND/stations/GHCND:RQC00666514/detail" }, "geometry": { "type": "Point", "coordinates": [ -66.3433, 18.2886 ] } },
{ "type": "Feature", "properties": { "site_no": "RQC00666725", "station": "Palma Sola", "begin": "<NA>", "end": "2024", "active": true, "network": "GHCN Daily", "url": "https://www.ncei.noaa.gov/cdo-web/datasets/GHCND/stations/GHCND:RQC00666725/detail" }, "geometry": { "type": "Point", "coordinates": [ -65.8664, 18.3169 ] } },
{ "type": "Feature", "properties": { "site_no": "RQC00666730", "station": "Palmarejo Vega Baja", "begin": "<NA>", "end": "2026", "active": true, "network": "GHCN Daily", "url": "https://www.ncei.noaa.gov/cdo-web/datasets/GHCND/stations/GHCND:RQC00666730/detail" }, "geometry": { "type": "Point", "coordinates": [ -66.43, 18.3853 ] } },
{ "type": "Feature", "properties": { "site_no": "RQC00666740", "station": "Palmarito", "begin": "<NA>", "end": "1975", "active": false, "network": "GHCN Daily", "url": "https://www.ncei.noaa.gov/cdo-web/datasets/GHCND/stations/GHCND:RQC00666740/detail" }, "geometry": { "type": "Point", "coordinates": [ -66.35, 18.2833 ] } },
{ "type": "Feature", "properties": { "site_no": "RQC00666805", "station": "Paraiso", "begin": "<NA>", "end": "2026", "active": true, "network": "GHCN Daily", "url": "https://www.ncei.noaa.gov/cdo-web/datasets/GHCND/stations/GHCND:RQC00666805/detail" }, "geometry": { "type": "Point", "coordinates": [ -65.7208, 18.265 ] } },
{ "type": "Feature", "properties": { "site_no": "RQC00666900", "station": "Patillas", "begin": "<NA>", "end": "2003", "active": false, "network": "GHCN Daily", "url": "https://www.ncei.noaa.gov/cdo-web/datasets/GHCND/stations/GHCND:RQC00666900/detail" }, "geometry": { "type": "Point", "coordinates": [ -66.0128, 18.0025 ] } },
{ "type": "Feature", "properties": { "site_no": "RQC00666904", "station": "Patillas Dam", "begin": "<NA>", "end": "1969", "active": false, "network": "GHCN Daily", "url": "https://www.ncei.noaa.gov/cdo-web/datasets/GHCND/stations/GHCND:RQC00666904/detail" }, "geometry": { "type": "Point", "coordinates": [ -66.0333, 18.0333 ] } },
{ "type": "Feature", "properties": { "site_no": "RQC00666982", "station": "Penuelas Salto Garzas", "begin": "<NA>", "end": "1971", "active": false, "network": "GHCN Daily", "url": "https://www.ncei.noaa.gov/cdo-web/datasets/GHCND/stations/GHCND:RQC00666982/detail" }, "geometry": { "type": "Point", "coordinates": [ -66.7333, 18.0833 ] } },
{ "type": "Feature", "properties": { "site_no": "RQC00666983", "station": "Penuelas 1 E", "begin": "<NA>", "end": "2015", "active": false, "network": "GHCN Daily", "url": "https://www.ncei.noaa.gov/cdo-web/datasets/GHCND/stations/GHCND:RQC00666983/detail" }, "geometry": { "type": "Point", "coordinates": [ -66.7183, 18.0586 ] } },
{ "type": "Feature", "properties": { "site_no": "RQC00666992", "station": "Pico Del Este", "begin": "<NA>", "end": "2005", "active": false, "network": "GHCN Daily", "url": "https://www.ncei.noaa.gov/cdo-web/datasets/GHCND/stations/GHCND:RQC00666992/detail" }, "geometry": { "type": "Point", "coordinates": [ -65.7592, 18.2708 ] } },
{ "type": "Feature", "properties": { "site_no": "RQC00667292", "station": "Ponce 4 E", "begin": "<NA>", "end": "2026", "active": true, "network": "GHCN Daily", "url": "https://www.ncei.noaa.gov/cdo-web/datasets/GHCND/stations/GHCND:RQC00667292/detail" }, "geometry": { "type": "Point", "coordinates": [ -66.5253, 18.0258 ] } },
{ "type": "Feature", "properties": { "site_no": "RQC00667295", "station": "Ponce City", "begin": "<NA>", "end": "1998", "active": false, "network": "GHCN Daily", "url": "https://www.ncei.noaa.gov/cdo-web/datasets/GHCND/stations/GHCND:RQC00667295/detail" }, "geometry": { "type": "Point", "coordinates": [ -66.6294, 17.985 ] } },
{ "type": "Feature", "properties": { "site_no": "RQC00667297", "station": "Ponce Mercedita Ap", "begin": "<NA>", "end": "1968", "active": false, "network": "GHCN Daily", "url": "https://www.ncei.noaa.gov/cdo-web/datasets/GHCND/stations/GHCND:RQC00667297/detail" }, "geometry": { "type": "Point", "coordinates": [ -66.5667, 18.0167 ] } },
{ "type": "Feature", "properties": { "site_no": "RQC00667348", "station": "Potala", "begin": "<NA>", "end": "1969", "active": false, "network": "GHCN Daily", "url": "https://www.ncei.noaa.gov/cdo-web/datasets/GHCND/stations/GHCND:RQC00667348/detail" }, "geometry": { "type": "Point", "coordinates": [ -66.5167, 18.0167 ] } },
{ "type": "Feature", "properties": { "site_no": "RQC00667492", "station": "Puerto Real", "begin": "<NA>", "end": "2001", "active": false, "network": "GHCN Daily", "url": "https://www.ncei.noaa.gov/cdo-web/datasets/GHCND/stations/GHCND:RQC00667492/detail" }, "geometry": { "type": "Point", "coordinates": [ -67.1769, 18.0789 ] } },
{ "type": "Feature", "properties": { "site_no": "RQC00667843", "station": "Quebradillas", "begin": "<NA>", "end": "2000", "active": false, "network": "GHCN Daily", "url": "https://www.ncei.noaa.gov/cdo-web/datasets/GHCND/stations/GHCND:RQC00667843/detail" }, "geometry": { "type": "Point", "coordinates": [ -66.9358, 18.4719 ] } },
{ "type": "Feature", "properties": { "site_no": "RQC00668122", "station": "Rincon 2 Nnw", "begin": "<NA>", "end": "1968", "active": false, "network": "GHCN Daily", "url": "https://www.ncei.noaa.gov/cdo-web/datasets/GHCND/stations/GHCND:RQC00668122/detail" }, "geometry": { "type": "Point", "coordinates": [ -67.25, 18.3667 ] } },
{ "type": "Feature", "properties": { "site_no": "RQC00668126", "station": "Rincon", "begin": "<NA>", "end": "2026", "active": true, "network": "GHCN Daily", "url": "https://www.ncei.noaa.gov/cdo-web/datasets/GHCND/stations/GHCND:RQC00668126/detail" }, "geometry": { "type": "Point", "coordinates": [ -67.2497, 18.3375 ] } },
{ "type": "Feature", "properties": { "site_no": "RQC00668144", "station": "Rio Blanco Lower", "begin": "<NA>", "end": "2026", "active": true, "network": "GHCN Daily", "url": "https://www.ncei.noaa.gov/cdo-web/datasets/GHCND/stations/GHCND:RQC00668144/detail" }, "geometry": { "type": "Point", "coordinates": [ -65.785, 18.2428 ] } },
{ "type": "Feature", "properties": { "site_no": "RQC00668155", "station": "Rio Blanco Upper", "begin": "<NA>", "end": "1974", "active": false, "network": "GHCN Daily", "url": "https://www.ncei.noaa.gov/cdo-web/datasets/GHCND/stations/GHCND:RQC00668155/detail" }, "geometry": { "type": "Point", "coordinates": [ -65.7833, 18.2833 ] } },
{ "type": "Feature", "properties": { "site_no": "RQC00668178", "station": "Rio Canas", "begin": "<NA>", "end": "1969", "active": false, "network": "GHCN Daily", "url": "https://www.ncei.noaa.gov/cdo-web/datasets/GHCND/stations/GHCND:RQC00668178/detail" }, "geometry": { "type": "Point", "coordinates": [ -66.4667, 18.0333 ] } },
{ "type": "Feature", "properties": { "site_no": "RQC00668245", "station": "Rio Grande El Verde", "begin": "<NA>", "end": "1987", "active": false, "network": "GHCN Daily", "url": "https://www.ncei.noaa.gov/cdo-web/datasets/GHCND/stations/GHCND:RQC00668245/detail" }, "geometry": { "type": "Point", "coordinates": [ -65.8167, 18.3333 ] } },
{ "type": "Feature", "properties": { "site_no": "RQC00668278", "station": "Rio Jueyes", "begin": "<NA>", "end": "1969", "active": false, "network": "GHCN Daily", "url": "https://www.ncei.noaa.gov/cdo-web/datasets/GHCND/stations/GHCND:RQC00668278/detail" }, "geometry": { "type": "Point", "coordinates": [ -66.35, 18.0167 ] } },
{ "type": "Feature", "properties": { "site_no": "RQC00668301", "station": "Rio Piedras", "begin": "<NA>", "end": "1961", "active": false, "network": "GHCN Daily", "url": "https://www.ncei.noaa.gov/cdo-web/datasets/GHCND/stations/GHCND:RQC00668301/detail" }, "geometry": { "type": "Point", "coordinates": [ -66.0667, 18.4 ] } },
{ "type": "Feature", "properties": { "site_no": "RQC00668306", "station": "Rio Piedras Exp Stn", "begin": "<NA>", "end": "2020", "active": false, "network": "GHCN Daily", "url": "https://www.ncei.noaa.gov/cdo-web/datasets/GHCND/stations/GHCND:RQC00668306/detail" }, "geometry": { "type": "Point", "coordinates": [ -66.0542, 18.3906 ] } },
{ "type": "Feature", "properties": { "site_no": "RQC00668535", "station": "Sabana Grande 2 Ene", "begin": "<NA>", "end": "1977", "active": false, "network": "GHCN Daily", "url": "https://www.ncei.noaa.gov/cdo-web/datasets/GHCND/stations/GHCND:RQC00668535/detail" }, "geometry": { "type": "Point", "coordinates": [ -66.9333, 18.0833 ] } },
{ "type": "Feature", "properties": { "site_no": "RQC00668536", "station": "Sabana Grande 2 Ene", "begin": "<NA>", "end": "2026", "active": true, "network": "GHCN Daily", "url": "https://www.ncei.noaa.gov/cdo-web/datasets/GHCND/stations/GHCND:RQC00668536/detail" }, "geometry": { "type": "Point", "coordinates": [ -66.93, 18.0889 ] } },
{ "type": "Feature", "properties": { "site_no": "RQC00668623", "station": "Sabater", "begin": "<NA>", "end": "1969", "active": false, "network": "GHCN Daily", "url": "https://www.ncei.noaa.gov/cdo-web/datasets/GHCND/stations/GHCND:RQC00668623/detail" }, "geometry": { "type": "Point", "coordinates": [ -66.2333, 17.9833 ] } },
{ "type": "Feature", "properties": { "site_no": "RQC00668634", "station": "St Just", "begin": "<NA>", "end": "1966", "active": false, "network": "GHCN Daily", "url": "https://www.ncei.noaa.gov/cdo-web/datasets/GHCND/stations/GHCND:RQC00668634/detail" }, "geometry": { "type": "Point", "coordinates": [ -66.0, 18.3833 ] } },
{ "type": "Feature", "properties": { "site_no": "RQC00668684", "station": "Saltillo 2 Adjuntas", "begin": "<NA>", "end": "1991", "active": false, "network": "GHCN Daily", "url": "https://www.ncei.noaa.gov/cdo-web/datasets/GHCND/stations/GHCND:RQC00668684/detail" }, "geometry": { "type": "Point", "coordinates": [ -66.7333, 18.1333 ] } },
{ "type": "Feature", "properties": { "site_no": "RQC00668745", "station": "San Cristobal", "begin": "<NA>", "end": "1972", "active": false, "network": "GHCN Daily", "url": "https://www.ncei.noaa.gov/cdo-web/datasets/GHCND/stations/GHCND:RQC00668745/detail" }, "geometry": { "type": "Point", "coordinates": [ -65.7333, 18.2167 ] } },
{ "type": "Feature", "properties": { "site_no": "RQC00668757", "station": "San German 4 W", "begin": "<NA>", "end": "1973", "active": false, "network": "GHCN Daily", "url": "https://www.ncei.noaa.gov/cdo-web/datasets/GHCND/stations/GHCND:RQC00668757/detail" }, "geometry": { "type": "Point", "coordinates": [ -67.1, 18.0833 ] } },
{ "type": "Feature", "properties": { "site_no": "RQC00668811", "station": "San Juan Wb Ap", "begin": "<NA>", "end": "1955", "active": false, "network": "GHCN Daily", "url": "https://www.ncei.noaa.gov/cdo-web/datasets/GHCND/stations/GHCND:RQC00668811/detail" }, "geometry": { "type": "Point", "coordinates": [ -66.1, 18.45 ] } },
{ "type": "Feature", "properties": { "site_no": "RQC00668814", "station": "Wfo San Juan", "begin": "<NA>", "end": "2026", "active": true, "network": "GHCN Daily", "url": "https://www.ncei.noaa.gov/cdo-web/datasets/GHCND/stations/GHCND:RQC00668814/detail" }, "geometry": { "type": "Point", "coordinates": [ -65.9917, 18.4311 ] } },
{ "type": "Feature", "properties": { "site_no": "RQC00668815", "station": "San Lorenzo 1Sw", "begin": "<NA>", "end": "2026", "active": true, "network": "GHCN Daily", "url": "https://www.ncei.noaa.gov/cdo-web/datasets/GHCND/stations/GHCND:RQC00668815/detail" }, "geometry": { "type": "Point", "coordinates": [ -65.9686, 18.1842 ] } },
{ "type": "Feature", "properties": { "site_no": "RQC00668817", "station": "San Lorenzo Espino", "begin": "<NA>", "end": "1959", "active": false, "network": "GHCN Daily", "url": "https://www.ncei.noaa.gov/cdo-web/datasets/GHCND/stations/GHCND:RQC00668817/detail" }, "geometry": { "type": "Point", "coordinates": [ -66.0, 18.1 ] } },
{ "type": "Feature", "properties": { "site_no": "RQC00668822", "station": "San Lorenzo Farm 2 Nw", "begin": "<NA>", "end": "1988", "active": false, "network": "GHCN Daily", "url": "https://www.ncei.noaa.gov/cdo-web/datasets/GHCND/stations/GHCND:RQC00668822/detail" }, "geometry": { "type": "Point", "coordinates": [ -65.9667, 18.2 ] } },
{ "type": "Feature", "properties": { "site_no": "RQC00668881", "station": "San Sebastian 2 Wnw", "begin": "<NA>", "end": "1997", "active": false, "network": "GHCN Daily", "url": "https://www.ncei.noaa.gov/cdo-web/datasets/GHCND/stations/GHCND:RQC00668881/detail" }, "geometry": { "type": "Point", "coordinates": [ -67.0119, 18.3469 ] } },
{ "type": "Feature", "properties": { "site_no": "RQC00668940", "station": "Santa Isabel 2 Ene", "begin": "<NA>", "end": "2012", "active": false, "network": "GHCN Daily", "url": "https://www.ncei.noaa.gov/cdo-web/datasets/GHCND/stations/GHCND:RQC00668940/detail" }, "geometry": { "type": "Point", "coordinates": [ -66.3772, 17.9692 ] } },
{ "type": "Feature", "properties": { "site_no": "RQC00668955", "station": "Santa Rita", "begin": "<NA>", "end": "2017", "active": false, "network": "GHCN Daily", "url": "https://www.ncei.noaa.gov/cdo-web/datasets/GHCND/stations/GHCND:RQC00668955/detail" }, "geometry": { "type": "Point", "coordinates": [ -66.8847, 18.0097 ] } },
{ "type": "Feature", "properties": { "site_no": "RQC00669116", "station": "Siesta Alegre", "begin": "<NA>", "end": "2006", "active": false, "network": "GHCN Daily", "url": "https://www.ncei.noaa.gov/cdo-web/datasets/GHCND/stations/GHCND:RQC00669116/detail" }, "geometry": { "type": "Point", "coordinates": [ -65.8283, 18.3578 ] } },
{ "type": "Feature", "properties": { "site_no": "RQC00669415", "station": "Toa Baja Levittown", "begin": "<NA>", "end": "2026", "active": true, "network": "GHCN Daily", "url": "https://www.ncei.noaa.gov/cdo-web/datasets/GHCND/stations/GHCND:RQC00669415/detail" }, "geometry": { "type": "Point", "coordinates": [ -66.1678, 18.4356 ] } },
{ "type": "Feature", "properties": { "site_no": "RQC00669421", "station": "Toa Baja 1 Ssw", "begin": "<NA>", "end": "1994", "active": false, "network": "GHCN Daily", "url": "https://www.ncei.noaa.gov/cdo-web/datasets/GHCND/stations/GHCND:RQC00669421/detail" }, "geometry": { "type": "Point", "coordinates": [ -66.2667, 18.4333 ] } },
{ "type": "Feature", "properties": { "site_no": "RQC00669432", "station": "Toro Negro Forest", "begin": "<NA>", "end": "2026", "active": true, "network": "GHCN Daily", "url": "https://www.ncei.noaa.gov/cdo-web/datasets/GHCND/stations/GHCND:RQC00669432/detail" }, "geometry": { "type": "Point", "coordinates": [ -66.4928, 18.1731 ] } },
{ "type": "Feature", "properties": { "site_no": "RQC00669466", "station": "Toro Negro Plt 2", "begin": "<NA>", "end": "1981", "active": false, "network": "GHCN Daily", "url": "https://www.ncei.noaa.gov/cdo-web/datasets/GHCND/stations/GHCND:RQC00669466/detail" }, "geometry": { "type": "Point", "coordinates": [ -66.5167, 18.1667 ] } },
{ "type": "Feature", "properties": { "site_no": "RQC00669521", "station": "Trujillo Alto 2 Ssw", "begin": "<NA>", "end": "2026", "active": true, "network": "GHCN Daily", "url": "https://www.ncei.noaa.gov/cdo-web/datasets/GHCND/stations/GHCND:RQC00669521/detail" }, "geometry": { "type": "Point", "coordinates": [ -66.0164, 18.3283 ] } },
{ "type": "Feature", "properties": { "site_no": "RQC00669608", "station": "Utuado", "begin": "<NA>", "end": "1998", "active": false, "network": "GHCN Daily", "url": "https://www.ncei.noaa.gov/cdo-web/datasets/GHCND/stations/GHCND:RQC00669608/detail" }, "geometry": { "type": "Point", "coordinates": [ -66.6864, 18.2617 ] } },
{ "type": "Feature", "properties": { "site_no": "RQC00669763", "station": "Vieques Island", "begin": "<NA>", "end": "1976", "active": false, "network": "GHCN Daily", "url": "https://www.ncei.noaa.gov/cdo-web/datasets/GHCND/stations/GHCND:RQC00669763/detail" }, "geometry": { "type": "Point", "coordinates": [ -65.4167, 18.1167 ] } },
{ "type": "Feature", "properties": { "site_no": "RQC00669766", "station": "Vieques Island #2", "begin": "<NA>", "end": "1994", "active": false, "network": "GHCN Daily", "url": "https://www.ncei.noaa.gov/cdo-web/datasets/GHCND/stations/GHCND:RQC00669766/detail" }, "geometry": { "type": "Point", "coordinates": [ -65.4333, 18.1333 ] } },
{ "type": "Feature", "properties": { "site_no": "RQC00669774", "station": "Villalba 1 Se", "begin": "<NA>", "end": "2015", "active": false, "network": "GHCN Daily", "url": "https://www.ncei.noaa.gov/cdo-web/datasets/GHCND/stations/GHCND:RQC00669774/detail" }, "geometry": { "type": "Point", "coordinates": [ -66.5056, 18.1094 ] } },
{ "type": "Feature", "properties": { "site_no": "RQC00669829", "station": "Yabucoa 3 Se", "begin": "<NA>", "end": "2026", "active": true, "network": "GHCN Daily", "url": "https://www.ncei.noaa.gov/cdo-web/datasets/GHCND/stations/GHCND:RQC00669829/detail" }, "geometry": { "type": "Point", "coordinates": [ -65.8394, 18.0386 ] } },
{ "type": "Feature", "properties": { "site_no": "RQC00669860", "station": "Yauco 1 Nw", "begin": "<NA>", "end": "2010", "active": false, "network": "GHCN Daily", "url": "https://www.ncei.noaa.gov/cdo-web/datasets/GHCND/stations/GHCND:RQC00669860/detail" }, "geometry": { "type": "Point", "coordinates": [ -66.8606, 18.0436 ] } },
{ "type": "Feature", "properties": { "site_no": "RQC00669862", "station": "Yauco 1 S", "begin": "<NA>", "end": "1969", "active": false, "network": "GHCN Daily", "url": "https://www.ncei.noaa.gov/cdo-web/datasets/GHCND/stations/GHCND:RQC00669862/detail" }, "geometry": { "type": "Point", "coordinates": [ -66.85, 18.0167 ] } },
{ "type": "Feature", "properties": { "site_no": "RQC00669884", "station": "Yaurel 3 Nne", "begin": "<NA>", "end": "1969", "active": false, "network": "GHCN Daily", "url": "https://www.ncei.noaa.gov/cdo-web/datasets/GHCND/stations/GHCND:RQC00669884/detail" }, "geometry": { "type": "Point", "coordinates": [ -66.0667, 17.9833 ] } },
{ "type": "Feature", "properties": { "site_no": "RQW00011603", "station": "Borinquen Ap", "begin": "<NA>", "end": "2014", "active": false, "network": "GHCN Daily", "url": "https://www.ncei.noaa.gov/cdo-web/datasets/GHCND/stations/GHCND:RQW00011603/detail" }, "geometry": { "type": "Point", "coordinates": [ -67.1294, 18.4981 ] } },
{ "type": "Feature", "properties": { "site_no": "RQW00011618", "station": "San Juan Ns", "begin": "<NA>", "end": "1962", "active": false, "network": "GHCN Daily", "url": "https://www.ncei.noaa.gov/cdo-web/datasets/GHCND/stations/GHCND:RQW00011618/detail" }, "geometry": { "type": "Point", "coordinates": [ -66.1167, 18.4667 ] } },
{ "type": "Feature", "properties": { "site_no": "RQW00011630", "station": "Roosevelt Roads", "begin": "<NA>", "end": "2026", "active": true, "network": "GHCN Daily", "url": "https://www.ncei.noaa.gov/cdo-web/datasets/GHCND/stations/GHCND:RQW00011630/detail" }, "geometry": { "type": "Point", "coordinates": [ -65.6411, 18.2553 ] } },
{ "type": "Feature", "properties": { "site_no": "RQW00011631", "station": "San Juan City", "begin": "<NA>", "end": "1977", "active": false, "network": "GHCN Daily", "url": "https://www.ncei.noaa.gov/cdo-web/datasets/GHCND/stations/GHCND:RQW00011631/detail" }, "geometry": { "type": "Point", "coordinates": [ -66.1, 18.4667 ] } },
{ "type": "Feature", "properties": { "site_no": "RQW00011637", "station": "Ponce Santa Isabel", "begin": "<NA>", "end": "1954", "active": false, "network": "GHCN Daily", "url": "https://www.ncei.noaa.gov/cdo-web/datasets/GHCND/stations/GHCND:RQW00011637/detail" }, "geometry": { "type": "Point", "coordinates": [ -66.4, 17.9667 ] } },
{ "type": "Feature", "properties": { "site_no": "RQW00011641", "station": "San Juan L M Marin Intl Ap", "begin": "<NA>", "end": "2026", "active": true, "network": "GHCN Daily", "url": "https://www.ncei.noaa.gov/cdo-web/datasets/GHCND/stations/GHCND:RQW00011641/detail" }, "geometry": { "type": "Point", "coordinates": [ -66.0106, 18.4325 ] } }
]
}
