{
"type": "FeatureCollection",
"name": "huc12",
"crs": { "type": "name", "properties": { "name": "urn:ogc:def:crs:OGC:1.3:CRS84" } },
"xy_coordinate_resolution": 1e-05,
"features": [
{ "type": "Feature", "properties": { "huc12": "210100020208", "name": "Rio Toro Negro", "areasqkm": 65.29 }, "geometry": { "type": "Polygon", "coordinates": [ [ [ -66.45012, 18.28603 ], [ -66.44872, 18.28773 ], [ -66.4481, 18.29034 ], [ -66.44708, 18.29101 ], [ -66.44601, 18.29247 ], [ -66.44562, 18.29458 ], [ -66.44567, 18.29513 ], [ -66.44769, 18.29713 ], [ -66.44791, 18.29913 ], [ -66.44891, 18.30121 ], [ -66.45139, 18.30182 ], [ -66.45315, 18.30329 ], [ -66.45601, 18.30453 ], [ -66.45741, 18.30387 ], [ -66.45836, 18.30482 ], [ -66.46077, 18.30507 ], [ -66.46328, 18.30404 ], [ -66.46489, 18.30403 ], [ -66.4683, 18.30518 ], [ -66.47027, 18.3063 ], [ -66.47115, 18.30508 ], [ -66.47294, 18.3064 ], [ -66.4746, 18.30688 ], [ -66.47681, 18.30829 ], [ -66.47755, 18.30795 ], [ -66.47742, 18.30736 ], [ -66.4782, 18.30479 ], [ -66.47927, 18.30329 ], [ -66.47965, 18.30127 ], [ -66.48035, 18.30125 ], [ -66.4815, 18.30213 ], [ -66.48348, 18.30154 ], [ -66.48441, 18.30161 ], [ -66.4853, 18.30054 ], [ -66.487, 18.30005 ], [ -66.48825, 18.30105 ], [ -66.48871, 18.30103 ], [ -66.4899, 18.29991 ], [ -66.49034, 18.29735 ], [ -66.49158, 18.29597 ], [ -66.49256, 18.29581 ], [ -66.49419, 18.29656 ], [ -66.49562, 18.29675 ], [ -66.49698, 18.29594 ], [ -66.49786, 18.29446 ], [ -66.50202, 18.29359 ], [ -66.50411, 18.29175 ], [ -66.50664, 18.29193 ], [ -66.50802, 18.29158 ], [ -66.50857, 18.29025 ], [ -66.50823, 18.28891 ], [ -66.50869, 18.28829 ], [ -66.50883, 18.28733 ], [ -66.50776, 18.28583 ], [ -66.50944, 18.28381 ], [ -66.50998, 18.28361 ], [ -66.51035, 18.28197 ], [ -66.51012, 18.2801 ], [ -66.51064, 18.2779 ], [ -66.5099, 18.27693 ], [ -66.50992, 18.27636 ], [ -66.51247, 18.27562 ], [ -66.51511, 18.27593 ], [ -66.51502, 18.27487 ], [ -66.51556, 18.27319 ], [ -66.51457, 18.27137 ], [ -66.51612, 18.27087 ], [ -66.51654, 18.27032 ], [ -66.51779, 18.27005 ], [ -66.5183, 18.26955 ], [ -66.51936, 18.2694 ], [ -66.52056, 18.26826 ], [ -66.52149, 18.26801 ], [ -66.52145, 18.26737 ], [ -66.52049, 18.26663 ], [ -66.52, 18.26561 ], [ -66.51837, 18.26456 ], [ -66.51667, 18.26257 ], [ -66.51617, 18.26102 ], [ -66.51504, 18.25959 ], [ -66.514, 18.25857 ], [ -66.51314, 18.25826 ], [ -66.51351, 18.25732 ], [ -66.51244, 18.25693 ], [ -66.51216, 18.2556 ], [ -66.51144, 18.25475 ], [ -66.51239, 18.25389 ], [ -66.51609, 18.25349 ], [ -66.51683, 18.25166 ], [ -66.5176, 18.2508 ], [ -66.51704, 18.25001 ], [ -66.51802, 18.24806 ], [ -66.51789, 18.24677 ], [ -66.52011, 18.24377 ], [ -66.52022, 18.24202 ], [ -66.51789, 18.24022 ], [ -66.51754, 18.23718 ], [ -66.51942, 18.23684 ], [ -66.52269, 18.23546 ], [ -66.52313, 18.23457 ], [ -66.52425, 18.23386 ], [ -66.52454, 18.23331 ], [ -66.52398, 18.2314 ], [ -66.52485, 18.22962 ], [ -66.52474, 18.22854 ], [ -66.52704, 18.22716 ], [ -66.52999, 18.2266 ], [ -66.53012, 18.22461 ], [ -66.52965, 18.22364 ], [ -66.53011, 18.22239 ], [ -66.52997, 18.21978 ], [ -66.53015, 18.2189 ], [ -66.53131, 18.21766 ], [ -66.53134, 18.21624 ], [ -66.53238, 18.21646 ], [ -66.5337, 18.21615 ], [ -66.53461, 18.21535 ], [ -66.53693, 18.21449 ], [ -66.53796, 18.21316 ], [ -66.53747, 18.21063 ], [ -66.53661, 18.2089 ], [ -66.53657, 18.2063 ], [ -66.53496, 18.20466 ], [ -66.53482, 18.20368 ], [ -66.53393, 18.20252 ], [ -66.5335, 18.20133 ], [ -66.53257, 18.2003 ], [ -66.5331, 18.19873 ], [ -66.53269, 18.19764 ], [ -66.533, 18.19623 ], [ -66.53582, 18.19262 ], [ -66.53558, 18.19118 ], [ -66.53654, 18.1895 ], [ -66.53665, 18.1883 ], [ -66.53557, 18.18677 ], [ -66.53472, 18.18654 ], [ -66.53394, 18.18548 ], [ -66.53379, 18.18388 ], [ -66.53268, 18.18287 ], [ -66.53191, 18.18112 ], [ -66.53107, 18.18014 ], [ -66.53272, 18.1765 ], [ -66.53335, 18.17642 ], [ -66.53579, 18.17727 ], [ -66.53713, 18.17595 ], [ -66.5386, 18.17627 ], [ -66.53774, 18.17489 ], [ -66.5374, 18.17325 ], [ -66.53486, 18.17233 ], [ -66.533, 18.17093 ], [ -66.53146, 18.17051 ], [ -66.52956, 18.16876 ], [ -66.52903, 18.16633 ], [ -66.5282, 18.16438 ], [ -66.52813, 18.16313 ], [ -66.52864, 18.16188 ], [ -66.52852, 18.16023 ], [ -66.52568, 18.15944 ], [ -66.52389, 18.15857 ], [ -66.52258, 18.15747 ], [ -66.5223, 18.15655 ], [ -66.52178, 18.15616 ], [ -66.52198, 18.15454 ], [ -66.52237, 18.15401 ], [ -66.52204, 18.15268 ], [ -66.52116, 18.15282 ], [ -66.51935, 18.15434 ], [ -66.51749, 18.15462 ], [ -66.51622, 18.15443 ], [ -66.51338, 18.15576 ], [ -66.51173, 18.1573 ], [ -66.51174, 18.15825 ], [ -66.51088, 18.15915 ], [ -66.51061, 18.15989 ], [ -66.50992, 18.15993 ], [ -66.50948, 18.16044 ], [ -66.50857, 18.16075 ], [ -66.50498, 18.16414 ], [ -66.50362, 18.16436 ], [ -66.50264, 18.16499 ], [ -66.50107, 18.16442 ], [ -66.49908, 18.16486 ], [ -66.49716, 18.1656 ], [ -66.49645, 18.16701 ], [ -66.49431, 18.16649 ], [ -66.49299, 18.16658 ], [ -66.49123, 18.16731 ], [ -66.48919, 18.16618 ], [ -66.48813, 18.16626 ], [ -66.48715, 18.16708 ], [ -66.4859, 18.16666 ], [ -66.48484, 18.16826 ], [ -66.48251, 18.16959 ], [ -66.48058, 18.17018 ], [ -66.48092, 18.17179 ], [ -66.48188, 18.17193 ], [ -66.48228, 18.17313 ], [ -66.48373, 18.1747 ], [ -66.48733, 18.17506 ], [ -66.48718, 18.17696 ], [ -66.48752, 18.17816 ], [ -66.48884, 18.17917 ], [ -66.48944, 18.18006 ], [ -66.48836, 18.18196 ], [ -66.48843, 18.1827 ], [ -66.48939, 18.18379 ], [ -66.48944, 18.18578 ], [ -66.49117, 18.18688 ], [ -66.49104, 18.18855 ], [ -66.48988, 18.18996 ], [ -66.49044, 18.19061 ], [ -66.49128, 18.19284 ], [ -66.49094, 18.19388 ], [ -66.49162, 18.1941 ], [ -66.49244, 18.1949 ], [ -66.49275, 18.19659 ], [ -66.49339, 18.19743 ], [ -66.49391, 18.19756 ], [ -66.49386, 18.19876 ], [ -66.49318, 18.2008 ], [ -66.49207, 18.20112 ], [ -66.49069, 18.20094 ], [ -66.48949, 18.20212 ], [ -66.48764, 18.20454 ], [ -66.4867, 18.20757 ], [ -66.48803, 18.20845 ], [ -66.48785, 18.21022 ], [ -66.48896, 18.21175 ], [ -66.48966, 18.21379 ], [ -66.48937, 18.21508 ], [ -66.48791, 18.21576 ], [ -66.48797, 18.21704 ], [ -66.49105, 18.22278 ], [ -66.48959, 18.22347 ], [ -66.4892, 18.22429 ], [ -66.48988, 18.22788 ], [ -66.49131, 18.23048 ], [ -66.4912, 18.23097 ], [ -66.49032, 18.23177 ], [ -66.49037, 18.23268 ], [ -66.49114, 18.23323 ], [ -66.49154, 18.23405 ], [ -66.49325, 18.23472 ], [ -66.49423, 18.23593 ], [ -66.49439, 18.23768 ], [ -66.49402, 18.23885 ], [ -66.49667, 18.24035 ], [ -66.49598, 18.24316 ], [ -66.49614, 18.24563 ], [ -66.5004, 18.25367 ], [ -66.50106, 18.25626 ], [ -66.49998, 18.25696 ], [ -66.49836, 18.25735 ], [ -66.49664, 18.25927 ], [ -66.49501, 18.2579 ], [ -66.49364, 18.25795 ], [ -66.49235, 18.257 ], [ -66.48968, 18.25743 ], [ -66.48598, 18.25669 ], [ -66.4847, 18.25743 ], [ -66.48372, 18.25688 ], [ -66.48345, 18.25569 ], [ -66.48255, 18.25517 ], [ -66.48173, 18.25512 ], [ -66.48045, 18.25412 ], [ -66.47771, 18.25323 ], [ -66.47688, 18.25197 ], [ -66.4753, 18.25127 ], [ -66.47516, 18.25339 ], [ -66.47709, 18.25662 ], [ -66.47629, 18.25813 ], [ -66.47637, 18.25851 ], [ -66.47969, 18.26169 ], [ -66.47962, 18.26261 ], [ -66.48041, 18.26244 ], [ -66.48075, 18.2627 ], [ -66.48094, 18.26439 ], [ -66.48227, 18.26425 ], [ -66.48349, 18.26611 ], [ -66.48302, 18.26827 ], [ -66.48126, 18.26991 ], [ -66.48076, 18.26995 ], [ -66.48067, 18.27133 ], [ -66.48229, 18.27286 ], [ -66.48109, 18.27316 ], [ -66.48067, 18.27402 ], [ -66.48094, 18.27494 ], [ -66.48068, 18.27539 ], [ -66.47967, 18.27632 ], [ -66.47531, 18.27611 ], [ -66.47431, 18.27799 ], [ -66.47219, 18.27847 ], [ -66.47193, 18.27959 ], [ -66.47114, 18.27979 ], [ -66.46977, 18.28086 ], [ -66.47015, 18.28283 ], [ -66.46903, 18.2845 ], [ -66.46838, 18.28488 ], [ -66.46707, 18.28501 ], [ -66.46432, 18.28634 ], [ -66.46285, 18.29001 ], [ -66.46087, 18.2912 ], [ -66.46117, 18.29387 ], [ -66.45993, 18.29529 ], [ -66.45937, 18.29511 ], [ -66.45792, 18.29348 ], [ -66.45555, 18.29342 ], [ -66.45461, 18.29268 ], [ -66.45347, 18.29111 ], [ -66.45278, 18.28912 ], [ -66.45158, 18.28822 ], [ -66.45012, 18.28603 ] ] ] } },
{ "type": "Feature", "properties": { "huc12": "210100040310", "name": "Rio Inabon at mouth", "areasqkm": 66.06 }, "geometry": { "type": "Polygon", "coordinates": [ [ [ -66.55252, 18.15215 ], [ -66.55367, 18.15233 ], [ -66.55415, 18.15302 ], [ -66.55579, 18.15289 ], [ -66.55649, 18.15354 ], [ -66.55874, 18.15342 ], [ -66.56163, 18.15492 ], [ -66.56129, 18.15716 ], [ -66.56154, 18.15758 ], [ -66.56463, 18.15875 ], [ -66.5667, 18.15876 ], [ -66.5673, 18.15951 ], [ -66.56759, 18.16138 ], [ -66.56989, 18.16272 ], [ -66.57056, 18.16349 ], [ -66.57199, 18.16389 ], [ -66.57238, 18.16468 ], [ -66.57172, 18.16597 ], [ -66.57313, 18.16631 ], [ -66.57381, 18.1669 ], [ -66.57407, 18.16776 ], [ -66.57493, 18.16803 ], [ -66.57611, 18.16754 ], [ -66.57784, 18.16619 ], [ -66.57902, 18.16317 ], [ -66.57971, 18.16259 ], [ -66.58123, 18.16179 ], [ -66.58449, 18.1611 ], [ -66.58603, 18.16035 ], [ -66.58786, 18.16024 ], [ -66.59098, 18.15876 ], [ -66.59264, 18.15888 ], [ -66.59345, 18.15814 ], [ -66.59404, 18.15716 ], [ -66.59482, 18.15437 ], [ -66.59597, 18.15341 ], [ -66.59715, 18.15152 ], [ -66.5978, 18.1486 ], [ -66.59805, 18.14493 ], [ -66.5994, 18.14431 ], [ -66.60033, 18.14326 ], [ -66.60041, 18.14217 ], [ -66.60121, 18.14175 ], [ -66.60106, 18.14072 ], [ -66.60133, 18.13946 ], [ -66.60089, 18.13877 ], [ -66.59758, 18.1373 ], [ -66.59706, 18.13663 ], [ -66.5972, 18.13508 ], [ -66.59567, 18.13378 ], [ -66.5954, 18.13319 ], [ -66.59556, 18.13254 ], [ -66.59405, 18.13218 ], [ -66.59164, 18.1325 ], [ -66.59071, 18.13199 ], [ -66.59017, 18.13061 ], [ -66.58894, 18.12949 ], [ -66.58834, 18.12776 ], [ -66.5875, 18.12712 ], [ -66.5872, 18.12607 ], [ -66.58625, 18.125 ], [ -66.58632, 18.12372 ], [ -66.58525, 18.12139 ], [ -66.58497, 18.11883 ], [ -66.58586, 18.11701 ], [ -66.58596, 18.11582 ], [ -66.58417, 18.11423 ], [ -66.58406, 18.11342 ], [ -66.58193, 18.11125 ], [ -66.58223, 18.10848 ], [ -66.58104, 18.10711 ], [ -66.58086, 18.10577 ], [ -66.58043, 18.10527 ], [ -66.57938, 18.10491 ], [ -66.5782, 18.10356 ], [ -66.57693, 18.10307 ], [ -66.57551, 18.10064 ], [ -66.57198, 18.09918 ], [ -66.57129, 18.09807 ], [ -66.57091, 18.09632 ], [ -66.56937, 18.0958 ], [ -66.56863, 18.0945 ], [ -66.569, 18.09379 ], [ -66.57034, 18.09306 ], [ -66.57089, 18.09136 ], [ -66.57268, 18.08995 ], [ -66.572, 18.08914 ], [ -66.57222, 18.08756 ], [ -66.57154, 18.08561 ], [ -66.5717, 18.08398 ], [ -66.57139, 18.0827 ], [ -66.57219, 18.07843 ], [ -66.57321, 18.07725 ], [ -66.57229, 18.07608 ], [ -66.5719, 18.07488 ], [ -66.571, 18.07407 ], [ -66.57172, 18.07258 ], [ -66.57175, 18.07179 ], [ -66.57251, 18.07139 ], [ -66.57455, 18.069 ], [ -66.57538, 18.06845 ], [ -66.5759, 18.06648 ], [ -66.57515, 18.06456 ], [ -66.57325, 18.06384 ], [ -66.5736, 18.06042 ], [ -66.57281, 18.0561 ], [ -66.57238, 18.05535 ], [ -66.57231, 18.05336 ], [ -66.57122, 18.05319 ], [ -66.57075, 18.05266 ], [ -66.56981, 18.05237 ], [ -66.56872, 18.05229 ], [ -66.56766, 18.05122 ], [ -66.56701, 18.04826 ], [ -66.56677, 18.0446 ], [ -66.56709, 18.04172 ], [ -66.56751, 18.04036 ], [ -66.56803, 18.04013 ], [ -66.56974, 18.04047 ], [ -66.57124, 18.03971 ], [ -66.57331, 18.04024 ], [ -66.5766, 18.03868 ], [ -66.57703, 18.03738 ], [ -66.5769, 18.036 ], [ -66.57491, 18.03333 ], [ -66.57431, 18.03169 ], [ -66.57452, 18.02962 ], [ -66.57531, 18.02811 ], [ -66.57556, 18.02796 ], [ -66.57676, 18.02879 ], [ -66.57891, 18.02927 ], [ -66.57968, 18.02989 ], [ -66.58227, 18.03081 ], [ -66.58326, 18.03093 ], [ -66.58393, 18.03053 ], [ -66.58439, 18.02874 ], [ -66.58408, 18.02537 ], [ -66.58514, 18.02497 ], [ -66.58631, 18.02278 ], [ -66.58788, 18.02293 ], [ -66.58832, 18.02274 ], [ -66.58878, 18.02184 ], [ -66.58912, 18.01999 ], [ -66.58858, 18.01771 ], [ -66.58878, 18.01542 ], [ -66.58822, 18.01414 ], [ -66.58838, 18.01235 ], [ -66.58672, 18.00948 ], [ -66.58615, 18.00942 ], [ -66.58577, 18.01007 ], [ -66.58521, 18.01029 ], [ -66.58347, 18.00989 ], [ -66.57841, 18.00994 ], [ -66.5764, 18.00882 ], [ -66.57311, 18.00537 ], [ -66.57006, 18.00331 ], [ -66.57181, 17.98974 ], [ -66.57191, 17.98075 ], [ -66.57092, 17.97936 ], [ -66.56722, 17.9795 ], [ -66.56669, 17.97928 ], [ -66.56551, 17.97516 ], [ -66.5623, 17.97616 ], [ -66.56162, 17.97592 ], [ -66.55988, 17.97116 ], [ -66.55949, 17.96912 ], [ -66.55843, 17.96872 ], [ -66.55877, 17.97011 ], [ -66.55528, 17.97269 ], [ -66.55406, 17.97463 ], [ -66.55669, 17.98283 ], [ -66.5572, 17.9882 ], [ -66.55686, 17.99068 ], [ -66.55579, 17.99198 ], [ -66.55382, 17.99291 ], [ -66.55283, 17.99569 ], [ -66.5503, 18.00005 ], [ -66.54935, 18.00057 ], [ -66.54717, 18.00076 ], [ -66.54599, 18.00172 ], [ -66.54454, 18.0046 ], [ -66.54401, 18.00841 ], [ -66.54351, 18.00948 ], [ -66.54289, 18.01013 ], [ -66.54179, 18.01028 ], [ -66.54094, 18.01079 ], [ -66.54035, 18.01289 ], [ -66.53853, 18.0144 ], [ -66.53825, 18.0156 ], [ -66.53859, 18.02041 ], [ -66.53899, 18.02216 ], [ -66.53864, 18.02324 ], [ -66.53884, 18.02437 ], [ -66.53752, 18.02559 ], [ -66.53616, 18.02826 ], [ -66.53658, 18.03232 ], [ -66.53801, 18.03617 ], [ -66.53653, 18.03758 ], [ -66.53575, 18.03912 ], [ -66.53009, 18.04108 ], [ -66.53006, 18.04173 ], [ -66.53044, 18.0425 ], [ -66.53435, 18.04131 ], [ -66.53625, 18.04137 ], [ -66.53675, 18.04183 ], [ -66.53618, 18.04329 ], [ -66.53685, 18.04439 ], [ -66.5372, 18.04588 ], [ -66.53658, 18.04909 ], [ -66.53644, 18.05281 ], [ -66.53573, 18.05565 ], [ -66.53809, 18.05942 ], [ -66.53768, 18.06159 ], [ -66.5385, 18.063 ], [ -66.53886, 18.06587 ], [ -66.54207, 18.06752 ], [ -66.54234, 18.06866 ], [ -66.54354, 18.06944 ], [ -66.54443, 18.07091 ], [ -66.54439, 18.07328 ], [ -66.54513, 18.07367 ], [ -66.54537, 18.07424 ], [ -66.54715, 18.07587 ], [ -66.54815, 18.07765 ], [ -66.54733, 18.07866 ], [ -66.546, 18.07942 ], [ -66.54531, 18.08115 ], [ -66.54551, 18.08276 ], [ -66.5464, 18.08351 ], [ -66.54732, 18.08375 ], [ -66.54778, 18.08503 ], [ -66.55243, 18.08703 ], [ -66.55322, 18.08786 ], [ -66.55375, 18.08918 ], [ -66.5536, 18.09034 ], [ -66.55253, 18.09244 ], [ -66.55066, 18.09345 ], [ -66.54949, 18.0946 ], [ -66.54922, 18.09703 ], [ -66.55001, 18.09899 ], [ -66.55079, 18.09994 ], [ -66.55084, 18.10153 ], [ -66.55115, 18.10217 ], [ -66.55279, 18.10344 ], [ -66.55419, 18.10521 ], [ -66.55465, 18.10633 ], [ -66.55453, 18.10754 ], [ -66.55542, 18.10897 ], [ -66.5547, 18.11034 ], [ -66.55534, 18.11169 ], [ -66.55508, 18.11275 ], [ -66.55569, 18.11566 ], [ -66.55619, 18.11582 ], [ -66.55796, 18.11492 ], [ -66.55941, 18.1155 ], [ -66.56098, 18.1151 ], [ -66.56165, 18.11542 ], [ -66.56237, 18.11796 ], [ -66.56166, 18.11942 ], [ -66.56195, 18.12272 ], [ -66.56473, 18.12569 ], [ -66.56514, 18.12706 ], [ -66.56538, 18.13015 ], [ -66.5636, 18.13088 ], [ -66.56261, 18.13327 ], [ -66.56292, 18.13528 ], [ -66.56276, 18.1371 ], [ -66.56343, 18.13798 ], [ -66.56431, 18.13823 ], [ -66.56456, 18.13891 ], [ -66.56418, 18.14112 ], [ -66.56337, 18.14326 ], [ -66.56274, 18.14418 ], [ -66.55941, 18.1459 ], [ -66.55848, 18.14597 ], [ -66.5536, 18.14859 ], [ -66.55241, 18.15085 ], [ -66.55252, 18.15215 ] ] ] } },
{ "type": "Feature", "properties": { "huc12": "210100040311", "name": "Rio Toa Vaca at Toa Vaca Dam", "areasqkm": 57.49 }, "geometry": { "type": "Polygon", "coordinates": [ [ [ -66.38217, 18.17224 ], [ -66.38399, 18.17342 ], [ -66.38511, 18.17244 ], [ -66.3867, 18.1728 ], [ -66.38882, 18.17262 ], [ -66.38906, 18.17039 ], [ -66.38962, 18.16966 ], [ -66.38987, 18.16845 ], [ -66.39153, 18.16786 ], [ -66.39192, 18.16685 ], [ -66.39495, 18.16568 ], [ -66.39676, 18.16601 ], [ -66.39951, 18.16512 ], [ -66.40059, 18.16511 ], [ -66.40111, 18.16465 ], [ -66.40162, 18.16536 ], [ -66.4016, 18.16729 ], [ -66.4043, 18.16727 ], [ -66.40714, 18.1637 ], [ -66.40786, 18.16421 ], [ -66.40861, 18.16418 ], [ -66.41027, 18.16315 ], [ -66.41125, 18.16393 ], [ -66.41228, 18.16418 ], [ -66.41331, 18.1634 ], [ -66.41384, 18.16337 ], [ -66.41676, 18.16468 ], [ -66.41797, 18.16463 ], [ -66.41934, 18.16568 ], [ -66.42056, 18.16616 ], [ -66.42213, 18.16817 ], [ -66.42211, 18.171 ], [ -66.42348, 18.17203 ], [ -66.42371, 18.17207 ], [ -66.42464, 18.17069 ], [ -66.42644, 18.17101 ], [ -66.42825, 18.1709 ], [ -66.42944, 18.17153 ], [ -66.43141, 18.17353 ], [ -66.43541, 18.17528 ], [ -66.43886, 18.17558 ], [ -66.43952, 18.17592 ], [ -66.44288, 18.17604 ], [ -66.44446, 18.17682 ], [ -66.4447, 18.17666 ], [ -66.44557, 18.17562 ], [ -66.4456, 18.17447 ], [ -66.44646, 18.1739 ], [ -66.44698, 18.17301 ], [ -66.44738, 18.17066 ], [ -66.44634, 18.16875 ], [ -66.44651, 18.16764 ], [ -66.4474, 18.1659 ], [ -66.44715, 18.16386 ], [ -66.44768, 18.16287 ], [ -66.44737, 18.16123 ], [ -66.44893, 18.1597 ], [ -66.44826, 18.158 ], [ -66.44856, 18.15596 ], [ -66.44897, 18.15496 ], [ -66.45039, 18.15344 ], [ -66.4504, 18.15066 ], [ -66.45206, 18.14798 ], [ -66.45229, 18.14629 ], [ -66.45195, 18.14482 ], [ -66.45305, 18.14359 ], [ -66.4531, 18.14279 ], [ -66.45405, 18.14181 ], [ -66.45434, 18.14094 ], [ -66.45654, 18.14091 ], [ -66.45726, 18.1403 ], [ -66.45799, 18.13879 ], [ -66.45854, 18.13873 ], [ -66.45994, 18.13954 ], [ -66.46063, 18.1396 ], [ -66.46377, 18.13737 ], [ -66.4648, 18.13498 ], [ -66.46439, 18.13373 ], [ -66.46288, 18.13207 ], [ -66.46284, 18.13137 ], [ -66.46654, 18.1285 ], [ -66.46816, 18.12674 ], [ -66.47073, 18.12488 ], [ -66.47082, 18.12392 ], [ -66.46974, 18.12283 ], [ -66.4693, 18.12043 ], [ -66.46828, 18.11944 ], [ -66.4687, 18.11785 ], [ -66.46959, 18.11701 ], [ -66.46888, 18.116 ], [ -66.4685, 18.11406 ], [ -66.46929, 18.11266 ], [ -66.47081, 18.11318 ], [ -66.47338, 18.11272 ], [ -66.47382, 18.11243 ], [ -66.47411, 18.11135 ], [ -66.47465, 18.11098 ], [ -66.4764, 18.11132 ], [ -66.47981, 18.11058 ], [ -66.48139, 18.11085 ], [ -66.48411, 18.1095 ], [ -66.4848, 18.10836 ], [ -66.48678, 18.1083 ], [ -66.4884, 18.1077 ], [ -66.48989, 18.10654 ], [ -66.49021, 18.10337 ], [ -66.49121, 18.10243 ], [ -66.49104, 18.10145 ], [ -66.49027, 18.10052 ], [ -66.48657, 18.09767 ], [ -66.48412, 18.09703 ], [ -66.48351, 18.09601 ], [ -66.48339, 18.0941 ], [ -66.48488, 18.0907 ], [ -66.48458, 18.08958 ], [ -66.48257, 18.08895 ], [ -66.4819, 18.08822 ], [ -66.47983, 18.08805 ], [ -66.47886, 18.08744 ], [ -66.47553, 18.08778 ], [ -66.47216, 18.08613 ], [ -66.47131, 18.08614 ], [ -66.46991, 18.0855 ], [ -66.46732, 18.08566 ], [ -66.46667, 18.08534 ], [ -66.4662, 18.08548 ], [ -66.46593, 18.08494 ], [ -66.46545, 18.08534 ], [ -66.46235, 18.08483 ], [ -66.46065, 18.08422 ], [ -66.45943, 18.08327 ], [ -66.45643, 18.08238 ], [ -66.45503, 18.08407 ], [ -66.45362, 18.08468 ], [ -66.45055, 18.08483 ], [ -66.44943, 18.0852 ], [ -66.44907, 18.08597 ], [ -66.44801, 18.08635 ], [ -66.44751, 18.08757 ], [ -66.44591, 18.08813 ], [ -66.44618, 18.08895 ], [ -66.44486, 18.08831 ], [ -66.44408, 18.08839 ], [ -66.44311, 18.08998 ], [ -66.44252, 18.09208 ], [ -66.44152, 18.092 ], [ -66.43906, 18.09284 ], [ -66.43751, 18.09294 ], [ -66.43698, 18.09403 ], [ -66.43421, 18.09598 ], [ -66.43463, 18.09733 ], [ -66.4357, 18.09822 ], [ -66.43587, 18.09889 ], [ -66.43389, 18.09976 ], [ -66.43131, 18.10003 ], [ -66.43046, 18.1007 ], [ -66.42979, 18.10178 ], [ -66.42982, 18.10257 ], [ -66.4285, 18.10322 ], [ -66.42793, 18.10419 ], [ -66.4272, 18.10443 ], [ -66.42725, 18.10686 ], [ -66.4279, 18.10819 ], [ -66.42765, 18.11098 ], [ -66.42955, 18.11251 ], [ -66.43007, 18.11387 ], [ -66.431, 18.11509 ], [ -66.42972, 18.11696 ], [ -66.42867, 18.11729 ], [ -66.42636, 18.11927 ], [ -66.42672, 18.12021 ], [ -66.42665, 18.12212 ], [ -66.42696, 18.12303 ], [ -66.42611, 18.12397 ], [ -66.42526, 18.1238 ], [ -66.42418, 18.12441 ], [ -66.42289, 18.12437 ], [ -66.42195, 18.12518 ], [ -66.41951, 18.1264 ], [ -66.41749, 18.12614 ], [ -66.41433, 18.12727 ], [ -66.4133, 18.12665 ], [ -66.41174, 18.12642 ], [ -66.40967, 18.12705 ], [ -66.40891, 18.127 ], [ -66.40631, 18.13044 ], [ -66.40492, 18.1307 ], [ -66.40169, 18.12996 ], [ -66.39963, 18.12893 ], [ -66.39629, 18.12641 ], [ -66.39494, 18.12409 ], [ -66.39361, 18.12329 ], [ -66.39007, 18.12212 ], [ -66.38938, 18.12302 ], [ -66.3886, 18.12329 ], [ -66.38778, 18.12445 ], [ -66.38648, 18.12504 ], [ -66.38625, 18.12586 ], [ -66.38684, 18.12839 ], [ -66.38751, 18.12905 ], [ -66.38735, 18.12993 ], [ -66.38779, 18.13041 ], [ -66.38752, 18.13164 ], [ -66.3887, 18.13195 ], [ -66.38914, 18.13288 ], [ -66.38859, 18.13387 ], [ -66.38966, 18.13584 ], [ -66.38844, 18.13879 ], [ -66.38954, 18.14048 ], [ -66.3895, 18.14174 ], [ -66.38893, 18.14203 ], [ -66.38779, 18.14356 ], [ -66.38761, 18.14547 ], [ -66.38718, 18.14646 ], [ -66.38509, 18.14707 ], [ -66.38423, 18.14895 ], [ -66.38471, 18.15112 ], [ -66.38653, 18.15497 ], [ -66.38624, 18.15544 ], [ -66.38477, 18.15572 ], [ -66.38435, 18.1567 ], [ -66.38311, 18.15747 ], [ -66.38117, 18.15747 ], [ -66.38099, 18.1591 ], [ -66.38019, 18.16014 ], [ -66.38029, 18.16184 ], [ -66.37944, 18.16296 ], [ -66.38079, 18.16425 ], [ -66.3826, 18.16438 ], [ -66.38301, 18.16469 ], [ -66.38279, 18.16781 ], [ -66.38349, 18.16895 ], [ -66.38331, 18.16947 ], [ -66.3818, 18.17008 ], [ -66.38181, 18.17073 ], [ -66.38246, 18.17158 ], [ -66.38217, 18.17224 ] ] ] } },
{ "type": "Feature", "properties": { "huc12": "210100030205", "name": "Rio Blanco", "areasqkm": 31.45 }, "geometry": { "type": "Polygon", "coordinates": [ [ [ -66.88739, 18.27159 ], [ -66.88844, 18.27134 ], [ -66.89069, 18.27233 ], [ -66.89174, 18.2719 ], [ -66.89351, 18.27038 ], [ -66.89647, 18.27022 ], [ -66.89759, 18.26915 ], [ -66.90089, 18.26843 ], [ -66.90434, 18.26604 ], [ -66.90739, 18.26557 ], [ -66.90766, 18.26479 ], [ -66.90689, 18.26427 ], [ -66.90716, 18.26356 ], [ -66.90679, 18.26275 ], [ -66.90857, 18.26018 ], [ -66.90829, 18.25729 ], [ -66.90888, 18.25503 ], [ -66.90851, 18.2533 ], [ -66.90762, 18.25319 ], [ -66.907, 18.25382 ], [ -66.90623, 18.25393 ], [ -66.90494, 18.2528 ], [ -66.90286, 18.25203 ], [ -66.90082, 18.2523 ], [ -66.90028, 18.25275 ], [ -66.89951, 18.25205 ], [ -66.89795, 18.25134 ], [ -66.89522, 18.25208 ], [ -66.8928, 18.25178 ], [ -66.89127, 18.251 ], [ -66.8903, 18.25122 ], [ -66.88914, 18.24977 ], [ -66.88935, 18.24879 ], [ -66.88783, 18.24346 ], [ -66.88743, 18.24292 ], [ -66.88515, 18.24154 ], [ -66.88578, 18.24026 ], [ -66.88513, 18.23957 ], [ -66.8844, 18.23936 ], [ -66.88306, 18.23982 ], [ -66.88197, 18.23913 ], [ -66.87923, 18.24002 ], [ -66.87896, 18.24037 ], [ -66.87683, 18.23945 ], [ -66.87627, 18.23837 ], [ -66.87436, 18.23749 ], [ -66.87245, 18.2352 ], [ -66.87095, 18.23422 ], [ -66.87013, 18.23294 ], [ -66.86938, 18.23237 ], [ -66.86854, 18.23237 ], [ -66.86734, 18.23046 ], [ -66.86497, 18.22858 ], [ -66.86392, 18.2268 ], [ -66.86183, 18.22628 ], [ -66.86239, 18.2256 ], [ -66.86187, 18.22477 ], [ -66.86168, 18.22306 ], [ -66.85873, 18.22187 ], [ -66.85807, 18.22089 ], [ -66.85615, 18.22053 ], [ -66.85531, 18.2197 ], [ -66.85449, 18.21955 ], [ -66.85321, 18.21671 ], [ -66.8512, 18.21563 ], [ -66.84883, 18.21541 ], [ -66.8483, 18.2149 ], [ -66.84799, 18.21376 ], [ -66.84698, 18.21317 ], [ -66.84642, 18.21234 ], [ -66.84588, 18.21231 ], [ -66.84396, 18.21506 ], [ -66.84123, 18.21525 ], [ -66.83979, 18.21458 ], [ -66.8392, 18.21369 ], [ -66.8366, 18.21161 ], [ -66.83368, 18.21028 ], [ -66.8324, 18.21105 ], [ -66.82821, 18.21145 ], [ -66.82651, 18.21111 ], [ -66.82425, 18.20952 ], [ -66.82241, 18.20876 ], [ -66.82144, 18.20684 ], [ -66.82029, 18.20647 ], [ -66.82004, 18.20774 ], [ -66.81941, 18.20864 ], [ -66.8193, 18.20985 ], [ -66.81868, 18.21079 ], [ -66.81861, 18.2117 ], [ -66.81688, 18.21356 ], [ -66.81656, 18.21432 ], [ -66.81675, 18.21526 ], [ -66.8175, 18.21597 ], [ -66.8175, 18.21683 ], [ -66.81638, 18.21788 ], [ -66.81595, 18.21769 ], [ -66.8148, 18.21845 ], [ -66.81341, 18.2226 ], [ -66.8124, 18.22385 ], [ -66.81375, 18.22596 ], [ -66.8127, 18.22919 ], [ -66.81351, 18.22999 ], [ -66.81404, 18.23135 ], [ -66.81422, 18.23151 ], [ -66.81483, 18.23116 ], [ -66.81597, 18.23001 ], [ -66.81714, 18.23073 ], [ -66.8188, 18.23061 ], [ -66.8225, 18.23207 ], [ -66.82416, 18.23415 ], [ -66.82601, 18.23495 ], [ -66.8272, 18.23455 ], [ -66.82768, 18.23469 ], [ -66.82817, 18.23611 ], [ -66.8281, 18.23891 ], [ -66.82876, 18.24001 ], [ -66.83057, 18.24182 ], [ -66.83101, 18.24318 ], [ -66.83169, 18.24273 ], [ -66.83259, 18.24267 ], [ -66.83634, 18.24343 ], [ -66.83719, 18.24324 ], [ -66.8376, 18.24257 ], [ -66.83874, 18.24292 ], [ -66.83962, 18.24529 ], [ -66.84077, 18.24566 ], [ -66.84133, 18.24654 ], [ -66.84261, 18.24708 ], [ -66.8421, 18.24809 ], [ -66.84247, 18.24881 ], [ -66.84673, 18.25176 ], [ -66.8473, 18.25308 ], [ -66.8476, 18.25567 ], [ -66.84874, 18.25623 ], [ -66.85031, 18.25915 ], [ -66.85154, 18.25958 ], [ -66.85321, 18.25949 ], [ -66.8548, 18.26081 ], [ -66.8546, 18.26371 ], [ -66.85562, 18.26364 ], [ -66.85743, 18.26418 ], [ -66.86009, 18.26424 ], [ -66.86114, 18.26527 ], [ -66.86428, 18.26657 ], [ -66.86584, 18.2667 ], [ -66.8676, 18.26586 ], [ -66.86854, 18.26675 ], [ -66.86989, 18.26713 ], [ -66.87031, 18.26695 ], [ -66.8709, 18.26547 ], [ -66.87254, 18.26511 ], [ -66.87341, 18.26371 ], [ -66.8739, 18.26365 ], [ -66.87531, 18.26416 ], [ -66.87591, 18.26525 ], [ -66.87797, 18.2652 ], [ -66.87925, 18.26612 ], [ -66.88044, 18.26554 ], [ -66.88087, 18.26619 ], [ -66.88212, 18.26678 ], [ -66.88277, 18.26789 ], [ -66.88532, 18.26879 ], [ -66.88679, 18.2685 ], [ -66.88692, 18.27035 ], [ -66.88739, 18.27159 ] ] ] } },
{ "type": "Feature", "properties": { "huc12": "210100040201", "name": "Rio Yauco at Lago Luchetti Dam", "areasqkm": 45.06 }, "geometry": { "type": "Polygon", "coordinates": [ [ [ -66.88661, 18.1534 ], [ -66.88888, 18.1533 ], [ -66.88923, 18.15265 ], [ -66.89018, 18.1522 ], [ -66.88987, 18.14923 ], [ -66.89095, 18.14817 ], [ -66.89188, 18.14782 ], [ -66.89353, 18.14798 ], [ -66.8953, 18.14872 ], [ -66.89696, 18.14763 ], [ -66.89821, 18.14779 ], [ -66.89895, 18.147 ], [ -66.90017, 18.14723 ], [ -66.90152, 18.14605 ], [ -66.90232, 18.14649 ], [ -66.90332, 18.14617 ], [ -66.90386, 18.14635 ], [ -66.90536, 18.14824 ], [ -66.9064, 18.14852 ], [ -66.9075, 18.14943 ], [ -66.90985, 18.14934 ], [ -66.91039, 18.1512 ], [ -66.91184, 18.15167 ], [ -66.91261, 18.15132 ], [ -66.91283, 18.15203 ], [ -66.91413, 18.15232 ], [ -66.91461, 18.15349 ], [ -66.91572, 18.15416 ], [ -66.91705, 18.15411 ], [ -66.91801, 18.15357 ], [ -66.91913, 18.15383 ], [ -66.92039, 18.15362 ], [ -66.92093, 18.15328 ], [ -66.92115, 18.15262 ], [ -66.92241, 18.15201 ], [ -66.92364, 18.15174 ], [ -66.9252, 18.15208 ], [ -66.92654, 18.15128 ], [ -66.92522, 18.14762 ], [ -66.92516, 18.14664 ], [ -66.92567, 18.14554 ], [ -66.9246, 18.14401 ], [ -66.92473, 18.14263 ], [ -66.92323, 18.14179 ], [ -66.92298, 18.14072 ], [ -66.92164, 18.13924 ], [ -66.92045, 18.13884 ], [ -66.91965, 18.13638 ], [ -66.91994, 18.13553 ], [ -66.91975, 18.1349 ], [ -66.91779, 18.13355 ], [ -66.91794, 18.13246 ], [ -66.9186, 18.13156 ], [ -66.91804, 18.13063 ], [ -66.91664, 18.13063 ], [ -66.91584, 18.13009 ], [ -66.91492, 18.1261 ], [ -66.91203, 18.12529 ], [ -66.91094, 18.12427 ], [ -66.91001, 18.12256 ], [ -66.90822, 18.1219 ], [ -66.90434, 18.11922 ], [ -66.90224, 18.11482 ], [ -66.90096, 18.11298 ], [ -66.9011, 18.11182 ], [ -66.89968, 18.11171 ], [ -66.89873, 18.11126 ], [ -66.89809, 18.10945 ], [ -66.89709, 18.11021 ], [ -66.89584, 18.11035 ], [ -66.89452, 18.10961 ], [ -66.89239, 18.10945 ], [ -66.89113, 18.10862 ], [ -66.88939, 18.10808 ], [ -66.89053, 18.10684 ], [ -66.88934, 18.10536 ], [ -66.89007, 18.10467 ], [ -66.89054, 18.10288 ], [ -66.89044, 18.10062 ], [ -66.89136, 18.09815 ], [ -66.89071, 18.09545 ], [ -66.8909, 18.09436 ], [ -66.89148, 18.09366 ], [ -66.89047, 18.09078 ], [ -66.89108, 18.08873 ], [ -66.89004, 18.08489 ], [ -66.88767, 18.08436 ], [ -66.88506, 18.08555 ], [ -66.88074, 18.08566 ], [ -66.87918, 18.08517 ], [ -66.87884, 18.08433 ], [ -66.87838, 18.08589 ], [ -66.87751, 18.08646 ], [ -66.87768, 18.08779 ], [ -66.87728, 18.08823 ], [ -66.87389, 18.08791 ], [ -66.87208, 18.08899 ], [ -66.87025, 18.08949 ], [ -66.86963, 18.09014 ], [ -66.86503, 18.09267 ], [ -66.86489, 18.09183 ], [ -66.86081, 18.0901 ], [ -66.8591, 18.08833 ], [ -66.85759, 18.08775 ], [ -66.85486, 18.08822 ], [ -66.8525, 18.08925 ], [ -66.85099, 18.08916 ], [ -66.85044, 18.08956 ], [ -66.84931, 18.0891 ], [ -66.84826, 18.08933 ], [ -66.84721, 18.09004 ], [ -66.84605, 18.09224 ], [ -66.84315, 18.09367 ], [ -66.84138, 18.09367 ], [ -66.84039, 18.09456 ], [ -66.83816, 18.09482 ], [ -66.83682, 18.0973 ], [ -66.83552, 18.09876 ], [ -66.83679, 18.10078 ], [ -66.83633, 18.1025 ], [ -66.83761, 18.10517 ], [ -66.836, 18.10727 ], [ -66.83486, 18.10999 ], [ -66.83524, 18.11076 ], [ -66.83629, 18.11126 ], [ -66.836, 18.11374 ], [ -66.8343, 18.11641 ], [ -66.8335, 18.11665 ], [ -66.83342, 18.11721 ], [ -66.83409, 18.11862 ], [ -66.83552, 18.11965 ], [ -66.83577, 18.1206 ], [ -66.83545, 18.12192 ], [ -66.83541, 18.12497 ], [ -66.83632, 18.12545 ], [ -66.83686, 18.12699 ], [ -66.83763, 18.12729 ], [ -66.83811, 18.12809 ], [ -66.83798, 18.12904 ], [ -66.83728, 18.13002 ], [ -66.83719, 18.13115 ], [ -66.83786, 18.13195 ], [ -66.838, 18.13296 ], [ -66.83459, 18.13443 ], [ -66.83375, 18.13581 ], [ -66.8318, 18.13681 ], [ -66.83158, 18.13717 ], [ -66.83203, 18.13746 ], [ -66.83227, 18.13829 ], [ -66.83349, 18.13913 ], [ -66.83685, 18.13942 ], [ -66.83745, 18.13982 ], [ -66.84083, 18.14066 ], [ -66.84121, 18.14142 ], [ -66.84256, 18.14241 ], [ -66.84401, 18.14173 ], [ -66.84426, 18.14062 ], [ -66.84554, 18.13982 ], [ -66.84604, 18.13913 ], [ -66.84797, 18.13813 ], [ -66.85039, 18.13774 ], [ -66.85081, 18.13904 ], [ -66.85189, 18.13959 ], [ -66.85282, 18.13805 ], [ -66.85424, 18.13844 ], [ -66.85541, 18.13729 ], [ -66.85722, 18.13648 ], [ -66.85803, 18.1368 ], [ -66.85832, 18.1382 ], [ -66.85947, 18.1393 ], [ -66.86103, 18.13759 ], [ -66.86349, 18.13848 ], [ -66.86501, 18.13806 ], [ -66.86661, 18.13926 ], [ -66.87067, 18.13798 ], [ -66.87088, 18.13939 ], [ -66.87198, 18.14036 ], [ -66.87263, 18.14154 ], [ -66.87366, 18.14173 ], [ -66.87415, 18.14214 ], [ -66.87537, 18.14211 ], [ -66.87544, 18.14276 ], [ -66.87615, 18.14307 ], [ -66.87636, 18.1435 ], [ -66.87632, 18.14441 ], [ -66.87803, 18.14607 ], [ -66.87851, 18.14692 ], [ -66.87988, 18.14789 ], [ -66.8812, 18.1481 ], [ -66.88137, 18.14917 ], [ -66.88294, 18.14907 ], [ -66.88385, 18.15078 ], [ -66.88555, 18.15225 ], [ -66.8859, 18.1532 ], [ -66.88661, 18.1534 ] ] ] } },
{ "type": "Feature", "properties": { "huc12": "210100040203", "name": "Rio Guayanilla at mouth", "areasqkm": 65.11 }, "geometry": { "type": "Polygon", "coordinates": [ [ [ -66.76951, 18.13594 ], [ -66.76984, 18.13524 ], [ -66.7711, 18.13415 ], [ -66.77268, 18.13381 ], [ -66.7736, 18.13399 ], [ -66.77486, 18.13291 ], [ -66.77597, 18.13409 ], [ -66.77731, 18.13402 ], [ -66.77833, 18.1352 ], [ -66.78227, 18.13637 ], [ -66.78424, 18.13889 ], [ -66.78502, 18.13741 ], [ -66.78666, 18.1368 ], [ -66.78758, 18.13533 ], [ -66.78871, 18.13443 ], [ -66.78927, 18.13438 ], [ -66.78965, 18.13476 ], [ -66.79162, 18.1347 ], [ -66.79319, 18.13344 ], [ -66.79484, 18.13421 ], [ -66.79681, 18.1331 ], [ -66.79746, 18.13345 ], [ -66.79814, 18.13332 ], [ -66.79892, 18.13266 ], [ -66.79891, 18.13112 ], [ -66.79859, 18.12997 ], [ -66.79727, 18.12782 ], [ -66.79694, 18.12477 ], [ -66.796, 18.12167 ], [ -66.79698, 18.121 ], [ -66.80093, 18.11994 ], [ -66.80206, 18.11898 ], [ -66.80298, 18.11703 ], [ -66.80631, 18.11609 ], [ -66.8069, 18.1157 ], [ -66.80689, 18.11522 ], [ -66.80724, 18.11491 ], [ -66.81021, 18.11384 ], [ -66.81067, 18.11283 ], [ -66.81035, 18.11113 ], [ -66.80864, 18.10932 ], [ -66.80946, 18.10836 ], [ -66.81116, 18.10799 ], [ -66.81248, 18.10717 ], [ -66.81405, 18.10797 ], [ -66.81721, 18.10674 ], [ -66.81921, 18.10667 ], [ -66.8196, 18.10591 ], [ -66.81936, 18.10384 ], [ -66.82117, 18.10372 ], [ -66.82566, 18.10189 ], [ -66.82794, 18.09942 ], [ -66.82891, 18.09697 ], [ -66.82697, 18.09324 ], [ -66.82616, 18.09239 ], [ -66.82582, 18.09099 ], [ -66.82477, 18.08982 ], [ -66.82443, 18.08856 ], [ -66.82503, 18.08796 ], [ -66.8251, 18.08665 ], [ -66.82316, 18.08532 ], [ -66.82421, 18.08279 ], [ -66.8234, 18.08021 ], [ -66.82401, 18.079 ], [ -66.82391, 18.07798 ], [ -66.82335, 18.07762 ], [ -66.81977, 18.07699 ], [ -66.81877, 18.07568 ], [ -66.81839, 18.07432 ], [ -66.8168, 18.07379 ], [ -66.81544, 18.07244 ], [ -66.81548, 18.07186 ], [ -66.8162, 18.07125 ], [ -66.81727, 18.06919 ], [ -66.81744, 18.06831 ], [ -66.81874, 18.06766 ], [ -66.82011, 18.06752 ], [ -66.82117, 18.06618 ], [ -66.82188, 18.06594 ], [ -66.82359, 18.06429 ], [ -66.82322, 18.06243 ], [ -66.82246, 18.06145 ], [ -66.8228, 18.06 ], [ -66.82205, 18.05766 ], [ -66.82519, 18.05741 ], [ -66.82547, 18.05634 ], [ -66.82641, 18.05547 ], [ -66.82576, 18.05414 ], [ -66.8264, 18.04985 ], [ -66.8251, 18.04889 ], [ -66.82486, 18.04758 ], [ -66.82411, 18.04644 ], [ -66.82403, 18.04525 ], [ -66.82436, 18.04454 ], [ -66.82401, 18.04379 ], [ -66.82475, 18.04293 ], [ -66.82468, 18.04178 ], [ -66.82376, 18.03907 ], [ -66.82175, 18.03667 ], [ -66.8216, 18.03552 ], [ -66.82218, 18.03438 ], [ -66.82174, 18.0331 ], [ -66.82116, 18.0323 ], [ -66.81952, 18.03157 ], [ -66.81818, 18.03011 ], [ -66.81806, 18.02962 ], [ -66.81858, 18.02827 ], [ -66.81731, 18.02639 ], [ -66.81703, 18.02535 ], [ -66.81438, 18.02326 ], [ -66.81407, 18.0215 ], [ -66.81313, 18.02013 ], [ -66.81279, 18.01864 ], [ -66.8113, 18.01803 ], [ -66.81064, 18.01818 ], [ -66.81057, 18.01694 ], [ -66.80933, 18.01698 ], [ -66.80924, 18.01569 ], [ -66.807, 18.01403 ], [ -66.80625, 18.0129 ], [ -66.80569, 18.01356 ], [ -66.80361, 18.01426 ], [ -66.80208, 18.01547 ], [ -66.80098, 18.01548 ], [ -66.80062, 18.01498 ], [ -66.80042, 18.01244 ], [ -66.8001, 18.01188 ], [ -66.79941, 18.01143 ], [ -66.79608, 18.0106 ], [ -66.79499, 18.00931 ], [ -66.7943, 18.00668 ], [ -66.79342, 18.00506 ], [ -66.7888, 18.0023 ], [ -66.78837, 18.00128 ], [ -66.78381, 17.99713 ], [ -66.78198, 17.99912 ], [ -66.78023, 18.00035 ], [ -66.77615, 18.00182 ], [ -66.77696, 18.00243 ], [ -66.77775, 18.00704 ], [ -66.77951, 18.01168 ], [ -66.77947, 18.01883 ], [ -66.77907, 18.02004 ], [ -66.77807, 18.02092 ], [ -66.77772, 18.02328 ], [ -66.78008, 18.02728 ], [ -66.77884, 18.03052 ], [ -66.77897, 18.03308 ], [ -66.78033, 18.03508 ], [ -66.77959, 18.03831 ], [ -66.78025, 18.04015 ], [ -66.78124, 18.04146 ], [ -66.78322, 18.04228 ], [ -66.78341, 18.04285 ], [ -66.7828, 18.04337 ], [ -66.78035, 18.04426 ], [ -66.77811, 18.04445 ], [ -66.77802, 18.04532 ], [ -66.77669, 18.04673 ], [ -66.7766, 18.04725 ], [ -66.77773, 18.04922 ], [ -66.77775, 18.05007 ], [ -66.77873, 18.05148 ], [ -66.77831, 18.05216 ], [ -66.77683, 18.05348 ], [ -66.77541, 18.05422 ], [ -66.77388, 18.05582 ], [ -66.77524, 18.05871 ], [ -66.77515, 18.0594 ], [ -66.77421, 18.06096 ], [ -66.77461, 18.06263 ], [ -66.77417, 18.06322 ], [ -66.7744, 18.06476 ], [ -66.77497, 18.06556 ], [ -66.77554, 18.06564 ], [ -66.77747, 18.06708 ], [ -66.77761, 18.06859 ], [ -66.77862, 18.0706 ], [ -66.77743, 18.07346 ], [ -66.7777, 18.07425 ], [ -66.77837, 18.07471 ], [ -66.77842, 18.07569 ], [ -66.77753, 18.07784 ], [ -66.77635, 18.07905 ], [ -66.77522, 18.0794 ], [ -66.77519, 18.0817 ], [ -66.77367, 18.08326 ], [ -66.77119, 18.08485 ], [ -66.77156, 18.0869 ], [ -66.7714, 18.08938 ], [ -66.77172, 18.09055 ], [ -66.77057, 18.09194 ], [ -66.76916, 18.09251 ], [ -66.7682, 18.09347 ], [ -66.7676, 18.09363 ], [ -66.76767, 18.09524 ], [ -66.76701, 18.09617 ], [ -66.76725, 18.09663 ], [ -66.76543, 18.09894 ], [ -66.76544, 18.09954 ], [ -66.76475, 18.10091 ], [ -66.76583, 18.10662 ], [ -66.76491, 18.1073 ], [ -66.76403, 18.10919 ], [ -66.76255, 18.1109 ], [ -66.76109, 18.1117 ], [ -66.7617, 18.11264 ], [ -66.76187, 18.11402 ], [ -66.76445, 18.1178 ], [ -66.76436, 18.12 ], [ -66.76503, 18.12177 ], [ -66.7645, 18.12266 ], [ -66.76547, 18.12287 ], [ -66.76547, 18.12421 ], [ -66.76671, 18.12483 ], [ -66.76724, 18.12582 ], [ -66.76849, 18.12689 ], [ -66.76859, 18.1279 ], [ -66.76789, 18.12845 ], [ -66.76803, 18.12983 ], [ -66.76934, 18.13153 ], [ -66.76916, 18.13284 ], [ -66.76951, 18.13342 ], [ -66.76923, 18.13441 ], [ -66.76951, 18.13594 ] ] ] } },
{ "type": "Feature", "properties": { "huc12": "210100020207", "name": "Rio Bauta", "areasqkm": 73.28 }, "geometry": { "type": "Polygon", "coordinates": [ [ [ -66.45012, 18.28603 ], [ -66.45158, 18.28822 ], [ -66.45278, 18.28912 ], [ -66.45347, 18.29111 ], [ -66.45461, 18.29268 ], [ -66.45555, 18.29342 ], [ -66.45792, 18.29348 ], [ -66.45937, 18.29511 ], [ -66.45993, 18.29529 ], [ -66.46117, 18.29387 ], [ -66.46087, 18.2912 ], [ -66.46285, 18.29001 ], [ -66.46432, 18.28634 ], [ -66.46707, 18.28501 ], [ -66.46838, 18.28488 ], [ -66.46903, 18.2845 ], [ -66.47015, 18.28283 ], [ -66.46977, 18.28086 ], [ -66.47114, 18.27979 ], [ -66.47193, 18.27959 ], [ -66.47219, 18.27847 ], [ -66.47431, 18.27799 ], [ -66.47531, 18.27611 ], [ -66.47967, 18.27632 ], [ -66.48068, 18.27539 ], [ -66.48094, 18.27494 ], [ -66.48067, 18.27402 ], [ -66.48109, 18.27316 ], [ -66.48229, 18.27286 ], [ -66.48067, 18.27133 ], [ -66.48076, 18.26995 ], [ -66.48126, 18.26991 ], [ -66.48302, 18.26827 ], [ -66.48353, 18.26658 ], [ -66.48245, 18.26445 ], [ -66.48199, 18.26417 ], [ -66.48094, 18.26439 ], [ -66.48075, 18.2627 ], [ -66.48041, 18.26244 ], [ -66.47962, 18.26261 ], [ -66.47969, 18.26169 ], [ -66.47637, 18.25851 ], [ -66.47705, 18.25643 ], [ -66.47512, 18.25323 ], [ -66.47539, 18.25184 ], [ -66.47506, 18.2499 ], [ -66.47558, 18.24801 ], [ -66.47759, 18.24656 ], [ -66.47866, 18.2446 ], [ -66.47798, 18.24348 ], [ -66.47564, 18.2425 ], [ -66.47563, 18.24135 ], [ -66.47486, 18.23935 ], [ -66.47664, 18.23634 ], [ -66.47653, 18.2354 ], [ -66.47696, 18.23395 ], [ -66.47656, 18.23169 ], [ -66.47733, 18.23065 ], [ -66.47558, 18.22994 ], [ -66.47462, 18.22895 ], [ -66.47474, 18.22794 ], [ -66.47561, 18.22714 ], [ -66.4762, 18.22595 ], [ -66.47612, 18.2242 ], [ -66.47447, 18.22247 ], [ -66.4737, 18.22094 ], [ -66.47223, 18.22069 ], [ -66.47204, 18.21906 ], [ -66.47304, 18.21655 ], [ -66.47213, 18.21406 ], [ -66.47327, 18.2131 ], [ -66.47335, 18.21269 ], [ -66.47304, 18.21209 ], [ -66.47159, 18.21099 ], [ -66.47002, 18.20861 ], [ -66.47031, 18.20752 ], [ -66.46988, 18.20633 ], [ -66.47028, 18.20518 ], [ -66.47006, 18.20362 ], [ -66.46929, 18.20307 ], [ -66.46942, 18.20208 ], [ -66.46843, 18.20077 ], [ -66.46624, 18.19949 ], [ -66.46549, 18.19783 ], [ -66.46406, 18.19763 ], [ -66.46258, 18.19614 ], [ -66.46196, 18.19617 ], [ -66.4608, 18.19541 ], [ -66.46083, 18.19454 ], [ -66.45923, 18.19432 ], [ -66.45869, 18.19452 ], [ -66.45739, 18.19389 ], [ -66.45651, 18.19281 ], [ -66.45819, 18.19097 ], [ -66.45836, 18.19021 ], [ -66.45819, 18.18929 ], [ -66.45707, 18.18811 ], [ -66.45702, 18.1874 ], [ -66.45771, 18.18617 ], [ -66.45912, 18.18592 ], [ -66.46039, 18.1843 ], [ -66.46038, 18.18395 ], [ -66.45898, 18.18284 ], [ -66.45689, 18.1822 ], [ -66.45634, 18.18122 ], [ -66.45626, 18.18006 ], [ -66.45464, 18.17935 ], [ -66.45397, 18.17849 ], [ -66.45244, 18.17836 ], [ -66.45038, 18.17763 ], [ -66.44991, 18.17702 ], [ -66.44753, 18.17574 ], [ -66.44561, 18.17543 ], [ -66.44446, 18.17682 ], [ -66.44288, 18.17604 ], [ -66.43583, 18.17542 ], [ -66.43141, 18.17353 ], [ -66.42944, 18.17153 ], [ -66.42825, 18.1709 ], [ -66.42644, 18.17101 ], [ -66.42464, 18.17069 ], [ -66.42371, 18.17207 ], [ -66.42348, 18.17203 ], [ -66.42211, 18.171 ], [ -66.42213, 18.16817 ], [ -66.42056, 18.16616 ], [ -66.41934, 18.16568 ], [ -66.41797, 18.16463 ], [ -66.41676, 18.16468 ], [ -66.41384, 18.16337 ], [ -66.41331, 18.1634 ], [ -66.41228, 18.16418 ], [ -66.41125, 18.16393 ], [ -66.41027, 18.16315 ], [ -66.40861, 18.16418 ], [ -66.40786, 18.16421 ], [ -66.40714, 18.1637 ], [ -66.4043, 18.16727 ], [ -66.4016, 18.16729 ], [ -66.40162, 18.16536 ], [ -66.40111, 18.16465 ], [ -66.40059, 18.16511 ], [ -66.39951, 18.16512 ], [ -66.39676, 18.16601 ], [ -66.39495, 18.16568 ], [ -66.39192, 18.16685 ], [ -66.39153, 18.16786 ], [ -66.38987, 18.16845 ], [ -66.38962, 18.16966 ], [ -66.38906, 18.17039 ], [ -66.38882, 18.17262 ], [ -66.3867, 18.1728 ], [ -66.38511, 18.17244 ], [ -66.38399, 18.17342 ], [ -66.38336, 18.17278 ], [ -66.38183, 18.17216 ], [ -66.38031, 18.17256 ], [ -66.37747, 18.17271 ], [ -66.37564, 18.17342 ], [ -66.37565, 18.17483 ], [ -66.37497, 18.1747 ], [ -66.37473, 18.1743 ], [ -66.3734, 18.17459 ], [ -66.3731, 18.1756 ], [ -66.37211, 18.17693 ], [ -66.37227, 18.17834 ], [ -66.37282, 18.17905 ], [ -66.37581, 18.17968 ], [ -66.37778, 18.18066 ], [ -66.37848, 18.18075 ], [ -66.37964, 18.18036 ], [ -66.38132, 18.18061 ], [ -66.38302, 18.18234 ], [ -66.38374, 18.18249 ], [ -66.38441, 18.18454 ], [ -66.38607, 18.1847 ], [ -66.38698, 18.18428 ], [ -66.38807, 18.18546 ], [ -66.38853, 18.18541 ], [ -66.38932, 18.18595 ], [ -66.38967, 18.18642 ], [ -66.38951, 18.18777 ], [ -66.39169, 18.18957 ], [ -66.39465, 18.18877 ], [ -66.39594, 18.18928 ], [ -66.39676, 18.19031 ], [ -66.39714, 18.18891 ], [ -66.39848, 18.18831 ], [ -66.40038, 18.18975 ], [ -66.40096, 18.19069 ], [ -66.40208, 18.18933 ], [ -66.40331, 18.18912 ], [ -66.40448, 18.19006 ], [ -66.40457, 18.19135 ], [ -66.40561, 18.19276 ], [ -66.40643, 18.19299 ], [ -66.40719, 18.19422 ], [ -66.40836, 18.19461 ], [ -66.40961, 18.19597 ], [ -66.40916, 18.19726 ], [ -66.41005, 18.19713 ], [ -66.41112, 18.19928 ], [ -66.41295, 18.20056 ], [ -66.41353, 18.20262 ], [ -66.41511, 18.20374 ], [ -66.41585, 18.20562 ], [ -66.41562, 18.20602 ], [ -66.41426, 18.20656 ], [ -66.41356, 18.20746 ], [ -66.41415, 18.20869 ], [ -66.4143, 18.2101 ], [ -66.41505, 18.21091 ], [ -66.41482, 18.21202 ], [ -66.41524, 18.21394 ], [ -66.41481, 18.21571 ], [ -66.41508, 18.21782 ], [ -66.41482, 18.21853 ], [ -66.41409, 18.21906 ], [ -66.41526, 18.21987 ], [ -66.4171, 18.21935 ], [ -66.41991, 18.21918 ], [ -66.42247, 18.22046 ], [ -66.42399, 18.22011 ], [ -66.42513, 18.22131 ], [ -66.427, 18.22167 ], [ -66.42602, 18.22371 ], [ -66.42432, 18.22572 ], [ -66.42469, 18.22685 ], [ -66.4244, 18.22757 ], [ -66.42532, 18.22891 ], [ -66.42421, 18.23106 ], [ -66.4207, 18.23 ], [ -66.41959, 18.23015 ], [ -66.41886, 18.23072 ], [ -66.4174, 18.22979 ], [ -66.41579, 18.23017 ], [ -66.41534, 18.23269 ], [ -66.41564, 18.23448 ], [ -66.41489, 18.23592 ], [ -66.41496, 18.23828 ], [ -66.41545, 18.23937 ], [ -66.41478, 18.24034 ], [ -66.41496, 18.24133 ], [ -66.41649, 18.24348 ], [ -66.41679, 18.24449 ], [ -66.41833, 18.24476 ], [ -66.41964, 18.24555 ], [ -66.42019, 18.24711 ], [ -66.42101, 18.2479 ], [ -66.42338, 18.24843 ], [ -66.4238, 18.25004 ], [ -66.42532, 18.2521 ], [ -66.42818, 18.25429 ], [ -66.42794, 18.25575 ], [ -66.426, 18.25712 ], [ -66.42577, 18.25758 ], [ -66.42571, 18.25878 ], [ -66.42722, 18.26057 ], [ -66.42878, 18.26085 ], [ -66.42995, 18.26243 ], [ -66.43203, 18.26315 ], [ -66.43428, 18.26465 ], [ -66.43648, 18.26536 ], [ -66.43759, 18.26538 ], [ -66.43881, 18.26594 ], [ -66.43924, 18.26731 ], [ -66.44459, 18.26663 ], [ -66.44575, 18.26707 ], [ -66.44595, 18.26878 ], [ -66.44483, 18.27037 ], [ -66.44527, 18.27105 ], [ -66.44501, 18.27296 ], [ -66.4457, 18.27439 ], [ -66.44753, 18.27546 ], [ -66.4491, 18.2788 ], [ -66.45034, 18.28 ], [ -66.44954, 18.28118 ], [ -66.45051, 18.28273 ], [ -66.44993, 18.28343 ], [ -66.45004, 18.28447 ], [ -66.44978, 18.28477 ], [ -66.45012, 18.28603 ] ] ] } },
{ "type": "Feature", "properties": { "huc12": "210100020408", "name": "Rio Caonillas at Lago Caonillas Dam", "areasqkm": 125.15 }, "geometry": { "type": "Polygon", "coordinates": [ [ [ -66.63114, 18.2775 ], [ -66.63448, 18.2763 ], [ -66.63664, 18.27661 ], [ -66.6387, 18.27585 ], [ -66.63987, 18.27589 ], [ -66.64152, 18.2768 ], [ -66.64399, 18.27391 ], [ -66.64647, 18.27299 ], [ -66.64836, 18.27406 ], [ -66.64916, 18.27578 ], [ -66.65027, 18.27608 ], [ -66.65082, 18.27665 ], [ -66.65253, 18.27687 ], [ -66.65439, 18.27783 ], [ -66.65535, 18.27772 ], [ -66.65737, 18.27624 ], [ -66.65996, 18.27692 ], [ -66.66121, 18.27918 ], [ -66.66132, 18.28029 ], [ -66.66211, 18.28104 ], [ -66.66375, 18.28051 ], [ -66.66346, 18.27753 ], [ -66.66366, 18.27712 ], [ -66.66479, 18.27668 ], [ -66.6646, 18.2754 ], [ -66.6666, 18.27312 ], [ -66.66709, 18.27113 ], [ -66.6665, 18.26948 ], [ -66.66549, 18.26879 ], [ -66.66559, 18.26697 ], [ -66.66636, 18.2655 ], [ -66.666, 18.26454 ], [ -66.66632, 18.26181 ], [ -66.66461, 18.25845 ], [ -66.66514, 18.257 ], [ -66.66533, 18.25501 ], [ -66.66513, 18.25418 ], [ -66.66632, 18.25284 ], [ -66.66745, 18.2525 ], [ -66.66796, 18.25187 ], [ -66.66724, 18.25039 ], [ -66.66542, 18.24959 ], [ -66.66471, 18.24801 ], [ -66.66492, 18.24577 ], [ -66.66443, 18.24525 ], [ -66.66459, 18.24435 ], [ -66.66419, 18.24294 ], [ -66.66448, 18.24198 ], [ -66.66428, 18.24029 ], [ -66.66474, 18.23934 ], [ -66.66401, 18.23783 ], [ -66.66381, 18.2365 ], [ -66.66318, 18.23567 ], [ -66.66225, 18.23554 ], [ -66.66107, 18.23472 ], [ -66.66148, 18.23359 ], [ -66.66235, 18.23289 ], [ -66.6624, 18.2321 ], [ -66.66083, 18.22981 ], [ -66.66128, 18.22882 ], [ -66.66275, 18.22759 ], [ -66.6624, 18.22583 ], [ -66.66318, 18.22511 ], [ -66.66268, 18.22338 ], [ -66.66295, 18.22167 ], [ -66.66263, 18.2205 ], [ -66.66281, 18.21813 ], [ -66.66228, 18.2167 ], [ -66.6612, 18.2158 ], [ -66.66115, 18.21445 ], [ -66.66056, 18.21301 ], [ -66.66101, 18.21167 ], [ -66.6605, 18.21 ], [ -66.65999, 18.2092 ], [ -66.65796, 18.20833 ], [ -66.65725, 18.20563 ], [ -66.65872, 18.2043 ], [ -66.65929, 18.20286 ], [ -66.65993, 18.20239 ], [ -66.66044, 18.19997 ], [ -66.66029, 18.19921 ], [ -66.66238, 18.19716 ], [ -66.66272, 18.1947 ], [ -66.66378, 18.19306 ], [ -66.66347, 18.19224 ], [ -66.66353, 18.1909 ], [ -66.66309, 18.19027 ], [ -66.66215, 18.18982 ], [ -66.66213, 18.18873 ], [ -66.66255, 18.18799 ], [ -66.66104, 18.18654 ], [ -66.66001, 18.18597 ], [ -66.65765, 18.18608 ], [ -66.65572, 18.18511 ], [ -66.65339, 18.18278 ], [ -66.65225, 18.18269 ], [ -66.65065, 18.17603 ], [ -66.65052, 18.17364 ], [ -66.65196, 18.17294 ], [ -66.65283, 18.17218 ], [ -66.65331, 18.17081 ], [ -66.655, 18.16977 ], [ -66.65391, 18.16939 ], [ -66.65238, 18.16986 ], [ -66.65144, 18.16937 ], [ -66.65147, 18.16645 ], [ -66.65066, 18.16564 ], [ -66.65082, 18.16404 ], [ -66.64988, 18.16279 ], [ -66.65007, 18.16131 ], [ -66.65079, 18.16089 ], [ -66.65009, 18.15949 ], [ -66.64895, 18.15843 ], [ -66.64567, 18.15726 ], [ -66.64304, 18.15677 ], [ -66.64259, 18.15631 ], [ -66.64246, 18.15475 ], [ -66.64209, 18.15444 ], [ -66.64082, 18.15518 ], [ -66.63954, 18.15485 ], [ -66.63906, 18.15453 ], [ -66.63873, 18.15341 ], [ -66.63809, 18.15265 ], [ -66.63602, 18.15163 ], [ -66.63466, 18.15152 ], [ -66.63261, 18.15044 ], [ -66.63225, 18.1499 ], [ -66.63184, 18.14993 ], [ -66.63086, 18.15061 ], [ -66.63111, 18.15207 ], [ -66.63132, 18.1525 ], [ -66.63232, 18.15263 ], [ -66.63244, 18.15294 ], [ -66.63162, 18.15442 ], [ -66.6304, 18.15493 ], [ -66.63029, 18.1559 ], [ -66.6297, 18.15674 ], [ -66.62972, 18.15806 ], [ -66.62921, 18.15849 ], [ -66.62826, 18.15888 ], [ -66.62714, 18.15877 ], [ -66.62683, 18.15865 ], [ -66.62663, 18.15777 ], [ -66.62599, 18.15731 ], [ -66.62444, 18.15702 ], [ -66.6233, 18.15635 ], [ -66.62261, 18.15695 ], [ -66.62091, 18.15745 ], [ -66.61836, 18.15742 ], [ -66.61664, 18.15782 ], [ -66.6152, 18.15886 ], [ -66.61285, 18.15866 ], [ -66.61215, 18.15939 ], [ -66.61162, 18.16121 ], [ -66.60878, 18.1619 ], [ -66.60865, 18.16286 ], [ -66.60782, 18.16439 ], [ -66.60445, 18.16628 ], [ -66.60391, 18.16573 ], [ -66.60247, 18.16563 ], [ -66.60229, 18.16485 ], [ -66.60099, 18.16541 ], [ -66.6009, 18.16626 ], [ -66.59935, 18.16722 ], [ -66.59871, 18.17024 ], [ -66.59751, 18.17111 ], [ -66.59645, 18.17128 ], [ -66.59533, 18.17077 ], [ -66.59384, 18.17071 ], [ -66.59235, 18.17203 ], [ -66.59087, 18.17223 ], [ -66.58945, 18.17158 ], [ -66.58869, 18.16932 ], [ -66.58613, 18.16931 ], [ -66.58514, 18.16827 ], [ -66.58091, 18.16819 ], [ -66.57987, 18.16716 ], [ -66.57763, 18.16812 ], [ -66.5764, 18.16732 ], [ -66.57523, 18.16795 ], [ -66.57431, 18.16793 ], [ -66.57361, 18.16667 ], [ -66.57172, 18.16597 ], [ -66.57238, 18.16468 ], [ -66.57215, 18.16404 ], [ -66.57056, 18.16349 ], [ -66.56989, 18.16272 ], [ -66.56759, 18.16138 ], [ -66.5673, 18.15951 ], [ -66.5667, 18.15876 ], [ -66.56463, 18.15875 ], [ -66.56154, 18.15758 ], [ -66.56129, 18.15716 ], [ -66.56163, 18.15492 ], [ -66.55983, 18.15378 ], [ -66.55815, 18.15337 ], [ -66.55649, 18.15354 ], [ -66.55579, 18.15289 ], [ -66.55415, 18.15302 ], [ -66.55367, 18.15233 ], [ -66.55253, 18.15215 ], [ -66.5504, 18.15344 ], [ -66.54979, 18.15248 ], [ -66.54755, 18.15293 ], [ -66.54679, 18.15393 ], [ -66.54674, 18.15537 ], [ -66.54444, 18.15775 ], [ -66.5442, 18.15863 ], [ -66.54466, 18.16023 ], [ -66.54335, 18.16164 ], [ -66.54328, 18.1632 ], [ -66.54245, 18.16372 ], [ -66.54097, 18.16544 ], [ -66.54162, 18.16688 ], [ -66.54137, 18.1691 ], [ -66.54033, 18.16978 ], [ -66.53994, 18.17124 ], [ -66.53905, 18.17252 ], [ -66.53759, 18.17354 ], [ -66.53774, 18.17489 ], [ -66.5386, 18.17627 ], [ -66.53713, 18.17595 ], [ -66.53579, 18.17727 ], [ -66.53335, 18.17642 ], [ -66.53272, 18.1765 ], [ -66.5311, 18.17983 ], [ -66.53241, 18.18249 ], [ -66.53379, 18.18388 ], [ -66.53394, 18.18548 ], [ -66.53472, 18.18654 ], [ -66.53557, 18.18677 ], [ -66.53665, 18.1883 ], [ -66.53654, 18.1895 ], [ -66.53558, 18.19118 ], [ -66.53582, 18.19262 ], [ -66.533, 18.19623 ], [ -66.53269, 18.19764 ], [ -66.5331, 18.19873 ], [ -66.53257, 18.2003 ], [ -66.5335, 18.20133 ], [ -66.53393, 18.20252 ], [ -66.53482, 18.20368 ], [ -66.53496, 18.20466 ], [ -66.53657, 18.2063 ], [ -66.53661, 18.2089 ], [ -66.53747, 18.21063 ], [ -66.53797, 18.21319 ], [ -66.53917, 18.2145 ], [ -66.54131, 18.2147 ], [ -66.54218, 18.21521 ], [ -66.54244, 18.21616 ], [ -66.54342, 18.21692 ], [ -66.54354, 18.21756 ], [ -66.54429, 18.21841 ], [ -66.54459, 18.21967 ], [ -66.54556, 18.22061 ], [ -66.548, 18.22092 ], [ -66.55106, 18.22023 ], [ -66.55248, 18.22034 ], [ -66.55315, 18.22058 ], [ -66.55451, 18.22209 ], [ -66.55606, 18.22216 ], [ -66.55644, 18.2226 ], [ -66.55604, 18.22742 ], [ -66.55622, 18.22869 ], [ -66.55729, 18.22964 ], [ -66.55772, 18.23056 ], [ -66.559, 18.23119 ], [ -66.56078, 18.2331 ], [ -66.56423, 18.23339 ], [ -66.56767, 18.23463 ], [ -66.56884, 18.23437 ], [ -66.56998, 18.23522 ], [ -66.57074, 18.23634 ], [ -66.57263, 18.23756 ], [ -66.57531, 18.23714 ], [ -66.57674, 18.2374 ], [ -66.57762, 18.23927 ], [ -66.57837, 18.23959 ], [ -66.57858, 18.24013 ], [ -66.57962, 18.24053 ], [ -66.58391, 18.24059 ], [ -66.58485, 18.24038 ], [ -66.58668, 18.23921 ], [ -66.58923, 18.23993 ], [ -66.58999, 18.24099 ], [ -66.59095, 18.24042 ], [ -66.59199, 18.24041 ], [ -66.59328, 18.23987 ], [ -66.59486, 18.23837 ], [ -66.59753, 18.24053 ], [ -66.59971, 18.24085 ], [ -66.60055, 18.24056 ], [ -66.60227, 18.23904 ], [ -66.6033, 18.23894 ], [ -66.6045, 18.2379 ], [ -66.60662, 18.23756 ], [ -66.60665, 18.23834 ], [ -66.60758, 18.23878 ], [ -66.60792, 18.24014 ], [ -66.61101, 18.24175 ], [ -66.61267, 18.24184 ], [ -66.61341, 18.24377 ], [ -66.61503, 18.24427 ], [ -66.61616, 18.24725 ], [ -66.61723, 18.2473 ], [ -66.6185, 18.24929 ], [ -66.61947, 18.24945 ], [ -66.62105, 18.24884 ], [ -66.62229, 18.24894 ], [ -66.62246, 18.25005 ], [ -66.62309, 18.25102 ], [ -66.62318, 18.25234 ], [ -66.62409, 18.25358 ], [ -66.62421, 18.25444 ], [ -66.6238, 18.25518 ], [ -66.62388, 18.25899 ], [ -66.62339, 18.25985 ], [ -66.62403, 18.2608 ], [ -66.62536, 18.26094 ], [ -66.62704, 18.26235 ], [ -66.62712, 18.26296 ], [ -66.62661, 18.26383 ], [ -66.62821, 18.26513 ], [ -66.62829, 18.26681 ], [ -66.62905, 18.26852 ], [ -66.62856, 18.27049 ], [ -66.62935, 18.27142 ], [ -66.6292, 18.27308 ], [ -66.62984, 18.27397 ], [ -66.63114, 18.2775 ] ] ] } },
{ "type": "Feature", "properties": { "huc12": "210100040312", "name": "Rio Jacaguas at Lago Guayabal Dam", "areasqkm": 54.54 }, "geometry": { "type": "Polygon", "coordinates": [ [ [ -66.45423, 18.17865 ], [ -66.45494, 18.17755 ], [ -66.45641, 18.17752 ], [ -66.45762, 18.17658 ], [ -66.45915, 18.17756 ], [ -66.46154, 18.17715 ], [ -66.46296, 18.17768 ], [ -66.4638, 18.17877 ], [ -66.46471, 18.17852 ], [ -66.46561, 18.17775 ], [ -66.47034, 18.17802 ], [ -66.47093, 18.17691 ], [ -66.4715, 18.17673 ], [ -66.47246, 18.17546 ], [ -66.47298, 18.17234 ], [ -66.47583, 18.17219 ], [ -66.47639, 18.17176 ], [ -66.47719, 18.17001 ], [ -66.48077, 18.17004 ], [ -66.48251, 18.16959 ], [ -66.48484, 18.16826 ], [ -66.4859, 18.16666 ], [ -66.48715, 18.16708 ], [ -66.48813, 18.16626 ], [ -66.48919, 18.16618 ], [ -66.49123, 18.16731 ], [ -66.49299, 18.16658 ], [ -66.49431, 18.16649 ], [ -66.49645, 18.16701 ], [ -66.49716, 18.1656 ], [ -66.49908, 18.16486 ], [ -66.50107, 18.16442 ], [ -66.50264, 18.16499 ], [ -66.50362, 18.16436 ], [ -66.50498, 18.16414 ], [ -66.50857, 18.16075 ], [ -66.50948, 18.16044 ], [ -66.50992, 18.15993 ], [ -66.51061, 18.15989 ], [ -66.51088, 18.15915 ], [ -66.51174, 18.15825 ], [ -66.51173, 18.1573 ], [ -66.51338, 18.15576 ], [ -66.51622, 18.15443 ], [ -66.51749, 18.15462 ], [ -66.51935, 18.15434 ], [ -66.52116, 18.15282 ], [ -66.52204, 18.15268 ], [ -66.52182, 18.14902 ], [ -66.5228, 18.14722 ], [ -66.52338, 18.14463 ], [ -66.52414, 18.1438 ], [ -66.52446, 18.14273 ], [ -66.52693, 18.14044 ], [ -66.52711, 18.13903 ], [ -66.52642, 18.13672 ], [ -66.52782, 18.13518 ], [ -66.52837, 18.13165 ], [ -66.5267, 18.13084 ], [ -66.5257, 18.12768 ], [ -66.5248, 18.12602 ], [ -66.52493, 18.12444 ], [ -66.52343, 18.12258 ], [ -66.52459, 18.12108 ], [ -66.52607, 18.12035 ], [ -66.52654, 18.11963 ], [ -66.52617, 18.11838 ], [ -66.52649, 18.11663 ], [ -66.52574, 18.11617 ], [ -66.52552, 18.11551 ], [ -66.52589, 18.11214 ], [ -66.52706, 18.10994 ], [ -66.53005, 18.10809 ], [ -66.53014, 18.10668 ], [ -66.52907, 18.10502 ], [ -66.52838, 18.10285 ], [ -66.52759, 18.10209 ], [ -66.52881, 18.10093 ], [ -66.52861, 18.10049 ], [ -66.5264, 18.09871 ], [ -66.52456, 18.09833 ], [ -66.52311, 18.0957 ], [ -66.52168, 18.09462 ], [ -66.52055, 18.09505 ], [ -66.51885, 18.094 ], [ -66.51603, 18.09429 ], [ -66.51391, 18.09328 ], [ -66.51244, 18.09345 ], [ -66.51014, 18.09147 ], [ -66.50862, 18.08833 ], [ -66.50687, 18.08726 ], [ -66.50499, 18.08734 ], [ -66.50086, 18.08537 ], [ -66.49966, 18.08572 ], [ -66.49875, 18.08415 ], [ -66.49654, 18.08541 ], [ -66.49613, 18.08596 ], [ -66.49608, 18.08678 ], [ -66.49566, 18.0871 ], [ -66.49441, 18.08739 ], [ -66.49128, 18.08573 ], [ -66.48885, 18.08743 ], [ -66.48782, 18.08723 ], [ -66.48673, 18.08802 ], [ -66.48641, 18.0889 ], [ -66.48458, 18.08958 ], [ -66.48488, 18.0907 ], [ -66.48339, 18.0941 ], [ -66.48351, 18.09601 ], [ -66.48412, 18.09703 ], [ -66.48657, 18.09767 ], [ -66.49027, 18.10052 ], [ -66.49104, 18.10145 ], [ -66.49121, 18.10243 ], [ -66.49021, 18.10337 ], [ -66.48989, 18.10654 ], [ -66.4884, 18.1077 ], [ -66.48678, 18.1083 ], [ -66.4848, 18.10836 ], [ -66.48411, 18.1095 ], [ -66.48139, 18.11085 ], [ -66.47981, 18.11058 ], [ -66.4764, 18.11132 ], [ -66.47465, 18.11098 ], [ -66.47411, 18.11135 ], [ -66.47382, 18.11243 ], [ -66.47338, 18.11272 ], [ -66.47081, 18.11318 ], [ -66.46929, 18.11266 ], [ -66.4685, 18.11406 ], [ -66.46888, 18.116 ], [ -66.46959, 18.11701 ], [ -66.4687, 18.11785 ], [ -66.46828, 18.11944 ], [ -66.4693, 18.12043 ], [ -66.46974, 18.12283 ], [ -66.47082, 18.12392 ], [ -66.47073, 18.12488 ], [ -66.46816, 18.12674 ], [ -66.46654, 18.1285 ], [ -66.46284, 18.13137 ], [ -66.46288, 18.13207 ], [ -66.46439, 18.13373 ], [ -66.4648, 18.13498 ], [ -66.46377, 18.13737 ], [ -66.46063, 18.1396 ], [ -66.45994, 18.13954 ], [ -66.45854, 18.13873 ], [ -66.45799, 18.13879 ], [ -66.45726, 18.1403 ], [ -66.45654, 18.14091 ], [ -66.45418, 18.14104 ], [ -66.45405, 18.14181 ], [ -66.4531, 18.14279 ], [ -66.45305, 18.14359 ], [ -66.45186, 18.14504 ], [ -66.45229, 18.14629 ], [ -66.45206, 18.14798 ], [ -66.4504, 18.15066 ], [ -66.45039, 18.15344 ], [ -66.44897, 18.15496 ], [ -66.44856, 18.15596 ], [ -66.44826, 18.158 ], [ -66.44893, 18.1597 ], [ -66.44737, 18.16123 ], [ -66.44768, 18.16287 ], [ -66.44715, 18.16386 ], [ -66.4474, 18.1659 ], [ -66.44651, 18.16764 ], [ -66.44634, 18.16875 ], [ -66.44738, 18.17066 ], [ -66.44698, 18.17301 ], [ -66.44646, 18.1739 ], [ -66.4456, 18.17447 ], [ -66.44545, 18.17526 ], [ -66.44794, 18.17591 ], [ -66.44847, 18.17646 ], [ -66.44991, 18.17702 ], [ -66.45038, 18.17763 ], [ -66.45169, 18.17817 ], [ -66.45423, 18.17865 ] ] ] } },
{ "type": "Feature", "properties": { "huc12": "210100030204", "name": "Rio Prieto below Dam", "areasqkm": 43.31 }, "geometry": { "type": "Polygon", "coordinates": [ [ [ -66.84642, 18.21234 ], [ -66.84698, 18.21317 ], [ -66.84799, 18.21376 ], [ -66.8483, 18.2149 ], [ -66.84883, 18.21541 ], [ -66.8512, 18.21563 ], [ -66.85321, 18.21671 ], [ -66.85449, 18.21955 ], [ -66.85531, 18.2197 ], [ -66.85615, 18.22053 ], [ -66.85807, 18.22089 ], [ -66.85873, 18.22187 ], [ -66.86168, 18.22306 ], [ -66.86187, 18.22477 ], [ -66.86239, 18.2256 ], [ -66.86183, 18.22628 ], [ -66.86392, 18.2268 ], [ -66.86497, 18.22858 ], [ -66.86734, 18.23046 ], [ -66.86854, 18.23237 ], [ -66.86938, 18.23237 ], [ -66.87013, 18.23294 ], [ -66.87095, 18.23422 ], [ -66.87245, 18.2352 ], [ -66.87436, 18.23749 ], [ -66.87627, 18.23837 ], [ -66.87683, 18.23945 ], [ -66.87896, 18.24037 ], [ -66.87923, 18.24002 ], [ -66.88197, 18.23913 ], [ -66.88306, 18.23982 ], [ -66.8844, 18.23936 ], [ -66.88513, 18.23957 ], [ -66.88578, 18.24026 ], [ -66.88515, 18.24154 ], [ -66.88743, 18.24292 ], [ -66.88783, 18.24346 ], [ -66.88935, 18.24879 ], [ -66.88914, 18.24977 ], [ -66.8903, 18.25122 ], [ -66.89127, 18.251 ], [ -66.8928, 18.25178 ], [ -66.89522, 18.25208 ], [ -66.89795, 18.25134 ], [ -66.89951, 18.25205 ], [ -66.90028, 18.25275 ], [ -66.90082, 18.2523 ], [ -66.90286, 18.25203 ], [ -66.90494, 18.2528 ], [ -66.90585, 18.25381 ], [ -66.90643, 18.25395 ], [ -66.90728, 18.25343 ], [ -66.90707, 18.25153 ], [ -66.90797, 18.25108 ], [ -66.90983, 18.25114 ], [ -66.9106, 18.25068 ], [ -66.91266, 18.24615 ], [ -66.91192, 18.24527 ], [ -66.91271, 18.24413 ], [ -66.91265, 18.24283 ], [ -66.91316, 18.24169 ], [ -66.90981, 18.23786 ], [ -66.90957, 18.23688 ], [ -66.90737, 18.23413 ], [ -66.90749, 18.23346 ], [ -66.90722, 18.23294 ], [ -66.90505, 18.23075 ], [ -66.90609, 18.22803 ], [ -66.90589, 18.22587 ], [ -66.90506, 18.22481 ], [ -66.90436, 18.22443 ], [ -66.90442, 18.22348 ], [ -66.90259, 18.22197 ], [ -66.90201, 18.22126 ], [ -66.90184, 18.22043 ], [ -66.90105, 18.21964 ], [ -66.9009, 18.21558 ], [ -66.90333, 18.21384 ], [ -66.90422, 18.21164 ], [ -66.90403, 18.20854 ], [ -66.9032, 18.20821 ], [ -66.90164, 18.20823 ], [ -66.90091, 18.20701 ], [ -66.89977, 18.20704 ], [ -66.89946, 18.20677 ], [ -66.89923, 18.20559 ], [ -66.89981, 18.20402 ], [ -66.8983, 18.20267 ], [ -66.89966, 18.20131 ], [ -66.89976, 18.20032 ], [ -66.90112, 18.19887 ], [ -66.90148, 18.19626 ], [ -66.90066, 18.19458 ], [ -66.90048, 18.19329 ], [ -66.89986, 18.1929 ], [ -66.8999, 18.19113 ], [ -66.89852, 18.19045 ], [ -66.89854, 18.18842 ], [ -66.89692, 18.18737 ], [ -66.89708, 18.18609 ], [ -66.89652, 18.18505 ], [ -66.89742, 18.18266 ], [ -66.89588, 18.18196 ], [ -66.89545, 18.18042 ], [ -66.89499, 18.17988 ], [ -66.89589, 18.17856 ], [ -66.89642, 18.17694 ], [ -66.89591, 18.17538 ], [ -66.89632, 18.17416 ], [ -66.89621, 18.17237 ], [ -66.89482, 18.16973 ], [ -66.89524, 18.16904 ], [ -66.89512, 18.1678 ], [ -66.89561, 18.16665 ], [ -66.89658, 18.16608 ], [ -66.8977, 18.16402 ], [ -66.89768, 18.16257 ], [ -66.89919, 18.16133 ], [ -66.89946, 18.16047 ], [ -66.89869, 18.15989 ], [ -66.89739, 18.15971 ], [ -66.89705, 18.15875 ], [ -66.89642, 18.15843 ], [ -66.89431, 18.15802 ], [ -66.8941, 18.15705 ], [ -66.89436, 18.15576 ], [ -66.89341, 18.15484 ], [ -66.89299, 18.15471 ], [ -66.89131, 18.15547 ], [ -66.89043, 18.15502 ], [ -66.89009, 18.15445 ], [ -66.88794, 18.15396 ], [ -66.88749, 18.15318 ], [ -66.88661, 18.1534 ], [ -66.8859, 18.1532 ], [ -66.88555, 18.15225 ], [ -66.88385, 18.15078 ], [ -66.88294, 18.14907 ], [ -66.88139, 18.14911 ], [ -66.88089, 18.15055 ], [ -66.8801, 18.15107 ], [ -66.87943, 18.15275 ], [ -66.87862, 18.15328 ], [ -66.87778, 18.15326 ], [ -66.87664, 18.15376 ], [ -66.87297, 18.15739 ], [ -66.87235, 18.15834 ], [ -66.87274, 18.1618 ], [ -66.87074, 18.16341 ], [ -66.8709, 18.16471 ], [ -66.86989, 18.16658 ], [ -66.87026, 18.16852 ], [ -66.87181, 18.16943 ], [ -66.87301, 18.17133 ], [ -66.87126, 18.17168 ], [ -66.8713, 18.17424 ], [ -66.87056, 18.17528 ], [ -66.87109, 18.17616 ], [ -66.87218, 18.17678 ], [ -66.87231, 18.17771 ], [ -66.87274, 18.17818 ], [ -66.87291, 18.17993 ], [ -66.87247, 18.18077 ], [ -66.87234, 18.18238 ], [ -66.87169, 18.1827 ], [ -66.87144, 18.18368 ], [ -66.871, 18.18411 ], [ -66.86828, 18.1847 ], [ -66.86694, 18.18407 ], [ -66.86489, 18.1843 ], [ -66.86447, 18.18376 ], [ -66.86317, 18.18365 ], [ -66.86178, 18.18269 ], [ -66.85905, 18.18482 ], [ -66.85801, 18.18458 ], [ -66.85695, 18.18474 ], [ -66.85545, 18.18434 ], [ -66.85447, 18.18575 ], [ -66.85338, 18.18561 ], [ -66.85331, 18.18678 ], [ -66.85215, 18.18746 ], [ -66.85119, 18.18921 ], [ -66.84956, 18.18915 ], [ -66.84803, 18.191 ], [ -66.84698, 18.19096 ], [ -66.84637, 18.19148 ], [ -66.84576, 18.19385 ], [ -66.84586, 18.19531 ], [ -66.84496, 18.19641 ], [ -66.84587, 18.19863 ], [ -66.84388, 18.19947 ], [ -66.84243, 18.20127 ], [ -66.844, 18.2033 ], [ -66.84538, 18.20399 ], [ -66.84677, 18.20629 ], [ -66.84734, 18.20886 ], [ -66.84648, 18.21103 ], [ -66.84642, 18.21234 ] ] ] } },
{ "type": "Feature", "properties": { "huc12": "210100030409", "name": "Rio Guanajibo at mouth", "areasqkm": 81.35 }, "geometry": { "type": "Polygon", "coordinates": [ [ [ -67.15408, 18.16131 ], [ -67.15653, 18.16043 ], [ -67.16011, 18.15772 ], [ -67.16113, 18.1576 ], [ -67.16176, 18.1559 ], [ -67.16266, 18.15518 ], [ -67.16316, 18.15556 ], [ -67.16334, 18.15654 ], [ -67.16527, 18.15889 ], [ -67.16821, 18.16166 ], [ -67.16944, 18.16188 ], [ -67.17036, 18.16076 ], [ -67.17129, 18.1609 ], [ -67.17215, 18.16267 ], [ -67.17218, 18.16518 ], [ -67.17474, 18.16554 ], [ -67.17643, 18.16528 ], [ -67.17798, 18.16654 ], [ -67.17969, 18.16857 ], [ -67.18108, 18.16809 ], [ -67.18088, 18.16724 ], [ -67.18123, 18.16584 ], [ -67.1803, 18.1636 ], [ -67.17846, 18.16304 ], [ -67.17747, 18.16212 ], [ -67.1751, 18.16107 ], [ -67.1743, 18.15876 ], [ -67.17471, 18.15705 ], [ -67.17403, 18.15543 ], [ -67.17403, 18.15312 ], [ -67.17307, 18.15259 ], [ -67.171, 18.15248 ], [ -67.17035, 18.15142 ], [ -67.16936, 18.15075 ], [ -67.16913, 18.14956 ], [ -67.16762, 18.14831 ], [ -67.16701, 18.14686 ], [ -67.16681, 18.14522 ], [ -67.16604, 18.14493 ], [ -67.16525, 18.14403 ], [ -67.16484, 18.14246 ], [ -67.16385, 18.14192 ], [ -67.16244, 18.14021 ], [ -67.16249, 18.13923 ], [ -67.16356, 18.13885 ], [ -67.1642, 18.1376 ], [ -67.16238, 18.13549 ], [ -67.16146, 18.1319 ], [ -67.16077, 18.1311 ], [ -67.15932, 18.13025 ], [ -67.15842, 18.12912 ], [ -67.15658, 18.12835 ], [ -67.15577, 18.12706 ], [ -67.15486, 18.1267 ], [ -67.15357, 18.1253 ], [ -67.15125, 18.12391 ], [ -67.14993, 18.12355 ], [ -67.14824, 18.12217 ], [ -67.1477, 18.12298 ], [ -67.14758, 18.12385 ], [ -67.1472, 18.12393 ], [ -67.14537, 18.1216 ], [ -67.14405, 18.12082 ], [ -67.14212, 18.12041 ], [ -67.14016, 18.12092 ], [ -67.13918, 18.12211 ], [ -67.13754, 18.12223 ], [ -67.13638, 18.12397 ], [ -67.13539, 18.12441 ], [ -67.13458, 18.12313 ], [ -67.13395, 18.12131 ], [ -67.13134, 18.11797 ], [ -67.13064, 18.115 ], [ -67.13004, 18.11379 ], [ -67.12666, 18.11012 ], [ -67.12589, 18.10951 ], [ -67.12251, 18.10813 ], [ -67.11901, 18.10723 ], [ -67.11674, 18.10623 ], [ -67.11547, 18.10518 ], [ -67.11072, 18.10368 ], [ -67.10903, 18.10352 ], [ -67.10617, 18.10434 ], [ -67.10136, 18.10412 ], [ -67.09994, 18.10453 ], [ -67.09709, 18.10667 ], [ -67.09502, 18.10602 ], [ -67.09364, 18.10626 ], [ -67.09059, 18.10393 ], [ -67.08702, 18.10354 ], [ -67.08631, 18.10375 ], [ -67.08505, 18.10551 ], [ -67.08201, 18.10636 ], [ -67.0734, 18.1057 ], [ -67.07068, 18.10581 ], [ -67.06618, 18.1041 ], [ -67.06286, 18.10371 ], [ -67.06141, 18.10287 ], [ -67.05863, 18.09906 ], [ -67.05768, 18.09842 ], [ -67.05271, 18.0972 ], [ -67.0521, 18.09673 ], [ -67.05196, 18.09592 ], [ -67.05326, 18.09368 ], [ -67.05308, 18.09169 ], [ -67.05367, 18.09094 ], [ -67.05334, 18.09017 ], [ -67.05249, 18.08989 ], [ -67.05085, 18.09015 ], [ -67.05007, 18.0898 ], [ -67.04886, 18.08856 ], [ -67.04867, 18.08756 ], [ -67.04777, 18.08639 ], [ -67.04705, 18.08596 ], [ -67.04721, 18.08493 ], [ -67.04626, 18.08386 ], [ -67.04415, 18.08445 ], [ -67.04292, 18.08307 ], [ -67.04144, 18.08279 ], [ -67.04057, 18.08226 ], [ -67.04031, 18.08042 ], [ -67.04282, 18.07795 ], [ -67.04338, 18.07666 ], [ -67.04326, 18.0755 ], [ -67.04112, 18.07416 ], [ -67.03976, 18.07389 ], [ -67.03687, 18.07258 ], [ -67.03631, 18.07198 ], [ -67.03672, 18.07081 ], [ -67.03752, 18.0699 ], [ -67.03921, 18.06885 ], [ -67.0396, 18.06685 ], [ -67.04101, 18.06637 ], [ -67.04026, 18.06597 ], [ -67.03956, 18.06495 ], [ -67.03744, 18.06472 ], [ -67.03623, 18.06389 ], [ -67.03307, 18.06265 ], [ -67.03071, 18.06251 ], [ -67.02947, 18.06212 ], [ -67.02784, 18.06294 ], [ -67.02731, 18.0626 ], [ -67.02684, 18.06123 ], [ -67.02518, 18.06112 ], [ -67.02447, 18.06077 ], [ -67.02468, 18.0623 ], [ -67.02384, 18.06281 ], [ -67.02247, 18.06266 ], [ -67.02012, 18.0632 ], [ -67.01935, 18.06275 ], [ -67.01786, 18.06285 ], [ -67.01615, 18.06238 ], [ -67.01448, 18.06266 ], [ -67.01439, 18.06117 ], [ -67.01401, 18.06025 ], [ -67.01437, 18.05794 ], [ -67.01282, 18.05761 ], [ -67.01229, 18.0589 ], [ -67.00934, 18.05914 ], [ -67.00794, 18.06042 ], [ -67.00705, 18.05885 ], [ -67.00489, 18.05804 ], [ -67.00246, 18.05545 ], [ -67.0013, 18.0549 ], [ -66.99929, 18.0552 ], [ -66.99903, 18.05471 ], [ -66.99808, 18.05437 ], [ -66.99727, 18.05352 ], [ -66.99577, 18.05362 ], [ -66.99518, 18.05258 ], [ -66.9924, 18.05263 ], [ -66.99178, 18.05369 ], [ -66.9907, 18.0544 ], [ -66.98888, 18.05434 ], [ -66.98689, 18.05517 ], [ -66.98544, 18.05521 ], [ -66.98406, 18.05672 ], [ -66.9828, 18.05695 ], [ -66.98181, 18.05668 ], [ -66.97998, 18.05858 ], [ -66.9785, 18.05783 ], [ -66.97738, 18.05811 ], [ -66.97657, 18.05695 ], [ -66.97451, 18.05705 ], [ -66.97317, 18.05769 ], [ -66.97272, 18.05843 ], [ -66.97168, 18.05858 ], [ -66.97024, 18.06082 ], [ -66.96887, 18.0612 ], [ -66.96863, 18.06237 ], [ -66.96819, 18.06267 ], [ -66.96717, 18.06231 ], [ -66.9668, 18.06093 ], [ -66.9657, 18.06097 ], [ -66.96471, 18.06008 ], [ -66.96335, 18.06006 ], [ -66.96082, 18.06074 ], [ -66.95994, 18.0605 ], [ -66.95879, 18.06117 ], [ -66.95825, 18.06113 ], [ -66.95724, 18.06064 ], [ -66.95644, 18.0594 ], [ -66.9521, 18.05903 ], [ -66.95045, 18.05818 ], [ -66.94894, 18.0586 ], [ -66.94822, 18.05964 ], [ -66.94683, 18.06043 ], [ -66.94281, 18.06124 ], [ -66.94167, 18.06115 ], [ -66.94086, 18.06032 ], [ -66.93894, 18.06007 ], [ -66.93745, 18.06027 ], [ -66.93497, 18.05952 ], [ -66.93265, 18.06061 ], [ -66.9324, 18.06004 ], [ -66.93318, 18.05847 ], [ -66.93316, 18.05765 ], [ -66.93204, 18.05785 ], [ -66.93073, 18.05739 ], [ -66.93016, 18.05641 ], [ -66.93031, 18.05559 ], [ -66.9295, 18.05486 ], [ -66.9295, 18.0537 ], [ -66.92864, 18.05145 ], [ -66.9281, 18.051 ], [ -66.92594, 18.05068 ], [ -66.92507, 18.0491 ], [ -66.92474, 18.04923 ], [ -66.9241, 18.05113 ], [ -66.92345, 18.05121 ], [ -66.9231, 18.05074 ], [ -66.92262, 18.05069 ], [ -66.92044, 18.05234 ], [ -66.91932, 18.05203 ], [ -66.91814, 18.05266 ], [ -66.91781, 18.05428 ], [ -66.91798, 18.05513 ], [ -66.91711, 18.05515 ], [ -66.91671, 18.05559 ], [ -66.91671, 18.05701 ], [ -66.91612, 18.05835 ], [ -66.91621, 18.05874 ], [ -66.91852, 18.06103 ], [ -66.92159, 18.06111 ], [ -66.92269, 18.06204 ], [ -66.92331, 18.06378 ], [ -66.92461, 18.06538 ], [ -66.92584, 18.06979 ], [ -66.92575, 18.07131 ], [ -66.92521, 18.07196 ], [ -66.92218, 18.07262 ], [ -66.92013, 18.07224 ], [ -66.91672, 18.07407 ], [ -66.91659, 18.07516 ], [ -66.91451, 18.0778 ], [ -66.9143, 18.07916 ], [ -66.91285, 18.0808 ], [ -66.91425, 18.08485 ], [ -66.91569, 18.0859 ], [ -66.91751, 18.08871 ], [ -66.91867, 18.08956 ], [ -66.91942, 18.09196 ], [ -66.91833, 18.09469 ], [ -66.91603, 18.09589 ], [ -66.91565, 18.09639 ], [ -66.91587, 18.09939 ], [ -66.91713, 18.10161 ], [ -66.918, 18.10233 ], [ -66.92063, 18.10307 ], [ -66.92162, 18.10289 ], [ -66.92325, 18.10328 ], [ -66.92422, 18.10292 ], [ -66.92516, 18.10183 ], [ -66.92549, 18.10058 ], [ -66.92633, 18.09952 ], [ -66.92593, 18.09733 ], [ -66.92449, 18.09624 ], [ -66.92369, 18.09463 ], [ -66.92504, 18.09092 ], [ -66.92734, 18.08901 ], [ -66.92882, 18.0886 ], [ -66.9302, 18.08861 ], [ -66.93116, 18.08763 ], [ -66.93223, 18.08711 ], [ -66.93393, 18.08688 ], [ -66.93557, 18.08715 ], [ -66.93791, 18.08662 ], [ -66.93763, 18.08337 ], [ -66.93919, 18.08073 ], [ -66.93981, 18.08044 ], [ -66.9409, 18.08109 ], [ -66.94225, 18.08032 ], [ -66.94414, 18.07977 ], [ -66.94551, 18.07836 ], [ -66.94791, 18.07493 ], [ -66.95113, 18.07172 ], [ -66.95187, 18.07136 ], [ -66.95419, 18.071 ], [ -66.95502, 18.0703 ], [ -66.95562, 18.07198 ], [ -66.95517, 18.07408 ], [ -66.95546, 18.07526 ], [ -66.95793, 18.08063 ], [ -66.95802, 18.08167 ], [ -66.95761, 18.0832 ], [ -66.9578, 18.08406 ], [ -66.95722, 18.08493 ], [ -66.95641, 18.08539 ], [ -66.956, 18.08626 ], [ -66.95715, 18.09081 ], [ -66.95611, 18.09189 ], [ -66.95602, 18.09237 ], [ -66.95702, 18.09448 ], [ -66.9581, 18.0935 ], [ -66.95973, 18.09291 ], [ -66.96199, 18.09285 ], [ -66.96286, 18.09176 ], [ -66.96495, 18.09132 ], [ -66.9659, 18.09038 ], [ -66.96631, 18.08965 ], [ -66.96629, 18.08705 ], [ -66.96688, 18.08617 ], [ -66.96683, 18.08554 ], [ -66.96891, 18.08547 ], [ -66.9695, 18.08412 ], [ -66.97004, 18.0837 ], [ -66.96958, 18.08248 ], [ -66.97087, 18.08016 ], [ -66.97127, 18.07706 ], [ -66.97235, 18.07614 ], [ -66.97377, 18.07659 ], [ -66.97575, 18.07547 ], [ -66.97392, 18.07356 ], [ -66.97532, 18.06953 ], [ -66.97615, 18.06836 ], [ -66.97665, 18.06811 ], [ -66.97899, 18.06813 ], [ -66.98335, 18.07011 ], [ -66.98564, 18.06977 ], [ -66.98759, 18.07061 ], [ -66.98743, 18.07132 ], [ -66.98816, 18.07319 ], [ -66.98505, 18.07642 ], [ -66.98517, 18.07837 ], [ -66.98293, 18.07972 ], [ -66.98318, 18.08142 ], [ -66.98274, 18.08275 ], [ -66.98318, 18.08469 ], [ -66.98293, 18.08728 ], [ -66.98358, 18.08842 ], [ -66.9832, 18.08986 ], [ -66.98344, 18.09034 ], [ -66.9843, 18.09069 ], [ -66.98575, 18.09069 ], [ -66.98707, 18.09031 ], [ -66.98841, 18.08946 ], [ -66.98969, 18.09084 ], [ -66.98991, 18.09299 ], [ -66.99076, 18.09449 ], [ -66.99148, 18.09417 ], [ -66.99255, 18.09498 ], [ -66.99212, 18.09382 ], [ -66.99413, 18.09096 ], [ -66.99505, 18.08782 ], [ -66.99488, 18.08695 ], [ -66.99687, 18.08684 ], [ -66.99742, 18.08416 ], [ -66.99827, 18.08344 ], [ -66.9984, 18.08251 ], [ -66.99908, 18.0816 ], [ -66.99928, 18.0796 ], [ -66.99872, 18.07759 ], [ -66.99883, 18.07676 ], [ -67.00082, 18.07592 ], [ -67.00193, 18.07676 ], [ -67.00292, 18.07617 ], [ -67.00364, 18.07725 ], [ -67.00458, 18.07743 ], [ -67.0091, 18.07639 ], [ -67.00884, 18.07909 ], [ -67.00727, 18.08105 ], [ -67.00823, 18.08512 ], [ -67.00806, 18.08581 ], [ -67.00841, 18.0863 ], [ -67.00838, 18.08819 ], [ -67.00779, 18.08923 ], [ -67.00905, 18.09011 ], [ -67.00983, 18.09116 ], [ -67.01097, 18.09122 ], [ -67.01192, 18.09179 ], [ -67.01337, 18.09358 ], [ -67.01394, 18.09489 ], [ -67.01504, 18.09462 ], [ -67.01643, 18.09549 ], [ -67.01836, 18.09538 ], [ -67.01912, 18.09468 ], [ -67.02051, 18.09408 ], [ -67.02365, 18.09378 ], [ -67.0247, 18.09421 ], [ -67.02546, 18.09414 ], [ -67.02668, 18.09502 ], [ -67.0282, 18.09541 ], [ -67.02919, 18.09714 ], [ -67.03037, 18.09749 ], [ -67.03099, 18.09723 ], [ -67.03198, 18.09526 ], [ -67.03283, 18.09576 ], [ -67.03602, 18.09619 ], [ -67.03707, 18.09515 ], [ -67.03796, 18.09481 ], [ -67.0385, 18.09475 ], [ -67.03904, 18.09532 ], [ -67.04065, 18.09535 ], [ -67.04237, 18.09897 ], [ -67.04209, 18.10108 ], [ -67.04075, 18.10361 ], [ -67.04021, 18.10413 ], [ -67.0398, 18.1041 ], [ -67.03899, 18.10575 ], [ -67.03874, 18.1094 ], [ -67.03599, 18.11206 ], [ -67.0363, 18.11556 ], [ -67.03674, 18.11659 ], [ -67.03368, 18.11823 ], [ -67.03293, 18.11991 ], [ -67.03274, 18.12133 ], [ -67.03344, 18.12256 ], [ -67.03448, 18.12255 ], [ -67.03716, 18.12153 ], [ -67.03926, 18.12171 ], [ -67.04098, 18.12235 ], [ -67.04387, 18.12164 ], [ -67.04524, 18.12083 ], [ -67.04564, 18.1201 ], [ -67.04777, 18.12058 ], [ -67.05008, 18.12008 ], [ -67.05086, 18.12063 ], [ -67.05068, 18.11845 ], [ -67.05167, 18.11769 ], [ -67.05203, 18.11602 ], [ -67.05313, 18.11536 ], [ -67.05377, 18.11395 ], [ -67.05494, 18.11406 ], [ -67.05548, 18.11272 ], [ -67.0564, 18.11222 ], [ -67.05682, 18.11218 ], [ -67.05775, 18.11288 ], [ -67.05952, 18.11285 ], [ -67.06058, 18.11412 ], [ -67.06216, 18.11463 ], [ -67.06609, 18.1131 ], [ -67.0666, 18.11324 ], [ -67.06732, 18.11246 ], [ -67.06816, 18.11287 ], [ -67.06908, 18.11271 ], [ -67.07012, 18.11408 ], [ -67.07069, 18.11377 ], [ -67.07119, 18.11233 ], [ -67.07268, 18.11081 ], [ -67.07567, 18.11049 ], [ -67.08031, 18.10697 ], [ -67.08108, 18.10689 ], [ -67.08117, 18.10919 ], [ -67.08205, 18.11123 ], [ -67.0828, 18.11804 ], [ -67.08223, 18.11884 ], [ -67.08135, 18.11915 ], [ -67.08056, 18.1199 ], [ -67.08033, 18.12064 ], [ -67.07884, 18.12077 ], [ -67.0774, 18.12035 ], [ -67.0769, 18.12061 ], [ -67.07689, 18.12143 ], [ -67.07614, 18.12204 ], [ -67.07512, 18.12425 ], [ -67.07528, 18.12474 ], [ -67.07663, 18.12483 ], [ -67.0783, 18.12629 ], [ -67.07731, 18.12768 ], [ -67.07678, 18.13035 ], [ -67.07713, 18.13119 ], [ -67.07632, 18.13239 ], [ -67.0772, 18.13479 ], [ -67.07819, 18.13554 ], [ -67.07856, 18.13434 ], [ -67.07947, 18.13442 ], [ -67.08034, 18.13353 ], [ -67.08166, 18.12947 ], [ -67.08265, 18.12909 ], [ -67.08367, 18.12803 ], [ -67.08432, 18.12621 ], [ -67.08498, 18.12607 ], [ -67.08579, 18.1238 ], [ -67.08826, 18.12132 ], [ -67.08849, 18.12125 ], [ -67.08818, 18.12221 ], [ -67.08848, 18.12324 ], [ -67.09067, 18.12457 ], [ -67.09209, 18.12471 ], [ -67.09346, 18.12396 ], [ -67.09507, 18.12223 ], [ -67.09567, 18.12188 ], [ -67.09718, 18.12192 ], [ -67.09834, 18.1214 ], [ -67.10379, 18.11767 ], [ -67.10788, 18.12068 ], [ -67.10911, 18.12024 ], [ -67.11037, 18.12126 ], [ -67.11315, 18.12032 ], [ -67.11409, 18.12077 ], [ -67.11489, 18.12231 ], [ -67.1166, 18.12225 ], [ -67.11911, 18.12146 ], [ -67.1217, 18.12162 ], [ -67.12296, 18.12231 ], [ -67.12352, 18.12302 ], [ -67.12462, 18.12302 ], [ -67.1315, 18.12698 ], [ -67.13096, 18.12793 ], [ -67.13402, 18.12949 ], [ -67.13313, 18.12955 ], [ -67.13233, 18.13059 ], [ -67.13115, 18.13118 ], [ -67.125, 18.12981 ], [ -67.12378, 18.12797 ], [ -67.12125, 18.12697 ], [ -67.11668, 18.12646 ], [ -67.1146, 18.12649 ], [ -67.11203, 18.127 ], [ -67.1091, 18.12864 ], [ -67.10829, 18.12857 ], [ -67.10635, 18.12757 ], [ -67.10455, 18.12777 ], [ -67.10355, 18.12833 ], [ -67.10178, 18.13009 ], [ -67.10143, 18.13084 ], [ -67.10155, 18.132 ], [ -67.10062, 18.13371 ], [ -67.09997, 18.13409 ], [ -67.09938, 18.13395 ], [ -67.09904, 18.13328 ], [ -67.09873, 18.13358 ], [ -67.09929, 18.13587 ], [ -67.09895, 18.13653 ], [ -67.09803, 18.13679 ], [ -67.09777, 18.1373 ], [ -67.09694, 18.13749 ], [ -67.096, 18.13837 ], [ -67.09556, 18.13926 ], [ -67.09572, 18.13993 ], [ -67.09543, 18.1406 ], [ -67.09568, 18.14123 ], [ -67.09551, 18.14247 ], [ -67.09639, 18.14335 ], [ -67.09623, 18.14413 ], [ -67.09671, 18.14508 ], [ -67.0979, 18.14581 ], [ -67.10009, 18.14602 ], [ -67.10048, 18.14706 ], [ -67.10296, 18.1489 ], [ -67.10284, 18.1494 ], [ -67.10207, 18.14987 ], [ -67.10105, 18.15187 ], [ -67.10117, 18.15344 ], [ -67.10051, 18.15428 ], [ -67.10102, 18.15532 ], [ -67.10073, 18.15666 ], [ -67.10131, 18.15733 ], [ -67.10396, 18.15806 ], [ -67.10498, 18.15733 ], [ -67.10551, 18.15732 ], [ -67.10618, 18.15819 ], [ -67.10714, 18.15839 ], [ -67.10764, 18.15941 ], [ -67.10867, 18.15982 ], [ -67.10982, 18.15955 ], [ -67.11219, 18.16022 ], [ -67.11462, 18.15964 ], [ -67.11518, 18.15907 ], [ -67.11537, 18.15787 ], [ -67.11774, 18.1575 ], [ -67.11907, 18.15599 ], [ -67.1225, 18.15499 ], [ -67.12302, 18.15383 ], [ -67.12435, 18.15285 ], [ -67.12441, 18.15191 ], [ -67.12587, 18.15079 ], [ -67.1255, 18.14943 ], [ -67.1258, 18.1492 ], [ -67.12651, 18.14942 ], [ -67.12873, 18.14849 ], [ -67.12895, 18.14809 ], [ -67.13051, 18.1477 ], [ -67.13214, 18.14834 ], [ -67.13378, 18.14749 ], [ -67.13595, 18.1486 ], [ -67.13617, 18.14927 ], [ -67.13722, 18.14973 ], [ -67.138, 18.15092 ], [ -67.13969, 18.15092 ], [ -67.14036, 18.15241 ], [ -67.14196, 18.15337 ], [ -67.14418, 18.15369 ], [ -67.14684, 18.15359 ], [ -67.14717, 18.15326 ], [ -67.14859, 18.15309 ], [ -67.15444, 18.15343 ], [ -67.15589, 18.15304 ], [ -67.15979, 18.15318 ], [ -67.15952, 18.15603 ], [ -67.15896, 18.15723 ], [ -67.15408, 18.16131 ] ] ] } },
{ "type": "Feature", "properties": { "huc12": "210100040309", "name": "Rio Guayo", "areasqkm": 32.82 }, "geometry": { "type": "Polygon", "coordinates": [ [ [ -66.5471, 18.1533 ], [ -66.54755, 18.15293 ], [ -66.54979, 18.15248 ], [ -66.5504, 18.15344 ], [ -66.55252, 18.15215 ], [ -66.55241, 18.15085 ], [ -66.5536, 18.14859 ], [ -66.55848, 18.14597 ], [ -66.55941, 18.1459 ], [ -66.56292, 18.14402 ], [ -66.56418, 18.14112 ], [ -66.56456, 18.13891 ], [ -66.56431, 18.13823 ], [ -66.56343, 18.13798 ], [ -66.56276, 18.1371 ], [ -66.56292, 18.13528 ], [ -66.56261, 18.13327 ], [ -66.5636, 18.13088 ], [ -66.56538, 18.13015 ], [ -66.56514, 18.12706 ], [ -66.56473, 18.12569 ], [ -66.56195, 18.12272 ], [ -66.56166, 18.11942 ], [ -66.56237, 18.11796 ], [ -66.56165, 18.11542 ], [ -66.56098, 18.1151 ], [ -66.55941, 18.1155 ], [ -66.55796, 18.11492 ], [ -66.55619, 18.11582 ], [ -66.55569, 18.11566 ], [ -66.55508, 18.11275 ], [ -66.55534, 18.11169 ], [ -66.5547, 18.11034 ], [ -66.55542, 18.10897 ], [ -66.55453, 18.10754 ], [ -66.55465, 18.10633 ], [ -66.55419, 18.10521 ], [ -66.55279, 18.10344 ], [ -66.55115, 18.10217 ], [ -66.55084, 18.10153 ], [ -66.55079, 18.09994 ], [ -66.55001, 18.09899 ], [ -66.54922, 18.09703 ], [ -66.54949, 18.0946 ], [ -66.55066, 18.09345 ], [ -66.55253, 18.09244 ], [ -66.5536, 18.09034 ], [ -66.55375, 18.08918 ], [ -66.55322, 18.08786 ], [ -66.55243, 18.08703 ], [ -66.54778, 18.08503 ], [ -66.54732, 18.08375 ], [ -66.5464, 18.08351 ], [ -66.54551, 18.08276 ], [ -66.54531, 18.08115 ], [ -66.546, 18.07942 ], [ -66.54733, 18.07866 ], [ -66.54815, 18.07765 ], [ -66.54715, 18.07587 ], [ -66.54537, 18.07424 ], [ -66.54513, 18.07367 ], [ -66.54439, 18.07328 ], [ -66.54443, 18.07091 ], [ -66.54354, 18.06944 ], [ -66.54234, 18.06866 ], [ -66.54207, 18.06752 ], [ -66.53886, 18.06587 ], [ -66.5385, 18.063 ], [ -66.53768, 18.06159 ], [ -66.53809, 18.05942 ], [ -66.53573, 18.05565 ], [ -66.53644, 18.05281 ], [ -66.53658, 18.04909 ], [ -66.5372, 18.04588 ], [ -66.53685, 18.04439 ], [ -66.53618, 18.04329 ], [ -66.53675, 18.04183 ], [ -66.53625, 18.04137 ], [ -66.53435, 18.04131 ], [ -66.53044, 18.0425 ], [ -66.53012, 18.04207 ], [ -66.53009, 18.04108 ], [ -66.52879, 18.04118 ], [ -66.52705, 18.04077 ], [ -66.52506, 18.0411 ], [ -66.52452, 18.04124 ], [ -66.52404, 18.04279 ], [ -66.52621, 18.04417 ], [ -66.52618, 18.04519 ], [ -66.52526, 18.04647 ], [ -66.52635, 18.04855 ], [ -66.52456, 18.05035 ], [ -66.52643, 18.05118 ], [ -66.52703, 18.05279 ], [ -66.52589, 18.05459 ], [ -66.52664, 18.05622 ], [ -66.52671, 18.05746 ], [ -66.52536, 18.05938 ], [ -66.52734, 18.06084 ], [ -66.52727, 18.06169 ], [ -66.52835, 18.06248 ], [ -66.52924, 18.06259 ], [ -66.52874, 18.06407 ], [ -66.52812, 18.06462 ], [ -66.52807, 18.06543 ], [ -66.52713, 18.06666 ], [ -66.52838, 18.06889 ], [ -66.52837, 18.07098 ], [ -66.52722, 18.07326 ], [ -66.52737, 18.07423 ], [ -66.5268, 18.07587 ], [ -66.52214, 18.07677 ], [ -66.52139, 18.07735 ], [ -66.52123, 18.07842 ], [ -66.52176, 18.07919 ], [ -66.52117, 18.08139 ], [ -66.51865, 18.08298 ], [ -66.51839, 18.08494 ], [ -66.51973, 18.08703 ], [ -66.5216, 18.08858 ], [ -66.52256, 18.09004 ], [ -66.52098, 18.09271 ], [ -66.52176, 18.09477 ], [ -66.52311, 18.0957 ], [ -66.52456, 18.09833 ], [ -66.5264, 18.09871 ], [ -66.52889, 18.10075 ], [ -66.52759, 18.10209 ], [ -66.52838, 18.10285 ], [ -66.52907, 18.10502 ], [ -66.5302, 18.10689 ], [ -66.52999, 18.10827 ], [ -66.52706, 18.10994 ], [ -66.52589, 18.11214 ], [ -66.52552, 18.11551 ], [ -66.52574, 18.11617 ], [ -66.52649, 18.11663 ], [ -66.52617, 18.11838 ], [ -66.52654, 18.11963 ], [ -66.52607, 18.12035 ], [ -66.52459, 18.12108 ], [ -66.52343, 18.12258 ], [ -66.52493, 18.12444 ], [ -66.5248, 18.12602 ], [ -66.5257, 18.12768 ], [ -66.5267, 18.13084 ], [ -66.52837, 18.13165 ], [ -66.52782, 18.13518 ], [ -66.52642, 18.13672 ], [ -66.52711, 18.13903 ], [ -66.52693, 18.14044 ], [ -66.52457, 18.14257 ], [ -66.52414, 18.1438 ], [ -66.52338, 18.14463 ], [ -66.5228, 18.14722 ], [ -66.52182, 18.14902 ], [ -66.52192, 18.15175 ], [ -66.5221, 18.15209 ], [ -66.5244, 18.15272 ], [ -66.526, 18.1526 ], [ -66.52745, 18.15331 ], [ -66.52858, 18.15305 ], [ -66.52908, 18.15196 ], [ -66.53092, 18.15267 ], [ -66.53369, 18.152 ], [ -66.53452, 18.15241 ], [ -66.53666, 18.15039 ], [ -66.53749, 18.149 ], [ -66.5404, 18.14822 ], [ -66.54116, 18.14733 ], [ -66.54181, 18.14717 ], [ -66.54273, 18.14783 ], [ -66.54386, 18.14747 ], [ -66.54462, 18.14783 ], [ -66.54561, 18.15102 ], [ -66.54626, 18.15153 ], [ -66.54636, 18.15238 ], [ -66.5471, 18.1533 ] ] ] } },
{ "type": "Feature", "properties": { "huc12": "210100020204", "name": "Rio Toro Negro at Lago El Guineo Dam", "areasqkm": 4.25 }, "geometry": { "type": "Polygon", "coordinates": [ [ [ -66.5221, 18.15209 ], [ -66.52237, 18.15401 ], [ -66.52198, 18.15454 ], [ -66.52178, 18.15616 ], [ -66.5223, 18.15655 ], [ -66.52258, 18.15747 ], [ -66.52389, 18.15857 ], [ -66.52568, 18.15944 ], [ -66.52852, 18.16023 ], [ -66.52864, 18.16188 ], [ -66.52813, 18.16313 ], [ -66.5282, 18.16438 ], [ -66.5299, 18.1692 ], [ -66.53146, 18.17051 ], [ -66.533, 18.17093 ], [ -66.53486, 18.17233 ], [ -66.53662, 18.17277 ], [ -66.53764, 18.17349 ], [ -66.53871, 18.17285 ], [ -66.53994, 18.17124 ], [ -66.54033, 18.16978 ], [ -66.54149, 18.16881 ], [ -66.54159, 18.16664 ], [ -66.54106, 18.16606 ], [ -66.54097, 18.16544 ], [ -66.54245, 18.16372 ], [ -66.54328, 18.1632 ], [ -66.54335, 18.16164 ], [ -66.54456, 18.16058 ], [ -66.54465, 18.15988 ], [ -66.5442, 18.15863 ], [ -66.54444, 18.15775 ], [ -66.54581, 18.15652 ], [ -66.54688, 18.15486 ], [ -66.54676, 18.15412 ], [ -66.5471, 18.1533 ], [ -66.54636, 18.15238 ], [ -66.54626, 18.15153 ], [ -66.54561, 18.15102 ], [ -66.54462, 18.14783 ], [ -66.54386, 18.14747 ], [ -66.54273, 18.14783 ], [ -66.54141, 18.14719 ], [ -66.5404, 18.14822 ], [ -66.53734, 18.14911 ], [ -66.53666, 18.15039 ], [ -66.53452, 18.15241 ], [ -66.53369, 18.152 ], [ -66.53092, 18.15267 ], [ -66.52908, 18.15196 ], [ -66.52858, 18.15305 ], [ -66.52745, 18.15331 ], [ -66.526, 18.1526 ], [ -66.5244, 18.15272 ], [ -66.52244, 18.1521 ], [ -66.5221, 18.15209 ] ] ] } },
{ "type": "Feature", "properties": { "huc12": "210100040104", "name": "Eastern Valle de Lajas", "areasqkm": 145.13 }, "geometry": { "type": "Polygon", "coordinates": [ [ [ -67.02684, 18.06123 ], [ -67.02676, 18.06007 ], [ -67.02728, 18.05909 ], [ -67.02888, 18.05854 ], [ -67.03132, 18.05831 ], [ -67.03217, 18.05777 ], [ -67.03629, 18.05959 ], [ -67.03691, 18.06038 ], [ -67.03754, 18.06056 ], [ -67.03841, 18.06057 ], [ -67.03955, 18.05944 ], [ -67.04047, 18.05914 ], [ -67.04419, 18.05961 ], [ -67.04447, 18.06033 ], [ -67.04438, 18.06152 ], [ -67.04541, 18.06266 ], [ -67.04674, 18.0633 ], [ -67.04721, 18.0653 ], [ -67.04968, 18.06541 ], [ -67.05133, 18.06484 ], [ -67.0528, 18.06389 ], [ -67.05311, 18.06415 ], [ -67.0532, 18.06516 ], [ -67.0539, 18.06533 ], [ -67.05511, 18.0675 ], [ -67.05867, 18.0663 ], [ -67.05979, 18.06631 ], [ -67.06013, 18.0656 ], [ -67.05966, 18.06422 ], [ -67.05995, 18.06405 ], [ -67.06346, 18.06492 ], [ -67.0644, 18.06427 ], [ -67.06527, 18.06415 ], [ -67.06657, 18.06299 ], [ -67.06697, 18.05918 ], [ -67.06852, 18.05748 ], [ -67.06918, 18.05431 ], [ -67.06989, 18.05266 ], [ -67.06892, 18.0516 ], [ -67.06875, 18.05058 ], [ -67.0678, 18.04867 ], [ -67.06788, 18.04588 ], [ -67.0697, 18.04492 ], [ -67.0712, 18.04352 ], [ -67.07174, 18.04284 ], [ -67.07223, 18.04084 ], [ -67.07323, 18.03957 ], [ -67.07343, 18.03897 ], [ -67.07292, 18.03618 ], [ -67.07378, 18.03131 ], [ -67.07319, 18.02876 ], [ -67.07297, 18.0255 ], [ -67.07333, 18.0233 ], [ -67.07281, 18.01756 ], [ -67.07151, 18.01338 ], [ -67.06979, 18.00987 ], [ -67.06866, 18.00505 ], [ -67.06696, 18.00145 ], [ -67.06676, 17.99973 ], [ -67.06705, 17.99811 ], [ -67.06524, 17.99598 ], [ -67.06479, 17.99461 ], [ -67.06394, 17.99454 ], [ -67.06391, 17.99404 ], [ -67.06556, 17.99062 ], [ -67.06433, 17.98849 ], [ -67.06144, 17.98769 ], [ -67.05936, 17.98635 ], [ -67.05732, 17.98574 ], [ -67.05586, 17.987 ], [ -67.05476, 17.98727 ], [ -67.05435, 17.98691 ], [ -67.05392, 17.98497 ], [ -67.05257, 17.98469 ], [ -67.05234, 17.98482 ], [ -67.05237, 17.98692 ], [ -67.05044, 17.98871 ], [ -67.0483, 17.98851 ], [ -67.0465, 17.98929 ], [ -67.04339, 17.98869 ], [ -67.04209, 17.98944 ], [ -67.0393, 17.98917 ], [ -67.03824, 17.98978 ], [ -67.0364, 17.98962 ], [ -67.03503, 17.98911 ], [ -67.03515, 17.99029 ], [ -67.03426, 17.99081 ], [ -67.03184, 17.99016 ], [ -67.02903, 17.99042 ], [ -67.0267, 17.99033 ], [ -67.02509, 17.98992 ], [ -67.02347, 17.99104 ], [ -67.02088, 17.9909 ], [ -67.01884, 17.99127 ], [ -67.01651, 17.9907 ], [ -67.01558, 17.99015 ], [ -67.01188, 17.98955 ], [ -67.00959, 17.99007 ], [ -67.00797, 17.9889 ], [ -67.00689, 17.9889 ], [ -67.00632, 17.98788 ], [ -67.0051, 17.98738 ], [ -67.00201, 17.98832 ], [ -66.99844, 17.99014 ], [ -66.99695, 17.98921 ], [ -66.99504, 17.98947 ], [ -66.99404, 17.9884 ], [ -66.9875, 17.98687 ], [ -66.98504, 17.98709 ], [ -66.98274, 17.98785 ], [ -66.9823, 17.98735 ], [ -66.98055, 17.98704 ], [ -66.97975, 17.9877 ], [ -66.97807, 17.98643 ], [ -66.97574, 17.986 ], [ -66.97217, 17.98478 ], [ -66.9705, 17.98171 ], [ -66.96787, 17.9792 ], [ -66.96639, 17.97727 ], [ -66.96068, 17.97438 ], [ -66.95784, 17.97129 ], [ -66.95244, 17.96949 ], [ -66.95093, 17.97018 ], [ -66.94991, 17.97107 ], [ -66.94496, 17.97 ], [ -66.94217, 17.97115 ], [ -66.93845, 17.97123 ], [ -66.93841, 17.9727 ], [ -66.9369, 17.97351 ], [ -66.93741, 17.97438 ], [ -66.93707, 17.97544 ], [ -66.93936, 17.97556 ], [ -66.94411, 17.97835 ], [ -66.94425, 17.97871 ], [ -66.94344, 17.9804 ], [ -66.94527, 17.98155 ], [ -66.947, 17.98412 ], [ -66.94675, 17.98462 ], [ -66.94429, 17.98626 ], [ -66.94264, 17.98804 ], [ -66.9409, 17.98862 ], [ -66.94009, 17.98848 ], [ -66.93823, 17.98744 ], [ -66.93605, 17.98765 ], [ -66.93273, 17.98722 ], [ -66.93214, 17.98682 ], [ -66.93099, 17.9848 ], [ -66.93062, 17.98535 ], [ -66.9289, 17.98498 ], [ -66.92642, 17.98513 ], [ -66.92574, 17.98594 ], [ -66.92464, 17.98593 ], [ -66.92276, 17.98721 ], [ -66.92223, 17.98732 ], [ -66.92171, 17.98703 ], [ -66.92072, 17.98725 ], [ -66.91831, 17.9884 ], [ -66.91679, 17.98985 ], [ -66.91744, 17.99055 ], [ -66.9172, 17.99082 ], [ -66.91761, 17.99148 ], [ -66.91741, 17.99193 ], [ -66.90702, 17.99323 ], [ -66.9061, 17.99428 ], [ -66.90406, 17.99887 ], [ -66.90215, 18.00082 ], [ -66.90069, 18.00146 ], [ -66.89774, 18.00127 ], [ -66.89563, 18.00308 ], [ -66.89526, 18.00426 ], [ -66.89575, 18.00555 ], [ -66.89563, 18.0062 ], [ -66.89519, 18.00698 ], [ -66.89388, 18.00795 ], [ -66.89353, 18.00941 ], [ -66.89465, 18.01142 ], [ -66.89469, 18.01277 ], [ -66.89503, 18.01329 ], [ -66.89451, 18.01672 ], [ -66.89531, 18.01971 ], [ -66.89499, 18.02061 ], [ -66.89336, 18.02052 ], [ -66.89284, 18.0226 ], [ -66.89146, 18.02396 ], [ -66.89262, 18.02514 ], [ -66.89437, 18.02602 ], [ -66.89226, 18.02751 ], [ -66.89117, 18.02773 ], [ -66.89141, 18.02934 ], [ -66.89074, 18.03035 ], [ -66.89122, 18.03205 ], [ -66.89048, 18.03275 ], [ -66.8911, 18.03427 ], [ -66.89701, 18.03738 ], [ -66.90578, 18.04353 ], [ -66.90756, 18.04422 ], [ -66.90609, 18.04655 ], [ -66.90679, 18.04789 ], [ -66.90585, 18.05039 ], [ -66.90668, 18.05144 ], [ -66.90815, 18.05104 ], [ -66.90952, 18.05115 ], [ -66.91005, 18.05036 ], [ -66.91189, 18.04994 ], [ -66.913, 18.04865 ], [ -66.9144, 18.04839 ], [ -66.91474, 18.04852 ], [ -66.91552, 18.0505 ], [ -66.91726, 18.05117 ], [ -66.91814, 18.05266 ], [ -66.91932, 18.05203 ], [ -66.92044, 18.05234 ], [ -66.92262, 18.05069 ], [ -66.9231, 18.05074 ], [ -66.92345, 18.05121 ], [ -66.9241, 18.05113 ], [ -66.92474, 18.04923 ], [ -66.92507, 18.0491 ], [ -66.92594, 18.05068 ], [ -66.9281, 18.051 ], [ -66.92864, 18.05145 ], [ -66.9295, 18.0537 ], [ -66.9295, 18.05486 ], [ -66.93031, 18.05559 ], [ -66.93016, 18.05641 ], [ -66.93073, 18.05739 ], [ -66.93204, 18.05785 ], [ -66.93316, 18.05765 ], [ -66.93318, 18.05847 ], [ -66.9324, 18.06004 ], [ -66.93265, 18.06061 ], [ -66.93497, 18.05952 ], [ -66.93745, 18.06027 ], [ -66.93894, 18.06007 ], [ -66.94086, 18.06032 ], [ -66.94167, 18.06115 ], [ -66.94281, 18.06124 ], [ -66.94683, 18.06043 ], [ -66.94822, 18.05964 ], [ -66.94894, 18.0586 ], [ -66.95045, 18.05818 ], [ -66.9521, 18.05903 ], [ -66.95644, 18.0594 ], [ -66.95724, 18.06064 ], [ -66.95825, 18.06113 ], [ -66.95879, 18.06117 ], [ -66.95994, 18.0605 ], [ -66.96082, 18.06074 ], [ -66.96335, 18.06006 ], [ -66.96471, 18.06008 ], [ -66.9657, 18.06097 ], [ -66.9668, 18.06093 ], [ -66.96717, 18.06231 ], [ -66.96819, 18.06267 ], [ -66.96863, 18.06237 ], [ -66.96887, 18.0612 ], [ -66.97024, 18.06082 ], [ -66.97168, 18.05858 ], [ -66.97272, 18.05843 ], [ -66.97317, 18.05769 ], [ -66.97451, 18.05705 ], [ -66.97657, 18.05695 ], [ -66.97738, 18.05811 ], [ -66.9785, 18.05783 ], [ -66.97998, 18.05858 ], [ -66.98181, 18.05668 ], [ -66.9828, 18.05695 ], [ -66.98383, 18.0568 ], [ -66.9845, 18.05647 ], [ -66.98544, 18.05521 ], [ -66.98689, 18.05517 ], [ -66.98888, 18.05434 ], [ -66.9907, 18.0544 ], [ -66.99178, 18.05369 ], [ -66.99219, 18.05281 ], [ -66.99278, 18.05253 ], [ -66.99445, 18.05278 ], [ -66.99518, 18.05258 ], [ -66.99577, 18.05362 ], [ -66.99727, 18.05352 ], [ -66.99808, 18.05437 ], [ -66.99903, 18.05471 ], [ -66.99929, 18.0552 ], [ -67.00156, 18.05495 ], [ -67.00278, 18.05575 ], [ -67.00489, 18.05804 ], [ -67.00705, 18.05885 ], [ -67.00794, 18.06042 ], [ -67.00934, 18.05914 ], [ -67.01229, 18.0589 ], [ -67.01282, 18.05761 ], [ -67.01437, 18.05794 ], [ -67.01401, 18.06025 ], [ -67.01439, 18.06117 ], [ -67.01448, 18.06266 ], [ -67.01615, 18.06238 ], [ -67.01786, 18.06285 ], [ -67.01935, 18.06275 ], [ -67.02012, 18.0632 ], [ -67.02247, 18.06266 ], [ -67.02384, 18.06281 ], [ -67.02468, 18.0623 ], [ -67.02447, 18.06077 ], [ -67.02518, 18.06112 ], [ -67.02684, 18.06123 ] ] ] } },
{ "type": "Feature", "properties": { "huc12": "210100040202", "name": "Rio Yauco at mouth", "areasqkm": 74.32 }, "geometry": { "type": "Polygon", "coordinates": [ [ [ -66.79892, 18.13266 ], [ -66.8, 18.13315 ], [ -66.80425, 18.13222 ], [ -66.80546, 18.13153 ], [ -66.8077, 18.13203 ], [ -66.80833, 18.13076 ], [ -66.80955, 18.12998 ], [ -66.80951, 18.12939 ], [ -66.80989, 18.12897 ], [ -66.81343, 18.13016 ], [ -66.81393, 18.12998 ], [ -66.81542, 18.12829 ], [ -66.81612, 18.12888 ], [ -66.8179, 18.12941 ], [ -66.81822, 18.13007 ], [ -66.81833, 18.13269 ], [ -66.81884, 18.13319 ], [ -66.81992, 18.13338 ], [ -66.82062, 18.13421 ], [ -66.8217, 18.13452 ], [ -66.824, 18.13308 ], [ -66.82454, 18.13413 ], [ -66.82529, 18.13477 ], [ -66.82741, 18.13454 ], [ -66.82791, 18.13574 ], [ -66.82932, 18.13701 ], [ -66.83057, 18.13734 ], [ -66.83158, 18.13717 ], [ -66.83375, 18.13581 ], [ -66.83459, 18.13443 ], [ -66.838, 18.13296 ], [ -66.83786, 18.13195 ], [ -66.83719, 18.13115 ], [ -66.83728, 18.13002 ], [ -66.83798, 18.12904 ], [ -66.83811, 18.12809 ], [ -66.83763, 18.12729 ], [ -66.83686, 18.12699 ], [ -66.83632, 18.12545 ], [ -66.83541, 18.12497 ], [ -66.83545, 18.12192 ], [ -66.83577, 18.1206 ], [ -66.83552, 18.11965 ], [ -66.83409, 18.11862 ], [ -66.83342, 18.11721 ], [ -66.8335, 18.11665 ], [ -66.8343, 18.11641 ], [ -66.836, 18.11374 ], [ -66.83629, 18.11126 ], [ -66.83524, 18.11076 ], [ -66.83486, 18.10999 ], [ -66.836, 18.10727 ], [ -66.83761, 18.10517 ], [ -66.83633, 18.1025 ], [ -66.83679, 18.10078 ], [ -66.83552, 18.09876 ], [ -66.83682, 18.0973 ], [ -66.83816, 18.09482 ], [ -66.84039, 18.09456 ], [ -66.84138, 18.09367 ], [ -66.84315, 18.09367 ], [ -66.84605, 18.09224 ], [ -66.84721, 18.09004 ], [ -66.84826, 18.08933 ], [ -66.84931, 18.0891 ], [ -66.85044, 18.08956 ], [ -66.85099, 18.08916 ], [ -66.8525, 18.08925 ], [ -66.85486, 18.08822 ], [ -66.85759, 18.08775 ], [ -66.8591, 18.08833 ], [ -66.86081, 18.0901 ], [ -66.86489, 18.09183 ], [ -66.86503, 18.09267 ], [ -66.86963, 18.09014 ], [ -66.87025, 18.08949 ], [ -66.87208, 18.08899 ], [ -66.87389, 18.08791 ], [ -66.87728, 18.08823 ], [ -66.87768, 18.08779 ], [ -66.87751, 18.08646 ], [ -66.87838, 18.08589 ], [ -66.87884, 18.08433 ], [ -66.87918, 18.08517 ], [ -66.88074, 18.08566 ], [ -66.88506, 18.08555 ], [ -66.88767, 18.08436 ], [ -66.89004, 18.08489 ], [ -66.89004, 18.08442 ], [ -66.88659, 18.08037 ], [ -66.88582, 18.07856 ], [ -66.88461, 18.07761 ], [ -66.88461, 18.07676 ], [ -66.88408, 18.07618 ], [ -66.88346, 18.0739 ], [ -66.88217, 18.07383 ], [ -66.88143, 18.07268 ], [ -66.87989, 18.07218 ], [ -66.87956, 18.07084 ], [ -66.87801, 18.06988 ], [ -66.87517, 18.06687 ], [ -66.87573, 18.06424 ], [ -66.8749, 18.06241 ], [ -66.8739, 18.06095 ], [ -66.87218, 18.06011 ], [ -66.87075, 18.0585 ], [ -66.87059, 18.05766 ], [ -66.86972, 18.05638 ], [ -66.86971, 18.05354 ], [ -66.86807, 18.05157 ], [ -66.86822, 18.05105 ], [ -66.86765, 18.04968 ], [ -66.86775, 18.04909 ], [ -66.86961, 18.0467 ], [ -66.86818, 18.04076 ], [ -66.86718, 18.04001 ], [ -66.86815, 18.03869 ], [ -66.86825, 18.03767 ], [ -66.86788, 18.03685 ], [ -66.86639, 18.03588 ], [ -66.86522, 18.03421 ], [ -66.86542, 18.03343 ], [ -66.86491, 18.03141 ], [ -66.86318, 18.03062 ], [ -66.86295, 18.02795 ], [ -66.86351, 18.0269 ], [ -66.86338, 18.02543 ], [ -66.86421, 18.02392 ], [ -66.86599, 18.02211 ], [ -66.86671, 18.01958 ], [ -66.86633, 18.0171 ], [ -66.86321, 18.01691 ], [ -66.86015, 18.01726 ], [ -66.85644, 18.01662 ], [ -66.85614, 18.01603 ], [ -66.85656, 18.01517 ], [ -66.8585, 18.0142 ], [ -66.85881, 18.0135 ], [ -66.86003, 18.0127 ], [ -66.86047, 18.00977 ], [ -66.86122, 18.00896 ], [ -66.86092, 18.00823 ], [ -66.86177, 18.00726 ], [ -66.86044, 18.00347 ], [ -66.8601, 18.00316 ], [ -66.85894, 18.00314 ], [ -66.8586, 18.00181 ], [ -66.8602, 18.00097 ], [ -66.86369, 18.00084 ], [ -66.86379, 17.99943 ], [ -66.8643, 17.99875 ], [ -66.86615, 17.99848 ], [ -66.86728, 17.99759 ], [ -66.86955, 17.99674 ], [ -66.87112, 17.99747 ], [ -66.87245, 17.99697 ], [ -66.87431, 17.9954 ], [ -66.8747, 17.99326 ], [ -66.87593, 17.99213 ], [ -66.87518, 17.99101 ], [ -66.87342, 17.99024 ], [ -66.87355, 17.98929 ], [ -66.87299, 17.98841 ], [ -66.87372, 17.98712 ], [ -66.87315, 17.98613 ], [ -66.87341, 17.98359 ], [ -66.874, 17.98233 ], [ -66.87394, 17.98116 ], [ -66.87536, 17.97905 ], [ -66.87616, 17.97918 ], [ -66.87663, 17.97978 ], [ -66.8776, 17.97909 ], [ -66.87651, 17.97725 ], [ -66.87704, 17.9748 ], [ -66.87649, 17.97357 ], [ -66.87294, 17.97398 ], [ -66.87108, 17.97538 ], [ -66.8696, 17.97596 ], [ -66.86828, 17.97561 ], [ -66.86508, 17.97591 ], [ -66.86395, 17.97638 ], [ -66.86372, 17.97714 ], [ -66.86128, 17.97782 ], [ -66.86016, 17.97718 ], [ -66.85921, 17.97732 ], [ -66.85671, 17.97565 ], [ -66.85353, 17.97612 ], [ -66.85013, 17.9773 ], [ -66.84833, 17.97862 ], [ -66.84723, 17.97902 ], [ -66.84166, 17.97862 ], [ -66.83734, 17.97745 ], [ -66.83607, 17.97781 ], [ -66.83221, 17.97809 ], [ -66.83071, 17.97906 ], [ -66.82976, 17.98135 ], [ -66.83032, 17.98172 ], [ -66.83104, 17.98335 ], [ -66.831, 17.98491 ], [ -66.82889, 17.98679 ], [ -66.82716, 17.98694 ], [ -66.82379, 17.98598 ], [ -66.82068, 17.98719 ], [ -66.81849, 17.98722 ], [ -66.81677, 17.9878 ], [ -66.81478, 17.98675 ], [ -66.81203, 17.98829 ], [ -66.81112, 17.98968 ], [ -66.80954, 17.99035 ], [ -66.80629, 17.98906 ], [ -66.80117, 17.98759 ], [ -66.79961, 17.98561 ], [ -66.79885, 17.9818 ], [ -66.79856, 17.9822 ], [ -66.79856, 17.98345 ], [ -66.79959, 17.98663 ], [ -66.8006, 17.98811 ], [ -66.80152, 17.98865 ], [ -66.80398, 17.98909 ], [ -66.80532, 17.98976 ], [ -66.80819, 17.99033 ], [ -66.8101, 17.99113 ], [ -66.8115, 17.99064 ], [ -66.81364, 17.98903 ], [ -66.81521, 17.98886 ], [ -66.81871, 17.99002 ], [ -66.819, 17.99094 ], [ -66.81995, 17.9919 ], [ -66.82049, 17.99192 ], [ -66.82118, 17.99138 ], [ -66.8223, 17.99227 ], [ -66.82358, 17.99267 ], [ -66.82513, 17.99243 ], [ -66.82607, 17.99165 ], [ -66.82911, 17.9919 ], [ -66.83006, 17.99149 ], [ -66.83076, 17.99316 ], [ -66.8308, 17.99429 ], [ -66.83163, 17.9952 ], [ -66.83201, 17.99622 ], [ -66.83075, 17.99808 ], [ -66.83047, 17.99943 ], [ -66.82854, 17.99903 ], [ -66.82596, 17.99981 ], [ -66.82596, 18.00336 ], [ -66.82609, 18.00386 ], [ -66.82697, 18.00457 ], [ -66.82718, 18.0055 ], [ -66.82649, 18.00657 ], [ -66.82684, 18.00738 ], [ -66.82651, 18.00771 ], [ -66.82661, 18.0081 ], [ -66.8281, 18.00906 ], [ -66.82865, 18.00906 ], [ -66.82932, 18.00844 ], [ -66.83093, 18.01001 ], [ -66.8302, 18.01161 ], [ -66.82885, 18.01239 ], [ -66.82921, 18.01373 ], [ -66.82991, 18.01472 ], [ -66.82971, 18.0156 ], [ -66.83013, 18.01722 ], [ -66.83, 18.01838 ], [ -66.82892, 18.01908 ], [ -66.82585, 18.01978 ], [ -66.82488, 18.02032 ], [ -66.8242, 18.0213 ], [ -66.82278, 18.02088 ], [ -66.82148, 18.02144 ], [ -66.82095, 18.02365 ], [ -66.82099, 18.02497 ], [ -66.81858, 18.02827 ], [ -66.81806, 18.02962 ], [ -66.81952, 18.03157 ], [ -66.82116, 18.0323 ], [ -66.82174, 18.0331 ], [ -66.82218, 18.03438 ], [ -66.8216, 18.03552 ], [ -66.82175, 18.03667 ], [ -66.82376, 18.03907 ], [ -66.82458, 18.04142 ], [ -66.82475, 18.04293 ], [ -66.82401, 18.04379 ], [ -66.82436, 18.04454 ], [ -66.82403, 18.04525 ], [ -66.82411, 18.04644 ], [ -66.82486, 18.04758 ], [ -66.8251, 18.04889 ], [ -66.8264, 18.04985 ], [ -66.82576, 18.05414 ], [ -66.82641, 18.05547 ], [ -66.82547, 18.05634 ], [ -66.82519, 18.05741 ], [ -66.82205, 18.05766 ], [ -66.8228, 18.06 ], [ -66.82246, 18.06145 ], [ -66.82322, 18.06243 ], [ -66.82359, 18.06429 ], [ -66.82188, 18.06594 ], [ -66.82117, 18.06618 ], [ -66.82011, 18.06752 ], [ -66.81874, 18.06766 ], [ -66.81744, 18.06831 ], [ -66.81708, 18.06956 ], [ -66.81544, 18.07224 ], [ -66.8168, 18.07379 ], [ -66.81839, 18.07432 ], [ -66.81877, 18.07568 ], [ -66.81977, 18.07699 ], [ -66.82335, 18.07762 ], [ -66.82391, 18.07798 ], [ -66.82401, 18.079 ], [ -66.8234, 18.08021 ], [ -66.82421, 18.08279 ], [ -66.82316, 18.08532 ], [ -66.8251, 18.08665 ], [ -66.82503, 18.08796 ], [ -66.82443, 18.08856 ], [ -66.82477, 18.08982 ], [ -66.82582, 18.09099 ], [ -66.82616, 18.09239 ], [ -66.82697, 18.09324 ], [ -66.82891, 18.09697 ], [ -66.82794, 18.09942 ], [ -66.82566, 18.10189 ], [ -66.82117, 18.10372 ], [ -66.81936, 18.10384 ], [ -66.8196, 18.10591 ], [ -66.81921, 18.10667 ], [ -66.81721, 18.10674 ], [ -66.81405, 18.10797 ], [ -66.81248, 18.10717 ], [ -66.81116, 18.10799 ], [ -66.80946, 18.10836 ], [ -66.80864, 18.10932 ], [ -66.81035, 18.11113 ], [ -66.81067, 18.11283 ], [ -66.81021, 18.11384 ], [ -66.80724, 18.11491 ], [ -66.80689, 18.11522 ], [ -66.8069, 18.1157 ], [ -66.80631, 18.11609 ], [ -66.80298, 18.11703 ], [ -66.80206, 18.11898 ], [ -66.80093, 18.11994 ], [ -66.79698, 18.121 ], [ -66.796, 18.12167 ], [ -66.79694, 18.12477 ], [ -66.79727, 18.12782 ], [ -66.79885, 18.13084 ], [ -66.79892, 18.13266 ] ] ] } },
{ "type": "Feature", "properties": { "huc12": "210100020205", "name": "Rio Matrullas at Lago de Matrullas Dam", "areasqkm": 11.57 }, "geometry": { "type": "Polygon", "coordinates": [ [ [ -66.47331, 18.21298 ], [ -66.47575, 18.21297 ], [ -66.47795, 18.21225 ], [ -66.4788, 18.21191 ], [ -66.4815, 18.20969 ], [ -66.48462, 18.20913 ], [ -66.48568, 18.20859 ], [ -66.4867, 18.2075 ], [ -66.48771, 18.2044 ], [ -66.48949, 18.20212 ], [ -66.49069, 18.20094 ], [ -66.49207, 18.20112 ], [ -66.49318, 18.2008 ], [ -66.49386, 18.19876 ], [ -66.49391, 18.19756 ], [ -66.49339, 18.19743 ], [ -66.49275, 18.19659 ], [ -66.49244, 18.1949 ], [ -66.49162, 18.1941 ], [ -66.49094, 18.19388 ], [ -66.49128, 18.19284 ], [ -66.49044, 18.19061 ], [ -66.48988, 18.18996 ], [ -66.49104, 18.18855 ], [ -66.49117, 18.18688 ], [ -66.48944, 18.18578 ], [ -66.48939, 18.18379 ], [ -66.48843, 18.1827 ], [ -66.48836, 18.18196 ], [ -66.48944, 18.18006 ], [ -66.48884, 18.17917 ], [ -66.48752, 18.17816 ], [ -66.48718, 18.17696 ], [ -66.48733, 18.17506 ], [ -66.48373, 18.1747 ], [ -66.48228, 18.17313 ], [ -66.48188, 18.17193 ], [ -66.48092, 18.17179 ], [ -66.48062, 18.17096 ], [ -66.48077, 18.17004 ], [ -66.48024, 18.16991 ], [ -66.47828, 18.17014 ], [ -66.47742, 18.1699 ], [ -66.47639, 18.17176 ], [ -66.47583, 18.17219 ], [ -66.47298, 18.17234 ], [ -66.47246, 18.17546 ], [ -66.4715, 18.17673 ], [ -66.47093, 18.17691 ], [ -66.47034, 18.17802 ], [ -66.46561, 18.17775 ], [ -66.46471, 18.17852 ], [ -66.4638, 18.17877 ], [ -66.46296, 18.17768 ], [ -66.46154, 18.17715 ], [ -66.45915, 18.17756 ], [ -66.45762, 18.17658 ], [ -66.45641, 18.17752 ], [ -66.45494, 18.17755 ], [ -66.45423, 18.17865 ], [ -66.45464, 18.17935 ], [ -66.45626, 18.18006 ], [ -66.45634, 18.18122 ], [ -66.45689, 18.1822 ], [ -66.45898, 18.18284 ], [ -66.46047, 18.1841 ], [ -66.45912, 18.18592 ], [ -66.45748, 18.18637 ], [ -66.45702, 18.1874 ], [ -66.45707, 18.18811 ], [ -66.45819, 18.18929 ], [ -66.45836, 18.19021 ], [ -66.45819, 18.19097 ], [ -66.45706, 18.19233 ], [ -66.45658, 18.19251 ], [ -66.45661, 18.193 ], [ -66.45739, 18.19389 ], [ -66.45869, 18.19452 ], [ -66.45923, 18.19432 ], [ -66.46083, 18.19454 ], [ -66.4608, 18.19541 ], [ -66.46196, 18.19617 ], [ -66.46258, 18.19614 ], [ -66.46406, 18.19763 ], [ -66.46549, 18.19783 ], [ -66.46624, 18.19949 ], [ -66.46843, 18.20077 ], [ -66.46942, 18.20208 ], [ -66.46929, 18.20307 ], [ -66.47006, 18.20362 ], [ -66.47028, 18.20518 ], [ -66.46988, 18.20633 ], [ -66.47031, 18.20752 ], [ -66.47002, 18.20861 ], [ -66.47159, 18.21099 ], [ -66.47321, 18.21229 ], [ -66.47331, 18.21298 ] ] ] } },
{ "type": "Feature", "properties": { "huc12": "210100030203", "name": "Rio Prieto at Lago Prieto Dam", "areasqkm": 24.61 }, "geometry": { "type": "Polygon", "coordinates": [ [ [ -66.85508, 18.18458 ], [ -66.85575, 18.18427 ], [ -66.85695, 18.18474 ], [ -66.85801, 18.18458 ], [ -66.85905, 18.18482 ], [ -66.86178, 18.18269 ], [ -66.86317, 18.18365 ], [ -66.86447, 18.18376 ], [ -66.86489, 18.1843 ], [ -66.86694, 18.18407 ], [ -66.86828, 18.1847 ], [ -66.871, 18.18411 ], [ -66.87144, 18.18368 ], [ -66.87169, 18.1827 ], [ -66.87234, 18.18238 ], [ -66.87247, 18.18077 ], [ -66.87291, 18.17993 ], [ -66.87274, 18.17818 ], [ -66.87231, 18.17771 ], [ -66.87218, 18.17678 ], [ -66.87109, 18.17616 ], [ -66.87056, 18.17528 ], [ -66.8713, 18.17424 ], [ -66.87126, 18.17168 ], [ -66.87301, 18.17133 ], [ -66.87181, 18.16943 ], [ -66.87026, 18.16852 ], [ -66.8699, 18.16641 ], [ -66.87083, 18.16499 ], [ -66.87074, 18.16341 ], [ -66.87274, 18.1618 ], [ -66.87235, 18.15851 ], [ -66.87264, 18.15785 ], [ -66.87664, 18.15376 ], [ -66.87778, 18.15326 ], [ -66.87862, 18.15328 ], [ -66.87943, 18.15275 ], [ -66.8801, 18.15107 ], [ -66.88089, 18.15055 ], [ -66.88142, 18.14858 ], [ -66.8812, 18.1481 ], [ -66.87988, 18.14789 ], [ -66.87851, 18.14692 ], [ -66.87803, 18.14607 ], [ -66.87632, 18.14441 ], [ -66.87636, 18.1435 ], [ -66.87615, 18.14307 ], [ -66.87544, 18.14276 ], [ -66.87537, 18.14211 ], [ -66.87415, 18.14214 ], [ -66.87366, 18.14173 ], [ -66.87263, 18.14154 ], [ -66.87198, 18.14036 ], [ -66.87088, 18.13939 ], [ -66.8708, 18.13802 ], [ -66.87006, 18.13802 ], [ -66.86661, 18.13926 ], [ -66.86501, 18.13806 ], [ -66.86349, 18.13848 ], [ -66.86103, 18.13759 ], [ -66.85947, 18.1393 ], [ -66.85832, 18.1382 ], [ -66.85803, 18.1368 ], [ -66.85722, 18.13648 ], [ -66.85541, 18.13729 ], [ -66.85424, 18.13844 ], [ -66.85282, 18.13805 ], [ -66.85189, 18.13959 ], [ -66.85081, 18.13904 ], [ -66.85039, 18.13774 ], [ -66.84797, 18.13813 ], [ -66.84626, 18.13897 ], [ -66.84426, 18.14062 ], [ -66.84401, 18.14173 ], [ -66.84232, 18.14239 ], [ -66.84058, 18.14056 ], [ -66.83745, 18.13982 ], [ -66.83685, 18.13942 ], [ -66.83349, 18.13913 ], [ -66.83227, 18.13829 ], [ -66.83189, 18.13725 ], [ -66.83031, 18.13732 ], [ -66.82899, 18.13677 ], [ -66.82774, 18.13551 ], [ -66.82741, 18.13454 ], [ -66.82529, 18.13477 ], [ -66.82454, 18.13413 ], [ -66.824, 18.13308 ], [ -66.8217, 18.13452 ], [ -66.82062, 18.13421 ], [ -66.81992, 18.13338 ], [ -66.81884, 18.13319 ], [ -66.81833, 18.13269 ], [ -66.81822, 18.13007 ], [ -66.8179, 18.12941 ], [ -66.81612, 18.12888 ], [ -66.81542, 18.12829 ], [ -66.81393, 18.12998 ], [ -66.81343, 18.13016 ], [ -66.80989, 18.12897 ], [ -66.80951, 18.12939 ], [ -66.80955, 18.12998 ], [ -66.80833, 18.13076 ], [ -66.8077, 18.13203 ], [ -66.80526, 18.13155 ], [ -66.80425, 18.13222 ], [ -66.8, 18.13315 ], [ -66.79892, 18.13266 ], [ -66.79789, 18.13347 ], [ -66.79681, 18.1331 ], [ -66.79484, 18.13421 ], [ -66.79338, 18.13341 ], [ -66.79162, 18.1347 ], [ -66.78965, 18.13476 ], [ -66.78889, 18.13438 ], [ -66.78758, 18.13533 ], [ -66.78666, 18.1368 ], [ -66.78502, 18.13741 ], [ -66.78424, 18.13889 ], [ -66.78615, 18.13924 ], [ -66.78667, 18.14127 ], [ -66.78816, 18.14169 ], [ -66.78925, 18.14145 ], [ -66.78996, 18.14184 ], [ -66.79106, 18.14188 ], [ -66.79276, 18.14385 ], [ -66.79443, 18.14388 ], [ -66.79635, 18.14508 ], [ -66.79786, 18.14473 ], [ -66.79944, 18.14487 ], [ -66.8019, 18.14632 ], [ -66.80338, 18.1466 ], [ -66.80381, 18.14697 ], [ -66.80411, 18.14819 ], [ -66.80582, 18.14812 ], [ -66.80881, 18.14906 ], [ -66.81012, 18.14791 ], [ -66.81102, 18.14784 ], [ -66.81256, 18.14678 ], [ -66.81312, 18.14529 ], [ -66.81383, 18.14481 ], [ -66.81606, 18.14608 ], [ -66.81943, 18.14698 ], [ -66.82021, 18.14674 ], [ -66.8215, 18.1476 ], [ -66.82585, 18.14832 ], [ -66.82705, 18.14967 ], [ -66.82887, 18.15101 ], [ -66.82929, 18.15208 ], [ -66.83106, 18.1541 ], [ -66.83195, 18.15462 ], [ -66.83301, 18.15611 ], [ -66.83406, 18.15631 ], [ -66.83607, 18.15555 ], [ -66.83684, 18.15717 ], [ -66.83896, 18.15776 ], [ -66.84273, 18.15945 ], [ -66.844, 18.16082 ], [ -66.8436, 18.16201 ], [ -66.84415, 18.16304 ], [ -66.84346, 18.16476 ], [ -66.84342, 18.16571 ], [ -66.84447, 18.16971 ], [ -66.84386, 18.17053 ], [ -66.8435, 18.17222 ], [ -66.8457, 18.17296 ], [ -66.84671, 18.17391 ], [ -66.84813, 18.1743 ], [ -66.84914, 18.17532 ], [ -66.85194, 18.17546 ], [ -66.85298, 18.17852 ], [ -66.8543, 18.17982 ], [ -66.8547, 18.18077 ], [ -66.85428, 18.18244 ], [ -66.85496, 18.18324 ], [ -66.85508, 18.18458 ] ] ] } },
{ "type": "Feature", "properties": { "huc12": "210100030401", "name": "Rio Grande", "areasqkm": 25.41 }, "geometry": { "type": "Polygon", "coordinates": [ [ [ -66.91764, 18.12934 ], [ -66.9186, 18.13156 ], [ -66.91794, 18.13246 ], [ -66.91779, 18.13355 ], [ -66.91975, 18.1349 ], [ -66.91994, 18.13553 ], [ -66.91965, 18.13638 ], [ -66.92045, 18.13884 ], [ -66.92164, 18.13924 ], [ -66.92298, 18.14072 ], [ -66.92323, 18.14179 ], [ -66.92473, 18.14263 ], [ -66.9246, 18.14401 ], [ -66.92567, 18.14554 ], [ -66.92516, 18.14664 ], [ -66.92522, 18.14762 ], [ -66.92654, 18.15128 ], [ -66.92787, 18.15118 ], [ -66.9283, 18.15046 ], [ -66.93031, 18.14897 ], [ -66.93161, 18.14985 ], [ -66.93382, 18.15035 ], [ -66.93474, 18.14845 ], [ -66.93713, 18.1489 ], [ -66.93866, 18.14781 ], [ -66.94329, 18.14895 ], [ -66.94496, 18.14841 ], [ -66.94519, 18.14735 ], [ -66.94659, 18.14822 ], [ -66.94778, 18.1473 ], [ -66.95099, 18.14679 ], [ -66.95176, 18.1463 ], [ -66.95325, 18.14682 ], [ -66.95464, 18.14625 ], [ -66.95827, 18.14594 ], [ -66.95894, 18.14101 ], [ -66.95603, 18.13813 ], [ -66.95485, 18.13487 ], [ -66.95477, 18.13292 ], [ -66.954, 18.13183 ], [ -66.95266, 18.13119 ], [ -66.95239, 18.13035 ], [ -66.95147, 18.12952 ], [ -66.95138, 18.12847 ], [ -66.95021, 18.12733 ], [ -66.94872, 18.12483 ], [ -66.94766, 18.12369 ], [ -66.94717, 18.12217 ], [ -66.94737, 18.12098 ], [ -66.94614, 18.12013 ], [ -66.94583, 18.11958 ], [ -66.94628, 18.11812 ], [ -66.9481, 18.11542 ], [ -66.94712, 18.11332 ], [ -66.94848, 18.1133 ], [ -66.951, 18.11195 ], [ -66.95434, 18.11111 ], [ -66.95483, 18.11051 ], [ -66.95482, 18.10915 ], [ -66.95576, 18.10494 ], [ -66.95762, 18.10335 ], [ -66.95889, 18.10287 ], [ -66.95957, 18.10092 ], [ -66.95693, 18.09765 ], [ -66.95674, 18.09624 ], [ -66.95701, 18.09432 ], [ -66.95602, 18.09237 ], [ -66.95611, 18.09189 ], [ -66.95715, 18.09081 ], [ -66.956, 18.08626 ], [ -66.95641, 18.08539 ], [ -66.95763, 18.08451 ], [ -66.95766, 18.08275 ], [ -66.95806, 18.08127 ], [ -66.95546, 18.07526 ], [ -66.95517, 18.07408 ], [ -66.95562, 18.07198 ], [ -66.95502, 18.0703 ], [ -66.95419, 18.071 ], [ -66.95113, 18.07172 ], [ -66.94791, 18.07493 ], [ -66.94551, 18.07836 ], [ -66.94414, 18.07977 ], [ -66.94225, 18.08032 ], [ -66.9409, 18.08109 ], [ -66.93981, 18.08044 ], [ -66.93935, 18.08056 ], [ -66.93807, 18.08224 ], [ -66.93763, 18.08337 ], [ -66.93791, 18.08662 ], [ -66.93557, 18.08715 ], [ -66.93393, 18.08688 ], [ -66.93223, 18.08711 ], [ -66.93116, 18.08763 ], [ -66.9302, 18.08861 ], [ -66.92882, 18.0886 ], [ -66.92734, 18.08901 ], [ -66.92486, 18.09114 ], [ -66.92369, 18.09463 ], [ -66.92449, 18.09624 ], [ -66.92593, 18.09733 ], [ -66.92628, 18.0997 ], [ -66.92549, 18.10058 ], [ -66.92516, 18.10183 ], [ -66.92388, 18.10314 ], [ -66.92078, 18.10293 ], [ -66.92056, 18.1048 ], [ -66.92094, 18.10734 ], [ -66.9217, 18.10832 ], [ -66.92251, 18.11041 ], [ -66.92278, 18.11219 ], [ -66.92397, 18.11381 ], [ -66.92526, 18.11473 ], [ -66.92426, 18.11529 ], [ -66.92269, 18.1156 ], [ -66.92129, 18.1165 ], [ -66.92027, 18.11881 ], [ -66.91765, 18.12029 ], [ -66.91731, 18.12163 ], [ -66.91821, 18.12349 ], [ -66.91705, 18.12432 ], [ -66.91671, 18.12593 ], [ -66.91695, 18.12672 ], [ -66.91758, 18.12716 ], [ -66.91764, 18.12934 ] ] ] } },
{ "type": "Feature", "properties": { "huc12": "210100040313", "name": "Rio Jacaguas at mouth", "areasqkm": 42.99 }, "geometry": { "type": "Polygon", "coordinates": [ [ [ -66.48458, 18.08958 ], [ -66.48641, 18.0889 ], [ -66.48673, 18.08802 ], [ -66.48782, 18.08723 ], [ -66.48885, 18.08743 ], [ -66.49128, 18.08573 ], [ -66.49441, 18.08739 ], [ -66.49566, 18.0871 ], [ -66.49608, 18.08678 ], [ -66.49613, 18.08596 ], [ -66.49654, 18.08541 ], [ -66.49875, 18.08415 ], [ -66.49966, 18.08572 ], [ -66.50086, 18.08537 ], [ -66.50499, 18.08734 ], [ -66.50687, 18.08726 ], [ -66.50862, 18.08833 ], [ -66.51014, 18.09147 ], [ -66.51244, 18.09345 ], [ -66.51391, 18.09328 ], [ -66.51603, 18.09429 ], [ -66.51885, 18.094 ], [ -66.52055, 18.09505 ], [ -66.52168, 18.09462 ], [ -66.52098, 18.09271 ], [ -66.52256, 18.09004 ], [ -66.5216, 18.08858 ], [ -66.52025, 18.08761 ], [ -66.51849, 18.08537 ], [ -66.51865, 18.08298 ], [ -66.52117, 18.08139 ], [ -66.52176, 18.07919 ], [ -66.52123, 18.07842 ], [ -66.52162, 18.07703 ], [ -66.52647, 18.07601 ], [ -66.52694, 18.07563 ], [ -66.52737, 18.07423 ], [ -66.52722, 18.07326 ], [ -66.52837, 18.07098 ], [ -66.52843, 18.06923 ], [ -66.52713, 18.06666 ], [ -66.52807, 18.06543 ], [ -66.52812, 18.06462 ], [ -66.52874, 18.06407 ], [ -66.52924, 18.06259 ], [ -66.52835, 18.06248 ], [ -66.52727, 18.06169 ], [ -66.52734, 18.06084 ], [ -66.52536, 18.05938 ], [ -66.52671, 18.05746 ], [ -66.52664, 18.05622 ], [ -66.52589, 18.05459 ], [ -66.52687, 18.05327 ], [ -66.527, 18.05225 ], [ -66.52643, 18.05118 ], [ -66.52456, 18.05035 ], [ -66.52635, 18.04855 ], [ -66.52526, 18.04647 ], [ -66.52605, 18.04544 ], [ -66.52627, 18.04452 ], [ -66.52603, 18.044 ], [ -66.52404, 18.04279 ], [ -66.52404, 18.04253 ], [ -66.52452, 18.04124 ], [ -66.52483, 18.04115 ], [ -66.52705, 18.04077 ], [ -66.52879, 18.04118 ], [ -66.53012, 18.04108 ], [ -66.53542, 18.0393 ], [ -66.53599, 18.03894 ], [ -66.53625, 18.03796 ], [ -66.53742, 18.03684 ], [ -66.53674, 18.03646 ], [ -66.53362, 18.03282 ], [ -66.5329, 18.03086 ], [ -66.53294, 18.02875 ], [ -66.53263, 18.02732 ], [ -66.53062, 18.02391 ], [ -66.53115, 18.02246 ], [ -66.53069, 18.02084 ], [ -66.53206, 18.01625 ], [ -66.53185, 18.01316 ], [ -66.53208, 18.01032 ], [ -66.53265, 18.0091 ], [ -66.53273, 18.00448 ], [ -66.53242, 18.00409 ], [ -66.53103, 18.00395 ], [ -66.53056, 18.00319 ], [ -66.53103, 18.00104 ], [ -66.53266, 17.99991 ], [ -66.53271, 17.99924 ], [ -66.53377, 17.99897 ], [ -66.53638, 17.99908 ], [ -66.53732, 17.99764 ], [ -66.53932, 17.99655 ], [ -66.5402, 17.99482 ], [ -66.5407, 17.99291 ], [ -66.54198, 17.99152 ], [ -66.54212, 17.9901 ], [ -66.54109, 17.9894 ], [ -66.541, 17.98865 ], [ -66.54117, 17.98732 ], [ -66.54093, 17.98595 ], [ -66.54131, 17.98442 ], [ -66.54162, 17.98002 ], [ -66.54096, 17.97863 ], [ -66.54102, 17.97519 ], [ -66.54019, 17.9741 ], [ -66.53852, 17.97394 ], [ -66.53692, 17.97545 ], [ -66.53672, 17.97627 ], [ -66.53701, 17.97748 ], [ -66.53866, 17.98011 ], [ -66.5386, 17.98074 ], [ -66.53748, 17.98251 ], [ -66.5376, 17.98288 ], [ -66.53854, 17.98326 ], [ -66.53892, 17.98415 ], [ -66.53873, 17.98734 ], [ -66.53789, 17.99072 ], [ -66.53587, 17.99215 ], [ -66.53351, 17.99495 ], [ -66.52877, 17.99882 ], [ -66.52813, 18.00024 ], [ -66.52819, 18.00371 ], [ -66.52652, 18.00667 ], [ -66.52285, 18.00847 ], [ -66.52142, 18.00935 ], [ -66.52092, 18.01 ], [ -66.52043, 18.01208 ], [ -66.5193, 18.01402 ], [ -66.51914, 18.01524 ], [ -66.51978, 18.01855 ], [ -66.52111, 18.02109 ], [ -66.52084, 18.02147 ], [ -66.51688, 18.02242 ], [ -66.51311, 18.02231 ], [ -66.51215, 18.02297 ], [ -66.50805, 18.02372 ], [ -66.50715, 18.02421 ], [ -66.50558, 18.02587 ], [ -66.50429, 18.02632 ], [ -66.50403, 18.02693 ], [ -66.50189, 18.02733 ], [ -66.50164, 18.02813 ], [ -66.502, 18.02908 ], [ -66.50097, 18.03062 ], [ -66.50024, 18.03073 ], [ -66.49928, 18.03041 ], [ -66.49799, 18.03208 ], [ -66.49423, 18.03294 ], [ -66.49329, 18.03341 ], [ -66.49254, 18.03406 ], [ -66.49162, 18.0357 ], [ -66.48989, 18.03617 ], [ -66.48939, 18.03679 ], [ -66.49078, 18.03885 ], [ -66.48606, 18.03882 ], [ -66.48557, 18.03952 ], [ -66.48481, 18.04267 ], [ -66.48027, 18.04305 ], [ -66.48081, 18.04542 ], [ -66.4787, 18.04794 ], [ -66.4798, 18.05008 ], [ -66.47773, 18.0508 ], [ -66.47347, 18.05365 ], [ -66.47308, 18.05454 ], [ -66.47337, 18.05593 ], [ -66.47256, 18.05695 ], [ -66.47268, 18.0579 ], [ -66.46955, 18.0586 ], [ -66.46881, 18.0592 ], [ -66.46736, 18.05957 ], [ -66.4669, 18.05957 ], [ -66.4665, 18.05916 ], [ -66.46483, 18.0616 ], [ -66.46454, 18.0628 ], [ -66.46576, 18.06437 ], [ -66.46435, 18.06781 ], [ -66.46516, 18.06861 ], [ -66.46402, 18.06941 ], [ -66.46312, 18.07095 ], [ -66.46206, 18.07204 ], [ -66.46205, 18.07315 ], [ -66.46126, 18.07466 ], [ -66.46134, 18.07614 ], [ -66.46089, 18.07872 ], [ -66.46018, 18.07958 ], [ -66.45829, 18.08014 ], [ -66.4578, 18.08221 ], [ -66.45688, 18.08255 ], [ -66.45943, 18.08327 ], [ -66.46065, 18.08422 ], [ -66.46235, 18.08483 ], [ -66.46545, 18.08534 ], [ -66.46593, 18.08494 ], [ -66.4662, 18.08548 ], [ -66.46667, 18.08534 ], [ -66.46732, 18.08566 ], [ -66.46991, 18.0855 ], [ -66.47131, 18.08614 ], [ -66.47216, 18.08613 ], [ -66.47553, 18.08778 ], [ -66.47886, 18.08744 ], [ -66.47983, 18.08805 ], [ -66.4819, 18.08822 ], [ -66.48257, 18.08895 ], [ -66.48458, 18.08958 ] ] ] } },
{ "type": "Feature", "properties": { "huc12": "210100020206", "name": "Rio Matrullas", "areasqkm": 9.61 }, "geometry": { "type": "Polygon", "coordinates": [ [ [ -66.4753, 18.25127 ], [ -66.47688, 18.25197 ], [ -66.47771, 18.25323 ], [ -66.48045, 18.25412 ], [ -66.48173, 18.25512 ], [ -66.48255, 18.25517 ], [ -66.48345, 18.25569 ], [ -66.48372, 18.25688 ], [ -66.4847, 18.25743 ], [ -66.48598, 18.25669 ], [ -66.48968, 18.25743 ], [ -66.49235, 18.257 ], [ -66.49364, 18.25795 ], [ -66.49501, 18.2579 ], [ -66.49664, 18.25927 ], [ -66.49836, 18.25735 ], [ -66.49998, 18.25696 ], [ -66.50106, 18.25626 ], [ -66.5004, 18.25367 ], [ -66.49614, 18.24563 ], [ -66.49598, 18.24316 ], [ -66.49667, 18.24035 ], [ -66.49402, 18.23885 ], [ -66.49439, 18.23768 ], [ -66.49423, 18.23593 ], [ -66.49325, 18.23472 ], [ -66.49154, 18.23405 ], [ -66.49114, 18.23323 ], [ -66.49037, 18.23268 ], [ -66.49032, 18.23177 ], [ -66.4912, 18.23097 ], [ -66.49131, 18.23048 ], [ -66.48988, 18.22788 ], [ -66.4892, 18.22429 ], [ -66.48959, 18.22347 ], [ -66.49105, 18.22278 ], [ -66.48797, 18.21704 ], [ -66.48791, 18.21576 ], [ -66.48937, 18.21508 ], [ -66.48966, 18.21379 ], [ -66.48896, 18.21175 ], [ -66.48785, 18.21022 ], [ -66.48803, 18.20845 ], [ -66.4867, 18.2075 ], [ -66.48568, 18.20859 ], [ -66.48462, 18.20913 ], [ -66.4815, 18.20969 ], [ -66.4788, 18.21191 ], [ -66.47575, 18.21297 ], [ -66.47332, 18.21297 ], [ -66.47213, 18.21406 ], [ -66.47304, 18.21655 ], [ -66.47204, 18.21906 ], [ -66.47223, 18.22069 ], [ -66.4737, 18.22094 ], [ -66.47447, 18.22247 ], [ -66.47602, 18.22403 ], [ -66.4762, 18.22463 ], [ -66.47615, 18.22611 ], [ -66.47474, 18.22794 ], [ -66.47462, 18.22895 ], [ -66.47558, 18.22994 ], [ -66.47733, 18.23065 ], [ -66.47656, 18.23169 ], [ -66.47696, 18.23395 ], [ -66.47653, 18.2354 ], [ -66.47664, 18.23634 ], [ -66.47486, 18.23935 ], [ -66.47563, 18.24135 ], [ -66.47564, 18.2425 ], [ -66.47798, 18.24348 ], [ -66.47866, 18.2446 ], [ -66.47759, 18.24656 ], [ -66.47558, 18.24801 ], [ -66.47506, 18.2499 ], [ -66.4753, 18.25127 ] ] ] } },
{ "type": "Feature", "properties": { "huc12": "210100030201", "name": "Rio Guilarte at Lago Yahuecas Dam", "areasqkm": 45.03 }, "geometry": { "type": "Polygon", "coordinates": [ [ [ -66.75515, 18.20047 ], [ -66.75627, 18.20086 ], [ -66.75801, 18.20062 ], [ -66.75903, 18.20127 ], [ -66.75931, 18.20197 ], [ -66.76006, 18.20218 ], [ -66.76258, 18.20208 ], [ -66.76331, 18.20166 ], [ -66.7639, 18.20077 ], [ -66.7659, 18.20161 ], [ -66.76792, 18.2008 ], [ -66.76838, 18.20193 ], [ -66.76841, 18.20339 ], [ -66.7694, 18.20481 ], [ -66.76936, 18.20565 ], [ -66.76968, 18.20623 ], [ -66.77105, 18.20593 ], [ -66.77288, 18.20703 ], [ -66.77528, 18.20761 ], [ -66.77704, 18.20624 ], [ -66.78021, 18.20626 ], [ -66.78068, 18.20691 ], [ -66.78283, 18.2084 ], [ -66.78408, 18.20822 ], [ -66.78579, 18.20847 ], [ -66.78752, 18.2113 ], [ -66.78859, 18.21222 ], [ -66.78868, 18.21296 ], [ -66.78916, 18.21347 ], [ -66.79078, 18.21308 ], [ -66.79157, 18.21356 ], [ -66.79212, 18.21499 ], [ -66.7937, 18.21582 ], [ -66.79393, 18.21682 ], [ -66.79525, 18.21845 ], [ -66.79745, 18.21949 ], [ -66.80207, 18.21987 ], [ -66.80381, 18.21954 ], [ -66.8067, 18.22079 ], [ -66.80691, 18.22132 ], [ -66.8061, 18.22283 ], [ -66.80693, 18.22545 ], [ -66.80703, 18.22731 ], [ -66.80898, 18.22875 ], [ -66.81174, 18.22877 ], [ -66.8127, 18.22919 ], [ -66.81375, 18.22596 ], [ -66.8124, 18.22385 ], [ -66.81341, 18.2226 ], [ -66.8148, 18.21845 ], [ -66.81595, 18.21769 ], [ -66.81638, 18.21788 ], [ -66.8175, 18.21683 ], [ -66.8175, 18.21597 ], [ -66.81675, 18.21526 ], [ -66.81656, 18.21432 ], [ -66.81688, 18.21356 ], [ -66.81861, 18.2117 ], [ -66.81868, 18.21079 ], [ -66.8193, 18.20985 ], [ -66.81941, 18.20864 ], [ -66.82004, 18.20774 ], [ -66.82029, 18.20653 ], [ -66.81933, 18.20509 ], [ -66.81757, 18.2047 ], [ -66.81554, 18.20279 ], [ -66.81521, 18.20126 ], [ -66.81321, 18.19911 ], [ -66.81034, 18.19686 ], [ -66.80894, 18.19526 ], [ -66.80854, 18.19431 ], [ -66.80849, 18.19235 ], [ -66.80907, 18.19015 ], [ -66.8088, 18.18808 ], [ -66.80821, 18.18704 ], [ -66.80997, 18.18588 ], [ -66.81059, 18.18606 ], [ -66.81107, 18.18668 ], [ -66.81128, 18.18645 ], [ -66.81216, 18.18482 ], [ -66.81246, 18.18342 ], [ -66.8122, 18.18075 ], [ -66.81299, 18.17979 ], [ -66.81312, 18.17814 ], [ -66.81355, 18.17737 ], [ -66.81192, 18.17521 ], [ -66.81261, 18.17427 ], [ -66.81143, 18.17214 ], [ -66.81177, 18.17147 ], [ -66.81184, 18.16983 ], [ -66.81003, 18.16808 ], [ -66.80766, 18.16732 ], [ -66.8081, 18.16293 ], [ -66.80876, 18.16183 ], [ -66.80979, 18.16124 ], [ -66.81014, 18.15982 ], [ -66.80952, 18.15891 ], [ -66.80783, 18.15834 ], [ -66.80785, 18.1573 ], [ -66.80734, 18.15607 ], [ -66.80816, 18.15509 ], [ -66.80675, 18.15299 ], [ -66.80582, 18.14812 ], [ -66.80411, 18.14819 ], [ -66.80381, 18.14697 ], [ -66.80338, 18.1466 ], [ -66.8019, 18.14632 ], [ -66.79944, 18.14487 ], [ -66.79786, 18.14473 ], [ -66.79635, 18.14508 ], [ -66.79443, 18.14388 ], [ -66.79302, 18.14397 ], [ -66.79106, 18.14188 ], [ -66.78996, 18.14184 ], [ -66.78942, 18.14147 ], [ -66.78816, 18.14169 ], [ -66.78685, 18.14136 ], [ -66.78651, 18.14111 ], [ -66.78615, 18.13924 ], [ -66.78384, 18.13865 ], [ -66.78322, 18.13739 ], [ -66.78227, 18.13637 ], [ -66.77833, 18.1352 ], [ -66.77716, 18.13397 ], [ -66.77597, 18.13409 ], [ -66.77503, 18.13296 ], [ -66.77462, 18.13297 ], [ -66.7736, 18.13399 ], [ -66.77134, 18.13402 ], [ -66.76984, 18.13524 ], [ -66.76939, 18.13662 ], [ -66.76793, 18.13893 ], [ -66.76811, 18.14018 ], [ -66.76889, 18.14124 ], [ -66.7697, 18.14425 ], [ -66.76956, 18.14482 ], [ -66.76901, 18.14505 ], [ -66.769, 18.14631 ], [ -66.7677, 18.14629 ], [ -66.76491, 18.1469 ], [ -66.76392, 18.14758 ], [ -66.76312, 18.14868 ], [ -66.76177, 18.14898 ], [ -66.76107, 18.14949 ], [ -66.76026, 18.15086 ], [ -66.76104, 18.15203 ], [ -66.76094, 18.15374 ], [ -66.76042, 18.15519 ], [ -66.76087, 18.15578 ], [ -66.76087, 18.15691 ], [ -66.76213, 18.15802 ], [ -66.76251, 18.15988 ], [ -66.76159, 18.16164 ], [ -66.76208, 18.16241 ], [ -66.76218, 18.16352 ], [ -66.76118, 18.1644 ], [ -66.76031, 18.16614 ], [ -66.7595, 18.16601 ], [ -66.75866, 18.16728 ], [ -66.75777, 18.16738 ], [ -66.75626, 18.16667 ], [ -66.75534, 18.16683 ], [ -66.75445, 18.16604 ], [ -66.75356, 18.16629 ], [ -66.75229, 18.16578 ], [ -66.75024, 18.16819 ], [ -66.75048, 18.16914 ], [ -66.75032, 18.17106 ], [ -66.75144, 18.17167 ], [ -66.75206, 18.17272 ], [ -66.7519, 18.17389 ], [ -66.75339, 18.17465 ], [ -66.75411, 18.17469 ], [ -66.755, 18.17649 ], [ -66.75474, 18.17902 ], [ -66.75339, 18.18033 ], [ -66.7526, 18.18221 ], [ -66.7533, 18.18506 ], [ -66.754, 18.18574 ], [ -66.75445, 18.18998 ], [ -66.75403, 18.19077 ], [ -66.75408, 18.19331 ], [ -66.75329, 18.19477 ], [ -66.7533, 18.19536 ], [ -66.75385, 18.19674 ], [ -66.75491, 18.19786 ], [ -66.75465, 18.19875 ], [ -66.75515, 18.20047 ] ] ] } },
{ "type": "Feature", "properties": { "huc12": "210100030206", "name": "Rio Guaba", "areasqkm": 83.2 }, "geometry": { "type": "Polygon", "coordinates": [ [ [ -66.91316, 18.24169 ], [ -66.91375, 18.24172 ], [ -66.91482, 18.24293 ], [ -66.91636, 18.24328 ], [ -66.91682, 18.24436 ], [ -66.91669, 18.24568 ], [ -66.91983, 18.24562 ], [ -66.92012, 18.24703 ], [ -66.92135, 18.24841 ], [ -66.92127, 18.25077 ], [ -66.9222, 18.25332 ], [ -66.92359, 18.25374 ], [ -66.92402, 18.25436 ], [ -66.92527, 18.25488 ], [ -66.9274, 18.2538 ], [ -66.93108, 18.25341 ], [ -66.9317, 18.25156 ], [ -66.9311, 18.24968 ], [ -66.93176, 18.24907 ], [ -66.9328, 18.24593 ], [ -66.93454, 18.24544 ], [ -66.93575, 18.24445 ], [ -66.93947, 18.24403 ], [ -66.94077, 18.24319 ], [ -66.94113, 18.24244 ], [ -66.94203, 18.24244 ], [ -66.9426, 18.24209 ], [ -66.94335, 18.24084 ], [ -66.94482, 18.2406 ], [ -66.94624, 18.23962 ], [ -66.94692, 18.2399 ], [ -66.94926, 18.23945 ], [ -66.95077, 18.23961 ], [ -66.9521, 18.24039 ], [ -66.95287, 18.24177 ], [ -66.95393, 18.24091 ], [ -66.95466, 18.2385 ], [ -66.95571, 18.23758 ], [ -66.9556, 18.23607 ], [ -66.95752, 18.23382 ], [ -66.95755, 18.23189 ], [ -66.95969, 18.23165 ], [ -66.96079, 18.23039 ], [ -66.96237, 18.23041 ], [ -66.96424, 18.22735 ], [ -66.96602, 18.2274 ], [ -66.96706, 18.2279 ], [ -66.96847, 18.2276 ], [ -66.96832, 18.22525 ], [ -66.96699, 18.22423 ], [ -66.96676, 18.22339 ], [ -66.968, 18.22191 ], [ -66.96888, 18.21981 ], [ -66.96948, 18.21913 ], [ -66.9726, 18.21869 ], [ -66.97388, 18.21673 ], [ -66.97599, 18.21557 ], [ -66.97717, 18.21296 ], [ -66.97623, 18.21233 ], [ -66.97553, 18.21127 ], [ -66.97587, 18.21037 ], [ -66.97695, 18.20986 ], [ -66.97904, 18.21009 ], [ -66.98011, 18.20933 ], [ -66.98231, 18.20956 ], [ -66.98353, 18.21027 ], [ -66.98554, 18.21063 ], [ -66.98675, 18.21007 ], [ -66.98684, 18.20864 ], [ -66.98563, 18.20563 ], [ -66.98601, 18.20379 ], [ -66.9856, 18.20236 ], [ -66.98594, 18.20144 ], [ -66.98609, 18.19889 ], [ -66.9856, 18.19716 ], [ -66.98509, 18.19698 ], [ -66.98467, 18.19733 ], [ -66.98412, 18.19698 ], [ -66.98324, 18.19725 ], [ -66.98151, 18.19691 ], [ -66.97977, 18.19627 ], [ -66.97864, 18.19479 ], [ -66.97669, 18.19442 ], [ -66.97627, 18.19357 ], [ -66.9745, 18.19171 ], [ -66.97347, 18.19118 ], [ -66.97354, 18.18887 ], [ -66.97449, 18.18693 ], [ -66.97398, 18.18489 ], [ -66.97223, 18.18297 ], [ -66.97157, 18.18306 ], [ -66.97096, 18.1836 ], [ -66.9699, 18.18326 ], [ -66.96927, 18.18346 ], [ -66.9685, 18.18187 ], [ -66.97057, 18.18119 ], [ -66.97139, 18.17949 ], [ -66.97226, 18.17876 ], [ -66.97216, 18.17794 ], [ -66.9729, 18.17666 ], [ -66.97275, 18.1752 ], [ -66.97313, 18.17442 ], [ -66.97215, 18.17362 ], [ -66.97347, 18.17271 ], [ -66.97392, 18.17134 ], [ -66.97553, 18.16999 ], [ -66.97606, 18.16875 ], [ -66.97687, 18.1682 ], [ -66.97746, 18.16714 ], [ -66.97735, 18.16595 ], [ -66.97801, 18.16343 ], [ -66.97889, 18.16221 ], [ -66.98001, 18.15859 ], [ -66.97933, 18.15632 ], [ -66.9804, 18.15439 ], [ -66.98079, 18.15135 ], [ -66.98064, 18.15029 ], [ -66.98254, 18.14796 ], [ -66.97986, 18.14444 ], [ -66.97647, 18.14359 ], [ -66.9749, 18.14391 ], [ -66.97365, 18.14181 ], [ -66.97243, 18.14104 ], [ -66.97148, 18.14092 ], [ -66.97065, 18.14148 ], [ -66.96868, 18.14425 ], [ -66.96473, 18.1466 ], [ -66.96395, 18.14827 ], [ -66.96332, 18.14761 ], [ -66.96048, 18.14608 ], [ -66.95889, 18.14625 ], [ -66.95799, 18.14586 ], [ -66.95464, 18.14625 ], [ -66.95325, 18.14682 ], [ -66.95176, 18.1463 ], [ -66.95099, 18.14679 ], [ -66.94778, 18.1473 ], [ -66.94659, 18.14822 ], [ -66.94519, 18.14735 ], [ -66.94496, 18.14841 ], [ -66.94329, 18.14895 ], [ -66.93866, 18.14781 ], [ -66.93713, 18.1489 ], [ -66.93474, 18.14845 ], [ -66.93382, 18.15035 ], [ -66.93161, 18.14985 ], [ -66.93048, 18.14899 ], [ -66.93008, 18.14902 ], [ -66.92812, 18.15064 ], [ -66.92787, 18.15118 ], [ -66.92683, 18.15117 ], [ -66.9252, 18.15208 ], [ -66.92364, 18.15174 ], [ -66.92241, 18.15201 ], [ -66.92115, 18.15262 ], [ -66.92093, 18.15328 ], [ -66.92039, 18.15362 ], [ -66.91913, 18.15383 ], [ -66.91768, 18.15361 ], [ -66.91705, 18.15411 ], [ -66.91628, 18.15418 ], [ -66.91508, 18.1539 ], [ -66.91438, 18.15321 ], [ -66.91428, 18.15243 ], [ -66.91298, 18.15215 ], [ -66.91261, 18.15132 ], [ -66.91184, 18.15167 ], [ -66.91039, 18.1512 ], [ -66.90985, 18.14934 ], [ -66.9075, 18.14943 ], [ -66.9064, 18.14852 ], [ -66.90536, 18.14824 ], [ -66.90443, 18.14735 ], [ -66.90404, 18.1465 ], [ -66.90332, 18.14617 ], [ -66.90232, 18.14649 ], [ -66.90152, 18.14605 ], [ -66.90017, 18.14723 ], [ -66.89895, 18.147 ], [ -66.89821, 18.14779 ], [ -66.89696, 18.14763 ], [ -66.8953, 18.14872 ], [ -66.89353, 18.14798 ], [ -66.89188, 18.14782 ], [ -66.89073, 18.14829 ], [ -66.89004, 18.14898 ], [ -66.89018, 18.1522 ], [ -66.88923, 18.15265 ], [ -66.88888, 18.1533 ], [ -66.88749, 18.15318 ], [ -66.88778, 18.15379 ], [ -66.89009, 18.15445 ], [ -66.89043, 18.15502 ], [ -66.89131, 18.15547 ], [ -66.89299, 18.15471 ], [ -66.89341, 18.15484 ], [ -66.89436, 18.15576 ], [ -66.8941, 18.15705 ], [ -66.89431, 18.15802 ], [ -66.89642, 18.15843 ], [ -66.89705, 18.15875 ], [ -66.89739, 18.15971 ], [ -66.89869, 18.15989 ], [ -66.89946, 18.16047 ], [ -66.89919, 18.16133 ], [ -66.89768, 18.16257 ], [ -66.8977, 18.16402 ], [ -66.89658, 18.16608 ], [ -66.89561, 18.16665 ], [ -66.89512, 18.1678 ], [ -66.89524, 18.16904 ], [ -66.89482, 18.16973 ], [ -66.89621, 18.17237 ], [ -66.89632, 18.17416 ], [ -66.89591, 18.17538 ], [ -66.89642, 18.17694 ], [ -66.89589, 18.17856 ], [ -66.89499, 18.17988 ], [ -66.89545, 18.18042 ], [ -66.89588, 18.18196 ], [ -66.89742, 18.18266 ], [ -66.89652, 18.18505 ], [ -66.89708, 18.18609 ], [ -66.89692, 18.18737 ], [ -66.89854, 18.18842 ], [ -66.89852, 18.19045 ], [ -66.8999, 18.19113 ], [ -66.89986, 18.1929 ], [ -66.90048, 18.19329 ], [ -66.90066, 18.19458 ], [ -66.90148, 18.19626 ], [ -66.90112, 18.19887 ], [ -66.89976, 18.20032 ], [ -66.89966, 18.20131 ], [ -66.8983, 18.20267 ], [ -66.89981, 18.20402 ], [ -66.89923, 18.20559 ], [ -66.89946, 18.20677 ], [ -66.89977, 18.20704 ], [ -66.90091, 18.20701 ], [ -66.90164, 18.20823 ], [ -66.9032, 18.20821 ], [ -66.90403, 18.20854 ], [ -66.90422, 18.21164 ], [ -66.90333, 18.21384 ], [ -66.9009, 18.21558 ], [ -66.90105, 18.21964 ], [ -66.90184, 18.22043 ], [ -66.90201, 18.22126 ], [ -66.90259, 18.22197 ], [ -66.90442, 18.22348 ], [ -66.90436, 18.22443 ], [ -66.90506, 18.22481 ], [ -66.90589, 18.22587 ], [ -66.90609, 18.22803 ], [ -66.90505, 18.23075 ], [ -66.90722, 18.23294 ], [ -66.90749, 18.23346 ], [ -66.90737, 18.23413 ], [ -66.90957, 18.23688 ], [ -66.90981, 18.23786 ], [ -66.91316, 18.24169 ] ] ] } },
{ "type": "Feature", "properties": { "huc12": "210100040106", "name": "Rio Loco at Valle de Lajas Drainage Canal outlet", "areasqkm": 29.04 }, "geometry": { "type": "Polygon", "coordinates": [ [ [ -66.87799, 18.06985 ], [ -66.87801, 18.06817 ], [ -66.87882, 18.06791 ], [ -66.87932, 18.06709 ], [ -66.87875, 18.06619 ], [ -66.87873, 18.0646 ], [ -66.87805, 18.06391 ], [ -66.87869, 18.06253 ], [ -66.8803, 18.06229 ], [ -66.88139, 18.06047 ], [ -66.88095, 18.05941 ], [ -66.88153, 18.05804 ], [ -66.88021, 18.05631 ], [ -66.88027, 18.05554 ], [ -66.88096, 18.05473 ], [ -66.88055, 18.05339 ], [ -66.88124, 18.05156 ], [ -66.88107, 18.05063 ], [ -66.8802, 18.0496 ], [ -66.87977, 18.04755 ], [ -66.88129, 18.04618 ], [ -66.88136, 18.04515 ], [ -66.88092, 18.0434 ], [ -66.88226, 18.04138 ], [ -66.88247, 18.04001 ], [ -66.88341, 18.03975 ], [ -66.88445, 18.04022 ], [ -66.88579, 18.0418 ], [ -66.88707, 18.04273 ], [ -66.88899, 18.04275 ], [ -66.88979, 18.04394 ], [ -66.88945, 18.04614 ], [ -66.89173, 18.04596 ], [ -66.89274, 18.04628 ], [ -66.89447, 18.04808 ], [ -66.89536, 18.04981 ], [ -66.89533, 18.05177 ], [ -66.89676, 18.05242 ], [ -66.89704, 18.05407 ], [ -66.89788, 18.05544 ], [ -66.90076, 18.05787 ], [ -66.90175, 18.05939 ], [ -66.90107, 18.06037 ], [ -66.90104, 18.06157 ], [ -66.90192, 18.06345 ], [ -66.90406, 18.06574 ], [ -66.90498, 18.06585 ], [ -66.90632, 18.0673 ], [ -66.9078, 18.06773 ], [ -66.90839, 18.06839 ], [ -66.9086, 18.06876 ], [ -66.9084, 18.06991 ], [ -66.90926, 18.07206 ], [ -66.9094, 18.07321 ], [ -66.91038, 18.07414 ], [ -66.91166, 18.07642 ], [ -66.91186, 18.07743 ], [ -66.91149, 18.0791 ], [ -66.9125, 18.0807 ], [ -66.91296, 18.08079 ], [ -66.9143, 18.07916 ], [ -66.91451, 18.0778 ], [ -66.91659, 18.07516 ], [ -66.91672, 18.07407 ], [ -66.92013, 18.07224 ], [ -66.92261, 18.07259 ], [ -66.92427, 18.07228 ], [ -66.92566, 18.07154 ], [ -66.92584, 18.06979 ], [ -66.92469, 18.06563 ], [ -66.92331, 18.06378 ], [ -66.92269, 18.06204 ], [ -66.92159, 18.06111 ], [ -66.91852, 18.06103 ], [ -66.91612, 18.05859 ], [ -66.91671, 18.05701 ], [ -66.91671, 18.05559 ], [ -66.91711, 18.05515 ], [ -66.91798, 18.05513 ], [ -66.91781, 18.05428 ], [ -66.91814, 18.05266 ], [ -66.91726, 18.05117 ], [ -66.91552, 18.0505 ], [ -66.91474, 18.04852 ], [ -66.9144, 18.04839 ], [ -66.913, 18.04865 ], [ -66.91189, 18.04994 ], [ -66.91005, 18.05036 ], [ -66.90952, 18.05115 ], [ -66.90815, 18.05104 ], [ -66.90668, 18.05144 ], [ -66.90585, 18.05039 ], [ -66.90679, 18.04789 ], [ -66.90609, 18.04655 ], [ -66.90756, 18.04422 ], [ -66.90578, 18.04353 ], [ -66.89701, 18.03738 ], [ -66.8911, 18.03427 ], [ -66.89048, 18.03275 ], [ -66.89122, 18.03205 ], [ -66.89074, 18.03035 ], [ -66.89141, 18.02934 ], [ -66.89117, 18.02773 ], [ -66.89226, 18.02751 ], [ -66.89437, 18.02602 ], [ -66.89262, 18.02514 ], [ -66.89146, 18.02396 ], [ -66.89284, 18.0226 ], [ -66.89336, 18.02052 ], [ -66.89499, 18.02061 ], [ -66.89531, 18.01971 ], [ -66.89451, 18.01672 ], [ -66.89503, 18.01329 ], [ -66.89469, 18.01277 ], [ -66.89465, 18.01142 ], [ -66.89353, 18.00941 ], [ -66.89388, 18.00795 ], [ -66.89519, 18.00698 ], [ -66.89563, 18.0062 ], [ -66.89575, 18.00555 ], [ -66.89526, 18.00401 ], [ -66.89588, 18.00262 ], [ -66.898, 18.0012 ], [ -66.90069, 18.00146 ], [ -66.90215, 18.00082 ], [ -66.90406, 17.99887 ], [ -66.9061, 17.99428 ], [ -66.90702, 17.99323 ], [ -66.91219, 17.9924 ], [ -66.91709, 17.99203 ], [ -66.91761, 17.99148 ], [ -66.91722, 17.99089 ], [ -66.91341, 17.99091 ], [ -66.91225, 17.99032 ], [ -66.91019, 17.98813 ], [ -66.90697, 17.98686 ], [ -66.90341, 17.98592 ], [ -66.90156, 17.98495 ], [ -66.89968, 17.98495 ], [ -66.89811, 17.98656 ], [ -66.89211, 17.99449 ], [ -66.89119, 17.99515 ], [ -66.88979, 17.99528 ], [ -66.88818, 17.99427 ], [ -66.88291, 17.99281 ], [ -66.88165, 17.99321 ], [ -66.88052, 17.99498 ], [ -66.8784, 17.99227 ], [ -66.87614, 17.99191 ], [ -66.8747, 17.99326 ], [ -66.87431, 17.9954 ], [ -66.87245, 17.99697 ], [ -66.87112, 17.99747 ], [ -66.86955, 17.99674 ], [ -66.86728, 17.99759 ], [ -66.86615, 17.99848 ], [ -66.8643, 17.99875 ], [ -66.86379, 17.99943 ], [ -66.86369, 18.00084 ], [ -66.8602, 18.00097 ], [ -66.8586, 18.00181 ], [ -66.85894, 18.00314 ], [ -66.8601, 18.00316 ], [ -66.86044, 18.00347 ], [ -66.86177, 18.00726 ], [ -66.86092, 18.00823 ], [ -66.86122, 18.00896 ], [ -66.86047, 18.00977 ], [ -66.86003, 18.0127 ], [ -66.85881, 18.0135 ], [ -66.8585, 18.0142 ], [ -66.85656, 18.01517 ], [ -66.85617, 18.01572 ], [ -66.85623, 18.01648 ], [ -66.86015, 18.01726 ], [ -66.86321, 18.01691 ], [ -66.86633, 18.0171 ], [ -66.86671, 18.01958 ], [ -66.86599, 18.02211 ], [ -66.86421, 18.02392 ], [ -66.86338, 18.02543 ], [ -66.86351, 18.0269 ], [ -66.86295, 18.02795 ], [ -66.86318, 18.03062 ], [ -66.86491, 18.03141 ], [ -66.86542, 18.03343 ], [ -66.86522, 18.03421 ], [ -66.86639, 18.03588 ], [ -66.86788, 18.03685 ], [ -66.86825, 18.03767 ], [ -66.86815, 18.03869 ], [ -66.86718, 18.04001 ], [ -66.86818, 18.04076 ], [ -66.86961, 18.0467 ], [ -66.86775, 18.04909 ], [ -66.86765, 18.04968 ], [ -66.86822, 18.05105 ], [ -66.86807, 18.05157 ], [ -66.86971, 18.05354 ], [ -66.86972, 18.05638 ], [ -66.87059, 18.05766 ], [ -66.87075, 18.0585 ], [ -66.87218, 18.06011 ], [ -66.8739, 18.06095 ], [ -66.8749, 18.06241 ], [ -66.87573, 18.06424 ], [ -66.87517, 18.06687 ], [ -66.87799, 18.06985 ] ] ] } },
{ "type": "Feature", "properties": { "huc12": "210100030202", "name": "Rio Guayo at Lago Guayo Dam", "areasqkm": 25.02 }, "geometry": { "type": "Polygon", "coordinates": [ [ [ -66.82029, 18.20647 ], [ -66.82144, 18.20684 ], [ -66.82241, 18.20876 ], [ -66.82425, 18.20952 ], [ -66.82651, 18.21111 ], [ -66.82821, 18.21145 ], [ -66.8324, 18.21105 ], [ -66.83368, 18.21028 ], [ -66.8366, 18.21161 ], [ -66.8392, 18.21369 ], [ -66.83979, 18.21458 ], [ -66.84123, 18.21525 ], [ -66.84396, 18.21506 ], [ -66.84588, 18.21231 ], [ -66.84642, 18.21234 ], [ -66.84648, 18.21103 ], [ -66.84734, 18.20886 ], [ -66.84685, 18.20755 ], [ -66.84684, 18.20649 ], [ -66.84614, 18.20504 ], [ -66.84538, 18.20399 ], [ -66.84387, 18.20316 ], [ -66.84243, 18.20102 ], [ -66.84407, 18.19932 ], [ -66.84587, 18.19863 ], [ -66.84496, 18.19641 ], [ -66.84586, 18.19531 ], [ -66.84576, 18.19385 ], [ -66.84637, 18.19148 ], [ -66.84698, 18.19096 ], [ -66.84803, 18.191 ], [ -66.84956, 18.18915 ], [ -66.85119, 18.18921 ], [ -66.85215, 18.18746 ], [ -66.85331, 18.18678 ], [ -66.85338, 18.18561 ], [ -66.85447, 18.18575 ], [ -66.85482, 18.18534 ], [ -66.85508, 18.18461 ], [ -66.85496, 18.18324 ], [ -66.85428, 18.18244 ], [ -66.85476, 18.18099 ], [ -66.8543, 18.17982 ], [ -66.85298, 18.17852 ], [ -66.85179, 18.17531 ], [ -66.84914, 18.17532 ], [ -66.84813, 18.1743 ], [ -66.84671, 18.17391 ], [ -66.8457, 18.17296 ], [ -66.8435, 18.17222 ], [ -66.84386, 18.17053 ], [ -66.84447, 18.16971 ], [ -66.84342, 18.16571 ], [ -66.84346, 18.16476 ], [ -66.84415, 18.16329 ], [ -66.8436, 18.16201 ], [ -66.844, 18.16082 ], [ -66.8432, 18.15979 ], [ -66.84062, 18.15842 ], [ -66.83684, 18.15717 ], [ -66.83607, 18.15555 ], [ -66.83406, 18.15631 ], [ -66.83301, 18.15611 ], [ -66.83195, 18.15462 ], [ -66.83106, 18.1541 ], [ -66.82929, 18.15208 ], [ -66.82887, 18.15101 ], [ -66.82705, 18.14967 ], [ -66.82585, 18.14832 ], [ -66.8215, 18.1476 ], [ -66.82021, 18.14674 ], [ -66.81943, 18.14698 ], [ -66.81606, 18.14608 ], [ -66.81383, 18.14481 ], [ -66.81312, 18.14529 ], [ -66.81256, 18.14678 ], [ -66.81102, 18.14784 ], [ -66.81012, 18.14791 ], [ -66.80881, 18.14906 ], [ -66.80582, 18.14812 ], [ -66.80675, 18.15299 ], [ -66.80816, 18.15509 ], [ -66.80734, 18.15607 ], [ -66.80785, 18.1573 ], [ -66.80783, 18.15834 ], [ -66.80952, 18.15891 ], [ -66.81014, 18.15982 ], [ -66.80979, 18.16124 ], [ -66.80876, 18.16183 ], [ -66.8081, 18.16293 ], [ -66.80766, 18.16732 ], [ -66.81003, 18.16808 ], [ -66.81184, 18.16983 ], [ -66.81177, 18.17147 ], [ -66.81143, 18.17214 ], [ -66.81261, 18.17427 ], [ -66.81192, 18.17521 ], [ -66.81355, 18.17737 ], [ -66.81312, 18.17814 ], [ -66.81299, 18.17979 ], [ -66.8122, 18.18075 ], [ -66.81246, 18.18342 ], [ -66.81216, 18.18482 ], [ -66.81128, 18.18645 ], [ -66.81107, 18.18668 ], [ -66.81059, 18.18606 ], [ -66.80997, 18.18588 ], [ -66.80821, 18.18704 ], [ -66.8088, 18.18808 ], [ -66.80907, 18.19015 ], [ -66.80849, 18.19235 ], [ -66.80854, 18.19431 ], [ -66.80894, 18.19526 ], [ -66.81034, 18.19686 ], [ -66.81321, 18.19911 ], [ -66.81521, 18.20126 ], [ -66.81554, 18.20279 ], [ -66.81757, 18.2047 ], [ -66.81933, 18.20509 ], [ -66.82029, 18.20647 ] ] ] } },
{ "type": "Feature", "properties": { "huc12": "210100040105", "name": "Rio Loco at Presada Loco Dam", "areasqkm": 21.84 }, "geometry": { "type": "Polygon", "coordinates": [ [ [ -66.89004, 18.08442 ], [ -66.89108, 18.08873 ], [ -66.89047, 18.09078 ], [ -66.89148, 18.09366 ], [ -66.8909, 18.09436 ], [ -66.89071, 18.09545 ], [ -66.89136, 18.09815 ], [ -66.89044, 18.10062 ], [ -66.89054, 18.10288 ], [ -66.89007, 18.10467 ], [ -66.88934, 18.10536 ], [ -66.89053, 18.10684 ], [ -66.88939, 18.10808 ], [ -66.89113, 18.10862 ], [ -66.89239, 18.10945 ], [ -66.89452, 18.10961 ], [ -66.89584, 18.11035 ], [ -66.89709, 18.11021 ], [ -66.89809, 18.10945 ], [ -66.89873, 18.11126 ], [ -66.89968, 18.11171 ], [ -66.90099, 18.11166 ], [ -66.90096, 18.11298 ], [ -66.90224, 18.11482 ], [ -66.90434, 18.11922 ], [ -66.90822, 18.1219 ], [ -66.91001, 18.12256 ], [ -66.91094, 18.12427 ], [ -66.91203, 18.12529 ], [ -66.91492, 18.1261 ], [ -66.91595, 18.13025 ], [ -66.91664, 18.13063 ], [ -66.91804, 18.13063 ], [ -66.91764, 18.12934 ], [ -66.91758, 18.12716 ], [ -66.91695, 18.12672 ], [ -66.91671, 18.12593 ], [ -66.91705, 18.12432 ], [ -66.91821, 18.12349 ], [ -66.91731, 18.12163 ], [ -66.91765, 18.12029 ], [ -66.92027, 18.11881 ], [ -66.92129, 18.1165 ], [ -66.92269, 18.1156 ], [ -66.92426, 18.11529 ], [ -66.92526, 18.11473 ], [ -66.92397, 18.11381 ], [ -66.92278, 18.11219 ], [ -66.92251, 18.11041 ], [ -66.92087, 18.10709 ], [ -66.92063, 18.10307 ], [ -66.91753, 18.10206 ], [ -66.91587, 18.09939 ], [ -66.91573, 18.0962 ], [ -66.91833, 18.09469 ], [ -66.91947, 18.09234 ], [ -66.91867, 18.08956 ], [ -66.91751, 18.08871 ], [ -66.91569, 18.0859 ], [ -66.91425, 18.08485 ], [ -66.91285, 18.0808 ], [ -66.91162, 18.07968 ], [ -66.91186, 18.07743 ], [ -66.91166, 18.07642 ], [ -66.91038, 18.07414 ], [ -66.9094, 18.07321 ], [ -66.90926, 18.07206 ], [ -66.9084, 18.06991 ], [ -66.9086, 18.06876 ], [ -66.90839, 18.06839 ], [ -66.9078, 18.06773 ], [ -66.90632, 18.0673 ], [ -66.90498, 18.06585 ], [ -66.90406, 18.06574 ], [ -66.90192, 18.06345 ], [ -66.90104, 18.06157 ], [ -66.90107, 18.06037 ], [ -66.90175, 18.05939 ], [ -66.90076, 18.05787 ], [ -66.89788, 18.05544 ], [ -66.89704, 18.05407 ], [ -66.89676, 18.05242 ], [ -66.89533, 18.05177 ], [ -66.89536, 18.04981 ], [ -66.89447, 18.04808 ], [ -66.89274, 18.04628 ], [ -66.89173, 18.04596 ], [ -66.88945, 18.04614 ], [ -66.88979, 18.04394 ], [ -66.88899, 18.04275 ], [ -66.88707, 18.04273 ], [ -66.88579, 18.0418 ], [ -66.88445, 18.04022 ], [ -66.88341, 18.03975 ], [ -66.88273, 18.03985 ], [ -66.88226, 18.04138 ], [ -66.88092, 18.0434 ], [ -66.88136, 18.04515 ], [ -66.88129, 18.04618 ], [ -66.87977, 18.04755 ], [ -66.8802, 18.0496 ], [ -66.88107, 18.05063 ], [ -66.88124, 18.05156 ], [ -66.88055, 18.05339 ], [ -66.88096, 18.05473 ], [ -66.88027, 18.05554 ], [ -66.88021, 18.05631 ], [ -66.88153, 18.05804 ], [ -66.88095, 18.05941 ], [ -66.88139, 18.06047 ], [ -66.8803, 18.06229 ], [ -66.87869, 18.06253 ], [ -66.87805, 18.06391 ], [ -66.87873, 18.0646 ], [ -66.87875, 18.06619 ], [ -66.87932, 18.06709 ], [ -66.87882, 18.06791 ], [ -66.87801, 18.06817 ], [ -66.87799, 18.06985 ], [ -66.87956, 18.07084 ], [ -66.87989, 18.07218 ], [ -66.88143, 18.07268 ], [ -66.88217, 18.07383 ], [ -66.88346, 18.0739 ], [ -66.88408, 18.07618 ], [ -66.88461, 18.07676 ], [ -66.88461, 18.07761 ], [ -66.88582, 18.07856 ], [ -66.88659, 18.08037 ], [ -66.89004, 18.08442 ] ] ] } }
]
}
