{
"type": "FeatureCollection",
"name": "rivers_island",
"crs": { "type": "name", "properties": { "name": "urn:ogc:def:crs:OGC:1.3:CRS84" } },
"xy_coordinate_resolution": 0.0001,
"features": [
{ "type": "Feature", "properties": { "gnis_name": null, "streamorde": 4, "lengthkm": 0.01734899, "totdasqkm": 60.60610025 }, "geometry": { "type": "LineString", "coordinates": [ [ -66.9651, 18.008 ], [ -66.9649, 18.008 ] ] } },
{ "type": "Feature", "properties": { "gnis_name": "Río Toa Vaca", "streamorde": 3, "lengthkm": 0.87546686, "totdasqkm": 51.1991001 }, "geometry": { "type": "LineString", "coordinates": [ [ -66.4623, 18.101 ], [ -66.4668, 18.1006 ], [ -66.4689, 18.101 ], [ -66.4703, 18.1005 ] ] } },
{ "type": "Feature", "properties": { "gnis_name": "Río Culebrinas", "streamorde": 4, "lengthkm": 0.14027171, "totdasqkm": 108.83500015 }, "geometry": { "type": "LineString", "coordinates": [ [ -67.0256, 18.3465 ], [ -67.0258, 18.347 ], [ -67.0265, 18.3472 ] ] } },
{ "type": "Feature", "properties": { "gnis_name": null, "streamorde": 3, "lengthkm": 2.618, "totdasqkm": 27.60409983 }, "geometry": { "type": "LineString", "coordinates": [ [ -65.9286, 18.0107 ], [ -65.9232, 18.0079 ], [ -65.9199, 18.007 ], [ -65.9192, 18.0074 ], [ -65.9188, 18.0095 ], [ -65.9182, 18.01 ], [ -65.9165, 18.0096 ], [ -65.9114, 18.0064 ], [ -65.9107, 18.0065 ], [ -65.911, 18.0081 ], [ -65.9104, 18.0084 ] ] } },
{ "type": "Feature", "properties": { "gnis_name": "Río Caonillas", "streamorde": 4, "lengthkm": 0.07875191, "totdasqkm": 98.83550007 }, "geometry": { "type": "LineString", "coordinates": [ [ -66.6352, 18.2314 ], [ -66.6349, 18.232 ] ] } },
{ "type": "Feature", "properties": { "gnis_name": null, "streamorde": 3, "lengthkm": 0.146, "totdasqkm": 51.44170021 }, "geometry": { "type": "LineString", "coordinates": [ [ -65.6533, 18.3145 ], [ -65.6541, 18.3156 ] ] } },
{ "type": "Feature", "properties": { "gnis_name": "Caño Boquilla", "streamorde": 3, "lengthkm": 0.13386055, "totdasqkm": 5.03270007 }, "geometry": { "type": "LineString", "coordinates": [ [ -67.163, 18.2468 ], [ -67.1631, 18.248 ] ] } },
{ "type": "Feature", "properties": { "gnis_name": "Río Limón", "streamorde": 3, "lengthkm": 0.48384035, "totdasqkm": 33.48310024 }, "geometry": { "type": "LineString", "coordinates": [ [ -66.6098, 18.306 ], [ -66.6122, 18.3068 ], [ -66.6126, 18.3085 ] ] } },
{ "type": "Feature", "properties": { "gnis_name": "Río Cayaguas", "streamorde": 4, "lengthkm": 0.28012458, "totdasqkm": 35.08389994 }, "geometry": { "type": "LineString", "coordinates": [ [ -65.9666, 18.1681 ], [ -65.9659, 18.1695 ], [ -65.965, 18.1692 ] ] } },
{ "type": "Feature", "properties": { "gnis_name": "Río Prieto", "streamorde": 4, "lengthkm": 0.43413039, "totdasqkm": 67.90949956 }, "geometry": { "type": "LineString", "coordinates": [ [ -66.9067, 18.2504 ], [ -66.9057, 18.252 ], [ -66.9072, 18.253 ] ] } },
{ "type": "Feature", "properties": { "gnis_name": "Canal de Guamaní Este", "streamorde": 3, "lengthkm": 1.49373193, "totdasqkm": 15.41479985 }, "geometry": { "type": "LineString", "coordinates": [ [ -66.1145, 18.0141 ], [ -66.1142, 18.0135 ], [ -66.115, 18.0112 ], [ -66.1134, 18.0105 ], [ -66.1126, 18.0095 ], [ -66.1116, 18.008 ], [ -66.1117, 18.0072 ], [ -66.1109, 18.0058 ], [ -66.1097, 18.0052 ], [ -66.1082, 18.0052 ] ] } },
{ "type": "Feature", "properties": { "gnis_name": "Río Bauta", "streamorde": 4, "lengthkm": 0.00948808, "totdasqkm": 163.57319965000002 }, "geometry": { "type": "LineString", "coordinates": [ ] } },
{ "type": "Feature", "properties": { "gnis_name": "Río Turabo", "streamorde": 4, "lengthkm": 0.02845737, "totdasqkm": 43.67190009 }, "geometry": { "type": "LineString", "coordinates": [ [ -66.0508, 18.1889 ], [ -66.0508, 18.1891 ] ] } },
{ "type": "Feature", "properties": { "gnis_name": null, "streamorde": 3, "lengthkm": 0.45891798, "totdasqkm": 4.03469981 }, "geometry": { "type": "LineString", "coordinates": [ [ -66.7165, 18.4652 ], [ -66.7167, 18.4655 ], [ -66.7154, 18.4675 ], [ -66.7153, 18.4688 ] ] } },
{ "type": "Feature", "properties": { "gnis_name": "Río Culebra", "streamorde": 4, "lengthkm": 0.14982834, "totdasqkm": 13.32730016 }, "geometry": { "type": "LineString", "coordinates": [ [ -67.2028, 18.3823 ], [ -67.2038, 18.3826 ] ] } },
{ "type": "Feature", "properties": { "gnis_name": null, "streamorde": 5, "lengthkm": 0.00551962, "totdasqkm": 173.7615997 }, "geometry": { "type": "LineString", "coordinates": [ ] } },
{ "type": "Feature", "properties": { "gnis_name": "Río Duey", "streamorde": 3, "lengthkm": 0.762, "totdasqkm": 11.82329996 }, "geometry": { "type": "LineString", "coordinates": [ [ -66.8334, 18.0982 ], [ -66.835, 18.096 ], [ -66.8343, 18.0923 ] ] } },
{ "type": "Feature", "properties": { "gnis_name": "Río Coamo", "streamorde": 3, "lengthkm": 1.019, "totdasqkm": 4.49469986 }, "geometry": { "type": "LineString", "coordinates": [ [ -66.3511, 18.1436 ], [ -66.3522, 18.143 ], [ -66.3535, 18.1435 ], [ -66.3536, 18.1426 ], [ -66.3543, 18.1419 ], [ -66.3557, 18.1423 ], [ -66.3572, 18.1414 ], [ -66.3585, 18.1412 ] ] } },
{ "type": "Feature", "properties": { "gnis_name": null, "streamorde": 6, "lengthkm": 0.04828302, "totdasqkm": 446.63849998000001 }, "geometry": { "type": "LineString", "coordinates": [ [ -66.6886, 18.4085 ], [ -66.6882, 18.4088 ] ] } },
{ "type": "Feature", "properties": { "gnis_name": null, "streamorde": 4, "lengthkm": 0.30736754, "totdasqkm": 26.11899991 }, "geometry": { "type": "LineString", "coordinates": [ [ -67.0952, 18.2695 ], [ -67.0965, 18.2685 ], [ -67.0972, 18.2693 ] ] } },
{ "type": "Feature", "properties": { "gnis_name": null, "streamorde": 4, "lengthkm": 0.09717914, "totdasqkm": 22.90860008 }, "geometry": { "type": "LineString", "coordinates": [ [ -66.3024, 18.1596 ], [ -66.3016, 18.1593 ] ] } },
{ "type": "Feature", "properties": { "gnis_name": null, "streamorde": 3, "lengthkm": 0.392, "totdasqkm": 4.17979997 }, "geometry": { "type": "LineString", "coordinates": [ [ -65.9684, 18.0756 ], [ -65.967, 18.0772 ], [ -65.9666, 18.0784 ] ] } },
{ "type": "Feature", "properties": { "gnis_name": "Río de la Plata", "streamorde": 5, "lengthkm": 0.91236111, "totdasqkm": 488.47530024000002 }, "geometry": { "type": "LineString", "coordinates": [ [ -66.2509, 18.383 ], [ -66.247, 18.3836 ], [ -66.2462, 18.3853 ], [ -66.2443, 18.3869 ] ] } },
{ "type": "Feature", "properties": { "gnis_name": "Río Yunes", "streamorde": 3, "lengthkm": 0.71209973, "totdasqkm": 22.59169997 }, "geometry": { "type": "LineString", "coordinates": [ [ -66.5608, 18.2932 ], [ -66.5613, 18.2944 ], [ -66.5635, 18.2944 ], [ -66.5659, 18.2963 ] ] } },
{ "type": "Feature", "properties": { "gnis_name": "Río Viví", "streamorde": 4, "lengthkm": 0.82604421, "totdasqkm": 41.26859972 }, "geometry": { "type": "LineString", "coordinates": [ [ -66.6967, 18.2668 ], [ -66.6983, 18.2672 ], [ -66.7002, 18.2661 ], [ -66.7025, 18.2662 ], [ -66.704, 18.2668 ] ] } },
{ "type": "Feature", "properties": { "gnis_name": null, "streamorde": 3, "lengthkm": 0.96, "totdasqkm": 19.19949999 }, "geometry": { "type": "LineString", "coordinates": [ [ -65.851, 18.0521 ], [ -65.8496, 18.0527 ], [ -65.8486, 18.0548 ], [ -65.8475, 18.055 ], [ -65.8452, 18.058 ] ] } },
{ "type": "Feature", "properties": { "gnis_name": "Río Grande", "streamorde": 3, "lengthkm": 0.09041063, "totdasqkm": 17.22770004 }, "geometry": { "type": "LineString", "coordinates": [ [ -66.9396, 18.0933 ], [ -66.9401, 18.0927 ] ] } },
{ "type": "Feature", "properties": { "gnis_name": "Canal Principal De Riego Valle De Lajas", "streamorde": 3, "lengthkm": 1.04279535, "totdasqkm": 11.72150011 }, "geometry": { "type": "LineString", "coordinates": [ [ -66.9198, 18.0342 ], [ -66.9237, 18.0346 ], [ -66.9251, 18.0362 ], [ -66.9274, 18.0357 ], [ -66.928, 18.0363 ] ] } },
{ "type": "Feature", "properties": { "gnis_name": "Río Piedras", "streamorde": 4, "lengthkm": 1.31201974, "totdasqkm": 49.24730016 }, "geometry": { "type": "LineString", "coordinates": [ [ -66.0754, 18.4131 ], [ -66.0779, 18.4148 ], [ -66.0786, 18.4171 ], [ -66.0808, 18.4188 ], [ -66.0816, 18.4206 ], [ -66.0817, 18.4224 ] ] } },
{ "type": "Feature", "properties": { "gnis_name": null, "streamorde": 4, "lengthkm": 0.322, "totdasqkm": 12.41069989 }, "geometry": { "type": "LineString", "coordinates": [ [ -66.5801, 18.1321 ], [ -66.5802, 18.1307 ], [ -66.5791, 18.1297 ] ] } },
{ "type": "Feature", "properties": { "gnis_name": "Río Bauta", "streamorde": 3, "lengthkm": 0.15426968, "totdasqkm": 47.76959984 }, "geometry": { "type": "LineString", "coordinates": [ [ -66.4492, 18.2414 ], [ -66.4486, 18.2427 ] ] } },
{ "type": "Feature", "properties": { "gnis_name": "Río Nigua", "streamorde": 4, "lengthkm": 2.26758912, "totdasqkm": 125.69529974 }, "geometry": { "type": "LineString", "coordinates": [ [ -66.2982, 17.9842 ], [ -66.2985, 17.9832 ], [ -66.2997, 17.9823 ], [ -66.3017, 17.9773 ], [ -66.3041, 17.9765 ], [ -66.305, 17.9731 ], [ -66.3065, 17.9722 ], [ -66.3096, 17.9729 ], [ -66.3108, 17.9721 ] ] } },
{ "type": "Feature", "properties": { "gnis_name": "Caño de Martín Peña", "streamorde": 3, "lengthkm": 2.89863759, "totdasqkm": 43.1598001 }, "geometry": { "type": "LineString", "coordinates": [ [ -66.0395, 18.4281 ], [ -66.0412, 18.4281 ], [ -66.0429, 18.4292 ], [ -66.0458, 18.4286 ], [ -66.0469, 18.4289 ], [ -66.0483, 18.4302 ], [ -66.0528, 18.4327 ], [ -66.0535, 18.4323 ], [ -66.0541, 18.431 ], [ -66.055, 18.4309 ], [ -66.0555, 18.4312 ], [ -66.0565, 18.4335 ], [ -66.0571, 18.4338 ], [ -66.0599, 18.4335 ], [ -66.0616, 18.4327 ] ] } },
{ "type": "Feature", "properties": { "gnis_name": "Río Gurabo", "streamorde": 4, "lengthkm": 0.48137527, "totdasqkm": 64.92280005 }, "geometry": { "type": "LineString", "coordinates": [ [ -65.909, 18.2381 ], [ -65.9111, 18.2381 ], [ -65.9133, 18.239 ] ] } },
{ "type": "Feature", "properties": { "gnis_name": "Río Coamo", "streamorde": 5, "lengthkm": 0.01593436, "totdasqkm": 168.52100002999998 }, "geometry": { "type": "LineString", "coordinates": [ [ -66.3902, 18.0146 ], [ -66.3901, 18.0146 ] ] } },
{ "type": "Feature", "properties": { "gnis_name": null, "streamorde": 4, "lengthkm": 0.051, "totdasqkm": 22.04149998 }, "geometry": { "type": "LineString", "coordinates": [ [ -66.5645, 18.0993 ], [ -66.5642, 18.0989 ] ] } },
{ "type": "Feature", "properties": { "gnis_name": "Río Yauco", "streamorde": 4, "lengthkm": 1.269, "totdasqkm": 56.39350019 }, "geometry": { "type": "LineString", "coordinates": [ [ -66.8589, 18.0578 ], [ -66.8575, 18.0566 ], [ -66.8567, 18.0574 ], [ -66.8557, 18.0575 ], [ -66.8546, 18.0538 ], [ -66.8511, 18.0525 ] ] } },
{ "type": "Feature", "properties": { "gnis_name": null, "streamorde": 3, "lengthkm": 0.07785645, "totdasqkm": 4.5923 }, "geometry": { "type": "LineString", "coordinates": [ [ -65.5621, 18.1192 ], [ -65.5623, 18.1199 ] ] } },
{ "type": "Feature", "properties": { "gnis_name": "Río Culebrinas", "streamorde": 5, "lengthkm": 0.07582138, "totdasqkm": 189.44569991 }, "geometry": { "type": "LineString", "coordinates": [ [ -67.1043, 18.363 ], [ -67.1047, 18.3625 ] ] } },
{ "type": "Feature", "properties": { "gnis_name": "Río Grande De Loiza", "streamorde": 4, "lengthkm": 0.25327602, "totdasqkm": 44.35800011 }, "geometry": { "type": "LineString", "coordinates": [ [ -65.9803, 18.1464 ], [ -65.9811, 18.1469 ], [ -65.9803, 18.1479 ] ] } },
{ "type": "Feature", "properties": { "gnis_name": "Río Grande de Añasco", "streamorde": 5, "lengthkm": 0.6453435, "totdasqkm": 349.56630027 }, "geometry": { "type": "LineString", "coordinates": [ [ -67.0544, 18.2757 ], [ -67.0552, 18.275 ], [ -67.0576, 18.2751 ], [ -67.0597, 18.2765 ] ] } },
{ "type": "Feature", "properties": { "gnis_name": null, "streamorde": 4, "lengthkm": 0.1811669, "totdasqkm": 103.58149997 }, "geometry": { "type": "LineString", "coordinates": [ [ -66.632, 18.2399 ], [ -66.6335, 18.2393 ] ] } },
{ "type": "Feature", "properties": { "gnis_name": null, "streamorde": 3, "lengthkm": 0.27808394, "totdasqkm": 2.47139985 }, "geometry": { "type": "LineString", "coordinates": [ [ -67.1711, 18.2307 ], [ -67.1724, 18.2286 ] ] } },
{ "type": "Feature", "properties": { "gnis_name": "Río de Bayamón", "streamorde": 5, "lengthkm": 2.72849063, "totdasqkm": 183.95380005000001 }, "geometry": { "type": "LineString", "coordinates": [ [ -66.1567, 18.4278 ], [ -66.1579, 18.4322 ], [ -66.1613, 18.4508 ], [ -66.1605, 18.4517 ] ] } },
{ "type": "Feature", "properties": { "gnis_name": "Río Emajagua", "streamorde": 3, "lengthkm": 0.09790734, "totdasqkm": 13.97480019 }, "geometry": { "type": "LineString", "coordinates": [ [ -66.0003, 18.1238 ], [ -65.9996, 18.1235 ] ] } },
{ "type": "Feature", "properties": { "gnis_name": null, "streamorde": 3, "lengthkm": 1.97345861, "totdasqkm": 3.62080009 }, "geometry": { "type": "LineString", "coordinates": [ [ -66.3731, 18.3133 ], [ -66.374, 18.3148 ], [ -66.3749, 18.3147 ], [ -66.3745, 18.3158 ], [ -66.3749, 18.3166 ], [ -66.3742, 18.317 ], [ -66.3749, 18.3182 ], [ -66.3744, 18.3209 ], [ -66.3754, 18.3209 ], [ -66.3758, 18.3215 ], [ -66.3759, 18.3238 ], [ -66.3774, 18.3244 ], [ -66.3793, 18.3243 ] ] } },
{ "type": "Feature", "properties": { "gnis_name": "Río Grande de Añasco", "streamorde": 5, "lengthkm": 0.31223852, "totdasqkm": 273.78280014000001 }, "geometry": { "type": "LineString", "coordinates": [ [ -66.9512, 18.2697 ], [ -66.9536, 18.2713 ] ] } },
{ "type": "Feature", "properties": { "gnis_name": "Río Descalabrado", "streamorde": 3, "lengthkm": 0.643, "totdasqkm": 26.96490002 }, "geometry": { "type": "LineString", "coordinates": [ [ -66.4315, 18.0639 ], [ -66.4303, 18.0623 ], [ -66.4295, 18.0589 ] ] } },
{ "type": "Feature", "properties": { "gnis_name": "Río Grande De Loiza", "streamorde": 4, "lengthkm": 1.07080725, "totdasqkm": 66.81350006000001 }, "geometry": { "type": "LineString", "coordinates": [ [ -65.9746, 18.172 ], [ -65.9742, 18.1737 ], [ -65.9697, 18.1737 ], [ -65.9674, 18.171 ] ] } },
{ "type": "Feature", "properties": { "gnis_name": "Río Grande de Añasco", "streamorde": 5, "lengthkm": 0.58091358, "totdasqkm": 340.97270018999996 }, "geometry": { "type": "LineString", "coordinates": [ [ -67.0401, 18.2932 ], [ -67.0417, 18.2933 ], [ -67.0443, 18.2908 ] ] } },
{ "type": "Feature", "properties": { "gnis_name": null, "streamorde": 3, "lengthkm": 1.63909842, "totdasqkm": 30.3854 }, "geometry": { "type": "LineString", "coordinates": [ [ -66.2438, 18.0461 ], [ -66.2439, 18.0453 ], [ -66.2457, 18.0429 ], [ -66.2434, 18.0384 ], [ -66.2433, 18.0366 ], [ -66.244, 18.0344 ], [ -66.2437, 18.0328 ] ] } },
{ "type": "Feature", "properties": { "gnis_name": null, "streamorde": 3, "lengthkm": 0.813, "totdasqkm": 8.58020001 }, "geometry": { "type": "LineString", "coordinates": [ [ -65.8119, 18.3862 ], [ -65.8097, 18.3906 ], [ -65.8104, 18.3928 ] ] } },
{ "type": "Feature", "properties": { "gnis_name": null, "streamorde": 3, "lengthkm": 0.86153242, "totdasqkm": 12.22929989 }, "geometry": { "type": "LineString", "coordinates": [ [ -66.1166, 18.3676 ], [ -66.1172, 18.3682 ], [ -66.1174, 18.3672 ], [ -66.1179, 18.3673 ], [ -66.118, 18.3689 ], [ -66.1183, 18.3678 ], [ -66.1194, 18.3687 ], [ -66.1203, 18.3684 ] ] } },
{ "type": "Feature", "properties": { "gnis_name": "Río Caguitas", "streamorde": 3, "lengthkm": 0.13735665, "totdasqkm": 30.01630015 }, "geometry": { "type": "LineString", "coordinates": [ [ -66.047, 18.2333 ], [ -66.0469, 18.2345 ] ] } },
{ "type": "Feature", "properties": { "gnis_name": "Río Limaní", "streamorde": 3, "lengthkm": 0.98539673, "totdasqkm": 15.85949995 }, "geometry": { "type": "LineString", "coordinates": [ [ -66.8066, 18.1787 ], [ -66.8057, 18.1802 ], [ -66.8034, 18.1806 ], [ -66.8011, 18.1821 ], [ -66.8, 18.1839 ] ] } },
{ "type": "Feature", "properties": { "gnis_name": null, "streamorde": 3, "lengthkm": 0.549, "totdasqkm": 9.69230019 }, "geometry": { "type": "LineString", "coordinates": [ [ -65.9399, 18.3203 ], [ -65.9394, 18.321 ], [ -65.9394, 18.3227 ], [ -65.9381, 18.3231 ], [ -65.9377, 18.3241 ] ] } },
{ "type": "Feature", "properties": { "gnis_name": "Río Culebrinas", "streamorde": 4, "lengthkm": 0.00512633, "totdasqkm": 143.41789982 }, "geometry": { "type": "LineString", "coordinates": [ [ -67.0515, 18.3569 ], [ -67.0516, 18.3568 ] ] } },
{ "type": "Feature", "properties": { "gnis_name": "Río Loco", "streamorde": 4, "lengthkm": 1.58597455, "totdasqkm": 33.60960013 }, "geometry": { "type": "LineString", "coordinates": [ [ -66.8754, 18.0145 ], [ -66.8755, 18.0119 ], [ -66.8766, 18.009 ], [ -66.8764, 18.0065 ], [ -66.8771, 18.0053 ], [ -66.881, 18.0033 ] ] } },
{ "type": "Feature", "properties": { "gnis_name": "Río Majada", "streamorde": 3, "lengthkm": 0.81075364, "totdasqkm": 54.15739985 }, "geometry": { "type": "LineString", "coordinates": [ [ -66.2257, 18.0307 ], [ -66.2316, 18.0327 ], [ -66.2327, 18.0335 ] ] } },
{ "type": "Feature", "properties": { "gnis_name": "Río Yunes", "streamorde": 3, "lengthkm": 1.58037466, "totdasqkm": 17.08040009 }, "geometry": { "type": "LineString", "coordinates": [ [ -66.5565, 18.2785 ], [ -66.5566, 18.2793 ], [ -66.5554, 18.2798 ], [ -66.5547, 18.2818 ], [ -66.5604, 18.2833 ], [ -66.5627, 18.2868 ] ] } },
{ "type": "Feature", "properties": { "gnis_name": "Río Icacos", "streamorde": 3, "lengthkm": 0.009, "totdasqkm": 7.39160009 }, "geometry": { "type": "LineString", "coordinates": [ [ -65.7847, 18.2616 ], [ -65.7848, 18.2616 ] ] } },
{ "type": "Feature", "properties": { "gnis_name": "Río Guanajibo", "streamorde": 4, "lengthkm": 0.35943447, "totdasqkm": 43.76479965 }, "geometry": { "type": "LineString", "coordinates": [ [ -66.9776, 18.0675 ], [ -66.9797, 18.0669 ], [ -66.9808, 18.0671 ] ] } },
{ "type": "Feature", "properties": { "gnis_name": "Río Limaní", "streamorde": 3, "lengthkm": 0.49951059, "totdasqkm": 19.05670002 }, "geometry": { "type": "LineString", "coordinates": [ [ -66.7977, 18.1952 ], [ -66.7988, 18.1973 ], [ -66.7972, 18.1986 ] ] } },
{ "type": "Feature", "properties": { "gnis_name": "Río Guayanilla", "streamorde": 4, "lengthkm": 0.561, "totdasqkm": 54.46730028 }, "geometry": { "type": "LineString", "coordinates": [ [ -66.7987, 18.0335 ], [ -66.7987, 18.0284 ] ] } },
{ "type": "Feature", "properties": { "gnis_name": "Río Toro Negro", "streamorde": 3, "lengthkm": 0.08182623, "totdasqkm": 33.85909985 }, "geometry": { "type": "LineString", "coordinates": [ [ -66.5175, 18.2262 ], [ -66.5173, 18.2269 ] ] } },
{ "type": "Feature", "properties": { "gnis_name": null, "streamorde": 3, "lengthkm": 0.36182769, "totdasqkm": 6.77390011 }, "geometry": { "type": "LineString", "coordinates": [ [ -66.1572, 18.2597 ], [ -66.1559, 18.2599 ], [ -66.1549, 18.2582 ] ] } },
{ "type": "Feature", "properties": { "gnis_name": "Río de la Plata", "streamorde": 5, "lengthkm": 1.40255885, "totdasqkm": 486.69930014 }, "geometry": { "type": "LineString", "coordinates": [ [ -66.2532, 18.3724 ], [ -66.2491, 18.3782 ], [ -66.2503, 18.3797 ], [ -66.2509, 18.383 ] ] } },
{ "type": "Feature", "properties": { "gnis_name": "Río Guayo", "streamorde": 3, "lengthkm": 0.082, "totdasqkm": 17.65539988 }, "geometry": { "type": "LineString", "coordinates": [ [ -66.5387, 18.1068 ], [ -66.5388, 18.1061 ] ] } },
{ "type": "Feature", "properties": { "gnis_name": "Río Blanco", "streamorde": 3, "lengthkm": 2.82033336, "totdasqkm": 54.52229982 }, "geometry": { "type": "LineString", "coordinates": [ [ -65.7655, 18.205 ], [ -65.7641, 18.2044 ], [ -65.7615, 18.2053 ], [ -65.7613, 18.2043 ], [ -65.7597, 18.2041 ], [ -65.7588, 18.2026 ], [ -65.756, 18.2021 ], [ -65.7549, 18.2014 ], [ -65.7543, 18.2016 ], [ -65.7531, 18.2006 ], [ -65.7528, 18.1987 ], [ -65.7504, 18.1971 ], [ -65.7496, 18.1972 ], [ -65.7496, 18.1984 ], [ -65.7489, 18.1992 ], [ -65.7465, 18.1992 ] ] } },
{ "type": "Feature", "properties": { "gnis_name": null, "streamorde": 3, "lengthkm": 0.56147562, "totdasqkm": 3.37520017 }, "geometry": { "type": "LineString", "coordinates": [ [ -65.9858, 18.2741 ], [ -65.9851, 18.2733 ], [ -65.9862, 18.2701 ] ] } },
{ "type": "Feature", "properties": { "gnis_name": "Río Guayanés", "streamorde": 4, "lengthkm": 0.736, "totdasqkm": 22.70709988 }, "geometry": { "type": "LineString", "coordinates": [ [ -65.9377, 18.0729 ], [ -65.9343, 18.0693 ], [ -65.9325, 18.069 ] ] } },
{ "type": "Feature", "properties": { "gnis_name": null, "streamorde": 3, "lengthkm": 0.621, "totdasqkm": 6.16090014 }, "geometry": { "type": "LineString", "coordinates": [ [ -67.0584, 18.3689 ], [ -67.0588, 18.3682 ], [ -67.0601, 18.3679 ], [ -67.0597, 18.3668 ], [ -67.0619, 18.3663 ] ] } },
{ "type": "Feature", "properties": { "gnis_name": "Río Seco", "streamorde": 3, "lengthkm": 0.39843471, "totdasqkm": 15.4427998 }, "geometry": { "type": "LineString", "coordinates": [ [ -66.1707, 17.9908 ], [ -66.1673, 17.9897 ] ] } },
{ "type": "Feature", "properties": { "gnis_name": "Río Cuyón", "streamorde": 4, "lengthkm": 1.30109682, "totdasqkm": 61.92899993 }, "geometry": { "type": "LineString", "coordinates": [ [ -66.3422, 18.0857 ], [ -66.3432, 18.0852 ], [ -66.3439, 18.0871 ], [ -66.3463, 18.0861 ], [ -66.3469, 18.087 ], [ -66.3482, 18.0874 ], [ -66.3506, 18.0851 ] ] } },
{ "type": "Feature", "properties": { "gnis_name": "Río Rosario", "streamorde": 4, "lengthkm": 0.13976146, "totdasqkm": 52.90730009 }, "geometry": { "type": "LineString", "coordinates": [ [ -67.085, 18.1494 ], [ -67.0841, 18.1484 ] ] } },
{ "type": "Feature", "properties": { "gnis_name": null, "streamorde": 5, "lengthkm": 0.00357535, "totdasqkm": 225.66459987000002 }, "geometry": { "type": "LineString", "coordinates": [ ] } },
{ "type": "Feature", "properties": { "gnis_name": "Río de la Plata", "streamorde": 4, "lengthkm": 0.63485273, "totdasqkm": 90.04879972 }, "geometry": { "type": "LineString", "coordinates": [ [ -66.1318, 18.1326 ], [ -66.1345, 18.1329 ], [ -66.1356, 18.1338 ], [ -66.1374, 18.1338 ] ] } },
{ "type": "Feature", "properties": { "gnis_name": "Río Grande", "streamorde": 3, "lengthkm": 0.88316608, "totdasqkm": 16.56249998 }, "geometry": { "type": "LineString", "coordinates": [ [ -66.9358, 18.1017 ], [ -66.936, 18.1013 ], [ -66.9375, 18.1012 ], [ -66.9378, 18.0991 ], [ -66.9392, 18.0973 ], [ -66.9392, 18.0968 ], [ -66.9383, 18.0965 ] ] } },
{ "type": "Feature", "properties": { "gnis_name": "Río de la Plata", "streamorde": 5, "lengthkm": 0.86293384, "totdasqkm": 466.85379994 }, "geometry": { "type": "LineString", "coordinates": [ [ -66.2336, 18.337 ], [ -66.2326, 18.3391 ], [ -66.2344, 18.3419 ], [ -66.2361, 18.3432 ] ] } },
{ "type": "Feature", "properties": { "gnis_name": "Río Dagüey", "streamorde": 3, "lengthkm": 0.01726424, "totdasqkm": 8.66860002 }, "geometry": { "type": "LineString", "coordinates": [ [ -67.1457, 18.2708 ], [ -67.1459, 18.2708 ] ] } },
{ "type": "Feature", "properties": { "gnis_name": null, "streamorde": 3, "lengthkm": 1.36649823, "totdasqkm": 4.2007001 }, "geometry": { "type": "LineString", "coordinates": [ [ -66.5005, 18.1507 ], [ -66.5001, 18.1486 ], [ -66.4978, 18.144 ], [ -66.4974, 18.1422 ], [ -66.4976, 18.1394 ] ] } },
{ "type": "Feature", "properties": { "gnis_name": null, "streamorde": 3, "lengthkm": 0.06804731, "totdasqkm": 1.94170003 }, "geometry": { "type": "LineString", "coordinates": [ [ -66.3, 18.1729 ], [ -66.2994, 18.173 ] ] } },
{ "type": "Feature", "properties": { "gnis_name": "Río Culebrinas", "streamorde": 4, "lengthkm": 0.65904334, "totdasqkm": 78.57480008 }, "geometry": { "type": "LineString", "coordinates": [ [ -67.0051, 18.3366 ], [ -67.0049, 18.3379 ], [ -67.0053, 18.3386 ], [ -67.0078, 18.3398 ], [ -67.0087, 18.3393 ] ] } },
{ "type": "Feature", "properties": { "gnis_name": "Río Blanco", "streamorde": 4, "lengthkm": 0.10064788, "totdasqkm": 99.5176004 }, "geometry": { "type": "LineString", "coordinates": [ [ -66.8959, 18.2558 ], [ -66.8967, 18.2555 ] ] } },
{ "type": "Feature", "properties": { "gnis_name": "Río Matilde", "streamorde": 4, "lengthkm": 0.26458161, "totdasqkm": 66.04149998 }, "geometry": { "type": "LineString", "coordinates": [ [ -66.6376, 17.984 ], [ -66.6378, 17.9817 ] ] } },
{ "type": "Feature", "properties": { "gnis_name": "Río Cañas", "streamorde": 3, "lengthkm": 0.58839113, "totdasqkm": 14.12310009 }, "geometry": { "type": "LineString", "coordinates": [ [ -67.1495, 18.376 ], [ -67.149, 18.3761 ], [ -67.1492, 18.3776 ], [ -67.1485, 18.3776 ], [ -67.1478, 18.3785 ], [ -67.147, 18.378 ] ] } },
{ "type": "Feature", "properties": { "gnis_name": "Río Guayanilla", "streamorde": 4, "lengthkm": 0.761, "totdasqkm": 30.89830001 }, "geometry": { "type": "LineString", "coordinates": [ [ -66.7927, 18.0716 ], [ -66.7907, 18.0705 ], [ -66.7902, 18.0678 ], [ -66.7883, 18.0676 ] ] } },
{ "type": "Feature", "properties": { "gnis_name": "Río Grande", "streamorde": 3, "lengthkm": 0.07212263, "totdasqkm": 19.58760001 }, "geometry": { "type": "LineString", "coordinates": [ [ -66.9416, 18.0835 ], [ -66.9421, 18.0831 ] ] } },
{ "type": "Feature", "properties": { "gnis_name": null, "streamorde": 3, "lengthkm": 0.57093637, "totdasqkm": 9.85469999 }, "geometry": { "type": "LineString", "coordinates": [ [ -65.9798, 18.1717 ], [ -65.9768, 18.1715 ], [ -65.9746, 18.172 ] ] } },
{ "type": "Feature", "properties": { "gnis_name": "Río Cialitos", "streamorde": 3, "lengthkm": 1.49010721, "totdasqkm": 18.69279985 }, "geometry": { "type": "LineString", "coordinates": [ [ -66.5149, 18.2836 ], [ -66.5142, 18.2853 ], [ -66.5144, 18.2858 ], [ -66.5151, 18.2862 ], [ -66.5166, 18.2861 ], [ -66.5157, 18.2882 ], [ -66.5165, 18.2885 ], [ -66.517, 18.2938 ] ] } },
{ "type": "Feature", "properties": { "gnis_name": "Río de Barranquitas", "streamorde": 3, "lengthkm": 0.82590609, "totdasqkm": 10.24249989 }, "geometry": { "type": "LineString", "coordinates": [ [ -66.3046, 18.1874 ], [ -66.3047, 18.1867 ], [ -66.3038, 18.1865 ], [ -66.3027, 18.1874 ], [ -66.3024, 18.1859 ], [ -66.3013, 18.1852 ], [ -66.3008, 18.184 ] ] } },
{ "type": "Feature", "properties": { "gnis_name": "Río Sonador", "streamorde": 3, "lengthkm": 0.633, "totdasqkm": 3.41300001 }, "geometry": { "type": "LineString", "coordinates": [ [ -66.9704, 18.2929 ], [ -66.9711, 18.2926 ], [ -66.9711, 18.2935 ], [ -66.9718, 18.2935 ], [ -66.9726, 18.2946 ], [ -66.9746, 18.2947 ] ] } },
{ "type": "Feature", "properties": { "gnis_name": null, "streamorde": 4, "lengthkm": 0.09618844, "totdasqkm": 42.78730004000001 }, "geometry": { "type": "LineString", "coordinates": [ [ -66.4744, 18.3359 ], [ -66.4739, 18.3366 ] ] } },
{ "type": "Feature", "properties": { "gnis_name": null, "streamorde": 3, "lengthkm": 0.04414936, "totdasqkm": 1.97450003 }, "geometry": { "type": "LineString", "coordinates": [ [ -67.1434, 18.2455 ], [ -67.1437, 18.2459 ] ] } },
{ "type": "Feature", "properties": { "gnis_name": "Río Grande", "streamorde": 3, "lengthkm": 0.01296713, "totdasqkm": 29.65079998 }, "geometry": { "type": "LineString", "coordinates": [ [ -65.8243, 18.3789 ], [ -65.8242, 18.379 ] ] } },
{ "type": "Feature", "properties": { "gnis_name": "Río Anton Ruiz", "streamorde": 4, "lengthkm": 0.72365906, "totdasqkm": 30.95879988 }, "geometry": { "type": "LineString", "coordinates": [ [ -65.7472, 18.1807 ], [ -65.7441, 18.1812 ], [ -65.7419, 18.1824 ], [ -65.7409, 18.1823 ] ] } },
{ "type": "Feature", "properties": { "gnis_name": null, "streamorde": 3, "lengthkm": 0.94350534, "totdasqkm": 5.97000003 }, "geometry": { "type": "LineString", "coordinates": [ [ -66.348, 18.189 ], [ -66.3497, 18.189 ], [ -66.3501, 18.1899 ], [ -66.3498, 18.1906 ], [ -66.3505, 18.191 ], [ -66.3504, 18.1915 ], [ -66.3527, 18.1924 ], [ -66.3523, 18.1933 ] ] } },
{ "type": "Feature", "properties": { "gnis_name": "Río Toro Negro", "streamorde": 3, "lengthkm": 1.28898075, "totdasqkm": 8.79059997 }, "geometry": { "type": "LineString", "coordinates": [ [ -66.5128, 18.1659 ], [ -66.5117, 18.1669 ], [ -66.5117, 18.1682 ], [ -66.5127, 18.1695 ], [ -66.5122, 18.1705 ], [ -66.5126, 18.1711 ], [ -66.5111, 18.1733 ], [ -66.511, 18.1756 ] ] } },
{ "type": "Feature", "properties": { "gnis_name": "Caño Boquilla", "streamorde": 3, "lengthkm": 0.05618725, "totdasqkm": 6.43940009 }, "geometry": { "type": "LineString", "coordinates": [ [ -67.1654, 18.2571 ], [ -67.1658, 18.2574 ] ] } },
{ "type": "Feature", "properties": { "gnis_name": "Río Guanajibo", "streamorde": 4, "lengthkm": 0.21555394, "totdasqkm": 117.92179948 }, "geometry": { "type": "LineString", "coordinates": [ [ -67.0408, 18.0945 ], [ -67.0416, 18.0962 ] ] } },
{ "type": "Feature", "properties": { "gnis_name": null, "streamorde": 3, "lengthkm": 0.02, "totdasqkm": 4.01509984 }, "geometry": { "type": "LineString", "coordinates": [ [ -65.8288, 18.4049 ], [ -65.8287, 18.405 ] ] } },
{ "type": "Feature", "properties": { "gnis_name": null, "streamorde": 3, "lengthkm": 0.179, "totdasqkm": 8.2882 }, "geometry": { "type": "LineString", "coordinates": [ [ -65.8102, 18.386 ], [ -65.8119, 18.3862 ] ] } },
{ "type": "Feature", "properties": { "gnis_name": "Río Humacao", "streamorde": 3, "lengthkm": 1.037, "totdasqkm": 19.16110027 }, "geometry": { "type": "LineString", "coordinates": [ [ -65.8646, 18.1686 ], [ -65.8618, 18.1679 ], [ -65.8605, 18.1662 ], [ -65.8563, 18.1645 ] ] } },
{ "type": "Feature", "properties": { "gnis_name": null, "streamorde": 3, "lengthkm": 1.116, "totdasqkm": 7.15520012 }, "geometry": { "type": "LineString", "coordinates": [ [ -66.6738, 18.1349 ], [ -66.6724, 18.1334 ], [ -66.6722, 18.1322 ], [ -66.6698, 18.1308 ], [ -66.6692, 18.1294 ], [ -66.6667, 18.1295 ] ] } },
{ "type": "Feature", "properties": { "gnis_name": "Río Guajataca", "streamorde": 3, "lengthkm": 3.75399305, "totdasqkm": 49.39349996 }, "geometry": { "type": "LineString", "coordinates": [ [ -66.9087, 18.3449 ], [ -66.9102, 18.3446 ], [ -66.9109, 18.3451 ], [ -66.9095, 18.3472 ], [ -66.9107, 18.3483 ], [ -66.9106, 18.3494 ], [ -66.9117, 18.3502 ], [ -66.9104, 18.3513 ], [ -66.9099, 18.3524 ], [ -66.9117, 18.355 ], [ -66.9137, 18.3559 ], [ -66.9119, 18.3587 ], [ -66.9127, 18.3594 ], [ -66.9126, 18.3605 ], [ -66.9112, 18.3613 ], [ -66.9099, 18.3606 ], [ -66.9091, 18.3609 ], [ -66.9085, 18.364 ], [ -66.9064, 18.3666 ] ] } },
{ "type": "Feature", "properties": { "gnis_name": "Río Grande de Manati", "streamorde": 3, "lengthkm": 0.10156618, "totdasqkm": 30.62049981 }, "geometry": { "type": "LineString", "coordinates": [ [ -66.3153, 18.2815 ], [ -66.3155, 18.2806 ] ] } },
{ "type": "Feature", "properties": { "gnis_name": "Río Loco", "streamorde": 4, "lengthkm": 4.23407157, "totdasqkm": 45.52690004 }, "geometry": { "type": "LineString", "coordinates": [ [ -66.8831, 18.0019 ], [ -66.8912, 17.9988 ], [ -66.8933, 17.9987 ], [ -66.8967, 17.9968 ], [ -66.8973, 17.997 ], [ -66.8995, 17.9961 ], [ -66.9054, 17.992 ], [ -66.9071, 17.9916 ], [ -66.9175, 17.992 ], [ -66.9178, 17.9913 ], [ -66.917, 17.9905 ] ] } },
{ "type": "Feature", "properties": { "gnis_name": "Río Espíritu Santo", "streamorde": 4, "lengthkm": 0.18071288, "totdasqkm": 83.13489994 }, "geometry": { "type": "LineString", "coordinates": [ [ -65.8106, 18.3966 ], [ -65.8112, 18.3981 ] ] } },
{ "type": "Feature", "properties": { "gnis_name": "Río Guaynabo", "streamorde": 3, "lengthkm": 0.516, "totdasqkm": 2.63879996 }, "geometry": { "type": "LineString", "coordinates": [ [ -66.1088, 18.3052 ], [ -66.1083, 18.3047 ], [ -66.1065, 18.3054 ], [ -66.1067, 18.3058 ], [ -66.1051, 18.3058 ] ] } },
{ "type": "Feature", "properties": { "gnis_name": "Río Valenciano", "streamorde": 4, "lengthkm": 0.9325028, "totdasqkm": 34.59880009 }, "geometry": { "type": "LineString", "coordinates": [ [ -65.9091, 18.1893 ], [ -65.9096, 18.1904 ], [ -65.9115, 18.1916 ], [ -65.911, 18.1933 ], [ -65.9125, 18.1945 ], [ -65.9128, 18.1956 ] ] } },
{ "type": "Feature", "properties": { "gnis_name": "Río de Bayamón", "streamorde": 4, "lengthkm": 0.15109944, "totdasqkm": 20.44559979 }, "geometry": { "type": "LineString", "coordinates": [ [ -66.1384, 18.1946 ], [ -66.1394, 18.1954 ] ] } },
{ "type": "Feature", "properties": { "gnis_name": null, "streamorde": 3, "lengthkm": 0.22101341, "totdasqkm": 18.65739978 }, "geometry": { "type": "LineString", "coordinates": [ [ -65.966, 18.4135 ], [ -65.9661, 18.4154 ] ] } },
{ "type": "Feature", "properties": { "gnis_name": "Río de Bayamón", "streamorde": 4, "lengthkm": 1.45192733, "totdasqkm": 31.25839982 }, "geometry": { "type": "LineString", "coordinates": [ [ -66.1439, 18.223 ], [ -66.1459, 18.2238 ], [ -66.1442, 18.224 ], [ -66.1436, 18.2251 ], [ -66.1444, 18.2251 ], [ -66.145, 18.2261 ], [ -66.1439, 18.228 ], [ -66.1448, 18.2284 ], [ -66.1461, 18.2304 ] ] } },
{ "type": "Feature", "properties": { "gnis_name": "Río Yauco", "streamorde": 3, "lengthkm": 0.589, "totdasqkm": 10.4847001 }, "geometry": { "type": "LineString", "coordinates": [ [ -66.8881, 18.1159 ], [ -66.8871, 18.1161 ], [ -66.887, 18.1172 ], [ -66.8856, 18.119 ], [ -66.8848, 18.1191 ] ] } },
{ "type": "Feature", "properties": { "gnis_name": "Río Guajataca", "streamorde": 3, "lengthkm": 2.90040288, "totdasqkm": 102.55560026 }, "geometry": { "type": "LineString", "coordinates": [ [ -66.9651, 18.4554 ], [ -66.9635, 18.4554 ], [ -66.9635, 18.4597 ], [ -66.9629, 18.4613 ], [ -66.9592, 18.4658 ], [ -66.9613, 18.4674 ], [ -66.9599, 18.4695 ], [ -66.9603, 18.4708 ], [ -66.9635, 18.4721 ], [ -66.9636, 18.4735 ], [ -66.9627, 18.4736 ] ] } },
{ "type": "Feature", "properties": { "gnis_name": null, "streamorde": 4, "lengthkm": 1.25207516, "totdasqkm": 43.06959965 }, "geometry": { "type": "LineString", "coordinates": [ [ -66.8825, 18.2054 ], [ -66.8823, 18.2058 ], [ -66.8794, 18.2063 ], [ -66.8789, 18.2076 ], [ -66.8801, 18.2099 ], [ -66.883, 18.2109 ], [ -66.8825, 18.2115 ] ] } },
{ "type": "Feature", "properties": { "gnis_name": "Río de la Plata", "streamorde": 5, "lengthkm": 0.02063407, "totdasqkm": 370.01200016000001 }, "geometry": { "type": "LineString", "coordinates": [ [ -66.2072, 18.2633 ], [ -66.2073, 18.2635 ] ] } },
{ "type": "Feature", "properties": { "gnis_name": "Río de la Plata", "streamorde": 4, "lengthkm": 3.14959404, "totdasqkm": 56.95570001 }, "geometry": { "type": "LineString", "coordinates": [ [ -66.1239, 18.1142 ], [ -66.1223, 18.1193 ], [ -66.1238, 18.1223 ], [ -66.1259, 18.1231 ], [ -66.1309, 18.1211 ], [ -66.1319, 18.1221 ], [ -66.1318, 18.1229 ], [ -66.131, 18.1231 ], [ -66.1298, 18.1248 ], [ -66.1292, 18.1266 ], [ -66.1271, 18.1277 ], [ -66.128, 18.1299 ] ] } },
{ "type": "Feature", "properties": { "gnis_name": "Río Culebrinas", "streamorde": 3, "lengthkm": 1.74573784, "totdasqkm": 20.47899978 }, "geometry": { "type": "LineString", "coordinates": [ [ -66.9486, 18.3027 ], [ -66.9491, 18.303 ], [ -66.951, 18.3023 ], [ -66.9505, 18.3038 ], [ -66.9511, 18.3042 ], [ -66.9524, 18.304 ], [ -66.9533, 18.3056 ], [ -66.9547, 18.3062 ], [ -66.9549, 18.3084 ], [ -66.9563, 18.3088 ], [ -66.9571, 18.3108 ] ] } },
{ "type": "Feature", "properties": { "gnis_name": "Río Canovanillas", "streamorde": 3, "lengthkm": 1.09219047, "totdasqkm": 29.4415002 }, "geometry": { "type": "LineString", "coordinates": [ [ -65.9092, 18.3279 ], [ -65.9087, 18.3292 ], [ -65.9059, 18.3311 ], [ -65.9059, 18.3323 ], [ -65.9069, 18.3333 ], [ -65.9063, 18.3357 ] ] } },
{ "type": "Feature", "properties": { "gnis_name": "Río de Bayamón", "streamorde": 4, "lengthkm": 0.13466873, "totdasqkm": 23.38379986 }, "geometry": { "type": "LineString", "coordinates": [ [ -66.139, 18.2046 ], [ -66.1396, 18.2057 ] ] } },
{ "type": "Feature", "properties": { "gnis_name": "Río Guaynabo", "streamorde": 4, "lengthkm": 0.9474916, "totdasqkm": 23.72800002 }, "geometry": { "type": "LineString", "coordinates": [ [ -66.1026, 18.333 ], [ -66.1028, 18.3335 ], [ -66.1038, 18.3331 ], [ -66.1042, 18.3338 ], [ -66.1054, 18.334 ], [ -66.1075, 18.3358 ], [ -66.1089, 18.3344 ] ] } },
{ "type": "Feature", "properties": { "gnis_name": "Río Caín", "streamorde": 3, "lengthkm": 0.02916864, "totdasqkm": 5.41249996 }, "geometry": { "type": "LineString", "coordinates": [ [ -67.0066, 18.1259 ], [ -67.0068, 18.126 ] ] } },
{ "type": "Feature", "properties": { "gnis_name": null, "streamorde": 3, "lengthkm": 1.44, "totdasqkm": 3.77549994 }, "geometry": { "type": "LineString", "coordinates": [ [ -66.5465, 18.2335 ], [ -66.5459, 18.234 ], [ -66.5432, 18.2344 ], [ -66.5428, 18.2341 ], [ -66.543, 18.2336 ], [ -66.5423, 18.2334 ], [ -66.5408, 18.2339 ], [ -66.5407, 18.2353 ], [ -66.5392, 18.2353 ], [ -66.5374, 18.2327 ] ] } },
{ "type": "Feature", "properties": { "gnis_name": null, "streamorde": 3, "lengthkm": 0.0835568, "totdasqkm": 8.11319991 }, "geometry": { "type": "LineString", "coordinates": [ [ -65.8341, 18.2211 ], [ -65.8345, 18.2217 ] ] } },
{ "type": "Feature", "properties": { "gnis_name": "Río Blanco", "streamorde": 4, "lengthkm": 0.20970256, "totdasqkm": 99.24650042 }, "geometry": { "type": "LineString", "coordinates": [ [ -66.8948, 18.2593 ], [ -66.8955, 18.2598 ], [ -66.8964, 18.2595 ] ] } },
{ "type": "Feature", "properties": { "gnis_name": "Río Espíritu Santo", "streamorde": 4, "lengthkm": 0.00492079, "totdasqkm": 90.29429993000001 }, "geometry": { "type": "LineString", "coordinates": [ [ -65.8131, 18.4031 ], [ -65.813, 18.4031 ] ] } },
{ "type": "Feature", "properties": { "gnis_name": "Río de Barranquitas", "streamorde": 4, "lengthkm": 2.13515988, "totdasqkm": 15.50329983 }, "geometry": { "type": "LineString", "coordinates": [ [ -66.2994, 18.173 ], [ -66.298, 18.1737 ], [ -66.2962, 18.1731 ], [ -66.2951, 18.1737 ], [ -66.2946, 18.173 ], [ -66.2939, 18.1737 ], [ -66.2933, 18.1723 ], [ -66.2923, 18.1718 ], [ -66.2911, 18.1721 ], [ -66.2901, 18.1731 ], [ -66.2899, 18.1719 ], [ -66.2904, 18.1707 ], [ -66.2919, 18.1696 ], [ -66.2908, 18.1696 ], [ -66.29, 18.1687 ] ] } },
{ "type": "Feature", "properties": { "gnis_name": null, "streamorde": 3, "lengthkm": 1.28969616, "totdasqkm": 6.21259993 }, "geometry": { "type": "LineString", "coordinates": [ [ -65.4696, 18.1068 ], [ -65.4686, 18.1058 ], [ -65.4682, 18.1045 ], [ -65.4685, 18.1023 ], [ -65.4676, 18.1009 ], [ -65.4675, 18.096 ] ] } },
{ "type": "Feature", "properties": { "gnis_name": "Río Guanajibo", "streamorde": 3, "lengthkm": 0.35361254, "totdasqkm": 10.39749997 }, "geometry": { "type": "LineString", "coordinates": [ [ -66.9455, 18.0699 ], [ -66.9473, 18.0688 ], [ -66.9484, 18.069 ] ] } },
{ "type": "Feature", "properties": { "gnis_name": "Río Usabón", "streamorde": 5, "lengthkm": 0.98820786, "totdasqkm": 72.00440007 }, "geometry": { "type": "LineString", "coordinates": [ [ -66.2571, 18.1706 ], [ -66.2562, 18.1707 ], [ -66.2556, 18.1661 ], [ -66.2525, 18.1653 ] ] } },
{ "type": "Feature", "properties": { "gnis_name": "Río Grande de Arecibo", "streamorde": 4, "lengthkm": 0.17614789, "totdasqkm": 50.34719992 }, "geometry": { "type": "LineString", "coordinates": [ [ -66.7351, 18.1937 ], [ -66.734, 18.1949 ] ] } },
{ "type": "Feature", "properties": { "gnis_name": "Río de la Plata", "streamorde": 4, "lengthkm": 0.6050278, "totdasqkm": 135.31520001000001 }, "geometry": { "type": "LineString", "coordinates": [ [ -66.2018, 18.1467 ], [ -66.203, 18.1458 ], [ -66.2041, 18.142 ] ] } },
{ "type": "Feature", "properties": { "gnis_name": null, "streamorde": 3, "lengthkm": 0.37108217, "totdasqkm": 19.46590022 }, "geometry": { "type": "LineString", "coordinates": [ [ -66.9378, 18.0241 ], [ -66.9385, 18.0209 ] ] } },
{ "type": "Feature", "properties": { "gnis_name": "Río Grande De Loiza", "streamorde": 4, "lengthkm": 0.74364788, "totdasqkm": 37.40560021 }, "geometry": { "type": "LineString", "coordinates": [ [ -65.9839, 18.1294 ], [ -65.981, 18.1354 ] ] } },
{ "type": "Feature", "properties": { "gnis_name": "Río Grande de Añasco", "streamorde": 5, "lengthkm": 1.46391613, "totdasqkm": 384.63720026 }, "geometry": { "type": "LineString", "coordinates": [ [ -67.1118, 18.2806 ], [ -67.1127, 18.2778 ], [ -67.1125, 18.2758 ], [ -67.1133, 18.2744 ], [ -67.1166, 18.2731 ], [ -67.1148, 18.2725 ], [ -67.1152, 18.2717 ] ] } },
{ "type": "Feature", "properties": { "gnis_name": "Río Blanco", "streamorde": 4, "lengthkm": 0.10578272, "totdasqkm": 100.73970039 }, "geometry": { "type": "LineString", "coordinates": [ [ -66.901, 18.2593 ], [ -66.9019, 18.2591 ] ] } },
{ "type": "Feature", "properties": { "gnis_name": "Río Grande de Manati", "streamorde": 5, "lengthkm": 1.95639614, "totdasqkm": 554.2471 }, "geometry": { "type": "LineString", "coordinates": [ [ -66.5375, 18.436 ], [ -66.5366, 18.4396 ], [ -66.5357, 18.441 ], [ -66.5323, 18.4427 ], [ -66.5352, 18.4435 ], [ -66.537, 18.4447 ], [ -66.5393, 18.4438 ], [ -66.5402, 18.4441 ] ] } },
{ "type": "Feature", "properties": { "gnis_name": "Río Jauca", "streamorde": 3, "lengthkm": 3.54008156, "totdasqkm": 18.60560004 }, "geometry": { "type": "LineString", "coordinates": [ [ -66.6485, 18.1993 ], [ -66.6472, 18.2019 ], [ -66.6459, 18.2021 ], [ -66.6446, 18.2003 ], [ -66.6439, 18.2006 ], [ -66.6442, 18.2018 ], [ -66.6438, 18.2022 ], [ -66.6443, 18.2033 ], [ -66.6458, 18.204 ], [ -66.6456, 18.2048 ], [ -66.6446, 18.2054 ], [ -66.6444, 18.2064 ], [ -66.6456, 18.2099 ], [ -66.6447, 18.2125 ], [ -66.6432, 18.2122 ], [ -66.6428, 18.2125 ], [ -66.643, 18.2136 ], [ -66.642, 18.2149 ], [ -66.6431, 18.2163 ], [ -66.6408, 18.2183 ] ] } },
{ "type": "Feature", "properties": { "gnis_name": "Río Bauta", "streamorde": 3, "lengthkm": 0.37851296, "totdasqkm": 70.17929969 }, "geometry": { "type": "LineString", "coordinates": [ [ -66.462, 18.2757 ], [ -66.4604, 18.2776 ], [ -66.4604, 18.2785 ] ] } },
{ "type": "Feature", "properties": { "gnis_name": "Río Ingenio", "streamorde": 3, "lengthkm": 1.454, "totdasqkm": 11.55030005 }, "geometry": { "type": "LineString", "coordinates": [ [ -67.2034, 18.3451 ], [ -67.2046, 18.3474 ], [ -67.2032, 18.3481 ], [ -67.2027, 18.349 ], [ -67.2037, 18.3486 ], [ -67.2054, 18.3491 ], [ -67.2041, 18.3512 ], [ -67.2044, 18.3535 ] ] } },
{ "type": "Feature", "properties": { "gnis_name": "Río Botijas", "streamorde": 3, "lengthkm": 0.7111752, "totdasqkm": 10.45009994 }, "geometry": { "type": "LineString", "coordinates": [ [ -66.3523, 18.1933 ], [ -66.3517, 18.1943 ], [ -66.3518, 18.1957 ], [ -66.3521, 18.1974 ], [ -66.3531, 18.1982 ], [ -66.353, 18.1988 ] ] } },
{ "type": "Feature", "properties": { "gnis_name": null, "streamorde": 3, "lengthkm": 1.07717467, "totdasqkm": 10.9901 }, "geometry": { "type": "LineString", "coordinates": [ [ -65.8768, 18.2175 ], [ -65.8774, 18.2178 ], [ -65.8771, 18.2191 ], [ -65.8777, 18.2195 ], [ -65.8785, 18.2215 ], [ -65.8799, 18.2225 ], [ -65.8797, 18.2242 ], [ -65.8808, 18.2246 ] ] } },
{ "type": "Feature", "properties": { "gnis_name": "Río Blanco", "streamorde": 3, "lengthkm": 1.26417344, "totdasqkm": 70.50960009000001 }, "geometry": { "type": "LineString", "coordinates": [ [ -65.7409, 18.1949 ], [ -65.7384, 18.1933 ], [ -65.7383, 18.1923 ], [ -65.7394, 18.1915 ], [ -65.737, 18.1882 ], [ -65.7374, 18.1868 ], [ -65.7371, 18.1865 ] ] } },
{ "type": "Feature", "properties": { "gnis_name": null, "streamorde": 6, "lengthkm": 0.05928373, "totdasqkm": 446.58209997 }, "geometry": { "type": "LineString", "coordinates": [ [ -66.6888, 18.4068 ], [ -66.6889, 18.4073 ] ] } },
{ "type": "Feature", "properties": { "gnis_name": "Río Mameyes", "streamorde": 3, "lengthkm": 0.68, "totdasqkm": 24.64989999 }, "geometry": { "type": "LineString", "coordinates": [ [ -65.7682, 18.3559 ], [ -65.769, 18.3584 ], [ -65.7691, 18.3617 ] ] } },
{ "type": "Feature", "properties": { "gnis_name": null, "streamorde": 3, "lengthkm": 0.194, "totdasqkm": 12.84139991 }, "geometry": { "type": "LineString", "coordinates": [ [ -65.8706, 18.0502 ], [ -65.8688, 18.0504 ] ] } },
{ "type": "Feature", "properties": { "gnis_name": "Río de Bayamón", "streamorde": 4, "lengthkm": 0.28650256, "totdasqkm": 56.62589992 }, "geometry": { "type": "LineString", "coordinates": [ [ -66.1364, 18.2621 ], [ -66.1369, 18.2646 ] ] } },
{ "type": "Feature", "properties": { "gnis_name": null, "streamorde": 3, "lengthkm": 0.03919151, "totdasqkm": 7.70480008 }, "geometry": { "type": "LineString", "coordinates": [ [ -66.2747, 18.2775 ], [ -66.2749, 18.2778 ] ] } },
{ "type": "Feature", "properties": { "gnis_name": "Río Caguitas", "streamorde": 3, "lengthkm": 0.42563191, "totdasqkm": 30.53260005 }, "geometry": { "type": "LineString", "coordinates": [ [ -66.0437, 18.2377 ], [ -66.0429, 18.2382 ], [ -66.0399, 18.2386 ] ] } },
{ "type": "Feature", "properties": { "gnis_name": null, "streamorde": 3, "lengthkm": 0.28979475, "totdasqkm": 13.1463999 }, "geometry": { "type": "LineString", "coordinates": [ [ -67.1443, 18.1039 ], [ -67.1416, 18.1042 ] ] } },
{ "type": "Feature", "properties": { "gnis_name": "Río Hondo", "streamorde": 3, "lengthkm": 0.1074992, "totdasqkm": 8.6765999 }, "geometry": { "type": "LineString", "coordinates": [ [ -67.1538, 18.2822 ], [ -67.1547, 18.2817 ] ] } },
{ "type": "Feature", "properties": { "gnis_name": null, "streamorde": 3, "lengthkm": 0.12619568, "totdasqkm": 87.39379967 }, "geometry": { "type": "LineString", "coordinates": [ [ -66.2409, 18.0359 ], [ -66.2404, 18.0349 ] ] } },
{ "type": "Feature", "properties": { "gnis_name": "Río de la Plata", "streamorde": 4, "lengthkm": 1.44630708, "totdasqkm": 100.61470002 }, "geometry": { "type": "LineString", "coordinates": [ [ -66.1395, 18.1373 ], [ -66.1423, 18.1373 ], [ -66.1444, 18.1383 ], [ -66.1498, 18.1389 ], [ -66.1501, 18.1394 ], [ -66.15, 18.1415 ] ] } },
{ "type": "Feature", "properties": { "gnis_name": "Río Usabón", "streamorde": 5, "lengthkm": 0.16093487, "totdasqkm": 75.46479995 }, "geometry": { "type": "LineString", "coordinates": [ [ -66.2501, 18.1656 ], [ -66.2487, 18.1655 ] ] } },
{ "type": "Feature", "properties": { "gnis_name": "Caño Boquilla", "streamorde": 3, "lengthkm": 1.05904265, "totdasqkm": 6.43430009 }, "geometry": { "type": "LineString", "coordinates": [ [ -67.1631, 18.248 ], [ -67.1638, 18.2526 ], [ -67.1644, 18.2534 ], [ -67.1654, 18.2571 ] ] } },
{ "type": "Feature", "properties": { "gnis_name": "Río Blanco", "streamorde": 4, "lengthkm": 0.09090194, "totdasqkm": 99.810500330000011 }, "geometry": { "type": "LineString", "coordinates": [ [ -66.8997, 18.2562 ], [ -66.9003, 18.2567 ] ] } },
{ "type": "Feature", "properties": { "gnis_name": "Río Pellejas", "streamorde": 3, "lengthkm": 1.69584697, "totdasqkm": 9.78549995 }, "geometry": { "type": "LineString", "coordinates": [ [ -66.6849, 18.1802 ], [ -66.6875, 18.1808 ], [ -66.6871, 18.1836 ], [ -66.6875, 18.1843 ], [ -66.6902, 18.1836 ], [ -66.6916, 18.1841 ], [ -66.6904, 18.1862 ], [ -66.6911, 18.1882 ] ] } },
{ "type": "Feature", "properties": { "gnis_name": "Río Hondo", "streamorde": 3, "lengthkm": 2.99813662, "totdasqkm": 8.45250016 }, "geometry": { "type": "LineString", "coordinates": [ [ -67.1353, 18.1666 ], [ -67.138, 18.1651 ], [ -67.1391, 18.1653 ], [ -67.1399, 18.1644 ], [ -67.1407, 18.1647 ], [ -67.1418, 18.1638 ], [ -67.1418, 18.163 ], [ -67.1435, 18.1628 ], [ -67.1451, 18.1614 ], [ -67.1461, 18.1626 ], [ -67.1468, 18.1623 ], [ -67.1475, 18.1631 ], [ -67.1481, 18.1629 ], [ -67.1488, 18.1605 ], [ -67.1501, 18.1604 ], [ -67.1515, 18.1589 ], [ -67.1548, 18.1573 ] ] } },
{ "type": "Feature", "properties": { "gnis_name": null, "streamorde": 3, "lengthkm": 0.54, "totdasqkm": 13.20949988 }, "geometry": { "type": "LineString", "coordinates": [ [ -66.7615, 18.0184 ], [ -66.762, 18.0167 ], [ -66.764, 18.0162 ], [ -66.7646, 18.0154 ] ] } },
{ "type": "Feature", "properties": { "gnis_name": "Río Guaynabo", "streamorde": 4, "lengthkm": 0.51433494, "totdasqkm": 48.22329979 }, "geometry": { "type": "LineString", "coordinates": [ [ -66.1311, 18.3721 ], [ -66.1327, 18.3738 ], [ -66.1347, 18.3745 ] ] } },
{ "type": "Feature", "properties": { "gnis_name": "Río Culebrinas", "streamorde": 4, "lengthkm": 0.31626817, "totdasqkm": 155.7961998 }, "geometry": { "type": "LineString", "coordinates": [ [ -67.0588, 18.353 ], [ -67.0596, 18.3541 ], [ -67.061, 18.3542 ] ] } },
{ "type": "Feature", "properties": { "gnis_name": "Río Guamaní", "streamorde": 3, "lengthkm": 0.01836775, "totdasqkm": 31.11459979 }, "geometry": { "type": "LineString", "coordinates": [ [ -66.1339, 17.943 ], [ -66.1338, 17.9429 ] ] } },
{ "type": "Feature", "properties": { "gnis_name": "Río Nigua", "streamorde": 4, "lengthkm": 1.2352985, "totdasqkm": 111.39039963 }, "geometry": { "type": "LineString", "coordinates": [ [ -66.2667, 18.0082 ], [ -66.2668, 18.0054 ], [ -66.2685, 18.0043 ], [ -66.2679, 18.0021 ], [ -66.2695, 18.0011 ], [ -66.2715, 18.0007 ] ] } },
{ "type": "Feature", "properties": { "gnis_name": "Río Yagüez", "streamorde": 3, "lengthkm": 0.60054607, "totdasqkm": 3.58750005 }, "geometry": { "type": "LineString", "coordinates": [ [ -67.048, 18.2012 ], [ -67.0495, 18.2002 ], [ -67.05, 18.2007 ], [ -67.0504, 18.1999 ], [ -67.0508, 18.2007 ], [ -67.0514, 18.2005 ] ] } },
{ "type": "Feature", "properties": { "gnis_name": "Río Grande de Añasco", "streamorde": 5, "lengthkm": 0.86251398, "totdasqkm": 296.2218002 }, "geometry": { "type": "LineString", "coordinates": [ [ -66.9693, 18.2635 ], [ -66.9704, 18.2663 ], [ -66.9706, 18.269 ], [ -66.9716, 18.2707 ] ] } },
{ "type": "Feature", "properties": { "gnis_name": "Río de Bayamón", "streamorde": 5, "lengthkm": 0.25287263, "totdasqkm": 179.24139999 }, "geometry": { "type": "LineString", "coordinates": [ [ -66.1381, 18.3942 ], [ -66.1398, 18.3958 ] ] } },
{ "type": "Feature", "properties": { "gnis_name": null, "streamorde": 3, "lengthkm": 0.01677848, "totdasqkm": 64.54740008 }, "geometry": { "type": "LineString", "coordinates": [ [ -65.7808, 18.1198 ], [ -65.7807, 18.1197 ] ] } },
{ "type": "Feature", "properties": { "gnis_name": "Caño Boquilla", "streamorde": 4, "lengthkm": 0.59197662, "totdasqkm": 13.51090006 }, "geometry": { "type": "LineString", "coordinates": [ [ -67.1658, 18.2574 ], [ -67.1713, 18.2565 ] ] } },
{ "type": "Feature", "properties": { "gnis_name": "Río de Bayamón", "streamorde": 4, "lengthkm": 0.59053807, "totdasqkm": 112.27529993 }, "geometry": { "type": "LineString", "coordinates": [ [ -66.1359, 18.3486 ], [ -66.1364, 18.3504 ], [ -66.1383, 18.3531 ] ] } },
{ "type": "Feature", "properties": { "gnis_name": "Río Guatemala", "streamorde": 3, "lengthkm": 0.39950643, "totdasqkm": 14.93520019 }, "geometry": { "type": "LineString", "coordinates": [ [ -66.9815, 18.3644 ], [ -66.9845, 18.3623 ] ] } },
{ "type": "Feature", "properties": { "gnis_name": null, "streamorde": 3, "lengthkm": 0.61026778, "totdasqkm": 14.02459989 }, "geometry": { "type": "LineString", "coordinates": [ [ -65.7296, 18.1916 ], [ -65.7251, 18.1884 ] ] } },
{ "type": "Feature", "properties": { "gnis_name": null, "streamorde": 3, "lengthkm": 0.277, "totdasqkm": 2.49419992 }, "geometry": { "type": "LineString", "coordinates": [ [ -67.0159, 18.2211 ], [ -67.016, 18.222 ], [ -67.0153, 18.2235 ] ] } },
{ "type": "Feature", "properties": { "gnis_name": "Río Cañas", "streamorde": 3, "lengthkm": 1.33148994, "totdasqkm": 20.22469983 }, "geometry": { "type": "LineString", "coordinates": [ [ -67.1095, 18.235 ], [ -67.1123, 18.2347 ], [ -67.1159, 18.2326 ], [ -67.1168, 18.2342 ], [ -67.1178, 18.2345 ], [ -67.1197, 18.2334 ] ] } },
{ "type": "Feature", "properties": { "gnis_name": "Río Grande", "streamorde": 3, "lengthkm": 0.05738885, "totdasqkm": 19.13910003 }, "geometry": { "type": "LineString", "coordinates": [ [ -66.9415, 18.0889 ], [ -66.942, 18.089 ] ] } },
{ "type": "Feature", "properties": { "gnis_name": null, "streamorde": 3, "lengthkm": 0.535, "totdasqkm": 2.59619986 }, "geometry": { "type": "LineString", "coordinates": [ [ -66.0413, 18.2802 ], [ -66.0429, 18.2846 ] ] } },
{ "type": "Feature", "properties": { "gnis_name": "Río Cidra", "streamorde": 3, "lengthkm": 0.76724996, "totdasqkm": 19.61569999 }, "geometry": { "type": "LineString", "coordinates": [ [ -66.731, 18.1693 ], [ -66.7329, 18.1708 ], [ -66.7319, 18.1736 ], [ -66.7322, 18.1741 ], [ -66.7331, 18.1744 ] ] } },
{ "type": "Feature", "properties": { "gnis_name": "Río Mameyes", "streamorde": 3, "lengthkm": 1.43777231, "totdasqkm": 18.43830002 }, "geometry": { "type": "LineString", "coordinates": [ [ -65.7499, 18.3232 ], [ -65.7489, 18.3242 ], [ -65.7488, 18.3266 ], [ -65.7499, 18.3267 ], [ -65.7514, 18.3279 ], [ -65.7557, 18.3285 ], [ -65.7565, 18.3301 ] ] } },
{ "type": "Feature", "properties": { "gnis_name": null, "streamorde": 5, "lengthkm": 0.12106562, "totdasqkm": 383.3106001 }, "geometry": { "type": "LineString", "coordinates": [ [ -66.2105, 18.2936 ], [ -66.21, 18.2946 ] ] } },
{ "type": "Feature", "properties": { "gnis_name": "Río Jacaboa", "streamorde": 3, "lengthkm": 0.22238499, "totdasqkm": 13.4553 }, "geometry": { "type": "LineString", "coordinates": [ [ -65.9665, 17.9753 ], [ -65.9646, 17.9745 ] ] } },
{ "type": "Feature", "properties": { "gnis_name": "Río Caonillas", "streamorde": 4, "lengthkm": 2.30660487, "totdasqkm": 131.34680004000001 }, "geometry": { "type": "LineString", "coordinates": [ [ -66.6406, 18.2846 ], [ -66.6409, 18.2851 ], [ -66.6403, 18.288 ], [ -66.6393, 18.2903 ], [ -66.6355, 18.2924 ], [ -66.6349, 18.2937 ], [ -66.6364, 18.2956 ], [ -66.6425, 18.2953 ], [ -66.643, 18.2957 ] ] } },
{ "type": "Feature", "properties": { "gnis_name": null, "streamorde": 3, "lengthkm": 1.409, "totdasqkm": 5.49109995 }, "geometry": { "type": "LineString", "coordinates": [ [ -66.5879, 18.1402 ], [ -66.5861, 18.1393 ], [ -66.5849, 18.1393 ], [ -66.5842, 18.1381 ], [ -66.5827, 18.1372 ], [ -66.5816, 18.135 ], [ -66.5801, 18.1341 ], [ -66.5798, 18.1327 ], [ -66.5801, 18.1321 ] ] } },
{ "type": "Feature", "properties": { "gnis_name": "Río Guaba", "streamorde": 3, "lengthkm": 0.47677864, "totdasqkm": 32.05210008 }, "geometry": { "type": "LineString", "coordinates": [ [ -66.9639, 18.1938 ], [ -66.9631, 18.1969 ], [ -66.9633, 18.198 ] ] } },
{ "type": "Feature", "properties": { "gnis_name": null, "streamorde": 3, "lengthkm": 0.288, "totdasqkm": 23.02979996 }, "geometry": { "type": "LineString", "coordinates": [ [ -65.9302, 18.0127 ], [ -65.9297, 18.0116 ], [ -65.9286, 18.0107 ] ] } },
{ "type": "Feature", "properties": { "gnis_name": "Río Viví", "streamorde": 3, "lengthkm": 1.36164008, "totdasqkm": 21.72830002 }, "geometry": { "type": "LineString", "coordinates": [ [ -66.6862, 18.2467 ], [ -66.6858, 18.2474 ], [ -66.6853, 18.2475 ], [ -66.6852, 18.2471 ], [ -66.6833, 18.2481 ], [ -66.6831, 18.2491 ], [ -66.6825, 18.2496 ], [ -66.6803, 18.2497 ], [ -66.6797, 18.2507 ], [ -66.6798, 18.2522 ], [ -66.6785, 18.2531 ] ] } },
{ "type": "Feature", "properties": { "gnis_name": null, "streamorde": 3, "lengthkm": 0.48048397, "totdasqkm": 15.4077 }, "geometry": { "type": "LineString", "coordinates": [ [ -67.1414, 18.1043 ], [ -67.1398, 18.1043 ], [ -67.1376, 18.1061 ] ] } },
{ "type": "Feature", "properties": { "gnis_name": "Río Culebrinas", "streamorde": 4, "lengthkm": 2.40837132, "totdasqkm": 133.48979971 }, "geometry": { "type": "LineString", "coordinates": [ [ -67.044, 18.3441 ], [ -67.0449, 18.3475 ], [ -67.0459, 18.3485 ], [ -67.0454, 18.3491 ], [ -67.0436, 18.3494 ], [ -67.0449, 18.3504 ], [ -67.0457, 18.3508 ], [ -67.0464, 18.3504 ], [ -67.0473, 18.348 ], [ -67.0493, 18.3474 ], [ -67.0499, 18.3477 ], [ -67.0502, 18.3491 ], [ -67.0486, 18.3493 ], [ -67.0475, 18.3502 ], [ -67.0478, 18.3512 ] ] } },
{ "type": "Feature", "properties": { "gnis_name": "Río Chiquito", "streamorde": 3, "lengthkm": 1.76417292, "totdasqkm": 6.49580002 }, "geometry": { "type": "LineString", "coordinates": [ [ -66.1221, 18.0708 ], [ -66.1221, 18.0717 ], [ -66.1213, 18.0729 ], [ -66.1203, 18.0727 ], [ -66.1184, 18.0741 ], [ -66.118, 18.076 ], [ -66.1166, 18.0774 ], [ -66.1135, 18.0769 ], [ -66.1111, 18.0784 ] ] } },
{ "type": "Feature", "properties": { "gnis_name": "Río Morovis", "streamorde": 3, "lengthkm": 1.15119039, "totdasqkm": 10.28450001 }, "geometry": { "type": "LineString", "coordinates": [ [ -66.4084, 18.3437 ], [ -66.4073, 18.3442 ], [ -66.408, 18.3448 ], [ -66.4079, 18.3453 ], [ -66.4056, 18.3456 ], [ -66.4045, 18.3468 ], [ -66.4026, 18.3467 ], [ -66.4011, 18.3478 ] ] } },
{ "type": "Feature", "properties": { "gnis_name": "Río Grande De Loiza", "streamorde": 6, "lengthkm": 1.36118228, "totdasqkm": 721.02149973999997 }, "geometry": { "type": "LineString", "coordinates": [ [ -65.9126, 18.3899 ], [ -65.9131, 18.3909 ], [ -65.913, 18.3946 ], [ -65.9119, 18.398 ], [ -65.9096, 18.4012 ] ] } },
{ "type": "Feature", "properties": { "gnis_name": "Río Prieto", "streamorde": 3, "lengthkm": 0.128, "totdasqkm": 3.33400012 }, "geometry": { "type": "LineString", "coordinates": [ [ -67.013, 18.1732 ], [ -67.0133, 18.1743 ] ] } },
{ "type": "Feature", "properties": { "gnis_name": null, "streamorde": 3, "lengthkm": 4.13178302, "totdasqkm": 18.17070002 }, "geometry": { "type": "LineString", "coordinates": [ [ -66.0765, 18.1937 ], [ -66.0733, 18.193 ], [ -66.0713, 18.1915 ], [ -66.0705, 18.192 ], [ -66.0702, 18.1909 ], [ -66.0682, 18.1917 ], [ -66.0677, 18.1927 ], [ -66.0635, 18.1913 ], [ -66.0619, 18.1915 ], [ -66.0618, 18.1894 ], [ -66.0602, 18.1895 ], [ -66.0596, 18.1881 ], [ -66.0582, 18.1883 ], [ -66.0558, 18.1876 ], [ -66.0552, 18.1883 ], [ -66.0563, 18.1894 ], [ -66.0562, 18.1904 ], [ -66.0577, 18.1915 ], [ -66.0578, 18.1927 ], [ -66.0543, 18.195 ] ] } },
{ "type": "Feature", "properties": { "gnis_name": "Río Guaba", "streamorde": 4, "lengthkm": 0.67593442, "totdasqkm": 71.0472002 }, "geometry": { "type": "LineString", "coordinates": [ [ -66.9316, 18.2373 ], [ -66.9265, 18.2336 ] ] } },
{ "type": "Feature", "properties": { "gnis_name": "Río Guayanilla", "streamorde": 4, "lengthkm": 0.113, "totdasqkm": 21.50399998 }, "geometry": { "type": "LineString", "coordinates": [ [ -66.7934, 18.0723 ], [ -66.7927, 18.0716 ] ] } },
{ "type": "Feature", "properties": { "gnis_name": "Río de Bayamón", "streamorde": 5, "lengthkm": 0.60919488, "totdasqkm": 179.19979997000002 }, "geometry": { "type": "LineString", "coordinates": [ [ -66.137, 18.3891 ], [ -66.1368, 18.3906 ], [ -66.138, 18.3921 ], [ -66.1381, 18.3941 ] ] } },
{ "type": "Feature", "properties": { "gnis_name": "Río Guayanilla", "streamorde": 4, "lengthkm": 1.007, "totdasqkm": 48.38120012 }, "geometry": { "type": "LineString", "coordinates": [ [ -66.8043, 18.044 ], [ -66.8032, 18.0439 ], [ -66.801, 18.0458 ], [ -66.8001, 18.0459 ], [ -66.7987, 18.0452 ], [ -66.7979, 18.0427 ] ] } },
{ "type": "Feature", "properties": { "gnis_name": null, "streamorde": 3, "lengthkm": 0.07982871, "totdasqkm": 2.67590002 }, "geometry": { "type": "LineString", "coordinates": [ [ -65.9395, 18.1802 ], [ -65.9398, 18.1796 ] ] } },
{ "type": "Feature", "properties": { "gnis_name": "Río Toro Negro", "streamorde": 4, "lengthkm": 0.78629851, "totdasqkm": 82.98940002000001 }, "geometry": { "type": "LineString", "coordinates": [ [ -66.4824, 18.2929 ], [ -66.4808, 18.2929 ], [ -66.481, 18.2896 ], [ -66.479, 18.2895 ] ] } },
{ "type": "Feature", "properties": { "gnis_name": "Río Lapa", "streamorde": 3, "lengthkm": 0.79693611, "totdasqkm": 27.12559997 }, "geometry": { "type": "LineString", "coordinates": [ [ -66.2398, 18.0595 ], [ -66.2427, 18.0548 ], [ -66.2429, 18.0531 ] ] } },
{ "type": "Feature", "properties": { "gnis_name": null, "streamorde": 3, "lengthkm": 0.27743208, "totdasqkm": 308.97979974999998 }, "geometry": { "type": "LineString", "coordinates": [ [ -67.144, 18.1356 ], [ -67.1446, 18.1369 ], [ -67.1456, 18.137 ] ] } },
{ "type": "Feature", "properties": { "gnis_name": "Río de la Plata", "streamorde": 5, "lengthkm": 0.56383403, "totdasqkm": 416.78879992999998 }, "geometry": { "type": "LineString", "coordinates": [ [ -66.216, 18.3333 ], [ -66.2174, 18.3338 ], [ -66.221, 18.333 ] ] } },
{ "type": "Feature", "properties": { "gnis_name": "Río Cialitos", "streamorde": 3, "lengthkm": 2.47115972, "totdasqkm": 14.06819981 }, "geometry": { "type": "LineString", "coordinates": [ [ -66.5248, 18.2537 ], [ -66.5238, 18.2567 ], [ -66.5221, 18.258 ], [ -66.5217, 18.2593 ], [ -66.5204, 18.2594 ], [ -66.5186, 18.2604 ], [ -66.5182, 18.2612 ], [ -66.5188, 18.2622 ], [ -66.5204, 18.2633 ], [ -66.522, 18.2629 ], [ -66.5231, 18.2644 ], [ -66.5244, 18.264 ], [ -66.5247, 18.2655 ], [ -66.5255, 18.2662 ] ] } },
{ "type": "Feature", "properties": { "gnis_name": null, "streamorde": 3, "lengthkm": 0.0191108, "totdasqkm": 43.44829999 }, "geometry": { "type": "LineString", "coordinates": [ [ -66.9828, 18.0104 ], [ -66.9826, 18.0104 ] ] } },
{ "type": "Feature", "properties": { "gnis_name": "Río Yagüez", "streamorde": 3, "lengthkm": 0.25113891, "totdasqkm": 6.22580004 }, "geometry": { "type": "LineString", "coordinates": [ [ -67.0639, 18.1962 ], [ -67.0642, 18.1957 ], [ -67.0653, 18.1955 ], [ -67.0655, 18.195 ] ] } },
{ "type": "Feature", "properties": { "gnis_name": "Río Caonillas", "streamorde": 5, "lengthkm": 2.10307815, "totdasqkm": 230.42000037999998 }, "geometry": { "type": "LineString", "coordinates": [ [ -66.6564, 18.3221 ], [ -66.6587, 18.3259 ], [ -66.659, 18.3301 ], [ -66.6599, 18.3315 ], [ -66.6656, 18.3324 ], [ -66.6667, 18.3332 ], [ -66.6674, 18.3346 ] ] } },
{ "type": "Feature", "properties": { "gnis_name": "Río Grande de Arecibo", "streamorde": 4, "lengthkm": 1.66688105, "totdasqkm": 64.65029998 }, "geometry": { "type": "LineString", "coordinates": [ [ -66.72, 18.222 ], [ -66.7186, 18.2205 ], [ -66.7162, 18.2213 ], [ -66.715, 18.2227 ], [ -66.7171, 18.2259 ], [ -66.7168, 18.2274 ], [ -66.7181, 18.2303 ] ] } },
{ "type": "Feature", "properties": { "gnis_name": null, "streamorde": 3, "lengthkm": 1.217, "totdasqkm": 29.63030038 }, "geometry": { "type": "LineString", "coordinates": [ [ -65.6994, 18.2824 ], [ -65.7, 18.2857 ], [ -65.6974, 18.2881 ], [ -65.6978, 18.2919 ] ] } },
{ "type": "Feature", "properties": { "gnis_name": "Río Culebrinas", "streamorde": 5, "lengthkm": 2.06388657, "totdasqkm": 225.66459987000002 }, "geometry": { "type": "LineString", "coordinates": [ [ -67.1265, 18.3832 ], [ -67.128, 18.3854 ], [ -67.1287, 18.384 ], [ -67.1301, 18.3846 ], [ -67.1306, 18.3858 ], [ -67.1301, 18.3879 ], [ -67.1306, 18.3885 ], [ -67.131, 18.3877 ], [ -67.1326, 18.3882 ], [ -67.131, 18.3888 ], [ -67.131, 18.3892 ], [ -67.1329, 18.3893 ], [ -67.1337, 18.388 ] ] } },
{ "type": "Feature", "properties": { "gnis_name": "Río de la Plata", "streamorde": 5, "lengthkm": 0.64536048, "totdasqkm": 407.55660003000003 }, "geometry": { "type": "LineString", "coordinates": [ [ -66.2051, 18.3166 ], [ -66.2067, 18.3222 ] ] } },
{ "type": "Feature", "properties": { "gnis_name": "Río Grande de Patillas", "streamorde": 3, "lengthkm": 0.99164157, "totdasqkm": 15.0675999 }, "geometry": { "type": "LineString", "coordinates": [ [ -66.0561, 18.0709 ], [ -66.0556, 18.0678 ], [ -66.055, 18.0665 ], [ -66.0523, 18.0647 ], [ -66.0516, 18.0637 ] ] } },
{ "type": "Feature", "properties": { "gnis_name": "Río Bauta", "streamorde": 3, "lengthkm": 0.12937661, "totdasqkm": 39.38729979 }, "geometry": { "type": "LineString", "coordinates": [ [ -66.4619, 18.2259 ], [ -66.4621, 18.2271 ] ] } },
{ "type": "Feature", "properties": { "gnis_name": null, "streamorde": 3, "lengthkm": 1.6189759, "totdasqkm": 2.91339992 }, "geometry": { "type": "LineString", "coordinates": [ [ -65.9326, 18.2083 ], [ -65.9321, 18.2098 ], [ -65.9328, 18.2122 ], [ -65.932, 18.2136 ], [ -65.9312, 18.2137 ], [ -65.9303, 18.2131 ], [ -65.9301, 18.2149 ], [ -65.9296, 18.2152 ], [ -65.9272, 18.2152 ], [ -65.9268, 18.2143 ], [ -65.9259, 18.2139 ] ] } },
{ "type": "Feature", "properties": { "gnis_name": "Río Piedras", "streamorde": 4, "lengthkm": 0.758, "totdasqkm": 38.46290012 }, "geometry": { "type": "LineString", "coordinates": [ [ -66.0693, 18.4095 ], [ -66.071, 18.411 ], [ -66.0753, 18.413 ] ] } },
{ "type": "Feature", "properties": { "gnis_name": "Río Grande De Loiza", "streamorde": 5, "lengthkm": 1.33662838, "totdasqkm": 297.31020013 }, "geometry": { "type": "LineString", "coordinates": [ [ -66.0137, 18.2642 ], [ -66.0084, 18.2669 ], [ -66.0081, 18.268 ], [ -66.0094, 18.2689 ], [ -66.0097, 18.2698 ], [ -66.0094, 18.2709 ], [ -66.0084, 18.2719 ] ] } },
{ "type": "Feature", "properties": { "gnis_name": null, "streamorde": 3, "lengthkm": 0.2235895, "totdasqkm": 24.60599947 }, "geometry": { "type": "LineString", "coordinates": [ [ -66.8642, 18.1826 ], [ -66.8632, 18.1837 ], [ -66.863, 18.1835 ] ] } },
{ "type": "Feature", "properties": { "gnis_name": "Río Culebra", "streamorde": 3, "lengthkm": 0.671, "totdasqkm": 2.83409997 }, "geometry": { "type": "LineString", "coordinates": [ [ -67.1726, 18.352 ], [ -67.1734, 18.3532 ], [ -67.1733, 18.3544 ], [ -67.1753, 18.3548 ], [ -67.1755, 18.3558 ] ] } },
{ "type": "Feature", "properties": { "gnis_name": "Río de Aibonito", "streamorde": 3, "lengthkm": 0.74270666, "totdasqkm": 19.31040007 }, "geometry": { "type": "LineString", "coordinates": [ [ -66.2884, 18.1558 ], [ -66.2892, 18.1558 ], [ -66.2896, 18.1562 ], [ -66.2903, 18.1613 ] ] } },
{ "type": "Feature", "properties": { "gnis_name": "Río Guamaní", "streamorde": 3, "lengthkm": 5.52181177, "totdasqkm": 31.09859979 }, "geometry": { "type": "LineString", "coordinates": [ [ -66.124, 17.9824 ], [ -66.125, 17.982 ], [ -66.1288, 17.9729 ], [ -66.1379, 17.9672 ], [ -66.1372, 17.9641 ], [ -66.1356, 17.963 ], [ -66.1358, 17.9602 ], [ -66.1393, 17.9573 ], [ -66.1378, 17.9557 ], [ -66.1373, 17.9544 ], [ -66.1375, 17.9533 ], [ -66.1359, 17.9512 ], [ -66.1358, 17.9482 ], [ -66.1366, 17.9453 ], [ -66.1348, 17.9437 ] ] } },
{ "type": "Feature", "properties": { "gnis_name": null, "streamorde": 3, "lengthkm": 0.01270084, "totdasqkm": 13.99269994 }, "geometry": { "type": "LineString", "coordinates": [ [ -65.9066, 18.1886 ], [ -65.9067, 18.1886 ] ] } },
{ "type": "Feature", "properties": { "gnis_name": "Río Tanamá", "streamorde": 3, "lengthkm": 1.57966132, "totdasqkm": 17.67419985 }, "geometry": { "type": "LineString", "coordinates": [ [ -66.7846, 18.2456 ], [ -66.7856, 18.2459 ], [ -66.7876, 18.2477 ], [ -66.7888, 18.2477 ], [ -66.7885, 18.2484 ], [ -66.7897, 18.2491 ], [ -66.7907, 18.2478 ], [ -66.793, 18.2475 ], [ -66.7936, 18.2482 ], [ -66.7934, 18.2488 ], [ -66.7943, 18.2498 ] ] } },
{ "type": "Feature", "properties": { "gnis_name": "Río Cañas", "streamorde": 3, "lengthkm": 0.27683698, "totdasqkm": 8.47440015 }, "geometry": { "type": "LineString", "coordinates": [ [ -67.1489, 18.349 ], [ -67.1479, 18.35 ], [ -67.1467, 18.3501 ] ] } },
{ "type": "Feature", "properties": { "gnis_name": "Río Saliente", "streamorde": 3, "lengthkm": 0.08777355, "totdasqkm": 26.05260013 }, "geometry": { "type": "LineString", "coordinates": [ [ -66.573, 18.2177 ], [ -66.573, 18.2184 ] ] } },
{ "type": "Feature", "properties": { "gnis_name": null, "streamorde": 3, "lengthkm": 0.794, "totdasqkm": 8.27169999 }, "geometry": { "type": "LineString", "coordinates": [ [ -65.8051, 18.382 ], [ -65.807, 18.3827 ], [ -65.8081, 18.3853 ], [ -65.8102, 18.386 ] ] } },
{ "type": "Feature", "properties": { "gnis_name": "Río Blanco", "streamorde": 4, "lengthkm": 0.09578341, "totdasqkm": 76.229700259999987 }, "geometry": { "type": "LineString", "coordinates": [ [ -66.8351, 18.2288 ], [ -66.8358, 18.2292 ] ] } },
{ "type": "Feature", "properties": { "gnis_name": "Río Viejo", "streamorde": 4, "lengthkm": 0.38457086, "totdasqkm": 58.47999997 }, "geometry": { "type": "LineString", "coordinates": [ [ -67.1358, 18.1152 ], [ -67.1355, 18.1159 ], [ -67.136, 18.1168 ], [ -67.1354, 18.1174 ], [ -67.1357, 18.118 ] ] } },
{ "type": "Feature", "properties": { "gnis_name": "Río Blanco", "streamorde": 4, "lengthkm": 0.09227282, "totdasqkm": 99.57450037 }, "geometry": { "type": "LineString", "coordinates": [ [ -66.8967, 18.2555 ], [ -66.8975, 18.2555 ] ] } },
{ "type": "Feature", "properties": { "gnis_name": "Río Tanamá", "streamorde": 4, "lengthkm": 0.62559328, "totdasqkm": 24.80709988 }, "geometry": { "type": "LineString", "coordinates": [ [ -66.7943, 18.2498 ], [ -66.7939, 18.2516 ], [ -66.793, 18.251 ], [ -66.7923, 18.2515 ], [ -66.7926, 18.253 ] ] } },
{ "type": "Feature", "properties": { "gnis_name": null, "streamorde": 3, "lengthkm": 0.53423732, "totdasqkm": 5.70889989 }, "geometry": { "type": "LineString", "coordinates": [ [ -67.1534, 18.2149 ], [ -67.1583, 18.2145 ] ] } },
{ "type": "Feature", "properties": { "gnis_name": null, "streamorde": 3, "lengthkm": 0.66, "totdasqkm": 28.86940023 }, "geometry": { "type": "LineString", "coordinates": [ [ -65.6993, 18.2815 ], [ -65.6987, 18.2825 ], [ -65.6975, 18.2831 ], [ -65.6968, 18.2844 ], [ -65.6951, 18.2854 ] ] } },
{ "type": "Feature", "properties": { "gnis_name": "Río Yagüez", "streamorde": 3, "lengthkm": 0.31841191, "totdasqkm": 12.34560012 }, "geometry": { "type": "LineString", "coordinates": [ [ -67.0838, 18.2002 ], [ -67.0854, 18.2004 ], [ -67.0863, 18.1995 ] ] } },
{ "type": "Feature", "properties": { "gnis_name": null, "streamorde": 3, "lengthkm": 0.352, "totdasqkm": 41.69420041 }, "geometry": { "type": "LineString", "coordinates": [ [ -65.6826, 18.2982 ], [ -65.6816, 18.2986 ], [ -65.6802, 18.3001 ] ] } },
{ "type": "Feature", "properties": { "gnis_name": "Río Grande de Añasco", "streamorde": 5, "lengthkm": 0.60199275, "totdasqkm": 331.00310029000002 }, "geometry": { "type": "LineString", "coordinates": [ [ -67.0295, 18.2797 ], [ -67.0305, 18.2812 ], [ -67.0328, 18.2821 ], [ -67.034, 18.2818 ] ] } },
{ "type": "Feature", "properties": { "gnis_name": "Río Grande", "streamorde": 3, "lengthkm": 0.09827226, "totdasqkm": 16.61599999 }, "geometry": { "type": "LineString", "coordinates": [ [ -66.9383, 18.0965 ], [ -66.9375, 18.0961 ] ] } },
{ "type": "Feature", "properties": { "gnis_name": "Río Caguitas", "streamorde": 3, "lengthkm": 3.08284394, "totdasqkm": 41.1732001 }, "geometry": { "type": "LineString", "coordinates": [ [ -66.0399, 18.2386 ], [ -66.0367, 18.2403 ], [ -66.03, 18.2406 ], [ -66.0278, 18.2435 ], [ -66.0275, 18.2464 ], [ -66.0242, 18.2497 ], [ -66.0229, 18.252 ], [ -66.0214, 18.2515 ], [ -66.0207, 18.2506 ], [ -66.0197, 18.2505 ] ] } },
{ "type": "Feature", "properties": { "gnis_name": "Río Grande de Arecibo", "streamorde": 5, "lengthkm": 0.71472889, "totdasqkm": 168.32619977 }, "geometry": { "type": "LineString", "coordinates": [ [ -66.7083, 18.2672 ], [ -66.7098, 18.2695 ], [ -66.7096, 18.2732 ] ] } },
{ "type": "Feature", "properties": { "gnis_name": "Río Lajas", "streamorde": 3, "lengthkm": 0.03373796, "totdasqkm": 20.01339978 }, "geometry": { "type": "LineString", "coordinates": [ [ -66.2525, 18.394 ], [ -66.2524, 18.3943 ] ] } },
{ "type": "Feature", "properties": { "gnis_name": null, "streamorde": 3, "lengthkm": 0.62843308, "totdasqkm": 4.84550001 }, "geometry": { "type": "LineString", "coordinates": [ [ -67.1237, 17.9598 ], [ -67.1268, 17.9578 ], [ -67.1278, 17.9561 ] ] } },
{ "type": "Feature", "properties": { "gnis_name": null, "streamorde": 3, "lengthkm": 2.1187875, "totdasqkm": 6.6673001 }, "geometry": { "type": "LineString", "coordinates": [ [ -66.3191, 18.1674 ], [ -66.3177, 18.1672 ], [ -66.3158, 18.168 ], [ -66.3151, 18.1668 ], [ -66.3143, 18.1673 ], [ -66.3137, 18.1658 ], [ -66.3122, 18.1652 ], [ -66.3124, 18.1639 ], [ -66.3116, 18.1637 ], [ -66.3123, 18.1625 ], [ -66.3107, 18.1631 ], [ -66.3113, 18.1614 ], [ -66.3106, 18.161 ], [ -66.3112, 18.1602 ] ] } },
{ "type": "Feature", "properties": { "gnis_name": null, "streamorde": 3, "lengthkm": 0.24874599, "totdasqkm": 23.22089993 }, "geometry": { "type": "LineString", "coordinates": [ [ -66.0487, 18.0592 ], [ -66.0474, 18.0573 ] ] } },
{ "type": "Feature", "properties": { "gnis_name": null, "streamorde": 3, "lengthkm": 0.32373062, "totdasqkm": 6.06600013 }, "geometry": { "type": "LineString", "coordinates": [ [ -67.0471, 18.3541 ], [ -67.0475, 18.3536 ], [ -67.0481, 18.3538 ], [ -67.0481, 18.3531 ], [ -67.0474, 18.3529 ] ] } },
{ "type": "Feature", "properties": { "gnis_name": "Río Cialitos", "streamorde": 4, "lengthkm": 0.38, "totdasqkm": 38.71319994 }, "geometry": { "type": "LineString", "coordinates": [ [ -66.4872, 18.3227 ], [ -66.4854, 18.3255 ] ] } },
{ "type": "Feature", "properties": { "gnis_name": null, "streamorde": 4, "lengthkm": 0.0108758, "totdasqkm": 136.97359971 }, "geometry": { "type": "LineString", "coordinates": [ [ -66.7046, 18.4194 ], [ -66.7045, 18.4193 ] ] } },
{ "type": "Feature", "properties": { "gnis_name": null, "streamorde": 3, "lengthkm": 0.19339658, "totdasqkm": 9.33069968 }, "geometry": { "type": "LineString", "coordinates": [ [ -66.2615, 18.4554 ], [ -66.2597, 18.4555 ] ] } },
{ "type": "Feature", "properties": { "gnis_name": null, "streamorde": 3, "lengthkm": 0.223, "totdasqkm": 50.78920029 }, "geometry": { "type": "LineString", "coordinates": [ [ -65.6614, 18.3051 ], [ -65.6602, 18.3067 ] ] } },
{ "type": "Feature", "properties": { "gnis_name": "Río Grande De Loiza", "streamorde": 4, "lengthkm": 0.70064211, "totdasqkm": 56.02270013 }, "geometry": { "type": "LineString", "coordinates": [ [ -65.9769, 18.1676 ], [ -65.977, 18.1691 ], [ -65.9744, 18.1701 ], [ -65.9746, 18.172 ] ] } },
{ "type": "Feature", "properties": { "gnis_name": "Río Grande", "streamorde": 3, "lengthkm": 0.01292145, "totdasqkm": 20.32809996 }, "geometry": { "type": "LineString", "coordinates": [ [ -66.9527, 18.0788 ], [ -66.9528, 18.0787 ] ] } },
{ "type": "Feature", "properties": { "gnis_name": "Río Bauta", "streamorde": 3, "lengthkm": 0.14189353, "totdasqkm": 44.2426997 }, "geometry": { "type": "LineString", "coordinates": [ [ -66.4511, 18.2376 ], [ -66.4498, 18.238 ] ] } },
{ "type": "Feature", "properties": { "gnis_name": "Río Blanco", "streamorde": 4, "lengthkm": 0.13956204, "totdasqkm": 77.60020035 }, "geometry": { "type": "LineString", "coordinates": [ [ -66.8399, 18.2278 ], [ -66.8412, 18.2278 ] ] } },
{ "type": "Feature", "properties": { "gnis_name": "Río Emajagua", "streamorde": 3, "lengthkm": 0.41184089, "totdasqkm": 14.64230027 }, "geometry": { "type": "LineString", "coordinates": [ [ -65.9996, 18.1235 ], [ -65.9986, 18.1236 ], [ -65.9964, 18.122 ] ] } },
{ "type": "Feature", "properties": { "gnis_name": "Río Guajataca", "streamorde": 3, "lengthkm": 0.1243836, "totdasqkm": 49.40909995 }, "geometry": { "type": "LineString", "coordinates": [ [ -66.9064, 18.3666 ], [ -66.9057, 18.3674 ] ] } },
{ "type": "Feature", "properties": { "gnis_name": "Río de la Plata", "streamorde": 4, "lengthkm": 0.1565928, "totdasqkm": 120.25149984000001 }, "geometry": { "type": "LineString", "coordinates": [ [ -66.1714, 18.1335 ], [ -66.1728, 18.1334 ] ] } },
{ "type": "Feature", "properties": { "gnis_name": "Río Ingenio", "streamorde": 3, "lengthkm": 0.55158739, "totdasqkm": 12.83670012 }, "geometry": { "type": "LineString", "coordinates": [ [ -67.2063, 18.3579 ], [ -67.2057, 18.3589 ], [ -67.2071, 18.3596 ], [ -67.2074, 18.3617 ] ] } },
{ "type": "Feature", "properties": { "gnis_name": "Río Guanajibo", "streamorde": 5, "lengthkm": 0.83818411, "totdasqkm": 307.19799956999998 }, "geometry": { "type": "LineString", "coordinates": [ [ -67.1447, 18.1392 ], [ -67.1462, 18.1396 ], [ -67.1466, 18.1411 ], [ -67.148, 18.1406 ], [ -67.1505, 18.1421 ] ] } },
{ "type": "Feature", "properties": { "gnis_name": "Río Grande de Manati", "streamorde": 3, "lengthkm": 1.20940428, "totdasqkm": 15.57839993 }, "geometry": { "type": "LineString", "coordinates": [ [ -66.3133, 18.2493 ], [ -66.3106, 18.2512 ], [ -66.3087, 18.2511 ], [ -66.3075, 18.2526 ], [ -66.306, 18.2528 ], [ -66.306, 18.2549 ] ] } },
{ "type": "Feature", "properties": { "gnis_name": null, "streamorde": 3, "lengthkm": 0.067, "totdasqkm": 4.25210001 }, "geometry": { "type": "LineString", "coordinates": [ [ -66.6439, 18.143 ], [ -66.6434, 18.1428 ] ] } },
{ "type": "Feature", "properties": { "gnis_name": "Río Grande De Loiza", "streamorde": 5, "lengthkm": 0.21726786, "totdasqkm": 226.73279992 }, "geometry": { "type": "LineString", "coordinates": [ [ -66.0106, 18.2297 ], [ -66.0094, 18.2312 ] ] } },
{ "type": "Feature", "properties": { "gnis_name": "Río Toa Vaca", "streamorde": 3, "lengthkm": 0.719, "totdasqkm": 27.11499995 }, "geometry": { "type": "LineString", "coordinates": [ [ -66.4327, 18.134 ], [ -66.4386, 18.1311 ] ] } },
{ "type": "Feature", "properties": { "gnis_name": "Río Duey", "streamorde": 3, "lengthkm": 0.909, "totdasqkm": 17.60569979 }, "geometry": { "type": "LineString", "coordinates": [ [ -66.8415, 18.0779 ], [ -66.8417, 18.077 ], [ -66.8436, 18.0763 ], [ -66.8432, 18.0755 ], [ -66.8449, 18.0716 ] ] } },
{ "type": "Feature", "properties": { "gnis_name": null, "streamorde": 3, "lengthkm": 0.638, "totdasqkm": 3.11600023 }, "geometry": { "type": "LineString", "coordinates": [ [ -66.7941, 18.1092 ], [ -66.7904, 18.1064 ], [ -66.7893, 18.1064 ] ] } },
{ "type": "Feature", "properties": { "gnis_name": "Río Grande de Jayuya", "streamorde": 3, "lengthkm": 0.21517237, "totdasqkm": 53.99230002 }, "geometry": { "type": "LineString", "coordinates": [ [ -66.6158, 18.212 ], [ -66.6163, 18.2101 ] ] } },
{ "type": "Feature", "properties": { "gnis_name": null, "streamorde": 3, "lengthkm": 1.11673034, "totdasqkm": 8.61230005 }, "geometry": { "type": "LineString", "coordinates": [ [ -67.0423, 18.235 ], [ -67.0421, 18.2355 ], [ -67.043, 18.2351 ], [ -67.0439, 18.2359 ], [ -67.0439, 18.2377 ], [ -67.0447, 18.2369 ], [ -67.0448, 18.2386 ], [ -67.0454, 18.2385 ], [ -67.0463, 18.2372 ] ] } },
{ "type": "Feature", "properties": { "gnis_name": "Río Caonillas", "streamorde": 4, "lengthkm": 0.67440703, "totdasqkm": 138.68779992 }, "geometry": { "type": "LineString", "coordinates": [ [ -66.6494, 18.3102 ], [ -66.6513, 18.3119 ], [ -66.6533, 18.3149 ] ] } },
{ "type": "Feature", "properties": { "gnis_name": "Río Coamo", "streamorde": 5, "lengthkm": 1.18106422, "totdasqkm": 162.35279999 }, "geometry": { "type": "LineString", "coordinates": [ [ -66.3738, 18.0276 ], [ -66.3745, 18.0243 ], [ -66.3781, 18.0241 ], [ -66.3802, 18.0212 ] ] } },
{ "type": "Feature", "properties": { "gnis_name": "Río Icacos", "streamorde": 3, "lengthkm": 0.554, "totdasqkm": 7.37120008 }, "geometry": { "type": "LineString", "coordinates": [ [ -65.7829, 18.2664 ], [ -65.7846, 18.2646 ], [ -65.7845, 18.2621 ] ] } },
{ "type": "Feature", "properties": { "gnis_name": "Río Turabo", "streamorde": 4, "lengthkm": 0.05962575, "totdasqkm": 43.70710008 }, "geometry": { "type": "LineString", "coordinates": [ [ -66.0508, 18.1891 ], [ -66.0511, 18.1896 ] ] } },
{ "type": "Feature", "properties": { "gnis_name": null, "streamorde": 3, "lengthkm": 0.27493099, "totdasqkm": 8.94770011 }, "geometry": { "type": "LineString", "coordinates": [ [ -65.9084, 18.2337 ], [ -65.9093, 18.2345 ], [ -65.9106, 18.2346 ] ] } },
{ "type": "Feature", "properties": { "gnis_name": "Río Rosario", "streamorde": 4, "lengthkm": 0.88154989, "totdasqkm": 32.34749999 }, "geometry": { "type": "LineString", "coordinates": [ [ -67.0354, 18.181 ], [ -67.0368, 18.1812 ], [ -67.0385, 18.1807 ], [ -67.0391, 18.1816 ], [ -67.0398, 18.181 ], [ -67.0424, 18.1805 ] ] } },
{ "type": "Feature", "properties": { "gnis_name": "Río Guaynabo", "streamorde": 3, "lengthkm": 0.75997131, "totdasqkm": 13.76599998 }, "geometry": { "type": "LineString", "coordinates": [ [ -66.0921, 18.3058 ], [ -66.0921, 18.3075 ], [ -66.0937, 18.3096 ], [ -66.0924, 18.3103 ], [ -66.0921, 18.3111 ] ] } },
{ "type": "Feature", "properties": { "gnis_name": null, "streamorde": 3, "lengthkm": 1.02056507, "totdasqkm": 14.1013998 }, "geometry": { "type": "LineString", "coordinates": [ [ -66.1296, 18.1386 ], [ -66.1311, 18.1389 ], [ -66.1302, 18.1367 ], [ -66.1316, 18.136 ], [ -66.1318, 18.1326 ] ] } },
{ "type": "Feature", "properties": { "gnis_name": "Río Grande De Loiza", "streamorde": 5, "lengthkm": 0.85854836, "totdasqkm": 128.79539999 }, "geometry": { "type": "LineString", "coordinates": [ [ -65.9692, 18.198 ], [ -65.9762, 18.2018 ] ] } },
{ "type": "Feature", "properties": { "gnis_name": "Río Orocovis", "streamorde": 3, "lengthkm": 1.15922635, "totdasqkm": 12.00779993 }, "geometry": { "type": "LineString", "coordinates": [ [ -66.3939, 18.2145 ], [ -66.3937, 18.2156 ], [ -66.3928, 18.2164 ], [ -66.393, 18.2175 ], [ -66.3924, 18.2186 ], [ -66.3937, 18.2202 ], [ -66.3923, 18.2216 ], [ -66.3907, 18.2223 ] ] } },
{ "type": "Feature", "properties": { "gnis_name": null, "streamorde": 3, "lengthkm": 0.27359566, "totdasqkm": 16.52430015 }, "geometry": { "type": "LineString", "coordinates": [ [ -66.9216, 18.0093 ], [ -66.9242, 18.0096 ] ] } },
{ "type": "Feature", "properties": { "gnis_name": "Río de Bayamón", "streamorde": 4, "lengthkm": 0.2372024, "totdasqkm": 21.03559984 }, "geometry": { "type": "LineString", "coordinates": [ [ -66.1394, 18.1954 ], [ -66.1405, 18.1972 ] ] } },
{ "type": "Feature", "properties": { "gnis_name": "Río Caonillas", "streamorde": 4, "lengthkm": 0.23451548, "totdasqkm": 95.39600008000001 }, "geometry": { "type": "LineString", "coordinates": [ [ -66.6412, 18.2203 ], [ -66.6418, 18.2212 ], [ -66.6418, 18.2222 ] ] } },
{ "type": "Feature", "properties": { "gnis_name": "Río Grande de Manati", "streamorde": 5, "lengthkm": 0.91304766, "totdasqkm": 350.83549994999998 }, "geometry": { "type": "LineString", "coordinates": [ [ -66.4632, 18.3353 ], [ -66.464, 18.3365 ], [ -66.4638, 18.3384 ], [ -66.4664, 18.3424 ] ] } },
{ "type": "Feature", "properties": { "gnis_name": null, "streamorde": 3, "lengthkm": 0.439, "totdasqkm": 20.07960001 }, "geometry": { "type": "LineString", "coordinates": [ [ -66.4843, 18.1297 ], [ -66.4857, 18.1316 ], [ -66.4873, 18.1316 ] ] } },
{ "type": "Feature", "properties": { "gnis_name": null, "streamorde": 3, "lengthkm": 0.099, "totdasqkm": 44.77730018 }, "geometry": { "type": "LineString", "coordinates": [ [ -65.8268, 18.1453 ], [ -65.8262, 18.1447 ] ] } },
{ "type": "Feature", "properties": { "gnis_name": "Río Blanco", "streamorde": 4, "lengthkm": 0.113474, "totdasqkm": 85.82340052000001 }, "geometry": { "type": "LineString", "coordinates": [ [ -66.8631, 18.2419 ], [ -66.8633, 18.2409 ] ] } },
{ "type": "Feature", "properties": { "gnis_name": "Río Botijas", "streamorde": 3, "lengthkm": 3.20511397, "totdasqkm": 13.84509984 }, "geometry": { "type": "LineString", "coordinates": [ [ -66.353, 18.1988 ], [ -66.3507, 18.206 ], [ -66.3516, 18.2093 ], [ -66.3526, 18.2104 ], [ -66.3521, 18.2116 ], [ -66.3518, 18.2147 ], [ -66.3523, 18.2158 ], [ -66.3515, 18.2185 ], [ -66.3536, 18.2187 ], [ -66.3526, 18.2208 ], [ -66.3543, 18.2221 ], [ -66.3544, 18.2228 ] ] } },
{ "type": "Feature", "properties": { "gnis_name": "Caño Boquilla", "streamorde": 4, "lengthkm": 0.57701043, "totdasqkm": 14.40890009 }, "geometry": { "type": "LineString", "coordinates": [ [ -67.1738, 18.2555 ], [ -67.1755, 18.2544 ], [ -67.1769, 18.2515 ] ] } },
{ "type": "Feature", "properties": { "gnis_name": "Río Yauco", "streamorde": 4, "lengthkm": 0.035, "totdasqkm": 51.30720018 }, "geometry": { "type": "LineString", "coordinates": [ [ -66.8606, 18.0745 ], [ -66.8603, 18.0743 ] ] } },
{ "type": "Feature", "properties": { "gnis_name": null, "streamorde": 3, "lengthkm": 2.74, "totdasqkm": 5.88899994 }, "geometry": { "type": "LineString", "coordinates": [ [ -67.0291, 18.2314 ], [ -67.0301, 18.2311 ], [ -67.0312, 18.2321 ], [ -67.0327, 18.2309 ], [ -67.0341, 18.2308 ], [ -67.0334, 18.2315 ], [ -67.0342, 18.2325 ], [ -67.0339, 18.2334 ], [ -67.0355, 18.2327 ], [ -67.035, 18.234 ], [ -67.0356, 18.2348 ], [ -67.0362, 18.2341 ], [ -67.0377, 18.2334 ], [ -67.0379, 18.2343 ], [ -67.0388, 18.2341 ], [ -67.0387, 18.2354 ], [ -67.0397, 18.2347 ], [ -67.0392, 18.2341 ], [ -67.0401, 18.2338 ], [ -67.0399, 18.2321 ] ] } },
{ "type": "Feature", "properties": { "gnis_name": null, "streamorde": 3, "lengthkm": 1.04145126, "totdasqkm": 5.12849995 }, "geometry": { "type": "LineString", "coordinates": [ [ -66.0918, 18.3522 ], [ -66.0927, 18.3533 ], [ -66.0942, 18.3538 ], [ -66.0944, 18.355 ], [ -66.0953, 18.3549 ], [ -66.0956, 18.3556 ], [ -66.0963, 18.3547 ], [ -66.0974, 18.3559 ], [ -66.0979, 18.3559 ] ] } },
{ "type": "Feature", "properties": { "gnis_name": "Río Culebrinas", "streamorde": 3, "lengthkm": 0.19272584, "totdasqkm": 15.28059984 }, "geometry": { "type": "LineString", "coordinates": [ [ -66.9335, 18.2968 ], [ -66.9353, 18.2967 ] ] } },
{ "type": "Feature", "properties": { "gnis_name": "Río Caonillas", "streamorde": 4, "lengthkm": 0.68630126, "totdasqkm": 104.27929993000001 }, "geometry": { "type": "LineString", "coordinates": [ [ -66.6335, 18.2393 ], [ -66.6362, 18.2389 ], [ -66.6368, 18.2374 ], [ -66.6382, 18.2377 ] ] } },
{ "type": "Feature", "properties": { "gnis_name": null, "streamorde": 3, "lengthkm": 0.11252797, "totdasqkm": 30.48509986 }, "geometry": { "type": "LineString", "coordinates": [ [ -66.3153, 18.2815 ], [ -66.3155, 18.2806 ] ] } },
{ "type": "Feature", "properties": { "gnis_name": null, "streamorde": 3, "lengthkm": 1.80377967, "totdasqkm": 15.95869988 }, "geometry": { "type": "LineString", "coordinates": [ [ -66.3445, 18.102 ], [ -66.3461, 18.0994 ], [ -66.3468, 18.0964 ], [ -66.3479, 18.0957 ], [ -66.3496, 18.0967 ], [ -66.3506, 18.0966 ], [ -66.3518, 18.0954 ], [ -66.3525, 18.0926 ], [ -66.3537, 18.0918 ] ] } },
{ "type": "Feature", "properties": { "gnis_name": "Río San Patricio", "streamorde": 3, "lengthkm": 1.058, "totdasqkm": 9.31970003 }, "geometry": { "type": "LineString", "coordinates": [ [ -66.637, 18.1392 ], [ -66.6361, 18.1396 ], [ -66.6342, 18.1391 ], [ -66.6333, 18.1372 ], [ -66.6327, 18.1369 ], [ -66.6312, 18.1373 ], [ -66.6313, 18.1359 ], [ -66.6307, 18.1355 ] ] } },
{ "type": "Feature", "properties": { "gnis_name": "Caño de Martín Peña", "streamorde": 3, "lengthkm": 0.49164209, "totdasqkm": 44.65910016 }, "geometry": { "type": "LineString", "coordinates": [ [ -66.0616, 18.4327 ], [ -66.0622, 18.4335 ], [ -66.0656, 18.4347 ] ] } },
{ "type": "Feature", "properties": { "gnis_name": null, "streamorde": 3, "lengthkm": 0.92872022, "totdasqkm": 19.99720027 }, "geometry": { "type": "LineString", "coordinates": [ [ -66.9385, 18.0209 ], [ -66.9408, 18.0128 ] ] } },
{ "type": "Feature", "properties": { "gnis_name": "Río Guaba", "streamorde": 4, "lengthkm": 0.68221165, "totdasqkm": 79.877300150000011 }, "geometry": { "type": "LineString", "coordinates": [ [ -66.9237, 18.236 ], [ -66.9245, 18.2372 ], [ -66.9263, 18.2384 ], [ -66.9262, 18.2389 ], [ -66.9248, 18.2388 ], [ -66.9246, 18.2393 ] ] } },
{ "type": "Feature", "properties": { "gnis_name": null, "streamorde": 3, "lengthkm": 0.837, "totdasqkm": 15.62559991 }, "geometry": { "type": "LineString", "coordinates": [ [ -65.6878, 18.2047 ], [ -65.6877, 18.2016 ], [ -65.6861, 18.2001 ], [ -65.6862, 18.1993 ], [ -65.6853, 18.1984 ] ] } },
{ "type": "Feature", "properties": { "gnis_name": "Río Culebrinas", "streamorde": 4, "lengthkm": 0.89138932, "totdasqkm": 143.80529981000001 }, "geometry": { "type": "LineString", "coordinates": [ [ -67.052, 18.3563 ], [ -67.0544, 18.3553 ], [ -67.0549, 18.3564 ], [ -67.0541, 18.358 ], [ -67.0548, 18.3584 ], [ -67.0561, 18.3577 ] ] } },
{ "type": "Feature", "properties": { "gnis_name": "Río Hondo", "streamorde": 4, "lengthkm": 3.79745336, "totdasqkm": 28.21420012 }, "geometry": { "type": "LineString", "coordinates": [ [ -66.1585, 18.4013 ], [ -66.1583, 18.404 ], [ -66.1554, 18.4066 ], [ -66.1544, 18.4086 ], [ -66.1542, 18.4103 ], [ -66.1598, 18.4335 ] ] } },
{ "type": "Feature", "properties": { "gnis_name": "Río Grande de Añasco", "streamorde": 5, "lengthkm": 0.58375324, "totdasqkm": 324.19100038 }, "geometry": { "type": "LineString", "coordinates": [ [ -67.0107, 18.2787 ], [ -67.013, 18.2796 ], [ -67.0149, 18.2776 ] ] } },
{ "type": "Feature", "properties": { "gnis_name": "Río Toa Vaca", "streamorde": 3, "lengthkm": 1.25946941, "totdasqkm": 59.65090018 }, "geometry": { "type": "LineString", "coordinates": [ [ -66.4921, 18.0983 ], [ -66.4946, 18.0972 ], [ -66.5008, 18.0968 ], [ -66.5031, 18.0955 ] ] } },
{ "type": "Feature", "properties": { "gnis_name": null, "streamorde": 3, "lengthkm": 0.193, "totdasqkm": 18.51129997 }, "geometry": { "type": "LineString", "coordinates": [ [ -66.476, 17.9923 ], [ -66.4778, 17.9922 ] ] } },
{ "type": "Feature", "properties": { "gnis_name": "Río Grande de Añasco", "streamorde": 5, "lengthkm": 0.16608487, "totdasqkm": 260.27090023 }, "geometry": { "type": "LineString", "coordinates": [ [ -66.9416, 18.2606 ], [ -66.9423, 18.2601 ], [ -66.943, 18.2603 ] ] } },
{ "type": "Feature", "properties": { "gnis_name": "Río Culebrinas", "streamorde": 4, "lengthkm": 0.07417872, "totdasqkm": 167.29479995 }, "geometry": { "type": "LineString", "coordinates": [ [ -67.0867, 18.3599 ], [ -67.0869, 18.3594 ] ] } },
{ "type": "Feature", "properties": { "gnis_name": "Río Cañas", "streamorde": 3, "lengthkm": 0.19797216, "totdasqkm": 12.86419992 }, "geometry": { "type": "LineString", "coordinates": [ [ -66.2396, 18.3331 ], [ -66.2378, 18.333 ] ] } },
{ "type": "Feature", "properties": { "gnis_name": null, "streamorde": 3, "lengthkm": 0.192, "totdasqkm": 5.01239999 }, "geometry": { "type": "LineString", "coordinates": [ [ -67.1021, 18.3396 ], [ -67.1004, 18.3395 ] ] } },
{ "type": "Feature", "properties": { "gnis_name": "Río Grande De Loiza", "streamorde": 6, "lengthkm": 0.22924043, "totdasqkm": 732.81289978000007 }, "geometry": { "type": "LineString", "coordinates": [ [ -65.8998, 18.4137 ], [ -65.8985, 18.4154 ] ] } },
{ "type": "Feature", "properties": { "gnis_name": "Río Cialitos", "streamorde": 4, "lengthkm": 0.0869627, "totdasqkm": 42.78520004000001 }, "geometry": { "type": "LineString", "coordinates": [ [ -66.4749, 18.3352 ], [ -66.4745, 18.3358 ] ] } },
{ "type": "Feature", "properties": { "gnis_name": null, "streamorde": 3, "lengthkm": 0.95561015, "totdasqkm": 3.56499996 }, "geometry": { "type": "LineString", "coordinates": [ [ -66.1933, 18.148 ], [ -66.1928, 18.147 ], [ -66.1932, 18.1461 ], [ -66.1921, 18.1456 ], [ -66.1927, 18.1449 ], [ -66.1922, 18.1435 ], [ -66.193, 18.1429 ], [ -66.1931, 18.1412 ] ] } },
{ "type": "Feature", "properties": { "gnis_name": "Río Cañas", "streamorde": 3, "lengthkm": 2.59798284, "totdasqkm": 9.40969988 }, "geometry": { "type": "LineString", "coordinates": [ [ -66.0647, 18.2921 ], [ -66.0637, 18.2924 ], [ -66.0642, 18.2948 ], [ -66.0639, 18.2952 ], [ -66.0631, 18.2951 ], [ -66.0634, 18.2945 ], [ -66.0625, 18.2947 ], [ -66.0621, 18.2942 ], [ -66.0584, 18.2956 ], [ -66.0567, 18.2954 ], [ -66.0559, 18.2951 ], [ -66.0559, 18.2944 ], [ -66.0529, 18.2946 ], [ -66.0527, 18.2938 ], [ -66.0507, 18.2927 ], [ -66.0493, 18.2933 ], [ -66.0486, 18.2945 ] ] } },
{ "type": "Feature", "properties": { "gnis_name": null, "streamorde": 3, "lengthkm": 1.99345939, "totdasqkm": 17.01549998 }, "geometry": { "type": "LineString", "coordinates": [ [ -66.8305, 18.2778 ], [ -66.8302, 18.2789 ], [ -66.8306, 18.2801 ], [ -66.8311, 18.2804 ], [ -66.8298, 18.2809 ], [ -66.8296, 18.2817 ], [ -66.8287, 18.2824 ], [ -66.8287, 18.2829 ], [ -66.8297, 18.2826 ], [ -66.8299, 18.283 ], [ -66.8286, 18.2845 ], [ -66.8315, 18.2849 ], [ -66.8297, 18.2854 ], [ -66.8297, 18.2875 ] ] } },
{ "type": "Feature", "properties": { "gnis_name": "Río Caonillas", "streamorde": 4, "lengthkm": 0.94844885, "totdasqkm": 108.60399998 }, "geometry": { "type": "LineString", "coordinates": [ [ -66.6434, 18.2475 ], [ -66.6443, 18.2488 ], [ -66.6499, 18.2505 ], [ -66.6505, 18.2517 ] ] } },
{ "type": "Feature", "properties": { "gnis_name": null, "streamorde": 4, "lengthkm": 1.94565324, "totdasqkm": 41.32550009 }, "geometry": { "type": "LineString", "coordinates": [ [ -67.1363, 18.0116 ], [ -67.1373, 18.0117 ], [ -67.139, 18.0105 ], [ -67.1409, 18.0102 ], [ -67.1464, 18.0072 ], [ -67.1529, 18.0051 ] ] } },
{ "type": "Feature", "properties": { "gnis_name": "Río Rosario", "streamorde": 4, "lengthkm": 0.1109316, "totdasqkm": 52.87780008 }, "geometry": { "type": "LineString", "coordinates": [ [ -67.0859, 18.1497 ], [ -67.085, 18.1494 ] ] } },
{ "type": "Feature", "properties": { "gnis_name": "Río Grande de Añasco", "streamorde": 5, "lengthkm": 0.13645816, "totdasqkm": 271.95140021999998 }, "geometry": { "type": "LineString", "coordinates": [ [ -66.9452, 18.2718 ], [ -66.9455, 18.273 ] ] } },
{ "type": "Feature", "properties": { "gnis_name": "Río Gurabo", "streamorde": 5, "lengthkm": 0.2990751, "totdasqkm": 139.49289987999998 }, "geometry": { "type": "LineString", "coordinates": [ [ -65.9447, 18.253 ], [ -65.9461, 18.2528 ], [ -65.9468, 18.2518 ] ] } },
{ "type": "Feature", "properties": { "gnis_name": "Río Sonador", "streamorde": 3, "lengthkm": 3.90481533, "totdasqkm": 20.96340011 }, "geometry": { "type": "LineString", "coordinates": [ [ -67.0214, 18.3248 ], [ -67.0215, 18.3252 ], [ -67.0221, 18.325 ], [ -67.022, 18.3264 ], [ -67.0226, 18.3267 ], [ -67.022, 18.327 ], [ -67.0221, 18.3277 ], [ -67.0235, 18.3276 ], [ -67.0241, 18.3266 ], [ -67.0248, 18.3269 ], [ -67.0243, 18.3279 ], [ -67.0248, 18.3285 ], [ -67.0253, 18.3279 ], [ -67.0256, 18.3287 ], [ -67.0262, 18.3278 ], [ -67.027, 18.328 ], [ -67.0281, 18.3295 ], [ -67.027, 18.3313 ], [ -67.0275, 18.3314 ], [ -67.0277, 18.3305 ], [ -67.0279, 18.3318 ], [ -67.0292, 18.3318 ], [ -67.0302, 18.3327 ], [ -67.0302, 18.3332 ], [ -67.0295, 18.3332 ], [ -67.0292, 18.3344 ], [ -67.0279, 18.3354 ], [ -67.0269, 18.3384 ], [ -67.0286, 18.3392 ], [ -67.028, 18.3398 ], [ -67.0287, 18.341 ] ] } },
{ "type": "Feature", "properties": { "gnis_name": "Caño de Martín Peña", "streamorde": 3, "lengthkm": 0.04213604, "totdasqkm": 41.04480009 }, "geometry": { "type": "LineString", "coordinates": [ [ -66.0391, 18.428 ], [ -66.0395, 18.4281 ] ] } },
{ "type": "Feature", "properties": { "gnis_name": "Río Guayanés", "streamorde": 4, "lengthkm": 1.781, "totdasqkm": 27.78429981 }, "geometry": { "type": "LineString", "coordinates": [ [ -65.9245, 18.0625 ], [ -65.9233, 18.0612 ], [ -65.9191, 18.0589 ], [ -65.9191, 18.0571 ], [ -65.917, 18.0561 ], [ -65.9164, 18.0541 ], [ -65.9153, 18.0522 ], [ -65.9145, 18.0518 ] ] } },
{ "type": "Feature", "properties": { "gnis_name": "Río de la Plata", "streamorde": 5, "lengthkm": 0.68701223, "totdasqkm": 372.96860024 }, "geometry": { "type": "LineString", "coordinates": [ [ -66.2056, 18.2675 ], [ -66.2069, 18.2697 ], [ -66.2062, 18.2728 ] ] } },
{ "type": "Feature", "properties": { "gnis_name": "Río Grande de Arecibo", "streamorde": 5, "lengthkm": 0.92424652, "totdasqkm": 191.90819969 }, "geometry": { "type": "LineString", "coordinates": [ [ -66.6813, 18.3092 ], [ -66.6787, 18.3101 ], [ -66.6775, 18.3065 ], [ -66.6758, 18.3067 ] ] } },
{ "type": "Feature", "properties": { "gnis_name": null, "streamorde": 3, "lengthkm": 1.141, "totdasqkm": 11.83620013 }, "geometry": { "type": "LineString", "coordinates": [ [ -66.9206, 18.0342 ], [ -66.9235, 18.0332 ], [ -66.9272, 18.0328 ], [ -66.928, 18.0317 ], [ -66.9302, 18.0308 ] ] } },
{ "type": "Feature", "properties": { "gnis_name": "Río de la Plata", "streamorde": 5, "lengthkm": 0.31822515, "totdasqkm": 383.29650009 }, "geometry": { "type": "LineString", "coordinates": [ [ -66.2112, 18.2911 ], [ -66.2115, 18.2923 ], [ -66.2105, 18.2936 ] ] } },
{ "type": "Feature", "properties": { "gnis_name": "Río Chico", "streamorde": 3, "lengthkm": 0.25544553, "totdasqkm": 16.84790018 }, "geometry": { "type": "LineString", "coordinates": [ [ -66.0083, 17.9933 ], [ -66.0076, 17.9912 ] ] } },
{ "type": "Feature", "properties": { "gnis_name": "Río Canovanillas", "streamorde": 3, "lengthkm": 3.14767199, "totdasqkm": 25.50650024 }, "geometry": { "type": "LineString", "coordinates": [ [ -65.9061, 18.3083 ], [ -65.9044, 18.3104 ], [ -65.9051, 18.3116 ], [ -65.9045, 18.3125 ], [ -65.9062, 18.3142 ], [ -65.906, 18.3154 ], [ -65.9051, 18.3157 ], [ -65.9035, 18.3153 ], [ -65.9016, 18.3162 ], [ -65.9026, 18.3168 ], [ -65.9033, 18.3161 ], [ -65.9039, 18.3169 ], [ -65.9039, 18.3181 ], [ -65.9029, 18.32 ], [ -65.9051, 18.3231 ], [ -65.9055, 18.3234 ], [ -65.9061, 18.3228 ], [ -65.9082, 18.3228 ], [ -65.9089, 18.3237 ] ] } },
{ "type": "Feature", "properties": { "gnis_name": "Río Guaynabo", "streamorde": 4, "lengthkm": 0.43942168, "totdasqkm": 21.50420011 }, "geometry": { "type": "LineString", "coordinates": [ [ -66.1005, 18.33 ], [ -66.1014, 18.3319 ], [ -66.1023, 18.3321 ], [ -66.1026, 18.333 ] ] } },
{ "type": "Feature", "properties": { "gnis_name": null, "streamorde": 4, "lengthkm": 0.1960001, "totdasqkm": 110.40559954 }, "geometry": { "type": "LineString", "coordinates": [ [ -66.2667, 18.0082 ], [ -66.2683, 18.0073 ] ] } },
{ "type": "Feature", "properties": { "gnis_name": null, "streamorde": 3, "lengthkm": 1.28380626, "totdasqkm": 8.80619985 }, "geometry": { "type": "LineString", "coordinates": [ [ -65.9857, 18.1763 ], [ -65.9846, 18.177 ], [ -65.9831, 18.1757 ], [ -65.9816, 18.1761 ], [ -65.9809, 18.1752 ], [ -65.9816, 18.1742 ], [ -65.9796, 18.1737 ], [ -65.9798, 18.1717 ] ] } },
{ "type": "Feature", "properties": { "gnis_name": null, "streamorde": 3, "lengthkm": 0.61393845, "totdasqkm": 8.66510006 }, "geometry": { "type": "LineString", "coordinates": [ [ -67.1004, 18.384 ], [ -67.1011, 18.3829 ], [ -67.1008, 18.3823 ], [ -67.103, 18.3819 ], [ -67.1031, 18.3809 ] ] } },
{ "type": "Feature", "properties": { "gnis_name": "Río Guayo", "streamorde": 3, "lengthkm": 0.459, "totdasqkm": 25.31889984 }, "geometry": { "type": "LineString", "coordinates": [ [ -66.5397, 18.0842 ], [ -66.5396, 18.0828 ], [ -66.5372, 18.0815 ] ] } },
{ "type": "Feature", "properties": { "gnis_name": "Río Cibuco", "streamorde": 5, "lengthkm": 1.82928141, "totdasqkm": 223.57389993000001 }, "geometry": { "type": "LineString", "coordinates": [ [ -66.3642, 18.4607 ], [ -66.3639, 18.4624 ], [ -66.3627, 18.4647 ], [ -66.3576, 18.4691 ], [ -66.3588, 18.4746 ] ] } },
{ "type": "Feature", "properties": { "gnis_name": "Río Cañas", "streamorde": 3, "lengthkm": 0.1821814, "totdasqkm": 11.55119998 }, "geometry": { "type": "LineString", "coordinates": [ [ -66.2462, 18.3308 ], [ -66.2449, 18.3315 ] ] } },
{ "type": "Feature", "properties": { "gnis_name": null, "streamorde": 3, "lengthkm": 0.57139131, "totdasqkm": 27.31350001 }, "geometry": { "type": "LineString", "coordinates": [ [ -65.9674, 18.4272 ], [ -65.9672, 18.4323 ] ] } },
{ "type": "Feature", "properties": { "gnis_name": null, "streamorde": 3, "lengthkm": 0.766, "totdasqkm": 5.9163001 }, "geometry": { "type": "LineString", "coordinates": [ [ -67.1358, 17.9649 ], [ -67.1359, 17.963 ], [ -67.1378, 17.9602 ], [ -67.1377, 17.9587 ] ] } },
{ "type": "Feature", "properties": { "gnis_name": "Río Cocal", "streamorde": 3, "lengthkm": 0.70615094, "totdasqkm": 578.48519995999993 }, "geometry": { "type": "LineString", "coordinates": [ [ -66.2141, 18.4652 ], [ -66.2115, 18.4657 ], [ -66.2078, 18.4645 ] ] } },
{ "type": "Feature", "properties": { "gnis_name": null, "streamorde": 3, "lengthkm": 0.33440196, "totdasqkm": 28.64059998 }, "geometry": { "type": "LineString", "coordinates": [ [ -66.2423, 18.0486 ], [ -66.2438, 18.0461 ] ] } },
{ "type": "Feature", "properties": { "gnis_name": "Río Toro Negro", "streamorde": 3, "lengthkm": 0.70623847, "totdasqkm": 27.46439986 }, "geometry": { "type": "LineString", "coordinates": [ [ -66.5131, 18.2071 ], [ -66.5138, 18.207 ], [ -66.5142, 18.2074 ], [ -66.5121, 18.2099 ], [ -66.5121, 18.2106 ], [ -66.5128, 18.2112 ] ] } },
{ "type": "Feature", "properties": { "gnis_name": null, "streamorde": 5, "lengthkm": 0.01286454, "totdasqkm": 383.33730011 }, "geometry": { "type": "LineString", "coordinates": [ [ -66.2088, 18.2965 ], [ -66.2087, 18.2965 ] ] } },
{ "type": "Feature", "properties": { "gnis_name": null, "streamorde": 4, "lengthkm": 1.334, "totdasqkm": 18.6448 }, "geometry": { "type": "LineString", "coordinates": [ [ -66.5754, 18.116 ], [ -66.5777, 18.1126 ], [ -66.5769, 18.111 ], [ -66.5777, 18.1066 ], [ -66.5767, 18.1056 ] ] } },
{ "type": "Feature", "properties": { "gnis_name": null, "streamorde": 3, "lengthkm": 0.72208594, "totdasqkm": 4.69220005 }, "geometry": { "type": "LineString", "coordinates": [ [ -66.2729, 18.2015 ], [ -66.2726, 18.202 ], [ -66.2737, 18.2045 ], [ -66.2762, 18.2062 ] ] } },
{ "type": "Feature", "properties": { "gnis_name": "Río Grande", "streamorde": 3, "lengthkm": 0.1698175, "totdasqkm": 17.6896 }, "geometry": { "type": "LineString", "coordinates": [ [ -66.9406, 18.0921 ], [ -66.9408, 18.0907 ] ] } },
{ "type": "Feature", "properties": { "gnis_name": "Río Loco", "streamorde": 4, "lengthkm": 0.05300802, "totdasqkm": 35.26860002 }, "geometry": { "type": "LineString", "coordinates": [ [ -66.8828, 18.0015 ], [ -66.8831, 18.0019 ] ] } },
{ "type": "Feature", "properties": { "gnis_name": "Río Bauta", "streamorde": 3, "lengthkm": 2.79938458, "totdasqkm": 26.51819984 }, "geometry": { "type": "LineString", "coordinates": [ [ -66.4405, 18.1923 ], [ -66.4404, 18.1932 ], [ -66.4426, 18.1949 ], [ -66.4461, 18.2018 ], [ -66.4458, 18.2043 ], [ -66.4466, 18.2068 ], [ -66.4475, 18.2072 ], [ -66.4484, 18.2095 ], [ -66.4482, 18.2102 ], [ -66.447, 18.2105 ], [ -66.4471, 18.2118 ], [ -66.4478, 18.2127 ] ] } },
{ "type": "Feature", "properties": { "gnis_name": "Río Grande de Manati", "streamorde": 5, "lengthkm": 1.19410861, "totdasqkm": 171.78630033000002 }, "geometry": { "type": "LineString", "coordinates": [ [ -66.4389, 18.3047 ], [ -66.4417, 18.3042 ], [ -66.444, 18.305 ], [ -66.4461, 18.3065 ], [ -66.4477, 18.3062 ], [ -66.4493, 18.3066 ] ] } },
{ "type": "Feature", "properties": { "gnis_name": "Río Coamo", "streamorde": 5, "lengthkm": 1.74487901, "totdasqkm": 146.88349972999998 }, "geometry": { "type": "LineString", "coordinates": [ [ -66.3686, 18.0483 ], [ -66.3682, 18.0466 ], [ -66.3686, 18.0462 ], [ -66.3708, 18.0476 ], [ -66.3715, 18.0486 ], [ -66.3727, 18.0479 ], [ -66.3745, 18.0429 ], [ -66.3757, 18.0434 ], [ -66.3766, 18.0429 ] ] } },
{ "type": "Feature", "properties": { "gnis_name": null, "streamorde": 3, "lengthkm": 0.01375737, "totdasqkm": 6.17739984 }, "geometry": { "type": "LineString", "coordinates": [ [ -66.7825, 18.2943 ], [ -66.7826, 18.2944 ] ] } },
{ "type": "Feature", "properties": { "gnis_name": null, "streamorde": 4, "lengthkm": 0.11101659, "totdasqkm": 63.53579994 }, "geometry": { "type": "LineString", "coordinates": [ [ -66.7208, 18.2219 ], [ -66.72, 18.222 ] ] } },
{ "type": "Feature", "properties": { "gnis_name": "Río Grande de Jayuya", "streamorde": 3, "lengthkm": 1.52246738, "totdasqkm": 47.14889999 }, "geometry": { "type": "LineString", "coordinates": [ [ -66.5977, 18.2138 ], [ -66.6005, 18.2139 ], [ -66.6016, 18.2147 ], [ -66.604, 18.2155 ], [ -66.6077, 18.2143 ], [ -66.6099, 18.2169 ] ] } },
{ "type": "Feature", "properties": { "gnis_name": null, "streamorde": 3, "lengthkm": 0.118, "totdasqkm": 5.66889988 }, "geometry": { "type": "LineString", "coordinates": [ [ -66.195, 18.2299 ], [ -66.196, 18.2294 ] ] } },
{ "type": "Feature", "properties": { "gnis_name": "Río Grande", "streamorde": 3, "lengthkm": 0.13026508, "totdasqkm": 17.20860005 }, "geometry": { "type": "LineString", "coordinates": [ [ -66.9387, 18.0941 ], [ -66.9396, 18.0933 ] ] } },
{ "type": "Feature", "properties": { "gnis_name": "Río Blanco", "streamorde": 4, "lengthkm": 0.05604516, "totdasqkm": 95.75660043000001 }, "geometry": { "type": "LineString", "coordinates": [ [ -66.8877, 18.253 ], [ -66.888, 18.2534 ] ] } },
{ "type": "Feature", "properties": { "gnis_name": "Río Guaynabo", "streamorde": 4, "lengthkm": 0.6304551, "totdasqkm": 24.48089998 }, "geometry": { "type": "LineString", "coordinates": [ [ -66.1089, 18.3344 ], [ -66.11, 18.3343 ], [ -66.1095, 18.3364 ], [ -66.1113, 18.3377 ] ] } },
{ "type": "Feature", "properties": { "gnis_name": "Río Grande", "streamorde": 3, "lengthkm": 1.32526593, "totdasqkm": 14.26550004 }, "geometry": { "type": "LineString", "coordinates": [ [ -66.9374, 18.1148 ], [ -66.9381, 18.1126 ], [ -66.9363, 18.1117 ], [ -66.936, 18.1098 ], [ -66.9371, 18.1086 ], [ -66.9375, 18.1072 ], [ -66.9355, 18.1059 ] ] } },
{ "type": "Feature", "properties": { "gnis_name": "Río Turabo", "streamorde": 4, "lengthkm": 1.11373909, "totdasqkm": 73.85390002 }, "geometry": { "type": "LineString", "coordinates": [ [ -66.0218, 18.2266 ], [ -66.0194, 18.2274 ], [ -66.0186, 18.2255 ], [ -66.0178, 18.2247 ], [ -66.0164, 18.2254 ], [ -66.0156, 18.2266 ], [ -66.0148, 18.2259 ] ] } },
{ "type": "Feature", "properties": { "gnis_name": "Río Mavilla", "streamorde": 3, "lengthkm": 0.57651322, "totdasqkm": 12.63620007 }, "geometry": { "type": "LineString", "coordinates": [ [ -66.2891, 18.2902 ], [ -66.2889, 18.2915 ], [ -66.2894, 18.2922 ], [ -66.2888, 18.2939 ], [ -66.2891, 18.295 ] ] } },
{ "type": "Feature", "properties": { "gnis_name": "Río Sonador", "streamorde": 3, "lengthkm": 0.47723462, "totdasqkm": 13.40660006 }, "geometry": { "type": "LineString", "coordinates": [ [ -67.0042, 18.3046 ], [ -67.0043, 18.3051 ], [ -67.0051, 18.3049 ], [ -67.0052, 18.3053 ], [ -67.0057, 18.3048 ], [ -67.0062, 18.3057 ], [ -67.0066, 18.3057 ] ] } },
{ "type": "Feature", "properties": { "gnis_name": null, "streamorde": 3, "lengthkm": 0.518, "totdasqkm": 1.36739996 }, "geometry": { "type": "LineString", "coordinates": [ [ -67.0075, 18.2187 ], [ -67.0093, 18.2189 ], [ -67.0119, 18.2177 ] ] } },
{ "type": "Feature", "properties": { "gnis_name": "Río de la Plata", "streamorde": 5, "lengthkm": 0.8936668, "totdasqkm": 537.69300012999997 }, "geometry": { "type": "LineString", "coordinates": [ [ -66.2569, 18.4159 ], [ -66.2585, 18.4171 ], [ -66.2611, 18.417 ], [ -66.2616, 18.4161 ], [ -66.2611, 18.4145 ], [ -66.2614, 18.4141 ] ] } },
{ "type": "Feature", "properties": { "gnis_name": "Río Maunabo", "streamorde": 3, "lengthkm": 0.954, "totdasqkm": 19.52090003 }, "geometry": { "type": "LineString", "coordinates": [ [ -65.9296, 18.0201 ], [ -65.9302, 18.018 ], [ -65.9316, 18.0164 ], [ -65.9315, 18.0146 ], [ -65.9302, 18.0127 ] ] } },
{ "type": "Feature", "properties": { "gnis_name": "Río Cibuco", "streamorde": 5, "lengthkm": 0.37742046, "totdasqkm": 226.15610002 }, "geometry": { "type": "LineString", "coordinates": [ [ -66.3653, 18.478 ], [ -66.3689, 18.4779 ] ] } },
{ "type": "Feature", "properties": { "gnis_name": "Río Grande de Manati", "streamorde": 3, "lengthkm": 0.82326007, "totdasqkm": 33.45749983 }, "geometry": { "type": "LineString", "coordinates": [ [ -66.33, 18.2797 ], [ -66.331, 18.2795 ], [ -66.3314, 18.2781 ], [ -66.3304, 18.2766 ], [ -66.3284, 18.2756 ], [ -66.329, 18.2749 ] ] } },
{ "type": "Feature", "properties": { "gnis_name": null, "streamorde": 5, "lengthkm": 1.24671263, "totdasqkm": 552.07439994000003 }, "geometry": { "type": "LineString", "coordinates": [ [ -66.5241, 18.4312 ], [ -66.5231, 18.4309 ], [ -66.5234, 18.4299 ], [ -66.5226, 18.4295 ], [ -66.521, 18.4314 ], [ -66.522, 18.4323 ], [ -66.522, 18.4332 ], [ -66.5228, 18.4336 ], [ -66.5233, 18.4333 ], [ -66.5237, 18.4315 ] ] } },
{ "type": "Feature", "properties": { "gnis_name": null, "streamorde": 3, "lengthkm": 0.682, "totdasqkm": 4.4038 }, "geometry": { "type": "LineString", "coordinates": [ [ -66.8595, 17.9866 ], [ -66.857, 17.9852 ], [ -66.8563, 17.9866 ], [ -66.8555, 17.9855 ] ] } },
{ "type": "Feature", "properties": { "gnis_name": null, "streamorde": 3, "lengthkm": 0.16355827, "totdasqkm": 44.25049969 }, "geometry": { "type": "LineString", "coordinates": [ [ -66.4498, 18.238 ], [ -66.449, 18.2393 ] ] } },
{ "type": "Feature", "properties": { "gnis_name": "Río Guaba", "streamorde": 4, "lengthkm": 2.24653095, "totdasqkm": 66.84640037 }, "geometry": { "type": "LineString", "coordinates": [ [ -66.9435, 18.2232 ], [ -66.9423, 18.2243 ], [ -66.9424, 18.2269 ], [ -66.9413, 18.2285 ], [ -66.9383, 18.2277 ], [ -66.9383, 18.2286 ], [ -66.9395, 18.2299 ], [ -66.9389, 18.2308 ], [ -66.9405, 18.2314 ], [ -66.941, 18.2338 ], [ -66.9407, 18.2342 ], [ -66.9393, 18.234 ], [ -66.9382, 18.2344 ] ] } },
{ "type": "Feature", "properties": { "gnis_name": "Río Yauco", "streamorde": 4, "lengthkm": 4.803, "totdasqkm": 124.08829995000001 }, "geometry": { "type": "LineString", "coordinates": [ [ -66.8318, 17.9857 ], [ -66.8313, 17.9872 ], [ -66.829, 17.9876 ], [ -66.824, 17.9864 ], [ -66.8235, 17.9872 ], [ -66.8225, 17.9876 ], [ -66.8189, 17.9875 ], [ -66.8171, 17.9884 ], [ -66.8148, 17.987 ], [ -66.8145, 17.9877 ], [ -66.8139, 17.9874 ], [ -66.8125, 17.9883 ], [ -66.8111, 17.9907 ], [ -66.8105, 17.9903 ], [ -66.8101, 17.9909 ], [ -66.8007, 17.9878 ], [ -66.7993, 17.9853 ], [ -66.7988, 17.9818 ] ] } },
{ "type": "Feature", "properties": { "gnis_name": null, "streamorde": 3, "lengthkm": 0.349, "totdasqkm": 3.78699979 }, "geometry": { "type": "LineString", "coordinates": [ [ -65.9004, 18.1122 ], [ -65.9002, 18.1105 ], [ -65.9011, 18.1096 ] ] } },
{ "type": "Feature", "properties": { "gnis_name": "Río Pellejas", "streamorde": 3, "lengthkm": 0.73828066, "totdasqkm": 13.06650002 }, "geometry": { "type": "LineString", "coordinates": [ [ -66.6968, 18.1936 ], [ -66.6969, 18.1946 ], [ -66.6979, 18.1935 ], [ -66.6986, 18.1936 ], [ -66.6972, 18.1952 ], [ -66.6972, 18.196 ] ] } },
{ "type": "Feature", "properties": { "gnis_name": "Río Grande de Manati", "streamorde": 5, "lengthkm": 1.62606084, "totdasqkm": 165.90940001000001 }, "geometry": { "type": "LineString", "coordinates": [ [ -66.4256, 18.3035 ], [ -66.4271, 18.3051 ], [ -66.4288, 18.306 ], [ -66.4338, 18.3072 ], [ -66.4355, 18.3069 ], [ -66.4389, 18.3047 ] ] } },
{ "type": "Feature", "properties": { "gnis_name": "Río Bairoa", "streamorde": 3, "lengthkm": 0.18116228, "totdasqkm": 20.18410022 }, "geometry": { "type": "LineString", "coordinates": [ [ -66.0168, 18.264 ], [ -66.0152, 18.2643 ] ] } },
{ "type": "Feature", "properties": { "gnis_name": "Río Orocovis", "streamorde": 4, "lengthkm": 1.64440247, "totdasqkm": 71.70490003 }, "geometry": { "type": "LineString", "coordinates": [ [ -66.381, 18.2824 ], [ -66.38, 18.2841 ], [ -66.3781, 18.2853 ], [ -66.3775, 18.2863 ], [ -66.379, 18.2878 ], [ -66.3788, 18.2895 ], [ -66.3783, 18.2902 ], [ -66.3791, 18.2923 ], [ -66.3778, 18.2933 ], [ -66.3778, 18.2939 ] ] } },
{ "type": "Feature", "properties": { "gnis_name": "Río Cerrillos", "streamorde": 4, "lengthkm": 2.22361736, "totdasqkm": 40.07570002 }, "geometry": { "type": "LineString", "coordinates": [ [ -66.5795, 18.101 ], [ -66.5777, 18.0983 ], [ -66.5758, 18.097 ], [ -66.5761, 18.0967 ], [ -66.5781, 18.0971 ], [ -66.5785, 18.0952 ], [ -66.5803, 18.0945 ], [ -66.5802, 18.0933 ], [ -66.5785, 18.0912 ], [ -66.5787, 18.0874 ] ] } },
{ "type": "Feature", "properties": { "gnis_name": "Río Nigua", "streamorde": 3, "lengthkm": 1.96027338, "totdasqkm": 15.24379992 }, "geometry": { "type": "LineString", "coordinates": [ [ -66.0546, 18.01 ], [ -66.0557, 18.0096 ], [ -66.0562, 18.0083 ], [ -66.0584, 18.0072 ], [ -66.0586, 18.0033 ], [ -66.0581, 18.0006 ], [ -66.0603, 17.9951 ] ] } },
{ "type": "Feature", "properties": { "gnis_name": "Río Blanco", "streamorde": 3, "lengthkm": 0.554, "totdasqkm": 47.72839986 }, "geometry": { "type": "LineString", "coordinates": [ [ -65.7772, 18.2123 ], [ -65.7763, 18.2115 ], [ -65.7742, 18.2115 ], [ -65.775, 18.2102 ] ] } },
{ "type": "Feature", "properties": { "gnis_name": "Río Yagüez", "streamorde": 4, "lengthkm": 1.14609571, "totdasqkm": 35.24100002 }, "geometry": { "type": "LineString", "coordinates": [ [ -67.1446, 18.2063 ], [ -67.1468, 18.2066 ], [ -67.1498, 18.2082 ], [ -67.1548, 18.208 ] ] } },
{ "type": "Feature", "properties": { "gnis_name": "Río de las Vacas", "streamorde": 3, "lengthkm": 0.46328108, "totdasqkm": 12.26320018 }, "geometry": { "type": "LineString", "coordinates": [ [ -66.7444, 18.1366 ], [ -66.743, 18.1376 ], [ -66.7429, 18.14 ] ] } },
{ "type": "Feature", "properties": { "gnis_name": "Río Morovis", "streamorde": 4, "lengthkm": 0.15192423, "totdasqkm": 36.51499978 }, "geometry": { "type": "LineString", "coordinates": [ [ -66.4014, 18.3624 ], [ -66.4009, 18.3637 ] ] } },
{ "type": "Feature", "properties": { "gnis_name": "Río Hondo", "streamorde": 4, "lengthkm": 0.33992809, "totdasqkm": 12.37869991 }, "geometry": { "type": "LineString", "coordinates": [ [ -67.1548, 18.1573 ], [ -67.1577, 18.1562 ] ] } },
{ "type": "Feature", "properties": { "gnis_name": "Río Canóvanas", "streamorde": 3, "lengthkm": 0.39067839, "totdasqkm": 46.2343 }, "geometry": { "type": "LineString", "coordinates": [ [ -65.9059, 18.392 ], [ -65.9092, 18.3906 ] ] } },
{ "type": "Feature", "properties": { "gnis_name": "Río de la Plata", "streamorde": 5, "lengthkm": 0.66363211, "totdasqkm": 360.18000019 }, "geometry": { "type": "LineString", "coordinates": [ [ -66.2085, 18.2396 ], [ -66.2053, 18.2422 ], [ -66.2054, 18.2436 ] ] } },
{ "type": "Feature", "properties": { "gnis_name": "Caño de Martín Peña", "streamorde": 3, "lengthkm": 0.7261292, "totdasqkm": 21.20060005 }, "geometry": { "type": "LineString", "coordinates": [ [ -66.0207, 18.423 ], [ -66.0229, 18.4243 ], [ -66.027, 18.4252 ] ] } },
{ "type": "Feature", "properties": { "gnis_name": null, "streamorde": 3, "lengthkm": 0.90287756, "totdasqkm": 10.65439994 }, "geometry": { "type": "LineString", "coordinates": [ [ -66.1488, 18.3253 ], [ -66.1473, 18.3257 ], [ -66.1462, 18.3254 ], [ -66.145, 18.3269 ], [ -66.1415, 18.3279 ] ] } },
{ "type": "Feature", "properties": { "gnis_name": "Río Guanajibo", "streamorde": 4, "lengthkm": 0.30420854, "totdasqkm": 88.10959981 }, "geometry": { "type": "LineString", "coordinates": [ [ -67.0251, 18.0833 ], [ -67.0277, 18.0839 ] ] } },
{ "type": "Feature", "properties": { "gnis_name": null, "streamorde": 4, "lengthkm": 0.5599566, "totdasqkm": 22.62580009 }, "geometry": { "type": "LineString", "coordinates": [ [ -66.3066, 18.1601 ], [ -66.3042, 18.1615 ], [ -66.3026, 18.1598 ] ] } },
{ "type": "Feature", "properties": { "gnis_name": null, "streamorde": 4, "lengthkm": 0.15, "totdasqkm": 25.76009975 }, "geometry": { "type": "LineString", "coordinates": [ [ -65.9259, 18.0627 ], [ -65.9245, 18.0625 ] ] } },
{ "type": "Feature", "properties": { "gnis_name": "Río Grande De Loiza", "streamorde": 6, "lengthkm": 0.94441421, "totdasqkm": 527.41229986999997 }, "geometry": { "type": "LineString", "coordinates": [ [ -66.0146, 18.3205 ], [ -66.0133, 18.323 ], [ -66.0157, 18.3269 ], [ -66.0154, 18.328 ] ] } },
{ "type": "Feature", "properties": { "gnis_name": "Río de la Plata", "streamorde": 5, "lengthkm": 0.24099446, "totdasqkm": 381.48350010999997 }, "geometry": { "type": "LineString", "coordinates": [ [ -66.2065, 18.2786 ], [ -66.2065, 18.2796 ], [ -66.2071, 18.2805 ] ] } },
{ "type": "Feature", "properties": { "gnis_name": "Río Culebrinas", "streamorde": 5, "lengthkm": 1.34724078, "totdasqkm": 218.88729989000001 }, "geometry": { "type": "LineString", "coordinates": [ [ -67.1152, 18.3771 ], [ -67.116, 18.3769 ], [ -67.116, 18.3759 ], [ -67.1171, 18.3758 ], [ -67.1167, 18.3749 ], [ -67.1175, 18.3746 ], [ -67.1189, 18.3766 ], [ -67.118, 18.3761 ], [ -67.1171, 18.3767 ], [ -67.118, 18.3767 ], [ -67.1186, 18.3777 ] ] } },
{ "type": "Feature", "properties": { "gnis_name": null, "streamorde": 3, "lengthkm": 0.01448966, "totdasqkm": 5.86740002 }, "geometry": { "type": "LineString", "coordinates": [ [ -65.9873, 18.2624 ], [ -65.9873, 18.2625 ] ] } },
{ "type": "Feature", "properties": { "gnis_name": "Río de la Plata", "streamorde": 5, "lengthkm": 1.18925629, "totdasqkm": 361.65300032000005 }, "geometry": { "type": "LineString", "coordinates": [ [ -66.2054, 18.2436 ], [ -66.2064, 18.245 ], [ -66.2064, 18.2462 ], [ -66.2033, 18.2475 ], [ -66.2027, 18.2484 ], [ -66.2029, 18.2504 ], [ -66.2043, 18.2509 ] ] } },
{ "type": "Feature", "properties": { "gnis_name": "Río Viví", "streamorde": 3, "lengthkm": 2.83480313, "totdasqkm": 16.48780004 }, "geometry": { "type": "LineString", "coordinates": [ [ -66.6733, 18.2122 ], [ -66.6732, 18.2131 ], [ -66.6748, 18.2152 ], [ -66.6736, 18.2154 ], [ -66.6735, 18.2168 ], [ -66.6749, 18.2194 ], [ -66.6768, 18.2195 ], [ -66.6749, 18.2223 ], [ -66.6775, 18.2222 ], [ -66.6783, 18.2229 ], [ -66.6798, 18.2232 ], [ -66.6801, 18.2247 ], [ -66.6791, 18.2255 ], [ -66.6792, 18.2264 ], [ -66.6802, 18.2263 ], [ -66.6805, 18.2268 ] ] } },
{ "type": "Feature", "properties": { "gnis_name": null, "streamorde": 3, "lengthkm": 0.171, "totdasqkm": 12.81449981 }, "geometry": { "type": "LineString", "coordinates": [ [ -66.7615, 18.0184 ], [ -66.7603, 18.0193 ] ] } },
{ "type": "Feature", "properties": { "gnis_name": null, "streamorde": 4, "lengthkm": 0.29621382, "totdasqkm": 93.490899629999987 }, "geometry": { "type": "LineString", "coordinates": [ [ -66.7201, 18.2386 ], [ -66.7212, 18.2409 ] ] } },
{ "type": "Feature", "properties": { "gnis_name": "Río Orocovis", "streamorde": 3, "lengthkm": 2.40277463, "totdasqkm": 24.7756999 }, "geometry": { "type": "LineString", "coordinates": [ [ -66.3926, 18.2275 ], [ -66.3905, 18.2283 ], [ -66.3907, 18.2303 ], [ -66.3902, 18.2311 ], [ -66.3883, 18.2303 ], [ -66.3872, 18.2313 ], [ -66.3876, 18.2337 ], [ -66.3884, 18.235 ], [ -66.3874, 18.2353 ], [ -66.3873, 18.2362 ], [ -66.3831, 18.2365 ], [ -66.3807, 18.2374 ] ] } },
{ "type": "Feature", "properties": { "gnis_name": null, "streamorde": 3, "lengthkm": 2.06121551, "totdasqkm": 61.92590012 }, "geometry": { "type": "LineString", "coordinates": [ [ -65.6484, 18.3224 ], [ -65.6469, 18.3225 ], [ -65.6468, 18.3239 ], [ -65.646, 18.3245 ], [ -65.6437, 18.3237 ], [ -65.6423, 18.3242 ], [ -65.6418, 18.3249 ], [ -65.6425, 18.3258 ], [ -65.6385, 18.3276 ], [ -65.6341, 18.3266 ] ] } },
{ "type": "Feature", "properties": { "gnis_name": "Río Culebrinas", "streamorde": 4, "lengthkm": 0.53117044, "totdasqkm": 86.84149996 }, "geometry": { "type": "LineString", "coordinates": [ [ -67.021, 18.3423 ], [ -67.0225, 18.3424 ], [ -67.0224, 18.343 ], [ -67.0214, 18.3436 ], [ -67.0222, 18.3445 ] ] } },
{ "type": "Feature", "properties": { "gnis_name": "Río Descalabrado", "streamorde": 3, "lengthkm": 2.28642315, "totdasqkm": 43.91599993 }, "geometry": { "type": "LineString", "coordinates": [ [ -66.424, 18.0317 ], [ -66.4232, 18.031 ], [ -66.4245, 18.0281 ], [ -66.4222, 18.026 ], [ -66.4221, 18.025 ], [ -66.423, 18.0245 ], [ -66.4221, 18.0225 ], [ -66.4213, 18.022 ], [ -66.4209, 18.0199 ], [ -66.422, 18.0172 ], [ -66.4227, 18.0171 ], [ -66.424, 18.0154 ] ] } },
{ "type": "Feature", "properties": { "gnis_name": null, "streamorde": 3, "lengthkm": 0.083, "totdasqkm": 7.82379984 }, "geometry": { "type": "LineString", "coordinates": [ [ -66.6778, 18.253 ], [ -66.6785, 18.2531 ] ] } },
{ "type": "Feature", "properties": { "gnis_name": "Río Chico", "streamorde": 3, "lengthkm": 0.45226109, "totdasqkm": 18.70210012 }, "geometry": { "type": "LineString", "coordinates": [ [ -66.0045, 17.9825 ], [ -66.005, 17.9786 ] ] } },
{ "type": "Feature", "properties": { "gnis_name": null, "streamorde": 3, "lengthkm": 2.355, "totdasqkm": 51.21620034 }, "geometry": { "type": "LineString", "coordinates": [ [ -65.8173, 18.1471 ], [ -65.8166, 18.1472 ], [ -65.815, 18.1449 ], [ -65.8123, 18.143 ], [ -65.8121, 18.1411 ], [ -65.8114, 18.141 ], [ -65.8107, 18.1416 ], [ -65.8092, 18.1407 ], [ -65.8079, 18.139 ], [ -65.8062, 18.1393 ], [ -65.8049, 18.1377 ], [ -65.804, 18.1373 ], [ -65.8039, 18.1363 ], [ -65.8044, 18.1356 ] ] } },
{ "type": "Feature", "properties": { "gnis_name": "Río Yagüez", "streamorde": 4, "lengthkm": 0.2808233, "totdasqkm": 22.94619986 }, "geometry": { "type": "LineString", "coordinates": [ [ -67.1226, 18.209 ], [ -67.1232, 18.2082 ], [ -67.1232, 18.2067 ] ] } },
{ "type": "Feature", "properties": { "gnis_name": "Río Descalabrado", "streamorde": 3, "lengthkm": 6.05598209, "totdasqkm": 48.42529995 }, "geometry": { "type": "LineString", "coordinates": [ [ -66.424, 18.0154 ], [ -66.4256, 18.0118 ], [ -66.4283, 18.0121 ], [ -66.4272, 18.0105 ], [ -66.4275, 18.0097 ], [ -66.431, 18.0099 ], [ -66.4348, 18.0069 ], [ -66.4356, 18.0031 ], [ -66.4347, 17.9968 ], [ -66.437, 17.9923 ], [ -66.4382, 17.9917 ], [ -66.4378, 17.9944 ], [ -66.4383, 17.9949 ], [ -66.4398, 17.9951 ], [ -66.4406, 17.9931 ], [ -66.4418, 17.9923 ], [ -66.4433, 17.9898 ], [ -66.4468, 17.9876 ], [ -66.447, 17.9867 ], [ -66.4482, 17.9859 ], [ -66.4493, 17.9843 ] ] } },
{ "type": "Feature", "properties": { "gnis_name": null, "streamorde": 3, "lengthkm": 1.59864594, "totdasqkm": 18.33780016 }, "geometry": { "type": "LineString", "coordinates": [ [ -67.0931, 18.0141 ], [ -67.0985, 18.0144 ], [ -67.1072, 18.0129 ], [ -67.1079, 18.0124 ] ] } },
{ "type": "Feature", "properties": { "gnis_name": null, "streamorde": 3, "lengthkm": 0.75604462, "totdasqkm": 5.29610003 }, "geometry": { "type": "LineString", "coordinates": [ [ -66.9676, 18.3264 ], [ -66.9689, 18.3262 ], [ -66.9695, 18.3271 ], [ -66.9709, 18.3278 ], [ -66.9709, 18.3283 ], [ -66.9728, 18.3275 ] ] } },
{ "type": "Feature", "properties": { "gnis_name": null, "streamorde": 3, "lengthkm": 0.19671768, "totdasqkm": 2.27299995 }, "geometry": { "type": "LineString", "coordinates": [ [ -66.2196, 18.3436 ], [ -66.2188, 18.3421 ] ] } },
{ "type": "Feature", "properties": { "gnis_name": null, "streamorde": 4, "lengthkm": 2.31850627, "totdasqkm": 46.34139962 }, "geometry": { "type": "LineString", "coordinates": [ [ -66.8825, 18.2115 ], [ -66.8809, 18.2123 ], [ -66.8809, 18.2115 ], [ -66.8804, 18.2108 ], [ -66.8789, 18.2116 ], [ -66.8785, 18.2122 ], [ -66.8793, 18.2128 ], [ -66.8801, 18.215 ], [ -66.8789, 18.2157 ], [ -66.878, 18.2154 ], [ -66.8764, 18.2126 ], [ -66.8746, 18.2112 ], [ -66.8721, 18.2113 ], [ -66.8715, 18.2121 ] ] } },
{ "type": "Feature", "properties": { "gnis_name": "Río Yagüez", "streamorde": 3, "lengthkm": 0.03440351, "totdasqkm": 10.65469994 }, "geometry": { "type": "LineString", "coordinates": [ [ -67.0778, 18.1983 ], [ -67.078, 18.1985 ] ] } },
{ "type": "Feature", "properties": { "gnis_name": "Río Grande De Loiza", "streamorde": 5, "lengthkm": 0.22030033, "totdasqkm": 115.58510005 }, "geometry": { "type": "LineString", "coordinates": [ [ -65.9582, 18.1902 ], [ -65.9592, 18.1919 ] ] } },
{ "type": "Feature", "properties": { "gnis_name": null, "streamorde": 3, "lengthkm": 0.48700293, "totdasqkm": 8.5644 }, "geometry": { "type": "LineString", "coordinates": [ [ -65.9829, 18.1596 ], [ -65.9823, 18.1588 ], [ -65.9812, 18.1592 ], [ -65.9789, 18.1588 ] ] } },
{ "type": "Feature", "properties": { "gnis_name": "Río Bucarabones", "streamorde": 3, "lengthkm": 0.622668, "totdasqkm": 11.94300009 }, "geometry": { "type": "LineString", "coordinates": [ [ -66.9216, 18.1978 ], [ -66.9228, 18.1976 ], [ -66.9234, 18.1986 ], [ -66.9233, 18.1998 ], [ -66.9251, 18.2008 ] ] } },
{ "type": "Feature", "properties": { "gnis_name": null, "streamorde": 4, "lengthkm": 0.55151223, "totdasqkm": 12.49419992 }, "geometry": { "type": "LineString", "coordinates": [ [ -67.1589, 18.155 ], [ -67.1578, 18.155 ], [ -67.156, 18.1541 ], [ -67.156, 18.1521 ] ] } },
{ "type": "Feature", "properties": { "gnis_name": null, "streamorde": 3, "lengthkm": 0.389, "totdasqkm": 4.61990002 }, "geometry": { "type": "LineString", "coordinates": [ [ -66.6434, 18.1428 ], [ -66.6421, 18.1425 ], [ -66.642, 18.1436 ], [ -66.6413, 18.1443 ] ] } },
{ "type": "Feature", "properties": { "gnis_name": "Río Blanco", "streamorde": 4, "lengthkm": 0.1495927, "totdasqkm": 84.38750037 }, "geometry": { "type": "LineString", "coordinates": [ [ -66.8523, 18.2409 ], [ -66.8536, 18.2404 ] ] } },
{ "type": "Feature", "properties": { "gnis_name": null, "streamorde": 3, "lengthkm": 0.366, "totdasqkm": 3.48219996 }, "geometry": { "type": "LineString", "coordinates": [ [ -67.0691, 18.2966 ], [ -67.0691, 18.2958 ], [ -67.0699, 18.2955 ], [ -67.0694, 18.2941 ] ] } },
{ "type": "Feature", "properties": { "gnis_name": null, "streamorde": 3, "lengthkm": 0.308, "totdasqkm": 6.85559989 }, "geometry": { "type": "LineString", "coordinates": [ [ -66.7852, 18.1048 ], [ -66.7879, 18.1041 ] ] } },
{ "type": "Feature", "properties": { "gnis_name": "Río Yagüez", "streamorde": 4, "lengthkm": 0.72509035, "totdasqkm": 22.33109989 }, "geometry": { "type": "LineString", "coordinates": [ [ -67.1176, 18.2068 ], [ -67.1184, 18.207 ], [ -67.1197, 18.2086 ], [ -67.1206, 18.2086 ], [ -67.1213, 18.2079 ], [ -67.1226, 18.209 ] ] } },
{ "type": "Feature", "properties": { "gnis_name": "Río Grande de Añasco", "streamorde": 5, "lengthkm": 2.11784792, "totdasqkm": 336.0466003 }, "geometry": { "type": "LineString", "coordinates": [ [ -67.034, 18.2818 ], [ -67.038, 18.2803 ], [ -67.0391, 18.2831 ], [ -67.0376, 18.2843 ], [ -67.0335, 18.2848 ], [ -67.0309, 18.2878 ], [ -67.0313, 18.2895 ] ] } },
{ "type": "Feature", "properties": { "gnis_name": "Río Camuy", "streamorde": 3, "lengthkm": 0.26128838, "totdasqkm": 126.05309958 }, "geometry": { "type": "LineString", "coordinates": [ [ -66.8362, 18.4855 ], [ -66.8357, 18.4868 ], [ -66.8364, 18.4875 ] ] } },
{ "type": "Feature", "properties": { "gnis_name": "Río Grande de Arecibo", "streamorde": 4, "lengthkm": 0.18884013, "totdasqkm": 91.3260998 }, "geometry": { "type": "LineString", "coordinates": [ [ -66.7195, 18.2345 ], [ -66.7209, 18.2337 ] ] } },
{ "type": "Feature", "properties": { "gnis_name": null, "streamorde": 4, "lengthkm": 0.33783195, "totdasqkm": 94.1793003 }, "geometry": { "type": "LineString", "coordinates": [ [ -66.9342, 17.998 ], [ -66.9313, 17.9968 ] ] } },
{ "type": "Feature", "properties": { "gnis_name": null, "streamorde": 3, "lengthkm": 1.248, "totdasqkm": 5.09760012 }, "geometry": { "type": "LineString", "coordinates": [ [ -67.0715, 18.35 ], [ -67.0712, 18.3509 ], [ -67.0717, 18.3513 ], [ -67.0708, 18.3517 ], [ -67.0715, 18.3526 ], [ -67.071, 18.3535 ], [ -67.0701, 18.3533 ], [ -67.0696, 18.3562 ], [ -67.0684, 18.3559 ], [ -67.0675, 18.3564 ] ] } },
{ "type": "Feature", "properties": { "gnis_name": null, "streamorde": 3, "lengthkm": 0.433, "totdasqkm": 5.75589993 }, "geometry": { "type": "LineString", "coordinates": [ [ -66.0552, 18.0161 ], [ -66.0555, 18.0133 ], [ -66.0562, 18.0131 ] ] } },
{ "type": "Feature", "properties": { "gnis_name": "Río de Bayamón", "streamorde": 4, "lengthkm": 0.12344946, "totdasqkm": 106.87819995000001 }, "geometry": { "type": "LineString", "coordinates": [ [ -66.14, 18.3306 ], [ -66.1396, 18.3316 ] ] } },
{ "type": "Feature", "properties": { "gnis_name": "Río Pellejas", "streamorde": 3, "lengthkm": 0.4977017, "totdasqkm": 21.2433999 }, "geometry": { "type": "LineString", "coordinates": [ [ -66.7032, 18.2037 ], [ -66.7034, 18.2056 ], [ -66.7058, 18.206 ] ] } },
{ "type": "Feature", "properties": { "gnis_name": "Río Emajagua", "streamorde": 3, "lengthkm": 0.09457663, "totdasqkm": 13.6400002 }, "geometry": { "type": "LineString", "coordinates": [ [ -66.0025, 18.1234 ], [ -66.0016, 18.1233 ] ] } },
{ "type": "Feature", "properties": { "gnis_name": null, "streamorde": 3, "lengthkm": 1.6024195, "totdasqkm": 20.74959958 }, "geometry": { "type": "LineString", "coordinates": [ [ -66.8625, 18.162 ], [ -66.8627, 18.1629 ], [ -66.8619, 18.1653 ], [ -66.8635, 18.1668 ], [ -66.8624, 18.1677 ], [ -66.8624, 18.169 ], [ -66.8639, 18.1707 ], [ -66.8629, 18.172 ], [ -66.863, 18.173 ], [ -66.8625, 18.1734 ] ] } },
{ "type": "Feature", "properties": { "gnis_name": null, "streamorde": 3, "lengthkm": 0.894, "totdasqkm": 30.94199991 }, "geometry": { "type": "LineString", "coordinates": [ [ -65.7691, 18.3617 ], [ -65.7705, 18.3658 ], [ -65.7692, 18.3669 ], [ -65.7674, 18.3673 ] ] } },
{ "type": "Feature", "properties": { "gnis_name": "Río Grande de Patillas", "streamorde": 3, "lengthkm": 0.97368532, "totdasqkm": 49.03760003 }, "geometry": { "type": "LineString", "coordinates": [ [ -66.0293, 18.0308 ], [ -66.0281, 18.0304 ], [ -66.0281, 18.0295 ], [ -66.0325, 18.0291 ], [ -66.0323, 18.0278 ], [ -66.0315, 18.0271 ] ] } },
{ "type": "Feature", "properties": { "gnis_name": "Río Grande de Manati", "streamorde": 3, "lengthkm": 0.27986743, "totdasqkm": 37.71139972 }, "geometry": { "type": "LineString", "coordinates": [ [ -66.3508, 18.2747 ], [ -66.3524, 18.273 ] ] } },
{ "type": "Feature", "properties": { "gnis_name": null, "streamorde": 4, "lengthkm": 0.09059832, "totdasqkm": 42.50039999000001 }, "geometry": { "type": "LineString", "coordinates": [ [ -66.4749, 18.3352 ], [ -66.4745, 18.3358 ] ] } },
{ "type": "Feature", "properties": { "gnis_name": "Río Blanco", "streamorde": 4, "lengthkm": 0.12671636, "totdasqkm": 88.52670045000001 }, "geometry": { "type": "LineString", "coordinates": [ [ -66.8708, 18.2465 ], [ -66.8716, 18.2473 ] ] } },
{ "type": "Feature", "properties": { "gnis_name": null, "streamorde": 3, "lengthkm": 1.274, "totdasqkm": 11.76769998 }, "geometry": { "type": "LineString", "coordinates": [ [ -66.8477, 18.3782 ], [ -66.8472, 18.3787 ], [ -66.847, 18.3809 ], [ -66.8477, 18.3825 ], [ -66.8467, 18.3842 ], [ -66.8465, 18.3856 ], [ -66.8448, 18.3859 ], [ -66.8439, 18.3869 ] ] } },
{ "type": "Feature", "properties": { "gnis_name": null, "streamorde": 3, "lengthkm": 0.036, "totdasqkm": 18.97180001 }, "geometry": { "type": "LineString", "coordinates": [ [ -66.4795, 17.9922 ], [ -66.4795, 17.9918 ] ] } },
{ "type": "Feature", "properties": { "gnis_name": "Río Cuyón", "streamorde": 3, "lengthkm": 0.27134631, "totdasqkm": 38.83479974 }, "geometry": { "type": "LineString", "coordinates": [ [ -66.312, 18.0867 ], [ -66.3125, 18.0878 ], [ -66.3137, 18.0881 ] ] } },
{ "type": "Feature", "properties": { "gnis_name": null, "streamorde": 3, "lengthkm": 0.086, "totdasqkm": 44.78680018 }, "geometry": { "type": "LineString", "coordinates": [ [ -65.8262, 18.1447 ], [ -65.8255, 18.1446 ] ] } },
{ "type": "Feature", "properties": { "gnis_name": "Río Grande De Loiza", "streamorde": 6, "lengthkm": 0.81650609, "totdasqkm": 749.45089974999996 }, "geometry": { "type": "LineString", "coordinates": [ [ -65.8835, 18.4332 ], [ -65.8806, 18.4359 ], [ -65.879, 18.4368 ], [ -65.8782, 18.4383 ] ] } },
{ "type": "Feature", "properties": { "gnis_name": "Río Tanamá", "streamorde": 4, "lengthkm": 0.16726715, "totdasqkm": 47.19149969 }, "geometry": { "type": "LineString", "coordinates": [ [ -66.7814, 18.3019 ], [ -66.7829, 18.3021 ] ] } },
{ "type": "Feature", "properties": { "gnis_name": "Río Cayaguas", "streamorde": 3, "lengthkm": 2.55029432, "totdasqkm": 19.39400018 }, "geometry": { "type": "LineString", "coordinates": [ [ -65.9618, 18.1357 ], [ -65.9612, 18.1368 ], [ -65.9629, 18.1377 ], [ -65.963, 18.1385 ], [ -65.9644, 18.1402 ], [ -65.9629, 18.1397 ], [ -65.9619, 18.1419 ], [ -65.9613, 18.1416 ], [ -65.9607, 18.1421 ], [ -65.9621, 18.1432 ], [ -65.9629, 18.1451 ], [ -65.9616, 18.1466 ], [ -65.9592, 18.1472 ], [ -65.9576, 18.1493 ] ] } },
{ "type": "Feature", "properties": { "gnis_name": "Río Caonillas", "streamorde": 4, "lengthkm": 0.81514399, "totdasqkm": 136.37670001000001 }, "geometry": { "type": "LineString", "coordinates": [ [ -66.6453, 18.3024 ], [ -66.6454, 18.3027 ], [ -66.6472, 18.3029 ], [ -66.6476, 18.3051 ], [ -66.649, 18.3062 ], [ -66.649, 18.3072 ] ] } },
{ "type": "Feature", "properties": { "gnis_name": "Río Grande De Loiza", "streamorde": 5, "lengthkm": 0.01465463, "totdasqkm": 145.39769991 }, "geometry": { "type": "LineString", "coordinates": [ [ -66.0128, 18.2237 ], [ -66.0129, 18.2238 ] ] } },
{ "type": "Feature", "properties": { "gnis_name": "Río Grande De Loiza", "streamorde": 5, "lengthkm": 0.28340529, "totdasqkm": 141.40179989000001 }, "geometry": { "type": "LineString", "coordinates": [ [ -66.0007, 18.2188 ], [ -66.0034, 18.2189 ] ] } },
{ "type": "Feature", "properties": { "gnis_name": "Río Arroyata", "streamorde": 4, "lengthkm": 1.18120416, "totdasqkm": 14.40440005 }, "geometry": { "type": "LineString", "coordinates": [ [ -66.1839, 18.1854 ], [ -66.1842, 18.1865 ], [ -66.1859, 18.1878 ], [ -66.1872, 18.188 ], [ -66.188, 18.1873 ], [ -66.1881, 18.1887 ], [ -66.1911, 18.1907 ] ] } },
{ "type": "Feature", "properties": { "gnis_name": null, "streamorde": 4, "lengthkm": 0.149, "totdasqkm": 31.62999998 }, "geometry": { "type": "LineString", "coordinates": [ [ -66.7823, 18.0646 ], [ -66.7811, 18.064 ] ] } },
{ "type": "Feature", "properties": { "gnis_name": "Río Grande De Loiza", "streamorde": 6, "lengthkm": 0.49536948, "totdasqkm": 481.0144 }, "geometry": { "type": "LineString", "coordinates": [ [ -66.0092, 18.2778 ], [ -66.0101, 18.2789 ], [ -66.0129, 18.2804 ] ] } },
{ "type": "Feature", "properties": { "gnis_name": null, "streamorde": 5, "lengthkm": 0.24928075, "totdasqkm": 344.08159994 }, "geometry": { "type": "LineString", "coordinates": [ [ -66.4647, 18.3078 ], [ -66.4634, 18.3096 ] ] } },
{ "type": "Feature", "properties": { "gnis_name": "Río Toro Negro", "streamorde": 3, "lengthkm": 0.83441206, "totdasqkm": 33.05749973 }, "geometry": { "type": "LineString", "coordinates": [ [ -66.516, 18.219 ], [ -66.5175, 18.2262 ] ] } },
{ "type": "Feature", "properties": { "gnis_name": "Río San Patricio", "streamorde": 3, "lengthkm": 1.48997887, "totdasqkm": 15.10029995 }, "geometry": { "type": "LineString", "coordinates": [ [ -66.6149, 18.1236 ], [ -66.613, 18.123 ], [ -66.6128, 18.1213 ], [ -66.6115, 18.1211 ], [ -66.6112, 18.1201 ], [ -66.6102, 18.1207 ], [ -66.6105, 18.1189 ], [ -66.6089, 18.1191 ], [ -66.6069, 18.1178 ] ] } },
{ "type": "Feature", "properties": { "gnis_name": "Río Loco", "streamorde": 3, "lengthkm": 0.50893461, "totdasqkm": 19.78060011 }, "geometry": { "type": "LineString", "coordinates": [ [ -66.887, 18.0559 ], [ -66.8878, 18.0551 ], [ -66.8856, 18.0545 ], [ -66.8851, 18.0535 ] ] } },
{ "type": "Feature", "properties": { "gnis_name": "Río Toro Negro", "streamorde": 3, "lengthkm": 0.0500991, "totdasqkm": 4.10219998 }, "geometry": { "type": "LineString", "coordinates": [ [ -66.5271, 18.1594 ], [ -66.5275, 18.1597 ] ] } },
{ "type": "Feature", "properties": { "gnis_name": null, "streamorde": 4, "lengthkm": 0.09832659, "totdasqkm": 26.40399979 }, "geometry": { "type": "LineString", "coordinates": [ [ -66.7866, 18.256 ], [ -66.7856, 18.2561 ] ] } },
{ "type": "Feature", "properties": { "gnis_name": "Río Majada", "streamorde": 3, "lengthkm": 0.03866475, "totdasqkm": 41.38729996 }, "geometry": { "type": "LineString", "coordinates": [ [ -66.202, 18.0461 ], [ -66.2023, 18.0458 ] ] } },
{ "type": "Feature", "properties": { "gnis_name": null, "streamorde": 4, "lengthkm": 0.76213274, "totdasqkm": 21.89870005 }, "geometry": { "type": "LineString", "coordinates": [ [ -67.0823, 18.255 ], [ -67.0829, 18.2553 ], [ -67.0819, 18.2559 ], [ -67.082, 18.2573 ], [ -67.084, 18.2564 ], [ -67.0841, 18.2557 ], [ -67.0846, 18.2555 ] ] } },
{ "type": "Feature", "properties": { "gnis_name": null, "streamorde": 3, "lengthkm": 0.123, "totdasqkm": 23.50380014 }, "geometry": { "type": "LineString", "coordinates": [ [ -65.7013, 18.2743 ], [ -65.7012, 18.2749 ], [ -65.7016, 18.275 ] ] } },
{ "type": "Feature", "properties": { "gnis_name": "Río San Patricio", "streamorde": 3, "lengthkm": 0.636, "totdasqkm": 7.85960005 }, "geometry": { "type": "LineString", "coordinates": [ [ -66.6402, 18.1434 ], [ -66.6389, 18.1422 ], [ -66.6387, 18.141 ], [ -66.6374, 18.1402 ], [ -66.637, 18.1392 ] ] } },
{ "type": "Feature", "properties": { "gnis_name": "Río Rosario", "streamorde": 4, "lengthkm": 0.73015987, "totdasqkm": 38.45850005 }, "geometry": { "type": "LineString", "coordinates": [ [ -67.0518, 18.174 ], [ -67.0527, 18.1723 ], [ -67.0539, 18.1723 ], [ -67.0532, 18.1734 ], [ -67.0536, 18.1738 ], [ -67.0542, 18.1738 ], [ -67.0546, 18.1729 ] ] } },
{ "type": "Feature", "properties": { "gnis_name": null, "streamorde": 3, "lengthkm": 0.24611873, "totdasqkm": 4.46200014 }, "geometry": { "type": "LineString", "coordinates": [ [ -66.1945, 18.1357 ], [ -66.1958, 18.1376 ] ] } },
{ "type": "Feature", "properties": { "gnis_name": "Río Sonador", "streamorde": 3, "lengthkm": 0.86635321, "totdasqkm": 21.48300012 }, "geometry": { "type": "LineString", "coordinates": [ [ -67.0287, 18.341 ], [ -67.0282, 18.3422 ], [ -67.0268, 18.3421 ], [ -67.0222, 18.3445 ] ] } },
{ "type": "Feature", "properties": { "gnis_name": "Río Tallaboa", "streamorde": 4, "lengthkm": 0.02892381, "totdasqkm": 71.4373001 }, "geometry": { "type": "LineString", "coordinates": [ [ -66.7311, 18.0051 ], [ -66.7312, 18.0049 ] ] } },
{ "type": "Feature", "properties": { "gnis_name": null, "streamorde": 5, "lengthkm": 0.01018115, "totdasqkm": 552.7326999500001 }, "geometry": { "type": "LineString", "coordinates": [ [ -66.5275, 18.4441 ], [ -66.5274, 18.4441 ] ] } },
{ "type": "Feature", "properties": { "gnis_name": "Río Guilarte", "streamorde": 3, "lengthkm": 1.5904648, "totdasqkm": 7.44469988 }, "geometry": { "type": "LineString", "coordinates": [ [ -66.7686, 18.18 ], [ -66.7684, 18.181 ], [ -66.7706, 18.1811 ], [ -66.7707, 18.1816 ], [ -66.7702, 18.1818 ], [ -66.7705, 18.1822 ], [ -66.7703, 18.1828 ], [ -66.7711, 18.1835 ], [ -66.772, 18.1832 ], [ -66.7728, 18.1843 ], [ -66.7714, 18.1846 ], [ -66.7711, 18.1878 ] ] } },
{ "type": "Feature", "properties": { "gnis_name": "Río Guayo", "streamorde": 3, "lengthkm": 3.47, "totdasqkm": 29.63929979 }, "geometry": { "type": "LineString", "coordinates": [ [ -66.5372, 18.0815 ], [ -66.535, 18.0808 ], [ -66.5359, 18.0792 ], [ -66.5357, 18.0749 ], [ -66.5384, 18.0716 ], [ -66.5398, 18.0711 ], [ -66.5409, 18.0701 ], [ -66.54, 18.0682 ], [ -66.5407, 18.0682 ], [ -66.541, 18.0675 ], [ -66.5396, 18.0674 ], [ -66.5394, 18.0668 ], [ -66.5385, 18.067 ], [ -66.5382, 18.0664 ], [ -66.5386, 18.0661 ], [ -66.5379, 18.065 ], [ -66.5382, 18.064 ], [ -66.5394, 18.0638 ], [ -66.5389, 18.0646 ], [ -66.5391, 18.0656 ], [ -66.5402, 18.0662 ] ] } },
{ "type": "Feature", "properties": { "gnis_name": null, "streamorde": 3, "lengthkm": 0.745, "totdasqkm": 7.46229995 }, "geometry": { "type": "LineString", "coordinates": [ [ -66.4976, 18.1394 ], [ -66.4971, 18.1383 ], [ -66.4973, 18.137 ], [ -66.4957, 18.1367 ], [ -66.4967, 18.1345 ] ] } },
{ "type": "Feature", "properties": { "gnis_name": null, "streamorde": 3, "lengthkm": 0.2339315, "totdasqkm": 5.68199977 }, "geometry": { "type": "LineString", "coordinates": [ [ -67.1406, 18.182 ], [ -67.1426, 18.1811 ] ] } },
{ "type": "Feature", "properties": { "gnis_name": "Río Grande de Patillas", "streamorde": 3, "lengthkm": 0.11401704, "totdasqkm": 45.49419991000001 }, "geometry": { "type": "LineString", "coordinates": [ [ -66.0344, 18.0415 ], [ -66.0338, 18.0408 ] ] } },
{ "type": "Feature", "properties": { "gnis_name": null, "streamorde": 3, "lengthkm": 1.167, "totdasqkm": 3.0961 }, "geometry": { "type": "LineString", "coordinates": [ [ -65.7246, 18.3057 ], [ -65.7267, 18.3078 ], [ -65.7271, 18.3095 ], [ -65.7279, 18.3097 ], [ -65.7277, 18.3115 ], [ -65.7283, 18.3132 ], [ -65.7292, 18.314 ] ] } },
{ "type": "Feature", "properties": { "gnis_name": "Río Yauco", "streamorde": 3, "lengthkm": 1.65317521, "totdasqkm": 23.96669983 }, "geometry": { "type": "LineString", "coordinates": [ [ -66.871, 18.1088 ], [ -66.8697, 18.1048 ], [ -66.871, 18.1031 ], [ -66.8712, 18.1015 ], [ -66.8685, 18.0952 ] ] } },
{ "type": "Feature", "properties": { "gnis_name": null, "streamorde": 3, "lengthkm": 0.08842543, "totdasqkm": 27.03140016 }, "geometry": { "type": "LineString", "coordinates": [ [ -65.8291, 18.4228 ], [ -65.8284, 18.4231 ] ] } },
{ "type": "Feature", "properties": { "gnis_name": "Río Culebra", "streamorde": 4, "lengthkm": 0.40477347, "totdasqkm": 13.49330014 }, "geometry": { "type": "LineString", "coordinates": [ [ -67.2038, 18.3826 ], [ -67.2053, 18.382 ], [ -67.2071, 18.3819 ] ] } },
{ "type": "Feature", "properties": { "gnis_name": "Río Duey", "streamorde": 3, "lengthkm": 1.54766515, "totdasqkm": 17.68479996 }, "geometry": { "type": "LineString", "coordinates": [ [ -67.0706, 18.1441 ], [ -67.0724, 18.1423 ], [ -67.0712, 18.1385 ], [ -67.0712, 18.137 ], [ -67.0728, 18.1359 ], [ -67.0723, 18.1353 ], [ -67.0708, 18.1355 ], [ -67.0711, 18.134 ] ] } },
{ "type": "Feature", "properties": { "gnis_name": "Río Grande de Añasco", "streamorde": 5, "lengthkm": 0.08947991, "totdasqkm": 299.85260023000001 }, "geometry": { "type": "LineString", "coordinates": [ [ -66.9818, 18.275 ], [ -66.9826, 18.2748 ] ] } },
{ "type": "Feature", "properties": { "gnis_name": "Río Cerrillos", "streamorde": 4, "lengthkm": 1.648, "totdasqkm": 32.64540021000001 }, "geometry": { "type": "LineString", "coordinates": [ [ -66.6047, 18.1138 ], [ -66.6042, 18.1134 ], [ -66.5992, 18.1131 ], [ -66.5983, 18.1133 ], [ -66.598, 18.1145 ], [ -66.5976, 18.1131 ], [ -66.5989, 18.1111 ], [ -66.5974, 18.1112 ], [ -66.5963, 18.112 ] ] } },
{ "type": "Feature", "properties": { "gnis_name": "Río Arenas", "streamorde": 3, "lengthkm": 0.96780281, "totdasqkm": 14.67000039 }, "geometry": { "type": "LineString", "coordinates": [ [ -67.0003, 18.2659 ], [ -67.0002, 18.2663 ], [ -67.0018, 18.2682 ], [ -67.0028, 18.268 ], [ -67.0034, 18.2685 ], [ -67.0024, 18.2692 ], [ -67.0035, 18.2705 ], [ -67.0044, 18.2708 ] ] } },
{ "type": "Feature", "properties": { "gnis_name": null, "streamorde": 3, "lengthkm": 0.316, "totdasqkm": 19.1253999 }, "geometry": { "type": "LineString", "coordinates": [ [ -66.0508, 18.0637 ], [ -66.0496, 18.0646 ], [ -66.0485, 18.0639 ] ] } },
{ "type": "Feature", "properties": { "gnis_name": "Río Yagüez", "streamorde": 3, "lengthkm": 0.18166805, "totdasqkm": 6.40680003 }, "geometry": { "type": "LineString", "coordinates": [ [ -67.0655, 18.195 ], [ -67.067, 18.1957 ] ] } },
{ "type": "Feature", "properties": { "gnis_name": "Río Blanco", "streamorde": 4, "lengthkm": 0.19005388, "totdasqkm": 78.69090043 }, "geometry": { "type": "LineString", "coordinates": [ [ -66.8449, 18.2281 ], [ -66.8457, 18.2286 ], [ -66.8456, 18.2293 ] ] } },
{ "type": "Feature", "properties": { "gnis_name": "Río Culebrinas", "streamorde": 4, "lengthkm": 0.23817336, "totdasqkm": 162.74569985 }, "geometry": { "type": "LineString", "coordinates": [ [ -67.0682, 18.3603 ], [ -67.0675, 18.3594 ], [ -67.0678, 18.3587 ] ] } },
{ "type": "Feature", "properties": { "gnis_name": "Río Blanco", "streamorde": 4, "lengthkm": 0.06628941, "totdasqkm": 99.28630039 }, "geometry": { "type": "LineString", "coordinates": [ [ -66.8964, 18.2595 ], [ -66.897, 18.2593 ] ] } },
{ "type": "Feature", "properties": { "gnis_name": null, "streamorde": 3, "lengthkm": 1.615, "totdasqkm": 6.45169982 }, "geometry": { "type": "LineString", "coordinates": [ [ -66.2705, 18.3741 ], [ -66.2705, 18.3751 ], [ -66.2697, 18.3753 ], [ -66.2702, 18.3775 ], [ -66.2691, 18.379 ], [ -66.2696, 18.3799 ], [ -66.272, 18.38 ], [ -66.2732, 18.3809 ], [ -66.2731, 18.3824 ], [ -66.2716, 18.3837 ] ] } },
{ "type": "Feature", "properties": { "gnis_name": "Río Majada", "streamorde": 4, "lengthkm": 1.43124471, "totdasqkm": 90.70509974 }, "geometry": { "type": "LineString", "coordinates": [ [ -66.2466, 18.0306 ], [ -66.2494, 18.0285 ], [ -66.2502, 18.0283 ], [ -66.2526, 18.025 ], [ -66.2541, 18.0247 ], [ -66.2572, 18.0254 ] ] } },
{ "type": "Feature", "properties": { "gnis_name": null, "streamorde": 3, "lengthkm": 2.45186494, "totdasqkm": 12.15220007 }, "geometry": { "type": "LineString", "coordinates": [ [ -66.9154, 18.0345 ], [ -66.9127, 18.0338 ], [ -66.9121, 18.0315 ], [ -66.9096, 18.0305 ], [ -66.9063, 18.0269 ], [ -66.9058, 18.0253 ], [ -66.905, 18.0247 ], [ -66.9043, 18.0212 ], [ -66.9026, 18.0185 ] ] } },
{ "type": "Feature", "properties": { "gnis_name": "Río de la Plata", "streamorde": 5, "lengthkm": 0.30278144, "totdasqkm": 420.76859995000001 }, "geometry": { "type": "LineString", "coordinates": [ [ -66.2231, 18.3309 ], [ -66.2255, 18.3296 ] ] } },
{ "type": "Feature", "properties": { "gnis_name": null, "streamorde": 3, "lengthkm": 0.8801693, "totdasqkm": 11.37019994 }, "geometry": { "type": "LineString", "coordinates": [ [ -67.0563, 18.3618 ], [ -67.0566, 18.3601 ], [ -67.0577, 18.3603 ], [ -67.0585, 18.3595 ], [ -67.058, 18.3591 ], [ -67.0565, 18.3593 ], [ -67.0561, 18.3577 ] ] } },
{ "type": "Feature", "properties": { "gnis_name": "Río Usabón", "streamorde": 5, "lengthkm": 1.62248137, "totdasqkm": 61.64760009 }, "geometry": { "type": "LineString", "coordinates": [ [ -66.29, 18.1687 ], [ -66.284, 18.1705 ], [ -66.2828, 18.1713 ], [ -66.2816, 18.1713 ], [ -66.2793, 18.1729 ], [ -66.2787, 18.1739 ], [ -66.277, 18.174 ] ] } },
{ "type": "Feature", "properties": { "gnis_name": null, "streamorde": 3, "lengthkm": 0.343, "totdasqkm": 41.7144004 }, "geometry": { "type": "LineString", "coordinates": [ [ -65.6826, 18.2982 ], [ -65.6802, 18.3001 ] ] } },
{ "type": "Feature", "properties": { "gnis_name": "Río Pitahaya", "streamorde": 3, "lengthkm": 0.041, "totdasqkm": 15.45900013 }, "geometry": { "type": "LineString", "coordinates": [ [ -65.7228, 18.3556 ], [ -65.7227, 18.3559 ] ] } },
{ "type": "Feature", "properties": { "gnis_name": null, "streamorde": 4, "lengthkm": 0.23848531, "totdasqkm": 8.86759998 }, "geometry": { "type": "LineString", "coordinates": [ [ -67.1347, 18.1341 ], [ -67.1364, 18.1328 ] ] } },
{ "type": "Feature", "properties": { "gnis_name": null, "streamorde": 4, "lengthkm": 0.00938359, "totdasqkm": 136.3722997 }, "geometry": { "type": "LineString", "coordinates": [ [ -66.7109, 18.4154 ], [ -66.711, 18.4154 ] ] } },
{ "type": "Feature", "properties": { "gnis_name": null, "streamorde": 3, "lengthkm": 0.07464039, "totdasqkm": 52.10570031 }, "geometry": { "type": "LineString", "coordinates": [ [ -65.7854, 18.1233 ], [ -65.7852, 18.1226 ] ] } },
{ "type": "Feature", "properties": { "gnis_name": "Río Viejo", "streamorde": 4, "lengthkm": 0.09012559, "totdasqkm": 58.40979995 }, "geometry": { "type": "LineString", "coordinates": [ [ -67.1361, 18.1144 ], [ -67.1358, 18.1152 ] ] } },
{ "type": "Feature", "properties": { "gnis_name": "Río Cañas", "streamorde": 3, "lengthkm": 0.698, "totdasqkm": 11.08340013 }, "geometry": { "type": "LineString", "coordinates": [ [ -67.1493, 18.3656 ], [ -67.1499, 18.3658 ], [ -67.1497, 18.3663 ], [ -67.1512, 18.3665 ], [ -67.1514, 18.3674 ], [ -67.1523, 18.3666 ], [ -67.1531, 18.3674 ] ] } },
{ "type": "Feature", "properties": { "gnis_name": "Río Cibuco", "streamorde": 4, "lengthkm": 0.44442038, "totdasqkm": 117.32630003 }, "geometry": { "type": "LineString", "coordinates": [ [ -66.3503, 18.4305 ], [ -66.3503, 18.4309 ], [ -66.3512, 18.4307 ], [ -66.3515, 18.4297 ], [ -66.3523, 18.4306 ] ] } },
{ "type": "Feature", "properties": { "gnis_name": "Río Toro Negro", "streamorde": 4, "lengthkm": 1.20139379, "totdasqkm": 81.65669998 }, "geometry": { "type": "LineString", "coordinates": [ [ -66.4899, 18.2855 ], [ -66.4907, 18.2878 ], [ -66.4887, 18.2907 ], [ -66.4865, 18.292 ], [ -66.4841, 18.2923 ] ] } },
{ "type": "Feature", "properties": { "gnis_name": "Río Grande de Añasco", "streamorde": 5, "lengthkm": 0.6230441, "totdasqkm": 277.65940022000001 }, "geometry": { "type": "LineString", "coordinates": [ [ -66.965, 18.2661 ], [ -66.9674, 18.2632 ], [ -66.9693, 18.2635 ] ] } },
{ "type": "Feature", "properties": { "gnis_name": "Río Rosario", "streamorde": 4, "lengthkm": 1.48574537, "totdasqkm": 47.23260039 }, "geometry": { "type": "LineString", "coordinates": [ [ -67.0769, 18.1693 ], [ -67.0787, 18.1675 ], [ -67.0821, 18.1681 ], [ -67.0831, 18.1662 ], [ -67.0846, 18.165 ], [ -67.0843, 18.1632 ], [ -67.0856, 18.1632 ] ] } },
{ "type": "Feature", "properties": { "gnis_name": "Río Caín", "streamorde": 3, "lengthkm": 0.20248311, "totdasqkm": 21.13279973 }, "geometry": { "type": "LineString", "coordinates": [ [ -67.0399, 18.0968 ], [ -67.0403, 18.0951 ] ] } },
{ "type": "Feature", "properties": { "gnis_name": "Río Guanajibo", "streamorde": 4, "lengthkm": 0.19802191, "totdasqkm": 38.20939977 }, "geometry": { "type": "LineString", "coordinates": [ [ -66.9576, 18.0679 ], [ -66.9593, 18.0676 ] ] } },
{ "type": "Feature", "properties": { "gnis_name": "Río Minillas", "streamorde": 3, "lengthkm": 1.02155352, "totdasqkm": 9.70310014 }, "geometry": { "type": "LineString", "coordinates": [ [ -66.1503, 18.3576 ], [ -66.1499, 18.3582 ], [ -66.1474, 18.3587 ], [ -66.1444, 18.3582 ], [ -66.1437, 18.3576 ], [ -66.1425, 18.358 ], [ -66.1418, 18.3577 ] ] } },
{ "type": "Feature", "properties": { "gnis_name": "Río Culebrinas", "streamorde": 4, "lengthkm": 1.95673688, "totdasqkm": 43.18689974 }, "geometry": { "type": "LineString", "coordinates": [ [ -66.9906, 18.331 ], [ -66.9916, 18.3334 ], [ -66.992, 18.3332 ], [ -66.992, 18.3321 ], [ -66.993, 18.3318 ], [ -66.9975, 18.3351 ], [ -66.9983, 18.3346 ], [ -66.9983, 18.3333 ], [ -66.9994, 18.3326 ], [ -67.0004, 18.3332 ], [ -67.0015, 18.333 ], [ -67.0024, 18.3335 ] ] } },
{ "type": "Feature", "properties": { "gnis_name": "Río Guaynabo", "streamorde": 4, "lengthkm": 0.89321365, "totdasqkm": 29.33759989 }, "geometry": { "type": "LineString", "coordinates": [ [ -66.1143, 18.3481 ], [ -66.1142, 18.3487 ], [ -66.1126, 18.349 ], [ -66.1129, 18.351 ], [ -66.1137, 18.3518 ], [ -66.1138, 18.3532 ], [ -66.1133, 18.3541 ] ] } },
{ "type": "Feature", "properties": { "gnis_name": null, "streamorde": 4, "lengthkm": 1.18754024, "totdasqkm": 30.51830008 }, "geometry": { "type": "LineString", "coordinates": [ [ -67.1113, 18.0125 ], [ -67.1143, 18.0133 ], [ -67.1223, 18.0124 ] ] } },
{ "type": "Feature", "properties": { "gnis_name": "Río Blanco", "streamorde": 4, "lengthkm": 0.52514218, "totdasqkm": 75.00120039 }, "geometry": { "type": "LineString", "coordinates": [ [ -66.8294, 18.2228 ], [ -66.8293, 18.2235 ], [ -66.8302, 18.2241 ], [ -66.8306, 18.2251 ], [ -66.8323, 18.2262 ] ] } },
{ "type": "Feature", "properties": { "gnis_name": "Río Guayanilla", "streamorde": 4, "lengthkm": 0.097, "totdasqkm": 31.63489997 }, "geometry": { "type": "LineString", "coordinates": [ [ -66.7823, 18.0646 ], [ -66.7815, 18.0645 ] ] } },
{ "type": "Feature", "properties": { "gnis_name": "Río Guanajibo", "streamorde": 4, "lengthkm": 2.32320017, "totdasqkm": 94.0035997 }, "geometry": { "type": "LineString", "coordinates": [ [ -67.0318, 18.0828 ], [ -67.0357, 18.0836 ], [ -67.0379, 18.0853 ], [ -67.0416, 18.0858 ], [ -67.0431, 18.0866 ], [ -67.0436, 18.0874 ], [ -67.0435, 18.0892 ], [ -67.0431, 18.0904 ], [ -67.0412, 18.092 ], [ -67.0408, 18.0945 ] ] } },
{ "type": "Feature", "properties": { "gnis_name": null, "streamorde": 3, "lengthkm": 3.78434086, "totdasqkm": 7.88540003 }, "geometry": { "type": "LineString", "coordinates": [ [ -66.8727, 18.0396 ], [ -66.8717, 18.0388 ], [ -66.8715, 18.0377 ], [ -66.8695, 18.0353 ], [ -66.8683, 18.0329 ], [ -66.8692, 18.0322 ], [ -66.869, 18.0306 ], [ -66.8694, 18.0304 ], [ -66.8696, 18.0286 ], [ -66.8692, 18.0282 ], [ -66.8691, 18.027 ], [ -66.8698, 18.0266 ], [ -66.8697, 18.0248 ], [ -66.8705, 18.0245 ], [ -66.8707, 18.0225 ], [ -66.8714, 18.0227 ], [ -66.8725, 18.0217 ], [ -66.8729, 18.0204 ], [ -66.8741, 18.0204 ], [ -66.8748, 18.0191 ], [ -66.8752, 18.0195 ], [ -66.8756, 18.0192 ], [ -66.8749, 18.017 ], [ -66.8754, 18.0145 ] ] } },
{ "type": "Feature", "properties": { "gnis_name": "Río Cerrillos", "streamorde": 4, "lengthkm": 0.023, "totdasqkm": 52.46130025 }, "geometry": { "type": "LineString", "coordinates": [ [ -66.5847, 18.0507 ], [ -66.5849, 18.0505 ] ] } },
{ "type": "Feature", "properties": { "gnis_name": null, "streamorde": 5, "lengthkm": 0.00643203, "totdasqkm": 226.0301999 }, "geometry": { "type": "LineString", "coordinates": [ ] } },
{ "type": "Feature", "properties": { "gnis_name": "Río Viví", "streamorde": 4, "lengthkm": 0.14297291, "totdasqkm": 33.98249986 }, "geometry": { "type": "LineString", "coordinates": [ [ -66.6919, 18.261 ], [ -66.6913, 18.2622 ] ] } },
{ "type": "Feature", "properties": { "gnis_name": "Río Grande de Añasco", "streamorde": 5, "lengthkm": 0.13114195, "totdasqkm": 304.41710003000003 }, "geometry": { "type": "LineString", "coordinates": [ [ -66.991, 18.2767 ], [ -66.992, 18.2759 ] ] } },
{ "type": "Feature", "properties": { "gnis_name": "Río Guanajibo", "streamorde": 5, "lengthkm": 0.19469745, "totdasqkm": 306.95889956999997 }, "geometry": { "type": "LineString", "coordinates": [ [ -67.1432, 18.1382 ], [ -67.1447, 18.1392 ] ] } },
{ "type": "Feature", "properties": { "gnis_name": "Río Gurabo", "streamorde": 5, "lengthkm": 0.6612956, "totdasqkm": 167.49500015000001 }, "geometry": { "type": "LineString", "coordinates": [ [ -65.9837, 18.2674 ], [ -65.9845, 18.2668 ], [ -65.9839, 18.263 ], [ -65.9841, 18.262 ] ] } },
{ "type": "Feature", "properties": { "gnis_name": "Río Grande De Loiza", "streamorde": 6, "lengthkm": 0.34067961, "totdasqkm": 481.89359997000003 }, "geometry": { "type": "LineString", "coordinates": [ [ -66.0129, 18.2804 ], [ -66.016, 18.281 ] ] } },
{ "type": "Feature", "properties": { "gnis_name": "Río Cialitos", "streamorde": 3, "lengthkm": 0.34411841, "totdasqkm": 5.76770001 }, "geometry": { "type": "LineString", "coordinates": [ [ -66.5374, 18.2327 ], [ -66.5354, 18.2334 ], [ -66.5348, 18.2325 ] ] } },
{ "type": "Feature", "properties": { "gnis_name": null, "streamorde": 3, "lengthkm": 0.45855368, "totdasqkm": 5.9340001 }, "geometry": { "type": "LineString", "coordinates": [ [ -66.3222, 18.1655 ], [ -66.3198, 18.166 ], [ -66.3191, 18.1674 ] ] } },
{ "type": "Feature", "properties": { "gnis_name": "Río de la Plata", "streamorde": 4, "lengthkm": 0.89633375, "totdasqkm": 44.92089993 }, "geometry": { "type": "LineString", "coordinates": [ [ -66.1141, 18.1027 ], [ -66.1139, 18.1038 ], [ -66.1143, 18.1055 ], [ -66.1131, 18.1063 ], [ -66.113, 18.107 ], [ -66.1134, 18.1078 ], [ -66.1154, 18.1083 ] ] } },
{ "type": "Feature", "properties": { "gnis_name": "Río Guaynabo", "streamorde": 4, "lengthkm": 1.33039556, "totdasqkm": 33.11029998 }, "geometry": { "type": "LineString", "coordinates": [ [ -66.1181, 18.3608 ], [ -66.118, 18.3633 ], [ -66.119, 18.3637 ], [ -66.1191, 18.3641 ], [ -66.1177, 18.3657 ], [ -66.1204, 18.3656 ], [ -66.1203, 18.3684 ] ] } },
{ "type": "Feature", "properties": { "gnis_name": "Río Espíritu Santo", "streamorde": 4, "lengthkm": 0.0721171, "totdasqkm": 82.79879998 }, "geometry": { "type": "LineString", "coordinates": [ [ -65.8103, 18.396 ], [ -65.8106, 18.3966 ] ] } },
{ "type": "Feature", "properties": { "gnis_name": "Río Toro Negro", "streamorde": 4, "lengthkm": 0.12541922, "totdasqkm": 69.97819994 }, "geometry": { "type": "LineString", "coordinates": [ [ -66.5118, 18.264 ], [ -66.5116, 18.2651 ] ] } },
{ "type": "Feature", "properties": { "gnis_name": "Río de Bayamón", "streamorde": 4, "lengthkm": 1.92443327, "totdasqkm": 29.39799987 }, "geometry": { "type": "LineString", "coordinates": [ [ -66.139, 18.2102 ], [ -66.14, 18.2108 ], [ -66.1411, 18.2108 ], [ -66.1427, 18.2099 ], [ -66.1428, 18.211 ], [ -66.1442, 18.2134 ], [ -66.1468, 18.2134 ], [ -66.1458, 18.2151 ], [ -66.1455, 18.2172 ], [ -66.1465, 18.2179 ], [ -66.1463, 18.2192 ] ] } },
{ "type": "Feature", "properties": { "gnis_name": "Río Toro Negro", "streamorde": 4, "lengthkm": 0.10814386, "totdasqkm": 76.19360006000001 }, "geometry": { "type": "LineString", "coordinates": [ [ -66.5001, 18.2824 ], [ -66.5009, 18.283 ] ] } },
{ "type": "Feature", "properties": { "gnis_name": null, "streamorde": 4, "lengthkm": 0.111, "totdasqkm": 16.0711001 }, "geometry": { "type": "LineString", "coordinates": [ [ -66.7398, 18.1404 ], [ -66.7389, 18.1404 ] ] } },
{ "type": "Feature", "properties": { "gnis_name": null, "streamorde": 3, "lengthkm": 0.32427846, "totdasqkm": 3.69669976 }, "geometry": { "type": "LineString", "coordinates": [ [ -67.1525, 18.1557 ], [ -67.1548, 18.1573 ] ] } },
{ "type": "Feature", "properties": { "gnis_name": "Río Arroyata", "streamorde": 3, "lengthkm": 0.16754261, "totdasqkm": 4.40180008 }, "geometry": { "type": "LineString", "coordinates": [ [ -66.1687, 18.1729 ], [ -66.1687, 18.1741 ] ] } },
{ "type": "Feature", "properties": { "gnis_name": "Río Valenciano", "streamorde": 3, "lengthkm": 0.50960974, "totdasqkm": 19.37070005 }, "geometry": { "type": "LineString", "coordinates": [ [ -65.9069, 18.1838 ], [ -65.9071, 18.1853 ], [ -65.9065, 18.1883 ] ] } },
{ "type": "Feature", "properties": { "gnis_name": null, "streamorde": 3, "lengthkm": 1.047, "totdasqkm": 2.14560001 }, "geometry": { "type": "LineString", "coordinates": [ [ -66.3117, 18.2983 ], [ -66.3106, 18.298 ], [ -66.3095, 18.2992 ], [ -66.308, 18.2994 ], [ -66.3077, 18.3 ], [ -66.3081, 18.3008 ], [ -66.3071, 18.3032 ], [ -66.3074, 18.3039 ] ] } },
{ "type": "Feature", "properties": { "gnis_name": "Río de la Plata", "streamorde": 5, "lengthkm": 1.01086481, "totdasqkm": 535.70890014999998 }, "geometry": { "type": "LineString", "coordinates": [ [ -66.2524, 18.3943 ], [ -66.2562, 18.3966 ], [ -66.2571, 18.3979 ], [ -66.2579, 18.401 ] ] } },
{ "type": "Feature", "properties": { "gnis_name": "Río Bauta", "streamorde": 3, "lengthkm": 0.06391012, "totdasqkm": 49.70629978 }, "geometry": { "type": "LineString", "coordinates": [ [ -66.4486, 18.2427 ], [ -66.4486, 18.2432 ] ] } },
{ "type": "Feature", "properties": { "gnis_name": "Río Bauta", "streamorde": 4, "lengthkm": 0.47380125, "totdasqkm": 163.56889965000002 }, "geometry": { "type": "LineString", "coordinates": [ [ -66.4548, 18.3005 ], [ -66.4561, 18.3046 ] ] } },
{ "type": "Feature", "properties": { "gnis_name": "Río Guayanilla", "streamorde": 4, "lengthkm": 1.203, "totdasqkm": 42.87990035 }, "geometry": { "type": "LineString", "coordinates": [ [ -66.7996, 18.056 ], [ -66.8002, 18.0549 ], [ -66.7983, 18.0536 ], [ -66.7993, 18.0517 ], [ -66.8007, 18.0506 ], [ -66.8042, 18.0504 ] ] } },
{ "type": "Feature", "properties": { "gnis_name": null, "streamorde": 3, "lengthkm": 0.54782358, "totdasqkm": 15.11459999 }, "geometry": { "type": "LineString", "coordinates": [ [ -65.8432, 18.2245 ], [ -65.8453, 18.2252 ], [ -65.8477, 18.2243 ] ] } },
{ "type": "Feature", "properties": { "gnis_name": "Río Cuyón", "streamorde": 4, "lengthkm": 0.54060231, "totdasqkm": 80.53179966 }, "geometry": { "type": "LineString", "coordinates": [ [ -66.3506, 18.0851 ], [ -66.3549, 18.0825 ] ] } },
{ "type": "Feature", "properties": { "gnis_name": "Río Mameyes", "streamorde": 3, "lengthkm": 1.266, "totdasqkm": 21.0040999 }, "geometry": { "type": "LineString", "coordinates": [ [ -65.7565, 18.3301 ], [ -65.7559, 18.332 ], [ -65.7563, 18.3339 ], [ -65.7541, 18.335 ], [ -65.7544, 18.3399 ] ] } },
{ "type": "Feature", "properties": { "gnis_name": "Río Turabo", "streamorde": 4, "lengthkm": 0.32853536, "totdasqkm": 28.59100012 }, "geometry": { "type": "LineString", "coordinates": [ [ -66.0465, 18.1809 ], [ -66.0472, 18.1811 ], [ -66.0479, 18.1831 ] ] } },
{ "type": "Feature", "properties": { "gnis_name": null, "streamorde": 4, "lengthkm": 0.08700696, "totdasqkm": 98.81570007000001 }, "geometry": { "type": "LineString", "coordinates": [ [ -66.6352, 18.2314 ], [ -66.6349, 18.232 ] ] } },
{ "type": "Feature", "properties": { "gnis_name": null, "streamorde": 3, "lengthkm": 0.94063622, "totdasqkm": 20.82630026 }, "geometry": { "type": "LineString", "coordinates": [ [ -66.9408, 18.0128 ], [ -66.9442, 18.0049 ] ] } },
{ "type": "Feature", "properties": { "gnis_name": "Río Coamo", "streamorde": 4, "lengthkm": 2.32806842, "totdasqkm": 32.06580015 }, "geometry": { "type": "LineString", "coordinates": [ [ -66.3618, 18.0965 ], [ -66.3635, 18.0948 ], [ -66.3599, 18.0914 ], [ -66.3607, 18.09 ], [ -66.3605, 18.0894 ], [ -66.361, 18.0892 ], [ -66.3601, 18.0867 ], [ -66.3582, 18.087 ], [ -66.3574, 18.0848 ], [ -66.3552, 18.0837 ], [ -66.3549, 18.0825 ] ] } },
{ "type": "Feature", "properties": { "gnis_name": "Río Espíritu Santo", "streamorde": 3, "lengthkm": 3.447, "totdasqkm": 16.72849996 }, "geometry": { "type": "LineString", "coordinates": [ [ -65.8255, 18.3342 ], [ -65.8254, 18.335 ], [ -65.8282, 18.3377 ], [ -65.8292, 18.3406 ], [ -65.8286, 18.3411 ], [ -65.8258, 18.3411 ], [ -65.8259, 18.3434 ], [ -65.8247, 18.3444 ], [ -65.8253, 18.3462 ], [ -65.8235, 18.3463 ], [ -65.8233, 18.3467 ], [ -65.8245, 18.3495 ], [ -65.8244, 18.3524 ], [ -65.8237, 18.3529 ], [ -65.8225, 18.3524 ], [ -65.8221, 18.3529 ], [ -65.8222, 18.354 ], [ -65.8209, 18.354 ] ] } },
{ "type": "Feature", "properties": { "gnis_name": "Río Blanco", "streamorde": 4, "lengthkm": 0.14874455, "totdasqkm": 76.40250031000001 }, "geometry": { "type": "LineString", "coordinates": [ [ -66.8369, 18.2289 ], [ -66.8382, 18.2284 ] ] } },
{ "type": "Feature", "properties": { "gnis_name": "Río Nueve Pasos", "streamorde": 3, "lengthkm": 1.67330819, "totdasqkm": 4.46769999 }, "geometry": { "type": "LineString", "coordinates": [ [ -67.0242, 18.1528 ], [ -67.0241, 18.1508 ], [ -67.0249, 18.1496 ], [ -67.0251, 18.148 ], [ -67.0268, 18.1474 ], [ -67.027, 18.1456 ], [ -67.0304, 18.1444 ], [ -67.0326, 18.1456 ] ] } },
{ "type": "Feature", "properties": { "gnis_name": null, "streamorde": 4, "lengthkm": 0.20483393, "totdasqkm": 37.21829964000001 }, "geometry": { "type": "LineString", "coordinates": [ [ -66.881, 18.1946 ], [ -66.8826, 18.1955 ] ] } },
{ "type": "Feature", "properties": { "gnis_name": "Río Grande de Añasco", "streamorde": 5, "lengthkm": 0.41805132, "totdasqkm": 301.4668002 }, "geometry": { "type": "LineString", "coordinates": [ [ -66.9833, 18.2745 ], [ -66.9872, 18.2751 ] ] } },
{ "type": "Feature", "properties": { "gnis_name": "Canal Aguadilla", "streamorde": 3, "lengthkm": 0.82588484, "totdasqkm": 21.02840036 }, "geometry": { "type": "LineString", "coordinates": [ [ -67.1342, 18.4755 ], [ -67.1344, 18.4762 ], [ -67.1352, 18.4763 ], [ -67.1397, 18.4756 ], [ -67.1404, 18.4767 ] ] } },
{ "type": "Feature", "properties": { "gnis_name": null, "streamorde": 3, "lengthkm": 0.83474806, "totdasqkm": 23.41910008 }, "geometry": { "type": "LineString", "coordinates": [ [ -67.0411, 18.0093 ], [ -67.0336, 18.007 ] ] } },
{ "type": "Feature", "properties": { "gnis_name": "Río Hondo", "streamorde": 3, "lengthkm": 1.95335173, "totdasqkm": 4.6691001 }, "geometry": { "type": "LineString", "coordinates": [ [ -67.1145, 18.1654 ], [ -67.1148, 18.1649 ], [ -67.1156, 18.1651 ], [ -67.1166, 18.1645 ], [ -67.1189, 18.1652 ], [ -67.1196, 18.1642 ], [ -67.1209, 18.1638 ], [ -67.1214, 18.1646 ], [ -67.1226, 18.1647 ], [ -67.1234, 18.1659 ], [ -67.1242, 18.1657 ], [ -67.1243, 18.1667 ], [ -67.1238, 18.1674 ], [ -67.125, 18.1679 ], [ -67.1254, 18.1694 ] ] } },
{ "type": "Feature", "properties": { "gnis_name": "Río Mavilla", "streamorde": 3, "lengthkm": 0.86822396, "totdasqkm": 23.44510009 }, "geometry": { "type": "LineString", "coordinates": [ [ -66.2882, 18.3232 ], [ -66.2865, 18.3235 ], [ -66.2862, 18.3256 ], [ -66.284, 18.3252 ], [ -66.2827, 18.3263 ] ] } },
{ "type": "Feature", "properties": { "gnis_name": "Río Guanajibo", "streamorde": 5, "lengthkm": 0.09321061, "totdasqkm": 307.92229963 }, "geometry": { "type": "LineString", "coordinates": [ [ -67.1505, 18.1421 ], [ -67.1513, 18.1419 ] ] } },
{ "type": "Feature", "properties": { "gnis_name": "Río Tallaboa", "streamorde": 4, "lengthkm": 0.697, "totdasqkm": 65.37170028 }, "geometry": { "type": "LineString", "coordinates": [ [ -66.7215, 18.0447 ], [ -66.7208, 18.0429 ], [ -66.7204, 18.0386 ] ] } },
{ "type": "Feature", "properties": { "gnis_name": "Río Gurabo", "streamorde": 5, "lengthkm": 0.79298494, "totdasqkm": 179.1147 }, "geometry": { "type": "LineString", "coordinates": [ [ -66.0019, 18.2691 ], [ -66.0055, 18.2706 ], [ -66.0076, 18.2708 ], [ -66.0084, 18.2719 ] ] } },
{ "type": "Feature", "properties": { "gnis_name": "Río Pellejas", "streamorde": 3, "lengthkm": 0.38429944, "totdasqkm": 17.76509981 }, "geometry": { "type": "LineString", "coordinates": [ [ -66.7044, 18.2005 ], [ -66.7034, 18.2023 ], [ -66.7032, 18.2037 ] ] } },
{ "type": "Feature", "properties": { "gnis_name": null, "streamorde": 3, "lengthkm": 1.87753277, "totdasqkm": 10.37499982 }, "geometry": { "type": "LineString", "coordinates": [ [ -65.9681, 18.3101 ], [ -65.9678, 18.3106 ], [ -65.9684, 18.3123 ], [ -65.9699, 18.3124 ], [ -65.9691, 18.313 ], [ -65.9692, 18.3141 ], [ -65.9707, 18.3146 ], [ -65.9707, 18.3155 ], [ -65.9727, 18.3155 ], [ -65.9724, 18.3164 ], [ -65.9739, 18.3171 ], [ -65.9737, 18.319 ], [ -65.9725, 18.3201 ] ] } },
{ "type": "Feature", "properties": { "gnis_name": "Río Grande", "streamorde": 3, "lengthkm": 0.55607671, "totdasqkm": 15.69380009 }, "geometry": { "type": "LineString", "coordinates": [ [ -66.9355, 18.1059 ], [ -66.9351, 18.1054 ], [ -66.9363, 18.1043 ], [ -66.9358, 18.1017 ] ] } },
{ "type": "Feature", "properties": { "gnis_name": "Río Grande de Añasco", "streamorde": 5, "lengthkm": 0.0977597, "totdasqkm": 257.60910013 }, "geometry": { "type": "LineString", "coordinates": [ [ -66.9311, 18.2534 ], [ -66.932, 18.2532 ] ] } },
{ "type": "Feature", "properties": { "gnis_name": null, "streamorde": 4, "lengthkm": 0.26040877, "totdasqkm": 36.41400001 }, "geometry": { "type": "LineString", "coordinates": [ [ -67.1322, 18.0115 ], [ -67.1346, 18.0109 ] ] } },
{ "type": "Feature", "properties": { "gnis_name": "Río Grande de Patillas", "streamorde": 3, "lengthkm": 0.25125208, "totdasqkm": 43.87609995 }, "geometry": { "type": "LineString", "coordinates": [ [ -66.0379, 18.045 ], [ -66.0376, 18.0433 ], [ -66.0371, 18.043 ] ] } },
{ "type": "Feature", "properties": { "gnis_name": null, "streamorde": 3, "lengthkm": 0.13966699, "totdasqkm": 14.80170006 }, "geometry": { "type": "LineString", "coordinates": [ [ -66.3111, 18.1575 ], [ -66.3102, 18.1582 ] ] } },
{ "type": "Feature", "properties": { "gnis_name": "Caño La Puente", "streamorde": 4, "lengthkm": 0.06816136, "totdasqkm": 26.37739996 }, "geometry": { "type": "LineString", "coordinates": [ [ -67.1831, 18.2768 ], [ -67.1836, 18.2763 ] ] } },
{ "type": "Feature", "properties": { "gnis_name": null, "streamorde": 4, "lengthkm": 1.71563133, "totdasqkm": 49.16199946 }, "geometry": { "type": "LineString", "coordinates": [ [ -66.8715, 18.2121 ], [ -66.8737, 18.214 ], [ -66.8724, 18.2163 ], [ -66.8737, 18.2169 ], [ -66.874, 18.2181 ], [ -66.8733, 18.2185 ], [ -66.8718, 18.2181 ], [ -66.8687, 18.2163 ], [ -66.8675, 18.2161 ] ] } },
{ "type": "Feature", "properties": { "gnis_name": "Río de Bayamón", "streamorde": 4, "lengthkm": 0.34402774, "totdasqkm": 68.54570019 }, "geometry": { "type": "LineString", "coordinates": [ [ -66.1399, 18.268 ], [ -66.1408, 18.2709 ] ] } },
{ "type": "Feature", "properties": { "gnis_name": "Río Guajataca", "streamorde": 3, "lengthkm": 2.64970247, "totdasqkm": 39.86049999 }, "geometry": { "type": "LineString", "coordinates": [ [ -66.9172, 18.3293 ], [ -66.9152, 18.3319 ], [ -66.9131, 18.333 ], [ -66.9117, 18.3322 ], [ -66.9106, 18.3328 ], [ -66.9098, 18.3327 ], [ -66.9087, 18.3341 ], [ -66.9089, 18.335 ], [ -66.9069, 18.3373 ], [ -66.9073, 18.3386 ], [ -66.9064, 18.3391 ], [ -66.9083, 18.3401 ], [ -66.9081, 18.3419 ], [ -66.9091, 18.3435 ] ] } },
{ "type": "Feature", "properties": { "gnis_name": "Río Lapa", "streamorde": 3, "lengthkm": 0.03356378, "totdasqkm": 28.61009998 }, "geometry": { "type": "LineString", "coordinates": [ [ -66.2423, 18.0489 ], [ -66.2423, 18.0486 ] ] } },
{ "type": "Feature", "properties": { "gnis_name": "Río de la Plata", "streamorde": 5, "lengthkm": 0.22693927, "totdasqkm": 567.58720032000008 }, "geometry": { "type": "LineString", "coordinates": [ [ -66.2557, 18.475 ], [ -66.2558, 18.4761 ], [ -66.255, 18.4762 ] ] } },
{ "type": "Feature", "properties": { "gnis_name": "Río Blanco", "streamorde": 4, "lengthkm": 0.10548922, "totdasqkm": 99.66920037 }, "geometry": { "type": "LineString", "coordinates": [ [ -66.8975, 18.2555 ], [ -66.8984, 18.2558 ] ] } },
{ "type": "Feature", "properties": { "gnis_name": null, "streamorde": 3, "lengthkm": 1.39580616, "totdasqkm": 25.9795002 }, "geometry": { "type": "LineString", "coordinates": [ [ -65.8438, 18.4055 ], [ -65.8352, 18.415 ] ] } },
{ "type": "Feature", "properties": { "gnis_name": null, "streamorde": 3, "lengthkm": 0.30524149, "totdasqkm": 52.58899998 }, "geometry": { "type": "LineString", "coordinates": [ [ -66.6142, 18.2136 ], [ -66.6143, 18.2124 ], [ -66.6158, 18.212 ] ] } },
{ "type": "Feature", "properties": { "gnis_name": null, "streamorde": 3, "lengthkm": 0.50088915, "totdasqkm": 5.8843 }, "geometry": { "type": "LineString", "coordinates": [ [ -66.0407, 18.178 ], [ -66.0421, 18.1799 ], [ -66.0441, 18.18 ] ] } },
{ "type": "Feature", "properties": { "gnis_name": null, "streamorde": 3, "lengthkm": 0.502, "totdasqkm": 51.29510032 }, "geometry": { "type": "LineString", "coordinates": [ [ -65.6534, 18.3084 ], [ -65.6521, 18.3106 ], [ -65.6538, 18.3113 ] ] } },
{ "type": "Feature", "properties": { "gnis_name": "Río Guatemala", "streamorde": 3, "lengthkm": 1.65096446, "totdasqkm": 12.44690007 }, "geometry": { "type": "LineString", "coordinates": [ [ -66.969, 18.3676 ], [ -66.9694, 18.3671 ], [ -66.9704, 18.3672 ], [ -66.971, 18.3679 ], [ -66.9731, 18.3675 ], [ -66.9735, 18.3664 ], [ -66.9782, 18.3646 ], [ -66.9793, 18.3635 ], [ -66.9799, 18.3643 ], [ -66.9815, 18.3644 ] ] } },
{ "type": "Feature", "properties": { "gnis_name": "Río Grande de Jayuya", "streamorde": 4, "lengthkm": 1.28614691, "totdasqkm": 64.17110013 }, "geometry": { "type": "LineString", "coordinates": [ [ -66.6163, 18.2101 ], [ -66.6195, 18.2089 ], [ -66.6215, 18.2041 ], [ -66.6243, 18.2031 ] ] } },
{ "type": "Feature", "properties": { "gnis_name": "Río Gurabo", "streamorde": 4, "lengthkm": 0.10123063, "totdasqkm": 41.48910002 }, "geometry": { "type": "LineString", "coordinates": [ [ -65.8766, 18.2281 ], [ -65.8775, 18.2282 ] ] } },
{ "type": "Feature", "properties": { "gnis_name": "Río Cibuco", "streamorde": 4, "lengthkm": 2.30097105, "totdasqkm": 94.04819996000001 }, "geometry": { "type": "LineString", "coordinates": [ [ -66.3515, 18.3658 ], [ -66.3502, 18.3685 ], [ -66.3514, 18.3702 ], [ -66.35, 18.3714 ], [ -66.3499, 18.3735 ], [ -66.3482, 18.3736 ], [ -66.3477, 18.3742 ], [ -66.3478, 18.3774 ], [ -66.3489, 18.3786 ], [ -66.3475, 18.3797 ], [ -66.3472, 18.3807 ], [ -66.3482, 18.3815 ] ] } },
{ "type": "Feature", "properties": { "gnis_name": "Río Culebrinas", "streamorde": 5, "lengthkm": 0.28019924, "totdasqkm": 205.97939975 }, "geometry": { "type": "LineString", "coordinates": [ [ -67.1154, 18.3751 ], [ -67.1146, 18.3763 ], [ -67.1152, 18.3771 ] ] } },
{ "type": "Feature", "properties": { "gnis_name": "Río Guaynabo", "streamorde": 4, "lengthkm": 0.1307481, "totdasqkm": 46.3631999 }, "geometry": { "type": "LineString", "coordinates": [ [ -66.124, 18.3693 ], [ -66.1247, 18.3701 ] ] } },
{ "type": "Feature", "properties": { "gnis_name": "Río Cibuco", "streamorde": 5, "lengthkm": 0.61309169, "totdasqkm": 212.40630005 }, "geometry": { "type": "LineString", "coordinates": [ [ -66.3697, 18.4558 ], [ -66.3676, 18.4576 ], [ -66.3668, 18.4574 ], [ -66.3656, 18.4589 ] ] } },
{ "type": "Feature", "properties": { "gnis_name": "Río Grande de Patillas", "streamorde": 3, "lengthkm": 0.29809681, "totdasqkm": 47.55249995 }, "geometry": { "type": "LineString", "coordinates": [ [ -66.0358, 18.0336 ], [ -66.0354, 18.0331 ], [ -66.0332, 18.0327 ] ] } },
{ "type": "Feature", "properties": { "gnis_name": "Canal de Patillas", "streamorde": 4, "lengthkm": 0.04443471, "totdasqkm": 66.25769989 }, "geometry": { "type": "LineString", "coordinates": [ [ -66.0228, 18.0188 ], [ -66.023, 18.0184 ] ] } },
{ "type": "Feature", "properties": { "gnis_name": null, "streamorde": 3, "lengthkm": 0.01344113, "totdasqkm": 9.48829998 }, "geometry": { "type": "LineString", "coordinates": [ [ -66.2143, 18.2351 ], [ -66.2141, 18.2351 ] ] } },
{ "type": "Feature", "properties": { "gnis_name": "Río Grande de Patillas", "streamorde": 3, "lengthkm": 1.73938453, "totdasqkm": 11.60899987 }, "geometry": { "type": "LineString", "coordinates": [ [ -66.0497, 18.0865 ], [ -66.0499, 18.0845 ], [ -66.0487, 18.084 ], [ -66.0476, 18.0828 ], [ -66.0503, 18.0815 ], [ -66.051, 18.0806 ], [ -66.0533, 18.0799 ], [ -66.055, 18.0777 ], [ -66.0561, 18.0782 ] ] } },
{ "type": "Feature", "properties": { "gnis_name": "Río Viví", "streamorde": 4, "lengthkm": 0.39614398, "totdasqkm": 42.79329978 }, "geometry": { "type": "LineString", "coordinates": [ [ -66.7047, 18.2668 ], [ -66.7083, 18.2672 ] ] } },
{ "type": "Feature", "properties": { "gnis_name": "Canal Aguadilla", "streamorde": 3, "lengthkm": 2.77441334, "totdasqkm": 18.29160039 }, "geometry": { "type": "LineString", "coordinates": [ [ -67.1039, 18.4753 ], [ -67.1037, 18.4763 ], [ -67.1044, 18.4757 ], [ -67.1049, 18.4741 ], [ -67.1063, 18.4728 ], [ -67.1072, 18.4741 ], [ -67.1087, 18.4729 ], [ -67.1099, 18.4729 ], [ -67.1108, 18.4737 ], [ -67.1115, 18.4728 ], [ -67.113, 18.4723 ], [ -67.1141, 18.4724 ], [ -67.1145, 18.4731 ], [ -67.1155, 18.4727 ], [ -67.1182, 18.4739 ], [ -67.1199, 18.474 ], [ -67.1204, 18.4732 ], [ -67.122, 18.4733 ] ] } },
{ "type": "Feature", "properties": { "gnis_name": "Río de la Plata", "streamorde": 4, "lengthkm": 0.06285438, "totdasqkm": 119.71519994000001 }, "geometry": { "type": "LineString", "coordinates": [ [ -66.169, 18.1335 ], [ -66.1696, 18.1334 ] ] } },
{ "type": "Feature", "properties": { "gnis_name": "Río de la Plata", "streamorde": 5, "lengthkm": 0.11235548, "totdasqkm": 374.24720014000002 }, "geometry": { "type": "LineString", "coordinates": [ [ -66.206, 18.276 ], [ -66.2062, 18.2769 ] ] } },
{ "type": "Feature", "properties": { "gnis_name": null, "streamorde": 3, "lengthkm": 0.33114642, "totdasqkm": 6.16110012 }, "geometry": { "type": "LineString", "coordinates": [ [ -67.1123, 18.1953 ], [ -67.1133, 18.1948 ], [ -67.1151, 18.1946 ] ] } },
{ "type": "Feature", "properties": { "gnis_name": "Río Caguitas", "streamorde": 3, "lengthkm": 0.9407737, "totdasqkm": 15.75290002 }, "geometry": { "type": "LineString", "coordinates": [ [ -66.0639, 18.2395 ], [ -66.0613, 18.2403 ], [ -66.0602, 18.2401 ], [ -66.0624, 18.2385 ], [ -66.0628, 18.2367 ] ] } },
{ "type": "Feature", "properties": { "gnis_name": null, "streamorde": 3, "lengthkm": 0.252, "totdasqkm": 6.19360001 }, "geometry": { "type": "LineString", "coordinates": [ [ -67.0988, 18.3401 ], [ -67.0987, 18.3407 ], [ -67.0974, 18.3417 ] ] } },
{ "type": "Feature", "properties": { "gnis_name": "Río de Bayamón", "streamorde": 4, "lengthkm": 0.07974211, "totdasqkm": 110.57819996000001 }, "geometry": { "type": "LineString", "coordinates": [ [ -66.1358, 18.3471 ], [ -66.1358, 18.3479 ] ] } },
{ "type": "Feature", "properties": { "gnis_name": null, "streamorde": 3, "lengthkm": 0.684, "totdasqkm": 28.85610008 }, "geometry": { "type": "LineString", "coordinates": [ [ -66.6325, 18.054 ], [ -66.6277, 18.0499 ] ] } },
{ "type": "Feature", "properties": { "gnis_name": "Río Culebrinas", "streamorde": 4, "lengthkm": 0.06863593, "totdasqkm": 155.80969980999998 }, "geometry": { "type": "LineString", "coordinates": [ [ -67.061, 18.3542 ], [ -67.0615, 18.3538 ] ] } },
{ "type": "Feature", "properties": { "gnis_name": "Río Grande de Arecibo", "streamorde": 4, "lengthkm": 1.47536462, "totdasqkm": 54.95079972 }, "geometry": { "type": "LineString", "coordinates": [ [ -66.7323, 18.1997 ], [ -66.7332, 18.2004 ], [ -66.7326, 18.203 ], [ -66.7296, 18.2038 ], [ -66.7292, 18.2044 ], [ -66.7332, 18.2058 ], [ -66.7336, 18.2071 ] ] } },
{ "type": "Feature", "properties": { "gnis_name": null, "streamorde": 3, "lengthkm": 0.335, "totdasqkm": 28.63480027 }, "geometry": { "type": "LineString", "coordinates": [ [ -65.7015, 18.2797 ], [ -65.7002, 18.28 ], [ -65.6993, 18.2815 ] ] } },
{ "type": "Feature", "properties": { "gnis_name": null, "streamorde": 3, "lengthkm": 0.89129618, "totdasqkm": 5.06340003 }, "geometry": { "type": "LineString", "coordinates": [ [ -65.9663, 18.3053 ], [ -65.9677, 18.3055 ], [ -65.9673, 18.307 ], [ -65.9683, 18.3069 ], [ -65.9688, 18.3075 ], [ -65.9687, 18.3085 ], [ -65.9677, 18.3096 ], [ -65.9681, 18.3101 ] ] } },
{ "type": "Feature", "properties": { "gnis_name": "Río Guanajibo", "streamorde": 4, "lengthkm": 0.19786071, "totdasqkm": 39.31379982 }, "geometry": { "type": "LineString", "coordinates": [ [ -66.9639, 18.0676 ], [ -66.9657, 18.0673 ] ] } },
{ "type": "Feature", "properties": { "gnis_name": null, "streamorde": 3, "lengthkm": 0.1, "totdasqkm": 18.64150009 }, "geometry": { "type": "LineString", "coordinates": [ [ -67.1079, 18.0124 ], [ -67.1088, 18.0124 ] ] } },
{ "type": "Feature", "properties": { "gnis_name": "Río de la Plata", "streamorde": 4, "lengthkm": 0.00920471, "totdasqkm": 119.75939993 }, "geometry": { "type": "LineString", "coordinates": [ ] } },
{ "type": "Feature", "properties": { "gnis_name": "Río de la Plata", "streamorde": 4, "lengthkm": 0.80607371, "totdasqkm": 162.83640004 }, "geometry": { "type": "LineString", "coordinates": [ [ -66.2249, 18.1535 ], [ -66.2242, 18.1542 ], [ -66.2245, 18.1554 ], [ -66.2287, 18.1583 ] ] } },
{ "type": "Feature", "properties": { "gnis_name": null, "streamorde": 3, "lengthkm": 1.11948502, "totdasqkm": 10.34459983 }, "geometry": { "type": "LineString", "coordinates": [ [ -66.8412, 18.1518 ], [ -66.8423, 18.153 ], [ -66.8463, 18.1525 ], [ -66.8483, 18.1535 ], [ -66.8488, 18.1545 ], [ -66.85, 18.1545 ] ] } },
{ "type": "Feature", "properties": { "gnis_name": "Río Cialitos", "streamorde": 4, "lengthkm": 0.01022462, "totdasqkm": 42.78730004000001 }, "geometry": { "type": "LineString", "coordinates": [ [ -66.4745, 18.3358 ], [ -66.4744, 18.3359 ] ] } },
{ "type": "Feature", "properties": { "gnis_name": null, "streamorde": 3, "lengthkm": 0.01300658, "totdasqkm": 1.99819993 }, "geometry": { "type": "LineString", "coordinates": [ [ -65.9806, 18.266 ], [ -65.9807, 18.266 ] ] } },
{ "type": "Feature", "properties": { "gnis_name": "Río Coamo", "streamorde": 4, "lengthkm": 1.85868682, "totdasqkm": 20.01900007 }, "geometry": { "type": "LineString", "coordinates": [ [ -66.3803, 18.1361 ], [ -66.3805, 18.1355 ], [ -66.38, 18.1346 ], [ -66.3768, 18.1331 ], [ -66.3771, 18.1318 ], [ -66.3762, 18.1311 ], [ -66.376, 18.1301 ], [ -66.377, 18.1294 ], [ -66.3772, 18.1285 ], [ -66.3748, 18.1279 ], [ -66.3745, 18.1255 ], [ -66.374, 18.1249 ] ] } },
{ "type": "Feature", "properties": { "gnis_name": "Río Toro Negro", "streamorde": 4, "lengthkm": 0.09761683, "totdasqkm": 56.12999971 }, "geometry": { "type": "LineString", "coordinates": [ [ -66.5087, 18.2482 ], [ -66.5084, 18.249 ] ] } },
{ "type": "Feature", "properties": { "gnis_name": null, "streamorde": 3, "lengthkm": 0.126, "totdasqkm": 14.77499996 }, "geometry": { "type": "LineString", "coordinates": [ [ -65.8104, 18.3928 ], [ -65.8112, 18.3937 ] ] } },
{ "type": "Feature", "properties": { "gnis_name": "Río Grande De Loiza", "streamorde": 4, "lengthkm": 0.02309119, "totdasqkm": 44.36110011 }, "geometry": { "type": "LineString", "coordinates": [ [ -65.9803, 18.1479 ], [ -65.9802, 18.148 ] ] } },
{ "type": "Feature", "properties": { "gnis_name": "Río Grande de Manati", "streamorde": 5, "lengthkm": 1.29939158, "totdasqkm": 131.59109999 }, "geometry": { "type": "LineString", "coordinates": [ [ -66.3778, 18.2939 ], [ -66.3792, 18.2943 ], [ -66.3795, 18.2963 ], [ -66.38, 18.2966 ], [ -66.3827, 18.2961 ], [ -66.3826, 18.2946 ], [ -66.386, 18.2941 ] ] } },
{ "type": "Feature", "properties": { "gnis_name": null, "streamorde": 3, "lengthkm": 0.73, "totdasqkm": 32.18000038 }, "geometry": { "type": "LineString", "coordinates": [ [ -65.6951, 18.2854 ], [ -65.6938, 18.2884 ], [ -65.6968, 18.2896 ] ] } },
{ "type": "Feature", "properties": { "gnis_name": null, "streamorde": 3, "lengthkm": 0.01125927, "totdasqkm": 9.06970006 }, "geometry": { "type": "LineString", "coordinates": [ [ -66.9651, 18.0081 ], [ -66.9651, 18.008 ] ] } },
{ "type": "Feature", "properties": { "gnis_name": "Río Emajagua", "streamorde": 3, "lengthkm": 0.99066702, "totdasqkm": 15.9654001 }, "geometry": { "type": "LineString", "coordinates": [ [ -65.9964, 18.122 ], [ -65.9931, 18.1221 ], [ -65.9913, 18.1212 ], [ -65.9875, 18.1207 ] ] } },
{ "type": "Feature", "properties": { "gnis_name": "Río Grande", "streamorde": 3, "lengthkm": 0.03429573, "totdasqkm": 19.14600003 }, "geometry": { "type": "LineString", "coordinates": [ [ -66.942, 18.089 ], [ -66.9424, 18.0889 ] ] } },
{ "type": "Feature", "properties": { "gnis_name": "Río de la Plata", "streamorde": 5, "lengthkm": 0.45568546, "totdasqkm": 564.90700029000004 }, "geometry": { "type": "LineString", "coordinates": [ [ -66.256, 18.465 ], [ -66.2553, 18.4658 ], [ -66.2554, 18.4667 ], [ -66.2572, 18.468 ] ] } },
{ "type": "Feature", "properties": { "gnis_name": null, "streamorde": 3, "lengthkm": 0.043, "totdasqkm": 40.3009004 }, "geometry": { "type": "LineString", "coordinates": [ [ -65.6887, 18.2998 ], [ -65.6883, 18.2999 ] ] } },
{ "type": "Feature", "properties": { "gnis_name": null, "streamorde": 3, "lengthkm": 0.163, "totdasqkm": 55.48640019 }, "geometry": { "type": "LineString", "coordinates": [ [ -65.6514, 18.3187 ], [ -65.6518, 18.3201 ] ] } },
{ "type": "Feature", "properties": { "gnis_name": "Río San Patricio", "streamorde": 3, "lengthkm": 2.25591237, "totdasqkm": 11.31680012 }, "geometry": { "type": "LineString", "coordinates": [ [ -66.6307, 18.1355 ], [ -66.629, 18.1345 ], [ -66.6276, 18.135 ], [ -66.6257, 18.1332 ], [ -66.6246, 18.1338 ], [ -66.6238, 18.1335 ], [ -66.6245, 18.1324 ], [ -66.6219, 18.1305 ], [ -66.6225, 18.1295 ], [ -66.6214, 18.1294 ], [ -66.6184, 18.1276 ], [ -66.6178, 18.1264 ] ] } },
{ "type": "Feature", "properties": { "gnis_name": "Río Anton Ruiz", "streamorde": 4, "lengthkm": 0.25261388, "totdasqkm": 33.63159971 }, "geometry": { "type": "LineString", "coordinates": [ [ -65.7408, 18.1771 ], [ -65.7397, 18.1751 ] ] } },
{ "type": "Feature", "properties": { "gnis_name": "Río Valenciano", "streamorde": 4, "lengthkm": 2.61997778, "totdasqkm": 49.34510011 }, "geometry": { "type": "LineString", "coordinates": [ [ -65.9215, 18.2251 ], [ -65.9208, 18.2268 ], [ -65.9186, 18.2291 ], [ -65.9159, 18.2296 ], [ -65.9142, 18.2309 ], [ -65.9151, 18.2331 ], [ -65.9159, 18.2333 ], [ -65.916, 18.234 ], [ -65.917, 18.2346 ], [ -65.9174, 18.2344 ], [ -65.917, 18.2333 ], [ -65.9176, 18.2322 ], [ -65.9191, 18.2321 ], [ -65.9199, 18.2338 ], [ -65.9199, 18.2359 ] ] } },
{ "type": "Feature", "properties": { "gnis_name": "Río Matilde", "streamorde": 3, "lengthkm": 1.40547066, "totdasqkm": 48.70389992 }, "geometry": { "type": "LineString", "coordinates": [ [ -66.6352, 17.9973 ], [ -66.6349, 17.9947 ], [ -66.6355, 17.9943 ], [ -66.6368, 17.9914 ], [ -66.6361, 17.9854 ] ] } },
{ "type": "Feature", "properties": { "gnis_name": null, "streamorde": 3, "lengthkm": 0.041, "totdasqkm": 25.42169995 }, "geometry": { "type": "LineString", "coordinates": [ [ -65.8286, 18.0554 ], [ -65.8284, 18.0551 ] ] } },
{ "type": "Feature", "properties": { "gnis_name": "Río Grande de Jayuya", "streamorde": 3, "lengthkm": 0.39195414, "totdasqkm": 51.07110007 }, "geometry": { "type": "LineString", "coordinates": [ [ -66.6099, 18.2169 ], [ -66.6111, 18.2183 ], [ -66.6128, 18.2182 ] ] } },
{ "type": "Feature", "properties": { "gnis_name": "Río Cañas", "streamorde": 4, "lengthkm": 1.24437821, "totdasqkm": 21.10660019 }, "geometry": { "type": "LineString", "coordinates": [ [ -67.146, 18.3797 ], [ -67.1465, 18.383 ], [ -67.146, 18.3841 ], [ -67.144, 18.385 ], [ -67.1406, 18.3844 ], [ -67.1401, 18.385 ] ] } },
{ "type": "Feature", "properties": { "gnis_name": null, "streamorde": 3, "lengthkm": 2.151, "totdasqkm": 12.09099989 }, "geometry": { "type": "LineString", "coordinates": [ [ -65.7032, 18.3495 ], [ -65.7027, 18.3507 ], [ -65.7008, 18.3511 ], [ -65.7016, 18.352 ], [ -65.7007, 18.3532 ], [ -65.7007, 18.3561 ], [ -65.6998, 18.3584 ], [ -65.7, 18.362 ], [ -65.7009, 18.363 ], [ -65.7024, 18.3635 ], [ -65.7031, 18.3648 ] ] } },
{ "type": "Feature", "properties": { "gnis_name": "Río Tallaboa", "streamorde": 4, "lengthkm": 1.205, "totdasqkm": 35.98110019 }, "geometry": { "type": "LineString", "coordinates": [ [ -66.7111, 18.0526 ], [ -66.7142, 18.0532 ], [ -66.7147, 18.0525 ], [ -66.7147, 18.0511 ], [ -66.7201, 18.0504 ] ] } },
{ "type": "Feature", "properties": { "gnis_name": "Río Gurabo", "streamorde": 5, "lengthkm": 1.69989518, "totdasqkm": 135.0792 }, "geometry": { "type": "LineString", "coordinates": [ [ -65.928, 18.2455 ], [ -65.929, 18.2446 ], [ -65.9324, 18.2468 ], [ -65.9347, 18.2468 ], [ -65.9363, 18.2493 ], [ -65.9394, 18.2491 ], [ -65.9406, 18.2499 ] ] } },
{ "type": "Feature", "properties": { "gnis_name": "Río Valenciano", "streamorde": 3, "lengthkm": 0.92747596, "totdasqkm": 18.31780005 }, "geometry": { "type": "LineString", "coordinates": [ [ -65.9047, 18.1738 ], [ -65.9055, 18.1763 ], [ -65.9054, 18.1777 ], [ -65.9067, 18.1776 ], [ -65.9064, 18.1791 ], [ -65.9069, 18.1802 ] ] } },
{ "type": "Feature", "properties": { "gnis_name": null, "streamorde": 3, "lengthkm": 3.33618158, "totdasqkm": 16.64389974 }, "geometry": { "type": "LineString", "coordinates": [ [ -67.0825, 18.4955 ], [ -67.0832, 18.497 ], [ -67.085, 18.4976 ], [ -67.0853, 18.499 ], [ -67.0874, 18.4995 ], [ -67.0893, 18.5033 ], [ -67.0918, 18.5035 ], [ -67.0961, 18.5065 ], [ -67.0965, 18.5074 ], [ -67.0956, 18.5091 ], [ -67.0961, 18.5108 ], [ -67.098, 18.5123 ], [ -67.1021, 18.5124 ] ] } },
{ "type": "Feature", "properties": { "gnis_name": "Río San Patricio", "streamorde": 3, "lengthkm": 0.171, "totdasqkm": 6.54820009 }, "geometry": { "type": "LineString", "coordinates": [ [ -66.6413, 18.1443 ], [ -66.6404, 18.144 ], [ -66.6402, 18.1434 ] ] } },
{ "type": "Feature", "properties": { "gnis_name": "Río Culebra", "streamorde": 3, "lengthkm": 1.648, "totdasqkm": 5.43350007 }, "geometry": { "type": "LineString", "coordinates": [ [ -67.1765, 18.3605 ], [ -67.1775, 18.361 ], [ -67.1799, 18.3605 ], [ -67.181, 18.3613 ], [ -67.1814, 18.3628 ], [ -67.1827, 18.3621 ], [ -67.1843, 18.363 ], [ -67.1858, 18.3631 ], [ -67.186, 18.3626 ], [ -67.1851, 18.3617 ], [ -67.1866, 18.3615 ] ] } },
{ "type": "Feature", "properties": { "gnis_name": "Río Cañas", "streamorde": 3, "lengthkm": 0.47533702, "totdasqkm": 23.83919999 }, "geometry": { "type": "LineString", "coordinates": [ [ -67.1197, 18.2334 ], [ -67.1195, 18.2339 ], [ -67.12, 18.2348 ], [ -67.1216, 18.2353 ], [ -67.1211, 18.2362 ] ] } },
{ "type": "Feature", "properties": { "gnis_name": "Río Guadiana", "streamorde": 3, "lengthkm": 0.190607, "totdasqkm": 11.4943998 }, "geometry": { "type": "LineString", "coordinates": [ [ -66.2492, 18.3018 ], [ -66.2474, 18.3015 ] ] } },
{ "type": "Feature", "properties": { "gnis_name": "Río Grande de Añasco", "streamorde": 5, "lengthkm": 0.02959735, "totdasqkm": 456.28420031000002 }, "geometry": { "type": "LineString", "coordinates": [ [ -67.144, 18.2684 ], [ -67.1442, 18.2685 ] ] } },
{ "type": "Feature", "properties": { "gnis_name": "Río Usabón", "streamorde": 5, "lengthkm": 0.1038186, "totdasqkm": 72.82239996 }, "geometry": { "type": "LineString", "coordinates": [ [ -66.2525, 18.1653 ], [ -66.2515, 18.1653 ] ] } },
{ "type": "Feature", "properties": { "gnis_name": "Río Guanajibo", "streamorde": 4, "lengthkm": 1.18682095, "totdasqkm": 125.50699945 }, "geometry": { "type": "LineString", "coordinates": [ [ -67.0746, 18.109 ], [ -67.0759, 18.1082 ], [ -67.0749, 18.1062 ], [ -67.0765, 18.106 ], [ -67.0786, 18.1073 ], [ -67.0804, 18.1065 ], [ -67.0812, 18.1068 ] ] } },
{ "type": "Feature", "properties": { "gnis_name": "Río Coamo", "streamorde": 5, "lengthkm": 2.03613993, "totdasqkm": 137.84699974 }, "geometry": { "type": "LineString", "coordinates": [ [ -66.3739, 18.0624 ], [ -66.3741, 18.0618 ], [ -66.3707, 18.0583 ], [ -66.3708, 18.0562 ], [ -66.3721, 18.0557 ], [ -66.3722, 18.0536 ], [ -66.3709, 18.0527 ], [ -66.3704, 18.0504 ], [ -66.369, 18.0497 ], [ -66.3686, 18.0483 ] ] } },
{ "type": "Feature", "properties": { "gnis_name": "Río Mavilla", "streamorde": 3, "lengthkm": 0.93777234, "totdasqkm": 20.07410007 }, "geometry": { "type": "LineString", "coordinates": [ [ -66.2939, 18.3149 ], [ -66.2926, 18.3153 ], [ -66.2931, 18.3164 ], [ -66.2927, 18.3171 ], [ -66.289, 18.3167 ], [ -66.2878, 18.3173 ] ] } },
{ "type": "Feature", "properties": { "gnis_name": "Río Tallaboa", "streamorde": 3, "lengthkm": 0.128, "totdasqkm": 16.60080001 }, "geometry": { "type": "LineString", "coordinates": [ [ -66.6908, 18.0862 ], [ -66.6905, 18.0852 ] ] } },
{ "type": "Feature", "properties": { "gnis_name": "Río Tanamá", "streamorde": 4, "lengthkm": 0.83415503, "totdasqkm": 55.7073998 }, "geometry": { "type": "LineString", "coordinates": [ [ -66.779, 18.3145 ], [ -66.7774, 18.316 ], [ -66.7751, 18.3147 ], [ -66.7724, 18.3152 ] ] } },
{ "type": "Feature", "properties": { "gnis_name": "Río Cibuco", "streamorde": 4, "lengthkm": 0.05279214, "totdasqkm": 104.021 }, "geometry": { "type": "LineString", "coordinates": [ [ -66.3426, 18.4129 ], [ -66.3422, 18.4132 ] ] } },
{ "type": "Feature", "properties": { "gnis_name": null, "streamorde": 5, "lengthkm": 0.01906845, "totdasqkm": 260.59710003000004 }, "geometry": { "type": "LineString", "coordinates": [ [ -67.1753, 18.4053 ], [ -67.1755, 18.4053 ] ] } },
{ "type": "Feature", "properties": { "gnis_name": "Río Anton Ruiz", "streamorde": 4, "lengthkm": 0.00902858, "totdasqkm": 29.7764999 }, "geometry": { "type": "LineString", "coordinates": [ [ -65.7587, 18.1749 ], [ -65.7586, 18.175 ] ] } },
{ "type": "Feature", "properties": { "gnis_name": null, "streamorde": 3, "lengthkm": 1.1737609, "totdasqkm": 5.95140007 }, "geometry": { "type": "LineString", "coordinates": [ [ -66.1644, 18.2607 ], [ -66.1608, 18.2614 ], [ -66.1604, 18.2626 ], [ -66.1596, 18.2614 ], [ -66.1585, 18.2616 ], [ -66.1572, 18.2597 ] ] } },
{ "type": "Feature", "properties": { "gnis_name": null, "streamorde": 4, "lengthkm": 0.02223362, "totdasqkm": 68.74210024 }, "geometry": { "type": "LineString", "coordinates": [ [ -66.95, 18.004 ], [ -66.9498, 18.004 ] ] } },
{ "type": "Feature", "properties": { "gnis_name": "Río Mayaguecillo", "streamorde": 3, "lengthkm": 1.25828554, "totdasqkm": 8.67719989 }, "geometry": { "type": "LineString", "coordinates": [ [ -66.9857, 18.2379 ], [ -66.986, 18.2384 ], [ -66.9854, 18.2395 ], [ -66.9859, 18.24 ], [ -66.9844, 18.241 ], [ -66.9846, 18.2422 ], [ -66.9839, 18.2431 ], [ -66.9852, 18.2441 ], [ -66.9843, 18.2442 ], [ -66.9844, 18.2454 ], [ -66.984, 18.2458 ] ] } },
{ "type": "Feature", "properties": { "gnis_name": null, "streamorde": 3, "lengthkm": 0.35, "totdasqkm": 7.41010007 }, "geometry": { "type": "LineString", "coordinates": [ [ -66.3613, 18.0509 ], [ -66.3645, 18.0512 ] ] } },
{ "type": "Feature", "properties": { "gnis_name": "Río de la Plata", "streamorde": 5, "lengthkm": 0.35559837, "totdasqkm": 317.91970017 }, "geometry": { "type": "LineString", "coordinates": [ [ -66.2115, 18.2381 ], [ -66.2085, 18.2396 ] ] } },
{ "type": "Feature", "properties": { "gnis_name": "Río Jacaboa", "streamorde": 3, "lengthkm": 0.1227029, "totdasqkm": 13.58500004 }, "geometry": { "type": "LineString", "coordinates": [ [ -65.9646, 17.9745 ], [ -65.9646, 17.9734 ] ] } },
{ "type": "Feature", "properties": { "gnis_name": "Río Guayo", "streamorde": 3, "lengthkm": 2.542, "totdasqkm": 21.53989991 }, "geometry": { "type": "LineString", "coordinates": [ [ -66.5388, 18.1061 ], [ -66.5388, 18.103 ], [ -66.5437, 18.0989 ], [ -66.5438, 18.0982 ], [ -66.5432, 18.0952 ], [ -66.5409, 18.0945 ], [ -66.5396, 18.0897 ], [ -66.538, 18.0881 ] ] } },
{ "type": "Feature", "properties": { "gnis_name": null, "streamorde": 3, "lengthkm": 3.8529598, "totdasqkm": 7.21320001 }, "geometry": { "type": "LineString", "coordinates": [ [ -66.3074, 18.3039 ], [ -66.3071, 18.3048 ], [ -66.3078, 18.3057 ], [ -66.3077, 18.3071 ], [ -66.3095, 18.3094 ], [ -66.3108, 18.3096 ], [ -66.3117, 18.3119 ], [ -66.3129, 18.3124 ], [ -66.3147, 18.3144 ], [ -66.3156, 18.3177 ], [ -66.3143, 18.3181 ], [ -66.3119, 18.3206 ], [ -66.3121, 18.3222 ], [ -66.3124, 18.3225 ], [ -66.3121, 18.3232 ], [ -66.3135, 18.3245 ], [ -66.3121, 18.3266 ], [ -66.3125, 18.3283 ], [ -66.3118, 18.3309 ] ] } },
{ "type": "Feature", "properties": { "gnis_name": "Río Icacos", "streamorde": 3, "lengthkm": 0.06426369, "totdasqkm": 7.39070009 }, "geometry": { "type": "LineString", "coordinates": [ [ -65.7845, 18.2621 ], [ -65.7847, 18.2616 ] ] } },
{ "type": "Feature", "properties": { "gnis_name": "Río Camuy", "streamorde": 3, "lengthkm": 15.80374221, "totdasqkm": 116.08349978 }, "geometry": { "type": "LineString", "coordinates": [ [ -66.815, 18.3687 ], [ -66.815, 18.3696 ], [ -66.8143, 18.3708 ], [ -66.8148, 18.3722 ], [ -66.8142, 18.3737 ], [ -66.8145, 18.3758 ], [ -66.8136, 18.3777 ], [ -66.8129, 18.3834 ], [ -66.8105, 18.387 ], [ -66.8125, 18.3893 ], [ -66.8163, 18.392 ], [ -66.8173, 18.3938 ], [ -66.8179, 18.3957 ], [ -66.8168, 18.3983 ], [ -66.8172, 18.4013 ], [ -66.8168, 18.4027 ], [ -66.8172, 18.404 ], [ -66.8178, 18.4045 ], [ -66.8197, 18.4042 ], [ -66.8212, 18.4054 ], [ -66.8235, 18.4124 ], [ -66.8232, 18.4134 ], [ -66.821, 18.4143 ], [ -66.8204, 18.4162 ], [ -66.8218, 18.4164 ], [ -66.8244, 18.4182 ], [ -66.8249, 18.4209 ], [ -66.8242, 18.4218 ], [ -66.8241, 18.4235 ], [ -66.8236, 18.4247 ], [ -66.8249, 18.4254 ], [ -66.8262, 18.4277 ], [ -66.8258, 18.4297 ], [ -66.8261, 18.4322 ], [ -66.8289, 18.4353 ], [ -66.8279, 18.4375 ], [ -66.8263, 18.4375 ], [ -66.826, 18.4379 ], [ -66.8262, 18.4436 ], [ -66.8247, 18.447 ], [ -66.8252, 18.4476 ], [ -66.8268, 18.4479 ], [ -66.8262, 18.449 ], [ -66.8271, 18.4499 ], [ -66.8265, 18.4506 ], [ -66.8254, 18.4508 ], [ -66.8264, 18.4543 ], [ -66.8255, 18.4552 ], [ -66.8267, 18.4559 ], [ -66.8257, 18.4568 ], [ -66.8266, 18.4577 ], [ -66.8292, 18.4579 ], [ -66.83, 18.4588 ], [ -66.8311, 18.4589 ], [ -66.8308, 18.4596 ], [ -66.8321, 18.4605 ], [ -66.8322, 18.4621 ], [ -66.833, 18.4629 ], [ -66.8323, 18.4639 ], [ -66.8304, 18.4647 ], [ -66.8309, 18.4662 ], [ -66.8303, 18.4675 ], [ -66.8313, 18.468 ], [ -66.8304, 18.4688 ], [ -66.8293, 18.4684 ], [ -66.8296, 18.4695 ], [ -66.8307, 18.4698 ], [ -66.8289, 18.4708 ], [ -66.8291, 18.4711 ], [ -66.8301, 18.4711 ], [ -66.8303, 18.4717 ], [ -66.8291, 18.4729 ] ] } },
{ "type": "Feature", "properties": { "gnis_name": "Río de la Plata", "streamorde": 5, "lengthkm": 0.08511685, "totdasqkm": 450.10900021999998 }, "geometry": { "type": "LineString", "coordinates": [ [ -66.2321, 18.324 ], [ -66.2328, 18.3244 ] ] } },
{ "type": "Feature", "properties": { "gnis_name": "Río Mayaguecillo", "streamorde": 3, "lengthkm": 2.25143193, "totdasqkm": 13.03780008 }, "geometry": { "type": "LineString", "coordinates": [ [ -66.9741, 18.2519 ], [ -66.9736, 18.2533 ], [ -66.9749, 18.2537 ], [ -66.9746, 18.2552 ], [ -66.976, 18.2553 ], [ -66.9761, 18.256 ], [ -66.975, 18.2562 ], [ -66.974, 18.2582 ], [ -66.9714, 18.2603 ], [ -66.9724, 18.2609 ], [ -66.9729, 18.2623 ], [ -66.9726, 18.2631 ], [ -66.9713, 18.2637 ], [ -66.9696, 18.2629 ] ] } },
{ "type": "Feature", "properties": { "gnis_name": null, "streamorde": 5, "lengthkm": 0.14361798, "totdasqkm": 139.28769991 }, "geometry": { "type": "LineString", "coordinates": [ [ -66.4121, 18.2958 ], [ -66.4124, 18.2946 ] ] } },
{ "type": "Feature", "properties": { "gnis_name": "Río Espíritu Santo", "streamorde": 4, "lengthkm": 0.26433721, "totdasqkm": 82.32259997 }, "geometry": { "type": "LineString", "coordinates": [ [ -65.8113, 18.394 ], [ -65.8103, 18.396 ] ] } },
{ "type": "Feature", "properties": { "gnis_name": null, "streamorde": 4, "lengthkm": 0.28330018, "totdasqkm": 22.50660014 }, "geometry": { "type": "LineString", "coordinates": [ [ -66.3089, 18.1596 ], [ -66.3073, 18.1603 ], [ -66.3066, 18.1601 ] ] } },
{ "type": "Feature", "properties": { "gnis_name": "Río Saliente", "streamorde": 3, "lengthkm": 0.81503969, "totdasqkm": 9.04139999 }, "geometry": { "type": "LineString", "coordinates": [ [ -66.5515, 18.1769 ], [ -66.5519, 18.1808 ], [ -66.5536, 18.1832 ] ] } },
{ "type": "Feature", "properties": { "gnis_name": "Río Tallaboa", "streamorde": 4, "lengthkm": 0.253, "totdasqkm": 56.76480025 }, "geometry": { "type": "LineString", "coordinates": [ [ -66.7201, 18.0504 ], [ -66.7213, 18.0485 ] ] } },
{ "type": "Feature", "properties": { "gnis_name": "Río Canovanillas", "streamorde": 3, "lengthkm": 0.71089913, "totdasqkm": 11.1856001 }, "geometry": { "type": "LineString", "coordinates": [ [ -65.9134, 18.2874 ], [ -65.9136, 18.2888 ], [ -65.9145, 18.29 ], [ -65.9146, 18.2915 ], [ -65.9154, 18.292 ], [ -65.9156, 18.293 ] ] } },
{ "type": "Feature", "properties": { "gnis_name": "Río Caonillas", "streamorde": 4, "lengthkm": 0.75776686, "totdasqkm": 99.26530003 }, "geometry": { "type": "LineString", "coordinates": [ [ -66.6349, 18.232 ], [ -66.6344, 18.2329 ], [ -66.632, 18.2332 ], [ -66.6293, 18.2353 ] ] } },
{ "type": "Feature", "properties": { "gnis_name": "Río Yauco", "streamorde": 3, "lengthkm": 0.67411802, "totdasqkm": 21.57350003 }, "geometry": { "type": "LineString", "coordinates": [ [ -66.8764, 18.1088 ], [ -66.8756, 18.1086 ], [ -66.8749, 18.1097 ], [ -66.8739, 18.11 ], [ -66.871, 18.1088 ] ] } },
{ "type": "Feature", "properties": { "gnis_name": "Río Caonillas", "streamorde": 4, "lengthkm": 0.08669279, "totdasqkm": 96.478499969999987 }, "geometry": { "type": "LineString", "coordinates": [ [ -66.6418, 18.223 ], [ -66.6422, 18.2237 ] ] } },
{ "type": "Feature", "properties": { "gnis_name": "Río Orocovis", "streamorde": 4, "lengthkm": 0.46697719, "totdasqkm": 65.31829994 }, "geometry": { "type": "LineString", "coordinates": [ [ -66.384, 18.2643 ], [ -66.3842, 18.2655 ], [ -66.3836, 18.2663 ], [ -66.3828, 18.2656 ], [ -66.3819, 18.2655 ] ] } },
{ "type": "Feature", "properties": { "gnis_name": null, "streamorde": 3, "lengthkm": 0.85733768, "totdasqkm": 10.91470018 }, "geometry": { "type": "LineString", "coordinates": [ [ -67.1031, 18.3809 ], [ -67.1038, 18.3799 ], [ -67.1036, 18.3791 ], [ -67.1051, 18.3804 ], [ -67.107, 18.3791 ], [ -67.1078, 18.3798 ] ] } },
{ "type": "Feature", "properties": { "gnis_name": null, "streamorde": 3, "lengthkm": 1.95129531, "totdasqkm": 8.75409997 }, "geometry": { "type": "LineString", "coordinates": [ [ -65.9539, 18.1798 ], [ -65.9537, 18.1804 ], [ -65.9546, 18.1811 ], [ -65.9557, 18.1796 ], [ -65.9572, 18.1794 ], [ -65.9558, 18.1809 ], [ -65.9572, 18.1823 ], [ -65.957, 18.1838 ], [ -65.9588, 18.1869 ], [ -65.9583, 18.19 ] ] } },
{ "type": "Feature", "properties": { "gnis_name": "Río Yauco", "streamorde": 4, "lengthkm": 0.143, "totdasqkm": 50.80830017 }, "geometry": { "type": "LineString", "coordinates": [ [ -66.8602, 18.0754 ], [ -66.8608, 18.075 ], [ -66.8606, 18.0745 ] ] } },
{ "type": "Feature", "properties": { "gnis_name": "Río Anton Ruiz", "streamorde": 4, "lengthkm": 0.13510984, "totdasqkm": 30.7439998 }, "geometry": { "type": "LineString", "coordinates": [ [ -65.7481, 18.1798 ], [ -65.7472, 18.1807 ] ] } },
{ "type": "Feature", "properties": { "gnis_name": null, "streamorde": 4, "lengthkm": 0.00664111, "totdasqkm": 60.67150024 }, "geometry": { "type": "LineString", "coordinates": [ [ -66.9626, 18.0077 ], [ -66.9625, 18.0077 ] ] } },
{ "type": "Feature", "properties": { "gnis_name": "Río Tanamá", "streamorde": 4, "lengthkm": 1.83874901, "totdasqkm": 136.3722997 }, "geometry": { "type": "LineString", "coordinates": [ [ -66.7226, 18.4063 ], [ -66.7194, 18.4058 ], [ -66.7183, 18.4065 ], [ -66.7159, 18.4086 ], [ -66.7157, 18.4104 ], [ -66.7148, 18.4119 ], [ -66.7134, 18.4125 ], [ -66.7109, 18.4154 ] ] } },
{ "type": "Feature", "properties": { "gnis_name": null, "streamorde": 4, "lengthkm": 0.56803933, "totdasqkm": 18.22409995 }, "geometry": { "type": "LineString", "coordinates": [ [ -67.065, 18.2464 ], [ -67.0654, 18.246 ], [ -67.0668, 18.2473 ], [ -67.0676, 18.2459 ], [ -67.0683, 18.2464 ] ] } },
{ "type": "Feature", "properties": { "gnis_name": "Río Grande de Añasco", "streamorde": 5, "lengthkm": 2.07627729, "totdasqkm": 456.28130031000001 }, "geometry": { "type": "LineString", "coordinates": [ [ -67.1351, 18.2635 ], [ -67.1355, 18.2653 ], [ -67.1383, 18.2652 ], [ -67.1393, 18.2661 ], [ -67.14, 18.2657 ], [ -67.1403, 18.2647 ], [ -67.1412, 18.2653 ], [ -67.1412, 18.2658 ], [ -67.1401, 18.266 ], [ -67.1406, 18.2669 ], [ -67.14, 18.2677 ], [ -67.1404, 18.2684 ], [ -67.1409, 18.2675 ], [ -67.1423, 18.2671 ], [ -67.1437, 18.2676 ], [ -67.144, 18.2684 ] ] } },
{ "type": "Feature", "properties": { "gnis_name": null, "streamorde": 3, "lengthkm": 0.14731064, "totdasqkm": 14.18910013 }, "geometry": { "type": "LineString", "coordinates": [ [ -65.7909, 18.0987 ], [ -65.7899, 18.0978 ] ] } },
{ "type": "Feature", "properties": { "gnis_name": null, "streamorde": 3, "lengthkm": 0.788, "totdasqkm": 2.73689989 }, "geometry": { "type": "LineString", "coordinates": [ [ -66.2756, 18.3586 ], [ -66.2756, 18.3591 ], [ -66.2762, 18.359 ], [ -66.2765, 18.3611 ], [ -66.2751, 18.362 ], [ -66.2748, 18.3615 ], [ -66.2731, 18.3616 ] ] } },
{ "type": "Feature", "properties": { "gnis_name": null, "streamorde": 3, "lengthkm": 0.05820975, "totdasqkm": 37.71139972 }, "geometry": { "type": "LineString", "coordinates": [ [ -66.3524, 18.273 ], [ -66.3524, 18.2726 ] ] } },
{ "type": "Feature", "properties": { "gnis_name": "Río Tallaboa", "streamorde": 4, "lengthkm": 0.79736861, "totdasqkm": 72.343100150000012 }, "geometry": { "type": "LineString", "coordinates": [ [ -66.7312, 18.0049 ], [ -66.7319, 18.0026 ], [ -66.7311, 18.0003 ], [ -66.7322, 17.9984 ] ] } },
{ "type": "Feature", "properties": { "gnis_name": "Río Grande de Arecibo", "streamorde": 4, "lengthkm": 0.60609869, "totdasqkm": 91.28999982000001 }, "geometry": { "type": "LineString", "coordinates": [ [ -66.7181, 18.2303 ], [ -66.7185, 18.2313 ], [ -66.7181, 18.2343 ], [ -66.7195, 18.2345 ] ] } },
{ "type": "Feature", "properties": { "gnis_name": "Río Grande de Añasco", "streamorde": 5, "lengthkm": 0.75791439, "totdasqkm": 306.64750008 }, "geometry": { "type": "LineString", "coordinates": [ [ -67.0011, 18.2762 ], [ -67.0035, 18.2772 ], [ -67.0052, 18.2792 ], [ -67.0069, 18.2791 ] ] } },
{ "type": "Feature", "properties": { "gnis_name": null, "streamorde": 3, "lengthkm": 0.149, "totdasqkm": 16.31800006 }, "geometry": { "type": "LineString", "coordinates": [ [ -65.8554, 18.0493 ], [ -65.8541, 18.0494 ] ] } },
{ "type": "Feature", "properties": { "gnis_name": null, "streamorde": 3, "lengthkm": 0.09408216, "totdasqkm": 13.05669979 }, "geometry": { "type": "LineString", "coordinates": [ [ -67.16, 18.1886 ], [ -67.1607, 18.1891 ] ] } },
{ "type": "Feature", "properties": { "gnis_name": "Río Emajagua", "streamorde": 3, "lengthkm": 0.91905799, "totdasqkm": 10.94540019 }, "geometry": { "type": "LineString", "coordinates": [ [ -66.0161, 18.1297 ], [ -66.0146, 18.1288 ], [ -66.0132, 18.129 ], [ -66.0081, 18.1274 ] ] } },
{ "type": "Feature", "properties": { "gnis_name": "Río de la Plata", "streamorde": 4, "lengthkm": 0.30346625, "totdasqkm": 177.41909993000002 }, "geometry": { "type": "LineString", "coordinates": [ [ -66.2401, 18.1799 ], [ -66.2418, 18.1805 ], [ -66.2428, 18.1803 ] ] } },
{ "type": "Feature", "properties": { "gnis_name": null, "streamorde": 3, "lengthkm": 2.01653638, "totdasqkm": 9.19599978 }, "geometry": { "type": "LineString", "coordinates": [ [ -67.1488, 18.0872 ], [ -67.1483, 18.0878 ], [ -67.1484, 18.0952 ], [ -67.1465, 18.1019 ], [ -67.1443, 18.1039 ] ] } },
{ "type": "Feature", "properties": { "gnis_name": "Río Coamo", "streamorde": 5, "lengthkm": 0.47547532, "totdasqkm": 149.17349982 }, "geometry": { "type": "LineString", "coordinates": [ [ -66.3766, 18.0429 ], [ -66.3772, 18.0424 ], [ -66.3777, 18.0412 ], [ -66.3764, 18.0395 ] ] } },
{ "type": "Feature", "properties": { "gnis_name": "Río Guanajibo", "streamorde": 4, "lengthkm": 0.08376549, "totdasqkm": 117.93389949 }, "geometry": { "type": "LineString", "coordinates": [ [ -67.0416, 18.0962 ], [ -67.0421, 18.0968 ] ] } },
{ "type": "Feature", "properties": { "gnis_name": "Río Grande de Añasco", "streamorde": 5, "lengthkm": 0.29181467, "totdasqkm": 468.06440024 }, "geometry": { "type": "LineString", "coordinates": [ [ -67.1826, 18.267 ], [ -67.1854, 18.2671 ] ] } },
{ "type": "Feature", "properties": { "gnis_name": "Río Guayo", "streamorde": 3, "lengthkm": 0.30718407, "totdasqkm": 18.11069995 }, "geometry": { "type": "LineString", "coordinates": [ [ -66.8341, 18.1986 ], [ -66.8338, 18.2013 ] ] } },
{ "type": "Feature", "properties": { "gnis_name": "Río Mameyes", "streamorde": 3, "lengthkm": 0.415, "totdasqkm": 6.45490002 }, "geometry": { "type": "LineString", "coordinates": [ [ -65.7622, 18.3048 ], [ -65.7625, 18.3061 ], [ -65.7616, 18.3071 ], [ -65.7617, 18.3082 ] ] } },
{ "type": "Feature", "properties": { "gnis_name": "Río de la Plata", "streamorde": 4, "lengthkm": 0.58055494, "totdasqkm": 21.4753 }, "geometry": { "type": "LineString", "coordinates": [ [ -66.1061, 18.0763 ], [ -66.1086, 18.0798 ], [ -66.1096, 18.0799 ] ] } },
{ "type": "Feature", "properties": { "gnis_name": null, "streamorde": 3, "lengthkm": 0.729, "totdasqkm": 6.45140007 }, "geometry": { "type": "LineString", "coordinates": [ [ -66.1569, 18.3221 ], [ -66.1551, 18.3231 ], [ -66.155, 18.3223 ], [ -66.1543, 18.3224 ], [ -66.1535, 18.3232 ], [ -66.1537, 18.3239 ], [ -66.1529, 18.3245 ] ] } },
{ "type": "Feature", "properties": { "gnis_name": "Río Prieto", "streamorde": 4, "lengthkm": 0.23616471, "totdasqkm": 64.01709946 }, "geometry": { "type": "LineString", "coordinates": [ [ -66.899, 18.2448 ], [ -66.8999, 18.245 ], [ -66.9003, 18.2456 ], [ -66.8999, 18.246 ] ] } },
{ "type": "Feature", "properties": { "gnis_name": "Río Toro Negro", "streamorde": 4, "lengthkm": 0.23438488, "totdasqkm": 84.23210015000001 }, "geometry": { "type": "LineString", "coordinates": [ [ -66.4789, 18.2895 ], [ -66.4778, 18.2899 ], [ -66.4775, 18.2908 ] ] } },
{ "type": "Feature", "properties": { "gnis_name": "Río Grande de Añasco", "streamorde": 5, "lengthkm": 0.17613161, "totdasqkm": 257.84690014 }, "geometry": { "type": "LineString", "coordinates": [ [ -66.932, 18.2532 ], [ -66.9328, 18.2544 ] ] } },
{ "type": "Feature", "properties": { "gnis_name": "Río Caín", "streamorde": 3, "lengthkm": 1.59854803, "totdasqkm": 16.47289985 }, "geometry": { "type": "LineString", "coordinates": [ [ -67.033, 18.105 ], [ -67.0381, 18.1009 ], [ -67.0385, 18.1011 ], [ -67.0384, 18.1023 ], [ -67.0393, 18.1019 ], [ -67.04, 18.0998 ], [ -67.0399, 18.0968 ] ] } },
{ "type": "Feature", "properties": { "gnis_name": "Río Loco", "streamorde": 5, "lengthkm": 1.97157717, "totdasqkm": 153.08520031999998 }, "geometry": { "type": "LineString", "coordinates": [ [ -66.9169, 17.9905 ], [ -66.9156, 17.9908 ], [ -66.9145, 17.9905 ], [ -66.9143, 17.9882 ], [ -66.9121, 17.9855 ], [ -66.911, 17.9852 ], [ -66.911, 17.9845 ], [ -66.9113, 17.984 ], [ -66.9125, 17.9839 ], [ -66.9132, 17.9824 ], [ -66.9177, 17.982 ] ] } },
{ "type": "Feature", "properties": { "gnis_name": "Río Grande de Arecibo", "streamorde": 5, "lengthkm": 0.10011308, "totdasqkm": 173.41029973 }, "geometry": { "type": "LineString", "coordinates": [ [ -66.7054, 18.2929 ], [ -66.7052, 18.2937 ] ] } },
{ "type": "Feature", "properties": { "gnis_name": "Río de la Plata", "streamorde": 5, "lengthkm": 0.24592706, "totdasqkm": 293.44650004 }, "geometry": { "type": "LineString", "coordinates": [ [ -66.2392, 18.2024 ], [ -66.2386, 18.2012 ], [ -66.2379, 18.2013 ] ] } },
{ "type": "Feature", "properties": { "gnis_name": "Río Pastillo", "streamorde": 3, "lengthkm": 0.879, "totdasqkm": 18.24569999 }, "geometry": { "type": "LineString", "coordinates": [ [ -66.666, 18.0432 ], [ -66.6654, 18.0427 ], [ -66.6654, 18.039 ], [ -66.6635, 18.0363 ] ] } },
{ "type": "Feature", "properties": { "gnis_name": "Río Grande de Manati", "streamorde": 5, "lengthkm": 0.80314662, "totdasqkm": 412.11760006999998 }, "geometry": { "type": "LineString", "coordinates": [ [ -66.4913, 18.3783 ], [ -66.4924, 18.379 ], [ -66.4931, 18.3817 ], [ -66.4948, 18.3844 ] ] } },
{ "type": "Feature", "properties": { "gnis_name": "Río Grande de Manati", "streamorde": 4, "lengthkm": 4.38592296, "totdasqkm": 58.82439995 }, "geometry": { "type": "LineString", "coordinates": [ [ -66.3651, 18.2782 ], [ -66.3659, 18.2786 ], [ -66.3662, 18.2794 ], [ -66.3657, 18.2813 ], [ -66.368, 18.2823 ], [ -66.3685, 18.284 ], [ -66.3681, 18.2848 ], [ -66.3667, 18.2847 ], [ -66.3655, 18.2871 ], [ -66.3673, 18.287 ], [ -66.3693, 18.2859 ], [ -66.3704, 18.2845 ], [ -66.3702, 18.2833 ], [ -66.3707, 18.2832 ], [ -66.3723, 18.2847 ], [ -66.3727, 18.286 ], [ -66.3721, 18.2868 ], [ -66.3722, 18.2879 ], [ -66.3737, 18.2896 ], [ -66.3732, 18.2915 ], [ -66.3717, 18.2916 ], [ -66.3716, 18.2922 ], [ -66.3759, 18.2928 ], [ -66.3761, 18.2937 ], [ -66.3778, 18.2939 ] ] } },
{ "type": "Feature", "properties": { "gnis_name": "Río Duey", "streamorde": 3, "lengthkm": 2.211, "totdasqkm": 19.54849978 }, "geometry": { "type": "LineString", "coordinates": [ [ -66.8449, 18.0716 ], [ -66.8451, 18.0711 ], [ -66.8468, 18.0706 ], [ -66.8461, 18.0677 ], [ -66.8443, 18.0662 ], [ -66.841, 18.0656 ], [ -66.8406, 18.065 ], [ -66.8411, 18.0641 ], [ -66.8434, 18.0639 ], [ -66.8447, 18.0624 ], [ -66.8468, 18.0615 ], [ -66.8461, 18.0612 ] ] } },
{ "type": "Feature", "properties": { "gnis_name": "Río Guanajibo", "streamorde": 5, "lengthkm": 0.38214367, "totdasqkm": 225.8349994 }, "geometry": { "type": "LineString", "coordinates": [ [ -67.1354, 18.1248 ], [ -67.1345, 18.1253 ], [ -67.1356, 18.1267 ], [ -67.1353, 18.1272 ] ] } },
{ "type": "Feature", "properties": { "gnis_name": "Río Orocovis", "streamorde": 4, "lengthkm": 1.99817072, "totdasqkm": 59.48389997 }, "geometry": { "type": "LineString", "coordinates": [ [ -66.3793, 18.239 ], [ -66.3788, 18.2396 ], [ -66.3763, 18.2396 ], [ -66.3761, 18.2406 ], [ -66.3767, 18.2419 ], [ -66.3763, 18.2426 ], [ -66.3753, 18.2426 ], [ -66.3742, 18.241 ], [ -66.3737, 18.2412 ], [ -66.374, 18.243 ], [ -66.3759, 18.2449 ], [ -66.3764, 18.2461 ], [ -66.3765, 18.247 ], [ -66.3757, 18.2475 ] ] } },
{ "type": "Feature", "properties": { "gnis_name": "Río Caonillas", "streamorde": 4, "lengthkm": 0.08935308, "totdasqkm": 96.39089995 }, "geometry": { "type": "LineString", "coordinates": [ [ -66.6418, 18.2222 ], [ -66.6418, 18.223 ] ] } },
{ "type": "Feature", "properties": { "gnis_name": "Río Cialitos", "streamorde": 4, "lengthkm": 0.71496639, "totdasqkm": 38.02519996 }, "geometry": { "type": "LineString", "coordinates": [ [ -66.4885, 18.317 ], [ -66.4887, 18.3192 ], [ -66.4873, 18.3204 ], [ -66.4872, 18.3227 ] ] } },
{ "type": "Feature", "properties": { "gnis_name": "Río Gurabo", "streamorde": 4, "lengthkm": 0.02783729, "totdasqkm": 58.82590015 }, "geometry": { "type": "LineString", "coordinates": [ [ -65.8902, 18.2372 ], [ -65.8905, 18.2371 ] ] } },
{ "type": "Feature", "properties": { "gnis_name": "Río Canovanillas", "streamorde": 3, "lengthkm": 3.07730292, "totdasqkm": 32.55340027 }, "geometry": { "type": "LineString", "coordinates": [ [ -65.9063, 18.3357 ], [ -65.9062, 18.3375 ], [ -65.9076, 18.3383 ], [ -65.9094, 18.3408 ], [ -65.9079, 18.3438 ], [ -65.9099, 18.3456 ], [ -65.9108, 18.345 ], [ -65.9113, 18.3438 ], [ -65.9132, 18.3432 ], [ -65.9137, 18.3435 ], [ -65.9135, 18.3445 ], [ -65.9145, 18.3449 ], [ -65.9152, 18.3431 ], [ -65.9161, 18.3428 ], [ -65.9166, 18.3429 ], [ -65.9168, 18.3444 ], [ -65.9174, 18.3449 ], [ -65.9195, 18.3448 ] ] } },
{ "type": "Feature", "properties": { "gnis_name": "Río Loco", "streamorde": 3, "lengthkm": 0.05116119, "totdasqkm": 21.85220004 }, "geometry": { "type": "LineString", "coordinates": [ [ -66.8875, 18.0429 ], [ -66.8877, 18.0425 ] ] } },
{ "type": "Feature", "properties": { "gnis_name": "Río Turabo", "streamorde": 4, "lengthkm": 0.17986369, "totdasqkm": 43.66900009 }, "geometry": { "type": "LineString", "coordinates": [ [ -66.0505, 18.1873 ], [ -66.0508, 18.1889 ] ] } },
{ "type": "Feature", "properties": { "gnis_name": null, "streamorde": 3, "lengthkm": 0.11874866, "totdasqkm": 6.35289996 }, "geometry": { "type": "LineString", "coordinates": [ [ -66.0878, 17.9651 ], [ -66.087, 17.9645 ] ] } },
{ "type": "Feature", "properties": { "gnis_name": "Río Guanajibo", "streamorde": 5, "lengthkm": 0.66137035, "totdasqkm": 305.6883996 }, "geometry": { "type": "LineString", "coordinates": [ [ -67.1364, 18.1328 ], [ -67.1368, 18.1334 ], [ -67.1377, 18.1335 ], [ -67.1382, 18.133 ], [ -67.1396, 18.1341 ], [ -67.1406, 18.1331 ] ] } },
{ "type": "Feature", "properties": { "gnis_name": "Río Grande", "streamorde": 3, "lengthkm": 2.73864643, "totdasqkm": 25.66759998 }, "geometry": { "type": "LineString", "coordinates": [ [ -65.8356, 18.3582 ], [ -65.8351, 18.3587 ], [ -65.8342, 18.3584 ], [ -65.8327, 18.3588 ], [ -65.832, 18.3594 ], [ -65.8332, 18.3613 ], [ -65.8326, 18.3621 ], [ -65.8328, 18.363 ], [ -65.8342, 18.3626 ], [ -65.8347, 18.3631 ], [ -65.8329, 18.3666 ], [ -65.832, 18.367 ], [ -65.8322, 18.3682 ], [ -65.8333, 18.369 ], [ -65.8332, 18.3701 ], [ -65.8321, 18.3709 ], [ -65.8302, 18.3711 ], [ -65.8297, 18.3723 ], [ -65.8289, 18.3723 ] ] } },
{ "type": "Feature", "properties": { "gnis_name": "Río Guaba", "streamorde": 4, "lengthkm": 0.06237516, "totdasqkm": 65.46740023 }, "geometry": { "type": "LineString", "coordinates": [ [ -66.9438, 18.2228 ], [ -66.9435, 18.2232 ] ] } },
{ "type": "Feature", "properties": { "gnis_name": "Río Caguitas", "streamorde": 3, "lengthkm": 0.45989757, "totdasqkm": 30.45020007 }, "geometry": { "type": "LineString", "coordinates": [ [ -66.0469, 18.2345 ], [ -66.0467, 18.2363 ], [ -66.0445, 18.237 ] ] } },
{ "type": "Feature", "properties": { "gnis_name": null, "streamorde": 3, "lengthkm": 0.475, "totdasqkm": 58.88050005 }, "geometry": { "type": "LineString", "coordinates": [ [ -65.6518, 18.3201 ], [ -65.6502, 18.322 ], [ -65.6484, 18.3224 ] ] } },
{ "type": "Feature", "properties": { "gnis_name": "Río de la Plata", "streamorde": 5, "lengthkm": 0.04773669, "totdasqkm": 306.36910017999998 }, "geometry": { "type": "LineString", "coordinates": [ [ -66.2163, 18.2247 ], [ -66.216, 18.225 ] ] } },
{ "type": "Feature", "properties": { "gnis_name": "Río Culebrinas", "streamorde": 5, "lengthkm": 0.0285446, "totdasqkm": 187.00369993000001 }, "geometry": { "type": "LineString", "coordinates": [ [ -67.0895, 18.3606 ], [ -67.0897, 18.3608 ] ] } },
{ "type": "Feature", "properties": { "gnis_name": null, "streamorde": 3, "lengthkm": 0.3, "totdasqkm": 4.77799995 }, "geometry": { "type": "LineString", "coordinates": [ [ -66.2996, 18.0066 ], [ -66.2993, 18.0053 ], [ -66.3001, 18.0046 ] ] } },
{ "type": "Feature", "properties": { "gnis_name": "Río Grande de Arecibo", "streamorde": 4, "lengthkm": 0.53008334, "totdasqkm": 56.44569984 }, "geometry": { "type": "LineString", "coordinates": [ [ -66.7336, 18.2071 ], [ -66.7319, 18.2095 ], [ -66.7303, 18.2105 ] ] } },
{ "type": "Feature", "properties": { "gnis_name": "Río Culebra", "streamorde": 4, "lengthkm": 1.85409064, "totdasqkm": 10.24929999 }, "geometry": { "type": "LineString", "coordinates": [ [ -67.1879, 18.3699 ], [ -67.1885, 18.3705 ], [ -67.1908, 18.3708 ], [ -67.191, 18.3715 ], [ -67.1928, 18.3719 ], [ -67.1926, 18.3723 ], [ -67.1935, 18.3762 ], [ -67.1968, 18.3787 ], [ -67.1986, 18.3788 ] ] } },
{ "type": "Feature", "properties": { "gnis_name": "Río Orocovis", "streamorde": 4, "lengthkm": 0.04705168, "totdasqkm": 69.24319988 }, "geometry": { "type": "LineString", "coordinates": [ [ -66.3826, 18.2743 ], [ -66.3829, 18.2746 ] ] } },
{ "type": "Feature", "properties": { "gnis_name": null, "streamorde": 3, "lengthkm": 0.516, "totdasqkm": 6.30419991 }, "geometry": { "type": "LineString", "coordinates": [ [ -66.5777, 18.1391 ], [ -66.5781, 18.1377 ], [ -66.578, 18.1346 ] ] } },
{ "type": "Feature", "properties": { "gnis_name": "Río Loco", "streamorde": 3, "lengthkm": 0.61531052, "totdasqkm": 20.13750012 }, "geometry": { "type": "LineString", "coordinates": [ [ -66.8851, 18.0535 ], [ -66.8843, 18.0526 ], [ -66.8827, 18.052 ], [ -66.8844, 18.0501 ] ] } },
{ "type": "Feature", "properties": { "gnis_name": "Río Canóvanas", "streamorde": 3, "lengthkm": 0.64666495, "totdasqkm": 21.124 }, "geometry": { "type": "LineString", "coordinates": [ [ -65.8796, 18.2894 ], [ -65.8827, 18.2911 ], [ -65.885, 18.2911 ] ] } },
{ "type": "Feature", "properties": { "gnis_name": "Río Cidra", "streamorde": 3, "lengthkm": 0.17429132, "totdasqkm": 15.68779984 }, "geometry": { "type": "LineString", "coordinates": [ [ -66.7275, 18.1625 ], [ -66.7268, 18.1637 ] ] } },
{ "type": "Feature", "properties": { "gnis_name": null, "streamorde": 3, "lengthkm": 0.568, "totdasqkm": 4.445 }, "geometry": { "type": "LineString", "coordinates": [ [ -67.1056, 18.3368 ], [ -67.1054, 18.3381 ], [ -67.1021, 18.3396 ] ] } },
{ "type": "Feature", "properties": { "gnis_name": "Río Guanajibo", "streamorde": 4, "lengthkm": 0.23482381, "totdasqkm": 85.04719976 }, "geometry": { "type": "LineString", "coordinates": [ [ -67.0102, 18.0768 ], [ -67.0123, 18.0766 ] ] } },
{ "type": "Feature", "properties": { "gnis_name": "Río Grande De Loiza", "streamorde": 6, "lengthkm": 0.20866484, "totdasqkm": 617.42739940999991 }, "geometry": { "type": "LineString", "coordinates": [ [ -65.9459, 18.3842 ], [ -65.9453, 18.3824 ] ] } },
{ "type": "Feature", "properties": { "gnis_name": "Río Yauco", "streamorde": 3, "lengthkm": 0.256, "totdasqkm": 9.56640013 }, "geometry": { "type": "LineString", "coordinates": [ [ -66.8926, 18.1178 ], [ -66.8906, 18.1166 ] ] } },
{ "type": "Feature", "properties": { "gnis_name": "Río Culebrinas", "streamorde": 5, "lengthkm": 0.8522281, "totdasqkm": 189.08889992 }, "geometry": { "type": "LineString", "coordinates": [ [ -67.0978, 18.3614 ], [ -67.098, 18.361 ], [ -67.1005, 18.3602 ], [ -67.1016, 18.3609 ], [ -67.1023, 18.3624 ], [ -67.1039, 18.3631 ] ] } },
{ "type": "Feature", "properties": { "gnis_name": "Río de la Plata", "streamorde": 5, "lengthkm": 0.01690898, "totdasqkm": 544.07840037999995 }, "geometry": { "type": "LineString", "coordinates": [ [ -66.2614, 18.4221 ], [ -66.2613, 18.4221 ] ] } },
{ "type": "Feature", "properties": { "gnis_name": "Río Grande de Añasco", "streamorde": 5, "lengthkm": 1.36130815, "totdasqkm": 258.86600020999998 }, "geometry": { "type": "LineString", "coordinates": [ [ -66.9328, 18.2544 ], [ -66.9338, 18.2587 ], [ -66.9388, 18.2585 ], [ -66.9388, 18.2613 ] ] } },
{ "type": "Feature", "properties": { "gnis_name": "Río Guajataca", "streamorde": 3, "lengthkm": 12.40346893, "totdasqkm": 100.04770018000001 }, "geometry": { "type": "LineString", "coordinates": [ [ -66.926, 18.398 ], [ -66.9269, 18.3986 ], [ -66.9315, 18.3988 ], [ -66.9335, 18.3996 ], [ -66.9349, 18.4007 ], [ -66.9404, 18.3994 ], [ -66.9426, 18.3995 ], [ -66.9475, 18.4018 ], [ -66.9482, 18.4033 ], [ -66.9477, 18.4047 ], [ -66.9479, 18.4056 ], [ -66.9475, 18.4061 ], [ -66.9468, 18.406 ], [ -66.9461, 18.407 ], [ -66.9459, 18.4085 ], [ -66.9449, 18.4089 ], [ -66.9442, 18.4098 ], [ -66.9416, 18.41 ], [ -66.9396, 18.4109 ], [ -66.9366, 18.4149 ], [ -66.9349, 18.4155 ], [ -66.9345, 18.4174 ], [ -66.9336, 18.4189 ], [ -66.9354, 18.4183 ], [ -66.9387, 18.4192 ], [ -66.9432, 18.4235 ], [ -66.9435, 18.4242 ], [ -66.943, 18.4257 ], [ -66.9436, 18.4266 ], [ -66.944, 18.4302 ], [ -66.9452, 18.4314 ], [ -66.9477, 18.4377 ], [ -66.9493, 18.4381 ], [ -66.952, 18.4373 ], [ -66.9545, 18.4384 ], [ -66.956, 18.4399 ], [ -66.9583, 18.4404 ], [ -66.9592, 18.442 ], [ -66.9588, 18.4452 ], [ -66.9596, 18.4467 ], [ -66.9615, 18.4467 ], [ -66.9629, 18.4482 ], [ -66.9631, 18.4496 ], [ -66.9638, 18.4503 ], [ -66.9669, 18.45 ], [ -66.9685, 18.4537 ], [ -66.9685, 18.4548 ], [ -66.9674, 18.4556 ], [ -66.9651, 18.4554 ] ] } },
{ "type": "Feature", "properties": { "gnis_name": null, "streamorde": 3, "lengthkm": 0.57625177, "totdasqkm": 2.72860005 }, "geometry": { "type": "LineString", "coordinates": [ [ -67.13, 18.2806 ], [ -67.1323, 18.2806 ], [ -67.1352, 18.2797 ] ] } },
{ "type": "Feature", "properties": { "gnis_name": null, "streamorde": 3, "lengthkm": 0.55914426, "totdasqkm": 21.29399983 }, "geometry": { "type": "LineString", "coordinates": [ [ -65.9661, 18.4154 ], [ -65.9672, 18.4204 ] ] } },
{ "type": "Feature", "properties": { "gnis_name": null, "streamorde": 3, "lengthkm": 0.02454116, "totdasqkm": 42.77680002 }, "geometry": { "type": "LineString", "coordinates": [ [ -67.0061, 18.0048 ], [ -67.0059, 18.0048 ] ] } },
{ "type": "Feature", "properties": { "gnis_name": null, "streamorde": 3, "lengthkm": 2.18530602, "totdasqkm": 6.71150009 }, "geometry": { "type": "LineString", "coordinates": [ [ -66.3618, 18.1562 ], [ -66.3618, 18.1558 ], [ -66.3604, 18.1551 ], [ -66.3615, 18.1546 ], [ -66.3604, 18.1531 ], [ -66.3621, 18.1518 ], [ -66.3624, 18.151 ], [ -66.3603, 18.1493 ], [ -66.3609, 18.1483 ], [ -66.3599, 18.1468 ], [ -66.3607, 18.1463 ], [ -66.3607, 18.1451 ], [ -66.3621, 18.1446 ], [ -66.3624, 18.1435 ], [ -66.3619, 18.1429 ] ] } },
{ "type": "Feature", "properties": { "gnis_name": "Río Mayaguecillo", "streamorde": 3, "lengthkm": 0.43102672, "totdasqkm": 11.55440006 }, "geometry": { "type": "LineString", "coordinates": [ [ -66.9777, 18.2507 ], [ -66.9767, 18.2515 ], [ -66.975, 18.2514 ], [ -66.9741, 18.2519 ] ] } },
{ "type": "Feature", "properties": { "gnis_name": "Río Gurabo", "streamorde": 4, "lengthkm": 0.81730044, "totdasqkm": 35.49849998 }, "geometry": { "type": "LineString", "coordinates": [ [ -65.8601, 18.2211 ], [ -65.8606, 18.2223 ], [ -65.8639, 18.2255 ], [ -65.8651, 18.226 ] ] } },
{ "type": "Feature", "properties": { "gnis_name": "Río Coamo", "streamorde": 4, "lengthkm": 1.0913915, "totdasqkm": 28.51580013 }, "geometry": { "type": "LineString", "coordinates": [ [ -66.3668, 18.1048 ], [ -66.3661, 18.1032 ], [ -66.3642, 18.1026 ], [ -66.3646, 18.1013 ], [ -66.3641, 18.1011 ], [ -66.3631, 18.0973 ] ] } },
{ "type": "Feature", "properties": { "gnis_name": null, "streamorde": 3, "lengthkm": 0.507, "totdasqkm": 55.4651002 }, "geometry": { "type": "LineString", "coordinates": [ [ -65.6541, 18.3156 ], [ -65.6536, 18.3169 ], [ -65.6514, 18.318 ], [ -65.6514, 18.3187 ] ] } },
{ "type": "Feature", "properties": { "gnis_name": "Río Culebrinas", "streamorde": 4, "lengthkm": 0.42812968, "totdasqkm": 108.57460014 }, "geometry": { "type": "LineString", "coordinates": [ [ -67.0224, 18.3452 ], [ -67.0254, 18.3458 ], [ -67.0256, 18.3465 ] ] } },
{ "type": "Feature", "properties": { "gnis_name": "Río Grande de Arecibo", "streamorde": 6, "lengthkm": 0.04136995, "totdasqkm": 435.29570006 }, "geometry": { "type": "LineString", "coordinates": [ [ -66.6671, 18.3359 ], [ -66.667, 18.3363 ] ] } },
{ "type": "Feature", "properties": { "gnis_name": "Río Rosario", "streamorde": 4, "lengthkm": 0.08319295, "totdasqkm": 50.92830009 }, "geometry": { "type": "LineString", "coordinates": [ [ -67.086, 18.1568 ], [ -67.0867, 18.1566 ] ] } },
{ "type": "Feature", "properties": { "gnis_name": null, "streamorde": 3, "lengthkm": 1.643, "totdasqkm": 12.83099988 }, "geometry": { "type": "LineString", "coordinates": [ [ -66.764, 18.0335 ], [ -66.7628, 18.0286 ], [ -66.7611, 18.0256 ], [ -66.7603, 18.0193 ] ] } },
{ "type": "Feature", "properties": { "gnis_name": "Río Gurabo", "streamorde": 5, "lengthkm": 1.29891857, "totdasqkm": 129.44240008999998 }, "geometry": { "type": "LineString", "coordinates": [ [ -65.9203, 18.2371 ], [ -65.9225, 18.2405 ], [ -65.9257, 18.2429 ], [ -65.9264, 18.2446 ], [ -65.928, 18.2455 ] ] } },
{ "type": "Feature", "properties": { "gnis_name": "Río Grande de Arecibo", "streamorde": 4, "lengthkm": 0.49833457, "totdasqkm": 112.79420006000001 }, "geometry": { "type": "LineString", "coordinates": [ [ -66.7243, 18.2567 ], [ -66.7233, 18.259 ], [ -66.7217, 18.2602 ] ] } },
{ "type": "Feature", "properties": { "gnis_name": null, "streamorde": 3, "lengthkm": 0.385, "totdasqkm": 51.9748003 }, "geometry": { "type": "LineString", "coordinates": [ [ -65.7923, 18.1277 ], [ -65.7908, 18.1277 ], [ -65.7899, 18.1269 ], [ -65.7899, 18.1262 ] ] } },
{ "type": "Feature", "properties": { "gnis_name": "Río Blanco", "streamorde": 4, "lengthkm": 0.85032512, "totdasqkm": 42.71240021000001 }, "geometry": { "type": "LineString", "coordinates": [ [ -66.8069, 18.2087 ], [ -66.8072, 18.2117 ], [ -66.8077, 18.2123 ], [ -66.8095, 18.2124 ], [ -66.8108, 18.2107 ] ] } },
{ "type": "Feature", "properties": { "gnis_name": "Río Grande de Añasco", "streamorde": 5, "lengthkm": 0.81370642, "totdasqkm": 275.71380016000001 }, "geometry": { "type": "LineString", "coordinates": [ [ -66.9632, 18.2709 ], [ -66.9649, 18.2714 ], [ -66.9654, 18.2709 ], [ -66.965, 18.2661 ] ] } },
{ "type": "Feature", "properties": { "gnis_name": "Río Guayo", "streamorde": 3, "lengthkm": 0.499, "totdasqkm": 23.66929995 }, "geometry": { "type": "LineString", "coordinates": [ [ -66.538, 18.0881 ], [ -66.5378, 18.0874 ], [ -66.5397, 18.0842 ] ] } },
{ "type": "Feature", "properties": { "gnis_name": null, "streamorde": 5, "lengthkm": 0.23959827, "totdasqkm": 296.26820020999997 }, "geometry": { "type": "LineString", "coordinates": [ [ -66.9716, 18.2707 ], [ -66.9726, 18.2714 ], [ -66.9722, 18.2723 ] ] } },
{ "type": "Feature", "properties": { "gnis_name": null, "streamorde": 3, "lengthkm": 0.55127244, "totdasqkm": 4.81089995 }, "geometry": { "type": "LineString", "coordinates": [ [ -66.1507, 18.1739 ], [ -66.1514, 18.175 ], [ -66.1509, 18.1766 ], [ -66.1502, 18.1766 ], [ -66.1505, 18.1775 ] ] } },
{ "type": "Feature", "properties": { "gnis_name": "Río Grande de Manati", "streamorde": 5, "lengthkm": 0.98738949, "totdasqkm": 133.36819988 }, "geometry": { "type": "LineString", "coordinates": [ [ -66.3901, 18.2912 ], [ -66.3909, 18.2905 ], [ -66.3905, 18.289 ], [ -66.392, 18.2876 ], [ -66.3924, 18.2864 ], [ -66.3941, 18.2854 ], [ -66.395, 18.2858 ] ] } },
{ "type": "Feature", "properties": { "gnis_name": null, "streamorde": 3, "lengthkm": 2.31314121, "totdasqkm": 7.53899972 }, "geometry": { "type": "LineString", "coordinates": [ [ -67.1452, 18.1792 ], [ -67.147, 18.1789 ], [ -67.149, 18.1774 ], [ -67.1494, 18.1778 ], [ -67.1494, 18.1792 ], [ -67.1501, 18.1798 ], [ -67.153, 18.1791 ], [ -67.1554, 18.1803 ], [ -67.1574, 18.1835 ], [ -67.1613, 18.1843 ] ] } },
{ "type": "Feature", "properties": { "gnis_name": null, "streamorde": 3, "lengthkm": 0.157, "totdasqkm": 19.71550025 }, "geometry": { "type": "LineString", "coordinates": [ [ -66.6415, 18.0965 ], [ -66.6428, 18.0958 ] ] } },
{ "type": "Feature", "properties": { "gnis_name": "Río Grande De Loiza", "streamorde": 6, "lengthkm": 0.2948505, "totdasqkm": 543.69389987 }, "geometry": { "type": "LineString", "coordinates": [ [ -66.0001, 18.3571 ], [ -65.9974, 18.3575 ] ] } },
{ "type": "Feature", "properties": { "gnis_name": null, "streamorde": 3, "lengthkm": 2.76351628, "totdasqkm": 35.69630001 }, "geometry": { "type": "LineString", "coordinates": [ [ -66.8238, 18.3038 ], [ -66.8247, 18.3042 ], [ -66.8244, 18.3053 ], [ -66.8251, 18.3063 ], [ -66.8246, 18.3089 ], [ -66.8252, 18.3094 ], [ -66.8243, 18.3101 ], [ -66.8251, 18.3115 ], [ -66.8273, 18.3122 ], [ -66.8274, 18.3149 ], [ -66.8252, 18.3161 ], [ -66.8236, 18.3187 ], [ -66.8245, 18.3191 ], [ -66.8255, 18.3216 ] ] } },
{ "type": "Feature", "properties": { "gnis_name": "Río Culebrinas", "streamorde": 5, "lengthkm": 1.16233945, "totdasqkm": 202.87919961999998 }, "geometry": { "type": "LineString", "coordinates": [ [ -67.1095, 18.3642 ], [ -67.1077, 18.3657 ], [ -67.108, 18.3662 ], [ -67.1088, 18.3665 ], [ -67.111, 18.3654 ], [ -67.1116, 18.3667 ], [ -67.112, 18.3669 ], [ -67.113, 18.366 ], [ -67.113, 18.365 ] ] } },
{ "type": "Feature", "properties": { "gnis_name": "Río Pitahaya", "streamorde": 3, "lengthkm": 0.89, "totdasqkm": 15.42130013 }, "geometry": { "type": "LineString", "coordinates": [ [ -65.7259, 18.35 ], [ -65.7261, 18.3519 ], [ -65.7256, 18.355 ], [ -65.7228, 18.3556 ] ] } },
{ "type": "Feature", "properties": { "gnis_name": "Río Blanco", "streamorde": 4, "lengthkm": 0.14782372, "totdasqkm": 99.76460037 }, "geometry": { "type": "LineString", "coordinates": [ [ -66.8984, 18.2558 ], [ -66.8997, 18.2562 ] ] } },
{ "type": "Feature", "properties": { "gnis_name": "Río Vacas", "streamorde": 4, "lengthkm": 0.57115016, "totdasqkm": 21.58380011 }, "geometry": { "type": "LineString", "coordinates": [ [ -66.743, 18.1572 ], [ -66.7435, 18.1576 ], [ -66.7429, 18.1595 ], [ -66.7417, 18.1602 ], [ -66.7405, 18.1601 ] ] } },
{ "type": "Feature", "properties": { "gnis_name": "Río Toro Negro", "streamorde": 4, "lengthkm": 0.17269793, "totdasqkm": 67.88419993000001 }, "geometry": { "type": "LineString", "coordinates": [ [ -66.5024, 18.2586 ], [ -66.5036, 18.2595 ] ] } },
{ "type": "Feature", "properties": { "gnis_name": "Río Guatemala", "streamorde": 3, "lengthkm": 1.98728634, "totdasqkm": 30.22550018 }, "geometry": { "type": "LineString", "coordinates": [ [ -66.9955, 18.3566 ], [ -66.9966, 18.3556 ], [ -66.9959, 18.3544 ], [ -66.9962, 18.3533 ], [ -66.9957, 18.3518 ], [ -66.9969, 18.3504 ], [ -66.9974, 18.3472 ], [ -66.9966, 18.3453 ], [ -66.9971, 18.3446 ], [ -67.001, 18.3431 ] ] } },
{ "type": "Feature", "properties": { "gnis_name": "Río Turabo", "streamorde": 4, "lengthkm": 0.18622547, "totdasqkm": 28.10170013 }, "geometry": { "type": "LineString", "coordinates": [ [ -66.0448, 18.1804 ], [ -66.0465, 18.1809 ] ] } },
{ "type": "Feature", "properties": { "gnis_name": "Río Grande de Arecibo", "streamorde": 6, "lengthkm": 0.10744371, "totdasqkm": 435.28980006 }, "geometry": { "type": "LineString", "coordinates": [ [ -66.6674, 18.3346 ], [ -66.6672, 18.3356 ] ] } },
{ "type": "Feature", "properties": { "gnis_name": "Río Cerrillos", "streamorde": 4, "lengthkm": 1.47746504, "totdasqkm": 37.50919992 }, "geometry": { "type": "LineString", "coordinates": [ [ -66.5914, 18.1069 ], [ -66.5839, 18.1028 ], [ -66.5816, 18.1033 ], [ -66.5799, 18.1014 ] ] } },
{ "type": "Feature", "properties": { "gnis_name": null, "streamorde": 3, "lengthkm": 0.089, "totdasqkm": 14.08799996 }, "geometry": { "type": "LineString", "coordinates": [ [ -65.8096, 18.3928 ], [ -65.8104, 18.3928 ] ] } },
{ "type": "Feature", "properties": { "gnis_name": "Río Guaba", "streamorde": 3, "lengthkm": 1.42955896, "totdasqkm": 41.70390022 }, "geometry": { "type": "LineString", "coordinates": [ [ -66.9524, 18.2213 ], [ -66.9513, 18.2208 ], [ -66.9487, 18.2208 ], [ -66.9486, 18.2223 ], [ -66.9492, 18.2239 ], [ -66.9485, 18.2249 ], [ -66.9467, 18.2245 ], [ -66.9453, 18.2229 ], [ -66.9445, 18.2231 ] ] } },
{ "type": "Feature", "properties": { "gnis_name": "Río Cidra", "streamorde": 3, "lengthkm": 0.82509657, "totdasqkm": 10.5226999 }, "geometry": { "type": "LineString", "coordinates": [ [ -66.715, 18.1555 ], [ -66.7155, 18.1562 ], [ -66.7175, 18.1572 ], [ -66.7187, 18.1589 ], [ -66.7194, 18.161 ] ] } },
{ "type": "Feature", "properties": { "gnis_name": null, "streamorde": 4, "lengthkm": 0.07144794, "totdasqkm": 66.28249998 }, "geometry": { "type": "LineString", "coordinates": [ [ -66.3809, 18.2733 ], [ -66.3811, 18.2739 ] ] } },
{ "type": "Feature", "properties": { "gnis_name": null, "streamorde": 3, "lengthkm": 0.397, "totdasqkm": 5.51399993 }, "geometry": { "type": "LineString", "coordinates": [ [ -65.6948, 18.2046 ], [ -65.6943, 18.2029 ], [ -65.6926, 18.2027 ] ] } },
{ "type": "Feature", "properties": { "gnis_name": "Río Guaynabo", "streamorde": 4, "lengthkm": 1.27750282, "totdasqkm": 47.08739991 }, "geometry": { "type": "LineString", "coordinates": [ [ -66.1247, 18.3701 ], [ -66.1254, 18.3703 ], [ -66.1271, 18.3688 ], [ -66.1279, 18.3692 ], [ -66.1277, 18.3706 ], [ -66.1266, 18.3715 ], [ -66.1267, 18.3722 ], [ -66.1276, 18.3714 ], [ -66.1302, 18.3708 ] ] } },
{ "type": "Feature", "properties": { "gnis_name": "Río Culebrinas", "streamorde": 4, "lengthkm": 0.10090442, "totdasqkm": 86.71419992 }, "geometry": { "type": "LineString", "coordinates": [ [ -67.0205, 18.3417 ], [ -67.021, 18.3423 ] ] } },
{ "type": "Feature", "properties": { "gnis_name": null, "streamorde": 3, "lengthkm": 0.205, "totdasqkm": 7.91180001 }, "geometry": { "type": "LineString", "coordinates": [ [ -65.8037, 18.3809 ], [ -65.8051, 18.382 ] ] } },
{ "type": "Feature", "properties": { "gnis_name": "Río Gurabo", "streamorde": 5, "lengthkm": 0.05596851, "totdasqkm": 127.32540006000001 }, "geometry": { "type": "LineString", "coordinates": [ [ -65.9199, 18.2359 ], [ -65.92, 18.2364 ] ] } },
{ "type": "Feature", "properties": { "gnis_name": "Río Turabo", "streamorde": 3, "lengthkm": 1.87636152, "totdasqkm": 19.48090001 }, "geometry": { "type": "LineString", "coordinates": [ [ -66.0418, 18.1539 ], [ -66.0407, 18.1553 ], [ -66.0389, 18.1565 ], [ -66.0399, 18.1571 ], [ -66.0402, 18.1591 ], [ -66.039, 18.1612 ], [ -66.0398, 18.1632 ], [ -66.043, 18.1672 ] ] } },
{ "type": "Feature", "properties": { "gnis_name": null, "streamorde": 4, "lengthkm": 2.49903048, "totdasqkm": 140.29519954 }, "geometry": { "type": "LineString", "coordinates": [ [ -66.711, 18.4154 ], [ -66.7201, 18.4362 ] ] } },
{ "type": "Feature", "properties": { "gnis_name": "Río Tanamá", "streamorde": 4, "lengthkm": 0.01728041, "totdasqkm": 53.64379974000001 }, "geometry": { "type": "LineString", "coordinates": [ [ -66.7808, 18.3136 ], [ -66.7807, 18.3137 ] ] } },
{ "type": "Feature", "properties": { "gnis_name": null, "streamorde": 3, "lengthkm": 0.198, "totdasqkm": 25.31310021 }, "geometry": { "type": "LineString", "coordinates": [ [ -66.6337, 18.0666 ], [ -66.6353, 18.0662 ] ] } },
{ "type": "Feature", "properties": { "gnis_name": "Río de Bayamón", "streamorde": 4, "lengthkm": 0.67932268, "totdasqkm": 57.39039995 }, "geometry": { "type": "LineString", "coordinates": [ [ -66.1369, 18.2646 ], [ -66.1375, 18.2655 ], [ -66.1399, 18.2657 ], [ -66.1394, 18.2669 ], [ -66.1399, 18.268 ] ] } },
{ "type": "Feature", "properties": { "gnis_name": "Río Loco", "streamorde": 3, "lengthkm": 0.18974779, "totdasqkm": 21.83480004 }, "geometry": { "type": "LineString", "coordinates": [ [ -66.8859, 18.0434 ], [ -66.8875, 18.0429 ] ] } },
{ "type": "Feature", "properties": { "gnis_name": "Río Piedras", "streamorde": 4, "lengthkm": 1.493, "totdasqkm": 30.55240018 }, "geometry": { "type": "LineString", "coordinates": [ [ -66.0588, 18.3859 ], [ -66.0593, 18.3868 ], [ -66.0596, 18.3864 ], [ -66.0598, 18.3869 ], [ -66.0585, 18.387 ], [ -66.0583, 18.388 ], [ -66.0602, 18.3885 ], [ -66.0605, 18.3892 ], [ -66.0579, 18.3908 ], [ -66.0574, 18.3927 ], [ -66.0566, 18.3927 ] ] } },
{ "type": "Feature", "properties": { "gnis_name": "Río Caguitas", "streamorde": 3, "lengthkm": 0.90147259, "totdasqkm": 41.44970004 }, "geometry": { "type": "LineString", "coordinates": [ [ -66.0197, 18.2505 ], [ -66.0193, 18.2505 ], [ -66.0193, 18.2518 ], [ -66.0184, 18.2531 ], [ -66.0191, 18.2535 ], [ -66.019, 18.2539 ], [ -66.0156, 18.2538 ] ] } },
{ "type": "Feature", "properties": { "gnis_name": "Río Guaba", "streamorde": 3, "lengthkm": 3.25164656, "totdasqkm": 40.94660026 }, "geometry": { "type": "LineString", "coordinates": [ [ -66.9643, 18.21 ], [ -66.9644, 18.2113 ], [ -66.9665, 18.2126 ], [ -66.9647, 18.214 ], [ -66.9652, 18.2162 ], [ -66.9633, 18.2177 ], [ -66.9622, 18.2176 ], [ -66.962, 18.2197 ], [ -66.9603, 18.2199 ], [ -66.9594, 18.2191 ], [ -66.9562, 18.2195 ], [ -66.9548, 18.2185 ], [ -66.9537, 18.2183 ], [ -66.9535, 18.2189 ], [ -66.9545, 18.2211 ], [ -66.9545, 18.2222 ], [ -66.9539, 18.2228 ], [ -66.953, 18.2222 ] ] } },
{ "type": "Feature", "properties": { "gnis_name": "Río Grande de Manati", "streamorde": 3, "lengthkm": 0.58118624, "totdasqkm": 26.76429983 }, "geometry": { "type": "LineString", "coordinates": [ [ -66.2974, 18.2753 ], [ -66.2988, 18.2765 ], [ -66.3007, 18.276 ], [ -66.302, 18.2767 ] ] } },
{ "type": "Feature", "properties": { "gnis_name": null, "streamorde": 4, "lengthkm": 0.01108663, "totdasqkm": 136.95929971000001 }, "geometry": { "type": "LineString", "coordinates": [ [ -66.7052, 18.4194 ], [ -66.7052, 18.4195 ] ] } },
{ "type": "Feature", "properties": { "gnis_name": "Río Grande de Arecibo", "streamorde": 5, "lengthkm": 0.20095013, "totdasqkm": 191.94039969000002 }, "geometry": { "type": "LineString", "coordinates": [ [ -66.6758, 18.3067 ], [ -66.674, 18.3073 ] ] } },
{ "type": "Feature", "properties": { "gnis_name": "Río de Bayamón", "streamorde": 4, "lengthkm": 0.09989916, "totdasqkm": 29.8130998 }, "geometry": { "type": "LineString", "coordinates": [ [ -66.1463, 18.2192 ], [ -66.1462, 18.2201 ] ] } },
{ "type": "Feature", "properties": { "gnis_name": null, "streamorde": 3, "lengthkm": 0.10850098, "totdasqkm": 28.63540027 }, "geometry": { "type": "LineString", "coordinates": [ [ -65.6993, 18.2815 ], [ -65.6994, 18.2824 ] ] } },
{ "type": "Feature", "properties": { "gnis_name": null, "streamorde": 3, "lengthkm": 0.51621894, "totdasqkm": 19.09459997 }, "geometry": { "type": "LineString", "coordinates": [ [ -66.4795, 17.9918 ], [ -66.4788, 17.9892 ], [ -66.4802, 17.9879 ] ] } },
{ "type": "Feature", "properties": { "gnis_name": null, "streamorde": 3, "lengthkm": 0.1273498, "totdasqkm": 5.78440008 }, "geometry": { "type": "LineString", "coordinates": [ [ -67.1471, 18.3772 ], [ -67.1473, 18.3778 ], [ -67.147, 18.378 ] ] } },
{ "type": "Feature", "properties": { "gnis_name": "Río Culebrinas", "streamorde": 4, "lengthkm": 0.07789448, "totdasqkm": 143.42659982000001 }, "geometry": { "type": "LineString", "coordinates": [ [ -67.0516, 18.3568 ], [ -67.052, 18.3563 ] ] } },
{ "type": "Feature", "properties": { "gnis_name": null, "streamorde": 3, "lengthkm": 0.22349249, "totdasqkm": 9.36629968 }, "geometry": { "type": "LineString", "coordinates": [ [ -66.2597, 18.4555 ], [ -66.2581, 18.4567 ] ] } },
{ "type": "Feature", "properties": { "gnis_name": "Río Cañas", "streamorde": 3, "lengthkm": 2.86063767, "totdasqkm": 10.20970015 }, "geometry": { "type": "LineString", "coordinates": [ [ -67.1467, 18.3501 ], [ -67.1465, 18.3506 ], [ -67.1476, 18.3534 ], [ -67.146, 18.3544 ], [ -67.145, 18.3558 ], [ -67.144, 18.3603 ], [ -67.1451, 18.3613 ], [ -67.1451, 18.3606 ], [ -67.1469, 18.3606 ], [ -67.1478, 18.3646 ], [ -67.1485, 18.3654 ], [ -67.1473, 18.3662 ], [ -67.148, 18.3663 ], [ -67.1484, 18.3658 ], [ -67.1493, 18.3656 ] ] } },
{ "type": "Feature", "properties": { "gnis_name": "Río Guanajibo", "streamorde": 4, "lengthkm": 0.18067814, "totdasqkm": 87.3478998 }, "geometry": { "type": "LineString", "coordinates": [ [ -67.023, 18.0823 ], [ -67.0246, 18.0822 ] ] } },
{ "type": "Feature", "properties": { "gnis_name": "Río Toro Negro", "streamorde": 3, "lengthkm": 0.42823073, "totdasqkm": 16.3955998 }, "geometry": { "type": "LineString", "coordinates": [ [ -66.5125, 18.1833 ], [ -66.5129, 18.1839 ], [ -66.5147, 18.1844 ], [ -66.5151, 18.1855 ] ] } },
{ "type": "Feature", "properties": { "gnis_name": null, "streamorde": 5, "lengthkm": 0.14324831, "totdasqkm": 173.48979974 }, "geometry": { "type": "LineString", "coordinates": [ [ -66.7061, 18.2954 ], [ -66.7065, 18.2966 ] ] } },
{ "type": "Feature", "properties": { "gnis_name": null, "streamorde": 3, "lengthkm": 0.00959395, "totdasqkm": 22.78050001 }, "geometry": { "type": "LineString", "coordinates": [ [ -65.8369, 18.0584 ], [ -65.8368, 18.0584 ] ] } },
{ "type": "Feature", "properties": { "gnis_name": "Río Grande de Manati", "streamorde": 5, "lengthkm": 1.27349132, "totdasqkm": 163.50439988 }, "geometry": { "type": "LineString", "coordinates": [ [ -66.4289, 18.2934 ], [ -66.4298, 18.295 ], [ -66.4298, 18.2963 ], [ -66.4273, 18.2999 ], [ -66.4256, 18.3035 ] ] } },
{ "type": "Feature", "properties": { "gnis_name": null, "streamorde": 3, "lengthkm": 0.28066747, "totdasqkm": 157.00989962 }, "geometry": { "type": "LineString", "coordinates": [ [ -66.7139, 18.4708 ], [ -66.7117, 18.4721 ] ] } },
{ "type": "Feature", "properties": { "gnis_name": null, "streamorde": 3, "lengthkm": 1.35076471, "totdasqkm": 22.91269982 }, "geometry": { "type": "LineString", "coordinates": [ [ -66.7646, 18.0154 ], [ -66.7653, 18.0151 ], [ -66.7656, 18.0135 ], [ -66.7669, 18.0138 ], [ -66.7684, 18.0123 ], [ -66.7689, 18.0099 ], [ -66.7685, 18.0061 ] ] } },
{ "type": "Feature", "properties": { "gnis_name": "Río Grande", "streamorde": 3, "lengthkm": 2.191, "totdasqkm": 23.10139996 }, "geometry": { "type": "LineString", "coordinates": [ [ -65.8386, 18.3429 ], [ -65.8375, 18.3432 ], [ -65.8358, 18.3457 ], [ -65.8366, 18.3472 ], [ -65.8356, 18.3481 ], [ -65.8339, 18.3519 ], [ -65.8354, 18.3526 ], [ -65.8368, 18.355 ], [ -65.8369, 18.3564 ], [ -65.836, 18.357 ], [ -65.8356, 18.3582 ] ] } },
{ "type": "Feature", "properties": { "gnis_name": "Río Grande De Loiza", "streamorde": 6, "lengthkm": 1.84434445, "totdasqkm": 532.28799986000001 }, "geometry": { "type": "LineString", "coordinates": [ [ -66.0053, 18.3406 ], [ -66.0035, 18.3421 ], [ -66.001, 18.3433 ], [ -66.0004, 18.3445 ], [ -66.0006, 18.3458 ], [ -66.0029, 18.3495 ], [ -66.0072, 18.3513 ] ] } },
{ "type": "Feature", "properties": { "gnis_name": "Río Grande de Manati", "streamorde": 5, "lengthkm": 1.91677491, "totdasqkm": 346.49059996 }, "geometry": { "type": "LineString", "coordinates": [ [ -66.4621, 18.3112 ], [ -66.4606, 18.3127 ], [ -66.4596, 18.3161 ], [ -66.4607, 18.3186 ], [ -66.4605, 18.3202 ], [ -66.4581, 18.3241 ], [ -66.4577, 18.3258 ], [ -66.458, 18.3266 ] ] } },
{ "type": "Feature", "properties": { "gnis_name": "Río Yauco", "streamorde": 3, "lengthkm": 1.893, "totdasqkm": 47.15010027 }, "geometry": { "type": "LineString", "coordinates": [ [ -66.8649, 18.0909 ], [ -66.8654, 18.0895 ], [ -66.8647, 18.0873 ], [ -66.8648, 18.085 ], [ -66.8596, 18.0786 ], [ -66.8589, 18.0772 ], [ -66.8593, 18.076 ] ] } },
{ "type": "Feature", "properties": { "gnis_name": null, "streamorde": 3, "lengthkm": 0.197, "totdasqkm": 5.04380013 }, "geometry": { "type": "LineString", "coordinates": [ [ -67.0776, 18.3317 ], [ -67.0759, 18.3314 ] ] } },
{ "type": "Feature", "properties": { "gnis_name": "Río Limón", "streamorde": 3, "lengthkm": 0.26785376, "totdasqkm": 12.75049988 }, "geometry": { "type": "LineString", "coordinates": [ [ -66.596, 18.2784 ], [ -66.5965, 18.279 ], [ -66.5981, 18.2792 ] ] } },
{ "type": "Feature", "properties": { "gnis_name": "Río Caguitas", "streamorde": 3, "lengthkm": 1.07394303, "totdasqkm": 29.85320015 }, "geometry": { "type": "LineString", "coordinates": [ [ -66.0555, 18.2327 ], [ -66.0533, 18.2322 ], [ -66.0527, 18.2313 ], [ -66.0485, 18.2309 ], [ -66.0476, 18.231 ], [ -66.0469, 18.2321 ] ] } },
{ "type": "Feature", "properties": { "gnis_name": "Río Grande de Arecibo", "streamorde": 4, "lengthkm": 0.00544883, "totdasqkm": 63.61569991 }, "geometry": { "type": "LineString", "coordinates": [ ] } },
{ "type": "Feature", "properties": { "gnis_name": null, "streamorde": 3, "lengthkm": 0.13197508, "totdasqkm": 24.24149954 }, "geometry": { "type": "LineString", "coordinates": [ [ -66.8642, 18.1819 ], [ -66.8647, 18.1822 ], [ -66.8642, 18.1826 ] ] } },
{ "type": "Feature", "properties": { "gnis_name": "Río Yauco", "streamorde": 4, "lengthkm": 3.337, "totdasqkm": 53.12650025 }, "geometry": { "type": "LineString", "coordinates": [ [ -66.8603, 18.0743 ], [ -66.8587, 18.0736 ], [ -66.8582, 18.071 ], [ -66.8572, 18.0695 ], [ -66.8564, 18.0701 ], [ -66.8568, 18.0716 ], [ -66.8564, 18.0723 ], [ -66.8537, 18.0729 ], [ -66.8528, 18.0727 ], [ -66.8528, 18.0717 ], [ -66.8515, 18.0698 ], [ -66.8531, 18.0693 ], [ -66.8556, 18.0661 ], [ -66.8549, 18.066 ], [ -66.8533, 18.0668 ], [ -66.8527, 18.0664 ], [ -66.8518, 18.0639 ], [ -66.8533, 18.0638 ] ] } },
{ "type": "Feature", "properties": { "gnis_name": "Río Canóvanas", "streamorde": 3, "lengthkm": 3.39571073, "totdasqkm": 26.69900007 }, "geometry": { "type": "LineString", "coordinates": [ [ -65.885, 18.2911 ], [ -65.8859, 18.2926 ], [ -65.8858, 18.2945 ], [ -65.8873, 18.2955 ], [ -65.8887, 18.2992 ], [ -65.8882, 18.3009 ], [ -65.8873, 18.302 ], [ -65.8889, 18.305 ], [ -65.8896, 18.3084 ], [ -65.889, 18.3106 ], [ -65.8885, 18.3157 ], [ -65.8896, 18.3189 ] ] } },
{ "type": "Feature", "properties": { "gnis_name": "Río Culebrinas", "streamorde": 4, "lengthkm": 0.44135552, "totdasqkm": 140.64219989 }, "geometry": { "type": "LineString", "coordinates": [ [ -67.0478, 18.3512 ], [ -67.049, 18.3525 ], [ -67.0498, 18.3515 ], [ -67.0506, 18.3515 ] ] } },
{ "type": "Feature", "properties": { "gnis_name": null, "streamorde": 3, "lengthkm": 0.1033054, "totdasqkm": 15.12639997 }, "geometry": { "type": "LineString", "coordinates": [ [ -67.042, 18.0097 ], [ -67.0411, 18.0093 ] ] } },
{ "type": "Feature", "properties": { "gnis_name": null, "streamorde": 5, "lengthkm": 0.14464691, "totdasqkm": 424.67580022 }, "geometry": { "type": "LineString", "coordinates": [ [ -66.4999, 18.4217 ], [ -66.4993, 18.4215 ], [ -66.4992, 18.4222 ] ] } },
{ "type": "Feature", "properties": { "gnis_name": "Río Bauta", "streamorde": 3, "lengthkm": 0.54763827, "totdasqkm": 36.14879985 }, "geometry": { "type": "LineString", "coordinates": [ [ -66.455, 18.2158 ], [ -66.4545, 18.2175 ], [ -66.4557, 18.2183 ], [ -66.4566, 18.2196 ] ] } },
{ "type": "Feature", "properties": { "gnis_name": null, "streamorde": 3, "lengthkm": 0.604, "totdasqkm": 42.45740048 }, "geometry": { "type": "LineString", "coordinates": [ [ -65.6802, 18.3001 ], [ -65.6797, 18.3008 ], [ -65.6778, 18.3012 ], [ -65.6755, 18.2998 ] ] } },
{ "type": "Feature", "properties": { "gnis_name": "Río Seco", "streamorde": 3, "lengthkm": 0.40876092, "totdasqkm": 15.61799979 }, "geometry": { "type": "LineString", "coordinates": [ [ -66.1673, 17.9897 ], [ -66.1656, 17.9889 ], [ -66.1642, 17.9877 ] ] } },
{ "type": "Feature", "properties": { "gnis_name": "Río Grande de Manati", "streamorde": 5, "lengthkm": 0.73074569, "totdasqkm": 414.33850012 }, "geometry": { "type": "LineString", "coordinates": [ [ -66.4952, 18.3865 ], [ -66.4949, 18.3882 ], [ -66.4915, 18.3915 ] ] } },
{ "type": "Feature", "properties": { "gnis_name": "Río Saltillo", "streamorde": 3, "lengthkm": 1.162, "totdasqkm": 5.17479997 }, "geometry": { "type": "LineString", "coordinates": [ [ -66.7048, 18.1556 ], [ -66.708, 18.1544 ], [ -66.7113, 18.1541 ], [ -66.715, 18.1555 ] ] } },
{ "type": "Feature", "properties": { "gnis_name": "Río Toro Negro", "streamorde": 4, "lengthkm": 0.09303082, "totdasqkm": 69.07229991 }, "geometry": { "type": "LineString", "coordinates": [ [ -66.504, 18.2624 ], [ -66.5046, 18.2629 ] ] } },
{ "type": "Feature", "properties": { "gnis_name": "Río Rosario", "streamorde": 4, "lengthkm": 1.49843235, "totdasqkm": 42.58780027 }, "geometry": { "type": "LineString", "coordinates": [ [ -67.0612, 18.1741 ], [ -67.0636, 18.172 ], [ -67.0645, 18.1732 ], [ -67.0664, 18.1721 ], [ -67.0671, 18.1732 ], [ -67.0725, 18.1732 ] ] } },
{ "type": "Feature", "properties": { "gnis_name": "Río Limones", "streamorde": 4, "lengthkm": 3.162, "totdasqkm": 22.40040008 }, "geometry": { "type": "LineString", "coordinates": [ [ -65.9002, 18.0797 ], [ -65.8988, 18.0799 ], [ -65.8973, 18.0774 ], [ -65.8945, 18.0744 ], [ -65.8942, 18.0731 ], [ -65.8905, 18.0697 ], [ -65.8899, 18.0684 ], [ -65.8875, 18.0665 ], [ -65.8847, 18.0655 ], [ -65.8822, 18.0636 ], [ -65.8815, 18.0635 ], [ -65.8806, 18.064 ], [ -65.8801, 18.0623 ] ] } },
{ "type": "Feature", "properties": { "gnis_name": "Río Blanco", "streamorde": 4, "lengthkm": 1.08491389, "totdasqkm": 84.94700046 }, "geometry": { "type": "LineString", "coordinates": [ [ -66.8536, 18.2404 ], [ -66.8556, 18.2396 ], [ -66.858, 18.2429 ], [ -66.8594, 18.2417 ], [ -66.8611, 18.2413 ] ] } },
{ "type": "Feature", "properties": { "gnis_name": null, "streamorde": 3, "lengthkm": 0.445, "totdasqkm": 10.55589998 }, "geometry": { "type": "LineString", "coordinates": [ [ -67.0249, 18.357 ], [ -67.0238, 18.3564 ], [ -67.0247, 18.3553 ], [ -67.0247, 18.354 ] ] } },
{ "type": "Feature", "properties": { "gnis_name": "Río Lapa", "streamorde": 3, "lengthkm": 1.79246828, "totdasqkm": 12.05439994 }, "geometry": { "type": "LineString", "coordinates": [ [ -66.2205, 18.0765 ], [ -66.2217, 18.0757 ], [ -66.2238, 18.0754 ], [ -66.2242, 18.0734 ], [ -66.2271, 18.0719 ], [ -66.23, 18.0719 ], [ -66.2322, 18.0711 ], [ -66.2347, 18.0717 ] ] } },
{ "type": "Feature", "properties": { "gnis_name": "Río Bucarabones", "streamorde": 3, "lengthkm": 1.9913743, "totdasqkm": 14.39279994 }, "geometry": { "type": "LineString", "coordinates": [ [ -66.9251, 18.2008 ], [ -66.9274, 18.204 ], [ -66.9283, 18.2033 ], [ -66.9296, 18.2036 ], [ -66.9308, 18.2052 ], [ -66.9324, 18.2039 ], [ -66.9319, 18.2057 ], [ -66.9324, 18.2062 ], [ -66.9341, 18.2065 ], [ -66.937, 18.2055 ] ] } },
{ "type": "Feature", "properties": { "gnis_name": null, "streamorde": 5, "lengthkm": 0.02807712, "totdasqkm": 424.68900022000003 }, "geometry": { "type": "LineString", "coordinates": [ [ -66.4992, 18.4222 ], [ -66.4994, 18.4224 ] ] } },
{ "type": "Feature", "properties": { "gnis_name": null, "streamorde": 3, "lengthkm": 0.368, "totdasqkm": 11.94810003 }, "geometry": { "type": "LineString", "coordinates": [ [ -65.801, 18.1028 ], [ -65.7978, 18.1015 ] ] } },
{ "type": "Feature", "properties": { "gnis_name": null, "streamorde": 3, "lengthkm": 0.462, "totdasqkm": 8.55720005 }, "geometry": { "type": "LineString", "coordinates": [ [ -66.8449, 17.9858 ], [ -66.844, 17.9856 ], [ -66.841, 17.9871 ] ] } },
{ "type": "Feature", "properties": { "gnis_name": "Río Nigua", "streamorde": 4, "lengthkm": 0.58869104, "totdasqkm": 125.13439965 }, "geometry": { "type": "LineString", "coordinates": [ [ -66.2934, 17.9867 ], [ -66.2982, 17.9842 ] ] } },
{ "type": "Feature", "properties": { "gnis_name": "Río Gurabo", "streamorde": 4, "lengthkm": 0.7905703, "totdasqkm": 61.19930009 }, "geometry": { "type": "LineString", "coordinates": [ [ -65.8935, 18.2365 ], [ -65.895, 18.2386 ], [ -65.8969, 18.2386 ], [ -65.8994, 18.2397 ] ] } },
{ "type": "Feature", "properties": { "gnis_name": "Río Cialitos", "streamorde": 4, "lengthkm": 0.06022755, "totdasqkm": 42.79450004 }, "geometry": { "type": "LineString", "coordinates": [ [ -66.4744, 18.3359 ], [ -66.474, 18.3363 ] ] } },
{ "type": "Feature", "properties": { "gnis_name": "Río Bauta", "streamorde": 3, "lengthkm": 0.08278994, "totdasqkm": 32.24079985 }, "geometry": { "type": "LineString", "coordinates": [ [ -66.4508, 18.215 ], [ -66.4512, 18.2155 ] ] } },
{ "type": "Feature", "properties": { "gnis_name": null, "streamorde": 4, "lengthkm": 0.46728315, "totdasqkm": 31.32829983 }, "geometry": { "type": "LineString", "coordinates": [ [ -65.9888, 18.3383 ], [ -65.9892, 18.3401 ], [ -65.99, 18.3408 ], [ -65.9888, 18.3414 ] ] } },
{ "type": "Feature", "properties": { "gnis_name": null, "streamorde": 5, "lengthkm": 0.27643936, "totdasqkm": 537.21810013000004 }, "geometry": { "type": "LineString", "coordinates": [ [ -66.2561, 18.4138 ], [ -66.255, 18.4161 ] ] } },
{ "type": "Feature", "properties": { "gnis_name": "Caño La Puente", "streamorde": 4, "lengthkm": 0.11534311, "totdasqkm": 25.71279999 }, "geometry": { "type": "LineString", "coordinates": [ [ -67.1826, 18.2777 ], [ -67.1831, 18.2768 ] ] } },
{ "type": "Feature", "properties": { "gnis_name": "Río Yauco", "streamorde": 3, "lengthkm": 0.818, "totdasqkm": 5.49030009 }, "geometry": { "type": "LineString", "coordinates": [ [ -66.9075, 18.1342 ], [ -66.906, 18.1333 ], [ -66.9039, 18.1339 ], [ -66.9039, 18.1316 ], [ -66.9045, 18.1307 ] ] } },
{ "type": "Feature", "properties": { "gnis_name": null, "streamorde": 3, "lengthkm": 0.162, "totdasqkm": 29.36650014 }, "geometry": { "type": "LineString", "coordinates": [ [ -66.6277, 18.0499 ], [ -66.6263, 18.0495 ] ] } },
{ "type": "Feature", "properties": { "gnis_name": null, "streamorde": 3, "lengthkm": 0.319, "totdasqkm": 51.21520029000001 }, "geometry": { "type": "LineString", "coordinates": [ [ -65.6534, 18.3084 ], [ -65.6538, 18.3113 ] ] } },
{ "type": "Feature", "properties": { "gnis_name": "Río Gurabo", "streamorde": 5, "lengthkm": 0.15571353, "totdasqkm": 166.77850006 }, "geometry": { "type": "LineString", "coordinates": [ [ -65.9822, 18.2672 ], [ -65.9837, 18.2674 ] ] } },
{ "type": "Feature", "properties": { "gnis_name": "Río Limón", "streamorde": 3, "lengthkm": 0.12523921, "totdasqkm": 21.6162001 }, "geometry": { "type": "LineString", "coordinates": [ [ -66.5986, 18.282 ], [ -66.5995, 18.2826 ] ] } },
{ "type": "Feature", "properties": { "gnis_name": "Caño de Martín Peña", "streamorde": 3, "lengthkm": 1.021719, "totdasqkm": 50.19220006 }, "geometry": { "type": "LineString", "coordinates": [ [ -66.072, 18.4371 ], [ -66.0736, 18.4379 ], [ -66.0771, 18.4385 ], [ -66.0811, 18.4385 ] ] } },
{ "type": "Feature", "properties": { "gnis_name": "Río Blanco", "streamorde": 4, "lengthkm": 0.11672702, "totdasqkm": 95.44590043 }, "geometry": { "type": "LineString", "coordinates": [ [ -66.8869, 18.2471 ], [ -66.8878, 18.2474 ] ] } },
{ "type": "Feature", "properties": { "gnis_name": "Río Cibuco", "streamorde": 5, "lengthkm": 2.0528156, "totdasqkm": 210.78929989 }, "geometry": { "type": "LineString", "coordinates": [ [ -66.3674, 18.4409 ], [ -66.3678, 18.4425 ], [ -66.3687, 18.4435 ], [ -66.3701, 18.4436 ], [ -66.3712, 18.4449 ], [ -66.3734, 18.4449 ], [ -66.375, 18.4468 ], [ -66.3748, 18.4491 ], [ -66.3752, 18.45 ], [ -66.3748, 18.4515 ], [ -66.3727, 18.453 ] ] } },
{ "type": "Feature", "properties": { "gnis_name": null, "streamorde": 3, "lengthkm": 0.92, "totdasqkm": 9.94330017 }, "geometry": { "type": "LineString", "coordinates": [ [ -66.0601, 18.3436 ], [ -66.0616, 18.3442 ], [ -66.0646, 18.3477 ], [ -66.0656, 18.3478 ], [ -66.0662, 18.3485 ] ] } },
{ "type": "Feature", "properties": { "gnis_name": "Río Tanamá", "streamorde": 3, "lengthkm": 0.81440728, "totdasqkm": 13.32759991 }, "geometry": { "type": "LineString", "coordinates": [ [ -66.7813, 18.2268 ], [ -66.7812, 18.2281 ], [ -66.7804, 18.2289 ], [ -66.7813, 18.2298 ], [ -66.7825, 18.23 ], [ -66.7813, 18.2321 ] ] } },
{ "type": "Feature", "properties": { "gnis_name": null, "streamorde": 3, "lengthkm": 0.295, "totdasqkm": 44.6576003 }, "geometry": { "type": "LineString", "coordinates": [ [ -65.6749, 18.3 ], [ -65.6736, 18.3009 ], [ -65.6725, 18.3006 ] ] } },
{ "type": "Feature", "properties": { "gnis_name": "Río Grande de Arecibo", "streamorde": 4, "lengthkm": 0.04711809, "totdasqkm": 63.53579994 }, "geometry": { "type": "LineString", "coordinates": [ [ -66.7213, 18.2218 ], [ -66.7208, 18.2219 ] ] } },
{ "type": "Feature", "properties": { "gnis_name": "Río Guaba", "streamorde": 3, "lengthkm": 1.25634951, "totdasqkm": 33.76519997 }, "geometry": { "type": "LineString", "coordinates": [ [ -66.9633, 18.198 ], [ -66.9648, 18.2009 ], [ -66.9683, 18.202 ], [ -66.9668, 18.2033 ], [ -66.9673, 18.2055 ] ] } },
{ "type": "Feature", "properties": { "gnis_name": "Río Tallaboa", "streamorde": 3, "lengthkm": 0.533, "totdasqkm": 20.70540007 }, "geometry": { "type": "LineString", "coordinates": [ [ -66.6932, 18.0782 ], [ -66.6935, 18.0774 ], [ -66.6958, 18.0769 ], [ -66.6973, 18.076 ] ] } },
{ "type": "Feature", "properties": { "gnis_name": "Río Minillas", "streamorde": 3, "lengthkm": 0.0173801, "totdasqkm": 9.70380014 }, "geometry": { "type": "LineString", "coordinates": [ [ -66.1418, 18.3577 ], [ -66.1417, 18.3576 ] ] } },
{ "type": "Feature", "properties": { "gnis_name": "Río Yunes", "streamorde": 3, "lengthkm": 0.58531313, "totdasqkm": 24.99559998 }, "geometry": { "type": "LineString", "coordinates": [ [ -66.5666, 18.2997 ], [ -66.5679, 18.2998 ], [ -66.5688, 18.3014 ], [ -66.5702, 18.3016 ], [ -66.5703, 18.3022 ] ] } },
{ "type": "Feature", "properties": { "gnis_name": "Río Caguitas", "streamorde": 3, "lengthkm": 0.05246019, "totdasqkm": 15.46320001 }, "geometry": { "type": "LineString", "coordinates": [ [ -66.0644, 18.2395 ], [ -66.0639, 18.2395 ] ] } },
{ "type": "Feature", "properties": { "gnis_name": "Río Caonillas", "streamorde": 4, "lengthkm": 1.39400342, "totdasqkm": 128.17180007 }, "geometry": { "type": "LineString", "coordinates": [ [ -66.6507, 18.2803 ], [ -66.6489, 18.2812 ], [ -66.6458, 18.2819 ], [ -66.6432, 18.2811 ], [ -66.6405, 18.2839 ], [ -66.6406, 18.2846 ] ] } },
{ "type": "Feature", "properties": { "gnis_name": "Río Grande de Añasco", "streamorde": 5, "lengthkm": 0.70295148, "totdasqkm": 456.4430003 }, "geometry": { "type": "LineString", "coordinates": [ [ -67.1442, 18.2685 ], [ -67.1449, 18.2689 ], [ -67.145, 18.2698 ], [ -67.1438, 18.2707 ], [ -67.1456, 18.27 ], [ -67.1459, 18.2708 ] ] } },
{ "type": "Feature", "properties": { "gnis_name": "Río Blanco", "streamorde": 4, "lengthkm": 0.66162817, "totdasqkm": 45.21040019 }, "geometry": { "type": "LineString", "coordinates": [ [ -66.8144, 18.2171 ], [ -66.8153, 18.217 ], [ -66.8163, 18.2177 ], [ -66.8168, 18.2194 ], [ -66.8186, 18.2195 ] ] } },
{ "type": "Feature", "properties": { "gnis_name": "Río Guaynabo", "streamorde": 4, "lengthkm": 0.4262233, "totdasqkm": 46.34779991000001 }, "geometry": { "type": "LineString", "coordinates": [ [ -66.1204, 18.3686 ], [ -66.1212, 18.3694 ], [ -66.124, 18.3693 ] ] } },
{ "type": "Feature", "properties": { "gnis_name": "Río Guanajibo", "streamorde": 4, "lengthkm": 0.72201354, "totdasqkm": 87.31619982000001 }, "geometry": { "type": "LineString", "coordinates": [ [ -67.0186, 18.078 ], [ -67.0212, 18.0796 ], [ -67.0219, 18.0817 ], [ -67.023, 18.0823 ] ] } },
{ "type": "Feature", "properties": { "gnis_name": "Río Guayanés", "streamorde": 3, "lengthkm": 0.798, "totdasqkm": 20.70610007 }, "geometry": { "type": "LineString", "coordinates": [ [ -66.7193, 18.0574 ], [ -66.7194, 18.0528 ], [ -66.7201, 18.0504 ] ] } },
{ "type": "Feature", "properties": { "gnis_name": "Río de Barranquitas", "streamorde": 3, "lengthkm": 0.36301375, "totdasqkm": 11.09619994 }, "geometry": { "type": "LineString", "coordinates": [ [ -66.3008, 18.184 ], [ -66.3005, 18.1821 ], [ -66.3014, 18.181 ] ] } },
{ "type": "Feature", "properties": { "gnis_name": "Río Lapa", "streamorde": 3, "lengthkm": 1.17359842, "totdasqkm": 17.20419984 }, "geometry": { "type": "LineString", "coordinates": [ [ -66.2356, 18.0708 ], [ -66.2357, 18.0692 ], [ -66.2376, 18.0669 ], [ -66.2377, 18.0641 ], [ -66.2389, 18.0634 ], [ -66.2398, 18.062 ] ] } },
{ "type": "Feature", "properties": { "gnis_name": null, "streamorde": 3, "lengthkm": 0.8272468, "totdasqkm": 7.8692001 }, "geometry": { "type": "LineString", "coordinates": [ [ -65.8886, 18.1796 ], [ -65.8901, 18.1803 ], [ -65.8909, 18.1817 ], [ -65.8929, 18.1818 ], [ -65.8931, 18.1833 ], [ -65.8937, 18.1838 ] ] } },
{ "type": "Feature", "properties": { "gnis_name": null, "streamorde": 3, "lengthkm": 0.35019911, "totdasqkm": 5.19069998 }, "geometry": { "type": "LineString", "coordinates": [ [ -65.3748, 18.127 ], [ -65.3723, 18.1269 ], [ -65.3729, 18.1265 ] ] } },
{ "type": "Feature", "properties": { "gnis_name": null, "streamorde": 3, "lengthkm": 0.48595947, "totdasqkm": 5.86660002 }, "geometry": { "type": "LineString", "coordinates": [ [ -65.9894, 18.2593 ], [ -65.9877, 18.2601 ], [ -65.9873, 18.2624 ] ] } },
{ "type": "Feature", "properties": { "gnis_name": "Río Culebrinas", "streamorde": 5, "lengthkm": 0.23016045, "totdasqkm": 187.21779989000001 }, "geometry": { "type": "LineString", "coordinates": [ [ -67.0897, 18.3608 ], [ -67.0917, 18.3611 ] ] } },
{ "type": "Feature", "properties": { "gnis_name": "Río Guadiana", "streamorde": 3, "lengthkm": 1.09982521, "totdasqkm": 14.52730001 }, "geometry": { "type": "LineString", "coordinates": [ [ -66.2426, 18.3008 ], [ -66.239, 18.2995 ], [ -66.2384, 18.2998 ], [ -66.2375, 18.3014 ], [ -66.2365, 18.3009 ], [ -66.2342, 18.3008 ] ] } },
{ "type": "Feature", "properties": { "gnis_name": "Río Grande de Arecibo", "streamorde": 4, "lengthkm": 0.40375537, "totdasqkm": 59.37979974 }, "geometry": { "type": "LineString", "coordinates": [ [ -66.7256, 18.2192 ], [ -66.7226, 18.2213 ] ] } },
{ "type": "Feature", "properties": { "gnis_name": "Río Grande De Loiza", "streamorde": 5, "lengthkm": 1.14847626, "totdasqkm": 121.25890009 }, "geometry": { "type": "LineString", "coordinates": [ [ -65.9646, 18.1938 ], [ -65.962, 18.1968 ], [ -65.9622, 18.1976 ], [ -65.9635, 18.1981 ], [ -65.9667, 18.1975 ], [ -65.9678, 18.1979 ] ] } },
{ "type": "Feature", "properties": { "gnis_name": "Río Pellejas", "streamorde": 3, "lengthkm": 1.23672253, "totdasqkm": 14.24059996 }, "geometry": { "type": "LineString", "coordinates": [ [ -66.6972, 18.196 ], [ -66.698, 18.197 ], [ -66.6982, 18.1959 ], [ -66.6986, 18.1958 ], [ -66.6993, 18.1979 ], [ -66.704, 18.2 ], [ -66.7044, 18.2005 ] ] } },
{ "type": "Feature", "properties": { "gnis_name": "Río Grande De Loiza", "streamorde": 5, "lengthkm": 0.48662264, "totdasqkm": 230.75449971 }, "geometry": { "type": "LineString", "coordinates": [ [ -66.0138, 18.2468 ], [ -66.0111, 18.2503 ] ] } },
{ "type": "Feature", "properties": { "gnis_name": "Río Cidra", "streamorde": 3, "lengthkm": 0.7792317, "totdasqkm": 20.63079984 }, "geometry": { "type": "LineString", "coordinates": [ [ -66.7331, 18.1744 ], [ -66.7345, 18.1746 ], [ -66.7361, 18.1765 ], [ -66.7364, 18.1793 ] ] } },
{ "type": "Feature", "properties": { "gnis_name": "Río Guavate", "streamorde": 3, "lengthkm": 0.96253062, "totdasqkm": 14.02689992 }, "geometry": { "type": "LineString", "coordinates": [ [ -66.107, 18.1309 ], [ -66.1074, 18.1309 ], [ -66.108, 18.1301 ], [ -66.1106, 18.1292 ], [ -66.1108, 18.13 ], [ -66.1124, 18.1312 ], [ -66.1131, 18.13 ] ] } },
{ "type": "Feature", "properties": { "gnis_name": null, "streamorde": 3, "lengthkm": 1.45736073, "totdasqkm": 8.41370002 }, "geometry": { "type": "LineString", "coordinates": [ [ -66.2356, 18.0041 ], [ -66.2351, 18.001 ], [ -66.2369, 18.0012 ], [ -66.2369, 17.9993 ], [ -66.238, 17.9981 ], [ -66.2374, 17.9972 ], [ -66.2377, 17.9959 ], [ -66.2381, 17.9952 ], [ -66.2392, 17.995 ] ] } },
{ "type": "Feature", "properties": { "gnis_name": "Río Blanco", "streamorde": 4, "lengthkm": 0.0696792, "totdasqkm": 85.8466005 }, "geometry": { "type": "LineString", "coordinates": [ [ -66.8633, 18.2409 ], [ -66.8639, 18.2406 ] ] } },
{ "type": "Feature", "properties": { "gnis_name": "Río Coamo", "streamorde": 5, "lengthkm": 0.43419234, "totdasqkm": 149.53079983000001 }, "geometry": { "type": "LineString", "coordinates": [ [ -66.3764, 18.0395 ], [ -66.3739, 18.0365 ] ] } },
{ "type": "Feature", "properties": { "gnis_name": "Río Coamo", "streamorde": 5, "lengthkm": 0.49559619, "totdasqkm": 150.9432999 }, "geometry": { "type": "LineString", "coordinates": [ [ -66.3739, 18.0365 ], [ -66.3724, 18.0345 ], [ -66.3719, 18.0327 ] ] } },
{ "type": "Feature", "properties": { "gnis_name": "Río Bucarabones", "streamorde": 3, "lengthkm": 1.03643506, "totdasqkm": 22.10500001 }, "geometry": { "type": "LineString", "coordinates": [ [ -66.2388, 18.3864 ], [ -66.2396, 18.386 ], [ -66.2404, 18.387 ], [ -66.2415, 18.386 ], [ -66.242, 18.3866 ], [ -66.2416, 18.3879 ], [ -66.2443, 18.3868 ] ] } },
{ "type": "Feature", "properties": { "gnis_name": null, "streamorde": 3, "lengthkm": 0.45869591, "totdasqkm": 2.41170009 }, "geometry": { "type": "LineString", "coordinates": [ [ -67.1391, 18.2171 ], [ -67.1407, 18.2162 ], [ -67.1412, 18.2152 ], [ -67.1408, 18.2141 ] ] } },
{ "type": "Feature", "properties": { "gnis_name": "Río Culebrinas", "streamorde": 4, "lengthkm": 0.73515074, "totdasqkm": 163.1325998 }, "geometry": { "type": "LineString", "coordinates": [ [ -67.0678, 18.3587 ], [ -67.0697, 18.3596 ], [ -67.0705, 18.3607 ], [ -67.0719, 18.3605 ], [ -67.0736, 18.3612 ] ] } },
{ "type": "Feature", "properties": { "gnis_name": "Río Toa Vaca", "streamorde": 3, "lengthkm": 0.24541578, "totdasqkm": 57.52760014 }, "geometry": { "type": "LineString", "coordinates": [ [ -66.4893, 18.0991 ], [ -66.4915, 18.0986 ] ] } },
{ "type": "Feature", "properties": { "gnis_name": "Río Grande De Loiza", "streamorde": 6, "lengthkm": 1.29732156, "totdasqkm": 540.8938997 }, "geometry": { "type": "LineString", "coordinates": [ [ -66.0101, 18.3542 ], [ -66.0098, 18.3563 ], [ -66.0073, 18.3573 ], [ -66.0001, 18.3571 ] ] } },
{ "type": "Feature", "properties": { "gnis_name": "Río Sonador", "streamorde": 3, "lengthkm": 1.25654226, "totdasqkm": 19.31130015 }, "geometry": { "type": "LineString", "coordinates": [ [ -67.017, 18.3206 ], [ -67.0167, 18.3213 ], [ -67.0171, 18.322 ], [ -67.0165, 18.3226 ], [ -67.0186, 18.3232 ], [ -67.0189, 18.3225 ], [ -67.0194, 18.3226 ], [ -67.0203, 18.3232 ], [ -67.0203, 18.3238 ], [ -67.021, 18.3236 ], [ -67.0205, 18.3251 ], [ -67.0214, 18.3248 ] ] } },
{ "type": "Feature", "properties": { "gnis_name": null, "streamorde": 3, "lengthkm": 0.68104553, "totdasqkm": 9.06880006 }, "geometry": { "type": "LineString", "coordinates": [ [ -66.9647, 18.0142 ], [ -66.9651, 18.0081 ] ] } },
{ "type": "Feature", "properties": { "gnis_name": "Río Mavilla", "streamorde": 3, "lengthkm": 1.00483408, "totdasqkm": 29.66030007 }, "geometry": { "type": "LineString", "coordinates": [ [ -66.2916, 18.3428 ], [ -66.2935, 18.3433 ], [ -66.2941, 18.3446 ], [ -66.2955, 18.3454 ], [ -66.2959, 18.3476 ], [ -66.2976, 18.348 ] ] } },
{ "type": "Feature", "properties": { "gnis_name": "Río Grande", "streamorde": 3, "lengthkm": 0.12571184, "totdasqkm": 19.2206 }, "geometry": { "type": "LineString", "coordinates": [ [ -66.9425, 18.0887 ], [ -66.9425, 18.0878 ] ] } },
{ "type": "Feature", "properties": { "gnis_name": null, "streamorde": 3, "lengthkm": 0.01322531, "totdasqkm": 6.20719994 }, "geometry": { "type": "LineString", "coordinates": [ [ -66.0878, 17.9652 ], [ -66.0878, 17.9651 ] ] } },
{ "type": "Feature", "properties": { "gnis_name": "Río Canóvanas", "streamorde": 3, "lengthkm": 0.63507101, "totdasqkm": 45.22909998 }, "geometry": { "type": "LineString", "coordinates": [ [ -65.9026, 18.3902 ], [ -65.9044, 18.3899 ], [ -65.9054, 18.3908 ], [ -65.9059, 18.3906 ], [ -65.9054, 18.3917 ], [ -65.9059, 18.392 ] ] } },
{ "type": "Feature", "properties": { "gnis_name": "Río Viejo", "streamorde": 3, "lengthkm": 0.36714986, "totdasqkm": 24.50600005 }, "geometry": { "type": "LineString", "coordinates": [ [ -67.1026, 18.0944 ], [ -67.1048, 18.0947 ], [ -67.1054, 18.0936 ] ] } },
{ "type": "Feature", "properties": { "gnis_name": null, "streamorde": 5, "lengthkm": 0.01584395, "totdasqkm": 537.24470012999996 }, "geometry": { "type": "LineString", "coordinates": [ [ -66.2568, 18.4159 ], [ -66.2569, 18.4159 ] ] } },
{ "type": "Feature", "properties": { "gnis_name": null, "streamorde": 3, "lengthkm": 0.576, "totdasqkm": 6.38110016 }, "geometry": { "type": "LineString", "coordinates": [ [ -67.1377, 17.9587 ], [ -67.1376, 17.9576 ], [ -67.1387, 17.9575 ], [ -67.1395, 17.9548 ] ] } },
{ "type": "Feature", "properties": { "gnis_name": null, "streamorde": 3, "lengthkm": 0.61506445, "totdasqkm": 26.7994 }, "geometry": { "type": "LineString", "coordinates": [ [ -65.9675, 18.4216 ], [ -65.9674, 18.4272 ] ] } },
{ "type": "Feature", "properties": { "gnis_name": "Río Cialitos", "streamorde": 4, "lengthkm": 0.39203506, "totdasqkm": 27.06739979 }, "geometry": { "type": "LineString", "coordinates": [ [ -66.5218, 18.2969 ], [ -66.5238, 18.298 ], [ -66.5243, 18.2992 ] ] } },
{ "type": "Feature", "properties": { "gnis_name": null, "streamorde": 3, "lengthkm": 0.98801406, "totdasqkm": 2.99290007 }, "geometry": { "type": "LineString", "coordinates": [ [ -66.0887, 18.3237 ], [ -66.0903, 18.3235 ], [ -66.0936, 18.3258 ], [ -66.0947, 18.3258 ], [ -66.0957, 18.3266 ], [ -66.0966, 18.3266 ] ] } },
{ "type": "Feature", "properties": { "gnis_name": "Río Cerrillos", "streamorde": 3, "lengthkm": 0.368, "totdasqkm": 9.88539995 }, "geometry": { "type": "LineString", "coordinates": [ [ -66.6121, 18.1384 ], [ -66.6127, 18.1366 ], [ -66.6125, 18.1352 ] ] } },
{ "type": "Feature", "properties": { "gnis_name": "Río Yauco", "streamorde": 4, "lengthkm": 0.324, "totdasqkm": 54.49940019 }, "geometry": { "type": "LineString", "coordinates": [ [ -66.8594, 18.0603 ], [ -66.8598, 18.0598 ], [ -66.8589, 18.0578 ] ] } },
{ "type": "Feature", "properties": { "gnis_name": "Río Blanco", "streamorde": 4, "lengthkm": 0.05162963, "totdasqkm": 98.32340041 }, "geometry": { "type": "LineString", "coordinates": [ [ -66.8942, 18.2586 ], [ -66.8945, 18.259 ] ] } },
{ "type": "Feature", "properties": { "gnis_name": "Río Coamo", "streamorde": 5, "lengthkm": 0.26989409, "totdasqkm": 112.64999984000001 }, "geometry": { "type": "LineString", "coordinates": [ [ -66.3549, 18.0825 ], [ -66.3532, 18.0809 ] ] } },
{ "type": "Feature", "properties": { "gnis_name": "Río Cialitos", "streamorde": 3, "lengthkm": 0.81765392, "totdasqkm": 19.85739971 }, "geometry": { "type": "LineString", "coordinates": [ [ -66.517, 18.2938 ], [ -66.5181, 18.294 ], [ -66.519, 18.2948 ], [ -66.5211, 18.2949 ], [ -66.5206, 18.2965 ], [ -66.5218, 18.2969 ] ] } },
{ "type": "Feature", "properties": { "gnis_name": null, "streamorde": 3, "lengthkm": 0.29658817, "totdasqkm": 7.21650005 }, "geometry": { "type": "LineString", "coordinates": [ [ -66.3112, 18.1602 ], [ -66.3114, 18.1598 ], [ -66.3107, 18.1595 ], [ -66.3102, 18.1582 ] ] } },
{ "type": "Feature", "properties": { "gnis_name": "Caño La Puente", "streamorde": 4, "lengthkm": 0.73316708, "totdasqkm": 23.71470005 }, "geometry": { "type": "LineString", "coordinates": [ [ -67.1744, 18.2806 ], [ -67.1762, 18.2823 ], [ -67.1802, 18.2811 ] ] } },
{ "type": "Feature", "properties": { "gnis_name": "Río Caín", "streamorde": 3, "lengthkm": 0.60915441, "totdasqkm": 11.98249984 }, "geometry": { "type": "LineString", "coordinates": [ [ -67.0272, 18.1139 ], [ -67.0303, 18.1125 ], [ -67.0325, 18.1129 ] ] } },
{ "type": "Feature", "properties": { "gnis_name": null, "streamorde": 3, "lengthkm": 1.36523561, "totdasqkm": 3.95649994 }, "geometry": { "type": "LineString", "coordinates": [ [ -66.9484, 18.203 ], [ -66.9478, 18.2037 ], [ -66.9479, 18.2031 ], [ -66.9474, 18.203 ], [ -66.9447, 18.2058 ], [ -66.9421, 18.2109 ] ] } },
{ "type": "Feature", "properties": { "gnis_name": "Río Mavilla", "streamorde": 3, "lengthkm": 0.40495965, "totdasqkm": 5.60100007 }, "geometry": { "type": "LineString", "coordinates": [ [ -66.2747, 18.2652 ], [ -66.274, 18.2687 ] ] } },
{ "type": "Feature", "properties": { "gnis_name": "Río Culebra", "streamorde": 4, "lengthkm": 0.27920498, "totdasqkm": 8.99700002 }, "geometry": { "type": "LineString", "coordinates": [ [ -67.1877, 18.3676 ], [ -67.1879, 18.3699 ] ] } },
{ "type": "Feature", "properties": { "gnis_name": "Río Caonillas", "streamorde": 4, "lengthkm": 0.85063876, "totdasqkm": 98.3537001 }, "geometry": { "type": "LineString", "coordinates": [ [ -66.6411, 18.2261 ], [ -66.6399, 18.2282 ], [ -66.6351, 18.2304 ] ] } },
{ "type": "Feature", "properties": { "gnis_name": null, "streamorde": 3, "lengthkm": 1.305, "totdasqkm": 5.55759988 }, "geometry": { "type": "LineString", "coordinates": [ [ -65.8276, 18.4077 ], [ -65.8224, 18.4058 ], [ -65.8223, 18.4053 ], [ -65.8232, 18.405 ], [ -65.8224, 18.404 ], [ -65.819, 18.4029 ] ] } },
{ "type": "Feature", "properties": { "gnis_name": "Río Mavilla", "streamorde": 3, "lengthkm": 1.4762475, "totdasqkm": 26.95720005 }, "geometry": { "type": "LineString", "coordinates": [ [ -66.2788, 18.3298 ], [ -66.2776, 18.3327 ], [ -66.2779, 18.3339 ], [ -66.2793, 18.3343 ], [ -66.2807, 18.337 ], [ -66.282, 18.3375 ], [ -66.2827, 18.3373 ], [ -66.284, 18.3386 ] ] } },
{ "type": "Feature", "properties": { "gnis_name": "Río Toro Negro", "streamorde": 3, "lengthkm": 0.10360468, "totdasqkm": 33.88759985 }, "geometry": { "type": "LineString", "coordinates": [ [ -66.5173, 18.2269 ], [ -66.5169, 18.2277 ] ] } },
{ "type": "Feature", "properties": { "gnis_name": "Río Mayaguecillo", "streamorde": 3, "lengthkm": 0.7090579, "totdasqkm": 11.09350006 }, "geometry": { "type": "LineString", "coordinates": [ [ -66.98, 18.2469 ], [ -66.9779, 18.248 ], [ -66.9778, 18.2486 ], [ -66.9791, 18.2494 ], [ -66.9777, 18.2507 ] ] } },
{ "type": "Feature", "properties": { "gnis_name": "Río Culebrinas", "streamorde": 4, "lengthkm": 0.10395516, "totdasqkm": 122.50740005 }, "geometry": { "type": "LineString", "coordinates": [ [ -67.0433, 18.3435 ], [ -67.044, 18.3441 ] ] } },
{ "type": "Feature", "properties": { "gnis_name": null, "streamorde": 3, "lengthkm": 0.507, "totdasqkm": 6.20409994 }, "geometry": { "type": "LineString", "coordinates": [ [ -66.0908, 17.9688 ], [ -66.0878, 17.9652 ] ] } },
{ "type": "Feature", "properties": { "gnis_name": "Río Valenciano", "streamorde": 4, "lengthkm": 0.35339144, "totdasqkm": 35.22210005 }, "geometry": { "type": "LineString", "coordinates": [ [ -65.9128, 18.1956 ], [ -65.9133, 18.1965 ], [ -65.9152, 18.1956 ] ] } },
{ "type": "Feature", "properties": { "gnis_name": "Río Grande de Manati", "streamorde": 5, "lengthkm": 2.27489993, "totdasqkm": 553.69929996999997 }, "geometry": { "type": "LineString", "coordinates": [ [ -66.5276, 18.4405 ], [ -66.5292, 18.442 ], [ -66.5304, 18.4413 ], [ -66.5302, 18.44 ], [ -66.5315, 18.4402 ], [ -66.532, 18.4397 ], [ -66.5312, 18.4375 ], [ -66.5297, 18.4363 ], [ -66.5313, 18.4346 ], [ -66.536, 18.4346 ], [ -66.5375, 18.436 ] ] } },
{ "type": "Feature", "properties": { "gnis_name": "Río Guaonica", "streamorde": 3, "lengthkm": 0.421, "totdasqkm": 15.06580035 }, "geometry": { "type": "LineString", "coordinates": [ [ -66.7351, 18.2538 ], [ -66.7313, 18.2531 ] ] } },
{ "type": "Feature", "properties": { "gnis_name": null, "streamorde": 4, "lengthkm": 0.01176337, "totdasqkm": 64.2511002 }, "geometry": { "type": "LineString", "coordinates": [ [ -66.7776, 18.0039 ], [ -66.7775, 18.0038 ] ] } },
{ "type": "Feature", "properties": { "gnis_name": null, "streamorde": 3, "lengthkm": 2.00015954, "totdasqkm": 18.06529977 }, "geometry": { "type": "LineString", "coordinates": [ [ -65.9683, 18.3953 ], [ -65.9659, 18.4008 ], [ -65.9672, 18.4044 ], [ -65.967, 18.4066 ], [ -65.9659, 18.4091 ], [ -65.9661, 18.4125 ] ] } },
{ "type": "Feature", "properties": { "gnis_name": "Río Ingenio", "streamorde": 3, "lengthkm": 1.455, "totdasqkm": 5.80679993 }, "geometry": { "type": "LineString", "coordinates": [ [ -67.1831, 18.3378 ], [ -67.1836, 18.3388 ], [ -67.1832, 18.3397 ], [ -67.1838, 18.3399 ], [ -67.1841, 18.3393 ], [ -67.1845, 18.3403 ], [ -67.1851, 18.3406 ], [ -67.1854, 18.3395 ], [ -67.1869, 18.3396 ], [ -67.1874, 18.3402 ], [ -67.1879, 18.3396 ], [ -67.1896, 18.3403 ], [ -67.1909, 18.3392 ] ] } },
{ "type": "Feature", "properties": { "gnis_name": "Río Piedras", "streamorde": 3, "lengthkm": 0.657, "totdasqkm": 22.60150022 }, "geometry": { "type": "LineString", "coordinates": [ [ -66.0593, 18.3791 ], [ -66.0598, 18.3787 ], [ -66.0603, 18.379 ], [ -66.0596, 18.3804 ], [ -66.0606, 18.3816 ], [ -66.0592, 18.3822 ] ] } },
{ "type": "Feature", "properties": { "gnis_name": "Río de la Plata", "streamorde": 5, "lengthkm": 0.04020521, "totdasqkm": 265.54529987000001 }, "geometry": { "type": "LineString", "coordinates": [ [ -66.2402, 18.2037 ], [ -66.2398, 18.2038 ] ] } },
{ "type": "Feature", "properties": { "gnis_name": "Río Grande de Añasco", "streamorde": 5, "lengthkm": 2.21465165, "totdasqkm": 348.86270031000004 }, "geometry": { "type": "LineString", "coordinates": [ [ -67.0508, 18.2817 ], [ -67.0495, 18.285 ], [ -67.0502, 18.2863 ], [ -67.0518, 18.2864 ], [ -67.0542, 18.2845 ], [ -67.054, 18.2819 ], [ -67.0534, 18.2803 ], [ -67.055, 18.2794 ], [ -67.0543, 18.2776 ], [ -67.0544, 18.2757 ] ] } },
{ "type": "Feature", "properties": { "gnis_name": "Río Lajas", "streamorde": 3, "lengthkm": 3.0342429, "totdasqkm": 19.99689979 }, "geometry": { "type": "LineString", "coordinates": [ [ -66.2716, 18.3837 ], [ -66.27, 18.3841 ], [ -66.2703, 18.3857 ], [ -66.2684, 18.3858 ], [ -66.2675, 18.3866 ], [ -66.2658, 18.3861 ], [ -66.2645, 18.3867 ], [ -66.2637, 18.3881 ], [ -66.2621, 18.388 ], [ -66.2603, 18.387 ], [ -66.2579, 18.3876 ], [ -66.2572, 18.3902 ], [ -66.255, 18.3901 ], [ -66.2542, 18.3917 ], [ -66.2543, 18.3924 ], [ -66.2525, 18.394 ] ] } },
{ "type": "Feature", "properties": { "gnis_name": null, "streamorde": 3, "lengthkm": 1.68, "totdasqkm": 29.47380015 }, "geometry": { "type": "LineString", "coordinates": [ [ -65.8368, 18.1511 ], [ -65.8334, 18.1512 ], [ -65.8329, 18.1506 ], [ -65.8335, 18.1491 ], [ -65.8331, 18.1484 ], [ -65.8316, 18.1495 ], [ -65.8297, 18.1492 ], [ -65.8268, 18.1453 ] ] } },
{ "type": "Feature", "properties": { "gnis_name": "Río Indio", "streamorde": 4, "lengthkm": 1.43431212, "totdasqkm": 76.21809974 }, "geometry": { "type": "LineString", "coordinates": [ [ -66.3722, 18.4376 ], [ -66.3717, 18.4361 ], [ -66.3706, 18.4372 ], [ -66.3702, 18.4366 ], [ -66.3691, 18.4375 ], [ -66.3676, 18.437 ], [ -66.3672, 18.4379 ], [ -66.3676, 18.4393 ], [ -66.3662, 18.4394 ], [ -66.3674, 18.4409 ] ] } },
{ "type": "Feature", "properties": { "gnis_name": null, "streamorde": 3, "lengthkm": 0.09991336, "totdasqkm": 19.76289999 }, "geometry": { "type": "LineString", "coordinates": [ [ -66.1155, 18.0047 ], [ -66.1157, 18.0038 ] ] } },
{ "type": "Feature", "properties": { "gnis_name": "Río Grande", "streamorde": 3, "lengthkm": 1.0394213, "totdasqkm": 9.8148999 }, "geometry": { "type": "LineString", "coordinates": [ [ -67.2352, 18.3684 ], [ -67.2357, 18.3689 ], [ -67.2354, 18.3704 ], [ -67.2349, 18.3708 ], [ -67.2352, 18.3713 ], [ -67.2369, 18.3714 ], [ -67.2367, 18.3708 ], [ -67.2371, 18.3708 ], [ -67.2374, 18.3723 ], [ -67.2382, 18.3723 ] ] } },
{ "type": "Feature", "properties": { "gnis_name": null, "streamorde": 4, "lengthkm": 0.42682701, "totdasqkm": 19.46869989 }, "geometry": { "type": "LineString", "coordinates": [ [ -67.0753, 18.2485 ], [ -67.0779, 18.2513 ] ] } },
{ "type": "Feature", "properties": { "gnis_name": null, "streamorde": 3, "lengthkm": 0.665, "totdasqkm": 9.94049988 }, "geometry": { "type": "LineString", "coordinates": [ [ -65.6923, 18.2001 ], [ -65.6928, 18.1974 ], [ -65.6907, 18.1951 ] ] } },
{ "type": "Feature", "properties": { "gnis_name": "Río Grande de Añasco", "streamorde": 5, "lengthkm": 0.0184424, "totdasqkm": 340.46460017000004 }, "geometry": { "type": "LineString", "coordinates": [ [ -67.04, 18.2931 ], [ -67.0401, 18.2932 ] ] } },
{ "type": "Feature", "properties": { "gnis_name": "Río Yauco", "streamorde": 3, "lengthkm": 0.504, "totdasqkm": 8.92750008 }, "geometry": { "type": "LineString", "coordinates": [ [ -66.8946, 18.1205 ], [ -66.8934, 18.1195 ], [ -66.8922, 18.1194 ], [ -66.8926, 18.1178 ] ] } },
{ "type": "Feature", "properties": { "gnis_name": "Río Gurabo", "streamorde": 4, "lengthkm": 0.65687231, "totdasqkm": 61.97110007 }, "geometry": { "type": "LineString", "coordinates": [ [ -65.8994, 18.2397 ], [ -65.9013, 18.2405 ], [ -65.9028, 18.2425 ], [ -65.9043, 18.2426 ] ] } },
{ "type": "Feature", "properties": { "gnis_name": "Río Limón", "streamorde": 4, "lengthkm": 2.31147898, "totdasqkm": 87.16060036 }, "geometry": { "type": "LineString", "coordinates": [ [ -66.6394, 18.3193 ], [ -66.6416, 18.319 ], [ -66.6437, 18.3194 ], [ -66.6442, 18.3216 ], [ -66.6447, 18.3219 ], [ -66.6489, 18.32 ], [ -66.6503, 18.3226 ], [ -66.651, 18.3231 ], [ -66.6564, 18.3221 ] ] } },
{ "type": "Feature", "properties": { "gnis_name": null, "streamorde": 3, "lengthkm": 0.05178065, "totdasqkm": 5.19649998 }, "geometry": { "type": "LineString", "coordinates": [ [ -65.3739, 18.1263 ], [ -65.3743, 18.1262 ] ] } },
{ "type": "Feature", "properties": { "gnis_name": "Río Guanajibo", "streamorde": 4, "lengthkm": 0.3294567, "totdasqkm": 38.01059977 }, "geometry": { "type": "LineString", "coordinates": [ [ -66.9549, 18.0701 ], [ -66.9552, 18.0688 ], [ -66.9563, 18.0678 ] ] } },
{ "type": "Feature", "properties": { "gnis_name": "Río Guamaní", "streamorde": 3, "lengthkm": 0.30844005, "totdasqkm": 14.90479992 }, "geometry": { "type": "LineString", "coordinates": [ [ -66.1137, 18.0166 ], [ -66.1146, 18.0151 ], [ -66.1145, 18.0141 ] ] } },
{ "type": "Feature", "properties": { "gnis_name": "Río Yunes", "streamorde": 3, "lengthkm": 0.94744778, "totdasqkm": 18.63180018 }, "geometry": { "type": "LineString", "coordinates": [ [ -66.5627, 18.2868 ], [ -66.5631, 18.2878 ], [ -66.5628, 18.2883 ], [ -66.5618, 18.2883 ], [ -66.5614, 18.2896 ], [ -66.5622, 18.2908 ], [ -66.5608, 18.2932 ] ] } },
{ "type": "Feature", "properties": { "gnis_name": null, "streamorde": 3, "lengthkm": 0.519, "totdasqkm": 15.46210023 }, "geometry": { "type": "LineString", "coordinates": [ [ -66.6067, 18.0383 ], [ -66.6075, 18.0372 ], [ -66.6077, 18.0353 ], [ -66.609, 18.0347 ] ] } },
{ "type": "Feature", "properties": { "gnis_name": "Río Blanco", "streamorde": 4, "lengthkm": 0.01816073, "totdasqkm": 99.81590033000001 }, "geometry": { "type": "LineString", "coordinates": [ [ -66.9003, 18.2567 ], [ -66.9003, 18.2569 ] ] } },
{ "type": "Feature", "properties": { "gnis_name": "Río de la Plata", "streamorde": 5, "lengthkm": 0.93546164, "totdasqkm": 511.47460012 }, "geometry": { "type": "LineString", "coordinates": [ [ -66.2443, 18.3869 ], [ -66.2436, 18.3877 ], [ -66.2435, 18.3917 ], [ -66.2448, 18.3947 ] ] } },
{ "type": "Feature", "properties": { "gnis_name": "Río Bauta", "streamorde": 3, "lengthkm": 0.11347338, "totdasqkm": 60.88069983 }, "geometry": { "type": "LineString", "coordinates": [ [ -66.4558, 18.2577 ], [ -66.4568, 18.2578 ] ] } },
{ "type": "Feature", "properties": { "gnis_name": "Río Hondo", "streamorde": 4, "lengthkm": 0.01833629, "totdasqkm": 27.79970015 }, "geometry": { "type": "LineString", "coordinates": [ [ -66.2398, 18.204 ], [ -66.2398, 18.2038 ] ] } },
{ "type": "Feature", "properties": { "gnis_name": null, "streamorde": 3, "lengthkm": 0.32253399, "totdasqkm": 3.81530015 }, "geometry": { "type": "LineString", "coordinates": [ [ -67.1685, 18.1745 ], [ -67.1698, 18.1771 ] ] } },
{ "type": "Feature", "properties": { "gnis_name": "Río de la Plata", "streamorde": 5, "lengthkm": 0.15633835, "totdasqkm": 553.82770073000006 }, "geometry": { "type": "LineString", "coordinates": [ [ -66.2581, 18.4553 ], [ -66.2581, 18.4567 ] ] } },
{ "type": "Feature", "properties": { "gnis_name": "Río Grande", "streamorde": 3, "lengthkm": 0.05925007, "totdasqkm": 19.13290003 }, "geometry": { "type": "LineString", "coordinates": [ [ -66.941, 18.089 ], [ -66.9415, 18.0889 ] ] } },
{ "type": "Feature", "properties": { "gnis_name": "Río Loco", "streamorde": 3, "lengthkm": 0.08201016, "totdasqkm": 23.99610005 }, "geometry": { "type": "LineString", "coordinates": [ [ -66.8821, 18.0181 ], [ -66.882, 18.0173 ] ] } },
{ "type": "Feature", "properties": { "gnis_name": "Río Toa Vaca", "streamorde": 3, "lengthkm": 1.324, "totdasqkm": 31.68339988 }, "geometry": { "type": "LineString", "coordinates": [ [ -66.4455, 18.1268 ], [ -66.4476, 18.1258 ], [ -66.45, 18.1258 ], [ -66.4501, 18.1282 ], [ -66.4512, 18.1287 ], [ -66.4521, 18.1285 ], [ -66.4532, 18.1261 ] ] } },
{ "type": "Feature", "properties": { "gnis_name": null, "streamorde": 3, "lengthkm": 0.03286636, "totdasqkm": 47.93580008 }, "geometry": { "type": "LineString", "coordinates": [ [ -65.8964, 17.9903 ], [ -65.8962, 17.9901 ] ] } },
{ "type": "Feature", "properties": { "gnis_name": "Río Piedras", "streamorde": 3, "lengthkm": 0.55, "totdasqkm": 22.73600025 }, "geometry": { "type": "LineString", "coordinates": [ [ -66.0592, 18.3822 ], [ -66.0581, 18.3826 ], [ -66.059, 18.3835 ], [ -66.0588, 18.3859 ] ] } },
{ "type": "Feature", "properties": { "gnis_name": null, "streamorde": 3, "lengthkm": 0.36695485, "totdasqkm": 6.17109992 }, "geometry": { "type": "LineString", "coordinates": [ [ -66.0433, 18.29 ], [ -66.0431, 18.2903 ], [ -66.0422, 18.2899 ], [ -66.042, 18.2908 ], [ -66.0411, 18.2909 ] ] } },
{ "type": "Feature", "properties": { "gnis_name": null, "streamorde": 3, "lengthkm": 0.481, "totdasqkm": 4.6145 }, "geometry": { "type": "LineString", "coordinates": [ [ -67.0262, 18.2287 ], [ -67.0281, 18.2295 ], [ -67.0291, 18.2314 ] ] } },
{ "type": "Feature", "properties": { "gnis_name": "Río Cañas", "streamorde": 4, "lengthkm": 0.42189566, "totdasqkm": 21.1865002 }, "geometry": { "type": "LineString", "coordinates": [ [ -67.1401, 18.385 ], [ -67.1401, 18.3868 ], [ -67.1408, 18.3881 ], [ -67.1404, 18.3884 ] ] } },
{ "type": "Feature", "properties": { "gnis_name": "Río Cañas", "streamorde": 3, "lengthkm": 0.57068413, "totdasqkm": 18.6464 }, "geometry": { "type": "LineString", "coordinates": [ [ -67.0999, 18.2334 ], [ -67.1019, 18.2332 ], [ -67.1035, 18.2344 ], [ -67.1047, 18.2345 ] ] } },
{ "type": "Feature", "properties": { "gnis_name": null, "streamorde": 3, "lengthkm": 0.37319078, "totdasqkm": 4.33960008 }, "geometry": { "type": "LineString", "coordinates": [ [ -67.1698, 18.1771 ], [ -67.1708, 18.1803 ] ] } },
{ "type": "Feature", "properties": { "gnis_name": "Río Yauco", "streamorde": 4, "lengthkm": 3.69456916, "totdasqkm": 86.7611001 }, "geometry": { "type": "LineString", "coordinates": [ [ -66.8412, 18.0489 ], [ -66.8415, 18.0475 ], [ -66.8408, 18.0469 ], [ -66.8408, 18.0461 ], [ -66.8445, 18.0429 ], [ -66.8462, 18.0403 ], [ -66.8456, 18.0392 ], [ -66.8433, 18.0393 ], [ -66.843, 18.0371 ], [ -66.8436, 18.0368 ], [ -66.8446, 18.0375 ], [ -66.8453, 18.0371 ], [ -66.8472, 18.0333 ], [ -66.8458, 18.0299 ], [ -66.8413, 18.0263 ] ] } },
{ "type": "Feature", "properties": { "gnis_name": "Río Grande De Loiza", "streamorde": 4, "lengthkm": 0.19688554, "totdasqkm": 42.77050011 }, "geometry": { "type": "LineString", "coordinates": [ [ -65.979, 18.1431 ], [ -65.9786, 18.1442 ], [ -65.978, 18.1443 ] ] } },
{ "type": "Feature", "properties": { "gnis_name": "Río Cañas", "streamorde": 4, "lengthkm": 0.72480176, "totdasqkm": 27.19959965 }, "geometry": { "type": "LineString", "coordinates": [ [ -66.0342, 18.2882 ], [ -66.0333, 18.2888 ], [ -66.0312, 18.2877 ], [ -66.0315, 18.2891 ], [ -66.0299, 18.2891 ] ] } },
{ "type": "Feature", "properties": { "gnis_name": null, "streamorde": 4, "lengthkm": 0.11746545, "totdasqkm": 50.31989992 }, "geometry": { "type": "LineString", "coordinates": [ [ -66.7351, 18.1937 ], [ -66.7349, 18.1948 ] ] } },
{ "type": "Feature", "properties": { "gnis_name": null, "streamorde": 3, "lengthkm": 0.532, "totdasqkm": 45.1730004 }, "geometry": { "type": "LineString", "coordinates": [ [ -65.6693, 18.3012 ], [ -65.6699, 18.3057 ] ] } },
{ "type": "Feature", "properties": { "gnis_name": "Río Marín", "streamorde": 3, "lengthkm": 0.30731857, "totdasqkm": 11.54709999 }, "geometry": { "type": "LineString", "coordinates": [ [ -66.0104, 18.0332 ], [ -66.0113, 18.0317 ], [ -66.0113, 18.0307 ] ] } },
{ "type": "Feature", "properties": { "gnis_name": null, "streamorde": 3, "lengthkm": 1.5730117, "totdasqkm": 11.65220002 }, "geometry": { "type": "LineString", "coordinates": [ [ -66.1381, 18.4355 ], [ -66.139, 18.4436 ], [ -66.1352, 18.4484 ] ] } },
{ "type": "Feature", "properties": { "gnis_name": "Río Arenas", "streamorde": 3, "lengthkm": 1.33573878, "totdasqkm": 15.40800038 }, "geometry": { "type": "LineString", "coordinates": [ [ -67.0044, 18.2708 ], [ -67.0055, 18.2713 ], [ -67.0044, 18.2727 ], [ -67.0056, 18.2729 ], [ -67.0053, 18.2753 ], [ -67.0063, 18.2757 ], [ -67.0068, 18.2765 ], [ -67.0061, 18.2767 ], [ -67.0059, 18.2784 ], [ -67.0068, 18.279 ] ] } },
{ "type": "Feature", "properties": { "gnis_name": null, "streamorde": 4, "lengthkm": 0.81074791, "totdasqkm": 30.17149988 }, "geometry": { "type": "LineString", "coordinates": [ [ -65.7587, 18.1749 ], [ -65.7565, 18.1738 ], [ -65.7526, 18.1706 ] ] } },
{ "type": "Feature", "properties": { "gnis_name": "Río Toro Negro", "streamorde": 4, "lengthkm": 0.10183131, "totdasqkm": 67.62689991000001 }, "geometry": { "type": "LineString", "coordinates": [ [ -66.5009, 18.2566 ], [ -66.501, 18.2575 ] ] } },
{ "type": "Feature", "properties": { "gnis_name": "Río Majada", "streamorde": 3, "lengthkm": 0.47976955, "totdasqkm": 87.71629972 }, "geometry": { "type": "LineString", "coordinates": [ [ -66.2409, 18.0359 ], [ -66.2422, 18.0351 ], [ -66.2437, 18.0328 ] ] } },
{ "type": "Feature", "properties": { "gnis_name": null, "streamorde": 3, "lengthkm": 0.595, "totdasqkm": 2.97569983 }, "geometry": { "type": "LineString", "coordinates": [ [ -67.0929, 18.2122 ], [ -67.0962, 18.2116 ], [ -67.0962, 18.213 ], [ -67.0967, 18.2133 ] ] } },
{ "type": "Feature", "properties": { "gnis_name": "Río Guayanilla", "streamorde": 4, "lengthkm": 0.059, "totdasqkm": 17.37539999 }, "geometry": { "type": "LineString", "coordinates": [ [ -66.7964, 18.0943 ], [ -66.7968, 18.094 ] ] } },
{ "type": "Feature", "properties": { "gnis_name": "Río Grande de Manati", "streamorde": 5, "lengthkm": 0.01106705, "totdasqkm": 346.71949995 }, "geometry": { "type": "LineString", "coordinates": [ [ -66.458, 18.3266 ], [ -66.4581, 18.3267 ] ] } },
{ "type": "Feature", "properties": { "gnis_name": null, "streamorde": 4, "lengthkm": 0.00869838, "totdasqkm": 26.70900017 }, "geometry": { "type": "LineString", "coordinates": [ [ -65.9567, 18.3737 ], [ -65.9567, 18.3738 ] ] } },
{ "type": "Feature", "properties": { "gnis_name": "Río del Ingenio", "streamorde": 4, "lengthkm": 2.093, "totdasqkm": 16.32409989 }, "geometry": { "type": "LineString", "coordinates": [ [ -65.8544, 18.0813 ], [ -65.8488, 18.0778 ], [ -65.8424, 18.0756 ], [ -65.8372, 18.0724 ] ] } },
{ "type": "Feature", "properties": { "gnis_name": "Río Grande de Arecibo", "streamorde": 6, "lengthkm": 0.90513268, "totdasqkm": 453.99939995 }, "geometry": { "type": "LineString", "coordinates": [ [ -66.6935, 18.4249 ], [ -66.6947, 18.4225 ], [ -66.6964, 18.4209 ], [ -66.6996, 18.4214 ] ] } },
{ "type": "Feature", "properties": { "gnis_name": "Río Blanco", "streamorde": 3, "lengthkm": 0.233, "totdasqkm": 27.17140015 }, "geometry": { "type": "LineString", "coordinates": [ [ -65.7857, 18.2414 ], [ -65.7851, 18.2394 ] ] } },
{ "type": "Feature", "properties": { "gnis_name": "Río Limón", "streamorde": 4, "lengthkm": 1.33767604, "totdasqkm": 85.34170033000001 }, "geometry": { "type": "LineString", "coordinates": [ [ -66.6281, 18.3207 ], [ -66.6304, 18.3206 ], [ -66.6326, 18.321 ], [ -66.6332, 18.3197 ], [ -66.6381, 18.3199 ], [ -66.6394, 18.3193 ] ] } },
{ "type": "Feature", "properties": { "gnis_name": "Río Duey", "streamorde": 3, "lengthkm": 1.046, "totdasqkm": 9.19119993 }, "geometry": { "type": "LineString", "coordinates": [ [ -66.8316, 18.1125 ], [ -66.8314, 18.1105 ], [ -66.8299, 18.1103 ], [ -66.8309, 18.1077 ], [ -66.8327, 18.1073 ], [ -66.8322, 18.1063 ] ] } },
{ "type": "Feature", "properties": { "gnis_name": "Río Grande De Loiza", "streamorde": 5, "lengthkm": 0.15321213, "totdasqkm": 126.88690006 }, "geometry": { "type": "LineString", "coordinates": [ [ -65.9678, 18.1979 ], [ -65.9692, 18.198 ] ] } },
{ "type": "Feature", "properties": { "gnis_name": "Río Canovanillas", "streamorde": 3, "lengthkm": 1.40274622, "totdasqkm": 9.60000013 }, "geometry": { "type": "LineString", "coordinates": [ [ -65.9089, 18.2794 ], [ -65.91, 18.2813 ], [ -65.9091, 18.2828 ], [ -65.9095, 18.2855 ], [ -65.9114, 18.2856 ], [ -65.9118, 18.2874 ], [ -65.9128, 18.287 ], [ -65.9134, 18.2874 ] ] } },
{ "type": "Feature", "properties": { "gnis_name": null, "streamorde": 3, "lengthkm": 0.75258192, "totdasqkm": 9.49389987 }, "geometry": { "type": "LineString", "coordinates": [ [ -66.3001, 17.9999 ], [ -66.3002, 17.9976 ], [ -66.3014, 17.9959 ], [ -66.3015, 17.9935 ] ] } },
{ "type": "Feature", "properties": { "gnis_name": "Río Anton Ruiz", "streamorde": 4, "lengthkm": 0.24092321, "totdasqkm": 29.76809992 }, "geometry": { "type": "LineString", "coordinates": [ [ -65.7607, 18.1758 ], [ -65.7587, 18.1749 ] ] } },
{ "type": "Feature", "properties": { "gnis_name": null, "streamorde": 3, "lengthkm": 0.18, "totdasqkm": 7.83380009 }, "geometry": { "type": "LineString", "coordinates": [ [ -66.7226, 18.0166 ], [ -66.7243, 18.0165 ] ] } },
{ "type": "Feature", "properties": { "gnis_name": null, "streamorde": 3, "lengthkm": 0.52238926, "totdasqkm": 7.77230008 }, "geometry": { "type": "LineString", "coordinates": [ [ -65.9107, 18.1734 ], [ -65.9083, 18.1718 ], [ -65.9065, 18.1721 ] ] } },
{ "type": "Feature", "properties": { "gnis_name": "Río Tanamá", "streamorde": 4, "lengthkm": 0.01925814, "totdasqkm": 34.46559965 }, "geometry": { "type": "LineString", "coordinates": [ [ -66.7704, 18.2772 ], [ -66.7705, 18.2774 ] ] } },
{ "type": "Feature", "properties": { "gnis_name": "Río Mavilla", "streamorde": 3, "lengthkm": 8.66285709, "totdasqkm": 44.43330017 }, "geometry": { "type": "LineString", "coordinates": [ [ -66.2976, 18.3532 ], [ -66.2985, 18.3549 ], [ -66.2979, 18.3589 ], [ -66.2989, 18.359 ], [ -66.2997, 18.3608 ], [ -66.2993, 18.3615 ], [ -66.3011, 18.3637 ], [ -66.304, 18.3653 ], [ -66.3062, 18.363 ], [ -66.3082, 18.3621 ], [ -66.3102, 18.3623 ], [ -66.3105, 18.3633 ], [ -66.3128, 18.3624 ], [ -66.3146, 18.3635 ], [ -66.3168, 18.3634 ], [ -66.3186, 18.3645 ], [ -66.3191, 18.3658 ], [ -66.32, 18.3643 ], [ -66.3207, 18.3643 ], [ -66.3221, 18.363 ], [ -66.3234, 18.3627 ], [ -66.325, 18.3658 ], [ -66.3288, 18.3665 ], [ -66.3295, 18.3661 ], [ -66.3298, 18.3677 ], [ -66.3332, 18.3665 ], [ -66.333, 18.3678 ], [ -66.3337, 18.3682 ], [ -66.3357, 18.3683 ], [ -66.3368, 18.3674 ], [ -66.338, 18.3682 ], [ -66.3387, 18.3675 ], [ -66.3397, 18.3681 ], [ -66.3429, 18.3674 ], [ -66.3438, 18.3663 ], [ -66.3445, 18.3669 ], [ -66.3463, 18.3658 ], [ -66.3473, 18.3663 ], [ -66.348, 18.3659 ], [ -66.3487, 18.367 ], [ -66.3508, 18.3657 ], [ -66.3515, 18.3658 ] ] } },
{ "type": "Feature", "properties": { "gnis_name": "Río Cañas", "streamorde": 4, "lengthkm": 0.01278751, "totdasqkm": 37.99109995 }, "geometry": { "type": "LineString", "coordinates": [ [ -67.1352, 18.2634 ], [ -67.1351, 18.2635 ] ] } },
{ "type": "Feature", "properties": { "gnis_name": "Río Vacas", "streamorde": 4, "lengthkm": 0.66371076, "totdasqkm": 25.00960018 }, "geometry": { "type": "LineString", "coordinates": [ [ -66.7393, 18.1738 ], [ -66.7398, 18.1758 ], [ -66.7376, 18.1773 ], [ -66.7374, 18.1785 ] ] } },
{ "type": "Feature", "properties": { "gnis_name": null, "streamorde": 3, "lengthkm": 0.07020666, "totdasqkm": 21.83480004 }, "geometry": { "type": "LineString", "coordinates": [ [ -66.8875, 18.0429 ], [ -66.8879, 18.0425 ] ] } },
{ "type": "Feature", "properties": { "gnis_name": "Río Espíritu Santo", "streamorde": 4, "lengthkm": 0.04339525, "totdasqkm": 84.17380008000001 }, "geometry": { "type": "LineString", "coordinates": [ [ -65.8115, 18.3988 ], [ -65.8116, 18.3992 ] ] } },
{ "type": "Feature", "properties": { "gnis_name": null, "streamorde": 3, "lengthkm": 0.932, "totdasqkm": 7.50900004 }, "geometry": { "type": "LineString", "coordinates": [ [ -67.0759, 18.3314 ], [ -67.0745, 18.3317 ], [ -67.0745, 18.3324 ], [ -67.0736, 18.3322 ], [ -67.0737, 18.3333 ], [ -67.0723, 18.3338 ], [ -67.0732, 18.3346 ], [ -67.0724, 18.3353 ] ] } },
{ "type": "Feature", "properties": { "gnis_name": "Río Mavilla", "streamorde": 3, "lengthkm": 0.54102518, "totdasqkm": 8.66550005 }, "geometry": { "type": "LineString", "coordinates": [ [ -66.2777, 18.2785 ], [ -66.2795, 18.2796 ], [ -66.2805, 18.279 ], [ -66.2819, 18.2793 ] ] } },
{ "type": "Feature", "properties": { "gnis_name": null, "streamorde": 3, "lengthkm": 0.03570094, "totdasqkm": 43.00739992 }, "geometry": { "type": "LineString", "coordinates": [ [ -66.9962, 18.008 ], [ -66.9959, 18.0081 ] ] } },
{ "type": "Feature", "properties": { "gnis_name": "Río Blanco", "streamorde": 4, "lengthkm": 0.20807684, "totdasqkm": 78.65330043 }, "geometry": { "type": "LineString", "coordinates": [ [ -66.8431, 18.2278 ], [ -66.8449, 18.2281 ] ] } },
{ "type": "Feature", "properties": { "gnis_name": "Río Marín", "streamorde": 3, "lengthkm": 0.63181035, "totdasqkm": 10.74159996 }, "geometry": { "type": "LineString", "coordinates": [ [ -66.0064, 18.0373 ], [ -66.009, 18.0351 ], [ -66.0104, 18.0332 ] ] } },
{ "type": "Feature", "properties": { "gnis_name": null, "streamorde": 3, "lengthkm": 0.553, "totdasqkm": 6.74679992 }, "geometry": { "type": "LineString", "coordinates": [ [ -66.3001, 18.0046 ], [ -66.2996, 18.0008 ], [ -66.3001, 17.9999 ] ] } },
{ "type": "Feature", "properties": { "gnis_name": null, "streamorde": 3, "lengthkm": 0.851, "totdasqkm": 21.72870004 }, "geometry": { "type": "LineString", "coordinates": [ [ -65.8563, 18.1645 ], [ -65.8556, 18.163 ], [ -65.8537, 18.1626 ], [ -65.8503, 18.1603 ] ] } },
{ "type": "Feature", "properties": { "gnis_name": "Río Maricao", "streamorde": 3, "lengthkm": 0.31352514, "totdasqkm": 21.6974001 }, "geometry": { "type": "LineString", "coordinates": [ [ -67.0287, 18.1859 ], [ -67.0315, 18.1849 ] ] } },
{ "type": "Feature", "properties": { "gnis_name": null, "streamorde": 5, "lengthkm": 0.01000223, "totdasqkm": 552.37199998999995 }, "geometry": { "type": "LineString", "coordinates": [ [ -66.5276, 18.4405 ], [ -66.5275, 18.4405 ] ] } },
{ "type": "Feature", "properties": { "gnis_name": "Río de la Plata", "streamorde": 5, "lengthkm": 0.7273454, "totdasqkm": 550.49890052000001 }, "geometry": { "type": "LineString", "coordinates": [ [ -66.2634, 18.4289 ], [ -66.2622, 18.4297 ], [ -66.2603, 18.4299 ], [ -66.2598, 18.4315 ], [ -66.2581, 18.4312 ] ] } },
{ "type": "Feature", "properties": { "gnis_name": "Río Anton Ruiz", "streamorde": 3, "lengthkm": 0.585, "totdasqkm": 20.89329991 }, "geometry": { "type": "LineString", "coordinates": [ [ -65.7738, 18.1761 ], [ -65.77, 18.18 ] ] } },
{ "type": "Feature", "properties": { "gnis_name": "Río Grande de Arecibo", "streamorde": 4, "lengthkm": 0.36806746, "totdasqkm": 123.40009999 }, "geometry": { "type": "LineString", "coordinates": [ [ -66.7196, 18.2657 ], [ -66.7198, 18.2679 ], [ -66.7189, 18.2685 ] ] } },
{ "type": "Feature", "properties": { "gnis_name": "Río Yahuecas", "streamorde": 3, "lengthkm": 0.42835581, "totdasqkm": 9.63489996 }, "geometry": { "type": "LineString", "coordinates": [ [ -66.7959, 18.1743 ], [ -66.7999, 18.1741 ] ] } },
{ "type": "Feature", "properties": { "gnis_name": "Río Espíritu Santo", "streamorde": 4, "lengthkm": 0.45046083, "totdasqkm": 84.38910004 }, "geometry": { "type": "LineString", "coordinates": [ [ -65.8116, 18.3992 ], [ -65.8141, 18.4025 ] ] } },
{ "type": "Feature", "properties": { "gnis_name": "Río de la Plata", "streamorde": 3, "lengthkm": 1.9840511, "totdasqkm": 12.99760002 }, "geometry": { "type": "LineString", "coordinates": [ [ -66.0936, 18.0846 ], [ -66.0949, 18.0856 ], [ -66.0964, 18.0842 ], [ -66.0967, 18.0831 ], [ -66.1, 18.0829 ], [ -66.1006, 18.0812 ], [ -66.1, 18.0796 ], [ -66.1004, 18.0785 ], [ -66.1019, 18.0777 ], [ -66.1027, 18.0757 ], [ -66.1038, 18.0751 ] ] } },
{ "type": "Feature", "properties": { "gnis_name": null, "streamorde": 3, "lengthkm": 0.182, "totdasqkm": 8.37379994 }, "geometry": { "type": "LineString", "coordinates": [ [ -65.8133, 18.3866 ], [ -65.815, 18.3866 ] ] } },
{ "type": "Feature", "properties": { "gnis_name": null, "streamorde": 3, "lengthkm": 0.45355122, "totdasqkm": 309.46509966999997 }, "geometry": { "type": "LineString", "coordinates": [ [ -67.1486, 18.1394 ], [ -67.1508, 18.1408 ], [ -67.1513, 18.1419 ] ] } },
{ "type": "Feature", "properties": { "gnis_name": "Río de la Plata", "streamorde": 5, "lengthkm": 0.22801251, "totdasqkm": 370.01080016000003 }, "geometry": { "type": "LineString", "coordinates": [ [ -66.2063, 18.2616 ], [ -66.2072, 18.2633 ] ] } },
{ "type": "Feature", "properties": { "gnis_name": "Río Guaba", "streamorde": 4, "lengthkm": 0.74776841, "totdasqkm": 75.20150017 }, "geometry": { "type": "LineString", "coordinates": [ [ -66.9265, 18.2336 ], [ -66.9263, 18.2343 ], [ -66.9272, 18.2357 ], [ -66.9269, 18.2363 ], [ -66.9255, 18.2364 ], [ -66.9239, 18.2356 ], [ -66.9237, 18.236 ] ] } },
{ "type": "Feature", "properties": { "gnis_name": "Río Culebrinas", "streamorde": 4, "lengthkm": 0.99184597, "totdasqkm": 83.95079986 }, "geometry": { "type": "LineString", "coordinates": [ [ -67.013, 18.3457 ], [ -67.0183, 18.3443 ], [ -67.0189, 18.3452 ], [ -67.0179, 18.3467 ], [ -67.0183, 18.3471 ] ] } },
{ "type": "Feature", "properties": { "gnis_name": null, "streamorde": 3, "lengthkm": 0.36009184, "totdasqkm": 5.60819996 }, "geometry": { "type": "LineString", "coordinates": [ [ -65.3743, 18.1262 ], [ -65.3754, 18.1256 ], [ -65.3752, 18.1237 ] ] } },
{ "type": "Feature", "properties": { "gnis_name": null, "streamorde": 3, "lengthkm": 0.24884909, "totdasqkm": 44.12179972 }, "geometry": { "type": "LineString", "coordinates": [ [ -66.4523, 18.2357 ], [ -66.4511, 18.2376 ] ] } },
{ "type": "Feature", "properties": { "gnis_name": "Río Culebrinas", "streamorde": 5, "lengthkm": 0.84877957, "totdasqkm": 226.10759983 }, "geometry": { "type": "LineString", "coordinates": [ [ -67.1337, 18.388 ], [ -67.1338, 18.3862 ], [ -67.1357, 18.3857 ], [ -67.1394, 18.3871 ] ] } },
{ "type": "Feature", "properties": { "gnis_name": null, "streamorde": 3, "lengthkm": 0.097, "totdasqkm": 35.26470031 }, "geometry": { "type": "LineString", "coordinates": [ [ -65.6978, 18.2925 ], [ -65.6983, 18.2932 ] ] } },
{ "type": "Feature", "properties": { "gnis_name": "Río Tanamá", "streamorde": 3, "lengthkm": 0.47446636, "totdasqkm": 9.45259992 }, "geometry": { "type": "LineString", "coordinates": [ [ -66.779, 18.2243 ], [ -66.7805, 18.2251 ], [ -66.7805, 18.2263 ], [ -66.7813, 18.2268 ] ] } },
{ "type": "Feature", "properties": { "gnis_name": null, "streamorde": 3, "lengthkm": 0.5919309, "totdasqkm": 17.15399959 }, "geometry": { "type": "LineString", "coordinates": [ [ -66.86, 18.1606 ], [ -66.8593, 18.1615 ], [ -66.86, 18.1626 ], [ -66.8625, 18.162 ] ] } },
{ "type": "Feature", "properties": { "gnis_name": "Río Gurabo", "streamorde": 4, "lengthkm": 0.56164716, "totdasqkm": 64.61690006000001 }, "geometry": { "type": "LineString", "coordinates": [ [ -65.9043, 18.2426 ], [ -65.9071, 18.2419 ], [ -65.9079, 18.2399 ] ] } },
{ "type": "Feature", "properties": { "gnis_name": "Río Grande De Loiza", "streamorde": 6, "lengthkm": 0.34459557, "totdasqkm": 580.15119949000007 }, "geometry": { "type": "LineString", "coordinates": [ [ -65.987, 18.3601 ], [ -65.9843, 18.3585 ] ] } },
{ "type": "Feature", "properties": { "gnis_name": null, "streamorde": 3, "lengthkm": 0.391, "totdasqkm": 28.63890037 }, "geometry": { "type": "LineString", "coordinates": [ [ -65.7015, 18.2797 ], [ -65.6994, 18.2824 ] ] } },
{ "type": "Feature", "properties": { "gnis_name": "Río Piedras", "streamorde": 3, "lengthkm": 0.441, "totdasqkm": 20.61440005 }, "geometry": { "type": "LineString", "coordinates": [ [ -66.0636, 18.3666 ], [ -66.0603, 18.3688 ] ] } },
{ "type": "Feature", "properties": { "gnis_name": "Río Maricao", "streamorde": 3, "lengthkm": 0.60144446, "totdasqkm": 20.07450015 }, "geometry": { "type": "LineString", "coordinates": [ [ -67.0237, 18.1849 ], [ -67.0242, 18.1846 ], [ -67.0249, 18.1853 ], [ -67.0287, 18.1859 ] ] } },
{ "type": "Feature", "properties": { "gnis_name": "Río Blanco", "streamorde": 4, "lengthkm": 0.42226977, "totdasqkm": 85.74960052 }, "geometry": { "type": "LineString", "coordinates": [ [ -66.8611, 18.2413 ], [ -66.8624, 18.2431 ], [ -66.8631, 18.2428 ], [ -66.8631, 18.2419 ] ] } },
{ "type": "Feature", "properties": { "gnis_name": "Río Minillas", "streamorde": 3, "lengthkm": 2.77512803, "totdasqkm": 8.0784001 }, "geometry": { "type": "LineString", "coordinates": [ [ -66.1678, 18.3484 ], [ -66.1657, 18.3519 ], [ -66.1636, 18.3523 ], [ -66.1625, 18.354 ], [ -66.1606, 18.3553 ], [ -66.1603, 18.3581 ], [ -66.1558, 18.3596 ], [ -66.1538, 18.3583 ], [ -66.153, 18.359 ], [ -66.1517, 18.3579 ], [ -66.1503, 18.3576 ] ] } },
{ "type": "Feature", "properties": { "gnis_name": "Río Coamo", "streamorde": 4, "lengthkm": 1.47766432, "totdasqkm": 26.19240019 }, "geometry": { "type": "LineString", "coordinates": [ [ -66.3661, 18.1142 ], [ -66.3672, 18.1131 ], [ -66.3668, 18.1122 ], [ -66.3673, 18.1111 ], [ -66.3694, 18.1101 ], [ -66.3662, 18.108 ], [ -66.366, 18.1059 ], [ -66.3668, 18.1048 ] ] } },
{ "type": "Feature", "properties": { "gnis_name": "Río Mavilla", "streamorde": 3, "lengthkm": 1.18302047, "totdasqkm": 10.43540022 }, "geometry": { "type": "LineString", "coordinates": [ [ -66.2839, 18.2822 ], [ -66.2841, 18.2825 ], [ -66.285, 18.2823 ], [ -66.2851, 18.2828 ], [ -66.2869, 18.2834 ], [ -66.2877, 18.285 ], [ -66.2882, 18.2845 ], [ -66.2877, 18.2862 ], [ -66.2888, 18.2861 ], [ -66.2889, 18.2868 ] ] } },
{ "type": "Feature", "properties": { "gnis_name": "Río Arenas", "streamorde": 3, "lengthkm": 1.16370627, "totdasqkm": 7.5704 }, "geometry": { "type": "LineString", "coordinates": [ [ -66.9985, 18.2504 ], [ -66.9997, 18.2512 ], [ -66.9994, 18.2516 ], [ -66.9997, 18.2524 ], [ -66.9964, 18.2535 ], [ -66.9973, 18.2547 ], [ -66.9965, 18.2565 ] ] } },
{ "type": "Feature", "properties": { "gnis_name": null, "streamorde": 3, "lengthkm": 0.21, "totdasqkm": 9.46959997 }, "geometry": { "type": "LineString", "coordinates": [ [ -66.3454, 18.1034 ], [ -66.3445, 18.1028 ], [ -66.3445, 18.102 ] ] } },
{ "type": "Feature", "properties": { "gnis_name": null, "streamorde": 5, "lengthkm": 0.19139396, "totdasqkm": 537.24430012999994 }, "geometry": { "type": "LineString", "coordinates": [ [ -66.255, 18.4161 ], [ -66.2568, 18.4159 ] ] } },
{ "type": "Feature", "properties": { "gnis_name": "Río Tanamá", "streamorde": 4, "lengthkm": 1.35215911, "totdasqkm": 26.40399979 }, "geometry": { "type": "LineString", "coordinates": [ [ -66.7926, 18.253 ], [ -66.7912, 18.2513 ], [ -66.7899, 18.2517 ], [ -66.7878, 18.2512 ], [ -66.7852, 18.2538 ], [ -66.7866, 18.256 ] ] } },
{ "type": "Feature", "properties": { "gnis_name": "Río Gurabo", "streamorde": 5, "lengthkm": 0.77978905, "totdasqkm": 161.02419996 }, "geometry": { "type": "LineString", "coordinates": [ [ -65.9777, 18.2613 ], [ -65.9792, 18.2612 ], [ -65.9805, 18.2622 ], [ -65.9802, 18.2641 ], [ -65.9807, 18.266 ] ] } },
{ "type": "Feature", "properties": { "gnis_name": null, "streamorde": 3, "lengthkm": 0.48034297, "totdasqkm": 6.00710008 }, "geometry": { "type": "LineString", "coordinates": [ [ -67.1587, 18.2588 ], [ -67.1631, 18.2591 ] ] } },
{ "type": "Feature", "properties": { "gnis_name": "Río Lapa", "streamorde": 3, "lengthkm": 0.64965069, "totdasqkm": 9.9613999 }, "geometry": { "type": "LineString", "coordinates": [ [ -66.2158, 18.0797 ], [ -66.2185, 18.0789 ], [ -66.2205, 18.0765 ] ] } },
{ "type": "Feature", "properties": { "gnis_name": "Río Guayanés", "streamorde": 4, "lengthkm": 1.289, "totdasqkm": 19.98529988 }, "geometry": { "type": "LineString", "coordinates": [ [ -65.9486, 18.077 ], [ -65.9423, 18.0733 ], [ -65.9377, 18.0729 ] ] } },
{ "type": "Feature", "properties": { "gnis_name": null, "streamorde": 3, "lengthkm": 0.406, "totdasqkm": 9.38819992 }, "geometry": { "type": "LineString", "coordinates": [ [ -66.4209, 18.1477 ], [ -66.42, 18.1469 ], [ -66.4193, 18.1446 ] ] } },
{ "type": "Feature", "properties": { "gnis_name": null, "streamorde": 4, "lengthkm": 0.28790662, "totdasqkm": 8.00900003 }, "geometry": { "type": "LineString", "coordinates": [ [ -66.9427, 18.2714 ], [ -66.943, 18.2711 ], [ -66.9451, 18.2718 ] ] } },
{ "type": "Feature", "properties": { "gnis_name": "Río Guamaní", "streamorde": 3, "lengthkm": 0.10838204, "totdasqkm": 14.98169993 }, "geometry": { "type": "LineString", "coordinates": [ [ -66.116, 18.012 ], [ -66.1165, 18.0111 ] ] } },
{ "type": "Feature", "properties": { "gnis_name": "Río Maricao", "streamorde": 3, "lengthkm": 1.60443924, "totdasqkm": 19.52950011 }, "geometry": { "type": "LineString", "coordinates": [ [ -67.015, 18.1883 ], [ -67.0151, 18.1875 ], [ -67.0158, 18.1875 ], [ -67.0174, 18.1903 ], [ -67.0182, 18.1895 ], [ -67.0182, 18.1881 ], [ -67.0193, 18.1871 ], [ -67.0235, 18.186 ], [ -67.0237, 18.1849 ] ] } },
{ "type": "Feature", "properties": { "gnis_name": "Río Mavilla", "streamorde": 3, "lengthkm": 0.08523793, "totdasqkm": 7.93210005 }, "geometry": { "type": "LineString", "coordinates": [ [ -66.2747, 18.2775 ], [ -66.2749, 18.2778 ] ] } },
{ "type": "Feature", "properties": { "gnis_name": "Río Grande De Loiza", "streamorde": 6, "lengthkm": 0.24764225, "totdasqkm": 587.58309938999992 }, "geometry": { "type": "LineString", "coordinates": [ [ -65.9589, 18.3733 ], [ -65.9567, 18.3738 ] ] } },
{ "type": "Feature", "properties": { "gnis_name": "Río Grande de Añasco", "streamorde": 5, "lengthkm": 0.97740969, "totdasqkm": 344.11020036000002 }, "geometry": { "type": "LineString", "coordinates": [ [ -67.0443, 18.2908 ], [ -67.0451, 18.29 ], [ -67.0446, 18.2891 ], [ -67.0439, 18.2884 ], [ -67.0419, 18.2881 ], [ -67.0413, 18.2874 ], [ -67.0433, 18.2853 ] ] } },
{ "type": "Feature", "properties": { "gnis_name": null, "streamorde": 3, "lengthkm": 0.291236, "totdasqkm": 9.81049997 }, "geometry": { "type": "LineString", "coordinates": [ [ -66.2728, 18.2178 ], [ -66.2726, 18.2183 ], [ -66.2707, 18.2192 ] ] } },
{ "type": "Feature", "properties": { "gnis_name": "Río Blanco", "streamorde": 4, "lengthkm": 0.71790235, "totdasqkm": 82.395400349999989 }, "geometry": { "type": "LineString", "coordinates": [ [ -66.8508, 18.2314 ], [ -66.8545, 18.231 ], [ -66.8559, 18.232 ], [ -66.8564, 18.233 ] ] } },
{ "type": "Feature", "properties": { "gnis_name": null, "streamorde": 3, "lengthkm": 0.26317688, "totdasqkm": 308.79209973999997 }, "geometry": { "type": "LineString", "coordinates": [ [ -67.1442, 18.1332 ], [ -67.144, 18.1356 ] ] } },
{ "type": "Feature", "properties": { "gnis_name": null, "streamorde": 3, "lengthkm": 0.02940437, "totdasqkm": 11.60209972 }, "geometry": { "type": "LineString", "coordinates": [ [ -67.083, 18.491 ], [ -67.0831, 18.4912 ] ] } },
{ "type": "Feature", "properties": { "gnis_name": null, "streamorde": 4, "lengthkm": 0.60203325, "totdasqkm": 45.00620018 }, "geometry": { "type": "LineString", "coordinates": [ [ -66.2923, 18.1656 ], [ -66.292, 18.1689 ], [ -66.29, 18.1687 ] ] } },
{ "type": "Feature", "properties": { "gnis_name": null, "streamorde": 4, "lengthkm": 0.10933373, "totdasqkm": 19.66429998 }, "geometry": { "type": "LineString", "coordinates": [ [ -67.0892, 18.3596 ], [ -67.0895, 18.3606 ] ] } },
{ "type": "Feature", "properties": { "gnis_name": null, "streamorde": 3, "lengthkm": 0.09468008, "totdasqkm": 132.80509979000001 }, "geometry": { "type": "LineString", "coordinates": [ [ -67.0435, 18.3435 ], [ -67.044, 18.3441 ] ] } },
{ "type": "Feature", "properties": { "gnis_name": "Río Grande de Añasco", "streamorde": 5, "lengthkm": 0.82455604, "totdasqkm": 326.68290033 }, "geometry": { "type": "LineString", "coordinates": [ [ -67.0175, 18.2768 ], [ -67.0189, 18.2772 ], [ -67.0198, 18.2804 ], [ -67.0222, 18.2817 ] ] } },
{ "type": "Feature", "properties": { "gnis_name": "Río Gurabo", "streamorde": 4, "lengthkm": 0.97960934, "totdasqkm": 58.2757001 }, "geometry": { "type": "LineString", "coordinates": [ [ -65.8837, 18.2317 ], [ -65.8843, 18.2316 ], [ -65.8902, 18.2372 ] ] } },
{ "type": "Feature", "properties": { "gnis_name": null, "streamorde": 5, "lengthkm": 0.00977231, "totdasqkm": 381.3671001 }, "geometry": { "type": "LineString", "coordinates": [ [ -66.2065, 18.2786 ], [ -66.2066, 18.2787 ] ] } },
{ "type": "Feature", "properties": { "gnis_name": "Río Caguitas", "streamorde": 3, "lengthkm": 0.11700322, "totdasqkm": 30.47330008 }, "geometry": { "type": "LineString", "coordinates": [ [ -66.0445, 18.237 ], [ -66.0437, 18.2377 ] ] } },
{ "type": "Feature", "properties": { "gnis_name": "Río Toro Negro", "streamorde": 3, "lengthkm": 0.21680732, "totdasqkm": 4.09779998 }, "geometry": { "type": "LineString", "coordinates": [ [ -66.5285, 18.1581 ], [ -66.5271, 18.1594 ] ] } },
{ "type": "Feature", "properties": { "gnis_name": "Río Cidra", "streamorde": 3, "lengthkm": 0.50535814, "totdasqkm": 14.67539992 }, "geometry": { "type": "LineString", "coordinates": [ [ -66.7224, 18.1603 ], [ -66.7246, 18.161 ], [ -66.7265, 18.1624 ] ] } },
{ "type": "Feature", "properties": { "gnis_name": null, "streamorde": 3, "lengthkm": 2.04929655, "totdasqkm": 12.98360011 }, "geometry": { "type": "LineString", "coordinates": [ [ -66.2392, 17.995 ], [ -66.2411, 17.9948 ], [ -66.2433, 17.994 ], [ -66.2439, 17.9917 ], [ -66.2425, 17.9902 ], [ -66.2425, 17.9886 ], [ -66.2411, 17.9875 ], [ -66.2415, 17.9867 ], [ -66.2413, 17.9841 ], [ -66.2392, 17.9836 ] ] } },
{ "type": "Feature", "properties": { "gnis_name": "Río Yagüez", "streamorde": 3, "lengthkm": 0.28083026, "totdasqkm": 7.31379995 }, "geometry": { "type": "LineString", "coordinates": [ [ -67.067, 18.1957 ], [ -67.0686, 18.1961 ], [ -67.0691, 18.1955 ] ] } },
{ "type": "Feature", "properties": { "gnis_name": "Río Culebrinas", "streamorde": 3, "lengthkm": 1.1862703, "totdasqkm": 23.71349984 }, "geometry": { "type": "LineString", "coordinates": [ [ -66.9571, 18.3108 ], [ -66.9575, 18.3115 ], [ -66.9573, 18.3125 ], [ -66.9583, 18.3124 ], [ -66.9584, 18.313 ], [ -66.9605, 18.3147 ], [ -66.9626, 18.3158 ], [ -66.9636, 18.3176 ] ] } },
{ "type": "Feature", "properties": { "gnis_name": "Río Gurabo", "streamorde": 5, "lengthkm": 0.39019238, "totdasqkm": 155.83010004 }, "geometry": { "type": "LineString", "coordinates": [ [ -65.9702, 18.2577 ], [ -65.9725, 18.2588 ], [ -65.973, 18.2597 ] ] } },
{ "type": "Feature", "properties": { "gnis_name": "Río Guavate", "streamorde": 3, "lengthkm": 1.63981448, "totdasqkm": 18.46039992 }, "geometry": { "type": "LineString", "coordinates": [ [ -66.1201, 18.1285 ], [ -66.1221, 18.1299 ], [ -66.1219, 18.1309 ], [ -66.1226, 18.1313 ], [ -66.1247, 18.1301 ], [ -66.1245, 18.1292 ], [ -66.1257, 18.1284 ], [ -66.1261, 18.1285 ], [ -66.1259, 18.1301 ], [ -66.1273, 18.1307 ], [ -66.128, 18.1299 ] ] } },
{ "type": "Feature", "properties": { "gnis_name": null, "streamorde": 3, "lengthkm": 0.00737315, "totdasqkm": 20.9740003 }, "geometry": { "type": "LineString", "coordinates": [ [ -66.9453, 18.0023 ], [ -66.9453, 18.0022 ] ] } },
{ "type": "Feature", "properties": { "gnis_name": null, "streamorde": 3, "lengthkm": 0.06626061, "totdasqkm": 2.21979988 }, "geometry": { "type": "LineString", "coordinates": [ [ -67.1708, 18.2312 ], [ -67.1711, 18.2307 ] ] } },
{ "type": "Feature", "properties": { "gnis_name": "Río Grande de Arecibo", "streamorde": 6, "lengthkm": 4.19300793, "totdasqkm": 626.76329994000002 }, "geometry": { "type": "LineString", "coordinates": [ [ -66.7026, 18.4263 ], [ -66.7036, 18.4289 ], [ -66.7016, 18.4301 ], [ -66.7009, 18.4312 ], [ -66.7012, 18.4323 ], [ -66.6999, 18.433 ], [ -66.6973, 18.4332 ], [ -66.6968, 18.4339 ], [ -66.7006, 18.4375 ], [ -66.7007, 18.4395 ], [ -66.7026, 18.4398 ], [ -66.7036, 18.4408 ], [ -66.7023, 18.4414 ], [ -66.7025, 18.4493 ], [ -66.7034, 18.451 ], [ -66.7023, 18.4537 ] ] } },
{ "type": "Feature", "properties": { "gnis_name": "Río Arroyata", "streamorde": 3, "lengthkm": 0.43742611, "totdasqkm": 10.9098001 }, "geometry": { "type": "LineString", "coordinates": [ [ -66.1819, 18.1821 ], [ -66.1839, 18.1854 ] ] } },
{ "type": "Feature", "properties": { "gnis_name": "Río Tallaboa", "streamorde": 3, "lengthkm": 1.854, "totdasqkm": 24.95480007 }, "geometry": { "type": "LineString", "coordinates": [ [ -66.6972, 18.066 ], [ -66.6984, 18.066 ], [ -66.699, 18.0653 ], [ -66.6989, 18.0643 ], [ -66.6978, 18.0639 ], [ -66.6979, 18.0633 ], [ -66.7005, 18.0621 ], [ -66.6985, 18.0601 ], [ -66.6975, 18.0541 ] ] } },
{ "type": "Feature", "properties": { "gnis_name": null, "streamorde": 3, "lengthkm": 0.81772077, "totdasqkm": 8.6972998 }, "geometry": { "type": "LineString", "coordinates": [ [ -67.0413, 18.3388 ], [ -67.0417, 18.3395 ], [ -67.0413, 18.3402 ], [ -67.0424, 18.34 ], [ -67.0419, 18.3409 ], [ -67.0431, 18.3414 ], [ -67.0435, 18.3435 ] ] } },
{ "type": "Feature", "properties": { "gnis_name": "Río Guamaní", "streamorde": 3, "lengthkm": 0.69659593, "totdasqkm": 13.75549984 }, "geometry": { "type": "LineString", "coordinates": [ [ -66.1118, 18.0221 ], [ -66.1132, 18.0207 ], [ -66.1128, 18.0189 ], [ -66.1137, 18.0166 ] ] } },
{ "type": "Feature", "properties": { "gnis_name": "Río Grande De Loiza", "streamorde": 6, "lengthkm": 0.35617836, "totdasqkm": 477.30270011 }, "geometry": { "type": "LineString", "coordinates": [ [ -66.0084, 18.2731 ], [ -66.0087, 18.2763 ] ] } },
{ "type": "Feature", "properties": { "gnis_name": null, "streamorde": 4, "lengthkm": 0.32897986, "totdasqkm": 74.20440001 }, "geometry": { "type": "LineString", "coordinates": [ [ -66.5013, 18.2711 ], [ -66.502, 18.272 ], [ -66.5014, 18.2737 ] ] } },
{ "type": "Feature", "properties": { "gnis_name": null, "streamorde": 3, "lengthkm": 0.101, "totdasqkm": 5.25959992 }, "geometry": { "type": "LineString", "coordinates": [ [ -65.8, 18.3911 ], [ -65.8005, 18.3903 ] ] } },
{ "type": "Feature", "properties": { "gnis_name": "Río Toro Negro", "streamorde": 3, "lengthkm": 0.00484137, "totdasqkm": 4.11119997 }, "geometry": { "type": "LineString", "coordinates": [ ] } },
{ "type": "Feature", "properties": { "gnis_name": "Río Grande De Loiza", "streamorde": 4, "lengthkm": 1.00037332, "totdasqkm": 32.83440017 }, "geometry": { "type": "LineString", "coordinates": [ [ -65.9875, 18.1207 ], [ -65.9866, 18.1217 ], [ -65.9855, 18.1222 ], [ -65.985, 18.1245 ], [ -65.9823, 18.1233 ], [ -65.9818, 18.1233 ], [ -65.9817, 18.1238 ] ] } },
{ "type": "Feature", "properties": { "gnis_name": "Río Mavilla", "streamorde": 3, "lengthkm": 1.28255922, "totdasqkm": 14.46800002 }, "geometry": { "type": "LineString", "coordinates": [ [ -66.2891, 18.295 ], [ -66.2888, 18.2974 ], [ -66.2892, 18.2983 ], [ -66.2908, 18.2982 ], [ -66.2931, 18.2994 ], [ -66.293, 18.3003 ], [ -66.2957, 18.3001 ] ] } },
{ "type": "Feature", "properties": { "gnis_name": "Río Guanajibo", "streamorde": 5, "lengthkm": 0.14052683, "totdasqkm": 312.27859966 }, "geometry": { "type": "LineString", "coordinates": [ [ -67.1536, 18.1452 ], [ -67.1542, 18.1455 ], [ -67.1542, 18.1461 ] ] } },
{ "type": "Feature", "properties": { "gnis_name": "Río Turabo", "streamorde": 4, "lengthkm": 0.3154834, "totdasqkm": 72.29149989 }, "geometry": { "type": "LineString", "coordinates": [ [ -66.0283, 18.2181 ], [ -66.0291, 18.2192 ], [ -66.0289, 18.2206 ] ] } },
{ "type": "Feature", "properties": { "gnis_name": null, "streamorde": 3, "lengthkm": 2.07746379, "totdasqkm": 7.44190016 }, "geometry": { "type": "LineString", "coordinates": [ [ -67.1151, 18.1946 ], [ -67.1159, 18.1951 ], [ -67.1155, 18.1962 ], [ -67.1171, 18.1954 ], [ -67.1165, 18.197 ], [ -67.1187, 18.1987 ], [ -67.1202, 18.2021 ], [ -67.1219, 18.2035 ], [ -67.1216, 18.2042 ], [ -67.1232, 18.2067 ] ] } },
{ "type": "Feature", "properties": { "gnis_name": "Río Mavilla", "streamorde": 3, "lengthkm": 1.45162683, "totdasqkm": 18.77230012 }, "geometry": { "type": "LineString", "coordinates": [ [ -66.2992, 18.306 ], [ -66.2996, 18.3071 ], [ -66.3003, 18.3074 ], [ -66.3002, 18.3091 ], [ -66.2993, 18.3096 ], [ -66.2994, 18.3103 ], [ -66.2981, 18.3122 ], [ -66.2963, 18.3127 ], [ -66.2939, 18.3149 ] ] } },
{ "type": "Feature", "properties": { "gnis_name": "Río de la Plata", "streamorde": 5, "lengthkm": 0.63546181, "totdasqkm": 465.50059998 }, "geometry": { "type": "LineString", "coordinates": [ [ -66.2378, 18.333 ], [ -66.2336, 18.337 ] ] } },
{ "type": "Feature", "properties": { "gnis_name": "Río Saliente", "streamorde": 3, "lengthkm": 0.78328834, "totdasqkm": 25.10940019 }, "geometry": { "type": "LineString", "coordinates": [ [ -66.5629, 18.2109 ], [ -66.5689, 18.2148 ] ] } },
{ "type": "Feature", "properties": { "gnis_name": "Río Grande De Loiza", "streamorde": 6, "lengthkm": 0.21103312, "totdasqkm": 579.26469952000002 }, "geometry": { "type": "LineString", "coordinates": [ [ -65.9889, 18.3601 ], [ -65.9881, 18.3604 ], [ -65.987, 18.3601 ] ] } },
{ "type": "Feature", "properties": { "gnis_name": "Río Hondo", "streamorde": 4, "lengthkm": 1.17339518, "totdasqkm": 27.79930015 }, "geometry": { "type": "LineString", "coordinates": [ [ -66.2445, 18.2108 ], [ -66.2434, 18.2098 ], [ -66.2431, 18.2087 ], [ -66.242, 18.2081 ], [ -66.2419, 18.207 ], [ -66.239, 18.206 ], [ -66.2389, 18.2055 ], [ -66.2397, 18.2051 ], [ -66.2398, 18.204 ] ] } },
{ "type": "Feature", "properties": { "gnis_name": "Río de Bayamón", "streamorde": 4, "lengthkm": 0.69458907, "totdasqkm": 69.94180009 }, "geometry": { "type": "LineString", "coordinates": [ [ -66.1377, 18.2719 ], [ -66.1372, 18.2726 ], [ -66.1373, 18.2739 ], [ -66.1391, 18.275 ], [ -66.1391, 18.2768 ] ] } },
{ "type": "Feature", "properties": { "gnis_name": null, "streamorde": 3, "lengthkm": 0.58811325, "totdasqkm": 16.5846 }, "geometry": { "type": "LineString", "coordinates": [ [ -65.8477, 18.2243 ], [ -65.8488, 18.2241 ], [ -65.8507, 18.2251 ], [ -65.8527, 18.2243 ] ] } },
{ "type": "Feature", "properties": { "gnis_name": null, "streamorde": 3, "lengthkm": 0.34813234, "totdasqkm": 37.29190025 }, "geometry": { "type": "LineString", "coordinates": [ [ -65.8995, 17.9937 ], [ -65.8973, 17.9914 ] ] } },
{ "type": "Feature", "properties": { "gnis_name": "Río Yagüez", "streamorde": 3, "lengthkm": 0.13419982, "totdasqkm": 8.44519985 }, "geometry": { "type": "LineString", "coordinates": [ [ -67.0759, 18.1983 ], [ -67.0771, 18.1986 ] ] } },
{ "type": "Feature", "properties": { "gnis_name": null, "streamorde": 3, "lengthkm": 0.14046058, "totdasqkm": 26.06260013 }, "geometry": { "type": "LineString", "coordinates": [ [ -66.573, 18.2184 ], [ -66.5728, 18.2196 ] ] } },
{ "type": "Feature", "properties": { "gnis_name": null, "streamorde": 3, "lengthkm": 0.61322563, "totdasqkm": 12.31180009 }, "geometry": { "type": "LineString", "coordinates": [ [ -67.05, 18.0113 ], [ -67.0442, 18.0106 ] ] } },
{ "type": "Feature", "properties": { "gnis_name": "Río Guanajibo", "streamorde": 4, "lengthkm": 1.02915017, "totdasqkm": 73.315799610000013 }, "geometry": { "type": "LineString", "coordinates": [ [ -67.0019, 18.0718 ], [ -67.0043, 18.0727 ], [ -67.0057, 18.0756 ], [ -67.0078, 18.0755 ], [ -67.0086, 18.0765 ] ] } },
{ "type": "Feature", "properties": { "gnis_name": null, "streamorde": 3, "lengthkm": 0.59704023, "totdasqkm": 2.97320014 }, "geometry": { "type": "LineString", "coordinates": [ [ -67.1692, 18.1655 ], [ -67.1709, 18.169 ], [ -67.1701, 18.1703 ] ] } },
{ "type": "Feature", "properties": { "gnis_name": "Río Toro Negro", "streamorde": 4, "lengthkm": 0.19416708, "totdasqkm": 67.66269992 }, "geometry": { "type": "LineString", "coordinates": [ [ -66.501, 18.2575 ], [ -66.5024, 18.2586 ] ] } },
{ "type": "Feature", "properties": { "gnis_name": null, "streamorde": 4, "lengthkm": 0.262, "totdasqkm": 20.70539984 }, "geometry": { "type": "LineString", "coordinates": [ [ -66.5667, 18.0993 ], [ -66.5654, 18.0998 ], [ -66.5645, 18.0993 ] ] } },
{ "type": "Feature", "properties": { "gnis_name": null, "streamorde": 3, "lengthkm": 0.23301622, "totdasqkm": 0.44569996 }, "geometry": { "type": "LineString", "coordinates": [ [ -65.8779, 18.2162 ], [ -65.8777, 18.2167 ], [ -65.8771, 18.2167 ], [ -65.8768, 18.2175 ] ] } },
{ "type": "Feature", "properties": { "gnis_name": null, "streamorde": 3, "lengthkm": 0.69786497, "totdasqkm": 3.08990001 }, "geometry": { "type": "LineString", "coordinates": [ [ -66.2685, 18.1609 ], [ -66.2692, 18.1613 ], [ -66.2689, 18.1626 ], [ -66.2699, 18.1642 ], [ -66.2697, 18.1649 ], [ -66.2706, 18.1657 ] ] } },
{ "type": "Feature", "properties": { "gnis_name": "Río de Bayamón", "streamorde": 4, "lengthkm": 0.99248626, "totdasqkm": 53.92289993 }, "geometry": { "type": "LineString", "coordinates": [ [ -66.1414, 18.2545 ], [ -66.1409, 18.2551 ], [ -66.1398, 18.2544 ], [ -66.1385, 18.2557 ], [ -66.1395, 18.2572 ], [ -66.1383, 18.258 ], [ -66.137, 18.2583 ] ] } },
{ "type": "Feature", "properties": { "gnis_name": "Río Cibuco", "streamorde": 4, "lengthkm": 0.76347628, "totdasqkm": 105.41229996 }, "geometry": { "type": "LineString", "coordinates": [ [ -66.3422, 18.4132 ], [ -66.3423, 18.4141 ], [ -66.343, 18.4142 ], [ -66.3434, 18.4138 ], [ -66.3437, 18.4145 ], [ -66.3432, 18.4155 ], [ -66.3425, 18.4145 ], [ -66.3421, 18.4145 ], [ -66.3419, 18.4153 ] ] } },
{ "type": "Feature", "properties": { "gnis_name": null, "streamorde": 3, "lengthkm": 2.09046714, "totdasqkm": 19.74950007 }, "geometry": { "type": "LineString", "coordinates": [ [ -65.9464, 18.3522 ], [ -65.9471, 18.3535 ], [ -65.9478, 18.3535 ], [ -65.948, 18.3545 ], [ -65.9488, 18.3542 ], [ -65.9486, 18.3534 ], [ -65.9497, 18.3531 ], [ -65.9522, 18.3541 ], [ -65.9516, 18.356 ], [ -65.9529, 18.357 ], [ -65.9527, 18.3583 ], [ -65.9542, 18.3596 ], [ -65.9567, 18.3605 ] ] } },
{ "type": "Feature", "properties": { "gnis_name": "Río Grande de Arecibo", "streamorde": 5, "lengthkm": 1.19060267, "totdasqkm": 204.83249967 }, "geometry": { "type": "LineString", "coordinates": [ [ -66.6702, 18.3247 ], [ -66.6683, 18.3277 ], [ -66.6684, 18.3315 ], [ -66.6674, 18.3346 ] ] } },
{ "type": "Feature", "properties": { "gnis_name": null, "streamorde": 3, "lengthkm": 0.52105784, "totdasqkm": 16.18460016 }, "geometry": { "type": "LineString", "coordinates": [ [ -66.9168, 18.0087 ], [ -66.9216, 18.0093 ] ] } },
{ "type": "Feature", "properties": { "gnis_name": null, "streamorde": 3, "lengthkm": 0.26, "totdasqkm": 8.34879999 }, "geometry": { "type": "LineString", "coordinates": [ [ -65.8133, 18.3866 ], [ -65.814, 18.3851 ], [ -65.8147, 18.3848 ] ] } },
{ "type": "Feature", "properties": { "gnis_name": "Río Grande de Arecibo", "streamorde": 6, "lengthkm": 0.03330275, "totdasqkm": 435.29340006000001 }, "geometry": { "type": "LineString", "coordinates": [ [ -66.6672, 18.3356 ], [ -66.6671, 18.3359 ] ] } },
{ "type": "Feature", "properties": { "gnis_name": null, "streamorde": 3, "lengthkm": 0.57671072, "totdasqkm": 3.51649994 }, "geometry": { "type": "LineString", "coordinates": [ [ -66.7482, 18.142 ], [ -66.7458, 18.1421 ], [ -66.7442, 18.1417 ], [ -66.7436, 18.141 ] ] } },
{ "type": "Feature", "properties": { "gnis_name": null, "streamorde": 4, "lengthkm": 0.0164008, "totdasqkm": 44.2232 }, "geometry": { "type": "LineString", "coordinates": [ [ -65.7512, 18.3846 ], [ -65.7512, 18.3848 ] ] } },
{ "type": "Feature", "properties": { "gnis_name": null, "streamorde": 3, "lengthkm": 0.068, "totdasqkm": 18.42519994 }, "geometry": { "type": "LineString", "coordinates": [ [ -66.4754, 17.9923 ], [ -66.476, 17.9923 ] ] } },
{ "type": "Feature", "properties": { "gnis_name": "Río Tanamá", "streamorde": 4, "lengthkm": 0.95114176, "totdasqkm": 47.1696997 }, "geometry": { "type": "LineString", "coordinates": [ [ -66.7826, 18.2944 ], [ -66.7836, 18.297 ], [ -66.7814, 18.3007 ], [ -66.7814, 18.3019 ] ] } },
{ "type": "Feature", "properties": { "gnis_name": "Río Cuyón", "streamorde": 4, "lengthkm": 1.22554091, "totdasqkm": 56.6408999 }, "geometry": { "type": "LineString", "coordinates": [ [ -66.3218, 18.0846 ], [ -66.3275, 18.0845 ], [ -66.333, 18.0833 ] ] } },
{ "type": "Feature", "properties": { "gnis_name": null, "streamorde": 3, "lengthkm": 0.44711003, "totdasqkm": 9.35500011 }, "geometry": { "type": "LineString", "coordinates": [ [ -66.1524, 18.2607 ], [ -66.152, 18.2611 ], [ -66.1503, 18.2607 ], [ -66.1505, 18.2601 ], [ -66.1497, 18.2596 ] ] } },
{ "type": "Feature", "properties": { "gnis_name": "Río de la Plata", "streamorde": 5, "lengthkm": 2.08045068, "totdasqkm": 482.71300014000002 }, "geometry": { "type": "LineString", "coordinates": [ [ -66.2364, 18.3721 ], [ -66.2376, 18.3729 ], [ -66.2402, 18.3729 ], [ -66.2436, 18.3721 ], [ -66.2467, 18.3704 ], [ -66.2513, 18.3702 ], [ -66.2531, 18.3709 ], [ -66.2532, 18.3724 ] ] } },
{ "type": "Feature", "properties": { "gnis_name": "Río Toro Negro", "streamorde": 3, "lengthkm": 0.7952111, "totdasqkm": 20.94459978 }, "geometry": { "type": "LineString", "coordinates": [ [ -66.5147, 18.1921 ], [ -66.5131, 18.1933 ], [ -66.5126, 18.1968 ], [ -66.5115, 18.1979 ] ] } },
{ "type": "Feature", "properties": { "gnis_name": null, "streamorde": 3, "lengthkm": 2.62676351, "totdasqkm": 9.75310018 }, "geometry": { "type": "LineString", "coordinates": [ [ -66.6667, 18.1295 ], [ -66.6663, 18.1285 ], [ -66.6647, 18.1275 ], [ -66.6656, 18.1248 ], [ -66.6622, 18.1221 ], [ -66.6604, 18.1215 ], [ -66.6605, 18.12 ], [ -66.6598, 18.1199 ], [ -66.6586, 18.1206 ], [ -66.656, 18.1202 ], [ -66.6542, 18.1207 ], [ -66.6548, 18.1194 ], [ -66.6533, 18.1188 ] ] } },
{ "type": "Feature", "properties": { "gnis_name": null, "streamorde": 3, "lengthkm": 1.097, "totdasqkm": 6.82159991 }, "geometry": { "type": "LineString", "coordinates": [ [ -66.7108, 18.0598 ], [ -66.711, 18.0587 ], [ -66.7098, 18.0582 ], [ -66.7108, 18.0576 ], [ -66.7099, 18.0563 ], [ -66.7109, 18.0556 ], [ -66.7104, 18.0541 ], [ -66.7111, 18.0526 ] ] } },
{ "type": "Feature", "properties": { "gnis_name": null, "streamorde": 6, "lengthkm": 0.03588491, "totdasqkm": 447.42279994 }, "geometry": { "type": "LineString", "coordinates": [ [ -66.6835, 18.4154 ], [ -66.6835, 18.4157 ] ] } },
{ "type": "Feature", "properties": { "gnis_name": null, "streamorde": 3, "lengthkm": 3.566, "totdasqkm": 9.84559988 }, "geometry": { "type": "LineString", "coordinates": [ [ -65.9011, 18.1096 ], [ -65.9009, 18.1089 ], [ -65.9021, 18.1059 ], [ -65.9015, 18.1052 ], [ -65.902, 18.105 ], [ -65.9017, 18.1041 ], [ -65.9026, 18.1036 ], [ -65.9023, 18.102 ], [ -65.903, 18.0999 ], [ -65.9006, 18.0968 ], [ -65.9021, 18.0893 ], [ -65.9017, 18.088 ], [ -65.904, 18.0834 ], [ -65.9032, 18.0813 ] ] } },
{ "type": "Feature", "properties": { "gnis_name": null, "streamorde": 3, "lengthkm": 0.22117823, "totdasqkm": 1.1229999 }, "geometry": { "type": "LineString", "coordinates": [ [ -67.1689, 18.2359 ], [ -67.1693, 18.234 ] ] } },
{ "type": "Feature", "properties": { "gnis_name": "Río Guaynabo", "streamorde": 3, "lengthkm": 0.99586259, "totdasqkm": 6.51409996 }, "geometry": { "type": "LineString", "coordinates": [ [ -66.1038, 18.3062 ], [ -66.0999, 18.3074 ], [ -66.0983, 18.3064 ], [ -66.0953, 18.3065 ] ] } },
{ "type": "Feature", "properties": { "gnis_name": null, "streamorde": 3, "lengthkm": 0.21534042, "totdasqkm": 45.65869984 }, "geometry": { "type": "LineString", "coordinates": [ [ -66.5966, 18.2154 ], [ -66.5977, 18.2138 ] ] } },
{ "type": "Feature", "properties": { "gnis_name": null, "streamorde": 4, "lengthkm": 0.06680559, "totdasqkm": 105.41229996 }, "geometry": { "type": "LineString", "coordinates": [ [ -66.3419, 18.4153 ], [ -66.3418, 18.4158 ] ] } },
{ "type": "Feature", "properties": { "gnis_name": "Río Grande De Loiza", "streamorde": 5, "lengthkm": 0.02394573, "totdasqkm": 229.84379985000001 }, "geometry": { "type": "LineString", "coordinates": [ [ -66.0119, 18.2414 ], [ -66.0121, 18.2415 ] ] } },
{ "type": "Feature", "properties": { "gnis_name": null, "streamorde": 3, "lengthkm": 0.97412401, "totdasqkm": 17.3415999 }, "geometry": { "type": "LineString", "coordinates": [ [ -66.4675, 18.0121 ], [ -66.4687, 18.0095 ], [ -66.4682, 18.0079 ], [ -66.4701, 18.0066 ], [ -66.4696, 18.005 ] ] } },
{ "type": "Feature", "properties": { "gnis_name": null, "streamorde": 3, "lengthkm": 1.71897856, "totdasqkm": 51.53270019 }, "geometry": { "type": "LineString", "coordinates": [ [ -66.9808, 18.0101 ], [ -66.9651, 18.008 ] ] } },
{ "type": "Feature", "properties": { "gnis_name": null, "streamorde": 4, "lengthkm": 0.4054023, "totdasqkm": 22.95379986 }, "geometry": { "type": "LineString", "coordinates": [ [ -67.0895, 18.2596 ], [ -67.0898, 18.2603 ], [ -67.0889, 18.2618 ], [ -67.09, 18.262 ] ] } },
{ "type": "Feature", "properties": { "gnis_name": "Río del Ingenio", "streamorde": 3, "lengthkm": 1.251, "totdasqkm": 3.76830002 }, "geometry": { "type": "LineString", "coordinates": [ [ -65.8745, 18.0993 ], [ -65.8719, 18.0981 ], [ -65.871, 18.0961 ], [ -65.8711, 18.0946 ], [ -65.8696, 18.0941 ], [ -65.87, 18.0928 ], [ -65.8712, 18.0925 ], [ -65.8713, 18.0921 ] ] } },
{ "type": "Feature", "properties": { "gnis_name": null, "streamorde": 3, "lengthkm": 0.14637431, "totdasqkm": 2.82050011 }, "geometry": { "type": "LineString", "coordinates": [ [ -65.5208, 18.09 ], [ -65.5202, 18.0888 ] ] } },
{ "type": "Feature", "properties": { "gnis_name": null, "streamorde": 5, "lengthkm": 0.00427436, "totdasqkm": 223.57389993000001 }, "geometry": { "type": "LineString", "coordinates": [ [ -66.3588, 18.4746 ], [ -66.3589, 18.4746 ] ] } },
{ "type": "Feature", "properties": { "gnis_name": null, "streamorde": 3, "lengthkm": 0.37686178, "totdasqkm": 1.96889989 }, "geometry": { "type": "LineString", "coordinates": [ [ -67.1366, 18.1524 ], [ -67.1372, 18.152 ], [ -67.1376, 18.1529 ], [ -67.1389, 18.1534 ] ] } },
{ "type": "Feature", "properties": { "gnis_name": "Río Caguitas", "streamorde": 3, "lengthkm": 0.38935029, "totdasqkm": 9.03720003 }, "geometry": { "type": "LineString", "coordinates": [ [ -66.0926, 18.2455 ], [ -66.0917, 18.2467 ], [ -66.0906, 18.2463 ], [ -66.0899, 18.2469 ] ] } },
{ "type": "Feature", "properties": { "gnis_name": null, "streamorde": 3, "lengthkm": 0.64381237, "totdasqkm": 9.00370005 }, "geometry": { "type": "LineString", "coordinates": [ [ -65.8937, 18.1838 ], [ -65.8945, 18.1837 ], [ -65.8961, 18.1817 ], [ -65.8972, 18.1823 ], [ -65.8983, 18.1822 ] ] } },
{ "type": "Feature", "properties": { "gnis_name": "Río Ingenio", "streamorde": 3, "lengthkm": 1.81176714, "totdasqkm": 17.12850001 }, "geometry": { "type": "LineString", "coordinates": [ [ -67.212, 18.372 ], [ -67.2119, 18.3743 ], [ -67.2108, 18.3741 ], [ -67.211, 18.3749 ], [ -67.2105, 18.3752 ], [ -67.2109, 18.3782 ], [ -67.2102, 18.3777 ], [ -67.2096, 18.378 ], [ -67.2093, 18.3788 ], [ -67.2098, 18.3793 ], [ -67.2094, 18.3799 ], [ -67.2101, 18.3802 ], [ -67.209, 18.3808 ], [ -67.209, 18.3814 ], [ -67.2081, 18.3822 ] ] } },
{ "type": "Feature", "properties": { "gnis_name": "Río Toro Negro", "streamorde": 3, "lengthkm": 1.42517059, "totdasqkm": 35.77829984 }, "geometry": { "type": "LineString", "coordinates": [ [ -66.5176, 18.2302 ], [ -66.5159, 18.2295 ], [ -66.5121, 18.2304 ], [ -66.5095, 18.2296 ], [ -66.5087, 18.2303 ], [ -66.5078, 18.2336 ] ] } },
{ "type": "Feature", "properties": { "gnis_name": null, "streamorde": 3, "lengthkm": 0.54407463, "totdasqkm": 5.23310021 }, "geometry": { "type": "LineString", "coordinates": [ [ -66.2393, 18.2424 ], [ -66.239, 18.2413 ], [ -66.2366, 18.2406 ], [ -66.2362, 18.2394 ] ] } },
{ "type": "Feature", "properties": { "gnis_name": "Río Blanco", "streamorde": 4, "lengthkm": 0.03355125, "totdasqkm": 100.79050041 }, "geometry": { "type": "LineString", "coordinates": [ [ -66.9026, 18.2574 ], [ -66.9027, 18.2571 ] ] } },
{ "type": "Feature", "properties": { "gnis_name": "Río de la Plata", "streamorde": 5, "lengthkm": 0.72874446, "totdasqkm": 469.90899993 }, "geometry": { "type": "LineString", "coordinates": [ [ -66.2397, 18.3502 ], [ -66.2414, 18.3541 ], [ -66.2435, 18.3552 ] ] } },
{ "type": "Feature", "properties": { "gnis_name": "Río Coamo", "streamorde": 3, "lengthkm": 0.44559015, "totdasqkm": 5.83929993 }, "geometry": { "type": "LineString", "coordinates": [ [ -66.3585, 18.1412 ], [ -66.3601, 18.1422 ], [ -66.3614, 18.1422 ], [ -66.3619, 18.1429 ] ] } },
{ "type": "Feature", "properties": { "gnis_name": "Río Guajataca", "streamorde": 3, "lengthkm": 0.20001597, "totdasqkm": 40.03720002 }, "geometry": { "type": "LineString", "coordinates": [ [ -66.9091, 18.3435 ], [ -66.9084, 18.3447 ], [ -66.9087, 18.3449 ] ] } },
{ "type": "Feature", "properties": { "gnis_name": "Río de Bayamón", "streamorde": 4, "lengthkm": 0.74955609, "totdasqkm": 48.94820001 }, "geometry": { "type": "LineString", "coordinates": [ [ -66.1439, 18.2429 ], [ -66.1435, 18.244 ], [ -66.1416, 18.2436 ], [ -66.1415, 18.2449 ], [ -66.1396, 18.245 ] ] } },
{ "type": "Feature", "properties": { "gnis_name": "Río Caonillas", "streamorde": 4, "lengthkm": 0.62288132, "totdasqkm": 126.15279999 }, "geometry": { "type": "LineString", "coordinates": [ [ -66.6564, 18.2772 ], [ -66.6565, 18.2789 ], [ -66.6558, 18.28 ], [ -66.6548, 18.2805 ], [ -66.6533, 18.2804 ] ] } },
{ "type": "Feature", "properties": { "gnis_name": null, "streamorde": 4, "lengthkm": 0.06024166, "totdasqkm": 29.63010006 }, "geometry": { "type": "LineString", "coordinates": [ [ -67.1159, 18.27 ], [ -67.1162, 18.2704 ] ] } },
{ "type": "Feature", "properties": { "gnis_name": null, "streamorde": 3, "lengthkm": 0.79925367, "totdasqkm": 14.6829998 }, "geometry": { "type": "LineString", "coordinates": [ [ -65.976, 18.3241 ], [ -65.9785, 18.3249 ], [ -65.9798, 18.3274 ], [ -65.9817, 18.3277 ] ] } },
{ "type": "Feature", "properties": { "gnis_name": null, "streamorde": 4, "lengthkm": 2.33776658, "totdasqkm": 34.0030999 }, "geometry": { "type": "LineString", "coordinates": [ [ -65.9888, 18.3414 ], [ -65.988, 18.344 ], [ -65.9895, 18.3452 ], [ -65.9886, 18.3469 ], [ -65.9898, 18.3478 ], [ -65.99, 18.3497 ], [ -65.9907, 18.3511 ], [ -65.989, 18.3535 ], [ -65.9888, 18.3559 ], [ -65.9907, 18.3572 ], [ -65.9914, 18.3584 ] ] } },
{ "type": "Feature", "properties": { "gnis_name": "Río Culebrinas", "streamorde": 5, "lengthkm": 2.32484897, "totdasqkm": 256.92670005999997 }, "geometry": { "type": "LineString", "coordinates": [ [ -67.1599, 18.3982 ], [ -67.1604, 18.398 ], [ -67.1604, 18.3986 ], [ -67.1622, 18.4001 ], [ -67.1627, 18.4013 ], [ -67.164, 18.4 ], [ -67.1629, 18.3999 ], [ -67.1621, 18.3991 ], [ -67.1639, 18.3983 ], [ -67.1664, 18.3992 ], [ -67.1671, 18.4 ], [ -67.1686, 18.3982 ], [ -67.1694, 18.3982 ], [ -67.1711, 18.3991 ], [ -67.1714, 18.4005 ] ] } },
{ "type": "Feature", "properties": { "gnis_name": "Caño Boquilla", "streamorde": 4, "lengthkm": 0.298182, "totdasqkm": 13.77590008 }, "geometry": { "type": "LineString", "coordinates": [ [ -67.1713, 18.2565 ], [ -67.1738, 18.2555 ] ] } },
{ "type": "Feature", "properties": { "gnis_name": null, "streamorde": 3, "lengthkm": 0.244, "totdasqkm": 23.40530019 }, "geometry": { "type": "LineString", "coordinates": [ [ -65.7018, 18.2715 ], [ -65.7002, 18.273 ] ] } },
{ "type": "Feature", "properties": { "gnis_name": "Río Tallaboa", "streamorde": 3, "lengthkm": 2.03, "totdasqkm": 28.45640017 }, "geometry": { "type": "LineString", "coordinates": [ [ -66.6975, 18.0541 ], [ -66.6974, 18.0524 ], [ -66.6981, 18.0523 ], [ -66.7017, 18.0538 ], [ -66.7023, 18.0545 ], [ -66.7038, 18.0546 ], [ -66.7067, 18.0508 ], [ -66.7091, 18.051 ], [ -66.7111, 18.0526 ] ] } },
{ "type": "Feature", "properties": { "gnis_name": "Río de la Plata", "streamorde": 5, "lengthkm": 0.91518877, "totdasqkm": 514.11950032000004 }, "geometry": { "type": "LineString", "coordinates": [ [ -66.2448, 18.3947 ], [ -66.2453, 18.3954 ], [ -66.2477, 18.3959 ], [ -66.25, 18.3951 ], [ -66.2512, 18.3952 ], [ -66.2524, 18.3943 ] ] } },
{ "type": "Feature", "properties": { "gnis_name": "Caño Zequeira", "streamorde": 3, "lengthkm": 0.05629753, "totdasqkm": 7.26219991 }, "geometry": { "type": "LineString", "coordinates": [ [ -65.8994, 18.4135 ], [ -65.8998, 18.4137 ] ] } },
{ "type": "Feature", "properties": { "gnis_name": null, "streamorde": 4, "lengthkm": 0.192, "totdasqkm": 18.66080001 }, "geometry": { "type": "LineString", "coordinates": [ [ -66.5767, 18.1056 ], [ -66.5749, 18.1057 ] ] } },
{ "type": "Feature", "properties": { "gnis_name": "Río Canovanillas", "streamorde": 3, "lengthkm": 1.25135948, "totdasqkm": 42.3941001 }, "geometry": { "type": "LineString", "coordinates": [ [ -65.918, 18.3731 ], [ -65.9174, 18.3729 ], [ -65.9165, 18.3739 ], [ -65.9162, 18.3772 ], [ -65.9135, 18.3795 ], [ -65.9147, 18.3804 ], [ -65.9155, 18.3799 ] ] } },
{ "type": "Feature", "properties": { "gnis_name": "Río Yahuecas", "streamorde": 3, "lengthkm": 0.53593306, "totdasqkm": 8.89589997 }, "geometry": { "type": "LineString", "coordinates": [ [ -66.7913, 18.1734 ], [ -66.7928, 18.1729 ], [ -66.7959, 18.1743 ] ] } },
{ "type": "Feature", "properties": { "gnis_name": "Río Toro Negro", "streamorde": 3, "lengthkm": 0.89859615, "totdasqkm": 25.26169968 }, "geometry": { "type": "LineString", "coordinates": [ [ -66.5115, 18.1979 ], [ -66.5109, 18.1988 ], [ -66.5119, 18.1999 ], [ -66.5129, 18.2034 ], [ -66.5123, 18.2051 ] ] } },
{ "type": "Feature", "properties": { "gnis_name": "Río Cañas", "streamorde": 3, "lengthkm": 1.67463399, "totdasqkm": 13.69520013 }, "geometry": { "type": "LineString", "coordinates": [ [ -67.1531, 18.3674 ], [ -67.1516, 18.3685 ], [ -67.1514, 18.369 ], [ -67.1519, 18.3698 ], [ -67.1512, 18.37 ], [ -67.1519, 18.3708 ], [ -67.1511, 18.3711 ], [ -67.1521, 18.3722 ], [ -67.1526, 18.3721 ], [ -67.1528, 18.3731 ], [ -67.152, 18.3732 ], [ -67.1505, 18.3743 ], [ -67.1506, 18.3751 ], [ -67.1498, 18.3753 ], [ -67.1495, 18.376 ] ] } },
{ "type": "Feature", "properties": { "gnis_name": null, "streamorde": 3, "lengthkm": 0.063, "totdasqkm": 38.67610033 }, "geometry": { "type": "LineString", "coordinates": [ [ -65.6899, 18.2978 ], [ -65.6894, 18.298 ] ] } },
{ "type": "Feature", "properties": { "gnis_name": null, "streamorde": 3, "lengthkm": 0.704, "totdasqkm": 11.15779998 }, "geometry": { "type": "LineString", "coordinates": [ [ -66.4193, 18.1446 ], [ -66.4202, 18.1433 ], [ -66.4198, 18.1414 ], [ -66.4187, 18.14 ], [ -66.4195, 18.1396 ] ] } },
{ "type": "Feature", "properties": { "gnis_name": "Río Caín", "streamorde": 3, "lengthkm": 0.07795072, "totdasqkm": 5.35479995 }, "geometry": { "type": "LineString", "coordinates": [ [ -67.0058, 18.1258 ], [ -67.0066, 18.1259 ] ] } },
{ "type": "Feature", "properties": { "gnis_name": null, "streamorde": 4, "lengthkm": 0.30061463, "totdasqkm": 15.86310009 }, "geometry": { "type": "LineString", "coordinates": [ [ -66.7427, 18.1401 ], [ -66.7398, 18.1404 ] ] } },
{ "type": "Feature", "properties": { "gnis_name": null, "streamorde": 3, "lengthkm": 0.30451274, "totdasqkm": 4.16849985 }, "geometry": { "type": "LineString", "coordinates": [ [ -67.134, 18.259 ], [ -67.1345, 18.2593 ], [ -67.1352, 18.2612 ] ] } },
{ "type": "Feature", "properties": { "gnis_name": null, "streamorde": 3, "lengthkm": 2.1938491, "totdasqkm": 4.37239989 }, "geometry": { "type": "LineString", "coordinates": [ [ -65.9398, 18.1796 ], [ -65.9415, 18.1796 ], [ -65.9421, 18.1802 ], [ -65.9428, 18.1793 ], [ -65.9449, 18.1813 ], [ -65.9464, 18.1812 ], [ -65.9472, 18.1817 ], [ -65.9477, 18.1812 ], [ -65.9475, 18.1803 ], [ -65.9484, 18.179 ], [ -65.9489, 18.1787 ], [ -65.9494, 18.1792 ], [ -65.9504, 18.1783 ], [ -65.9504, 18.1791 ], [ -65.9523, 18.18 ], [ -65.9522, 18.1813 ] ] } },
{ "type": "Feature", "properties": { "gnis_name": "Río Toro Negro", "streamorde": 4, "lengthkm": 0.93787986, "totdasqkm": 86.63350004 }, "geometry": { "type": "LineString", "coordinates": [ [ -66.47, 18.2957 ], [ -66.4695, 18.2961 ], [ -66.469, 18.2958 ], [ -66.4683, 18.2934 ], [ -66.4664, 18.2942 ], [ -66.4642, 18.2926 ] ] } },
{ "type": "Feature", "properties": { "gnis_name": "Río Prieto", "streamorde": 4, "lengthkm": 0.22682577, "totdasqkm": 60.25849958 }, "geometry": { "type": "LineString", "coordinates": [ [ -66.8856, 18.231 ], [ -66.8866, 18.2329 ] ] } },
{ "type": "Feature", "properties": { "gnis_name": "Río Guanajibo", "streamorde": 4, "lengthkm": 0.94131356, "totdasqkm": 123.06799938 }, "geometry": { "type": "LineString", "coordinates": [ [ -67.0491, 18.1001 ], [ -67.0521, 18.1002 ], [ -67.0548, 18.1014 ], [ -67.0556, 18.0991 ] ] } },
{ "type": "Feature", "properties": { "gnis_name": "Río Cibuco", "streamorde": 4, "lengthkm": 4.67931246, "totdasqkm": 104.017 }, "geometry": { "type": "LineString", "coordinates": [ [ -66.3519, 18.3853 ], [ -66.3523, 18.3867 ], [ -66.3511, 18.3879 ], [ -66.3515, 18.3889 ], [ -66.3498, 18.3899 ], [ -66.3492, 18.3909 ], [ -66.3486, 18.3906 ], [ -66.3476, 18.391 ], [ -66.3476, 18.393 ], [ -66.3467, 18.3932 ], [ -66.3453, 18.3923 ], [ -66.3449, 18.3927 ], [ -66.345, 18.3939 ], [ -66.3457, 18.3943 ], [ -66.3456, 18.3961 ], [ -66.3461, 18.397 ], [ -66.3447, 18.3988 ], [ -66.344, 18.3988 ], [ -66.3437, 18.4002 ], [ -66.3448, 18.4007 ], [ -66.3439, 18.4019 ], [ -66.3444, 18.4033 ], [ -66.3436, 18.4047 ], [ -66.3428, 18.4044 ], [ -66.3419, 18.4054 ], [ -66.3419, 18.4058 ], [ -66.3429, 18.4062 ], [ -66.3412, 18.409 ], [ -66.3426, 18.4129 ] ] } },
{ "type": "Feature", "properties": { "gnis_name": null, "streamorde": 3, "lengthkm": 3.06975654, "totdasqkm": 42.76690002 }, "geometry": { "type": "LineString", "coordinates": [ [ -67.0336, 18.007 ], [ -67.0165, 18.0016 ], [ -67.0061, 18.0048 ] ] } },
{ "type": "Feature", "properties": { "gnis_name": "Río Anton Ruiz", "streamorde": 4, "lengthkm": 0.12705082, "totdasqkm": 30.67579979 }, "geometry": { "type": "LineString", "coordinates": [ [ -65.7486, 18.1788 ], [ -65.7481, 18.1798 ] ] } },
{ "type": "Feature", "properties": { "gnis_name": "Río Orocovis", "streamorde": 3, "lengthkm": 0.68000558, "totdasqkm": 16.0442998 }, "geometry": { "type": "LineString", "coordinates": [ [ -66.3907, 18.2223 ], [ -66.392, 18.2254 ], [ -66.3916, 18.2264 ], [ -66.3926, 18.2275 ] ] } },
{ "type": "Feature", "properties": { "gnis_name": "Río Tanamá", "streamorde": 4, "lengthkm": 0.5394892, "totdasqkm": 104.42959961000001 }, "geometry": { "type": "LineString", "coordinates": [ [ -66.7286, 18.3934 ], [ -66.7287, 18.3945 ], [ -66.7323, 18.3954 ] ] } },
{ "type": "Feature", "properties": { "gnis_name": "Río Caonillas", "streamorde": 4, "lengthkm": 0.13152708, "totdasqkm": 102.59089997 }, "geometry": { "type": "LineString", "coordinates": [ [ -66.6288, 18.2362 ], [ -66.6288, 18.2374 ] ] } },
{ "type": "Feature", "properties": { "gnis_name": null, "streamorde": 3, "lengthkm": 0.03545803, "totdasqkm": 3.62590015 }, "geometry": { "type": "LineString", "coordinates": [ [ -65.9823, 18.2675 ], [ -65.9822, 18.2672 ] ] } },
{ "type": "Feature", "properties": { "gnis_name": "Río Yagüez", "streamorde": 3, "lengthkm": 0.40882119, "totdasqkm": 5.32100006 }, "geometry": { "type": "LineString", "coordinates": [ [ -67.055, 18.1993 ], [ -67.0583, 18.1974 ] ] } },
{ "type": "Feature", "properties": { "gnis_name": null, "streamorde": 3, "lengthkm": 2.146, "totdasqkm": 7.99939983 }, "geometry": { "type": "LineString", "coordinates": [ [ -67.0361, 18.3292 ], [ -67.0359, 18.3295 ], [ -67.0369, 18.3298 ], [ -67.0363, 18.3301 ], [ -67.0362, 18.3316 ], [ -67.037, 18.3311 ], [ -67.0382, 18.3315 ], [ -67.038, 18.3319 ], [ -67.0371, 18.3318 ], [ -67.0366, 18.3333 ], [ -67.0392, 18.3344 ], [ -67.0395, 18.3353 ], [ -67.0405, 18.335 ], [ -67.0396, 18.3373 ], [ -67.0399, 18.3386 ], [ -67.0413, 18.3388 ] ] } },
{ "type": "Feature", "properties": { "gnis_name": "Río de la Plata", "streamorde": 4, "lengthkm": 0.11496965, "totdasqkm": 104.35179999 }, "geometry": { "type": "LineString", "coordinates": [ [ -66.1623, 18.146 ], [ -66.1633, 18.1455 ] ] } },
{ "type": "Feature", "properties": { "gnis_name": "Río Grande de Añasco", "streamorde": 5, "lengthkm": 4.21451971, "totdasqkm": 467.42120017000002 }, "geometry": { "type": "LineString", "coordinates": [ [ -67.1519, 18.2691 ], [ -67.1527, 18.2694 ], [ -67.1535, 18.2688 ], [ -67.1546, 18.2703 ], [ -67.1544, 18.2715 ], [ -67.1529, 18.2723 ], [ -67.1544, 18.2726 ], [ -67.1553, 18.2722 ], [ -67.1557, 18.2733 ], [ -67.1599, 18.2737 ], [ -67.1634, 18.2711 ], [ -67.1674, 18.2694 ], [ -67.1743, 18.2676 ], [ -67.1826, 18.267 ] ] } },
{ "type": "Feature", "properties": { "gnis_name": "Río Mameyes", "streamorde": 3, "lengthkm": 2.611, "totdasqkm": 24.26039998 }, "geometry": { "type": "LineString", "coordinates": [ [ -65.7544, 18.3399 ], [ -65.7536, 18.3417 ], [ -65.7543, 18.3425 ], [ -65.7564, 18.3433 ], [ -65.7569, 18.3464 ], [ -65.7624, 18.3507 ], [ -65.7639, 18.3525 ], [ -65.7649, 18.3546 ], [ -65.7667, 18.3556 ], [ -65.7682, 18.3559 ] ] } },
{ "type": "Feature", "properties": { "gnis_name": "Río Loco", "streamorde": 3, "lengthkm": 0.64797126, "totdasqkm": 24.16380006 }, "geometry": { "type": "LineString", "coordinates": [ [ -66.882, 18.0173 ], [ -66.8825, 18.0167 ], [ -66.88, 18.0157 ], [ -66.878, 18.0161 ] ] } },
{ "type": "Feature", "properties": { "gnis_name": "Río Hondo", "streamorde": 3, "lengthkm": 1.01989747, "totdasqkm": 4.24929991 }, "geometry": { "type": "LineString", "coordinates": [ [ -67.1474, 18.2961 ], [ -67.1483, 18.2943 ], [ -67.1479, 18.2925 ], [ -67.1487, 18.2911 ], [ -67.1502, 18.2901 ], [ -67.1511, 18.2886 ] ] } },
{ "type": "Feature", "properties": { "gnis_name": "Río Grande de Arecibo", "streamorde": 6, "lengthkm": 0.97639848, "totdasqkm": 447.42279994 }, "geometry": { "type": "LineString", "coordinates": [ [ -66.6882, 18.4088 ], [ -66.6882, 18.4113 ], [ -66.6835, 18.4154 ] ] } },
{ "type": "Feature", "properties": { "gnis_name": "Río Guajataca", "streamorde": 3, "lengthkm": 3.45980995, "totdasqkm": 151.01500041 }, "geometry": { "type": "LineString", "coordinates": [ [ -66.9627, 18.4736 ], [ -66.961, 18.4724 ], [ -66.9554, 18.4772 ], [ -66.9528, 18.4768 ], [ -66.9526, 18.4778 ], [ -66.9531, 18.4803 ], [ -66.9504, 18.4833 ], [ -66.9517, 18.4837 ], [ -66.9545, 18.4833 ], [ -66.9575, 18.4869 ], [ -66.9578, 18.4878 ], [ -66.9572, 18.4881 ], [ -66.9576, 18.4892 ] ] } },
{ "type": "Feature", "properties": { "gnis_name": "Río Guavate", "streamorde": 3, "lengthkm": 2.68870744, "totdasqkm": 13.01499982 }, "geometry": { "type": "LineString", "coordinates": [ [ -66.0905, 18.1286 ], [ -66.0925, 18.1299 ], [ -66.0944, 18.1343 ], [ -66.096, 18.1327 ], [ -66.0968, 18.1336 ], [ -66.0977, 18.1335 ], [ -66.098, 18.1321 ], [ -66.1017, 18.1312 ], [ -66.102, 18.1318 ], [ -66.103, 18.1315 ], [ -66.1034, 18.1297 ], [ -66.1057, 18.13 ], [ -66.107, 18.1309 ] ] } },
{ "type": "Feature", "properties": { "gnis_name": "Río Ingenio", "streamorde": 3, "lengthkm": 0.32880611, "totdasqkm": 7.93449995 }, "geometry": { "type": "LineString", "coordinates": [ [ -67.1961, 18.3396 ], [ -67.1957, 18.3403 ], [ -67.1975, 18.3413 ] ] } },
{ "type": "Feature", "properties": { "gnis_name": "Río Yauco", "streamorde": 3, "lengthkm": 0.2481244, "totdasqkm": 27.96469988 }, "geometry": { "type": "LineString", "coordinates": [ [ -66.8685, 18.0952 ], [ -66.8663, 18.0944 ] ] } },
{ "type": "Feature", "properties": { "gnis_name": "Canal Principal De Riego Valle De Lajas", "streamorde": 3, "lengthkm": 0.47104615, "totdasqkm": 11.46130009 }, "geometry": { "type": "LineString", "coordinates": [ [ -66.9154, 18.0345 ], [ -66.9198, 18.0342 ] ] } },
{ "type": "Feature", "properties": { "gnis_name": "Río Grande de Manati", "streamorde": 5, "lengthkm": 0.45066582, "totdasqkm": 162.38540002 }, "geometry": { "type": "LineString", "coordinates": [ [ -66.4266, 18.29 ], [ -66.4289, 18.2934 ] ] } },
{ "type": "Feature", "properties": { "gnis_name": null, "streamorde": 3, "lengthkm": 1.61853767, "totdasqkm": 9.26379999 }, "geometry": { "type": "LineString", "coordinates": [ [ -66.1671, 18.1202 ], [ -66.1668, 18.1226 ], [ -66.1658, 18.1219 ], [ -66.1662, 18.1244 ], [ -66.1669, 18.1256 ], [ -66.1667, 18.1269 ], [ -66.1683, 18.1267 ], [ -66.169, 18.1273 ], [ -66.1689, 18.1281 ], [ -66.1676, 18.1293 ] ] } },
{ "type": "Feature", "properties": { "gnis_name": "Río Grande de Arecibo", "streamorde": 4, "lengthkm": 0.0910477, "totdasqkm": 63.58609992 }, "geometry": { "type": "LineString", "coordinates": [ [ -66.7208, 18.2219 ], [ -66.72, 18.222 ] ] } },
{ "type": "Feature", "properties": { "gnis_name": "Río de la Plata", "streamorde": 4, "lengthkm": 0.00943463, "totdasqkm": 177.41959993 }, "geometry": { "type": "LineString", "coordinates": [ [ -66.2428, 18.1803 ], [ -66.2428, 18.1804 ] ] } },
{ "type": "Feature", "properties": { "gnis_name": "Río Hondo", "streamorde": 3, "lengthkm": 1.20997768, "totdasqkm": 10.89769995 }, "geometry": { "type": "LineString", "coordinates": [ [ -67.1644, 18.2816 ], [ -67.1671, 18.2811 ], [ -67.1679, 18.2801 ], [ -67.1728, 18.2795 ], [ -67.1744, 18.2806 ] ] } },
{ "type": "Feature", "properties": { "gnis_name": "Río Grande de Arecibo", "streamorde": 4, "lengthkm": 0.18200949, "totdasqkm": 92.28199986 }, "geometry": { "type": "LineString", "coordinates": [ [ -66.7236, 18.2338 ], [ -66.7244, 18.2352 ] ] } },
{ "type": "Feature", "properties": { "gnis_name": "Río Rosario", "streamorde": 4, "lengthkm": 0.931194, "totdasqkm": 48.24930026 }, "geometry": { "type": "LineString", "coordinates": [ [ -67.0856, 18.1632 ], [ -67.0857, 18.1619 ], [ -67.0835, 18.1593 ], [ -67.0849, 18.1586 ], [ -67.086, 18.1568 ] ] } },
{ "type": "Feature", "properties": { "gnis_name": "Río Culebrinas", "streamorde": 4, "lengthkm": 0.38362057, "totdasqkm": 122.10380005 }, "geometry": { "type": "LineString", "coordinates": [ [ -67.037, 18.3443 ], [ -67.0394, 18.3447 ], [ -67.0403, 18.3453 ] ] } },
{ "type": "Feature", "properties": { "gnis_name": null, "streamorde": 3, "lengthkm": 0.61811302, "totdasqkm": 15.06380011 }, "geometry": { "type": "LineString", "coordinates": [ [ -66.0814, 18.1941 ], [ -66.0809, 18.1948 ], [ -66.0765, 18.1937 ] ] } },
{ "type": "Feature", "properties": { "gnis_name": "Río Yauco", "streamorde": 4, "lengthkm": 1.64398869, "totdasqkm": 99.7255001 }, "geometry": { "type": "LineString", "coordinates": [ [ -66.8433, 18.0054 ], [ -66.8429, 18.0047 ], [ -66.8433, 18.0035 ], [ -66.8418, 18.0025 ], [ -66.8412, 18.0013 ], [ -66.8391, 18.0002 ], [ -66.837, 18.0001 ], [ -66.837, 17.9987 ], [ -66.8357, 17.9989 ], [ -66.835, 17.9969 ] ] } },
{ "type": "Feature", "properties": { "gnis_name": "Río Gurabo", "streamorde": 4, "lengthkm": 0.64345971, "totdasqkm": 41.42630003 }, "geometry": { "type": "LineString", "coordinates": [ [ -65.8739, 18.2312 ], [ -65.8756, 18.2306 ], [ -65.8753, 18.2283 ], [ -65.8766, 18.2281 ] ] } },
{ "type": "Feature", "properties": { "gnis_name": "Río Blanco", "streamorde": 4, "lengthkm": 0.05876294, "totdasqkm": 77.38030035 }, "geometry": { "type": "LineString", "coordinates": [ [ -66.8382, 18.2284 ], [ -66.8387, 18.2281 ] ] } },
{ "type": "Feature", "properties": { "gnis_name": null, "streamorde": 3, "lengthkm": 1.151, "totdasqkm": 5.53619999 }, "geometry": { "type": "LineString", "coordinates": [ [ -65.8005, 18.3903 ], [ -65.8027, 18.3929 ], [ -65.8083, 18.3936 ], [ -65.8096, 18.3928 ] ] } },
{ "type": "Feature", "properties": { "gnis_name": "Río Grande De Loiza", "streamorde": 6, "lengthkm": 0.03206904, "totdasqkm": 619.20419949000006 }, "geometry": { "type": "LineString", "coordinates": [ [ -65.9453, 18.3824 ], [ -65.9451, 18.3822 ] ] } },
{ "type": "Feature", "properties": { "gnis_name": null, "streamorde": 3, "lengthkm": 0.2592502, "totdasqkm": 3.58640018 }, "geometry": { "type": "LineString", "coordinates": [ [ -66.0331, 18.1763 ], [ -66.0353, 18.1759 ] ] } },
{ "type": "Feature", "properties": { "gnis_name": "Río Mayaguecillo", "streamorde": 4, "lengthkm": 0.0425208, "totdasqkm": 18.1124 }, "geometry": { "type": "LineString", "coordinates": [ [ -66.9696, 18.2629 ], [ -66.9694, 18.2632 ] ] } },
{ "type": "Feature", "properties": { "gnis_name": "Río Bauta", "streamorde": 3, "lengthkm": 2.0171179, "totdasqkm": 72.64709964000001 }, "geometry": { "type": "LineString", "coordinates": [ [ -66.4607, 18.2795 ], [ -66.4618, 18.282 ], [ -66.4628, 18.2826 ], [ -66.4645, 18.2826 ], [ -66.465, 18.2842 ], [ -66.4627, 18.2842 ], [ -66.4614, 18.2883 ], [ -66.4586, 18.2906 ], [ -66.4582, 18.2914 ] ] } },
{ "type": "Feature", "properties": { "gnis_name": "Río Toro Negro", "streamorde": 3, "lengthkm": 0.0075478, "totdasqkm": 4.11059997 }, "geometry": { "type": "LineString", "coordinates": [ [ -66.5276, 18.1597 ], [ -66.5275, 18.1598 ] ] } },
{ "type": "Feature", "properties": { "gnis_name": "Río Espíritu Santo", "streamorde": 4, "lengthkm": 0.24865928, "totdasqkm": 44.09180008 }, "geometry": { "type": "LineString", "coordinates": [ [ -65.8238, 18.3768 ], [ -65.8242, 18.379 ] ] } },
{ "type": "Feature", "properties": { "gnis_name": "Río Blanco", "streamorde": 4, "lengthkm": 0.10883951, "totdasqkm": 95.75010043 }, "geometry": { "type": "LineString", "coordinates": [ [ -66.8871, 18.2522 ], [ -66.8877, 18.253 ] ] } },
{ "type": "Feature", "properties": { "gnis_name": "Río Emajagua", "streamorde": 3, "lengthkm": 0.51511466, "totdasqkm": 7.04460029 }, "geometry": { "type": "LineString", "coordinates": [ [ -66.0197, 18.1213 ], [ -66.0192, 18.1224 ], [ -66.0169, 18.1223 ], [ -66.0163, 18.1233 ] ] } },
{ "type": "Feature", "properties": { "gnis_name": "Río Caguitas", "streamorde": 3, "lengthkm": 1.27089188, "totdasqkm": 19.6740001 }, "geometry": { "type": "LineString", "coordinates": [ [ -66.0628, 18.2367 ], [ -66.0616, 18.237 ], [ -66.0606, 18.2363 ], [ -66.0599, 18.2368 ], [ -66.0572, 18.2367 ], [ -66.0564, 18.2355 ], [ -66.0572, 18.2346 ], [ -66.0562, 18.2341 ], [ -66.0555, 18.2327 ] ] } },
{ "type": "Feature", "properties": { "gnis_name": null, "streamorde": 3, "lengthkm": 1.916, "totdasqkm": 12.80689981 }, "geometry": { "type": "LineString", "coordinates": [ [ -66.764, 18.0335 ], [ -66.7639, 18.0324 ], [ -66.7645, 18.032 ], [ -66.765, 18.0298 ], [ -66.7636, 18.0288 ], [ -66.7636, 18.0259 ], [ -66.7622, 18.0229 ], [ -66.7625, 18.022 ], [ -66.7615, 18.0209 ], [ -66.7619, 18.0198 ], [ -66.7615, 18.0184 ] ] } },
{ "type": "Feature", "properties": { "gnis_name": "Río Loco", "streamorde": 3, "lengthkm": 2.61298929, "totdasqkm": 23.98410005 }, "geometry": { "type": "LineString", "coordinates": [ [ -66.8875, 18.0357 ], [ -66.8871, 18.0335 ], [ -66.8873, 18.0297 ], [ -66.8848, 18.0247 ], [ -66.886, 18.0198 ], [ -66.8841, 18.0195 ], [ -66.8825, 18.0205 ], [ -66.8817, 18.0198 ], [ -66.8821, 18.0181 ] ] } },
{ "type": "Feature", "properties": { "gnis_name": "Río Grande de Patillas", "streamorde": 4, "lengthkm": 0.72580497, "totdasqkm": 66.64959988 }, "geometry": { "type": "LineString", "coordinates": [ [ -66.0204, 18.0217 ], [ -66.0183, 18.0208 ], [ -66.0173, 18.0195 ], [ -66.0176, 18.0185 ], [ -66.019, 18.0177 ] ] } },
{ "type": "Feature", "properties": { "gnis_name": "Río Guadiana", "streamorde": 3, "lengthkm": 0.04161712, "totdasqkm": 10.80809976 }, "geometry": { "type": "LineString", "coordinates": [ [ -66.2496, 18.3018 ], [ -66.2492, 18.3018 ] ] } },
{ "type": "Feature", "properties": { "gnis_name": "Río Culebrinas", "streamorde": 4, "lengthkm": 0.81025351, "totdasqkm": 84.51579984 }, "geometry": { "type": "LineString", "coordinates": [ [ -67.0183, 18.3471 ], [ -67.0199, 18.3455 ], [ -67.0199, 18.3443 ], [ -67.0189, 18.3428 ], [ -67.0203, 18.3416 ] ] } },
{ "type": "Feature", "properties": { "gnis_name": "Río Grande de Patillas", "streamorde": 3, "lengthkm": 0.8882325, "totdasqkm": 50.52999996 }, "geometry": { "type": "LineString", "coordinates": [ [ -66.0315, 18.0271 ], [ -66.0288, 18.0247 ], [ -66.0277, 18.0246 ], [ -66.0262, 18.0257 ], [ -66.0246, 18.0258 ] ] } },
{ "type": "Feature", "properties": { "gnis_name": null, "streamorde": 3, "lengthkm": 1.1581941, "totdasqkm": 8.05819998 }, "geometry": { "type": "LineString", "coordinates": [ [ -66.0979, 18.0679 ], [ -66.0999, 18.0684 ], [ -66.1005, 18.0696 ], [ -66.1012, 18.07 ], [ -66.1022, 18.074 ], [ -66.1038, 18.0751 ] ] } },
{ "type": "Feature", "properties": { "gnis_name": "Río Blanco", "streamorde": 3, "lengthkm": 1.154, "totdasqkm": 46.31769988 }, "geometry": { "type": "LineString", "coordinates": [ [ -65.7843, 18.2199 ], [ -65.7827, 18.2175 ], [ -65.7772, 18.2123 ] ] } },
{ "type": "Feature", "properties": { "gnis_name": "Río Viví", "streamorde": 4, "lengthkm": 0.15648582, "totdasqkm": 31.84650001 }, "geometry": { "type": "LineString", "coordinates": [ [ -66.6907, 18.2602 ], [ -66.6919, 18.261 ] ] } },
{ "type": "Feature", "properties": { "gnis_name": "Río de la Plata", "streamorde": 4, "lengthkm": 0.32219179, "totdasqkm": 108.36509992 }, "geometry": { "type": "LineString", "coordinates": [ [ -66.1634, 18.1381 ], [ -66.1661, 18.137 ] ] } },
{ "type": "Feature", "properties": { "gnis_name": "Río Grande De Loiza", "streamorde": 6, "lengthkm": 0.02744836, "totdasqkm": 513.76079971000001 }, "geometry": { "type": "LineString", "coordinates": [ [ -66.0292, 18.2892 ], [ -66.0294, 18.2894 ] ] } },
{ "type": "Feature", "properties": { "gnis_name": null, "streamorde": 4, "lengthkm": 0.62550264, "totdasqkm": 72.1900001 }, "geometry": { "type": "LineString", "coordinates": [ [ -66.0149, 17.9887 ], [ -66.0127, 17.9867 ], [ -66.0139, 17.9844 ] ] } },
{ "type": "Feature", "properties": { "gnis_name": "Río de la Plata", "streamorde": 5, "lengthkm": 0.05719926, "totdasqkm": 469.15870002000003 }, "geometry": { "type": "LineString", "coordinates": [ [ -66.2399, 18.3497 ], [ -66.2397, 18.3502 ] ] } },
{ "type": "Feature", "properties": { "gnis_name": "Río Coamo", "streamorde": 4, "lengthkm": 1.92351529, "totdasqkm": 24.11790013 }, "geometry": { "type": "LineString", "coordinates": [ [ -66.374, 18.1249 ], [ -66.3734, 18.1245 ], [ -66.372, 18.1247 ], [ -66.3707, 18.1236 ], [ -66.3708, 18.1225 ], [ -66.3703, 18.121 ], [ -66.3706, 18.1197 ], [ -66.3671, 18.1188 ], [ -66.365, 18.1171 ], [ -66.3648, 18.1159 ], [ -66.3659, 18.1145 ] ] } },
{ "type": "Feature", "properties": { "gnis_name": "Río Cibuco", "streamorde": 4, "lengthkm": 0.07583969, "totdasqkm": 105.41739996 }, "geometry": { "type": "LineString", "coordinates": [ [ -66.3419, 18.4153 ], [ -66.3418, 18.4158 ] ] } },
{ "type": "Feature", "properties": { "gnis_name": "Canal de Patillas", "streamorde": 3, "lengthkm": 3.01116297, "totdasqkm": 11.12049992 }, "geometry": { "type": "LineString", "coordinates": [ [ -66.2161, 17.9832 ], [ -66.2202, 17.9833 ], [ -66.2209, 17.9844 ], [ -66.2211, 17.9864 ], [ -66.2226, 17.9881 ], [ -66.2264, 17.9884 ], [ -66.23, 17.988 ], [ -66.231, 17.9883 ], [ -66.2346, 17.9853 ], [ -66.2377, 17.9845 ], [ -66.2392, 17.9836 ] ] } },
{ "type": "Feature", "properties": { "gnis_name": "Río Grande De Loiza", "streamorde": 4, "lengthkm": 0.1026284, "totdasqkm": 35.08300009 }, "geometry": { "type": "LineString", "coordinates": [ [ -65.9813, 18.1242 ], [ -65.9817, 18.1249 ] ] } },
{ "type": "Feature", "properties": { "gnis_name": "Río de Bayamón", "streamorde": 4, "lengthkm": 0.47658467, "totdasqkm": 55.5291998 }, "geometry": { "type": "LineString", "coordinates": [ [ -66.1333, 18.2601 ], [ -66.1337, 18.261 ], [ -66.1354, 18.2608 ], [ -66.1364, 18.2621 ] ] } },
{ "type": "Feature", "properties": { "gnis_name": null, "streamorde": 4, "lengthkm": 0.14560371, "totdasqkm": 44.31240002 }, "geometry": { "type": "LineString", "coordinates": [ [ -65.7512, 18.3848 ], [ -65.75, 18.3851 ] ] } },
{ "type": "Feature", "properties": { "gnis_name": "Río Botijas", "streamorde": 3, "lengthkm": 1.13474983, "totdasqkm": 32.98580005 }, "geometry": { "type": "LineString", "coordinates": [ [ -66.3752, 18.2337 ], [ -66.3771, 18.235 ], [ -66.3755, 18.2368 ], [ -66.3754, 18.2376 ], [ -66.3775, 18.2372 ], [ -66.3793, 18.239 ] ] } },
{ "type": "Feature", "properties": { "gnis_name": "Río de la Plata", "streamorde": 4, "lengthkm": 0.06091781, "totdasqkm": 108.37589991 }, "geometry": { "type": "LineString", "coordinates": [ [ -66.1661, 18.137 ], [ -66.1661, 18.1365 ] ] } },
{ "type": "Feature", "properties": { "gnis_name": "Río Guayanés", "streamorde": 5, "lengthkm": 0.61500196, "totdasqkm": 71.73849989 }, "geometry": { "type": "LineString", "coordinates": [ [ -65.832, 18.0668 ], [ -65.8313, 18.0659 ], [ -65.8291, 18.0648 ], [ -65.8286, 18.0639 ], [ -65.8286, 18.0629 ] ] } },
{ "type": "Feature", "properties": { "gnis_name": null, "streamorde": 4, "lengthkm": 0.014, "totdasqkm": 118.62920016 }, "geometry": { "type": "LineString", "coordinates": [ [ -66.5031, 18.0761 ], [ -66.503, 18.076 ] ] } },
{ "type": "Feature", "properties": { "gnis_name": "Río Hondo", "streamorde": 3, "lengthkm": 0.21081942, "totdasqkm": 6.88480013 }, "geometry": { "type": "LineString", "coordinates": [ [ -67.1336, 18.1672 ], [ -67.1344, 18.1672 ], [ -67.1353, 18.1666 ] ] } },
{ "type": "Feature", "properties": { "gnis_name": "Río Guayanilla", "streamorde": 4, "lengthkm": 1.111, "totdasqkm": 63.94540021 }, "geometry": { "type": "LineString", "coordinates": [ [ -66.7833, 18.0112 ], [ -66.7821, 18.01 ], [ -66.7794, 18.0092 ], [ -66.7782, 18.007 ], [ -66.7777, 18.0045 ] ] } },
{ "type": "Feature", "properties": { "gnis_name": "Río Culebra", "streamorde": 4, "lengthkm": 0.65353859, "totdasqkm": 13.31460016 }, "geometry": { "type": "LineString", "coordinates": [ [ -67.1986, 18.3788 ], [ -67.1995, 18.3798 ], [ -67.2004, 18.3798 ], [ -67.2009, 18.3808 ], [ -67.2028, 18.3823 ] ] } },
{ "type": "Feature", "properties": { "gnis_name": null, "streamorde": 3, "lengthkm": 1.693, "totdasqkm": 44.98960024 }, "geometry": { "type": "LineString", "coordinates": [ [ -65.8255, 18.1446 ], [ -65.8154, 18.1427 ], [ -65.8169, 18.145 ], [ -65.8176, 18.1476 ] ] } },
{ "type": "Feature", "properties": { "gnis_name": "Río de la Plata", "streamorde": 5, "lengthkm": 0.12028649, "totdasqkm": 535.73250014999996 }, "geometry": { "type": "LineString", "coordinates": [ [ -66.2579, 18.401 ], [ -66.2571, 18.4017 ] ] } },
{ "type": "Feature", "properties": { "gnis_name": "Río Guayanilla", "streamorde": 4, "lengthkm": 0.556, "totdasqkm": 20.02250009 }, "geometry": { "type": "LineString", "coordinates": [ [ -66.7968, 18.0798 ], [ -66.7957, 18.0775 ], [ -66.7937, 18.076 ] ] } },
{ "type": "Feature", "properties": { "gnis_name": null, "streamorde": 3, "lengthkm": 0.73700695, "totdasqkm": 11.53619997 }, "geometry": { "type": "LineString", "coordinates": [ [ -66.112, 18.3671 ], [ -66.1139, 18.3664 ], [ -66.1154, 18.3673 ], [ -66.1156, 18.3663 ], [ -66.1166, 18.3676 ] ] } },
{ "type": "Feature", "properties": { "gnis_name": null, "streamorde": 3, "lengthkm": 0.03175069, "totdasqkm": 6.72240016 }, "geometry": { "type": "LineString", "coordinates": [ [ -66.8556, 18.0328 ], [ -66.8553, 18.0329 ] ] } },
{ "type": "Feature", "properties": { "gnis_name": "Río Grande de Manati", "streamorde": 5, "lengthkm": 0.62025666, "totdasqkm": 143.36399986000001 }, "geometry": { "type": "LineString", "coordinates": [ [ -66.4125, 18.2945 ], [ -66.4128, 18.2937 ], [ -66.4142, 18.293 ], [ -66.4149, 18.29 ] ] } },
{ "type": "Feature", "properties": { "gnis_name": null, "streamorde": 3, "lengthkm": 0.169, "totdasqkm": 23.48820014 }, "geometry": { "type": "LineString", "coordinates": [ [ -65.7025, 18.2733 ], [ -65.7013, 18.2743 ] ] } },
{ "type": "Feature", "properties": { "gnis_name": "Río Cañas", "streamorde": 3, "lengthkm": 1.61846954, "totdasqkm": 9.79299992 }, "geometry": { "type": "LineString", "coordinates": [ [ -67.0663, 18.2243 ], [ -67.0669, 18.2262 ], [ -67.0679, 18.226 ], [ -67.0673, 18.2273 ], [ -67.068, 18.2282 ], [ -67.069, 18.2266 ], [ -67.0708, 18.2272 ], [ -67.0701, 18.2293 ], [ -67.0686, 18.2299 ], [ -67.0689, 18.2305 ] ] } },
{ "type": "Feature", "properties": { "gnis_name": "Río Culebrinas", "streamorde": 5, "lengthkm": 0.65912251, "totdasqkm": 248.4547001 }, "geometry": { "type": "LineString", "coordinates": [ [ -67.1443, 18.3928 ], [ -67.1451, 18.393 ], [ -67.1458, 18.3917 ], [ -67.1466, 18.3916 ], [ -67.148, 18.3939 ] ] } },
{ "type": "Feature", "properties": { "gnis_name": "Río Culebrinas", "streamorde": 4, "lengthkm": 0.71940416, "totdasqkm": 164.02369983 }, "geometry": { "type": "LineString", "coordinates": [ [ -67.0736, 18.3612 ], [ -67.0752, 18.3584 ], [ -67.0784, 18.3587 ] ] } },
{ "type": "Feature", "properties": { "gnis_name": "Río Prieto", "streamorde": 3, "lengthkm": 1.419, "totdasqkm": 5.2004999 }, "geometry": { "type": "LineString", "coordinates": [ [ -67.0133, 18.1743 ], [ -67.0147, 18.1739 ], [ -67.0151, 18.1745 ], [ -67.0144, 18.1754 ], [ -67.0163, 18.1755 ], [ -67.0172, 18.1765 ], [ -67.0182, 18.1761 ], [ -67.0189, 18.1771 ], [ -67.0208, 18.1769 ], [ -67.021, 18.1758 ], [ -67.0215, 18.1754 ] ] } },
{ "type": "Feature", "properties": { "gnis_name": "Río Culebrinas", "streamorde": 4, "lengthkm": 0.01899677, "totdasqkm": 86.69879994 }, "geometry": { "type": "LineString", "coordinates": [ [ -67.0203, 18.3416 ], [ -67.0205, 18.3417 ] ] } },
{ "type": "Feature", "properties": { "gnis_name": "Río de la Plata", "streamorde": 5, "lengthkm": 0.12667674, "totdasqkm": 401.47219998000003 }, "geometry": { "type": "LineString", "coordinates": [ [ -66.2058, 18.3103 ], [ -66.2057, 18.3115 ] ] } },
{ "type": "Feature", "properties": { "gnis_name": null, "streamorde": 3, "lengthkm": 1.503565, "totdasqkm": 2.92069992 }, "geometry": { "type": "LineString", "coordinates": [ [ -67.1414, 18.1547 ], [ -67.1432, 18.1557 ], [ -67.1445, 18.1542 ], [ -67.1454, 18.155 ], [ -67.1467, 18.1548 ], [ -67.1474, 18.1552 ], [ -67.1514, 18.154 ], [ -67.1525, 18.1557 ] ] } },
{ "type": "Feature", "properties": { "gnis_name": null, "streamorde": 4, "lengthkm": 2.92431018, "totdasqkm": 29.17950003 }, "geometry": { "type": "LineString", "coordinates": [ [ -66.5646, 18.08 ], [ -66.5648, 18.0777 ], [ -66.5636, 18.0775 ], [ -66.5629, 18.0765 ], [ -66.5601, 18.0749 ], [ -66.5593, 18.075 ], [ -66.5591, 18.073 ], [ -66.5577, 18.0708 ], [ -66.5555, 18.0703 ], [ -66.5485, 18.0708 ], [ -66.5475, 18.0695 ], [ -66.5456, 18.0694 ] ] } },
{ "type": "Feature", "properties": { "gnis_name": "Río Cerrillos", "streamorde": 3, "lengthkm": 0.035, "totdasqkm": 13.46250014 }, "geometry": { "type": "LineString", "coordinates": [ [ -66.6041, 18.1245 ], [ -66.6039, 18.1243 ] ] } },
{ "type": "Feature", "properties": { "gnis_name": "Río Grande De Loiza", "streamorde": 6, "lengthkm": 0.08655991, "totdasqkm": 543.76129989000003 }, "geometry": { "type": "LineString", "coordinates": [ [ -65.9962, 18.3576 ], [ -65.9953, 18.3576 ] ] } },
{ "type": "Feature", "properties": { "gnis_name": null, "streamorde": 3, "lengthkm": 0.15635026, "totdasqkm": 3.59919991 }, "geometry": { "type": "LineString", "coordinates": [ [ -66.7442, 18.1403 ], [ -66.7429, 18.14 ] ] } },
{ "type": "Feature", "properties": { "gnis_name": "Río Hondo", "streamorde": 3, "lengthkm": 1.91314543, "totdasqkm": 3.56310006 }, "geometry": { "type": "LineString", "coordinates": [ [ -67.1424, 18.3075 ], [ -67.1415, 18.3061 ], [ -67.1421, 18.3049 ], [ -67.1418, 18.3037 ], [ -67.1431, 18.3026 ], [ -67.1435, 18.3011 ], [ -67.145, 18.301 ], [ -67.1451, 18.3002 ], [ -67.146, 18.3001 ], [ -67.1456, 18.2996 ], [ -67.1459, 18.2991 ], [ -67.1447, 18.2978 ], [ -67.1449, 18.2974 ], [ -67.1474, 18.2961 ] ] } },
{ "type": "Feature", "properties": { "gnis_name": "Río Nigua", "streamorde": 4, "lengthkm": 0.44478335, "totdasqkm": 107.28999968000001 }, "geometry": { "type": "LineString", "coordinates": [ [ -66.26, 18.0195 ], [ -66.2595, 18.0156 ] ] } },
{ "type": "Feature", "properties": { "gnis_name": "Río Yagüez", "streamorde": 4, "lengthkm": 0.60888613, "totdasqkm": 34.64270003 }, "geometry": { "type": "LineString", "coordinates": [ [ -67.139, 18.2061 ], [ -67.1413, 18.2058 ], [ -67.1446, 18.2063 ] ] } },
{ "type": "Feature", "properties": { "gnis_name": null, "streamorde": 3, "lengthkm": 3.02644854, "totdasqkm": 9.67920007 }, "geometry": { "type": "LineString", "coordinates": [ [ -66.2996, 18.1356 ], [ -66.2999, 18.1363 ], [ -66.2994, 18.1373 ], [ -66.3013, 18.1376 ], [ -66.3006, 18.1383 ], [ -66.3033, 18.14 ], [ -66.3033, 18.143 ], [ -66.3043, 18.1429 ], [ -66.3042, 18.1442 ], [ -66.3059, 18.145 ], [ -66.3061, 18.1463 ], [ -66.3076, 18.1472 ], [ -66.3074, 18.1477 ], [ -66.3065, 18.1476 ], [ -66.3052, 18.1489 ], [ -66.3073, 18.1503 ], [ -66.3079, 18.1493 ], [ -66.3088, 18.1496 ] ] } },
{ "type": "Feature", "properties": { "gnis_name": "Caño San Isidro", "streamorde": 3, "lengthkm": 1.5045052, "totdasqkm": 5.46239989 }, "geometry": { "type": "LineString", "coordinates": [ [ -65.8961, 18.4002 ], [ -65.8951, 18.4005 ], [ -65.8949, 18.4017 ], [ -65.8966, 18.4038 ], [ -65.8963, 18.4108 ], [ -65.8958, 18.4124 ] ] } },
{ "type": "Feature", "properties": { "gnis_name": null, "streamorde": 3, "lengthkm": 1.2155507, "totdasqkm": 27.02550016 }, "geometry": { "type": "LineString", "coordinates": [ [ -65.8352, 18.415 ], [ -65.8349, 18.4168 ], [ -65.8338, 18.4174 ], [ -65.834, 18.4181 ], [ -65.833, 18.4205 ], [ -65.8291, 18.4228 ] ] } },
{ "type": "Feature", "properties": { "gnis_name": "Río Blanco", "streamorde": 4, "lengthkm": 0.01174756, "totdasqkm": 101.49220044 }, "geometry": { "type": "LineString", "coordinates": [ [ -66.9074, 18.2532 ], [ -66.9074, 18.2531 ] ] } },
{ "type": "Feature", "properties": { "gnis_name": "Río Yagüez", "streamorde": 3, "lengthkm": 0.2603002, "totdasqkm": 12.98710007 }, "geometry": { "type": "LineString", "coordinates": [ [ -67.0878, 18.2015 ], [ -67.0899, 18.2005 ] ] } },
{ "type": "Feature", "properties": { "gnis_name": null, "streamorde": 3, "lengthkm": 0.264, "totdasqkm": 5.96229999 }, "geometry": { "type": "LineString", "coordinates": [ [ -66.0632, 18.3027 ], [ -66.0623, 18.3025 ], [ -66.0625, 18.3031 ], [ -66.0618, 18.3027 ] ] } },
{ "type": "Feature", "properties": { "gnis_name": "Río Grande de Manati", "streamorde": 3, "lengthkm": 1.2123175, "totdasqkm": 17.5467999 }, "geometry": { "type": "LineString", "coordinates": [ [ -66.306, 18.2549 ], [ -66.3047, 18.2572 ], [ -66.303, 18.2572 ], [ -66.3026, 18.2581 ], [ -66.3028, 18.2592 ], [ -66.3006, 18.2593 ], [ -66.3, 18.2588 ], [ -66.2987, 18.2595 ] ] } },
{ "type": "Feature", "properties": { "gnis_name": "Río de la Plata", "streamorde": 5, "lengthkm": 0.94306876, "totdasqkm": 421.88630003999998 }, "geometry": { "type": "LineString", "coordinates": [ [ -66.2255, 18.3296 ], [ -66.2277, 18.3281 ], [ -66.2305, 18.3249 ], [ -66.2321, 18.324 ] ] } },
{ "type": "Feature", "properties": { "gnis_name": null, "streamorde": 5, "lengthkm": 0.01354008, "totdasqkm": 344.08199994 }, "geometry": { "type": "LineString", "coordinates": [ [ -66.4634, 18.3096 ], [ -66.4633, 18.3097 ] ] } },
{ "type": "Feature", "properties": { "gnis_name": "Río Canóvanas", "streamorde": 3, "lengthkm": 0.43149418, "totdasqkm": 7.14650008 }, "geometry": { "type": "LineString", "coordinates": [ [ -65.8685, 18.294 ], [ -65.87, 18.2942 ], [ -65.8713, 18.2934 ], [ -65.8721, 18.2939 ] ] } },
{ "type": "Feature", "properties": { "gnis_name": "Río Tallaboa", "streamorde": 3, "lengthkm": 0.178, "totdasqkm": 7.8991999 }, "geometry": { "type": "LineString", "coordinates": [ [ -66.7051, 18.1019 ], [ -66.7036, 18.1015 ] ] } },
{ "type": "Feature", "properties": { "gnis_name": null, "streamorde": 3, "lengthkm": 0.15612651, "totdasqkm": 17.18330014 }, "geometry": { "type": "LineString", "coordinates": [ [ -67.0916, 18.0141 ], [ -67.0931, 18.0141 ] ] } },
{ "type": "Feature", "properties": { "gnis_name": null, "streamorde": 3, "lengthkm": 0.51270176, "totdasqkm": 3.62450015 }, "geometry": { "type": "LineString", "coordinates": [ [ -65.9852, 18.2692 ], [ -65.9834, 18.269 ], [ -65.983, 18.2682 ], [ -65.9823, 18.2685 ], [ -65.9823, 18.2675 ] ] } },
{ "type": "Feature", "properties": { "gnis_name": null, "streamorde": 3, "lengthkm": 0.32802537, "totdasqkm": 6.33239998 }, "geometry": { "type": "LineString", "coordinates": [ [ -67.0696, 18.2896 ], [ -67.0685, 18.2872 ] ] } },
{ "type": "Feature", "properties": { "gnis_name": "Río Prieto", "streamorde": 3, "lengthkm": 0.146, "totdasqkm": 5.40279991 }, "geometry": { "type": "LineString", "coordinates": [ [ -67.0215, 18.1754 ], [ -67.0225, 18.1761 ] ] } },
{ "type": "Feature", "properties": { "gnis_name": "Río Culebrinas", "streamorde": 4, "lengthkm": 0.12951345, "totdasqkm": 38.30379961 }, "geometry": { "type": "LineString", "coordinates": [ [ -66.989, 18.3285 ], [ -66.9896, 18.3295 ] ] } },
{ "type": "Feature", "properties": { "gnis_name": "Río de la Mina", "streamorde": 3, "lengthkm": 1.84253661, "totdasqkm": 8.43309988 }, "geometry": { "type": "LineString", "coordinates": [ [ -66.39, 18.0831 ], [ -66.3893, 18.0835 ], [ -66.3887, 18.0832 ], [ -66.3887, 18.0818 ], [ -66.3879, 18.0809 ], [ -66.3867, 18.0805 ], [ -66.3859, 18.0792 ], [ -66.3843, 18.0784 ], [ -66.3838, 18.0774 ], [ -66.3829, 18.077 ], [ -66.3836, 18.0763 ], [ -66.3836, 18.0752 ], [ -66.3826, 18.075 ], [ -66.3823, 18.074 ], [ -66.3812, 18.0731 ] ] } },
{ "type": "Feature", "properties": { "gnis_name": "Río Cialitos", "streamorde": 3, "lengthkm": 0.22688481, "totdasqkm": 14.17279983 }, "geometry": { "type": "LineString", "coordinates": [ [ -66.526, 18.2663 ], [ -66.5259, 18.2671 ], [ -66.5269, 18.2673 ] ] } },
{ "type": "Feature", "properties": { "gnis_name": null, "streamorde": 3, "lengthkm": 0.156, "totdasqkm": 16.65709997 }, "geometry": { "type": "LineString", "coordinates": [ [ -65.8518, 18.051 ], [ -65.851, 18.0521 ] ] } },
{ "type": "Feature", "properties": { "gnis_name": "Canal de Patillas", "streamorde": 4, "lengthkm": 0.18856281, "totdasqkm": 66.25769989 }, "geometry": { "type": "LineString", "coordinates": [ [ -66.023, 18.0184 ], [ -66.0243, 18.0173 ] ] } },
{ "type": "Feature", "properties": { "gnis_name": "Río Culebrinas", "streamorde": 4, "lengthkm": 0.02627501, "totdasqkm": 155.81389980999998 }, "geometry": { "type": "LineString", "coordinates": [ [ -67.0615, 18.3538 ], [ -67.0617, 18.3537 ] ] } },
{ "type": "Feature", "properties": { "gnis_name": null, "streamorde": 3, "lengthkm": 0.84421403, "totdasqkm": 13.77639979 }, "geometry": { "type": "LineString", "coordinates": [ [ -65.9725, 18.3201 ], [ -65.9731, 18.321 ], [ -65.9744, 18.3206 ], [ -65.9749, 18.3209 ], [ -65.9742, 18.3226 ], [ -65.9753, 18.3229 ], [ -65.976, 18.3241 ] ] } },
{ "type": "Feature", "properties": { "gnis_name": "Río Culebrinas", "streamorde": 4, "lengthkm": 0.07204831, "totdasqkm": 142.11879994 }, "geometry": { "type": "LineString", "coordinates": [ [ -67.051, 18.3521 ], [ -67.0505, 18.3525 ] ] } },
{ "type": "Feature", "properties": { "gnis_name": "Río Pastillo", "streamorde": 3, "lengthkm": 0.803, "totdasqkm": 27.41839978 }, "geometry": { "type": "LineString", "coordinates": [ [ -66.6448, 18.0076 ], [ -66.6402, 18.0019 ] ] } },
{ "type": "Feature", "properties": { "gnis_name": "Río Caonillas", "streamorde": 4, "lengthkm": 0.06785676, "totdasqkm": 133.4403001 }, "geometry": { "type": "LineString", "coordinates": [ [ -66.642, 18.3008 ], [ -66.6419, 18.3014 ] ] } },
{ "type": "Feature", "properties": { "gnis_name": "Río Cerrillos", "streamorde": 4, "lengthkm": 0.04447255, "totdasqkm": 35.23610008 }, "geometry": { "type": "LineString", "coordinates": [ [ -66.5918, 18.1072 ], [ -66.5914, 18.1069 ] ] } },
{ "type": "Feature", "properties": { "gnis_name": "Río de la Plata", "streamorde": 5, "lengthkm": 0.47527708, "totdasqkm": 551.1059005000001 }, "geometry": { "type": "LineString", "coordinates": [ [ -66.2581, 18.4312 ], [ -66.2574, 18.4318 ], [ -66.2581, 18.435 ] ] } },
{ "type": "Feature", "properties": { "gnis_name": "Río Indio", "streamorde": 4, "lengthkm": 0.77968864, "totdasqkm": 63.3032997 }, "geometry": { "type": "LineString", "coordinates": [ [ -66.3952, 18.3808 ], [ -66.394, 18.3833 ], [ -66.3941, 18.3853 ], [ -66.3955, 18.3868 ] ] } },
{ "type": "Feature", "properties": { "gnis_name": "Río Tanamá", "streamorde": 4, "lengthkm": 0.3789193, "totdasqkm": 29.74699987 }, "geometry": { "type": "LineString", "coordinates": [ [ -66.7795, 18.2606 ], [ -66.779, 18.2632 ], [ -66.7783, 18.2635 ] ] } },
{ "type": "Feature", "properties": { "gnis_name": "Río Toro Negro", "streamorde": 4, "lengthkm": 0.01435435, "totdasqkm": 84.236900150000011 }, "geometry": { "type": "LineString", "coordinates": [ [ -66.4775, 18.2908 ], [ -66.4774, 18.2909 ] ] } },
{ "type": "Feature", "properties": { "gnis_name": "Río Guayanilla", "streamorde": 4, "lengthkm": 0.626, "totdasqkm": 63.47820019 }, "geometry": { "type": "LineString", "coordinates": [ [ -66.7835, 18.015 ], [ -66.7831, 18.0143 ], [ -66.7841, 18.0142 ], [ -66.7846, 18.0134 ], [ -66.7839, 18.0127 ], [ -66.7838, 18.0114 ], [ -66.7833, 18.0112 ] ] } },
{ "type": "Feature", "properties": { "gnis_name": "Río Blanco", "streamorde": 4, "lengthkm": 0.43109247, "totdasqkm": 95.27480047 }, "geometry": { "type": "LineString", "coordinates": [ [ -66.8817, 18.2495 ], [ -66.8852, 18.2477 ] ] } },
{ "type": "Feature", "properties": { "gnis_name": "Río de Bayamón", "streamorde": 4, "lengthkm": 2.52564795, "totdasqkm": 125.22210013 }, "geometry": { "type": "LineString", "coordinates": [ [ -66.1417, 18.3576 ], [ -66.1418, 18.3602 ], [ -66.1409, 18.3629 ], [ -66.14, 18.3632 ], [ -66.1387, 18.3623 ], [ -66.1381, 18.3633 ], [ -66.1376, 18.3655 ], [ -66.1381, 18.3701 ], [ -66.1377, 18.373 ], [ -66.1369, 18.3738 ], [ -66.135, 18.374 ], [ -66.1347, 18.3745 ] ] } },
{ "type": "Feature", "properties": { "gnis_name": "Río Guaynabo", "streamorde": 4, "lengthkm": 0.02816547, "totdasqkm": 45.34089987 }, "geometry": { "type": "LineString", "coordinates": [ [ -66.1203, 18.3684 ], [ -66.1204, 18.3686 ] ] } },
{ "type": "Feature", "properties": { "gnis_name": "Río Grande de Jayuya", "streamorde": 3, "lengthkm": 0.30539307, "totdasqkm": 44.22510007 }, "geometry": { "type": "LineString", "coordinates": [ [ -66.5916, 18.2179 ], [ -66.5944, 18.2173 ] ] } },
{ "type": "Feature", "properties": { "gnis_name": null, "streamorde": 3, "lengthkm": 2.00853984, "totdasqkm": 25.86999997 }, "geometry": { "type": "LineString", "coordinates": [ [ -66.2392, 17.9836 ], [ -66.2387, 17.9822 ], [ -66.2374, 17.9812 ], [ -66.2358, 17.9812 ], [ -66.2356, 17.9806 ], [ -66.2335, 17.98 ], [ -66.2318, 17.9788 ], [ -66.2264, 17.9782 ], [ -66.2244, 17.9775 ], [ -66.2239, 17.9768 ] ] } },
{ "type": "Feature", "properties": { "gnis_name": "Caño La Puente", "streamorde": 4, "lengthkm": 0.10912326, "totdasqkm": 26.40569997 }, "geometry": { "type": "LineString", "coordinates": [ [ -67.1836, 18.2763 ], [ -67.1844, 18.2757 ] ] } },
{ "type": "Feature", "properties": { "gnis_name": null, "streamorde": 4, "lengthkm": 0.09072253, "totdasqkm": 94.51869969000001 }, "geometry": { "type": "LineString", "coordinates": [ [ -66.7216, 18.2451 ], [ -66.7219, 18.2458 ] ] } },
{ "type": "Feature", "properties": { "gnis_name": "Caño de Martín Peña", "streamorde": 3, "lengthkm": 0.52798031, "totdasqkm": 45.44640026 }, "geometry": { "type": "LineString", "coordinates": [ [ -66.0656, 18.4347 ], [ -66.0702, 18.4363 ] ] } },
{ "type": "Feature", "properties": { "gnis_name": null, "streamorde": 3, "lengthkm": 0.273, "totdasqkm": 5.48989992 }, "geometry": { "type": "LineString", "coordinates": [ [ -65.6948, 18.2046 ], [ -65.6926, 18.2059 ] ] } },
{ "type": "Feature", "properties": { "gnis_name": "Río Caín", "streamorde": 3, "lengthkm": 1.39696748, "totdasqkm": 13.20369988 }, "geometry": { "type": "LineString", "coordinates": [ [ -67.0325, 18.1129 ], [ -67.0325, 18.1123 ], [ -67.0309, 18.1108 ], [ -67.03, 18.1087 ], [ -67.0304, 18.1084 ], [ -67.0323, 18.1087 ], [ -67.0331, 18.1067 ], [ -67.0342, 18.1059 ], [ -67.033, 18.105 ] ] } },
{ "type": "Feature", "properties": { "gnis_name": "Río Grande de Manati", "streamorde": 5, "lengthkm": 0.11396611, "totdasqkm": 424.66760021 }, "geometry": { "type": "LineString", "coordinates": [ [ -66.5, 18.4218 ], [ -66.4994, 18.4224 ] ] } },
{ "type": "Feature", "properties": { "gnis_name": null, "streamorde": 5, "lengthkm": 2.18754332, "totdasqkm": 537.7997002000001 }, "geometry": { "type": "LineString", "coordinates": [ [ -66.255, 18.4161 ], [ -66.2532, 18.419 ], [ -66.2534, 18.421 ], [ -66.2547, 18.4222 ], [ -66.2556, 18.424 ], [ -66.2563, 18.4243 ], [ -66.2574, 18.4239 ], [ -66.2579, 18.423 ], [ -66.258, 18.4204 ], [ -66.2592, 18.4195 ], [ -66.2614, 18.422 ] ] } },
{ "type": "Feature", "properties": { "gnis_name": "Río Toro Negro", "streamorde": 3, "lengthkm": 0.28076461, "totdasqkm": 26.1573997 }, "geometry": { "type": "LineString", "coordinates": [ [ -66.5123, 18.2051 ], [ -66.5124, 18.2068 ], [ -66.5131, 18.2071 ] ] } },
{ "type": "Feature", "properties": { "gnis_name": null, "streamorde": 3, "lengthkm": 0.01083326, "totdasqkm": 9.05219987 }, "geometry": { "type": "LineString", "coordinates": [ [ -65.8172, 18.387 ], [ -65.8173, 18.387 ] ] } },
{ "type": "Feature", "properties": { "gnis_name": "Río Grande", "streamorde": 3, "lengthkm": 0.3163921, "totdasqkm": 19.4703 }, "geometry": { "type": "LineString", "coordinates": [ [ -66.9412, 18.0867 ], [ -66.9406, 18.0854 ], [ -66.9411, 18.0841 ] ] } },
{ "type": "Feature", "properties": { "gnis_name": "Río Yunes", "streamorde": 3, "lengthkm": 0.40896034, "totdasqkm": 23.84169989 }, "geometry": { "type": "LineString", "coordinates": [ [ -66.5659, 18.2963 ], [ -66.5666, 18.297 ], [ -66.5666, 18.2997 ] ] } },
{ "type": "Feature", "properties": { "gnis_name": "Río Limón", "streamorde": 3, "lengthkm": 0.82678567, "totdasqkm": 14.36079997 }, "geometry": { "type": "LineString", "coordinates": [ [ -66.5981, 18.2792 ], [ -66.5971, 18.2811 ], [ -66.596, 18.2815 ], [ -66.5958, 18.2821 ], [ -66.5961, 18.2827 ], [ -66.5979, 18.2817 ], [ -66.5986, 18.282 ] ] } },
{ "type": "Feature", "properties": { "gnis_name": null, "streamorde": 3, "lengthkm": 0.47978417, "totdasqkm": 4.50230007 }, "geometry": { "type": "LineString", "coordinates": [ [ -66.5071, 18.4733 ], [ -66.5075, 18.4743 ], [ -66.5094, 18.4753 ], [ -66.5094, 18.4764 ] ] } },
{ "type": "Feature", "properties": { "gnis_name": null, "streamorde": 4, "lengthkm": 0.253, "totdasqkm": 19.63779985 }, "geometry": { "type": "LineString", "coordinates": [ [ -66.5691, 18.1014 ], [ -66.5677, 18.0997 ] ] } },
{ "type": "Feature", "properties": { "gnis_name": null, "streamorde": 4, "lengthkm": 1.45506571, "totdasqkm": 26.70880017 }, "geometry": { "type": "LineString", "coordinates": [ [ -65.9587, 18.3634 ], [ -65.9583, 18.3655 ], [ -65.9569, 18.3683 ], [ -65.9575, 18.371 ], [ -65.9556, 18.3711 ], [ -65.9567, 18.3737 ] ] } },
{ "type": "Feature", "properties": { "gnis_name": "Río Yunes", "streamorde": 3, "lengthkm": 2.27330413, "totdasqkm": 29.53690001 }, "geometry": { "type": "LineString", "coordinates": [ [ -66.5758, 18.3111 ], [ -66.5771, 18.3121 ], [ -66.5781, 18.314 ], [ -66.5796, 18.3143 ], [ -66.58, 18.3137 ], [ -66.5815, 18.3144 ], [ -66.5832, 18.3165 ], [ -66.5816, 18.3179 ], [ -66.5819, 18.3188 ], [ -66.5812, 18.3201 ], [ -66.5818, 18.3204 ], [ -66.5825, 18.3194 ], [ -66.5834, 18.3197 ], [ -66.5846, 18.3219 ] ] } },
{ "type": "Feature", "properties": { "gnis_name": null, "streamorde": 3, "lengthkm": 0.402, "totdasqkm": 5.55229993 }, "geometry": { "type": "LineString", "coordinates": [ [ -65.886, 18.1778 ], [ -65.8876, 18.1781 ], [ -65.888, 18.1795 ], [ -65.8886, 18.1796 ] ] } },
{ "type": "Feature", "properties": { "gnis_name": "Río Caonillas", "streamorde": 4, "lengthkm": 0.05208635, "totdasqkm": 133.42350008999998 }, "geometry": { "type": "LineString", "coordinates": [ [ -66.6421, 18.3004 ], [ -66.642, 18.3008 ] ] } },
{ "type": "Feature", "properties": { "gnis_name": "Río Grande de Manati", "streamorde": 5, "lengthkm": 0.0749979, "totdasqkm": 144.84939989 }, "geometry": { "type": "LineString", "coordinates": [ [ -66.4226, 18.2882 ], [ -66.4233, 18.2881 ] ] } },
{ "type": "Feature", "properties": { "gnis_name": null, "streamorde": 3, "lengthkm": 0.00587999, "totdasqkm": 50.77830029 }, "geometry": { "type": "LineString", "coordinates": [ [ -65.6615, 18.3049 ], [ -65.6615, 18.305 ] ] } },
{ "type": "Feature", "properties": { "gnis_name": "Río Culebrinas", "streamorde": 4, "lengthkm": 0.10090677, "totdasqkm": 142.11209994000001 }, "geometry": { "type": "LineString", "coordinates": [ [ -67.0506, 18.3515 ], [ -67.051, 18.3521 ] ] } },
{ "type": "Feature", "properties": { "gnis_name": "Río Cibuco", "streamorde": 5, "lengthkm": 0.52558776, "totdasqkm": 223.91499998999998 }, "geometry": { "type": "LineString", "coordinates": [ [ -66.3588, 18.4746 ], [ -66.3602, 18.4761 ], [ -66.3627, 18.4774 ] ] } },
{ "type": "Feature", "properties": { "gnis_name": "Río Coamo", "streamorde": 5, "lengthkm": 0.15501315, "totdasqkm": 168.57820004000001 }, "geometry": { "type": "LineString", "coordinates": [ [ -66.3902, 18.0142 ], [ -66.3907, 18.013 ] ] } },
{ "type": "Feature", "properties": { "gnis_name": null, "streamorde": 3, "lengthkm": 0.09, "totdasqkm": 5.1915999 }, "geometry": { "type": "LineString", "coordinates": [ [ -65.7996, 18.3919 ], [ -65.8, 18.3911 ] ] } },
{ "type": "Feature", "properties": { "gnis_name": "Río de la Plata", "streamorde": 5, "lengthkm": 0.09817488, "totdasqkm": 372.20180017999996 }, "geometry": { "type": "LineString", "coordinates": [ [ -66.2056, 18.2667 ], [ -66.2056, 18.2675 ] ] } },
{ "type": "Feature", "properties": { "gnis_name": "Río Culebrinas", "streamorde": 5, "lengthkm": 0.56750707, "totdasqkm": 260.52470009000001 }, "geometry": { "type": "LineString", "coordinates": [ [ -67.1714, 18.4005 ], [ -67.1707, 18.4027 ], [ -67.1711, 18.4035 ], [ -67.1727, 18.4044 ] ] } },
{ "type": "Feature", "properties": { "gnis_name": "Río Turabo", "streamorde": 4, "lengthkm": 0.62842288, "totdasqkm": 44.2766001 }, "geometry": { "type": "LineString", "coordinates": [ [ -66.0511, 18.1896 ], [ -66.052, 18.1936 ], [ -66.0513, 18.1949 ] ] } },
{ "type": "Feature", "properties": { "gnis_name": "Río Limaní", "streamorde": 3, "lengthkm": 0.72121875, "totdasqkm": 17.76420006 }, "geometry": { "type": "LineString", "coordinates": [ [ -66.8003, 18.1914 ], [ -66.8004, 18.1938 ], [ -66.7993, 18.1933 ], [ -66.7976, 18.1946 ], [ -66.7977, 18.1952 ] ] } },
{ "type": "Feature", "properties": { "gnis_name": "Río Guanajibo", "streamorde": 4, "lengthkm": 1.55109291, "totdasqkm": 125.24769946000001 }, "geometry": { "type": "LineString", "coordinates": [ [ -67.0623, 18.1042 ], [ -67.0642, 18.105 ], [ -67.0648, 18.1058 ], [ -67.0659, 18.1048 ], [ -67.0672, 18.1049 ], [ -67.0702, 18.1064 ], [ -67.0712, 18.1078 ], [ -67.0741, 18.1092 ] ] } },
{ "type": "Feature", "properties": { "gnis_name": null, "streamorde": 3, "lengthkm": 0.11645914, "totdasqkm": 7.97549996 }, "geometry": { "type": "LineString", "coordinates": [ [ -66.1443, 18.1852 ], [ -66.1433, 18.1854 ] ] } },
{ "type": "Feature", "properties": { "gnis_name": "Río Guaonica", "streamorde": 3, "lengthkm": 0.393, "totdasqkm": 6.78740006 }, "geometry": { "type": "LineString", "coordinates": [ [ -66.7427, 18.2408 ], [ -66.7421, 18.2427 ], [ -66.7422, 18.2441 ] ] } },
{ "type": "Feature", "properties": { "gnis_name": "Río Pellejas", "streamorde": 3, "lengthkm": 0.04177233, "totdasqkm": 25.82809978 }, "geometry": { "type": "LineString", "coordinates": [ [ -66.7123, 18.226 ], [ -66.7125, 18.2263 ] ] } },
{ "type": "Feature", "properties": { "gnis_name": "Río San Patricio", "streamorde": 3, "lengthkm": 0.597, "totdasqkm": 12.96590015 }, "geometry": { "type": "LineString", "coordinates": [ [ -66.6178, 18.1264 ], [ -66.6169, 18.1232 ], [ -66.6149, 18.1236 ] ] } },
{ "type": "Feature", "properties": { "gnis_name": "Canal Aguadilla", "streamorde": 3, "lengthkm": 0.6259741, "totdasqkm": 20.77640033 }, "geometry": { "type": "LineString", "coordinates": [ [ -67.1294, 18.4764 ], [ -67.1299, 18.476 ], [ -67.1308, 18.4764 ], [ -67.1318, 18.4759 ], [ -67.1326, 18.4761 ], [ -67.1342, 18.4755 ] ] } },
{ "type": "Feature", "properties": { "gnis_name": null, "streamorde": 3, "lengthkm": 1.087, "totdasqkm": 26.432 }, "geometry": { "type": "LineString", "coordinates": [ [ -65.8395, 18.16 ], [ -65.8391, 18.1585 ], [ -65.8377, 18.1576 ], [ -65.8368, 18.1511 ] ] } },
{ "type": "Feature", "properties": { "gnis_name": "Río Blanco", "streamorde": 4, "lengthkm": 0.18756235, "totdasqkm": 88.37110045 }, "geometry": { "type": "LineString", "coordinates": [ [ -66.8698, 18.2452 ], [ -66.8708, 18.2465 ] ] } },
{ "type": "Feature", "properties": { "gnis_name": "Río Blanco", "streamorde": 4, "lengthkm": 0.05986758, "totdasqkm": 95.472400439999987 }, "geometry": { "type": "LineString", "coordinates": [ [ -66.8878, 18.2474 ], [ -66.8877, 18.2479 ] ] } },
{ "type": "Feature", "properties": { "gnis_name": "Río de Bayamón", "streamorde": 4, "lengthkm": 2.55792398, "totdasqkm": 110.56629997 }, "geometry": { "type": "LineString", "coordinates": [ [ -66.1376, 18.333 ], [ -66.1338, 18.3346 ], [ -66.1336, 18.3352 ], [ -66.134, 18.336 ], [ -66.1356, 18.3359 ], [ -66.1361, 18.3369 ], [ -66.1355, 18.3394 ], [ -66.135, 18.3398 ], [ -66.1347, 18.3418 ], [ -66.1371, 18.3416 ], [ -66.138, 18.3426 ], [ -66.1375, 18.3445 ], [ -66.1362, 18.3453 ], [ -66.1358, 18.3471 ] ] } },
{ "type": "Feature", "properties": { "gnis_name": null, "streamorde": 3, "lengthkm": 0.3459029, "totdasqkm": 24.8932995 }, "geometry": { "type": "LineString", "coordinates": [ [ -66.863, 18.1835 ], [ -66.8627, 18.1842 ], [ -66.8638, 18.1848 ], [ -66.8638, 18.1858 ] ] } },
{ "type": "Feature", "properties": { "gnis_name": "Río de la Plata", "streamorde": 4, "lengthkm": 1.69923091, "totdasqkm": 47.22740013 }, "geometry": { "type": "LineString", "coordinates": [ [ -66.1154, 18.1083 ], [ -66.1174, 18.1083 ], [ -66.1174, 18.1068 ], [ -66.1184, 18.1066 ], [ -66.1208, 18.1104 ], [ -66.12, 18.1124 ], [ -66.1202, 18.1134 ], [ -66.1211, 18.114 ], [ -66.123, 18.1136 ] ] } },
{ "type": "Feature", "properties": { "gnis_name": "Río Yagüez", "streamorde": 4, "lengthkm": 0.48605235, "totdasqkm": 30.51580005 }, "geometry": { "type": "LineString", "coordinates": [ [ -67.1232, 18.2067 ], [ -67.1255, 18.2064 ], [ -67.1257, 18.2072 ], [ -67.1267, 18.2072 ] ] } },
{ "type": "Feature", "properties": { "gnis_name": "Río Gurabo", "streamorde": 5, "lengthkm": 0.16923387, "totdasqkm": 176.3238 }, "geometry": { "type": "LineString", "coordinates": [ [ -65.9958, 18.2659 ], [ -65.997, 18.2669 ] ] } },
{ "type": "Feature", "properties": { "gnis_name": "Río de Bayamón", "streamorde": 4, "lengthkm": 0.39218318, "totdasqkm": 95.96570003 }, "geometry": { "type": "LineString", "coordinates": [ [ -66.1414, 18.3252 ], [ -66.1404, 18.3268 ], [ -66.1415, 18.3279 ] ] } },
{ "type": "Feature", "properties": { "gnis_name": null, "streamorde": 5, "lengthkm": 0.36479829, "totdasqkm": 456.32380028 }, "geometry": { "type": "LineString", "coordinates": [ [ -67.144, 18.2684 ], [ -67.1428, 18.2685 ], [ -67.1439, 18.269 ], [ -67.1442, 18.2685 ] ] } },
{ "type": "Feature", "properties": { "gnis_name": "Río Usabón", "streamorde": 5, "lengthkm": 0.21113177, "totdasqkm": 64.14129997 }, "geometry": { "type": "LineString", "coordinates": [ [ -66.277, 18.174 ], [ -66.2757, 18.1726 ] ] } },
{ "type": "Feature", "properties": { "gnis_name": "Río Cayaguas", "streamorde": 3, "lengthkm": 0.14647917, "totdasqkm": 17.51040007 }, "geometry": { "type": "LineString", "coordinates": [ [ -65.9625, 18.1346 ], [ -65.9618, 18.1357 ] ] } },
{ "type": "Feature", "properties": { "gnis_name": "Río Guayo", "streamorde": 3, "lengthkm": 1.02047442, "totdasqkm": 17.63229999 }, "geometry": { "type": "LineString", "coordinates": [ [ -66.837, 18.1919 ], [ -66.8368, 18.1933 ], [ -66.8347, 18.1939 ], [ -66.8333, 18.1951 ], [ -66.8331, 18.1959 ], [ -66.8341, 18.1986 ] ] } },
{ "type": "Feature", "properties": { "gnis_name": "Río Seco", "streamorde": 3, "lengthkm": 0.85781353, "totdasqkm": 30.19670008 }, "geometry": { "type": "LineString", "coordinates": [ [ -66.1907, 17.9571 ], [ -66.1916, 17.957 ], [ -66.1926, 17.9559 ], [ -66.1882, 17.9527 ] ] } },
{ "type": "Feature", "properties": { "gnis_name": null, "streamorde": 5, "lengthkm": 0.00780965, "totdasqkm": 214.5649 }, "geometry": { "type": "LineString", "coordinates": [ [ -66.3642, 18.4607 ], [ -66.3642, 18.4606 ] ] } },
{ "type": "Feature", "properties": { "gnis_name": "Río Grande de Arecibo", "streamorde": 6, "lengthkm": 0.91548177, "totdasqkm": 633.12400007000008 }, "geometry": { "type": "LineString", "coordinates": [ [ -66.7023, 18.4537 ], [ -66.7031, 18.4553 ], [ -66.7049, 18.4571 ], [ -66.7055, 18.4587 ], [ -66.7063, 18.4591 ], [ -66.7076, 18.4589 ] ] } },
{ "type": "Feature", "properties": { "gnis_name": "Río Cayaguas", "streamorde": 4, "lengthkm": 1.42149036, "totdasqkm": 35.01949993 }, "geometry": { "type": "LineString", "coordinates": [ [ -65.9655, 18.1608 ], [ -65.967, 18.1624 ], [ -65.9694, 18.1626 ], [ -65.969, 18.166 ], [ -65.9662, 18.1664 ], [ -65.9666, 18.1681 ] ] } },
{ "type": "Feature", "properties": { "gnis_name": "Río Culebrinas", "streamorde": 4, "lengthkm": 0.89409268, "totdasqkm": 79.40510007 }, "geometry": { "type": "LineString", "coordinates": [ [ -67.0087, 18.3393 ], [ -67.0093, 18.3394 ], [ -67.0099, 18.3404 ], [ -67.0086, 18.342 ], [ -67.0073, 18.3429 ], [ -67.0074, 18.3447 ], [ -67.0079, 18.3452 ] ] } },
{ "type": "Feature", "properties": { "gnis_name": null, "streamorde": 5, "lengthkm": 2.23615765, "totdasqkm": 226.0301999 }, "geometry": { "type": "LineString", "coordinates": [ [ -67.1337, 18.388 ], [ -67.1364, 18.3879 ], [ -67.135, 18.3896 ], [ -67.1348, 18.3913 ], [ -67.1366, 18.3901 ], [ -67.137, 18.3887 ], [ -67.1383, 18.3895 ], [ -67.137, 18.3907 ], [ -67.1381, 18.3909 ], [ -67.1388, 18.3903 ], [ -67.1383, 18.3895 ], [ -67.1386, 18.3889 ], [ -67.138, 18.3884 ], [ -67.139, 18.3881 ], [ -67.1394, 18.3871 ] ] } },
{ "type": "Feature", "properties": { "gnis_name": null, "streamorde": 3, "lengthkm": 0.14385456, "totdasqkm": 5.10229991 }, "geometry": { "type": "LineString", "coordinates": [ [ -67.152, 18.2149 ], [ -67.1534, 18.2149 ] ] } },
{ "type": "Feature", "properties": { "gnis_name": null, "streamorde": 3, "lengthkm": 1.014, "totdasqkm": 10.89119983 }, "geometry": { "type": "LineString", "coordinates": [ [ -66.768, 18.0461 ], [ -66.767, 18.0448 ], [ -66.767, 18.0435 ], [ -66.7663, 18.0422 ], [ -66.7666, 18.0403 ], [ -66.7643, 18.0386 ] ] } },
{ "type": "Feature", "properties": { "gnis_name": null, "streamorde": 3, "lengthkm": 1.349, "totdasqkm": 7.41770011 }, "geometry": { "type": "LineString", "coordinates": [ [ -67.0974, 18.3417 ], [ -67.0976, 18.3427 ], [ -67.097, 18.3437 ], [ -67.0958, 18.3435 ], [ -67.0947, 18.3446 ], [ -67.093, 18.3436 ], [ -67.0917, 18.3443 ], [ -67.0917, 18.3452 ], [ -67.0911, 18.3451 ], [ -67.0896, 18.3459 ] ] } },
{ "type": "Feature", "properties": { "gnis_name": null, "streamorde": 3, "lengthkm": 0.80046504, "totdasqkm": 1.97150008 }, "geometry": { "type": "LineString", "coordinates": [ [ -67.1327, 18.2187 ], [ -67.1339, 18.2188 ], [ -67.1342, 18.2184 ], [ -67.136, 18.2188 ], [ -67.138, 18.2183 ], [ -67.1391, 18.2171 ] ] } },
{ "type": "Feature", "properties": { "gnis_name": "Río Guanajibo", "streamorde": 5, "lengthkm": 0.02026855, "totdasqkm": 305.7776996 }, "geometry": { "type": "LineString", "coordinates": [ [ -67.1425, 18.1377 ], [ -67.1426, 18.1378 ] ] } },
{ "type": "Feature", "properties": { "gnis_name": "Caño Carrasco", "streamorde": 3, "lengthkm": 0.61419189, "totdasqkm": 45.95320004000001 }, "geometry": { "type": "LineString", "coordinates": [ [ -65.9049, 18.3972 ], [ -65.9093, 18.4009 ] ] } },
{ "type": "Feature", "properties": { "gnis_name": null, "streamorde": 3, "lengthkm": 0.49035691, "totdasqkm": 11.72589974 }, "geometry": { "type": "LineString", "coordinates": [ [ -67.0831, 18.4912 ], [ -67.0825, 18.4925 ], [ -67.0825, 18.4955 ] ] } },
{ "type": "Feature", "properties": { "gnis_name": "Río Sonador", "streamorde": 3, "lengthkm": 1.17980844, "totdasqkm": 10.28489993 }, "geometry": { "type": "LineString", "coordinates": [ [ -66.9883, 18.3044 ], [ -66.9912, 18.3045 ], [ -66.9918, 18.3059 ], [ -66.9919, 18.3052 ], [ -66.994, 18.3045 ], [ -66.9945, 18.3035 ], [ -66.9958, 18.3044 ] ] } },
{ "type": "Feature", "properties": { "gnis_name": null, "streamorde": 3, "lengthkm": 0.05515215, "totdasqkm": 2.20999991 }, "geometry": { "type": "LineString", "coordinates": [ [ -67.1866, 18.3611 ], [ -67.1866, 18.3615 ] ] } },
{ "type": "Feature", "properties": { "gnis_name": null, "streamorde": 3, "lengthkm": 0.233, "totdasqkm": 23.60160018 }, "geometry": { "type": "LineString", "coordinates": [ [ -66.6333, 18.0756 ], [ -66.6348, 18.0741 ] ] } },
{ "type": "Feature", "properties": { "gnis_name": null, "streamorde": 3, "lengthkm": 0.94218345, "totdasqkm": 1.53100004 }, "geometry": { "type": "LineString", "coordinates": [ [ -66.4983, 18.1584 ], [ -66.4981, 18.1567 ], [ -66.4993, 18.1539 ], [ -66.4991, 18.1528 ], [ -66.5005, 18.1507 ] ] } },
{ "type": "Feature", "properties": { "gnis_name": "Río Turabo", "streamorde": 4, "lengthkm": 0.17332118, "totdasqkm": 65.99850007000001 }, "geometry": { "type": "LineString", "coordinates": [ [ -66.0383, 18.2113 ], [ -66.0369, 18.2105 ] ] } },
{ "type": "Feature", "properties": { "gnis_name": null, "streamorde": 3, "lengthkm": 0.01204736, "totdasqkm": 2.91399992 }, "geometry": { "type": "LineString", "coordinates": [ [ -65.9259, 18.2139 ], [ -65.9258, 18.2138 ] ] } },
{ "type": "Feature", "properties": { "gnis_name": "Río Culebrinas", "streamorde": 5, "lengthkm": 1.16666724, "totdasqkm": 249.35650006 }, "geometry": { "type": "LineString", "coordinates": [ [ -67.148, 18.3939 ], [ -67.1491, 18.3923 ], [ -67.1506, 18.3923 ], [ -67.1513, 18.394 ], [ -67.153, 18.3944 ], [ -67.1548, 18.396 ], [ -67.1547, 18.3971 ] ] } },
{ "type": "Feature", "properties": { "gnis_name": "Río Grande", "streamorde": 3, "lengthkm": 0.52880101, "totdasqkm": 29.65029998 }, "geometry": { "type": "LineString", "coordinates": [ [ -65.8275, 18.3804 ], [ -65.8274, 18.3811 ], [ -65.8261, 18.3798 ], [ -65.8243, 18.3789 ] ] } },
{ "type": "Feature", "properties": { "gnis_name": "Río Culebrinas", "streamorde": 5, "lengthkm": 0.11432529, "totdasqkm": 187.25439989 }, "geometry": { "type": "LineString", "coordinates": [ [ -67.0917, 18.3611 ], [ -67.092, 18.3601 ] ] } },
{ "type": "Feature", "properties": { "gnis_name": null, "streamorde": 3, "lengthkm": 0.31763278, "totdasqkm": 8.24949992 }, "geometry": { "type": "LineString", "coordinates": [ [ -66.1061, 18.3667 ], [ -66.109, 18.3666 ] ] } },
{ "type": "Feature", "properties": { "gnis_name": "Río Blanco", "streamorde": 4, "lengthkm": 0.75423688, "totdasqkm": 97.64040038 }, "geometry": { "type": "LineString", "coordinates": [ [ -66.8891, 18.2544 ], [ -66.893, 18.2566 ], [ -66.8942, 18.2586 ] ] } },
{ "type": "Feature", "properties": { "gnis_name": "Río Maunabo", "streamorde": 3, "lengthkm": 2.519, "totdasqkm": 13.84290004 }, "geometry": { "type": "LineString", "coordinates": [ [ -65.9529, 18.0328 ], [ -65.9505, 18.0311 ], [ -65.9494, 18.0311 ], [ -65.948, 18.0298 ], [ -65.9469, 18.0297 ], [ -65.9479, 18.0286 ], [ -65.9477, 18.0276 ], [ -65.945, 18.0274 ], [ -65.9446, 18.0256 ], [ -65.9439, 18.0268 ], [ -65.9426, 18.0274 ], [ -65.942, 18.0283 ], [ -65.9408, 18.0262 ], [ -65.9394, 18.025 ] ] } },
{ "type": "Feature", "properties": { "gnis_name": null, "streamorde": 3, "lengthkm": 0.10197507, "totdasqkm": 11.52550011 }, "geometry": { "type": "LineString", "coordinates": [ [ -66.9198, 18.0342 ], [ -66.9206, 18.0339 ] ] } },
{ "type": "Feature", "properties": { "gnis_name": null, "streamorde": 3, "lengthkm": 1.6688295, "totdasqkm": 6.93699994 }, "geometry": { "type": "LineString", "coordinates": [ [ -66.2191, 18.2743 ], [ -66.218, 18.2748 ], [ -66.2172, 18.2742 ], [ -66.2146, 18.2753 ], [ -66.2137, 18.2749 ], [ -66.2132, 18.2756 ], [ -66.2109, 18.275 ], [ -66.2099, 18.2772 ], [ -66.2064, 18.2768 ] ] } },
{ "type": "Feature", "properties": { "gnis_name": "Río Viví", "streamorde": 3, "lengthkm": 0.50976716, "totdasqkm": 16.79050007 }, "geometry": { "type": "LineString", "coordinates": [ [ -66.6805, 18.2268 ], [ -66.681, 18.2271 ], [ -66.6792, 18.2279 ], [ -66.6784, 18.229 ], [ -66.6789, 18.229 ] ] } },
{ "type": "Feature", "properties": { "gnis_name": "Río de la Plata", "streamorde": 5, "lengthkm": 0.19868179, "totdasqkm": 381.3671001 }, "geometry": { "type": "LineString", "coordinates": [ [ -66.2062, 18.2769 ], [ -66.2065, 18.2786 ] ] } },
{ "type": "Feature", "properties": { "gnis_name": "Río Grande de Manati", "streamorde": 5, "lengthkm": 1.70688921, "totdasqkm": 344.03529992 }, "geometry": { "type": "LineString", "coordinates": [ [ -66.4561, 18.3046 ], [ -66.4571, 18.3058 ], [ -66.4571, 18.3077 ], [ -66.4583, 18.3086 ], [ -66.4606, 18.3084 ], [ -66.4631, 18.3055 ], [ -66.4638, 18.3052 ], [ -66.4652, 18.3057 ], [ -66.4654, 18.3067 ], [ -66.4649, 18.3077 ] ] } },
{ "type": "Feature", "properties": { "gnis_name": null, "streamorde": 3, "lengthkm": 2.56620389, "totdasqkm": 5.84450004 }, "geometry": { "type": "LineString", "coordinates": [ [ -66.257, 18.3434 ], [ -66.2567, 18.3448 ], [ -66.2551, 18.3466 ], [ -66.2542, 18.3465 ], [ -66.2537, 18.3473 ], [ -66.2529, 18.3471 ], [ -66.2525, 18.3481 ], [ -66.2505, 18.3492 ], [ -66.2513, 18.3505 ], [ -66.2501, 18.3521 ], [ -66.2504, 18.3529 ], [ -66.2485, 18.3553 ], [ -66.2473, 18.3552 ], [ -66.2463, 18.3558 ], [ -66.2447, 18.3545 ], [ -66.2439, 18.355 ] ] } },
{ "type": "Feature", "properties": { "gnis_name": "Río Cerrillos", "streamorde": 4, "lengthkm": 0.05233775, "totdasqkm": 37.51559992 }, "geometry": { "type": "LineString", "coordinates": [ [ -66.5799, 18.1014 ], [ -66.5795, 18.101 ] ] } },
{ "type": "Feature", "properties": { "gnis_name": null, "streamorde": 4, "lengthkm": 0.44225358, "totdasqkm": 95.29320038 }, "geometry": { "type": "LineString", "coordinates": [ [ -66.9313, 17.9968 ], [ -66.9274, 17.9953 ] ] } },
{ "type": "Feature", "properties": { "gnis_name": null, "streamorde": 3, "lengthkm": 0.075, "totdasqkm": 35.24400031 }, "geometry": { "type": "LineString", "coordinates": [ [ -65.6978, 18.2919 ], [ -65.6978, 18.2925 ] ] } },
{ "type": "Feature", "properties": { "gnis_name": null, "streamorde": 3, "lengthkm": 0.32674183, "totdasqkm": 13.96210008 }, "geometry": { "type": "LineString", "coordinates": [ [ -66.0834, 18.1946 ], [ -66.0826, 18.1953 ], [ -66.0821, 18.1943 ], [ -66.0814, 18.1941 ] ] } },
{ "type": "Feature", "properties": { "gnis_name": null, "streamorde": 4, "lengthkm": 0.39832766, "totdasqkm": 40.31100002 }, "geometry": { "type": "LineString", "coordinates": [ [ -65.7535, 18.3804 ], [ -65.7521, 18.3837 ] ] } },
{ "type": "Feature", "properties": { "gnis_name": "Río Grande de Patillas", "streamorde": 3, "lengthkm": 0.47954332, "totdasqkm": 22.87569991 }, "geometry": { "type": "LineString", "coordinates": [ [ -66.0482, 18.0633 ], [ -66.0479, 18.0628 ], [ -66.0487, 18.0592 ] ] } },
{ "type": "Feature", "properties": { "gnis_name": null, "streamorde": 4, "lengthkm": 0.18680928, "totdasqkm": 47.32659974000001 }, "geometry": { "type": "LineString", "coordinates": [ [ -66.7814, 18.3019 ], [ -66.7823, 18.3016 ], [ -66.7829, 18.3021 ] ] } },
{ "type": "Feature", "properties": { "gnis_name": "Río Mavilla", "streamorde": 3, "lengthkm": 1.7964586, "totdasqkm": 7.70480008 }, "geometry": { "type": "LineString", "coordinates": [ [ -66.274, 18.2687 ], [ -66.2745, 18.2698 ], [ -66.2763, 18.2692 ], [ -66.2774, 18.2713 ], [ -66.2758, 18.2722 ], [ -66.2757, 18.2727 ], [ -66.2765, 18.2729 ], [ -66.2765, 18.2733 ], [ -66.2751, 18.2732 ], [ -66.2752, 18.2739 ], [ -66.2741, 18.2748 ], [ -66.2747, 18.2775 ] ] } },
{ "type": "Feature", "properties": { "gnis_name": "Río Majada", "streamorde": 3, "lengthkm": 0.8010501, "totdasqkm": 42.58950001 }, "geometry": { "type": "LineString", "coordinates": [ [ -66.2023, 18.0458 ], [ -66.2062, 18.0417 ], [ -66.207, 18.0417 ], [ -66.2072, 18.0423 ] ] } },
{ "type": "Feature", "properties": { "gnis_name": "Río de la Plata", "streamorde": 5, "lengthkm": 0.40943417, "totdasqkm": 367.95690023000003 }, "geometry": { "type": "LineString", "coordinates": [ [ -66.2063, 18.2513 ], [ -66.208, 18.2523 ], [ -66.2068, 18.2535 ] ] } },
{ "type": "Feature", "properties": { "gnis_name": "Río Grande de Arecibo", "streamorde": 6, "lengthkm": 0.23955684, "totdasqkm": 446.62039994999998 }, "geometry": { "type": "LineString", "coordinates": [ [ -66.6888, 18.4068 ], [ -66.6882, 18.4088 ] ] } },
{ "type": "Feature", "properties": { "gnis_name": "Río Grande de Manati", "streamorde": 4, "lengthkm": 2.63687135, "totdasqkm": 53.30329998 }, "geometry": { "type": "LineString", "coordinates": [ [ -66.3549, 18.273 ], [ -66.3561, 18.274 ], [ -66.3577, 18.2738 ], [ -66.359, 18.2746 ], [ -66.3586, 18.2767 ], [ -66.3568, 18.2771 ], [ -66.3564, 18.2776 ], [ -66.357, 18.28 ], [ -66.3589, 18.2812 ], [ -66.3591, 18.2819 ], [ -66.3611, 18.282 ], [ -66.3621, 18.2816 ], [ -66.3627, 18.2799 ], [ -66.3615, 18.2796 ], [ -66.3614, 18.2789 ], [ -66.362, 18.2784 ], [ -66.3633, 18.2785 ] ] } },
{ "type": "Feature", "properties": { "gnis_name": "Río Sana Muerto", "streamorde": 3, "lengthkm": 0.49794102, "totdasqkm": 10.26790001 }, "geometry": { "type": "LineString", "coordinates": [ [ -66.4194, 18.2693 ], [ -66.4209, 18.27 ], [ -66.4226, 18.27 ], [ -66.4235, 18.2707 ] ] } },
{ "type": "Feature", "properties": { "gnis_name": "Río Canovanillas", "streamorde": 3, "lengthkm": 0.27753755, "totdasqkm": 19.45470015 }, "geometry": { "type": "LineString", "coordinates": [ [ -65.9104, 18.3044 ], [ -65.9107, 18.3069 ] ] } },
{ "type": "Feature", "properties": { "gnis_name": "Río Grande de Manati", "streamorde": 5, "lengthkm": 0.23095915, "totdasqkm": 413.75550017 }, "geometry": { "type": "LineString", "coordinates": [ [ -66.4948, 18.3844 ], [ -66.4952, 18.3865 ] ] } },
{ "type": "Feature", "properties": { "gnis_name": null, "streamorde": 3, "lengthkm": 0.361, "totdasqkm": 1.60059997 }, "geometry": { "type": "LineString", "coordinates": [ [ -66.1294, 18.243 ], [ -66.1291, 18.2434 ], [ -66.1293, 18.2444 ], [ -66.1304, 18.2457 ] ] } },
{ "type": "Feature", "properties": { "gnis_name": "Río Bucarabones", "streamorde": 3, "lengthkm": 1.21623732, "totdasqkm": 20.51029993 }, "geometry": { "type": "LineString", "coordinates": [ [ -66.2312, 18.3836 ], [ -66.2321, 18.3838 ], [ -66.2315, 18.3846 ], [ -66.2323, 18.3847 ], [ -66.2324, 18.3851 ], [ -66.2327, 18.3847 ], [ -66.2333, 18.3852 ], [ -66.2346, 18.3851 ], [ -66.2343, 18.3857 ], [ -66.2348, 18.3857 ], [ -66.2347, 18.3865 ], [ -66.2363, 18.3855 ] ] } },
{ "type": "Feature", "properties": { "gnis_name": "Río Turabo", "streamorde": 4, "lengthkm": 2.98421851, "totdasqkm": 65.77980008 }, "geometry": { "type": "LineString", "coordinates": [ [ -66.0513, 18.1949 ], [ -66.0485, 18.2012 ], [ -66.0483, 18.2024 ], [ -66.0489, 18.2041 ], [ -66.0485, 18.2048 ], [ -66.0459, 18.2067 ], [ -66.045, 18.2083 ], [ -66.044, 18.2079 ], [ -66.0426, 18.2061 ], [ -66.0414, 18.2064 ], [ -66.0416, 18.2117 ], [ -66.041, 18.2127 ] ] } },
{ "type": "Feature", "properties": { "gnis_name": "Río Grande de Manati", "streamorde": 4, "lengthkm": 0.08532448, "totdasqkm": 51.86119997 }, "geometry": { "type": "LineString", "coordinates": [ [ -66.3544, 18.2725 ], [ -66.3549, 18.273 ] ] } },
{ "type": "Feature", "properties": { "gnis_name": "Río Duey", "streamorde": 3, "lengthkm": 1.341, "totdasqkm": 10.96530002 }, "geometry": { "type": "LineString", "coordinates": [ [ -66.8322, 18.1063 ], [ -66.8328, 18.1047 ], [ -66.8346, 18.1048 ], [ -66.8353, 18.1037 ], [ -66.8344, 18.1018 ], [ -66.8356, 18.1009 ], [ -66.8339, 18.0996 ], [ -66.8334, 18.0982 ] ] } },
{ "type": "Feature", "properties": { "gnis_name": "Río Guayanilla", "streamorde": 4, "lengthkm": 0.464, "totdasqkm": 21.15169999 }, "geometry": { "type": "LineString", "coordinates": [ [ -66.7937, 18.076 ], [ -66.7932, 18.0753 ], [ -66.7941, 18.0737 ], [ -66.7934, 18.0723 ] ] } },
{ "type": "Feature", "properties": { "gnis_name": "Río Grande De Loiza", "streamorde": 6, "lengthkm": 0.87638947, "totdasqkm": 515.9137996 }, "geometry": { "type": "LineString", "coordinates": [ [ -66.0277, 18.2965 ], [ -66.028, 18.2978 ], [ -66.0301, 18.299 ], [ -66.0306, 18.2999 ], [ -66.0294, 18.3028 ] ] } },
{ "type": "Feature", "properties": { "gnis_name": "Río Matón", "streamorde": 3, "lengthkm": 1.27650346, "totdasqkm": 14.19059996 }, "geometry": { "type": "LineString", "coordinates": [ [ -66.2043, 18.1197 ], [ -66.2044, 18.12 ], [ -66.2036, 18.1205 ], [ -66.2038, 18.122 ], [ -66.2065, 18.1222 ], [ -66.2066, 18.1244 ], [ -66.2099, 18.1262 ] ] } },
{ "type": "Feature", "properties": { "gnis_name": "Río Gurabo", "streamorde": 4, "lengthkm": 0.40476632, "totdasqkm": 35.75120001 }, "geometry": { "type": "LineString", "coordinates": [ [ -65.8655, 18.2261 ], [ -65.8663, 18.2271 ], [ -65.8658, 18.2293 ] ] } },
{ "type": "Feature", "properties": { "gnis_name": "Río Orocovis", "streamorde": 4, "lengthkm": 2.44756839, "totdasqkm": 64.59879989 }, "geometry": { "type": "LineString", "coordinates": [ [ -66.3802, 18.248 ], [ -66.3801, 18.2488 ], [ -66.3777, 18.2498 ], [ -66.3767, 18.2519 ], [ -66.3763, 18.2545 ], [ -66.3765, 18.2572 ], [ -66.3773, 18.2579 ], [ -66.3774, 18.2591 ], [ -66.3812, 18.2612 ], [ -66.384, 18.2643 ] ] } },
{ "type": "Feature", "properties": { "gnis_name": null, "streamorde": 3, "lengthkm": 0.343, "totdasqkm": 47.4747001 }, "geometry": { "type": "LineString", "coordinates": [ [ -65.8043, 18.1342 ], [ -65.8075, 18.1341 ] ] } },
{ "type": "Feature", "properties": { "gnis_name": "Río Coamo", "streamorde": 4, "lengthkm": 1.92195454, "totdasqkm": 13.85969994 }, "geometry": { "type": "LineString", "coordinates": [ [ -66.3619, 18.1429 ], [ -66.3627, 18.1428 ], [ -66.3641, 18.1412 ], [ -66.365, 18.1423 ], [ -66.366, 18.1421 ], [ -66.3669, 18.1431 ], [ -66.3687, 18.1428 ], [ -66.3692, 18.1415 ], [ -66.3715, 18.1421 ], [ -66.3718, 18.1407 ], [ -66.375, 18.1415 ] ] } },
{ "type": "Feature", "properties": { "gnis_name": null, "streamorde": 3, "lengthkm": 1.003, "totdasqkm": 9.93960011 }, "geometry": { "type": "LineString", "coordinates": [ [ -66.1497, 18.2596 ], [ -66.1486, 18.26 ], [ -66.1488, 18.2609 ], [ -66.147, 18.2609 ], [ -66.1464, 18.2621 ], [ -66.1473, 18.2629 ], [ -66.146, 18.2626 ], [ -66.1454, 18.2635 ] ] } },
{ "type": "Feature", "properties": { "gnis_name": "Río Gurabo", "streamorde": 4, "lengthkm": 0.15238938, "totdasqkm": 60.34300016 }, "geometry": { "type": "LineString", "coordinates": [ [ -65.8925, 18.2359 ], [ -65.8932, 18.2359 ], [ -65.8935, 18.2365 ] ] } },
{ "type": "Feature", "properties": { "gnis_name": "Río Blanco", "streamorde": 4, "lengthkm": 0.32711302, "totdasqkm": 99.367900420000012 }, "geometry": { "type": "LineString", "coordinates": [ [ -66.897, 18.2593 ], [ -66.8979, 18.259 ], [ -66.8981, 18.2583 ], [ -66.897, 18.2577 ] ] } },
{ "type": "Feature", "properties": { "gnis_name": "Río Guaba", "streamorde": 4, "lengthkm": 0.08039664, "totdasqkm": 83.15790013 }, "geometry": { "type": "LineString", "coordinates": [ [ -66.93, 18.2533 ], [ -66.9308, 18.2534 ] ] } },
{ "type": "Feature", "properties": { "gnis_name": "Río Culebrinas", "streamorde": 5, "lengthkm": 1.94840961, "totdasqkm": 220.45299988 }, "geometry": { "type": "LineString", "coordinates": [ [ -67.1186, 18.3777 ], [ -67.1202, 18.3763 ], [ -67.1209, 18.3776 ], [ -67.1194, 18.3778 ], [ -67.1196, 18.3783 ], [ -67.121, 18.3782 ], [ -67.1215, 18.3791 ], [ -67.1233, 18.3788 ], [ -67.1242, 18.3794 ], [ -67.1248, 18.3786 ], [ -67.1255, 18.3796 ], [ -67.1254, 18.3815 ], [ -67.1265, 18.3828 ] ] } },
{ "type": "Feature", "properties": { "gnis_name": null, "streamorde": 3, "lengthkm": 1.233, "totdasqkm": 22.9104998 }, "geometry": { "type": "LineString", "coordinates": [ [ -66.4873, 18.1316 ], [ -66.4883, 18.1307 ], [ -66.49, 18.1304 ], [ -66.4916, 18.1277 ], [ -66.4915, 18.1255 ], [ -66.4944, 18.125 ] ] } },
{ "type": "Feature", "properties": { "gnis_name": "Río Grande de Arecibo", "streamorde": 4, "lengthkm": 1.40042903, "totdasqkm": 95.70969978 }, "geometry": { "type": "LineString", "coordinates": [ [ -66.7219, 18.2458 ], [ -66.7228, 18.2471 ], [ -66.7214, 18.2496 ], [ -66.7213, 18.2505 ], [ -66.7236, 18.2531 ], [ -66.7243, 18.2567 ] ] } },
{ "type": "Feature", "properties": { "gnis_name": "Río de la Plata", "streamorde": 5, "lengthkm": 0.26802087, "totdasqkm": 537.1883001 }, "geometry": { "type": "LineString", "coordinates": [ [ -66.2561, 18.4138 ], [ -66.2569, 18.4159 ] ] } },
{ "type": "Feature", "properties": { "gnis_name": "Río Tanamá", "streamorde": 4, "lengthkm": 1.76215035, "totdasqkm": 37.62709981 }, "geometry": { "type": "LineString", "coordinates": [ [ -66.7705, 18.2774 ], [ -66.7719, 18.2767 ], [ -66.7733, 18.2771 ], [ -66.7735, 18.2793 ], [ -66.7752, 18.2794 ], [ -66.7771, 18.2812 ], [ -66.7782, 18.284 ], [ -66.7774, 18.2853 ], [ -66.776, 18.286 ] ] } },
{ "type": "Feature", "properties": { "gnis_name": "Río Culebrinas", "streamorde": 5, "lengthkm": 0.31016194, "totdasqkm": 260.5904001 }, "geometry": { "type": "LineString", "coordinates": [ [ -67.1727, 18.4044 ], [ -67.1755, 18.4053 ] ] } },
{ "type": "Feature", "properties": { "gnis_name": "Río de Bayamón", "streamorde": 4, "lengthkm": 1.25446542, "totdasqkm": 16.56029991 }, "geometry": { "type": "LineString", "coordinates": [ [ -66.1433, 18.1854 ], [ -66.1424, 18.187 ], [ -66.1412, 18.1874 ], [ -66.1397, 18.1902 ], [ -66.1382, 18.192 ], [ -66.1384, 18.1946 ] ] } },
{ "type": "Feature", "properties": { "gnis_name": "Río Grande de Arecibo", "streamorde": 6, "lengthkm": 0.65358991, "totdasqkm": 454.31929992000005 }, "geometry": { "type": "LineString", "coordinates": [ [ -66.6996, 18.4214 ], [ -66.701, 18.4224 ], [ -66.7026, 18.4263 ] ] } },
{ "type": "Feature", "properties": { "gnis_name": "Río Grande de Arecibo", "streamorde": 4, "lengthkm": 0.38381884, "totdasqkm": 91.44349979 }, "geometry": { "type": "LineString", "coordinates": [ [ -66.7209, 18.2337 ], [ -66.7224, 18.2328 ], [ -66.7236, 18.2338 ] ] } },
{ "type": "Feature", "properties": { "gnis_name": "Río Hondo", "streamorde": 3, "lengthkm": 1.0509675, "totdasqkm": 9.5648999 }, "geometry": { "type": "LineString", "coordinates": [ [ -67.1547, 18.2817 ], [ -67.1557, 18.2812 ], [ -67.1625, 18.2818 ], [ -67.1644, 18.2816 ] ] } },
{ "type": "Feature", "properties": { "gnis_name": null, "streamorde": 3, "lengthkm": 1.754, "totdasqkm": 15.72800011 }, "geometry": { "type": "LineString", "coordinates": [ [ -65.8688, 18.0504 ], [ -65.8674, 18.0488 ], [ -65.8652, 18.0478 ], [ -65.8626, 18.0478 ], [ -65.8621, 18.0492 ], [ -65.8601, 18.0497 ], [ -65.8593, 18.0493 ], [ -65.8554, 18.0493 ] ] } },
{ "type": "Feature", "properties": { "gnis_name": "Río Guaynabo", "streamorde": 4, "lengthkm": 2.03715645, "totdasqkm": 27.81029983 }, "geometry": { "type": "LineString", "coordinates": [ [ -66.1113, 18.3377 ], [ -66.1127, 18.3385 ], [ -66.1124, 18.3403 ], [ -66.1112, 18.3417 ], [ -66.1104, 18.342 ], [ -66.1128, 18.345 ], [ -66.112, 18.3467 ], [ -66.111, 18.3468 ], [ -66.1108, 18.3474 ], [ -66.1118, 18.3485 ], [ -66.1127, 18.3476 ], [ -66.1143, 18.3481 ] ] } },
{ "type": "Feature", "properties": { "gnis_name": null, "streamorde": 4, "lengthkm": 0.08517537, "totdasqkm": 51.83649996 }, "geometry": { "type": "LineString", "coordinates": [ [ -66.3544, 18.2725 ], [ -66.3549, 18.273 ] ] } },
{ "type": "Feature", "properties": { "gnis_name": "Río Tanamá", "streamorde": 4, "lengthkm": 0.61895691, "totdasqkm": 28.16299981 }, "geometry": { "type": "LineString", "coordinates": [ [ -66.7826, 18.2581 ], [ -66.7812, 18.2613 ], [ -66.7795, 18.2606 ] ] } },
{ "type": "Feature", "properties": { "gnis_name": null, "streamorde": 3, "lengthkm": 0.113, "totdasqkm": 2.29780008 }, "geometry": { "type": "LineString", "coordinates": [ [ -67.1692, 18.1645 ], [ -67.1692, 18.1655 ] ] } },
{ "type": "Feature", "properties": { "gnis_name": "Río de la Mina", "streamorde": 3, "lengthkm": 0.36085387, "totdasqkm": 9.32849991 }, "geometry": { "type": "LineString", "coordinates": [ [ -66.3812, 18.0731 ], [ -66.381, 18.0722 ], [ -66.3797, 18.0729 ], [ -66.3791, 18.0724 ] ] } },
{ "type": "Feature", "properties": { "gnis_name": "Río Bucarabones", "streamorde": 3, "lengthkm": 1.04200069, "totdasqkm": 17.26150017 }, "geometry": { "type": "LineString", "coordinates": [ [ -66.937, 18.2055 ], [ -66.9375, 18.2058 ], [ -66.9374, 18.2064 ], [ -66.9387, 18.2083 ], [ -66.9406, 18.2095 ], [ -66.9407, 18.2113 ], [ -66.9413, 18.2115 ], [ -66.9421, 18.2109 ] ] } },
{ "type": "Feature", "properties": { "gnis_name": "Río Grande De Loiza", "streamorde": 6, "lengthkm": 1.58011103, "totdasqkm": 530.25409982999997 }, "geometry": { "type": "LineString", "coordinates": [ [ -66.0155, 18.3319 ], [ -66.0141, 18.3339 ], [ -66.0089, 18.335 ], [ -66.0053, 18.3406 ] ] } },
{ "type": "Feature", "properties": { "gnis_name": "Río Cerrillos", "streamorde": 4, "lengthkm": 2.09482128, "totdasqkm": 45.12750013 }, "geometry": { "type": "LineString", "coordinates": [ [ -66.5787, 18.0874 ], [ -66.5783, 18.0852 ], [ -66.5773, 18.0835 ], [ -66.5776, 18.0817 ], [ -66.5769, 18.0815 ], [ -66.5752, 18.0825 ], [ -66.5747, 18.0821 ], [ -66.5753, 18.0811 ], [ -66.5749, 18.0797 ], [ -66.5756, 18.0783 ], [ -66.578, 18.0785 ], [ -66.5789, 18.0782 ], [ -66.579, 18.0772 ], [ -66.5783, 18.0765 ] ] } },
{ "type": "Feature", "properties": { "gnis_name": "Río Icacos", "streamorde": 3, "lengthkm": 0.983, "totdasqkm": 16.35980005 }, "geometry": { "type": "LineString", "coordinates": [ [ -65.7848, 18.2616 ], [ -65.7851, 18.2604 ], [ -65.784, 18.258 ], [ -65.7842, 18.2539 ], [ -65.7848, 18.2533 ] ] } },
{ "type": "Feature", "properties": { "gnis_name": "Río Arenas", "streamorde": 3, "lengthkm": 1.50110305, "totdasqkm": 13.16020016 }, "geometry": { "type": "LineString", "coordinates": [ [ -67.0048, 18.2596 ], [ -67.0055, 18.2611 ], [ -67.0063, 18.2612 ], [ -67.0062, 18.2618 ], [ -67.0047, 18.2616 ], [ -67.0007, 18.2631 ], [ -67.0007, 18.2637 ], [ -67.0019, 18.2642 ], [ -67.0019, 18.2649 ], [ -67.0003, 18.2659 ] ] } },
{ "type": "Feature", "properties": { "gnis_name": "Río Ingenio", "streamorde": 3, "lengthkm": 1.126, "totdasqkm": 6.80679992 }, "geometry": { "type": "LineString", "coordinates": [ [ -67.1909, 18.3392 ], [ -67.1918, 18.3393 ], [ -67.1921, 18.3412 ], [ -67.1922, 18.3399 ], [ -67.1937, 18.3399 ], [ -67.194, 18.3389 ], [ -67.1955, 18.3385 ], [ -67.1961, 18.3396 ] ] } },
{ "type": "Feature", "properties": { "gnis_name": "Río Toro Negro", "streamorde": 4, "lengthkm": 0.11189758, "totdasqkm": 69.18839991 }, "geometry": { "type": "LineString", "coordinates": [ [ -66.5046, 18.2629 ], [ -66.5055, 18.2635 ] ] } },
{ "type": "Feature", "properties": { "gnis_name": null, "streamorde": 3, "lengthkm": 0.11261049, "totdasqkm": 33.85909985 }, "geometry": { "type": "LineString", "coordinates": [ [ -66.5173, 18.2269 ], [ -66.5169, 18.2277 ] ] } },
{ "type": "Feature", "properties": { "gnis_name": "Río Hondo", "streamorde": 4, "lengthkm": 0.1935207, "totdasqkm": 12.41189991 }, "geometry": { "type": "LineString", "coordinates": [ [ -67.1577, 18.1562 ], [ -67.1589, 18.155 ] ] } },
{ "type": "Feature", "properties": { "gnis_name": null, "streamorde": 3, "lengthkm": 2.27391637, "totdasqkm": 2.96169997 }, "geometry": { "type": "LineString", "coordinates": [ [ -67.1437, 18.2459 ], [ -67.1464, 18.2472 ], [ -67.147, 18.2483 ], [ -67.1483, 18.2489 ], [ -67.151, 18.2518 ], [ -67.1544, 18.2525 ], [ -67.1546, 18.253 ], [ -67.1571, 18.254 ], [ -67.1584, 18.2584 ] ] } },
{ "type": "Feature", "properties": { "gnis_name": "Río Grande de Añasco", "streamorde": 5, "lengthkm": 1.3711311, "totdasqkm": 338.00460023 }, "geometry": { "type": "LineString", "coordinates": [ [ -67.0313, 18.2895 ], [ -67.0319, 18.29 ], [ -67.0332, 18.29 ], [ -67.035, 18.2884 ], [ -67.0364, 18.2879 ], [ -67.0368, 18.2889 ], [ -67.0391, 18.2908 ], [ -67.04, 18.2931 ] ] } },
{ "type": "Feature", "properties": { "gnis_name": null, "streamorde": 3, "lengthkm": 0.536, "totdasqkm": 5.21679997 }, "geometry": { "type": "LineString", "coordinates": [ [ -66.0665, 18.3031 ], [ -66.066, 18.3043 ], [ -66.0645, 18.3038 ], [ -66.0632, 18.3027 ] ] } },
{ "type": "Feature", "properties": { "gnis_name": "Río Guamaní", "streamorde": 3, "lengthkm": 2.02448029, "totdasqkm": 21.46399981 }, "geometry": { "type": "LineString", "coordinates": [ [ -66.1155, 18.0047 ], [ -66.1148, 18.0018 ], [ -66.1126, 17.9996 ], [ -66.1133, 17.9972 ], [ -66.113, 17.9963 ], [ -66.1148, 17.9935 ], [ -66.1142, 17.9926 ], [ -66.1144, 17.9903 ], [ -66.115, 17.9897 ], [ -66.1161, 17.9895 ] ] } },
{ "type": "Feature", "properties": { "gnis_name": "Río Grande de Añasco", "streamorde": 5, "lengthkm": 1.58317928, "totdasqkm": 174.38859999 }, "geometry": { "type": "LineString", "coordinates": [ [ -66.9267, 18.2598 ], [ -66.9308, 18.2582 ], [ -66.93, 18.2568 ], [ -66.9289, 18.2566 ], [ -66.9284, 18.2572 ], [ -66.9278, 18.2569 ], [ -66.9275, 18.2554 ], [ -66.9311, 18.2534 ] ] } },
{ "type": "Feature", "properties": { "gnis_name": "Río Yagüez", "streamorde": 3, "lengthkm": 0.22434917, "totdasqkm": 4.69619999 }, "geometry": { "type": "LineString", "coordinates": [ [ -67.0533, 18.1984 ], [ -67.0543, 18.1993 ], [ -67.055, 18.1993 ] ] } },
{ "type": "Feature", "properties": { "gnis_name": "Río Saliente", "streamorde": 3, "lengthkm": 0.93311763, "totdasqkm": 10.41640011 }, "geometry": { "type": "LineString", "coordinates": [ [ -66.5536, 18.1832 ], [ -66.554, 18.1838 ], [ -66.5551, 18.1842 ], [ -66.5564, 18.1863 ], [ -66.5565, 18.1882 ], [ -66.5573, 18.19 ] ] } },
{ "type": "Feature", "properties": { "gnis_name": null, "streamorde": 4, "lengthkm": 0.173, "totdasqkm": 118.9745002 }, "geometry": { "type": "LineString", "coordinates": [ [ -66.5031, 18.0761 ], [ -66.5035, 18.0755 ], [ -66.5043, 18.0754 ] ] } },
{ "type": "Feature", "properties": { "gnis_name": "Río Cialitos", "streamorde": 3, "lengthkm": 0.16663547, "totdasqkm": 11.43269989 }, "geometry": { "type": "LineString", "coordinates": [ [ -66.5246, 18.2522 ], [ -66.5248, 18.2537 ] ] } },
{ "type": "Feature", "properties": { "gnis_name": "Río Blanco", "streamorde": 3, "lengthkm": 0.90614906, "totdasqkm": 64.86560003 }, "geometry": { "type": "LineString", "coordinates": [ [ -65.7462, 18.1984 ], [ -65.7448, 18.1976 ], [ -65.7436, 18.1982 ], [ -65.7429, 18.1953 ], [ -65.7419, 18.1948 ], [ -65.7409, 18.1949 ] ] } },
{ "type": "Feature", "properties": { "gnis_name": null, "streamorde": 3, "lengthkm": 0.82961257, "totdasqkm": 2.63919987 }, "geometry": { "type": "LineString", "coordinates": [ [ -66.1781, 18.189 ], [ -66.1802, 18.1867 ], [ -66.1839, 18.1854 ] ] } },
{ "type": "Feature", "properties": { "gnis_name": "Río Yauco", "streamorde": 4, "lengthkm": 3.12984663, "totdasqkm": 97.62860009000001 }, "geometry": { "type": "LineString", "coordinates": [ [ -66.8413, 18.0263 ], [ -66.8405, 18.025 ], [ -66.8411, 18.0232 ], [ -66.8403, 18.021 ], [ -66.8387, 18.0189 ], [ -66.8396, 18.0172 ], [ -66.8386, 18.0159 ], [ -66.8385, 18.0123 ], [ -66.8391, 18.0119 ], [ -66.8413, 18.0122 ], [ -66.8419, 18.0111 ], [ -66.8438, 18.0104 ], [ -66.8433, 18.0096 ], [ -66.8436, 18.0086 ], [ -66.8428, 18.0078 ], [ -66.8438, 18.0065 ], [ -66.8433, 18.0054 ] ] } },
{ "type": "Feature", "properties": { "gnis_name": "Río Guayo", "streamorde": 3, "lengthkm": 1.00775739, "totdasqkm": 23.80560005 }, "geometry": { "type": "LineString", "coordinates": [ [ -66.8338, 18.2013 ], [ -66.8346, 18.2041 ], [ -66.8346, 18.2066 ], [ -66.8354, 18.2087 ], [ -66.8351, 18.21 ] ] } },
{ "type": "Feature", "properties": { "gnis_name": "Río Grande de Manati", "streamorde": 3, "lengthkm": 1.67682135, "totdasqkm": 30.48509986 }, "geometry": { "type": "LineString", "coordinates": [ [ -66.302, 18.2767 ], [ -66.304, 18.2773 ], [ -66.3052, 18.28 ], [ -66.3088, 18.2802 ], [ -66.3109, 18.2813 ], [ -66.3153, 18.2815 ] ] } },
{ "type": "Feature", "properties": { "gnis_name": null, "streamorde": 4, "lengthkm": 0.45546224, "totdasqkm": 18.74259989 }, "geometry": { "type": "LineString", "coordinates": [ [ -67.0683, 18.2464 ], [ -67.0681, 18.2471 ], [ -67.0698, 18.2477 ], [ -67.0709, 18.2488 ] ] } },
{ "type": "Feature", "properties": { "gnis_name": "Río Cerrillos", "streamorde": 4, "lengthkm": 3.2164684, "totdasqkm": 47.54450024 }, "geometry": { "type": "LineString", "coordinates": [ [ -66.5783, 18.0765 ], [ -66.577, 18.0761 ], [ -66.5751, 18.0718 ], [ -66.5774, 18.0714 ], [ -66.58, 18.0725 ], [ -66.5809, 18.0723 ], [ -66.5811, 18.0712 ], [ -66.5798, 18.068 ], [ -66.5797, 18.0663 ], [ -66.5809, 18.0663 ], [ -66.5834, 18.0678 ], [ -66.585, 18.0676 ], [ -66.5854, 18.0672 ], [ -66.5849, 18.0657 ], [ -66.5832, 18.0636 ] ] } },
{ "type": "Feature", "properties": { "gnis_name": "Río Grande de Añasco", "streamorde": 5, "lengthkm": 1.00061475, "totdasqkm": 173.27370003 }, "geometry": { "type": "LineString", "coordinates": [ [ -66.9193, 18.2591 ], [ -66.9225, 18.2573 ], [ -66.9236, 18.2588 ], [ -66.9255, 18.2601 ], [ -66.9267, 18.2598 ] ] } },
{ "type": "Feature", "properties": { "gnis_name": "Caño de Martín Peña", "streamorde": 3, "lengthkm": 0.67669448, "totdasqkm": 32.20810014 }, "geometry": { "type": "LineString", "coordinates": [ [ -66.0329, 18.4266 ], [ -66.0391, 18.428 ] ] } },
{ "type": "Feature", "properties": { "gnis_name": null, "streamorde": 3, "lengthkm": 0.79, "totdasqkm": 8.15740004 }, "geometry": { "type": "LineString", "coordinates": [ [ -65.7652, 18.1841 ], [ -65.766, 18.1821 ], [ -65.7669, 18.1824 ], [ -65.7701, 18.1803 ], [ -65.77, 18.18 ] ] } },
{ "type": "Feature", "properties": { "gnis_name": null, "streamorde": 3, "lengthkm": 0.20237512, "totdasqkm": 6.30520005 }, "geometry": { "type": "LineString", "coordinates": [ [ -65.5134, 18.091 ], [ -65.5126, 18.0893 ] ] } },
{ "type": "Feature", "properties": { "gnis_name": "Río Gurabo", "streamorde": 5, "lengthkm": 0.6707281, "totdasqkm": 154.9317 }, "geometry": { "type": "LineString", "coordinates": [ [ -65.9645, 18.2565 ], [ -65.9662, 18.256 ], [ -65.9702, 18.2577 ] ] } },
{ "type": "Feature", "properties": { "gnis_name": null, "streamorde": 3, "lengthkm": 0.309, "totdasqkm": 50.6025003 }, "geometry": { "type": "LineString", "coordinates": [ [ -65.6699, 18.3057 ], [ -65.6692, 18.3057 ], [ -65.668, 18.3041 ] ] } },
{ "type": "Feature", "properties": { "gnis_name": "Río Cerrillos", "streamorde": 3, "lengthkm": 1.0068351, "totdasqkm": 14.90330012 }, "geometry": { "type": "LineString", "coordinates": [ [ -66.6039, 18.1243 ], [ -66.6045, 18.1227 ], [ -66.6064, 18.1221 ], [ -66.6066, 18.1199 ], [ -66.6058, 18.119 ], [ -66.6069, 18.1178 ] ] } },
{ "type": "Feature", "properties": { "gnis_name": "Río Blanco", "streamorde": 4, "lengthkm": 0.37819734, "totdasqkm": 74.01920037 }, "geometry": { "type": "LineString", "coordinates": [ [ -66.8297, 18.2198 ], [ -66.8289, 18.2211 ], [ -66.8294, 18.2228 ] ] } },
{ "type": "Feature", "properties": { "gnis_name": "Río Majada", "streamorde": 4, "lengthkm": 0.72981647, "totdasqkm": 92.803399789999986 }, "geometry": { "type": "LineString", "coordinates": [ [ -66.2572, 18.0254 ], [ -66.26, 18.0195 ] ] } },
{ "type": "Feature", "properties": { "gnis_name": "Río Grande De Loiza", "streamorde": 4, "lengthkm": 1.23395968, "totdasqkm": 55.5529001 }, "geometry": { "type": "LineString", "coordinates": [ [ -65.9789, 18.1588 ], [ -65.9754, 18.1611 ], [ -65.9757, 18.1647 ], [ -65.9769, 18.1676 ] ] } },
{ "type": "Feature", "properties": { "gnis_name": "Río Yagüez", "streamorde": 4, "lengthkm": 0.88593394, "totdasqkm": 31.32080004 }, "geometry": { "type": "LineString", "coordinates": [ [ -67.1267, 18.2072 ], [ -67.1295, 18.2051 ], [ -67.1297, 18.2039 ], [ -67.1316, 18.2012 ] ] } },
{ "type": "Feature", "properties": { "gnis_name": "Río Toa Vaca", "streamorde": 3, "lengthkm": 0.1883864, "totdasqkm": 37.24060005 }, "geometry": { "type": "LineString", "coordinates": [ [ -66.4559, 18.1247 ], [ -66.4576, 18.1242 ] ] } },
{ "type": "Feature", "properties": { "gnis_name": null, "streamorde": 3, "lengthkm": 0.448, "totdasqkm": 10.0852 }, "geometry": { "type": "LineString", "coordinates": [ [ -65.8636, 18.3812 ], [ -65.8605, 18.3814 ], [ -65.8596, 18.382 ] ] } },
{ "type": "Feature", "properties": { "gnis_name": "Río de la Plata", "streamorde": 5, "lengthkm": 0.89796478, "totdasqkm": 542.22690027 }, "geometry": { "type": "LineString", "coordinates": [ [ -66.2614, 18.4141 ], [ -66.2625, 18.4146 ], [ -66.2638, 18.4169 ], [ -66.2637, 18.4211 ] ] } },
{ "type": "Feature", "properties": { "gnis_name": "Río Cayaguas", "streamorde": 3, "lengthkm": 0.66287995, "totdasqkm": 15.43840002 }, "geometry": { "type": "LineString", "coordinates": [ [ -65.9567, 18.1245 ], [ -65.9575, 18.1258 ], [ -65.9603, 18.1261 ], [ -65.9604, 18.1275 ] ] } },
{ "type": "Feature", "properties": { "gnis_name": "Río Grande de Manati", "streamorde": 5, "lengthkm": 6.77062262, "totdasqkm": 431.3934002 }, "geometry": { "type": "LineString", "coordinates": [ [ -66.4994, 18.4224 ], [ -66.4999, 18.4227 ], [ -66.5026, 18.4218 ], [ -66.5016, 18.4191 ], [ -66.5008, 18.418 ], [ -66.5025, 18.4159 ], [ -66.5052, 18.418 ], [ -66.5049, 18.4195 ], [ -66.5055, 18.4202 ], [ -66.509, 18.42 ], [ -66.5102, 18.4207 ], [ -66.5087, 18.4227 ], [ -66.5095, 18.4241 ], [ -66.5086, 18.4254 ], [ -66.509, 18.4261 ], [ -66.5146, 18.4259 ], [ -66.5147, 18.4248 ], [ -66.5132, 18.4248 ], [ -66.5134, 18.4238 ], [ -66.5142, 18.423 ], [ -66.5155, 18.4242 ], [ -66.5169, 18.4236 ], [ -66.5158, 18.422 ], [ -66.5161, 18.4214 ], [ -66.5186, 18.4222 ], [ -66.521, 18.4248 ], [ -66.5226, 18.4258 ], [ -66.5247, 18.4256 ], [ -66.5234, 18.4271 ], [ -66.5244, 18.428 ], [ -66.526, 18.4284 ], [ -66.5267, 18.4272 ] ] } },
{ "type": "Feature", "properties": { "gnis_name": "Río Caguitas", "streamorde": 3, "lengthkm": 0.37357873, "totdasqkm": 8.04349996 }, "geometry": { "type": "LineString", "coordinates": [ [ -66.0945, 18.2429 ], [ -66.0933, 18.2437 ], [ -66.0926, 18.2455 ] ] } },
{ "type": "Feature", "properties": { "gnis_name": "Río de la Plata", "streamorde": 4, "lengthkm": 0.5540195, "totdasqkm": 108.67159994 }, "geometry": { "type": "LineString", "coordinates": [ [ -66.1661, 18.1365 ], [ -66.166, 18.1352 ], [ -66.1668, 18.134 ], [ -66.169, 18.1335 ] ] } },
{ "type": "Feature", "properties": { "gnis_name": null, "streamorde": 3, "lengthkm": 0.03435804, "totdasqkm": 2.26889983 }, "geometry": { "type": "LineString", "coordinates": [ [ -67.1389, 18.1534 ], [ -67.1391, 18.1531 ] ] } },
{ "type": "Feature", "properties": { "gnis_name": "Río Grande de Añasco", "streamorde": 5, "lengthkm": 0.88220265, "totdasqkm": 272.5609002 }, "geometry": { "type": "LineString", "coordinates": [ [ -66.9467, 18.2731 ], [ -66.9479, 18.2714 ], [ -66.9475, 18.2704 ], [ -66.9464, 18.2698 ], [ -66.9462, 18.2686 ], [ -66.9477, 18.2668 ] ] } },
{ "type": "Feature", "properties": { "gnis_name": "Río Toro Negro", "streamorde": 4, "lengthkm": 1.59668929, "totdasqkm": 71.87669987 }, "geometry": { "type": "LineString", "coordinates": [ [ -66.5114, 18.2657 ], [ -66.5105, 18.268 ], [ -66.5058, 18.2699 ], [ -66.5052, 18.2715 ], [ -66.5041, 18.2725 ], [ -66.5024, 18.2706 ], [ -66.5015, 18.2705 ] ] } },
{ "type": "Feature", "properties": { "gnis_name": null, "streamorde": 3, "lengthkm": 0.03285135, "totdasqkm": 6.97919995 }, "geometry": { "type": "LineString", "coordinates": [ [ -67.0681, 18.2829 ], [ -67.068, 18.2826 ] ] } },
{ "type": "Feature", "properties": { "gnis_name": "Río Cialitos", "streamorde": 3, "lengthkm": 2.82777242, "totdasqkm": 17.06029981 }, "geometry": { "type": "LineString", "coordinates": [ [ -66.5269, 18.2673 ], [ -66.5281, 18.2684 ], [ -66.5278, 18.2692 ], [ -66.526, 18.2697 ], [ -66.5251, 18.272 ], [ -66.5218, 18.2741 ], [ -66.5202, 18.2761 ], [ -66.5207, 18.2771 ], [ -66.5203, 18.2783 ], [ -66.5205, 18.2811 ], [ -66.5179, 18.2812 ], [ -66.5171, 18.2819 ], [ -66.5166, 18.2834 ], [ -66.5149, 18.2836 ] ] } },
{ "type": "Feature", "properties": { "gnis_name": null, "streamorde": 3, "lengthkm": 1.083, "totdasqkm": 45.35450023 }, "geometry": { "type": "LineString", "coordinates": [ [ -65.8255, 18.1446 ], [ -65.8242, 18.1454 ], [ -65.82, 18.1459 ], [ -65.8185, 18.1483 ], [ -65.8176, 18.1476 ] ] } },
{ "type": "Feature", "properties": { "gnis_name": "Río Mavilla", "streamorde": 3, "lengthkm": 0.5642915, "totdasqkm": 9.72100013 }, "geometry": { "type": "LineString", "coordinates": [ [ -66.2819, 18.2793 ], [ -66.282, 18.2805 ], [ -66.2839, 18.2803 ], [ -66.2839, 18.2822 ] ] } },
{ "type": "Feature", "properties": { "gnis_name": null, "streamorde": 3, "lengthkm": 3.00484636, "totdasqkm": 4.59330001 }, "geometry": { "type": "LineString", "coordinates": [ [ -66.0158, 18.2004 ], [ -66.0152, 18.2013 ], [ -66.0157, 18.202 ], [ -66.015, 18.2075 ], [ -66.0155, 18.2087 ], [ -66.0169, 18.209 ], [ -66.0171, 18.2105 ], [ -66.0179, 18.2101 ], [ -66.0184, 18.2106 ], [ -66.017, 18.2128 ], [ -66.0164, 18.2157 ], [ -66.017, 18.2172 ], [ -66.0166, 18.218 ], [ -66.0173, 18.2177 ], [ -66.0176, 18.2187 ], [ -66.017, 18.2195 ], [ -66.0171, 18.2203 ], [ -66.0179, 18.2207 ] ] } },
{ "type": "Feature", "properties": { "gnis_name": "Río Blanco", "streamorde": 4, "lengthkm": 0.23199427, "totdasqkm": 99.44100041 }, "geometry": { "type": "LineString", "coordinates": [ [ -66.8964, 18.2574 ], [ -66.8956, 18.257 ], [ -66.8959, 18.2558 ] ] } },
{ "type": "Feature", "properties": { "gnis_name": "Río Canóvanas", "streamorde": 3, "lengthkm": 1.26850623, "totdasqkm": 36.08200002 }, "geometry": { "type": "LineString", "coordinates": [ [ -65.8882, 18.3398 ], [ -65.8901, 18.3399 ], [ -65.8898, 18.3428 ], [ -65.8915, 18.3444 ], [ -65.8938, 18.3443 ], [ -65.8947, 18.3456 ] ] } },
{ "type": "Feature", "properties": { "gnis_name": "Río Blanco", "streamorde": 4, "lengthkm": 0.47105858, "totdasqkm": 101.19490045000001 }, "geometry": { "type": "LineString", "coordinates": [ [ -66.9027, 18.2571 ], [ -66.9037, 18.2554 ], [ -66.906, 18.2549 ] ] } },
{ "type": "Feature", "properties": { "gnis_name": "Río Hondo", "streamorde": 4, "lengthkm": 0.16610009, "totdasqkm": 12.44739993 }, "geometry": { "type": "LineString", "coordinates": [ [ -67.1589, 18.155 ], [ -67.1594, 18.1536 ] ] } },
{ "type": "Feature", "properties": { "gnis_name": null, "streamorde": 3, "lengthkm": 0.178, "totdasqkm": 18.66219991 }, "geometry": { "type": "LineString", "coordinates": [ [ -66.4778, 17.9922 ], [ -66.4795, 17.9922 ] ] } },
{ "type": "Feature", "properties": { "gnis_name": "Río Guanajibo", "streamorde": 4, "lengthkm": 0.79731971, "totdasqkm": 85.95649971 }, "geometry": { "type": "LineString", "coordinates": [ [ -67.0123, 18.0766 ], [ -67.0136, 18.076 ], [ -67.0149, 18.0762 ], [ -67.0166, 18.0779 ], [ -67.0186, 18.078 ] ] } },
{ "type": "Feature", "properties": { "gnis_name": null, "streamorde": 3, "lengthkm": 0.768, "totdasqkm": 5.19390005 }, "geometry": { "type": "LineString", "coordinates": [ [ -67.0404, 18.3654 ], [ -67.0404, 18.3647 ], [ -67.0399, 18.3646 ], [ -67.0408, 18.363 ], [ -67.0406, 18.3624 ], [ -67.0414, 18.3622 ], [ -67.0415, 18.3601 ] ] } },
{ "type": "Feature", "properties": { "gnis_name": null, "streamorde": 3, "lengthkm": 0.061, "totdasqkm": 5.17549991 }, "geometry": { "type": "LineString", "coordinates": [ [ -65.7993, 18.3923 ], [ -65.7996, 18.3919 ] ] } },
{ "type": "Feature", "properties": { "gnis_name": "Río Grande De Loiza", "streamorde": 6, "lengthkm": 1.78040692, "totdasqkm": 623.15899951000006 }, "geometry": { "type": "LineString", "coordinates": [ [ -65.9399, 18.3814 ], [ -65.9343, 18.3823 ], [ -65.932, 18.3834 ], [ -65.9238, 18.3856 ] ] } },
{ "type": "Feature", "properties": { "gnis_name": "Río Espíritu Santo", "streamorde": 4, "lengthkm": 1.2624134, "totdasqkm": 74.26910005 }, "geometry": { "type": "LineString", "coordinates": [ [ -65.8242, 18.379 ], [ -65.8238, 18.3799 ], [ -65.8214, 18.3825 ], [ -65.8213, 18.3844 ], [ -65.8202, 18.3856 ], [ -65.8187, 18.386 ], [ -65.8173, 18.387 ] ] } },
{ "type": "Feature", "properties": { "gnis_name": "Río Toa Vaca", "streamorde": 3, "lengthkm": 0.07258104, "totdasqkm": 57.54290013 }, "geometry": { "type": "LineString", "coordinates": [ [ -66.4915, 18.0986 ], [ -66.4921, 18.0983 ] ] } },
{ "type": "Feature", "properties": { "gnis_name": "Río Turabo", "streamorde": 4, "lengthkm": 0.24405704, "totdasqkm": 65.83890009 }, "geometry": { "type": "LineString", "coordinates": [ [ -66.041, 18.2127 ], [ -66.0391, 18.2117 ] ] } },
{ "type": "Feature", "properties": { "gnis_name": "Río Arroyata", "streamorde": 4, "lengthkm": 0.41137865, "totdasqkm": 25.4348 }, "geometry": { "type": "LineString", "coordinates": [ [ -66.2092, 18.1996 ], [ -66.2098, 18.2014 ], [ -66.2081, 18.2018 ] ] } },
{ "type": "Feature", "properties": { "gnis_name": "Río Bauta", "streamorde": 3, "lengthkm": 1.08871832, "totdasqkm": 65.80639987 }, "geometry": { "type": "LineString", "coordinates": [ [ -66.4592, 18.269 ], [ -66.462, 18.2716 ], [ -66.4622, 18.2725 ], [ -66.461, 18.2727 ], [ -66.4606, 18.2732 ], [ -66.4626, 18.2743 ], [ -66.4626, 18.2749 ] ] } },
{ "type": "Feature", "properties": { "gnis_name": "Río de la Plata", "streamorde": 4, "lengthkm": 0.09012027, "totdasqkm": 124.02429983 }, "geometry": { "type": "LineString", "coordinates": [ [ -66.1894, 18.1375 ], [ -66.1901, 18.138 ] ] } },
{ "type": "Feature", "properties": { "gnis_name": "Río Culebrinas", "streamorde": 5, "lengthkm": 0.99897142, "totdasqkm": 247.93360013 }, "geometry": { "type": "LineString", "coordinates": [ [ -67.1404, 18.3884 ], [ -67.1417, 18.3893 ], [ -67.1415, 18.3901 ], [ -67.1403, 18.3913 ], [ -67.1407, 18.3924 ], [ -67.1411, 18.3924 ], [ -67.1418, 18.3912 ], [ -67.1433, 18.3911 ] ] } },
{ "type": "Feature", "properties": { "gnis_name": "Río Tallaboa", "streamorde": 4, "lengthkm": 0.347, "totdasqkm": 62.93540041 }, "geometry": { "type": "LineString", "coordinates": [ [ -66.7213, 18.0485 ], [ -66.7217, 18.0454 ] ] } },
{ "type": "Feature", "properties": { "gnis_name": "Río Toro Negro", "streamorde": 3, "lengthkm": 0.329669, "totdasqkm": 34.12839986 }, "geometry": { "type": "LineString", "coordinates": [ [ -66.5169, 18.2277 ], [ -66.5167, 18.2287 ], [ -66.5176, 18.2295 ], [ -66.5176, 18.2302 ] ] } },
{ "type": "Feature", "properties": { "gnis_name": null, "streamorde": 3, "lengthkm": 1.53950893, "totdasqkm": 32.32560031 }, "geometry": { "type": "LineString", "coordinates": [ [ -66.581, 18.2276 ], [ -66.5828, 18.2264 ], [ -66.583, 18.2249 ], [ -66.5863, 18.2238 ], [ -66.5884, 18.2203 ], [ -66.5904, 18.2183 ] ] } },
{ "type": "Feature", "properties": { "gnis_name": "Río Blanco", "streamorde": 4, "lengthkm": 0.97380315, "totdasqkm": 44.27720018 }, "geometry": { "type": "LineString", "coordinates": [ [ -66.8108, 18.2107 ], [ -66.8116, 18.2109 ], [ -66.8117, 18.2146 ], [ -66.8139, 18.2159 ], [ -66.814, 18.2169 ], [ -66.8144, 18.2171 ] ] } },
{ "type": "Feature", "properties": { "gnis_name": "Río Canóvanas", "streamorde": 3, "lengthkm": 1.49861135, "totdasqkm": 31.5558 }, "geometry": { "type": "LineString", "coordinates": [ [ -65.8893, 18.325 ], [ -65.8884, 18.3292 ], [ -65.8888, 18.3317 ], [ -65.8884, 18.3381 ] ] } },
{ "type": "Feature", "properties": { "gnis_name": "Río Culebrinas", "streamorde": 3, "lengthkm": 2.25796025, "totdasqkm": 24.80909987 }, "geometry": { "type": "LineString", "coordinates": [ [ -66.9636, 18.3176 ], [ -66.965, 18.3193 ], [ -66.965, 18.3185 ], [ -66.9661, 18.3188 ], [ -66.9653, 18.3213 ], [ -66.9669, 18.3207 ], [ -66.9671, 18.3214 ], [ -66.9665, 18.3218 ], [ -66.9672, 18.3229 ], [ -66.9691, 18.3225 ], [ -66.9728, 18.3275 ] ] } },
{ "type": "Feature", "properties": { "gnis_name": null, "streamorde": 3, "lengthkm": 1.5872568, "totdasqkm": 18.26499995 }, "geometry": { "type": "LineString", "coordinates": [ [ -66.4696, 18.005 ], [ -66.4701, 18.0044 ], [ -66.47, 17.9984 ], [ -66.4754, 17.9929 ] ] } },
{ "type": "Feature", "properties": { "gnis_name": "Río Coamo", "streamorde": 5, "lengthkm": 1.09619239, "totdasqkm": 179.07119992 }, "geometry": { "type": "LineString", "coordinates": [ [ -66.4258, 17.9679 ], [ -66.4264, 17.9668 ], [ -66.4264, 17.9643 ], [ -66.429, 17.9634 ], [ -66.4293, 17.9602 ] ] } },
{ "type": "Feature", "properties": { "gnis_name": "Río Guayanés", "streamorde": 3, "lengthkm": 0.676, "totdasqkm": 9.63869997 }, "geometry": { "type": "LineString", "coordinates": [ [ -66.7273, 18.0829 ], [ -66.7274, 18.079 ], [ -66.7263, 18.0771 ] ] } },
{ "type": "Feature", "properties": { "gnis_name": "Río Grande de Manati", "streamorde": 5, "lengthkm": 0.5806287, "totdasqkm": 132.19729995 }, "geometry": { "type": "LineString", "coordinates": [ [ -66.386, 18.2941 ], [ -66.3882, 18.2932 ], [ -66.3901, 18.2912 ] ] } },
{ "type": "Feature", "properties": { "gnis_name": null, "streamorde": 3, "lengthkm": 0.452, "totdasqkm": 9.11259985 }, "geometry": { "type": "LineString", "coordinates": [ [ -66.0507, 18.3009 ], [ -66.0485, 18.2976 ] ] } },
{ "type": "Feature", "properties": { "gnis_name": "Río Seco", "streamorde": 3, "lengthkm": 3.18060054, "totdasqkm": 29.95990004 }, "geometry": { "type": "LineString", "coordinates": [ [ -66.1759, 17.9779 ], [ -66.1789, 17.9754 ], [ -66.1783, 17.9738 ], [ -66.1787, 17.9693 ], [ -66.1796, 17.9678 ], [ -66.1809, 17.966 ], [ -66.1845, 17.9632 ], [ -66.1845, 17.9615 ], [ -66.1857, 17.961 ], [ -66.1865, 17.9613 ], [ -66.1896, 17.9576 ], [ -66.1907, 17.9571 ] ] } },
{ "type": "Feature", "properties": { "gnis_name": "Río Culebrinas", "streamorde": 3, "lengthkm": 1.26934015, "totdasqkm": 17.36939988 }, "geometry": { "type": "LineString", "coordinates": [ [ -66.9353, 18.2967 ], [ -66.936, 18.2963 ], [ -66.9386, 18.2972 ], [ -66.939, 18.2966 ], [ -66.9396, 18.2975 ], [ -66.9409, 18.2976 ], [ -66.9416, 18.2983 ], [ -66.9426, 18.2981 ], [ -66.9431, 18.299 ], [ -66.9447, 18.2995 ] ] } },
{ "type": "Feature", "properties": { "gnis_name": null, "streamorde": 3, "lengthkm": 0.194, "totdasqkm": 50.23700036 }, "geometry": { "type": "LineString", "coordinates": [ [ -65.8177, 18.1487 ], [ -65.8173, 18.1471 ] ] } },
{ "type": "Feature", "properties": { "gnis_name": null, "streamorde": 4, "lengthkm": 0.32474857, "totdasqkm": 49.72119985 }, "geometry": { "type": "LineString", "coordinates": [ [ -66.5031, 18.0982 ], [ -66.5026, 18.0973 ], [ -66.5031, 18.0955 ] ] } },
{ "type": "Feature", "properties": { "gnis_name": null, "streamorde": 3, "lengthkm": 0.48715127, "totdasqkm": 64.54670008000001 }, "geometry": { "type": "LineString", "coordinates": [ [ -65.7846, 18.1222 ], [ -65.7808, 18.1198 ] ] } },
{ "type": "Feature", "properties": { "gnis_name": null, "streamorde": 4, "lengthkm": 0.41625122, "totdasqkm": 27.16649998 }, "geometry": { "type": "LineString", "coordinates": [ [ -67.1023, 18.27 ], [ -67.1035, 18.2698 ], [ -67.1048, 18.2705 ], [ -67.1045, 18.2711 ], [ -67.1048, 18.2713 ] ] } },
{ "type": "Feature", "properties": { "gnis_name": "Río Guadiana", "streamorde": 3, "lengthkm": 0.88549581, "totdasqkm": 21.1277002 }, "geometry": { "type": "LineString", "coordinates": [ [ -66.2342, 18.3008 ], [ -66.2331, 18.3021 ], [ -66.2323, 18.3021 ], [ -66.2312, 18.3008 ], [ -66.2285, 18.2998 ], [ -66.2279, 18.2989 ] ] } },
{ "type": "Feature", "properties": { "gnis_name": "Río Botijas", "streamorde": 3, "lengthkm": 0.48933741, "totdasqkm": 30.50370011 }, "geometry": { "type": "LineString", "coordinates": [ [ -66.3653, 18.2323 ], [ -66.3654, 18.2328 ], [ -66.3662, 18.2331 ], [ -66.369, 18.2318 ] ] } },
{ "type": "Feature", "properties": { "gnis_name": "Río Blanco", "streamorde": 4, "lengthkm": 0.15111285, "totdasqkm": 99.85930034 }, "geometry": { "type": "LineString", "coordinates": [ [ -66.9003, 18.2569 ], [ -66.9004, 18.2581 ] ] } },
{ "type": "Feature", "properties": { "gnis_name": "Río Guilarte", "streamorde": 3, "lengthkm": 0.48110814, "totdasqkm": 18.93610013 }, "geometry": { "type": "LineString", "coordinates": [ [ -66.7932, 18.1968 ], [ -66.7943, 18.1976 ], [ -66.7972, 18.1986 ] ] } },
{ "type": "Feature", "properties": { "gnis_name": "Río Cerrillos", "streamorde": 4, "lengthkm": 0.72, "totdasqkm": 55.92060022 }, "geometry": { "type": "LineString", "coordinates": [ [ -66.5854, 18.0497 ], [ -66.5874, 18.0478 ], [ -66.5888, 18.0472 ], [ -66.5896, 18.0462 ], [ -66.5893, 18.0454 ] ] } },
{ "type": "Feature", "properties": { "gnis_name": "Río de Bayamón", "streamorde": 4, "lengthkm": 1.03133295, "totdasqkm": 21.69729982 }, "geometry": { "type": "LineString", "coordinates": [ [ -66.1405, 18.1972 ], [ -66.1413, 18.1978 ], [ -66.1406, 18.1982 ], [ -66.1385, 18.2016 ], [ -66.139, 18.2046 ] ] } },
{ "type": "Feature", "properties": { "gnis_name": "Río de la Plata", "streamorde": 5, "lengthkm": 0.34252729, "totdasqkm": 567.05440032000001 }, "geometry": { "type": "LineString", "coordinates": [ [ -66.2561, 18.4723 ], [ -66.2552, 18.4736 ], [ -66.2557, 18.475 ] ] } },
{ "type": "Feature", "properties": { "gnis_name": "Río de Bayamón", "streamorde": 4, "lengthkm": 0.65605561, "totdasqkm": 113.34439984000001 }, "geometry": { "type": "LineString", "coordinates": [ [ -66.1383, 18.3531 ], [ -66.1383, 18.3542 ], [ -66.1392, 18.3556 ], [ -66.1417, 18.3576 ] ] } },
{ "type": "Feature", "properties": { "gnis_name": "Río Espíritu Santo", "streamorde": 4, "lengthkm": 0.0831467, "totdasqkm": 83.42349999 }, "geometry": { "type": "LineString", "coordinates": [ [ -65.8112, 18.3981 ], [ -65.8115, 18.3988 ] ] } },
{ "type": "Feature", "properties": { "gnis_name": "Río Tanamá", "streamorde": 4, "lengthkm": 1.44126012, "totdasqkm": 39.93399978 }, "geometry": { "type": "LineString", "coordinates": [ [ -66.776, 18.286 ], [ -66.776, 18.2871 ], [ -66.777, 18.2887 ], [ -66.7772, 18.2916 ], [ -66.7782, 18.2916 ], [ -66.7787, 18.2922 ], [ -66.781, 18.2922 ], [ -66.7816, 18.2939 ], [ -66.7826, 18.2944 ] ] } },
{ "type": "Feature", "properties": { "gnis_name": null, "streamorde": 3, "lengthkm": 1.06355123, "totdasqkm": 11.23269997 }, "geometry": { "type": "LineString", "coordinates": [ [ -67.0841, 18.3426 ], [ -67.0844, 18.3459 ], [ -67.085, 18.3458 ], [ -67.0859, 18.3468 ], [ -67.0875, 18.347 ], [ -67.0896, 18.3459 ] ] } },
{ "type": "Feature", "properties": { "gnis_name": "Río Tallaboa", "streamorde": 4, "lengthkm": 0.799, "totdasqkm": 65.95460028 }, "geometry": { "type": "LineString", "coordinates": [ [ -66.7212, 18.0379 ], [ -66.7227, 18.0378 ], [ -66.7259, 18.0367 ], [ -66.7273, 18.0349 ] ] } },
{ "type": "Feature", "properties": { "gnis_name": "Río Cibuco", "streamorde": 5, "lengthkm": 0.13292116, "totdasqkm": 224.23580002 }, "geometry": { "type": "LineString", "coordinates": [ [ -66.364, 18.478 ], [ -66.3653, 18.478 ] ] } },
{ "type": "Feature", "properties": { "gnis_name": "Río Guayanés", "streamorde": 4, "lengthkm": 0.191, "totdasqkm": 23.91159985 }, "geometry": { "type": "LineString", "coordinates": [ [ -65.9325, 18.069 ], [ -65.9317, 18.0687 ], [ -65.9314, 18.0679 ] ] } },
{ "type": "Feature", "properties": { "gnis_name": "Río Grande de Añasco", "streamorde": 5, "lengthkm": 0.93035267, "totdasqkm": 171.08779991 }, "geometry": { "type": "LineString", "coordinates": [ [ -66.9131, 18.2543 ], [ -66.9187, 18.2561 ], [ -66.9191, 18.2565 ], [ -66.9189, 18.2586 ] ] } },
{ "type": "Feature", "properties": { "gnis_name": "Río Grande de Arecibo", "streamorde": 5, "lengthkm": 2.54600029, "totdasqkm": 173.3314998 }, "geometry": { "type": "LineString", "coordinates": [ [ -66.7098, 18.275 ], [ -66.7096, 18.2786 ], [ -66.7064, 18.2807 ], [ -66.7027, 18.284 ], [ -66.7062, 18.2872 ], [ -66.7062, 18.2892 ], [ -66.7054, 18.2929 ] ] } },
{ "type": "Feature", "properties": { "gnis_name": "Río de la Plata", "streamorde": 5, "lengthkm": 0.64591107, "totdasqkm": 467.10229997 }, "geometry": { "type": "LineString", "coordinates": [ [ -66.2361, 18.3432 ], [ -66.238, 18.3441 ], [ -66.2418, 18.3449 ] ] } },
{ "type": "Feature", "properties": { "gnis_name": "Río Grande de Patillas", "streamorde": 3, "lengthkm": 0.25991975, "totdasqkm": 23.32259989 }, "geometry": { "type": "LineString", "coordinates": [ [ -66.0487, 18.0592 ], [ -66.0485, 18.0584 ], [ -66.0474, 18.0573 ] ] } },
{ "type": "Feature", "properties": { "gnis_name": "Río Matilde", "streamorde": 3, "lengthkm": 0.75587497, "totdasqkm": 48.0679999 }, "geometry": { "type": "LineString", "coordinates": [ [ -66.6402, 18.0019 ], [ -66.6365, 17.9979 ], [ -66.6352, 17.9973 ] ] } },
{ "type": "Feature", "properties": { "gnis_name": "Río Grande", "streamorde": 3, "lengthkm": 0.1858342, "totdasqkm": 19.28970002 }, "geometry": { "type": "LineString", "coordinates": [ [ -66.9425, 18.0878 ], [ -66.9412, 18.0867 ] ] } },
{ "type": "Feature", "properties": { "gnis_name": "Río Bairoa", "streamorde": 3, "lengthkm": 1.34580324, "totdasqkm": 17.1025 }, "geometry": { "type": "LineString", "coordinates": [ [ -66.0339, 18.2539 ], [ -66.0303, 18.2545 ], [ -66.03, 18.2555 ], [ -66.0273, 18.2568 ], [ -66.026, 18.2593 ], [ -66.0264, 18.2595 ], [ -66.0261, 18.2601 ] ] } },
{ "type": "Feature", "properties": { "gnis_name": "Río Arenas", "streamorde": 3, "lengthkm": 0.9354288, "totdasqkm": 8.06730002 }, "geometry": { "type": "LineString", "coordinates": [ [ -66.9965, 18.2565 ], [ -66.9981, 18.2568 ], [ -66.9989, 18.2564 ], [ -66.999, 18.257 ], [ -67.0001, 18.2576 ], [ -67.0012, 18.2553 ], [ -67.0018, 18.2564 ] ] } },
{ "type": "Feature", "properties": { "gnis_name": "Río Hondo", "streamorde": 3, "lengthkm": 1.52044359, "totdasqkm": 17.85730007 }, "geometry": { "type": "LineString", "coordinates": [ [ -66.155, 18.3888 ], [ -66.1541, 18.3911 ], [ -66.1545, 18.3939 ], [ -66.1579, 18.3992 ], [ -66.1584, 18.4012 ] ] } },
{ "type": "Feature", "properties": { "gnis_name": null, "streamorde": 3, "lengthkm": 2.614, "totdasqkm": 47.4314001 }, "geometry": { "type": "LineString", "coordinates": [ [ -65.8262, 18.1447 ], [ -65.8242, 18.1437 ], [ -65.816, 18.1422 ], [ -65.8045, 18.1348 ] ] } },
{ "type": "Feature", "properties": { "gnis_name": null, "streamorde": 3, "lengthkm": 0.155, "totdasqkm": 8.3271 }, "geometry": { "type": "LineString", "coordinates": [ [ -65.8119, 18.3862 ], [ -65.8133, 18.3866 ] ] } },
{ "type": "Feature", "properties": { "gnis_name": "Río Jájome", "streamorde": 3, "lengthkm": 2.50353641, "totdasqkm": 24.44399991 }, "geometry": { "type": "LineString", "coordinates": [ [ -66.1834, 18.0577 ], [ -66.184, 18.0557 ], [ -66.1889, 18.0544 ], [ -66.1911, 18.0547 ], [ -66.193, 18.0521 ], [ -66.1946, 18.0513 ], [ -66.1954, 18.0512 ], [ -66.1961, 18.0522 ], [ -66.1967, 18.0521 ], [ -66.1963, 18.05 ], [ -66.1984, 18.0484 ], [ -66.1987, 18.0476 ] ] } },
{ "type": "Feature", "properties": { "gnis_name": null, "streamorde": 3, "lengthkm": 0.368, "totdasqkm": 8.00730002 }, "geometry": { "type": "LineString", "coordinates": [ [ -65.8051, 18.382 ], [ -65.8035, 18.385 ] ] } },
{ "type": "Feature", "properties": { "gnis_name": "Río de la Plata", "streamorde": 5, "lengthkm": 2.89882474, "totdasqkm": 262.37429993999996 }, "geometry": { "type": "LineString", "coordinates": [ [ -66.2421, 18.1921 ], [ -66.2405, 18.1928 ], [ -66.2386, 18.1912 ], [ -66.2372, 18.1908 ], [ -66.2359, 18.1913 ], [ -66.2354, 18.1925 ], [ -66.2362, 18.1993 ], [ -66.2373, 18.1997 ], [ -66.2389, 18.1987 ], [ -66.2401, 18.1987 ], [ -66.242, 18.2004 ], [ -66.2416, 18.2022 ], [ -66.2402, 18.2037 ] ] } },
{ "type": "Feature", "properties": { "gnis_name": null, "streamorde": 4, "lengthkm": 0.3374291, "totdasqkm": 66.25769989 }, "geometry": { "type": "LineString", "coordinates": [ [ -66.0204, 18.0217 ], [ -66.0227, 18.0195 ] ] } },
{ "type": "Feature", "properties": { "gnis_name": "Río Tanamá", "streamorde": 4, "lengthkm": 1.64095976, "totdasqkm": 84.6885996 }, "geometry": { "type": "LineString", "coordinates": [ [ -66.7571, 18.3369 ], [ -66.7544, 18.3373 ], [ -66.7526, 18.3391 ], [ -66.7468, 18.3417 ], [ -66.7438, 18.3436 ] ] } },
{ "type": "Feature", "properties": { "gnis_name": "Río Grande de Patillas", "streamorde": 4, "lengthkm": 0.33789476, "totdasqkm": 71.02860002 }, "geometry": { "type": "LineString", "coordinates": [ [ -66.0181, 17.9989 ], [ -66.0178, 17.9981 ], [ -66.0181, 17.9978 ], [ -66.0169, 17.9965 ] ] } },
{ "type": "Feature", "properties": { "gnis_name": "Río Coamo", "streamorde": 5, "lengthkm": 0.10380625, "totdasqkm": 168.62990001999998 }, "geometry": { "type": "LineString", "coordinates": [ [ -66.3907, 18.013 ], [ -66.3907, 18.012 ] ] } },
{ "type": "Feature", "properties": { "gnis_name": "Río Seco", "streamorde": 3, "lengthkm": 2.85592584, "totdasqkm": 19.47349979 }, "geometry": { "type": "LineString", "coordinates": [ [ -66.1642, 17.9877 ], [ -66.164, 17.9859 ], [ -66.1652, 17.986 ], [ -66.1675, 17.9833 ], [ -66.1703, 17.985 ], [ -66.1708, 17.9858 ], [ -66.1704, 17.9862 ], [ -66.1706, 17.9867 ], [ -66.1712, 17.9867 ], [ -66.1733, 17.9851 ], [ -66.1753, 17.9824 ], [ -66.1741, 17.9819 ], [ -66.1741, 17.9781 ], [ -66.1759, 17.9779 ] ] } },
{ "type": "Feature", "properties": { "gnis_name": "Río Maunabo", "streamorde": 3, "lengthkm": 1.81, "totdasqkm": 9.10010005 }, "geometry": { "type": "LineString", "coordinates": [ [ -65.9619, 18.039 ], [ -65.9614, 18.0386 ], [ -65.9599, 18.0391 ], [ -65.959, 18.0387 ], [ -65.9589, 18.0377 ], [ -65.9567, 18.0362 ], [ -65.9572, 18.0346 ], [ -65.9568, 18.0337 ], [ -65.9562, 18.0336 ], [ -65.9549, 18.0347 ], [ -65.9537, 18.032 ], [ -65.953, 18.0319 ], [ -65.9529, 18.0328 ] ] } },
{ "type": "Feature", "properties": { "gnis_name": "Río de Bayamón", "streamorde": 4, "lengthkm": 0.73902914, "totdasqkm": 85.20610003 }, "geometry": { "type": "LineString", "coordinates": [ [ -66.1406, 18.3007 ], [ -66.1412, 18.3012 ], [ -66.1412, 18.3024 ], [ -66.1402, 18.3069 ] ] } },
{ "type": "Feature", "properties": { "gnis_name": "Caño La Puente", "streamorde": 4, "lengthkm": 0.56840324, "totdasqkm": 25.69759998 }, "geometry": { "type": "LineString", "coordinates": [ [ -67.1802, 18.2811 ], [ -67.1824, 18.2804 ], [ -67.1826, 18.2777 ] ] } },
{ "type": "Feature", "properties": { "gnis_name": "Río Guaynabo", "streamorde": 3, "lengthkm": 0.83115602, "totdasqkm": 17.49939996 }, "geometry": { "type": "LineString", "coordinates": [ [ -66.0967, 18.3206 ], [ -66.0973, 18.3215 ], [ -66.0966, 18.3231 ], [ -66.0972, 18.3237 ], [ -66.0973, 18.3253 ], [ -66.0963, 18.326 ], [ -66.0966, 18.3266 ] ] } },
{ "type": "Feature", "properties": { "gnis_name": null, "streamorde": 3, "lengthkm": 0.40692263, "totdasqkm": 5.07179992 }, "geometry": { "type": "LineString", "coordinates": [ [ -66.9689, 18.2603 ], [ -66.9684, 18.2612 ], [ -66.9693, 18.2615 ], [ -66.9691, 18.2623 ], [ -66.9696, 18.2629 ] ] } },
{ "type": "Feature", "properties": { "gnis_name": "Río Grande de Manati", "streamorde": 5, "lengthkm": 0.46299752, "totdasqkm": 139.27919991 }, "geometry": { "type": "LineString", "coordinates": [ [ -66.4085, 18.2977 ], [ -66.4116, 18.2967 ], [ -66.4121, 18.2958 ] ] } },
{ "type": "Feature", "properties": { "gnis_name": "Río Guanajibo", "streamorde": 4, "lengthkm": 0.15387506, "totdasqkm": 88.20389975000001 }, "geometry": { "type": "LineString", "coordinates": [ [ -67.0284, 18.0838 ], [ -67.0296, 18.0832 ] ] } },
{ "type": "Feature", "properties": { "gnis_name": "Río Duey", "streamorde": 3, "lengthkm": 0.32, "totdasqkm": 14.97209986 }, "geometry": { "type": "LineString", "coordinates": [ [ -66.8431, 18.0803 ], [ -66.8415, 18.0779 ] ] } },
{ "type": "Feature", "properties": { "gnis_name": "Río Guanajibo", "streamorde": 5, "lengthkm": 0.45288925, "totdasqkm": 305.74589962 }, "geometry": { "type": "LineString", "coordinates": [ [ -67.1406, 18.1331 ], [ -67.1404, 18.1349 ], [ -67.1412, 18.1357 ], [ -67.1409, 18.1366 ] ] } },
{ "type": "Feature", "properties": { "gnis_name": "Río Grande de Arecibo", "streamorde": 4, "lengthkm": 0.9471147, "totdasqkm": 50.31469992 }, "geometry": { "type": "LineString", "coordinates": [ [ -66.7372, 18.1858 ], [ -66.7369, 18.1909 ], [ -66.7351, 18.1937 ] ] } },
{ "type": "Feature", "properties": { "gnis_name": null, "streamorde": 3, "lengthkm": 0.60674895, "totdasqkm": 5.88159999 }, "geometry": { "type": "LineString", "coordinates": [ [ -66.102, 18.1528 ], [ -66.1021, 18.1515 ], [ -66.1056, 18.1503 ] ] } },
{ "type": "Feature", "properties": { "gnis_name": "Río Coamo", "streamorde": 4, "lengthkm": 0.0429102, "totdasqkm": 24.21330013 }, "geometry": { "type": "LineString", "coordinates": [ [ -66.3659, 18.1145 ], [ -66.3661, 18.1142 ] ] } },
{ "type": "Feature", "properties": { "gnis_name": "Río Coamo", "streamorde": 4, "lengthkm": 0.16719389, "totdasqkm": 29.26130016 }, "geometry": { "type": "LineString", "coordinates": [ [ -66.3631, 18.0973 ], [ -66.3618, 18.0965 ] ] } },
{ "type": "Feature", "properties": { "gnis_name": "Río Blanco", "streamorde": 4, "lengthkm": 0.16312477, "totdasqkm": 96.03160035 }, "geometry": { "type": "LineString", "coordinates": [ [ -66.888, 18.2534 ], [ -66.8891, 18.2544 ] ] } },
{ "type": "Feature", "properties": { "gnis_name": "Río Guajataca", "streamorde": 3, "lengthkm": 0.32363137, "totdasqkm": 73.56749989000001 }, "geometry": { "type": "LineString", "coordinates": [ [ -66.9232, 18.3984 ], [ -66.9247, 18.3985 ], [ -66.926, 18.398 ] ] } },
{ "type": "Feature", "properties": { "gnis_name": "Río Viví", "streamorde": 3, "lengthkm": 0.27393817, "totdasqkm": 18.83049998 }, "geometry": { "type": "LineString", "coordinates": [ [ -66.6868, 18.2302 ], [ -66.6878, 18.2322 ] ] } },
{ "type": "Feature", "properties": { "gnis_name": "Río Loco", "streamorde": 5, "lengthkm": 0.13512987, "totdasqkm": 154.4608003 }, "geometry": { "type": "LineString", "coordinates": [ [ -66.9177, 17.982 ], [ -66.9183, 17.9811 ] ] } },
{ "type": "Feature", "properties": { "gnis_name": null, "streamorde": 4, "lengthkm": 0.22573387, "totdasqkm": 17.7855999 }, "geometry": { "type": "LineString", "coordinates": [ [ -67.0633, 18.2453 ], [ -67.065, 18.2464 ] ] } },
{ "type": "Feature", "properties": { "gnis_name": null, "streamorde": 3, "lengthkm": 0.35868677, "totdasqkm": 3.11360012 }, "geometry": { "type": "LineString", "coordinates": [ [ -65.5202, 18.0888 ], [ -65.5197, 18.0885 ], [ -65.5172, 18.0898 ] ] } },
{ "type": "Feature", "properties": { "gnis_name": "Río Grande De Loiza", "streamorde": 6, "lengthkm": 0.13547707, "totdasqkm": 476.44260014000002 }, "geometry": { "type": "LineString", "coordinates": [ [ -66.0084, 18.2719 ], [ -66.0084, 18.2731 ] ] } },
{ "type": "Feature", "properties": { "gnis_name": "Río Cerrillos", "streamorde": 3, "lengthkm": 1.271, "totdasqkm": 11.8826 }, "geometry": { "type": "LineString", "coordinates": [ [ -66.6125, 18.1352 ], [ -66.6099, 18.1348 ], [ -66.6113, 18.133 ], [ -66.6088, 18.1323 ], [ -66.6087, 18.1303 ], [ -66.6072, 18.1294 ] ] } },
{ "type": "Feature", "properties": { "gnis_name": null, "streamorde": 3, "lengthkm": 0.26946694, "totdasqkm": 156.25489953 }, "geometry": { "type": "LineString", "coordinates": [ [ -66.7153, 18.4688 ], [ -66.7139, 18.4708 ] ] } },
{ "type": "Feature", "properties": { "gnis_name": "Río Bucarabones", "streamorde": 4, "lengthkm": 1.90177639, "totdasqkm": 22.48270001 }, "geometry": { "type": "LineString", "coordinates": [ [ -66.9421, 18.2109 ], [ -66.9434, 18.2139 ], [ -66.9435, 18.2154 ], [ -66.9446, 18.2158 ], [ -66.9463, 18.2154 ], [ -66.9464, 18.2157 ], [ -66.9446, 18.2183 ], [ -66.943, 18.2164 ], [ -66.9407, 18.2161 ], [ -66.9401, 18.2168 ] ] } },
{ "type": "Feature", "properties": { "gnis_name": "Río Duey", "streamorde": 3, "lengthkm": 0.216, "totdasqkm": 15.96199995 }, "geometry": { "type": "LineString", "coordinates": [ [ -67.067, 18.1441 ], [ -67.0679, 18.1438 ], [ -67.0689, 18.1442 ] ] } },
{ "type": "Feature", "properties": { "gnis_name": "Río de la Plata", "streamorde": 4, "lengthkm": 0.1226356, "totdasqkm": 47.51460013 }, "geometry": { "type": "LineString", "coordinates": [ [ -66.123, 18.1136 ], [ -66.1239, 18.1142 ] ] } },
{ "type": "Feature", "properties": { "gnis_name": null, "streamorde": 4, "lengthkm": 0.2301662, "totdasqkm": 30.87709993 }, "geometry": { "type": "LineString", "coordinates": [ [ -66.5462, 18.0651 ], [ -66.5463, 18.063 ] ] } },
{ "type": "Feature", "properties": { "gnis_name": null, "streamorde": 3, "lengthkm": 0.028, "totdasqkm": 12.40009998 }, "geometry": { "type": "LineString", "coordinates": [ [ -65.7922, 18.0993 ], [ -65.792, 18.0992 ] ] } },
{ "type": "Feature", "properties": { "gnis_name": "Río Sonador", "streamorde": 3, "lengthkm": 1.89105841, "totdasqkm": 16.78450003 }, "geometry": { "type": "LineString", "coordinates": [ [ -67.0076, 18.3113 ], [ -67.0076, 18.3123 ], [ -67.0085, 18.3125 ], [ -67.0083, 18.3132 ], [ -67.0089, 18.3132 ], [ -67.0095, 18.3141 ], [ -67.0104, 18.3136 ], [ -67.0102, 18.3142 ], [ -67.0107, 18.3144 ], [ -67.0108, 18.3151 ], [ -67.0117, 18.316 ], [ -67.0124, 18.3159 ], [ -67.012, 18.3179 ], [ -67.0128, 18.3184 ], [ -67.0124, 18.3188 ], [ -67.0151, 18.32 ] ] } },
{ "type": "Feature", "properties": { "gnis_name": null, "streamorde": 3, "lengthkm": 0.35219535, "totdasqkm": 1.99799993 }, "geometry": { "type": "LineString", "coordinates": [ [ -65.9775, 18.267 ], [ -65.9806, 18.266 ] ] } },
{ "type": "Feature", "properties": { "gnis_name": "Río de la Plata", "streamorde": 5, "lengthkm": 0.33681252, "totdasqkm": 384.02590010999995 }, "geometry": { "type": "LineString", "coordinates": [ [ -66.2105, 18.2936 ], [ -66.209, 18.2945 ], [ -66.2085, 18.2958 ] ] } },
{ "type": "Feature", "properties": { "gnis_name": "Río Yauco", "streamorde": 3, "lengthkm": 0.936, "totdasqkm": 11.77120004 }, "geometry": { "type": "LineString", "coordinates": [ [ -66.8848, 18.1191 ], [ -66.8823, 18.1175 ], [ -66.88, 18.1175 ], [ -66.8787, 18.1186 ], [ -66.8773, 18.1178 ] ] } },
{ "type": "Feature", "properties": { "gnis_name": null, "streamorde": 3, "lengthkm": 2.06982579, "totdasqkm": 4.40969993 }, "geometry": { "type": "LineString", "coordinates": [ [ -66.2731, 18.3616 ], [ -66.2724, 18.3631 ], [ -66.2711, 18.364 ], [ -66.27, 18.3654 ], [ -66.267, 18.3663 ], [ -66.2675, 18.3675 ], [ -66.267, 18.3684 ], [ -66.2675, 18.3685 ], [ -66.2678, 18.3714 ], [ -66.2696, 18.3727 ], [ -66.2699, 18.3741 ], [ -66.2705, 18.3741 ] ] } },
{ "type": "Feature", "properties": { "gnis_name": null, "streamorde": 3, "lengthkm": 1.049, "totdasqkm": 9.22379995 }, "geometry": { "type": "LineString", "coordinates": [ [ -66.0762, 18.4044 ], [ -66.0748, 18.4051 ], [ -66.0754, 18.4129 ] ] } },
{ "type": "Feature", "properties": { "gnis_name": "Río Grande de Manati", "streamorde": 5, "lengthkm": 0.52254088, "totdasqkm": 409.7830001 }, "geometry": { "type": "LineString", "coordinates": [ [ -66.487, 18.3764 ], [ -66.489, 18.3779 ], [ -66.4913, 18.3783 ] ] } },
{ "type": "Feature", "properties": { "gnis_name": "Río Grande", "streamorde": 3, "lengthkm": 0.08916381, "totdasqkm": 19.12090003 }, "geometry": { "type": "LineString", "coordinates": [ [ -66.9408, 18.0897 ], [ -66.941, 18.089 ] ] } },
{ "type": "Feature", "properties": { "gnis_name": "Río Piedras", "streamorde": 3, "lengthkm": 0.662, "totdasqkm": 14.30110017 }, "geometry": { "type": "LineString", "coordinates": [ [ -66.0662, 18.3485 ], [ -66.0668, 18.349 ], [ -66.0673, 18.3542 ] ] } },
{ "type": "Feature", "properties": { "gnis_name": null, "streamorde": 3, "lengthkm": 0.05623303, "totdasqkm": 4.47879996 }, "geometry": { "type": "LineString", "coordinates": [ [ -67.1584, 18.2584 ], [ -67.1587, 18.2588 ] ] } },
{ "type": "Feature", "properties": { "gnis_name": null, "streamorde": 3, "lengthkm": 3.57, "totdasqkm": 22.96450033 }, "geometry": { "type": "LineString", "coordinates": [ [ -66.6428, 18.0958 ], [ -66.6432, 18.0951 ], [ -66.6424, 18.0935 ], [ -66.6412, 18.0941 ], [ -66.6394, 18.0931 ], [ -66.6407, 18.092 ], [ -66.64, 18.0893 ], [ -66.6413, 18.0874 ], [ -66.6399, 18.0849 ], [ -66.6399, 18.0836 ], [ -66.6386, 18.0833 ], [ -66.6391, 18.082 ], [ -66.639, 18.0808 ], [ -66.6382, 18.0804 ], [ -66.6368, 18.0809 ], [ -66.6362, 18.0806 ], [ -66.6366, 18.0785 ], [ -66.6358, 18.0776 ], [ -66.6329, 18.0771 ], [ -66.6333, 18.0756 ] ] } },
{ "type": "Feature", "properties": { "gnis_name": "Río Grande De Loiza", "streamorde": 5, "lengthkm": 2.62941593, "totdasqkm": 135.90560003 }, "geometry": { "type": "LineString", "coordinates": [ [ -65.989, 18.2046 ], [ -65.9902, 18.2081 ], [ -65.9925, 18.2088 ], [ -65.9979, 18.2069 ], [ -66.0001, 18.2092 ], [ -66.0003, 18.2109 ], [ -65.9994, 18.2179 ] ] } },
{ "type": "Feature", "properties": { "gnis_name": "Río Grande de Jayuya", "streamorde": 4, "lengthkm": 0.48945101, "totdasqkm": 71.38680018 }, "geometry": { "type": "LineString", "coordinates": [ [ -66.6243, 18.2031 ], [ -66.6288, 18.2022 ] ] } },
{ "type": "Feature", "properties": { "gnis_name": "Río Blanco", "streamorde": 3, "lengthkm": 0.668, "totdasqkm": 28.52040012 }, "geometry": { "type": "LineString", "coordinates": [ [ -65.7851, 18.2394 ], [ -65.7834, 18.2355 ], [ -65.7837, 18.2337 ] ] } },
{ "type": "Feature", "properties": { "gnis_name": "Río Anton Ruiz", "streamorde": 4, "lengthkm": 1.09, "totdasqkm": 29.61579992 }, "geometry": { "type": "LineString", "coordinates": [ [ -65.77, 18.18 ], [ -65.7607, 18.1758 ] ] } },
{ "type": "Feature", "properties": { "gnis_name": "Río Nigua", "streamorde": 4, "lengthkm": 1.21804152, "totdasqkm": 110.39539955000001 }, "geometry": { "type": "LineString", "coordinates": [ [ -66.2595, 18.0156 ], [ -66.2603, 18.0134 ], [ -66.2629, 18.0123 ], [ -66.2637, 18.0098 ], [ -66.2667, 18.0082 ] ] } },
{ "type": "Feature", "properties": { "gnis_name": null, "streamorde": 3, "lengthkm": 0.608, "totdasqkm": 4.10329981 }, "geometry": { "type": "LineString", "coordinates": [ [ -67.103, 18.2124 ], [ -67.1035, 18.2119 ], [ -67.1039, 18.2123 ], [ -67.1055, 18.2118 ], [ -67.1069, 18.2124 ], [ -67.1074, 18.2133 ] ] } },
{ "type": "Feature", "properties": { "gnis_name": "Río Grande de Manati", "streamorde": 3, "lengthkm": 0.21545496, "totdasqkm": 37.9065997 }, "geometry": { "type": "LineString", "coordinates": [ [ -66.3524, 18.2726 ], [ -66.3525, 18.2718 ], [ -66.3535, 18.2719 ] ] } },
{ "type": "Feature", "properties": { "gnis_name": "Río Arroyata", "streamorde": 4, "lengthkm": 0.00845063, "totdasqkm": 41.62679994 }, "geometry": { "type": "LineString", "coordinates": [ [ -66.2085, 18.2395 ], [ -66.2085, 18.2396 ] ] } },
{ "type": "Feature", "properties": { "gnis_name": null, "streamorde": 3, "lengthkm": 0.22702007, "totdasqkm": 47.76469983 }, "geometry": { "type": "LineString", "coordinates": [ [ -66.4492, 18.2414 ], [ -66.4494, 18.2419 ], [ -66.4486, 18.2432 ] ] } },
{ "type": "Feature", "properties": { "gnis_name": "Río Jauca", "streamorde": 3, "lengthkm": 1.03354523, "totdasqkm": 15.90119999 }, "geometry": { "type": "LineString", "coordinates": [ [ -66.6519, 18.196 ], [ -66.6502, 18.1973 ], [ -66.6489, 18.1971 ], [ -66.6465, 18.198 ], [ -66.6469, 18.1991 ], [ -66.6483, 18.1987 ], [ -66.6485, 18.1993 ] ] } },
{ "type": "Feature", "properties": { "gnis_name": null, "streamorde": 3, "lengthkm": 0.057, "totdasqkm": 10.37569979 }, "geometry": { "type": "LineString", "coordinates": [ [ -65.7037, 18.3495 ], [ -65.7032, 18.3495 ] ] } },
{ "type": "Feature", "properties": { "gnis_name": null, "streamorde": 3, "lengthkm": 0.51443223, "totdasqkm": 10.74759991 }, "geometry": { "type": "LineString", "coordinates": [ [ -66.1232, 18.1408 ], [ -66.1248, 18.1396 ], [ -66.1275, 18.1397 ] ] } },
{ "type": "Feature", "properties": { "gnis_name": "Río de Bayamón", "streamorde": 4, "lengthkm": 0.35263889, "totdasqkm": 92.46419991 }, "geometry": { "type": "LineString", "coordinates": [ [ -66.1403, 18.3194 ], [ -66.1412, 18.3204 ], [ -66.1416, 18.3222 ] ] } },
{ "type": "Feature", "properties": { "gnis_name": "Río Blanco", "streamorde": 4, "lengthkm": 0.50468285, "totdasqkm": 38.4031002 }, "geometry": { "type": "LineString", "coordinates": [ [ -66.7977, 18.1996 ], [ -66.798, 18.2007 ], [ -66.7972, 18.2029 ], [ -66.7979, 18.2035 ] ] } },
{ "type": "Feature", "properties": { "gnis_name": "Río Toro Negro", "streamorde": 4, "lengthkm": 0.07737702, "totdasqkm": 74.1695 }, "geometry": { "type": "LineString", "coordinates": [ [ -66.5015, 18.2705 ], [ -66.5013, 18.2711 ] ] } },
{ "type": "Feature", "properties": { "gnis_name": "Río Cibuco", "streamorde": 4, "lengthkm": 1.11167567, "totdasqkm": 47.81749985 }, "geometry": { "type": "LineString", "coordinates": [ [ -66.3553, 18.3596 ], [ -66.356, 18.3597 ], [ -66.3571, 18.3609 ], [ -66.3565, 18.3623 ], [ -66.3532, 18.364 ], [ -66.3515, 18.3658 ] ] } },
{ "type": "Feature", "properties": { "gnis_name": "Río Guaonica", "streamorde": 3, "lengthkm": 0.48494303, "totdasqkm": 16.20560029 }, "geometry": { "type": "LineString", "coordinates": [ [ -66.7313, 18.2531 ], [ -66.729, 18.2534 ], [ -66.7281, 18.2552 ] ] } },
{ "type": "Feature", "properties": { "gnis_name": "Río Grande De Loiza", "streamorde": 6, "lengthkm": 1.61609522, "totdasqkm": 616.29329944999995 }, "geometry": { "type": "LineString", "coordinates": [ [ -65.9511, 18.3737 ], [ -65.9517, 18.3755 ], [ -65.9518, 18.3782 ], [ -65.9505, 18.3822 ], [ -65.9481, 18.3846 ], [ -65.9467, 18.3848 ], [ -65.9459, 18.3842 ] ] } },
{ "type": "Feature", "properties": { "gnis_name": "Río de Bayamón", "streamorde": 4, "lengthkm": 0.94920612, "totdasqkm": 70.80600008 }, "geometry": { "type": "LineString", "coordinates": [ [ -66.1391, 18.2779 ], [ -66.1391, 18.2791 ], [ -66.1398, 18.2796 ], [ -66.1406, 18.2796 ], [ -66.1406, 18.2783 ], [ -66.1413, 18.2777 ], [ -66.1433, 18.2785 ], [ -66.1439, 18.2796 ] ] } },
{ "type": "Feature", "properties": { "gnis_name": null, "streamorde": 3, "lengthkm": 0.04856032, "totdasqkm": 1.82879992 }, "geometry": { "type": "LineString", "coordinates": [ [ -65.9958, 18.2655 ], [ -65.9958, 18.2659 ] ] } },
{ "type": "Feature", "properties": { "gnis_name": "Río Grande De Loiza", "streamorde": 4, "lengthkm": 0.8692188, "totdasqkm": 42.0572001 }, "geometry": { "type": "LineString", "coordinates": [ [ -65.9809, 18.1357 ], [ -65.9801, 18.1403 ], [ -65.9791, 18.1414 ], [ -65.979, 18.1431 ] ] } },
{ "type": "Feature", "properties": { "gnis_name": "Río Yunes", "streamorde": 3, "lengthkm": 1.55465759, "totdasqkm": 27.11710009 }, "geometry": { "type": "LineString", "coordinates": [ [ -66.5703, 18.3022 ], [ -66.5703, 18.3029 ], [ -66.5714, 18.3039 ], [ -66.5709, 18.3048 ], [ -66.5714, 18.306 ], [ -66.5718, 18.3064 ], [ -66.5726, 18.306 ], [ -66.5723, 18.3074 ], [ -66.573, 18.3088 ], [ -66.5735, 18.3092 ], [ -66.5757, 18.3092 ], [ -66.5754, 18.3107 ], [ -66.5758, 18.3111 ] ] } },
{ "type": "Feature", "properties": { "gnis_name": null, "streamorde": 3, "lengthkm": 0.20885649, "totdasqkm": 4.36450004 }, "geometry": { "type": "LineString", "coordinates": [ [ -67.1309, 18.1348 ], [ -67.1327, 18.1346 ] ] } },
{ "type": "Feature", "properties": { "gnis_name": "Río Blanco", "streamorde": 4, "lengthkm": 0.19633845, "totdasqkm": 95.42240044 }, "geometry": { "type": "LineString", "coordinates": [ [ -66.8852, 18.2477 ], [ -66.8869, 18.2471 ] ] } },
{ "type": "Feature", "properties": { "gnis_name": "Río Orocovis", "streamorde": 4, "lengthkm": 0.06631801, "totdasqkm": 68.7139 }, "geometry": { "type": "LineString", "coordinates": [ [ -66.3822, 18.2739 ], [ -66.3826, 18.2743 ] ] } },
{ "type": "Feature", "properties": { "gnis_name": "Río Caonillas", "streamorde": 4, "lengthkm": 0.92233574, "totdasqkm": 114.39849984 }, "geometry": { "type": "LineString", "coordinates": [ [ -66.6507, 18.2522 ], [ -66.6514, 18.254 ], [ -66.6553, 18.2548 ], [ -66.6564, 18.2554 ], [ -66.6569, 18.2565 ] ] } },
{ "type": "Feature", "properties": { "gnis_name": null, "streamorde": 3, "lengthkm": 0.57449843, "totdasqkm": 20.86120003 }, "geometry": { "type": "LineString", "coordinates": [ [ -65.9567, 18.3605 ], [ -65.9571, 18.3612 ], [ -65.9564, 18.3627 ], [ -65.9587, 18.3634 ] ] } },
{ "type": "Feature", "properties": { "gnis_name": null, "streamorde": 4, "lengthkm": 0.04742373, "totdasqkm": 27.84479995 }, "geometry": { "type": "LineString", "coordinates": [ [ -67.1123, 18.2701 ], [ -67.1127, 18.2702 ] ] } },
{ "type": "Feature", "properties": { "gnis_name": "Río Grande De Loiza", "streamorde": 5, "lengthkm": 0.54173949, "totdasqkm": 276.57059988999998 }, "geometry": { "type": "LineString", "coordinates": [ [ -66.0129, 18.2594 ], [ -66.0137, 18.2615 ], [ -66.0137, 18.2642 ] ] } },
{ "type": "Feature", "properties": { "gnis_name": "Río Tallaboa", "streamorde": 3, "lengthkm": 2.34, "totdasqkm": 22.20690013 }, "geometry": { "type": "LineString", "coordinates": [ [ -66.6973, 18.076 ], [ -66.6964, 18.0743 ], [ -66.6946, 18.0727 ], [ -66.6945, 18.0715 ], [ -66.6956, 18.0712 ], [ -66.6992, 18.0719 ], [ -66.7008, 18.0714 ], [ -66.7004, 18.0686 ], [ -66.6983, 18.0686 ], [ -66.6971, 18.068 ], [ -66.6964, 18.0664 ], [ -66.6964, 18.066 ], [ -66.6972, 18.066 ] ] } },
{ "type": "Feature", "properties": { "gnis_name": "Río Viví", "streamorde": 3, "lengthkm": 2.6295816, "totdasqkm": 20.50569994 }, "geometry": { "type": "LineString", "coordinates": [ [ -66.6878, 18.2322 ], [ -66.6858, 18.233 ], [ -66.6846, 18.2326 ], [ -66.6831, 18.2351 ], [ -66.6836, 18.2358 ], [ -66.6836, 18.2394 ], [ -66.685, 18.2403 ], [ -66.6842, 18.2413 ], [ -66.6853, 18.2413 ], [ -66.6852, 18.243 ], [ -66.6864, 18.2425 ], [ -66.6864, 18.2442 ], [ -66.6873, 18.2447 ], [ -66.6862, 18.2459 ], [ -66.6862, 18.2467 ] ] } },
{ "type": "Feature", "properties": { "gnis_name": "Río Grande de Arecibo", "streamorde": 6, "lengthkm": 1.60511143, "totdasqkm": 448.35769991000001 }, "geometry": { "type": "LineString", "coordinates": [ [ -66.6838, 18.419 ], [ -66.6841, 18.4203 ], [ -66.6863, 18.4213 ], [ -66.6874, 18.4228 ], [ -66.6884, 18.4227 ], [ -66.6894, 18.4214 ], [ -66.6906, 18.4224 ], [ -66.6907, 18.4236 ], [ -66.6919, 18.4245 ], [ -66.6935, 18.4249 ] ] } },
{ "type": "Feature", "properties": { "gnis_name": "Río Guaynabo", "streamorde": 4, "lengthkm": 1.0999606, "totdasqkm": 31.12489987 }, "geometry": { "type": "LineString", "coordinates": [ [ -66.1133, 18.3541 ], [ -66.1152, 18.3564 ], [ -66.1141, 18.3581 ], [ -66.1181, 18.3608 ] ] } },
{ "type": "Feature", "properties": { "gnis_name": "Río Grande de Patillas", "streamorde": 3, "lengthkm": 0.03493548, "totdasqkm": 43.35169993 }, "geometry": { "type": "LineString", "coordinates": [ [ -66.0379, 18.0453 ], [ -66.0379, 18.045 ] ] } },
{ "type": "Feature", "properties": { "gnis_name": "Río Blanco", "streamorde": 4, "lengthkm": 0.15423328, "totdasqkm": 76.3702003 }, "geometry": { "type": "LineString", "coordinates": [ [ -66.8358, 18.2292 ], [ -66.8365, 18.2295 ], [ -66.8369, 18.2289 ] ] } },
{ "type": "Feature", "properties": { "gnis_name": "Río de la Plata", "streamorde": 4, "lengthkm": 0.02139382, "totdasqkm": 108.16619991 }, "geometry": { "type": "LineString", "coordinates": [ [ -66.1632, 18.1382 ], [ -66.1634, 18.1381 ] ] } },
{ "type": "Feature", "properties": { "gnis_name": null, "streamorde": 4, "lengthkm": 0.753, "totdasqkm": 112.40950023 }, "geometry": { "type": "LineString", "coordinates": [ [ -66.5043, 18.0825 ], [ -66.5056, 18.0787 ], [ -66.5049, 18.0774 ], [ -66.5037, 18.077 ] ] } },
{ "type": "Feature", "properties": { "gnis_name": "Río Grande de Manati", "streamorde": 3, "lengthkm": 0.04083563, "totdasqkm": 37.71659972 }, "geometry": { "type": "LineString", "coordinates": [ [ -66.3524, 18.273 ], [ -66.3524, 18.2726 ] ] } },
{ "type": "Feature", "properties": { "gnis_name": "Río Blanco", "streamorde": 3, "lengthkm": 0.12076933, "totdasqkm": 64.59700007 }, "geometry": { "type": "LineString", "coordinates": [ [ -65.7465, 18.1992 ], [ -65.7462, 18.1984 ] ] } },
{ "type": "Feature", "properties": { "gnis_name": "Río Canovanillas", "streamorde": 3, "lengthkm": 0.50851675, "totdasqkm": 26.61100018 }, "geometry": { "type": "LineString", "coordinates": [ [ -65.9089, 18.3237 ], [ -65.9086, 18.3248 ], [ -65.9093, 18.3263 ], [ -65.9092, 18.3279 ] ] } },
{ "type": "Feature", "properties": { "gnis_name": null, "streamorde": 3, "lengthkm": 0.044, "totdasqkm": 15.42130013 }, "geometry": { "type": "LineString", "coordinates": [ [ -65.7228, 18.3556 ], [ -65.7227, 18.3559 ] ] } },
{ "type": "Feature", "properties": { "gnis_name": null, "streamorde": 5, "lengthkm": 0.12668569, "totdasqkm": 173.7615997 }, "geometry": { "type": "LineString", "coordinates": [ [ -66.7065, 18.2966 ], [ -66.7063, 18.2977 ] ] } },
{ "type": "Feature", "properties": { "gnis_name": "Caño de Martín Peña", "streamorde": 3, "lengthkm": 0.35908439, "totdasqkm": 19.55680001 }, "geometry": { "type": "LineString", "coordinates": [ [ -66.0178, 18.4213 ], [ -66.0207, 18.423 ] ] } },
{ "type": "Feature", "properties": { "gnis_name": "Río Grande De Loiza", "streamorde": 6, "lengthkm": 0.00204176, "totdasqkm": 486.55560006000002 }, "geometry": { "type": "LineString", "coordinates": [ ] } },
{ "type": "Feature", "properties": { "gnis_name": "Río Botijas", "streamorde": 3, "lengthkm": 0.84027487, "totdasqkm": 31.77320005 }, "geometry": { "type": "LineString", "coordinates": [ [ -66.369, 18.2318 ], [ -66.3732, 18.2328 ], [ -66.3744, 18.2321 ], [ -66.3752, 18.2337 ] ] } },
{ "type": "Feature", "properties": { "gnis_name": "Río Toro Negro", "streamorde": 4, "lengthkm": 0.90524626, "totdasqkm": 69.89049991 }, "geometry": { "type": "LineString", "coordinates": [ [ -66.5055, 18.2635 ], [ -66.5069, 18.2634 ], [ -66.5112, 18.2618 ], [ -66.5118, 18.264 ] ] } },
{ "type": "Feature", "properties": { "gnis_name": "Río Guanajibo", "streamorde": 4, "lengthkm": 0.55596801, "totdasqkm": 67.32189972 }, "geometry": { "type": "LineString", "coordinates": [ [ -66.9954, 18.0702 ], [ -67.0005, 18.0709 ] ] } },
{ "type": "Feature", "properties": { "gnis_name": null, "streamorde": 3, "lengthkm": 0.36678814, "totdasqkm": 6.02619983 }, "geometry": { "type": "LineString", "coordinates": [ [ -66.1505, 18.1775 ], [ -66.1497, 18.1807 ] ] } },
{ "type": "Feature", "properties": { "gnis_name": "Río Guayanés", "streamorde": 4, "lengthkm": 0.86, "totdasqkm": 25.74409976 }, "geometry": { "type": "LineString", "coordinates": [ [ -65.9314, 18.0679 ], [ -65.9287, 18.066 ], [ -65.927, 18.0631 ], [ -65.9259, 18.0627 ] ] } },
{ "type": "Feature", "properties": { "gnis_name": "Río Canóvanas", "streamorde": 3, "lengthkm": 8.3360413, "totdasqkm": 45.11139996 }, "geometry": { "type": "LineString", "coordinates": [ [ -65.8983, 18.3576 ], [ -65.8975, 18.3581 ], [ -65.8952, 18.3562 ], [ -65.8925, 18.358 ], [ -65.8902, 18.3578 ], [ -65.8885, 18.3587 ], [ -65.8871, 18.3588 ], [ -65.8865, 18.3599 ], [ -65.8878, 18.3622 ], [ -65.8897, 18.3622 ], [ -65.89, 18.364 ], [ -65.8894, 18.3644 ], [ -65.8894, 18.365 ], [ -65.8923, 18.3656 ], [ -65.8944, 18.367 ], [ -65.8953, 18.3669 ], [ -65.8963, 18.3659 ], [ -65.8973, 18.3661 ], [ -65.8977, 18.3675 ], [ -65.8956, 18.3684 ], [ -65.8954, 18.3689 ], [ -65.8961, 18.3715 ], [ -65.8953, 18.3716 ], [ -65.8941, 18.3706 ], [ -65.8935, 18.3711 ], [ -65.893, 18.3707 ], [ -65.8935, 18.3731 ], [ -65.8945, 18.3752 ], [ -65.8936, 18.3753 ], [ -65.8916, 18.3805 ], [ -65.8923, 18.3809 ], [ -65.8932, 18.3807 ], [ -65.8932, 18.3816 ], [ -65.8939, 18.3822 ], [ -65.8962, 18.3818 ], [ -65.8961, 18.3838 ], [ -65.897, 18.3841 ], [ -65.8976, 18.3833 ], [ -65.8997, 18.386 ], [ -65.8999, 18.3869 ], [ -65.903, 18.3888 ], [ -65.9031, 18.3893 ], [ -65.9023, 18.3899 ], [ -65.9026, 18.3902 ] ] } },
{ "type": "Feature", "properties": { "gnis_name": "Río Guanajibo", "streamorde": 4, "lengthkm": 0.06437013, "totdasqkm": 39.34329982000001 }, "geometry": { "type": "LineString", "coordinates": [ [ -66.9657, 18.0673 ], [ -66.9663, 18.0673 ] ] } },
{ "type": "Feature", "properties": { "gnis_name": "Río Espíritu Santo", "streamorde": 4, "lengthkm": 0.14030221, "totdasqkm": 90.29369993 }, "geometry": { "type": "LineString", "coordinates": [ [ -65.8141, 18.4025 ], [ -65.8131, 18.4031 ] ] } },
{ "type": "Feature", "properties": { "gnis_name": null, "streamorde": 5, "lengthkm": 0.00840162, "totdasqkm": 537.8001002000001 }, "geometry": { "type": "LineString", "coordinates": [ [ -66.2614, 18.422 ], [ -66.2614, 18.4221 ] ] } },
{ "type": "Feature", "properties": { "gnis_name": "Río de Bayamón", "streamorde": 4, "lengthkm": 0.56607401, "totdasqkm": 27.53959982 }, "geometry": { "type": "LineString", "coordinates": [ [ -66.1396, 18.2057 ], [ -66.1385, 18.2071 ], [ -66.139, 18.2102 ] ] } },
{ "type": "Feature", "properties": { "gnis_name": "Río Yagüez", "streamorde": 3, "lengthkm": 0.00768661, "totdasqkm": 13.48219997 }, "geometry": { "type": "LineString", "coordinates": [ [ -67.0899, 18.2005 ], [ -67.09, 18.2005 ] ] } },
{ "type": "Feature", "properties": { "gnis_name": null, "streamorde": 3, "lengthkm": 1.10747492, "totdasqkm": 13.35210006 }, "geometry": { "type": "LineString", "coordinates": [ [ -65.9918, 18.3322 ], [ -65.9911, 18.3333 ], [ -65.9898, 18.3338 ], [ -65.9897, 18.3345 ], [ -65.9884, 18.335 ], [ -65.9886, 18.3356 ], [ -65.99, 18.3362 ], [ -65.9903, 18.3373 ], [ -65.9888, 18.3383 ] ] } },
{ "type": "Feature", "properties": { "gnis_name": "Río Loco", "streamorde": 3, "lengthkm": 0.25251539, "totdasqkm": 22.31679998 }, "geometry": { "type": "LineString", "coordinates": [ [ -66.8882, 18.0379 ], [ -66.8875, 18.0357 ] ] } },
{ "type": "Feature", "properties": { "gnis_name": "Río Guanajibo", "streamorde": 5, "lengthkm": 0.47495863, "totdasqkm": 326.5855996 }, "geometry": { "type": "LineString", "coordinates": [ [ -67.1596, 18.1532 ], [ -67.1608, 18.1534 ], [ -67.1618, 18.1523 ], [ -67.1628, 18.1533 ] ] } },
{ "type": "Feature", "properties": { "gnis_name": null, "streamorde": 4, "lengthkm": 0.082, "totdasqkm": 46.36110004 }, "geometry": { "type": "LineString", "coordinates": [ [ -66.502, 18.1067 ], [ -66.5021, 18.106 ] ] } },
{ "type": "Feature", "properties": { "gnis_name": null, "streamorde": 3, "lengthkm": 0.64, "totdasqkm": 12.39489998 }, "geometry": { "type": "LineString", "coordinates": [ [ -65.7978, 18.1015 ], [ -65.7922, 18.0993 ] ] } },
{ "type": "Feature", "properties": { "gnis_name": "Río Majada", "streamorde": 3, "lengthkm": 1.17255237, "totdasqkm": 46.65570008 }, "geometry": { "type": "LineString", "coordinates": [ [ -66.2178, 18.0348 ], [ -66.2195, 18.0361 ], [ -66.2202, 18.0348 ], [ -66.2223, 18.034 ], [ -66.2229, 18.0328 ], [ -66.2257, 18.0307 ] ] } },
{ "type": "Feature", "properties": { "gnis_name": "Río Tanamá", "streamorde": 3, "lengthkm": 1.93457668, "totdasqkm": 6.47139999 }, "geometry": { "type": "LineString", "coordinates": [ [ -66.7606, 18.2181 ], [ -66.7651, 18.2198 ], [ -66.7653, 18.2191 ], [ -66.7662, 18.2187 ], [ -66.766, 18.2201 ], [ -66.7682, 18.2205 ], [ -66.7695, 18.2212 ], [ -66.7698, 18.2227 ], [ -66.7694, 18.2232 ], [ -66.7719, 18.2239 ], [ -66.7716, 18.2246 ] ] } },
{ "type": "Feature", "properties": { "gnis_name": null, "streamorde": 3, "lengthkm": 0.22, "totdasqkm": 50.82760031 }, "geometry": { "type": "LineString", "coordinates": [ [ -65.6614, 18.3051 ], [ -65.6602, 18.3067 ] ] } },
{ "type": "Feature", "properties": { "gnis_name": null, "streamorde": 3, "lengthkm": 0.984, "totdasqkm": 7.03020007 }, "geometry": { "type": "LineString", "coordinates": [ [ -66.8535, 17.9876 ], [ -66.852, 17.9865 ], [ -66.848, 17.9854 ], [ -66.8449, 17.9858 ] ] } },
{ "type": "Feature", "properties": { "gnis_name": "Río Cayaguas", "streamorde": 3, "lengthkm": 1.15878003, "totdasqkm": 10.51320014 }, "geometry": { "type": "LineString", "coordinates": [ [ -65.9436, 18.1069 ], [ -65.9421, 18.107 ], [ -65.9416, 18.1082 ], [ -65.9429, 18.1087 ], [ -65.9434, 18.1106 ], [ -65.9451, 18.1108 ], [ -65.9441, 18.1114 ], [ -65.9438, 18.1125 ] ] } },
{ "type": "Feature", "properties": { "gnis_name": "Río Majada", "streamorde": 3, "lengthkm": 0.42803432, "totdasqkm": 43.44559992 }, "geometry": { "type": "LineString", "coordinates": [ [ -66.209, 18.0431 ], [ -66.2118, 18.0404 ] ] } },
{ "type": "Feature", "properties": { "gnis_name": "Caño Norberto", "streamorde": 3, "lengthkm": 0.03900603, "totdasqkm": 5.32130007 }, "geometry": { "type": "LineString", "coordinates": [ [ -65.9071, 18.4038 ], [ -65.9075, 18.404 ] ] } },
{ "type": "Feature", "properties": { "gnis_name": "Río de Bayamón", "streamorde": 5, "lengthkm": 1.14454064, "totdasqkm": 175.76160004 }, "geometry": { "type": "LineString", "coordinates": [ [ -66.1376, 18.3793 ], [ -66.1359, 18.3829 ], [ -66.1371, 18.3874 ], [ -66.137, 18.3891 ] ] } },
{ "type": "Feature", "properties": { "gnis_name": null, "streamorde": 3, "lengthkm": 0.50579829, "totdasqkm": 7.48189993 }, "geometry": { "type": "LineString", "coordinates": [ [ -66.148, 18.1826 ], [ -66.1473, 18.1834 ], [ -66.1453, 18.1841 ], [ -66.1443, 18.1852 ] ] } },
{ "type": "Feature", "properties": { "gnis_name": "Río Matilde", "streamorde": 3, "lengthkm": 0.23447701, "totdasqkm": 49.27079984 }, "geometry": { "type": "LineString", "coordinates": [ [ -66.6361, 17.9854 ], [ -66.6366, 17.9845 ], [ -66.6376, 17.984 ] ] } },
{ "type": "Feature", "properties": { "gnis_name": "Río Caín", "streamorde": 3, "lengthkm": 0.64095584, "totdasqkm": 5.79859994 }, "geometry": { "type": "LineString", "coordinates": [ [ -67.0068, 18.126 ], [ -67.0095, 18.1258 ], [ -67.0111, 18.1233 ] ] } },
{ "type": "Feature", "properties": { "gnis_name": null, "streamorde": 4, "lengthkm": 0.44931022, "totdasqkm": 54.12310002 }, "geometry": { "type": "LineString", "coordinates": [ [ -66.0817, 18.4224 ], [ -66.0791, 18.4256 ] ] } },
{ "type": "Feature", "properties": { "gnis_name": "Río Guanajibo", "streamorde": 4, "lengthkm": 0.1987491, "totdasqkm": 64.2061998 }, "geometry": { "type": "LineString", "coordinates": [ [ -66.985, 18.0706 ], [ -66.9867, 18.0698 ] ] } },
{ "type": "Feature", "properties": { "gnis_name": "Río Cañas", "streamorde": 4, "lengthkm": 0.58611631, "totdasqkm": 37.98969995 }, "geometry": { "type": "LineString", "coordinates": [ [ -67.1352, 18.2612 ], [ -67.1357, 18.2615 ], [ -67.135, 18.262 ], [ -67.1351, 18.2627 ], [ -67.1361, 18.2622 ], [ -67.1363, 18.2625 ], [ -67.1352, 18.2634 ] ] } },
{ "type": "Feature", "properties": { "gnis_name": null, "streamorde": 3, "lengthkm": 0.25597444, "totdasqkm": 11.64859998 }, "geometry": { "type": "LineString", "coordinates": [ [ -66.0113, 18.0307 ], [ -66.0114, 18.0285 ] ] } },
{ "type": "Feature", "properties": { "gnis_name": "Río Lapa", "streamorde": 3, "lengthkm": 0.48081065, "totdasqkm": 28.60599999 }, "geometry": { "type": "LineString", "coordinates": [ [ -66.2429, 18.0531 ], [ -66.242, 18.0499 ], [ -66.2423, 18.0489 ] ] } },
{ "type": "Feature", "properties": { "gnis_name": null, "streamorde": 3, "lengthkm": 0.281, "totdasqkm": 23.45760017 }, "geometry": { "type": "LineString", "coordinates": [ [ -65.7002, 18.273 ], [ -65.7029, 18.273 ] ] } },
{ "type": "Feature", "properties": { "gnis_name": null, "streamorde": 3, "lengthkm": 1.64503283, "totdasqkm": 11.22290022 }, "geometry": { "type": "LineString", "coordinates": [ [ -65.9377, 18.3241 ], [ -65.9383, 18.3258 ], [ -65.9393, 18.3252 ], [ -65.9398, 18.3256 ], [ -65.9388, 18.3294 ], [ -65.9402, 18.3294 ], [ -65.9416, 18.3288 ], [ -65.9424, 18.3292 ], [ -65.9421, 18.3299 ], [ -65.9399, 18.331 ] ] } },
{ "type": "Feature", "properties": { "gnis_name": "Río Grande De Loiza", "streamorde": 6, "lengthkm": 0.55599774, "totdasqkm": 726.82009988000004 }, "geometry": { "type": "LineString", "coordinates": [ [ -65.9075, 18.404 ], [ -65.9043, 18.408 ] ] } },
{ "type": "Feature", "properties": { "gnis_name": null, "streamorde": 3, "lengthkm": 0.00399998, "totdasqkm": 9.89480001 }, "geometry": { "type": "LineString", "coordinates": [ ] } },
{ "type": "Feature", "properties": { "gnis_name": "Río Unibón", "streamorde": 3, "lengthkm": 0.81067163, "totdasqkm": 14.39780018 }, "geometry": { "type": "LineString", "coordinates": [ [ -66.3758, 18.3381 ], [ -66.376, 18.3392 ], [ -66.3737, 18.3421 ], [ -66.3746, 18.3442 ] ] } },
{ "type": "Feature", "properties": { "gnis_name": "Río Cuyón", "streamorde": 3, "lengthkm": 0.77130703, "totdasqkm": 32.7882998 }, "geometry": { "type": "LineString", "coordinates": [ [ -66.2957, 18.0787 ], [ -66.2975, 18.0772 ], [ -66.3006, 18.0777 ], [ -66.3019, 18.0786 ] ] } },
{ "type": "Feature", "properties": { "gnis_name": "Río Guavate", "streamorde": 3, "lengthkm": 0.32242865, "totdasqkm": 16.40749981 }, "geometry": { "type": "LineString", "coordinates": [ [ -66.1176, 18.1294 ], [ -66.1189, 18.1294 ], [ -66.1201, 18.1285 ] ] } },
{ "type": "Feature", "properties": { "gnis_name": "Río Guaynabo", "streamorde": 4, "lengthkm": 0.57831401, "totdasqkm": 20.75530004 }, "geometry": { "type": "LineString", "coordinates": [ [ -66.0966, 18.3266 ], [ -66.0984, 18.3285 ], [ -66.1, 18.3291 ], [ -66.1005, 18.33 ] ] } },
{ "type": "Feature", "properties": { "gnis_name": null, "streamorde": 3, "lengthkm": 0.66, "totdasqkm": 40.40000041 }, "geometry": { "type": "LineString", "coordinates": [ [ -65.6883, 18.2999 ], [ -65.686, 18.3004 ], [ -65.6831, 18.2983 ] ] } },
{ "type": "Feature", "properties": { "gnis_name": null, "streamorde": 3, "lengthkm": 1.912, "totdasqkm": 50.40960033 }, "geometry": { "type": "LineString", "coordinates": [ [ -65.8173, 18.1471 ], [ -65.8161, 18.1443 ], [ -65.8144, 18.1423 ], [ -65.8044, 18.1356 ] ] } },
{ "type": "Feature", "properties": { "gnis_name": "Río Yauco", "streamorde": 3, "lengthkm": 0.06904295, "totdasqkm": 45.10750029 }, "geometry": { "type": "LineString", "coordinates": [ [ -66.8647, 18.0915 ], [ -66.8649, 18.0909 ] ] } },
{ "type": "Feature", "properties": { "gnis_name": "Río Cerrillos", "streamorde": 4, "lengthkm": 0.80714712, "totdasqkm": 35.16200007 }, "geometry": { "type": "LineString", "coordinates": [ [ -66.5963, 18.112 ], [ -66.5957, 18.1113 ], [ -66.5952, 18.1087 ], [ -66.5918, 18.1072 ] ] } },
{ "type": "Feature", "properties": { "gnis_name": "Río Caonillas", "streamorde": 4, "lengthkm": 0.32571997, "totdasqkm": 97.40169997 }, "geometry": { "type": "LineString", "coordinates": [ [ -66.6422, 18.2237 ], [ -66.6422, 18.2246 ], [ -66.6411, 18.2261 ] ] } },
{ "type": "Feature", "properties": { "gnis_name": null, "streamorde": 3, "lengthkm": 1.5399228, "totdasqkm": 22.67190008 }, "geometry": { "type": "LineString", "coordinates": [ [ -66.9269, 18.0093 ], [ -66.9274, 17.9954 ] ] } },
{ "type": "Feature", "properties": { "gnis_name": "Río Grande De Loiza", "streamorde": 5, "lengthkm": 0.1309606, "totdasqkm": 103.64630002 }, "geometry": { "type": "LineString", "coordinates": [ [ -65.962, 18.1747 ], [ -65.9613, 18.1756 ] ] } },
{ "type": "Feature", "properties": { "gnis_name": "Río de la Plata", "streamorde": 5, "lengthkm": 0.01613438, "totdasqkm": 398.45099992999997 }, "geometry": { "type": "LineString", "coordinates": [ [ -66.2087, 18.2965 ], [ -66.2087, 18.2966 ] ] } },
{ "type": "Feature", "properties": { "gnis_name": "Río Saliente", "streamorde": 3, "lengthkm": 0.09963292, "totdasqkm": 21.13510023 }, "geometry": { "type": "LineString", "coordinates": [ [ -66.5537, 18.2087 ], [ -66.5544, 18.2093 ] ] } },
{ "type": "Feature", "properties": { "gnis_name": "Río Ingenio", "streamorde": 3, "lengthkm": 0.46, "totdasqkm": 5.0049999 }, "geometry": { "type": "LineString", "coordinates": [ [ -67.1833, 18.3339 ], [ -67.1838, 18.336 ], [ -67.1831, 18.3378 ] ] } },
{ "type": "Feature", "properties": { "gnis_name": "Río Caonillas", "streamorde": 4, "lengthkm": 0.88254487, "totdasqkm": 105.68399997 }, "geometry": { "type": "LineString", "coordinates": [ [ -66.6389, 18.2401 ], [ -66.6385, 18.2407 ], [ -66.6387, 18.2424 ], [ -66.6383, 18.2446 ], [ -66.6387, 18.2452 ], [ -66.6409, 18.2465 ] ] } },
{ "type": "Feature", "properties": { "gnis_name": null, "streamorde": 3, "lengthkm": 0.29879433, "totdasqkm": 50.77520029 }, "geometry": { "type": "LineString", "coordinates": [ [ -65.6639, 18.3041 ], [ -65.6628, 18.3039 ], [ -65.6615, 18.3049 ] ] } },
{ "type": "Feature", "properties": { "gnis_name": null, "streamorde": 3, "lengthkm": 0.07480113, "totdasqkm": 47.4372001 }, "geometry": { "type": "LineString", "coordinates": [ [ -65.8045, 18.1348 ], [ -65.8043, 18.1342 ] ] } },
{ "type": "Feature", "properties": { "gnis_name": "Río Turabo", "streamorde": 4, "lengthkm": 0.47364019, "totdasqkm": 71.48649995000001 }, "geometry": { "type": "LineString", "coordinates": [ [ -66.0282, 18.2152 ], [ -66.0272, 18.2157 ], [ -66.0269, 18.2168 ], [ -66.0283, 18.2181 ] ] } },
{ "type": "Feature", "properties": { "gnis_name": null, "streamorde": 3, "lengthkm": 0.13130947, "totdasqkm": 39.35669977 }, "geometry": { "type": "LineString", "coordinates": [ [ -66.4619, 18.2259 ], [ -66.4621, 18.2271 ] ] } },
{ "type": "Feature", "properties": { "gnis_name": "Río Tallaboa", "streamorde": 4, "lengthkm": 0.07834205, "totdasqkm": 62.95070042 }, "geometry": { "type": "LineString", "coordinates": [ [ -66.7217, 18.0454 ], [ -66.7215, 18.0447 ] ] } },
{ "type": "Feature", "properties": { "gnis_name": null, "streamorde": 4, "lengthkm": 1.70660785, "totdasqkm": 19.65629999 }, "geometry": { "type": "LineString", "coordinates": [ [ -67.0902, 18.3487 ], [ -67.0894, 18.3491 ], [ -67.09, 18.3511 ], [ -67.0893, 18.3527 ], [ -67.0894, 18.3549 ], [ -67.0885, 18.3553 ], [ -67.0884, 18.3566 ], [ -67.0891, 18.3581 ], [ -67.0879, 18.3581 ], [ -67.0877, 18.3586 ], [ -67.0892, 18.3588 ], [ -67.0892, 18.3596 ] ] } },
{ "type": "Feature", "properties": { "gnis_name": null, "streamorde": 3, "lengthkm": 0.11016745, "totdasqkm": 18.6280998 }, "geometry": { "type": "LineString", "coordinates": [ [ -65.9661, 18.4125 ], [ -65.966, 18.4135 ] ] } },
{ "type": "Feature", "properties": { "gnis_name": "Río Grande de Añasco", "streamorde": 5, "lengthkm": 0.07455603, "totdasqkm": 172.56489999 }, "geometry": { "type": "LineString", "coordinates": [ [ -66.9189, 18.2586 ], [ -66.9193, 18.2591 ] ] } },
{ "type": "Feature", "properties": { "gnis_name": "Río de Bayamón", "streamorde": 5, "lengthkm": 0.59448233, "totdasqkm": 174.35079997999998 }, "geometry": { "type": "LineString", "coordinates": [ [ -66.135, 18.3748 ], [ -66.137, 18.3768 ], [ -66.1376, 18.3793 ] ] } },
{ "type": "Feature", "properties": { "gnis_name": "Río Majada", "streamorde": 3, "lengthkm": 0.14139987, "totdasqkm": 45.34879994 }, "geometry": { "type": "LineString", "coordinates": [ [ -66.2149, 18.0345 ], [ -66.2162, 18.0345 ] ] } },
{ "type": "Feature", "properties": { "gnis_name": "Río Cibuco", "streamorde": 5, "lengthkm": 0.25261187, "totdasqkm": 214.5649 }, "geometry": { "type": "LineString", "coordinates": [ [ -66.3656, 18.4589 ], [ -66.3642, 18.4607 ] ] } },
{ "type": "Feature", "properties": { "gnis_name": "Río Guayanés", "streamorde": 5, "lengthkm": 6.89519576, "totdasqkm": 71.478899930000011 }, "geometry": { "type": "LineString", "coordinates": [ [ -65.8801, 18.0623 ], [ -65.8783, 18.062 ], [ -65.877, 18.0595 ], [ -65.8755, 18.0597 ], [ -65.875, 18.0604 ], [ -65.8753, 18.0618 ], [ -65.8744, 18.0643 ], [ -65.8739, 18.0643 ], [ -65.8735, 18.0635 ], [ -65.8726, 18.0635 ], [ -65.8718, 18.0648 ], [ -65.8695, 18.0652 ], [ -65.8684, 18.0646 ], [ -65.8675, 18.0657 ], [ -65.8661, 18.0658 ], [ -65.8658, 18.0669 ], [ -65.8651, 18.0671 ], [ -65.8652, 18.0678 ], [ -65.864, 18.0682 ], [ -65.8638, 18.0704 ], [ -65.8615, 18.0717 ], [ -65.8597, 18.0706 ], [ -65.8567, 18.0718 ], [ -65.8543, 18.0719 ], [ -65.8523, 18.0699 ], [ -65.8511, 18.07 ], [ -65.8502, 18.069 ], [ -65.8479, 18.0681 ], [ -65.8429, 18.0702 ], [ -65.8392, 18.0701 ], [ -65.8357, 18.0681 ], [ -65.832, 18.0668 ] ] } },
{ "type": "Feature", "properties": { "gnis_name": null, "streamorde": 3, "lengthkm": 0.44927488, "totdasqkm": 3.38249994 }, "geometry": { "type": "LineString", "coordinates": [ [ -67.1072, 18.3605 ], [ -67.1071, 18.3615 ], [ -67.1083, 18.3619 ], [ -67.1078, 18.3621 ], [ -67.1078, 18.3631 ] ] } },
{ "type": "Feature", "properties": { "gnis_name": "Río Blanco", "streamorde": 4, "lengthkm": 1.29568708, "totdasqkm": 83.97260037 }, "geometry": { "type": "LineString", "coordinates": [ [ -66.8564, 18.233 ], [ -66.8567, 18.2367 ], [ -66.8563, 18.2373 ], [ -66.8537, 18.2381 ], [ -66.8517, 18.2393 ], [ -66.8513, 18.2406 ], [ -66.8522, 18.2409 ] ] } },
{ "type": "Feature", "properties": { "gnis_name": "Río Yagüez", "streamorde": 3, "lengthkm": 0.01758928, "totdasqkm": 11.38160003 }, "geometry": { "type": "LineString", "coordinates": [ [ -67.078, 18.1985 ], [ -67.0779, 18.1987 ] ] } },
{ "type": "Feature", "properties": { "gnis_name": "Río Rosario", "streamorde": 4, "lengthkm": 1.62868065, "totdasqkm": 54.35680016 }, "geometry": { "type": "LineString", "coordinates": [ [ -67.0856, 18.1448 ], [ -67.0865, 18.1443 ], [ -67.0879, 18.1457 ], [ -67.0878, 18.1476 ], [ -67.0867, 18.1483 ], [ -67.0873, 18.149 ], [ -67.0908, 18.1482 ], [ -67.0923, 18.1466 ], [ -67.0923, 18.1449 ] ] } },
{ "type": "Feature", "properties": { "gnis_name": "Río Limón", "streamorde": 4, "lengthkm": 2.01360754, "totdasqkm": 82.41010042000001 }, "geometry": { "type": "LineString", "coordinates": [ [ -66.6126, 18.3248 ], [ -66.6131, 18.3261 ], [ -66.6148, 18.3266 ], [ -66.6165, 18.3254 ], [ -66.6193, 18.3252 ], [ -66.62, 18.3241 ], [ -66.624, 18.3229 ], [ -66.6256, 18.3212 ], [ -66.6279, 18.3206 ] ] } },
{ "type": "Feature", "properties": { "gnis_name": null, "streamorde": 3, "lengthkm": 0.9728951, "totdasqkm": 18.38089979 }, "geometry": { "type": "LineString", "coordinates": [ [ -66.3537, 18.0918 ], [ -66.3519, 18.09 ], [ -66.3518, 18.0881 ], [ -66.3503, 18.0876 ], [ -66.3509, 18.0868 ], [ -66.3506, 18.0851 ] ] } },
{ "type": "Feature", "properties": { "gnis_name": "Río Guanajibo", "streamorde": 4, "lengthkm": 8.39026605, "totdasqkm": 164.50809943000002 }, "geometry": { "type": "LineString", "coordinates": [ [ -67.0812, 18.1068 ], [ -67.0838, 18.1069 ], [ -67.0849, 18.1064 ], [ -67.0866, 18.1067 ], [ -67.0869, 18.1063 ], [ -67.0863, 18.1051 ], [ -67.0871, 18.104 ], [ -67.0876, 18.1044 ], [ -67.0876, 18.1061 ], [ -67.0884, 18.106 ], [ -67.0886, 18.105 ], [ -67.0907, 18.1045 ], [ -67.0935, 18.1066 ], [ -67.0953, 18.1064 ], [ -67.0972, 18.1074 ], [ -67.0987, 18.1067 ], [ -67.0995, 18.1072 ], [ -67.1013, 18.1055 ], [ -67.1031, 18.1052 ], [ -67.1038, 18.1056 ], [ -67.1043, 18.1052 ], [ -67.1049, 18.106 ], [ -67.1057, 18.1054 ], [ -67.108, 18.1063 ], [ -67.1099, 18.1081 ], [ -67.1106, 18.108 ], [ -67.1111, 18.1089 ], [ -67.1122, 18.1085 ], [ -67.113, 18.1096 ], [ -67.115, 18.1103 ], [ -67.1164, 18.1116 ], [ -67.1191, 18.1121 ], [ -67.1198, 18.1118 ], [ -67.1222, 18.1139 ], [ -67.1243, 18.1139 ], [ -67.1263, 18.115 ], [ -67.1272, 18.1168 ], [ -67.127, 18.1177 ], [ -67.1279, 18.1181 ], [ -67.1279, 18.1195 ], [ -67.1285, 18.1194 ], [ -67.1288, 18.1203 ], [ -67.1295, 18.1201 ], [ -67.1296, 18.1208 ], [ -67.1308, 18.1205 ], [ -67.1314, 18.1212 ], [ -67.1321, 18.1206 ], [ -67.1333, 18.1213 ], [ -67.1333, 18.1227 ], [ -67.1354, 18.1248 ] ] } },
{ "type": "Feature", "properties": { "gnis_name": "Río Yauco", "streamorde": 3, "lengthkm": 0.026, "totdasqkm": 45.05650027 }, "geometry": { "type": "LineString", "coordinates": [ [ -66.8646, 18.0917 ], [ -66.8647, 18.0915 ] ] } },
{ "type": "Feature", "properties": { "gnis_name": null, "streamorde": 3, "lengthkm": 1.05150673, "totdasqkm": 14.24380007 }, "geometry": { "type": "LineString", "coordinates": [ [ -66.3088, 18.1496 ], [ -66.3098, 18.1502 ], [ -66.3103, 18.1548 ], [ -66.3099, 18.1559 ], [ -66.3112, 18.1566 ], [ -66.3111, 18.1575 ] ] } },
{ "type": "Feature", "properties": { "gnis_name": "Río Cialitos", "streamorde": 4, "lengthkm": 2.51899092, "totdasqkm": 30.77039989 }, "geometry": { "type": "LineString", "coordinates": [ [ -66.5243, 18.2992 ], [ -66.5242, 18.3 ], [ -66.5224, 18.2996 ], [ -66.5226, 18.3014 ], [ -66.5209, 18.3021 ], [ -66.5208, 18.3032 ], [ -66.5188, 18.3054 ], [ -66.5176, 18.3042 ], [ -66.5166, 18.3038 ], [ -66.5146, 18.3049 ], [ -66.5139, 18.3043 ], [ -66.5111, 18.3044 ], [ -66.5096, 18.3036 ], [ -66.5087, 18.3047 ] ] } },
{ "type": "Feature", "properties": { "gnis_name": null, "streamorde": 3, "lengthkm": 0.87779401, "totdasqkm": 5.61479998 }, "geometry": { "type": "LineString", "coordinates": [ [ -65.9658, 18.2022 ], [ -65.9694, 18.2011 ], [ -65.9693, 18.1992 ], [ -65.9688, 18.1986 ], [ -65.9678, 18.1985 ], [ -65.9677, 18.198 ] ] } },
{ "type": "Feature", "properties": { "gnis_name": "Río Cocal", "streamorde": 3, "lengthkm": 0.57310707, "totdasqkm": 586.35670004000008 }, "geometry": { "type": "LineString", "coordinates": [ [ -66.2078, 18.4645 ], [ -66.2057, 18.4637 ], [ -66.2026, 18.464 ] ] } },
{ "type": "Feature", "properties": { "gnis_name": "Río Grande De Loiza", "streamorde": 6, "lengthkm": 1.8566425, "totdasqkm": 586.70169934 }, "geometry": { "type": "LineString", "coordinates": [ [ -65.9676, 18.3604 ], [ -65.9658, 18.3607 ], [ -65.9648, 18.3623 ], [ -65.9634, 18.3669 ], [ -65.9638, 18.3685 ], [ -65.9635, 18.3713 ], [ -65.9627, 18.3738 ], [ -65.9619, 18.3747 ] ] } },
{ "type": "Feature", "properties": { "gnis_name": "Río Guanajibo", "streamorde": 4, "lengthkm": 0.13876213, "totdasqkm": 85.01459975 }, "geometry": { "type": "LineString", "coordinates": [ [ -67.009, 18.0765 ], [ -67.0102, 18.0768 ] ] } },
{ "type": "Feature", "properties": { "gnis_name": "Río de Bayamón", "streamorde": 3, "lengthkm": 0.52132109, "totdasqkm": 3.43050001 }, "geometry": { "type": "LineString", "coordinates": [ [ -66.1257, 18.171 ], [ -66.1261, 18.172 ], [ -66.1269, 18.1718 ], [ -66.1269, 18.1731 ], [ -66.1281, 18.1728 ] ] } },
{ "type": "Feature", "properties": { "gnis_name": null, "streamorde": 6, "lengthkm": 0.01693979, "totdasqkm": 447.45039995000002 }, "geometry": { "type": "LineString", "coordinates": [ [ -66.6831, 18.4168 ], [ -66.683, 18.4169 ] ] } },
{ "type": "Feature", "properties": { "gnis_name": null, "streamorde": 3, "lengthkm": 0.0564428, "totdasqkm": 6.6423999 }, "geometry": { "type": "LineString", "coordinates": [ [ -65.4686, 18.0944 ], [ -65.4687, 18.0939 ] ] } },
{ "type": "Feature", "properties": { "gnis_name": null, "streamorde": 3, "lengthkm": 1.02, "totdasqkm": 27.09530011 }, "geometry": { "type": "LineString", "coordinates": [ [ -66.6353, 18.0662 ], [ -66.633, 18.0624 ], [ -66.6336, 18.0578 ] ] } },
{ "type": "Feature", "properties": { "gnis_name": "Río Prieto", "streamorde": 3, "lengthkm": 1.109, "totdasqkm": 2.83909995 }, "geometry": { "type": "LineString", "coordinates": [ [ -66.5953, 18.161 ], [ -66.5969, 18.1585 ], [ -66.5967, 18.158 ], [ -66.5959, 18.1578 ], [ -66.5965, 18.1562 ], [ -66.5979, 18.1555 ], [ -66.5981, 18.1538 ], [ -66.5986, 18.1534 ] ] } },
{ "type": "Feature", "properties": { "gnis_name": "Río de la Plata", "streamorde": 5, "lengthkm": 1.35657488, "totdasqkm": 476.31140003999997 }, "geometry": { "type": "LineString", "coordinates": [ [ -66.2435, 18.3552 ], [ -66.2447, 18.3563 ], [ -66.2447, 18.359 ], [ -66.2428, 18.3595 ], [ -66.2385, 18.3636 ] ] } },
{ "type": "Feature", "properties": { "gnis_name": "Río Viejo", "streamorde": 3, "lengthkm": 0.32489225, "totdasqkm": 24.46550004 }, "geometry": { "type": "LineString", "coordinates": [ [ -67.1003, 18.0943 ], [ -67.1006, 18.0939 ], [ -67.1016, 18.0946 ], [ -67.1026, 18.0944 ] ] } },
{ "type": "Feature", "properties": { "gnis_name": null, "streamorde": 3, "lengthkm": 0.04834217, "totdasqkm": 5.19759998 }, "geometry": { "type": "LineString", "coordinates": [ [ -65.3739, 18.1263 ], [ -65.3743, 18.1262 ] ] } },
{ "type": "Feature", "properties": { "gnis_name": "Río Caonillas", "streamorde": 4, "lengthkm": 0.45867603, "totdasqkm": 133.70760013 }, "geometry": { "type": "LineString", "coordinates": [ [ -66.6419, 18.3014 ], [ -66.6421, 18.3023 ], [ -66.6453, 18.3024 ] ] } },
{ "type": "Feature", "properties": { "gnis_name": "Río Hondo", "streamorde": 3, "lengthkm": 0.61264994, "totdasqkm": 11.56020021 }, "geometry": { "type": "LineString", "coordinates": [ [ -66.1601, 18.3823 ], [ -66.1567, 18.3838 ], [ -66.1558, 18.3855 ] ] } },
{ "type": "Feature", "properties": { "gnis_name": "Río Pellejas", "streamorde": 3, "lengthkm": 0.38496943, "totdasqkm": 25.82079978 }, "geometry": { "type": "LineString", "coordinates": [ [ -66.7104, 18.2236 ], [ -66.7122, 18.2245 ], [ -66.7123, 18.226 ] ] } },
{ "type": "Feature", "properties": { "gnis_name": "Río Gurabo", "streamorde": 5, "lengthkm": 1.12068449, "totdasqkm": 160.64999992 }, "geometry": { "type": "LineString", "coordinates": [ [ -65.9725, 18.2637 ], [ -65.9716, 18.2655 ], [ -65.9727, 18.266 ], [ -65.9761, 18.2634 ], [ -65.9777, 18.2613 ] ] } },
{ "type": "Feature", "properties": { "gnis_name": null, "streamorde": 3, "lengthkm": 0.052, "totdasqkm": 40.52000045 }, "geometry": { "type": "LineString", "coordinates": [ [ -65.6831, 18.2983 ], [ -65.6826, 18.2982 ] ] } },
{ "type": "Feature", "properties": { "gnis_name": "Río Humata", "streamorde": 3, "lengthkm": 1.67978114, "totdasqkm": 12.71969988 }, "geometry": { "type": "LineString", "coordinates": [ [ -67.1036, 18.291 ], [ -67.1041, 18.2892 ], [ -67.1057, 18.2888 ], [ -67.1069, 18.2892 ], [ -67.1073, 18.2887 ], [ -67.1074, 18.2876 ], [ -67.1057, 18.2863 ], [ -67.1059, 18.2852 ], [ -67.1048, 18.2833 ], [ -67.1051, 18.2829 ], [ -67.1067, 18.2833 ], [ -67.1071, 18.283 ] ] } },
{ "type": "Feature", "properties": { "gnis_name": "Río Grande", "streamorde": 3, "lengthkm": 0.0215885, "totdasqkm": 19.49269999 }, "geometry": { "type": "LineString", "coordinates": [ [ -66.9415, 18.0837 ], [ -66.9416, 18.0835 ] ] } },
{ "type": "Feature", "properties": { "gnis_name": "Río Caín", "streamorde": 3, "lengthkm": 0.32855774, "totdasqkm": 6.33649986 }, "geometry": { "type": "LineString", "coordinates": [ [ -67.0111, 18.1233 ], [ -67.014, 18.1233 ] ] } },
{ "type": "Feature", "properties": { "gnis_name": "Río Grande", "streamorde": 3, "lengthkm": 0.06395664, "totdasqkm": 19.48339999 }, "geometry": { "type": "LineString", "coordinates": [ [ -66.9411, 18.0841 ], [ -66.9415, 18.0837 ] ] } },
{ "type": "Feature", "properties": { "gnis_name": "Río Gurabo", "streamorde": 4, "lengthkm": 0.57698486, "totdasqkm": 75.15199998 }, "geometry": { "type": "LineString", "coordinates": [ [ -65.9133, 18.239 ], [ -65.9157, 18.239 ], [ -65.9161, 18.2381 ], [ -65.9178, 18.2375 ] ] } },
{ "type": "Feature", "properties": { "gnis_name": "Río Usabón", "streamorde": 5, "lengthkm": 0.15468152, "totdasqkm": 75.40239993 }, "geometry": { "type": "LineString", "coordinates": [ [ -66.2515, 18.1653 ], [ -66.2501, 18.1656 ] ] } },
{ "type": "Feature", "properties": { "gnis_name": "Río Hondo", "streamorde": 3, "lengthkm": 0.05807804, "totdasqkm": 9.83700004 }, "geometry": { "type": "LineString", "coordinates": [ [ -66.2712, 18.2194 ], [ -66.2707, 18.2192 ] ] } },
{ "type": "Feature", "properties": { "gnis_name": "Río Gurabo", "streamorde": 5, "lengthkm": 0.63420857, "totdasqkm": 177.28489987999998 }, "geometry": { "type": "LineString", "coordinates": [ [ -65.997, 18.2669 ], [ -65.9995, 18.2693 ], [ -66.0019, 18.2691 ] ] } },
{ "type": "Feature", "properties": { "gnis_name": "Río Grande de Añasco", "streamorde": 5, "lengthkm": 0.18395752, "totdasqkm": 385.25970025000004 }, "geometry": { "type": "LineString", "coordinates": [ [ -67.1152, 18.2717 ], [ -67.1162, 18.2705 ] ] } },
{ "type": "Feature", "properties": { "gnis_name": "Río Blanco", "streamorde": 4, "lengthkm": 0.06692055, "totdasqkm": 77.50900036 }, "geometry": { "type": "LineString", "coordinates": [ [ -66.8393, 18.2279 ], [ -66.8399, 18.2278 ] ] } },
{ "type": "Feature", "properties": { "gnis_name": "Río de Aibonito", "streamorde": 3, "lengthkm": 0.74685717, "totdasqkm": 20.16630008 }, "geometry": { "type": "LineString", "coordinates": [ [ -66.2903, 18.1613 ], [ -66.2911, 18.1614 ], [ -66.2919, 18.1629 ], [ -66.292, 18.1638 ], [ -66.2911, 18.1642 ], [ -66.2923, 18.1656 ] ] } },
{ "type": "Feature", "properties": { "gnis_name": null, "streamorde": 3, "lengthkm": 0.049, "totdasqkm": 23.46730016 }, "geometry": { "type": "LineString", "coordinates": [ [ -65.7029, 18.273 ], [ -65.7025, 18.2733 ] ] } },
{ "type": "Feature", "properties": { "gnis_name": "Río Nigua", "streamorde": 3, "lengthkm": 3.59367275, "totdasqkm": 20.93770013 }, "geometry": { "type": "LineString", "coordinates": [ [ -66.0638, 17.9872 ], [ -66.064, 17.9862 ], [ -66.0659, 17.984 ], [ -66.0639, 17.9838 ], [ -66.0641, 17.9819 ], [ -66.0626, 17.9813 ], [ -66.0619, 17.9803 ], [ -66.0625, 17.9795 ], [ -66.0619, 17.9767 ], [ -66.0598, 17.9723 ], [ -66.0608, 17.971 ], [ -66.0627, 17.9702 ], [ -66.063, 17.9693 ], [ -66.06, 17.9663 ], [ -66.0593, 17.9624 ] ] } },
{ "type": "Feature", "properties": { "gnis_name": "Río Guayanilla", "streamorde": 4, "lengthkm": 0.629, "totdasqkm": 31.61359998 }, "geometry": { "type": "LineString", "coordinates": [ [ -66.7867, 18.0668 ], [ -66.786, 18.0648 ], [ -66.7823, 18.0646 ] ] } },
{ "type": "Feature", "properties": { "gnis_name": null, "streamorde": 3, "lengthkm": 0.1042675, "totdasqkm": 6.6517999 }, "geometry": { "type": "LineString", "coordinates": [ [ -65.4687, 18.0939 ], [ -65.4687, 18.093 ] ] } },
{ "type": "Feature", "properties": { "gnis_name": "Río Canóvanas", "streamorde": 3, "lengthkm": 0.97986269, "totdasqkm": 8.31159996 }, "geometry": { "type": "LineString", "coordinates": [ [ -65.8721, 18.2939 ], [ -65.8735, 18.2938 ], [ -65.8748, 18.293 ], [ -65.8767, 18.2927 ], [ -65.8763, 18.2908 ], [ -65.878, 18.2898 ] ] } },
{ "type": "Feature", "properties": { "gnis_name": "Río Rosario", "streamorde": 4, "lengthkm": 0.59001245, "totdasqkm": 45.77020021000001 }, "geometry": { "type": "LineString", "coordinates": [ [ -67.0731, 18.1729 ], [ -67.0742, 18.1712 ], [ -67.0755, 18.1707 ], [ -67.0769, 18.1693 ] ] } },
{ "type": "Feature", "properties": { "gnis_name": "Río Guanajibo", "streamorde": 5, "lengthkm": 0.66524697, "totdasqkm": 312.4452997 }, "geometry": { "type": "LineString", "coordinates": [ [ -67.1542, 18.1461 ], [ -67.1536, 18.149 ], [ -67.1543, 18.1502 ], [ -67.1559, 18.1502 ] ] } },
{ "type": "Feature", "properties": { "gnis_name": null, "streamorde": 3, "lengthkm": 1.144, "totdasqkm": 14.74689995 }, "geometry": { "type": "LineString", "coordinates": [ [ -66.4673, 18.0295 ], [ -66.4657, 18.0259 ], [ -66.467, 18.0245 ], [ -66.4667, 18.0235 ], [ -66.4682, 18.0207 ] ] } },
{ "type": "Feature", "properties": { "gnis_name": "Río Grande de Manati", "streamorde": 5, "lengthkm": 0.19400333, "totdasqkm": 344.35379992000003 }, "geometry": { "type": "LineString", "coordinates": [ [ -66.4649, 18.3077 ], [ -66.4642, 18.3093 ] ] } },
{ "type": "Feature", "properties": { "gnis_name": "Río Bauta", "streamorde": 3, "lengthkm": 0.2567581, "totdasqkm": 73.20269961000001 }, "geometry": { "type": "LineString", "coordinates": [ [ -66.4582, 18.2914 ], [ -66.4582, 18.2929 ], [ -66.4588, 18.2935 ] ] } },
{ "type": "Feature", "properties": { "gnis_name": "Río Cidra", "streamorde": 3, "lengthkm": 0.93773355, "totdasqkm": 17.64669988 }, "geometry": { "type": "LineString", "coordinates": [ [ -66.7268, 18.1637 ], [ -66.7267, 18.1643 ], [ -66.7285, 18.1668 ], [ -66.7288, 18.1692 ], [ -66.731, 18.1693 ] ] } },
{ "type": "Feature", "properties": { "gnis_name": "Río Grande de Manati", "streamorde": 5, "lengthkm": 0.90803058, "totdasqkm": 179.64300024 }, "geometry": { "type": "LineString", "coordinates": [ [ -66.4493, 18.3066 ], [ -66.4513, 18.307 ], [ -66.4522, 18.3076 ], [ -66.4531, 18.3071 ], [ -66.4544, 18.3052 ], [ -66.4561, 18.3046 ] ] } },
{ "type": "Feature", "properties": { "gnis_name": "Río Limón", "streamorde": 3, "lengthkm": 0.05483372, "totdasqkm": 32.69790027 }, "geometry": { "type": "LineString", "coordinates": [ [ -66.6095, 18.3057 ], [ -66.6098, 18.306 ] ] } },
{ "type": "Feature", "properties": { "gnis_name": null, "streamorde": 3, "lengthkm": 0.122, "totdasqkm": 35.29890031 }, "geometry": { "type": "LineString", "coordinates": [ [ -65.6983, 18.2932 ], [ -65.6989, 18.2941 ] ] } },
{ "type": "Feature", "properties": { "gnis_name": "Río Grande de Manati", "streamorde": 5, "lengthkm": 0.73643009, "totdasqkm": 551.34829986 }, "geometry": { "type": "LineString", "coordinates": [ [ -66.5267, 18.4272 ], [ -66.5272, 18.4278 ], [ -66.5263, 18.4294 ], [ -66.5266, 18.4307 ], [ -66.5257, 18.4305 ], [ -66.5243, 18.4312 ] ] } },
{ "type": "Feature", "properties": { "gnis_name": "Río Grande De Loiza", "streamorde": 3, "lengthkm": 0.60403257, "totdasqkm": 11.71510004 }, "geometry": { "type": "LineString", "coordinates": [ [ -65.987, 18.11 ], [ -65.9865, 18.1119 ], [ -65.9881, 18.1147 ] ] } },
{ "type": "Feature", "properties": { "gnis_name": "Río Cibuco", "streamorde": 4, "lengthkm": 2.80742933, "totdasqkm": 41.61579975 }, "geometry": { "type": "LineString", "coordinates": [ [ -66.3346, 18.3505 ], [ -66.335, 18.3516 ], [ -66.3362, 18.3524 ], [ -66.3362, 18.3533 ], [ -66.3375, 18.3541 ], [ -66.3379, 18.3549 ], [ -66.3411, 18.3562 ], [ -66.3417, 18.3572 ], [ -66.3442, 18.3567 ], [ -66.3482, 18.3598 ], [ -66.3503, 18.3605 ], [ -66.3542, 18.3602 ], [ -66.3553, 18.3596 ] ] } },
{ "type": "Feature", "properties": { "gnis_name": "Río Blanco", "streamorde": 4, "lengthkm": 0.01687614, "totdasqkm": 84.34320039 }, "geometry": { "type": "LineString", "coordinates": [ [ -66.8522, 18.2409 ], [ -66.8523, 18.2409 ] ] } },
{ "type": "Feature", "properties": { "gnis_name": "Río Bairoa", "streamorde": 3, "lengthkm": 1.83588488, "totdasqkm": 20.12750021 }, "geometry": { "type": "LineString", "coordinates": [ [ -66.0261, 18.2601 ], [ -66.0246, 18.2603 ], [ -66.0238, 18.2588 ], [ -66.0199, 18.2592 ], [ -66.0183, 18.2602 ], [ -66.0189, 18.2612 ], [ -66.0168, 18.2626 ], [ -66.0167, 18.2635 ], [ -66.0173, 18.263 ], [ -66.0178, 18.2634 ], [ -66.0168, 18.264 ] ] } },
{ "type": "Feature", "properties": { "gnis_name": null, "streamorde": 5, "lengthkm": 0.4939362, "totdasqkm": 326.87759961 }, "geometry": { "type": "LineString", "coordinates": [ [ -67.1658, 18.1577 ], [ -67.1704, 18.1582 ] ] } },
{ "type": "Feature", "properties": { "gnis_name": "Río Bauta", "streamorde": 3, "lengthkm": 0.12459732, "totdasqkm": 69.73389969 }, "geometry": { "type": "LineString", "coordinates": [ [ -66.4626, 18.2749 ], [ -66.462, 18.2757 ] ] } },
{ "type": "Feature", "properties": { "gnis_name": null, "streamorde": 3, "lengthkm": 0.866, "totdasqkm": 9.10629993 }, "geometry": { "type": "LineString", "coordinates": [ [ -66.7673, 18.0534 ], [ -66.7663, 18.051 ], [ -66.7666, 18.0501 ], [ -66.7687, 18.0487 ], [ -66.7676, 18.0476 ] ] } },
{ "type": "Feature", "properties": { "gnis_name": null, "streamorde": 3, "lengthkm": 0.996, "totdasqkm": 3.5595999 }, "geometry": { "type": "LineString", "coordinates": [ [ -66.868, 18.077 ], [ -66.8666, 18.0775 ], [ -66.8638, 18.0758 ], [ -66.8616, 18.0768 ], [ -66.8602, 18.0754 ] ] } },
{ "type": "Feature", "properties": { "gnis_name": "Río Grande de Manati", "streamorde": 5, "lengthkm": 1.54811038, "totdasqkm": 578.36899982 }, "geometry": { "type": "LineString", "coordinates": [ [ -66.5263, 18.4538 ], [ -66.5261, 18.4548 ], [ -66.5267, 18.4557 ], [ -66.53, 18.4577 ], [ -66.5314, 18.4593 ], [ -66.5316, 18.4606 ], [ -66.5305, 18.4652 ] ] } },
{ "type": "Feature", "properties": { "gnis_name": null, "streamorde": 3, "lengthkm": 2.089, "totdasqkm": 3.59760006 }, "geometry": { "type": "LineString", "coordinates": [ [ -66.1698, 18.3152 ], [ -66.1648, 18.3195 ], [ -66.1646, 18.321 ], [ -66.1615, 18.3212 ], [ -66.1608, 18.3221 ], [ -66.1601, 18.3221 ], [ -66.16, 18.3227 ], [ -66.1589, 18.3224 ], [ -66.1578, 18.3228 ], [ -66.1576, 18.3221 ], [ -66.1572, 18.3228 ], [ -66.1569, 18.3221 ] ] } },
{ "type": "Feature", "properties": { "gnis_name": "Río Blanco", "streamorde": 4, "lengthkm": 0.61514662, "totdasqkm": 41.31500031 }, "geometry": { "type": "LineString", "coordinates": [ [ -66.8039, 18.2097 ], [ -66.8039, 18.2084 ], [ -66.8046, 18.2077 ], [ -66.8062, 18.2074 ], [ -66.8069, 18.2087 ] ] } },
{ "type": "Feature", "properties": { "gnis_name": "Río Grande de Patillas", "streamorde": 4, "lengthkm": 1.24911991, "totdasqkm": 67.06309992 }, "geometry": { "type": "LineString", "coordinates": [ [ -66.019, 18.0177 ], [ -66.022, 18.0145 ], [ -66.0263, 18.0156 ], [ -66.0281, 18.014 ] ] } },
{ "type": "Feature", "properties": { "gnis_name": null, "streamorde": 3, "lengthkm": 1.524, "totdasqkm": 3.10789993 }, "geometry": { "type": "LineString", "coordinates": [ [ -66.3544, 18.2577 ], [ -66.3555, 18.2597 ], [ -66.3554, 18.2609 ], [ -66.3572, 18.263 ], [ -66.3565, 18.2645 ], [ -66.3549, 18.2657 ], [ -66.3561, 18.2691 ] ] } },
{ "type": "Feature", "properties": { "gnis_name": "Río Guaba", "streamorde": 3, "lengthkm": 0.09387254, "totdasqkm": 36.15080015 }, "geometry": { "type": "LineString", "coordinates": [ [ -66.9673, 18.2055 ], [ -66.9673, 18.2063 ] ] } },
{ "type": "Feature", "properties": { "gnis_name": "Río Seco", "streamorde": 3, "lengthkm": 1.91424262, "totdasqkm": 13.57049992 }, "geometry": { "type": "LineString", "coordinates": [ [ -66.1692, 18.0057 ], [ -66.1676, 18.0037 ], [ -66.1671, 18.0022 ], [ -66.1677, 18.0008 ], [ -66.1696, 17.9994 ], [ -66.169, 17.994 ], [ -66.1696, 17.9919 ], [ -66.1707, 17.9908 ] ] } },
{ "type": "Feature", "properties": { "gnis_name": "Río Guanajibo", "streamorde": 4, "lengthkm": 0.09513553, "totdasqkm": 123.08489939 }, "geometry": { "type": "LineString", "coordinates": [ [ -67.0556, 18.0991 ], [ -67.0564, 18.0989 ] ] } },
{ "type": "Feature", "properties": { "gnis_name": "Río Orocovis", "streamorde": 4, "lengthkm": 0.2163097, "totdasqkm": 69.4878998 }, "geometry": { "type": "LineString", "coordinates": [ [ -66.3829, 18.2746 ], [ -66.3835, 18.2755 ], [ -66.383, 18.2763 ] ] } },
{ "type": "Feature", "properties": { "gnis_name": "Río de Bayamón", "streamorde": 4, "lengthkm": 0.63261715, "totdasqkm": 52.46579996 }, "geometry": { "type": "LineString", "coordinates": [ [ -66.1361, 18.2514 ], [ -66.1374, 18.2505 ], [ -66.1394, 18.2524 ], [ -66.1406, 18.2528 ] ] } },
{ "type": "Feature", "properties": { "gnis_name": "Río Tallaboa", "streamorde": 4, "lengthkm": 0.41998767, "totdasqkm": 70.74880016 }, "geometry": { "type": "LineString", "coordinates": [ [ -66.7289, 18.0138 ], [ -66.7292, 18.01 ] ] } },
{ "type": "Feature", "properties": { "gnis_name": "Río Grande de Arecibo", "streamorde": 5, "lengthkm": 2.55670518, "totdasqkm": 188.14609975 }, "geometry": { "type": "LineString", "coordinates": [ [ -66.7051, 18.3003 ], [ -66.7045, 18.3004 ], [ -66.7011, 18.2991 ], [ -66.7, 18.3009 ], [ -66.6984, 18.3008 ], [ -66.6958, 18.3017 ], [ -66.6964, 18.3044 ], [ -66.6964, 18.3064 ], [ -66.6959, 18.3073 ], [ -66.6913, 18.3063 ], [ -66.6893, 18.307 ] ] } },
{ "type": "Feature", "properties": { "gnis_name": "Río Saliente", "streamorde": 3, "lengthkm": 0.13458217, "totdasqkm": 21.93720008 }, "geometry": { "type": "LineString", "coordinates": [ [ -66.5544, 18.2093 ], [ -66.5555, 18.21 ] ] } },
{ "type": "Feature", "properties": { "gnis_name": "Río Grande De Loiza", "streamorde": 6, "lengthkm": 1.35034687, "totdasqkm": 733.73629972000003 }, "geometry": { "type": "LineString", "coordinates": [ [ -65.8985, 18.4154 ], [ -65.8909, 18.4251 ] ] } },
{ "type": "Feature", "properties": { "gnis_name": "Río Grande de Añasco", "streamorde": 5, "lengthkm": 2.91542326, "totdasqkm": 416.13040017999998 }, "geometry": { "type": "LineString", "coordinates": [ [ -67.1162, 18.2705 ], [ -67.1172, 18.2707 ], [ -67.118, 18.2715 ], [ -67.118, 18.2699 ], [ -67.1193, 18.2697 ], [ -67.119, 18.2715 ], [ -67.1206, 18.273 ], [ -67.1215, 18.2731 ], [ -67.1224, 18.2724 ], [ -67.1264, 18.2733 ], [ -67.1276, 18.2716 ], [ -67.1273, 18.2704 ], [ -67.1276, 18.2695 ], [ -67.1298, 18.2691 ], [ -67.1287, 18.2687 ], [ -67.1294, 18.2673 ], [ -67.1287, 18.2667 ] ] } },
{ "type": "Feature", "properties": { "gnis_name": "Río Pastillo", "streamorde": 3, "lengthkm": 0.449, "totdasqkm": 19.69800005 }, "geometry": { "type": "LineString", "coordinates": [ [ -66.6635, 18.0363 ], [ -66.661, 18.033 ] ] } },
{ "type": "Feature", "properties": { "gnis_name": "Río Grande de Manati", "streamorde": 5, "lengthkm": 0.76501364, "totdasqkm": 579.10639977000005 }, "geometry": { "type": "LineString", "coordinates": [ [ -66.5305, 18.4652 ], [ -66.5302, 18.4721 ] ] } },
{ "type": "Feature", "properties": { "gnis_name": "Río Gurabo", "streamorde": 4, "lengthkm": 0.04691192, "totdasqkm": 35.50279998 }, "geometry": { "type": "LineString", "coordinates": [ [ -65.8651, 18.226 ], [ -65.8655, 18.2261 ] ] } },
{ "type": "Feature", "properties": { "gnis_name": "Río Culebrinas", "streamorde": 5, "lengthkm": 0.07894927, "totdasqkm": 187.5006999 }, "geometry": { "type": "LineString", "coordinates": [ [ -67.0924, 18.3585 ], [ -67.0931, 18.3584 ] ] } },
{ "type": "Feature", "properties": { "gnis_name": "Río Blanco", "streamorde": 4, "lengthkm": 0.06758746, "totdasqkm": 45.78600025 }, "geometry": { "type": "LineString", "coordinates": [ [ -66.8186, 18.2195 ], [ -66.8192, 18.2197 ] ] } },
{ "type": "Feature", "properties": { "gnis_name": "Río Orocovis", "streamorde": 4, "lengthkm": 0.16667115, "totdasqkm": 66.29549999 }, "geometry": { "type": "LineString", "coordinates": [ [ -66.3809, 18.2733 ], [ -66.3822, 18.2739 ] ] } },
{ "type": "Feature", "properties": { "gnis_name": "Río Culebrinas", "streamorde": 4, "lengthkm": 0.04002128, "totdasqkm": 108.33810008 }, "geometry": { "type": "LineString", "coordinates": [ [ -67.0222, 18.3445 ], [ -67.0222, 18.3448 ] ] } },
{ "type": "Feature", "properties": { "gnis_name": "Río Grande de Añasco", "streamorde": 5, "lengthkm": 0.28025429, "totdasqkm": 496.27000015 }, "geometry": { "type": "LineString", "coordinates": [ [ -67.1854, 18.2671 ], [ -67.188, 18.2667 ] ] } },
{ "type": "Feature", "properties": { "gnis_name": "Río Grande", "streamorde": 3, "lengthkm": 0.99789368, "totdasqkm": 25.41529988 }, "geometry": { "type": "LineString", "coordinates": [ [ -66.9528, 18.0787 ], [ -66.9545, 18.0744 ], [ -66.9549, 18.0701 ] ] } },
{ "type": "Feature", "properties": { "gnis_name": "Río Bauta", "streamorde": 4, "lengthkm": 0.13642075, "totdasqkm": 161.02879965 }, "geometry": { "type": "LineString", "coordinates": [ [ -66.4599, 18.2953 ], [ -66.4591, 18.2962 ] ] } },
{ "type": "Feature", "properties": { "gnis_name": "Río Guajataca", "streamorde": 3, "lengthkm": 4.49250599, "totdasqkm": 73.40159989 }, "geometry": { "type": "LineString", "coordinates": [ [ -66.9057, 18.3674 ], [ -66.9073, 18.3698 ], [ -66.9079, 18.3722 ], [ -66.9087, 18.3726 ], [ -66.9093, 18.3738 ], [ -66.9128, 18.3755 ], [ -66.9157, 18.3759 ], [ -66.9177, 18.378 ], [ -66.9197, 18.379 ], [ -66.9206, 18.3808 ], [ -66.9207, 18.3822 ], [ -66.9235, 18.387 ], [ -66.9234, 18.3888 ], [ -66.9222, 18.3922 ], [ -66.9219, 18.3952 ], [ -66.9232, 18.3984 ] ] } },
{ "type": "Feature", "properties": { "gnis_name": null, "streamorde": 3, "lengthkm": 0.00695575, "totdasqkm": 22.67200008 }, "geometry": { "type": "LineString", "coordinates": [ [ -66.9274, 17.9954 ], [ -66.9274, 17.9953 ] ] } },
{ "type": "Feature", "properties": { "gnis_name": "Río de la Plata", "streamorde": 5, "lengthkm": 2.18337788, "totdasqkm": 256.41829996000001 }, "geometry": { "type": "LineString", "coordinates": [ [ -66.2428, 18.1804 ], [ -66.2441, 18.1808 ], [ -66.2446, 18.1819 ], [ -66.2444, 18.1831 ], [ -66.2434, 18.184 ], [ -66.2411, 18.184 ], [ -66.2405, 18.1853 ], [ -66.2442, 18.1875 ], [ -66.2448, 18.1901 ], [ -66.2443, 18.1909 ], [ -66.2421, 18.1921 ] ] } },
{ "type": "Feature", "properties": { "gnis_name": "Río Grande de Arecibo", "streamorde": 4, "lengthkm": 0.26647869, "totdasqkm": 125.13339999 }, "geometry": { "type": "LineString", "coordinates": [ [ -66.7096, 18.2652 ], [ -66.7083, 18.2672 ] ] } },
{ "type": "Feature", "properties": { "gnis_name": "Río Caonillas", "streamorde": 4, "lengthkm": 0.1150482, "totdasqkm": 98.81570007000001 }, "geometry": { "type": "LineString", "coordinates": [ [ -66.6351, 18.2304 ], [ -66.6352, 18.2314 ] ] } },
{ "type": "Feature", "properties": { "gnis_name": "Río de la Plata", "streamorde": 5, "lengthkm": 0.08898277, "totdasqkm": 566.58230032000006 }, "geometry": { "type": "LineString", "coordinates": [ [ -66.2565, 18.4716 ], [ -66.2561, 18.4723 ] ] } },
{ "type": "Feature", "properties": { "gnis_name": "Río Anton Ruiz", "streamorde": 4, "lengthkm": 0.63060333, "totdasqkm": 32.41419976 }, "geometry": { "type": "LineString", "coordinates": [ [ -65.7409, 18.1823 ], [ -65.7401, 18.1812 ], [ -65.741, 18.1778 ], [ -65.7408, 18.1771 ] ] } },
{ "type": "Feature", "properties": { "gnis_name": "Río Culebrinas", "streamorde": 4, "lengthkm": 0.10401802, "totdasqkm": 167.33779995 }, "geometry": { "type": "LineString", "coordinates": [ [ -67.089, 18.3598 ], [ -67.0895, 18.3606 ] ] } },
{ "type": "Feature", "properties": { "gnis_name": "Río Loco", "streamorde": 4, "lengthkm": 0.29937511, "totdasqkm": 35.26510002 }, "geometry": { "type": "LineString", "coordinates": [ [ -66.881, 18.0033 ], [ -66.8828, 18.0015 ] ] } },
{ "type": "Feature", "properties": { "gnis_name": "Río Cañas", "streamorde": 4, "lengthkm": 0.07783575, "totdasqkm": 27.20219965 }, "geometry": { "type": "LineString", "coordinates": [ [ -66.0299, 18.2891 ], [ -66.0292, 18.2892 ] ] } },
{ "type": "Feature", "properties": { "gnis_name": "Río Guilarte", "streamorde": 3, "lengthkm": 0.64155603, "totdasqkm": 5.98279993 }, "geometry": { "type": "LineString", "coordinates": [ [ -66.7667, 18.1756 ], [ -66.767, 18.1769 ], [ -66.7665, 18.1778 ], [ -66.7672, 18.178 ], [ -66.7675, 18.179 ], [ -66.7682, 18.179 ], [ -66.7686, 18.18 ] ] } },
{ "type": "Feature", "properties": { "gnis_name": null, "streamorde": 4, "lengthkm": 0.32553029, "totdasqkm": 29.0495 }, "geometry": { "type": "LineString", "coordinates": [ [ -67.1134, 18.2704 ], [ -67.1139, 18.2707 ], [ -67.1159, 18.27 ] ] } },
{ "type": "Feature", "properties": { "gnis_name": "Río Sonador", "streamorde": 3, "lengthkm": 1.44119276, "totdasqkm": 8.94779982 }, "geometry": { "type": "LineString", "coordinates": [ [ -66.9876, 18.2958 ], [ -66.9875, 18.2966 ], [ -66.9883, 18.2971 ], [ -66.9873, 18.2994 ], [ -66.9882, 18.3007 ], [ -66.9895, 18.3014 ], [ -66.9888, 18.3015 ], [ -66.9883, 18.3025 ], [ -66.9885, 18.3033 ], [ -66.9879, 18.3033 ], [ -66.9885, 18.3037 ], [ -66.9883, 18.3044 ] ] } },
{ "type": "Feature", "properties": { "gnis_name": "Río Yauco", "streamorde": 4, "lengthkm": 1.373, "totdasqkm": 107.79060003 }, "geometry": { "type": "LineString", "coordinates": [ [ -66.835, 17.9969 ], [ -66.8386, 17.9937 ], [ -66.8401, 17.9908 ], [ -66.8401, 17.9892 ], [ -66.8414, 17.9877 ], [ -66.841, 17.9871 ] ] } },
{ "type": "Feature", "properties": { "gnis_name": "Río Duey", "streamorde": 3, "lengthkm": 1.898, "totdasqkm": 13.98739998 }, "geometry": { "type": "LineString", "coordinates": [ [ -66.8343, 18.0923 ], [ -66.8359, 18.0911 ], [ -66.8377, 18.0912 ], [ -66.8397, 18.0903 ], [ -66.8419, 18.0852 ], [ -66.8419, 18.0835 ], [ -66.843, 18.082 ], [ -66.8431, 18.0803 ] ] } },
{ "type": "Feature", "properties": { "gnis_name": "Río Cañas", "streamorde": 3, "lengthkm": 2.39263567, "totdasqkm": 30.09020016 }, "geometry": { "type": "LineString", "coordinates": [ [ -67.12, 18.241 ], [ -67.1218, 18.2426 ], [ -67.1219, 18.2415 ], [ -67.1223, 18.2415 ], [ -67.1235, 18.2427 ], [ -67.1237, 18.244 ], [ -67.1245, 18.2439 ], [ -67.1247, 18.2444 ], [ -67.1253, 18.2445 ], [ -67.1254, 18.2454 ], [ -67.1276, 18.2451 ], [ -67.1281, 18.2456 ], [ -67.1285, 18.2449 ], [ -67.1292, 18.2457 ], [ -67.1305, 18.2453 ], [ -67.1311, 18.2445 ], [ -67.1314, 18.2448 ], [ -67.1312, 18.2454 ], [ -67.1334, 18.2458 ] ] } },
{ "type": "Feature", "properties": { "gnis_name": "Río Hondo", "streamorde": 3, "lengthkm": 0.37478225, "totdasqkm": 15.6773001 }, "geometry": { "type": "LineString", "coordinates": [ [ -66.1558, 18.3855 ], [ -66.155, 18.3888 ] ] } },
{ "type": "Feature", "properties": { "gnis_name": null, "streamorde": 5, "lengthkm": 0.00325989, "totdasqkm": 326.7974996 }, "geometry": { "type": "LineString", "coordinates": [ ] } },
{ "type": "Feature", "properties": { "gnis_name": "Río Viví", "streamorde": 4, "lengthkm": 0.46382803, "totdasqkm": 31.11199993 }, "geometry": { "type": "LineString", "coordinates": [ [ -66.6867, 18.259 ], [ -66.688, 18.2597 ], [ -66.6898, 18.2597 ], [ -66.6907, 18.2602 ] ] } },
{ "type": "Feature", "properties": { "gnis_name": "Río Sonador", "streamorde": 3, "lengthkm": 0.834, "totdasqkm": 6.7365 }, "geometry": { "type": "LineString", "coordinates": [ [ -66.9824, 18.2958 ], [ -66.9839, 18.2959 ], [ -66.9838, 18.2962 ], [ -66.9857, 18.2969 ], [ -66.9859, 18.296 ], [ -66.9866, 18.2968 ], [ -66.9869, 18.2959 ], [ -66.9876, 18.2958 ] ] } },
{ "type": "Feature", "properties": { "gnis_name": "Río Limones", "streamorde": 3, "lengthkm": 1.276, "totdasqkm": 7.64460003 }, "geometry": { "type": "LineString", "coordinates": [ [ -65.9097, 18.0893 ], [ -65.9065, 18.0883 ], [ -65.9051, 18.0864 ], [ -65.905, 18.0835 ], [ -65.9032, 18.0813 ] ] } },
{ "type": "Feature", "properties": { "gnis_name": "Río Culebrinas", "streamorde": 4, "lengthkm": 0.00978528, "totdasqkm": 38.16569965 }, "geometry": { "type": "LineString", "coordinates": [ [ -66.9889, 18.3284 ], [ -66.989, 18.3285 ] ] } },
{ "type": "Feature", "properties": { "gnis_name": "Río Blanco", "streamorde": 3, "lengthkm": 0.358, "totdasqkm": 49.25359995 }, "geometry": { "type": "LineString", "coordinates": [ [ -65.775, 18.2102 ], [ -65.7737, 18.2099 ], [ -65.7721, 18.2108 ] ] } },
{ "type": "Feature", "properties": { "gnis_name": "Río Blanco", "streamorde": 4, "lengthkm": 0.07217235, "totdasqkm": 77.49580037 }, "geometry": { "type": "LineString", "coordinates": [ [ -66.8387, 18.2281 ], [ -66.8393, 18.2279 ] ] } },
{ "type": "Feature", "properties": { "gnis_name": "Río Prieto", "streamorde": 3, "lengthkm": 1.563, "totdasqkm": 6.90789991 }, "geometry": { "type": "LineString", "coordinates": [ [ -67.0225, 18.1761 ], [ -67.0244, 18.1761 ], [ -67.0255, 18.1777 ], [ -67.028, 18.1787 ], [ -67.0288, 18.1802 ], [ -67.0303, 18.1814 ], [ -67.0308, 18.1826 ], [ -67.0308, 18.1845 ], [ -67.0315, 18.1849 ] ] } },
{ "type": "Feature", "properties": { "gnis_name": "Río Guaba", "streamorde": 4, "lengthkm": 0.19422195, "totdasqkm": 83.15140013 }, "geometry": { "type": "LineString", "coordinates": [ [ -66.9283, 18.2528 ], [ -66.93, 18.2533 ] ] } },
{ "type": "Feature", "properties": { "gnis_name": "Río Valenciano", "streamorde": 4, "lengthkm": 0.55847096, "totdasqkm": 36.55839997 }, "geometry": { "type": "LineString", "coordinates": [ [ -65.9152, 18.1956 ], [ -65.9163, 18.1955 ], [ -65.918, 18.199 ] ] } },
{ "type": "Feature", "properties": { "gnis_name": "Río Toro Negro", "streamorde": 3, "lengthkm": 0.37005251, "totdasqkm": 31.85399966 }, "geometry": { "type": "LineString", "coordinates": [ [ -66.5151, 18.2159 ], [ -66.516, 18.219 ] ] } },
{ "type": "Feature", "properties": { "gnis_name": null, "streamorde": 3, "lengthkm": 0.795, "totdasqkm": 51.4988003 }, "geometry": { "type": "LineString", "coordinates": [ [ -65.8015, 18.1336 ], [ -65.8001, 18.1341 ], [ -65.7979, 18.1329 ], [ -65.7963, 18.1315 ], [ -65.7966, 18.1304 ] ] } },
{ "type": "Feature", "properties": { "gnis_name": null, "streamorde": 3, "lengthkm": 0.60772379, "totdasqkm": 29.8773002 }, "geometry": { "type": "LineString", "coordinates": [ [ -66.5767, 18.2271 ], [ -66.5774, 18.2271 ], [ -66.5795, 18.2258 ], [ -66.581, 18.2276 ] ] } },
{ "type": "Feature", "properties": { "gnis_name": "Río Turabo", "streamorde": 4, "lengthkm": 0.20773771, "totdasqkm": 28.83780015 }, "geometry": { "type": "LineString", "coordinates": [ [ -66.0487, 18.1841 ], [ -66.0504, 18.1849 ] ] } },
{ "type": "Feature", "properties": { "gnis_name": "Río Gurabo", "streamorde": 4, "lengthkm": 0.07082747, "totdasqkm": 43.62369997 }, "geometry": { "type": "LineString", "coordinates": [ [ -65.8831, 18.232 ], [ -65.8837, 18.2317 ] ] } },
{ "type": "Feature", "properties": { "gnis_name": "Río Guajataca", "streamorde": 3, "lengthkm": 0.048, "totdasqkm": 33.3231001 }, "geometry": { "type": "LineString", "coordinates": [ [ -66.917, 18.3289 ], [ -66.9172, 18.3293 ] ] } },
{ "type": "Feature", "properties": { "gnis_name": "Río Culebrinas", "streamorde": 5, "lengthkm": 0.04855972, "totdasqkm": 221.45699994999998 }, "geometry": { "type": "LineString", "coordinates": [ [ -67.1265, 18.3828 ], [ -67.1265, 18.3832 ] ] } },
{ "type": "Feature", "properties": { "gnis_name": "Río Grande de Manati", "streamorde": 3, "lengthkm": 0.78010093, "totdasqkm": 32.84779983000001 }, "geometry": { "type": "LineString", "coordinates": [ [ -66.3239, 18.2803 ], [ -66.3255, 18.2804 ], [ -66.327, 18.2812 ], [ -66.328, 18.2808 ], [ -66.329, 18.2795 ], [ -66.33, 18.2797 ] ] } },
{ "type": "Feature", "properties": { "gnis_name": "Río Mavilla", "streamorde": 3, "lengthkm": 0.38881784, "totdasqkm": 8.21730004 }, "geometry": { "type": "LineString", "coordinates": [ [ -66.2749, 18.2778 ], [ -66.2762, 18.2772 ], [ -66.2777, 18.2785 ] ] } },
{ "type": "Feature", "properties": { "gnis_name": "Río Arroyata", "streamorde": 4, "lengthkm": 0.77392669, "totdasqkm": 24.32110007 }, "geometry": { "type": "LineString", "coordinates": [ [ -66.2089, 18.1934 ], [ -66.2091, 18.194 ], [ -66.2078, 18.1962 ], [ -66.2087, 18.1975 ], [ -66.2092, 18.1996 ] ] } },
{ "type": "Feature", "properties": { "gnis_name": "Río Grande", "streamorde": 3, "lengthkm": 0.32809622, "totdasqkm": 10.22869995 }, "geometry": { "type": "LineString", "coordinates": [ [ -67.2393, 18.3733 ], [ -67.2393, 18.3743 ], [ -67.2387, 18.3752 ], [ -67.2389, 18.3759 ] ] } },
{ "type": "Feature", "properties": { "gnis_name": "Río Caguitas", "streamorde": 3, "lengthkm": 0.60232703, "totdasqkm": 11.91000008 }, "geometry": { "type": "LineString", "coordinates": [ [ -66.0799, 18.248 ], [ -66.0789, 18.2489 ], [ -66.0803, 18.2495 ], [ -66.0803, 18.25 ], [ -66.0787, 18.2511 ] ] } },
{ "type": "Feature", "properties": { "gnis_name": null, "streamorde": 5, "lengthkm": 0.21641061, "totdasqkm": 381.41800009000002 }, "geometry": { "type": "LineString", "coordinates": [ [ -66.2066, 18.2787 ], [ -66.2072, 18.2805 ] ] } },
{ "type": "Feature", "properties": { "gnis_name": "Río Nigua", "streamorde": 3, "lengthkm": 1.19083615, "totdasqkm": 14.39499989 }, "geometry": { "type": "LineString", "coordinates": [ [ -66.2653, 18.0254 ], [ -66.2643, 18.0247 ], [ -66.2629, 18.0252 ], [ -66.261, 18.0246 ], [ -66.2596, 18.0234 ], [ -66.2593, 18.022 ], [ -66.2601, 18.0212 ], [ -66.26, 18.0195 ] ] } },
{ "type": "Feature", "properties": { "gnis_name": "Río de la Plata", "streamorde": 4, "lengthkm": 1.25128498, "totdasqkm": 136.1688 }, "geometry": { "type": "LineString", "coordinates": [ [ -66.2041, 18.142 ], [ -66.204, 18.1388 ], [ -66.2052, 18.1375 ], [ -66.2077, 18.1374 ], [ -66.209, 18.1382 ], [ -66.2103, 18.14 ] ] } },
{ "type": "Feature", "properties": { "gnis_name": null, "streamorde": 4, "lengthkm": 0.117, "totdasqkm": 112.40950023 }, "geometry": { "type": "LineString", "coordinates": [ [ -66.5037, 18.077 ], [ -66.5031, 18.0761 ] ] } },
{ "type": "Feature", "properties": { "gnis_name": null, "streamorde": 3, "lengthkm": 0.266, "totdasqkm": 51.40560024 }, "geometry": { "type": "LineString", "coordinates": [ [ -65.6538, 18.3113 ], [ -65.6542, 18.3122 ], [ -65.6536, 18.3135 ] ] } },
{ "type": "Feature", "properties": { "gnis_name": "Río Cialitos", "streamorde": 4, "lengthkm": 0.03652757, "totdasqkm": 43.056 }, "geometry": { "type": "LineString", "coordinates": [ [ -66.474, 18.3363 ], [ -66.4739, 18.3366 ] ] } },
{ "type": "Feature", "properties": { "gnis_name": "Río Grande de Manati", "streamorde": 5, "lengthkm": 0.43498407, "totdasqkm": 138.47979991 }, "geometry": { "type": "LineString", "coordinates": [ [ -66.4045, 18.2986 ], [ -66.4085, 18.2977 ] ] } },
{ "type": "Feature", "properties": { "gnis_name": null, "streamorde": 4, "lengthkm": 0.143, "totdasqkm": 53.13980024 }, "geometry": { "type": "LineString", "coordinates": [ [ -66.8533, 18.0638 ], [ -66.8546, 18.0637 ] ] } },
{ "type": "Feature", "properties": { "gnis_name": null, "streamorde": 3, "lengthkm": 0.266, "totdasqkm": 6.74430022 }, "geometry": { "type": "LineString", "coordinates": [ [ -67.1395, 17.9548 ], [ -67.1388, 17.9535 ], [ -67.1389, 17.9527 ] ] } },
{ "type": "Feature", "properties": { "gnis_name": null, "streamorde": 3, "lengthkm": 3.20560314, "totdasqkm": 27.48329953 }, "geometry": { "type": "LineString", "coordinates": [ [ -66.8638, 18.1858 ], [ -66.8641, 18.1869 ], [ -66.8658, 18.1858 ], [ -66.8673, 18.1874 ], [ -66.8707, 18.1872 ], [ -66.8731, 18.1885 ], [ -66.8734, 18.1893 ], [ -66.8729, 18.1904 ], [ -66.8749, 18.1947 ], [ -66.8754, 18.1953 ], [ -66.8776, 18.1958 ], [ -66.879, 18.1972 ], [ -66.8799, 18.1969 ], [ -66.8789, 18.1959 ], [ -66.8791, 18.195 ], [ -66.881, 18.1946 ] ] } },
{ "type": "Feature", "properties": { "gnis_name": null, "streamorde": 3, "lengthkm": 0.65050765, "totdasqkm": 6.97819995 }, "geometry": { "type": "LineString", "coordinates": [ [ -67.0685, 18.2872 ], [ -67.0695, 18.2855 ], [ -67.0687, 18.2849 ], [ -67.0692, 18.2843 ], [ -67.0681, 18.2829 ] ] } },
{ "type": "Feature", "properties": { "gnis_name": "Río Cialitos", "streamorde": 4, "lengthkm": 0.71276342, "totdasqkm": 37.2660999 }, "geometry": { "type": "LineString", "coordinates": [ [ -66.4939, 18.3141 ], [ -66.4915, 18.3157 ], [ -66.4896, 18.3158 ], [ -66.4885, 18.317 ] ] } },
{ "type": "Feature", "properties": { "gnis_name": null, "streamorde": 4, "lengthkm": 0.255, "totdasqkm": 19.72859983 }, "geometry": { "type": "LineString", "coordinates": [ [ -66.5691, 18.1014 ], [ -66.5677, 18.0997 ] ] } },
{ "type": "Feature", "properties": { "gnis_name": null, "streamorde": 3, "lengthkm": 0.735, "totdasqkm": 10.30049999 }, "geometry": { "type": "LineString", "coordinates": [ [ -67.0812, 18.339 ], [ -67.0813, 18.3394 ], [ -67.0824, 18.339 ], [ -67.0825, 18.3399 ], [ -67.083, 18.3402 ], [ -67.0828, 18.3406 ], [ -67.0834, 18.3409 ], [ -67.0835, 18.3423 ], [ -67.0841, 18.3426 ] ] } },
{ "type": "Feature", "properties": { "gnis_name": "Río Tanamá", "streamorde": 4, "lengthkm": 0.87086169, "totdasqkm": 170.61649996 }, "geometry": { "type": "LineString", "coordinates": [ [ -66.7033, 18.4197 ], [ -66.7026, 18.4199 ], [ -66.7031, 18.4203 ], [ -66.7026, 18.4212 ], [ -66.703, 18.4223 ], [ -66.7026, 18.4233 ], [ -66.703, 18.4251 ], [ -66.7026, 18.4263 ] ] } },
{ "type": "Feature", "properties": { "gnis_name": null, "streamorde": 3, "lengthkm": 0.633, "totdasqkm": 51.47420033 }, "geometry": { "type": "LineString", "coordinates": [ [ -65.8015, 18.1336 ], [ -65.7966, 18.1304 ] ] } },
{ "type": "Feature", "properties": { "gnis_name": "Río Majada", "streamorde": 3, "lengthkm": 0.02578562, "totdasqkm": 45.22639993 }, "geometry": { "type": "LineString", "coordinates": [ [ -66.2147, 18.0346 ], [ -66.2149, 18.0345 ] ] } },
{ "type": "Feature", "properties": { "gnis_name": "Río Pellejas", "streamorde": 3, "lengthkm": 0.27485978, "totdasqkm": 22.02809986 }, "geometry": { "type": "LineString", "coordinates": [ [ -66.7044, 18.2094 ], [ -66.7058, 18.2097 ], [ -66.7064, 18.2105 ] ] } },
{ "type": "Feature", "properties": { "gnis_name": "Río Toro Negro", "streamorde": 4, "lengthkm": 0.61340522, "totdasqkm": 87.72950008000001 }, "geometry": { "type": "LineString", "coordinates": [ [ -66.4642, 18.2926 ], [ -66.4628, 18.2925 ], [ -66.4612, 18.2947 ], [ -66.4599, 18.2953 ] ] } },
{ "type": "Feature", "properties": { "gnis_name": null, "streamorde": 3, "lengthkm": 0.5451293, "totdasqkm": 45.32709994 }, "geometry": { "type": "LineString", "coordinates": [ [ -65.9031, 18.3908 ], [ -65.9019, 18.3907 ], [ -65.9008, 18.3915 ], [ -65.9031, 18.3919 ] ] } },
{ "type": "Feature", "properties": { "gnis_name": null, "streamorde": 3, "lengthkm": 3.52857342, "totdasqkm": 5.51040016 }, "geometry": { "type": "LineString", "coordinates": [ [ -65.9603, 18.3389 ], [ -65.9633, 18.3429 ], [ -65.964, 18.3473 ], [ -65.9644, 18.3478 ], [ -65.9632, 18.3481 ], [ -65.963, 18.3487 ], [ -65.9635, 18.3495 ], [ -65.9629, 18.3498 ], [ -65.9628, 18.3508 ], [ -65.962, 18.3505 ], [ -65.9617, 18.3508 ], [ -65.962, 18.3523 ], [ -65.9611, 18.3534 ], [ -65.9611, 18.3567 ], [ -65.9607, 18.3587 ], [ -65.9591, 18.359 ], [ -65.9589, 18.3614 ], [ -65.9579, 18.3626 ], [ -65.9587, 18.3634 ] ] } },
{ "type": "Feature", "properties": { "gnis_name": null, "streamorde": 3, "lengthkm": 0.551, "totdasqkm": 8.3359 }, "geometry": { "type": "LineString", "coordinates": [ [ -65.8102, 18.386 ], [ -65.8105, 18.385 ], [ -65.8145, 18.3843 ] ] } },
{ "type": "Feature", "properties": { "gnis_name": "Río Grande de Añasco", "streamorde": 5, "lengthkm": 0.44016579, "totdasqkm": 358.52790032999997 }, "geometry": { "type": "LineString", "coordinates": [ [ -67.068, 18.2826 ], [ -67.0706, 18.2821 ], [ -67.0706, 18.2807 ] ] } },
{ "type": "Feature", "properties": { "gnis_name": null, "streamorde": 4, "lengthkm": 0.46156067, "totdasqkm": 30.70679993 }, "geometry": { "type": "LineString", "coordinates": [ [ -66.5456, 18.0694 ], [ -66.5453, 18.0687 ], [ -66.5463, 18.0656 ] ] } },
{ "type": "Feature", "properties": { "gnis_name": "Río Cibuco", "streamorde": 5, "lengthkm": 0.15893984, "totdasqkm": 223.9457 }, "geometry": { "type": "LineString", "coordinates": [ [ -66.3627, 18.4774 ], [ -66.364, 18.478 ] ] } },
{ "type": "Feature", "properties": { "gnis_name": null, "streamorde": 3, "lengthkm": 0.90198634, "totdasqkm": 13.58780012 }, "geometry": { "type": "LineString", "coordinates": [ [ -65.8808, 18.2246 ], [ -65.8812, 18.2254 ], [ -65.8829, 18.2267 ], [ -65.8836, 18.2316 ] ] } },
{ "type": "Feature", "properties": { "gnis_name": null, "streamorde": 3, "lengthkm": 0.69495494, "totdasqkm": 9.44459999 }, "geometry": { "type": "LineString", "coordinates": [ [ -66.1529, 18.3245 ], [ -66.1526, 18.3253 ], [ -66.1512, 18.3255 ], [ -66.1503, 18.3262 ], [ -66.1496, 18.3247 ], [ -66.1488, 18.3253 ] ] } },
{ "type": "Feature", "properties": { "gnis_name": "Río Toa Vaca", "streamorde": 3, "lengthkm": 2.11387933, "totdasqkm": 43.44990005 }, "geometry": { "type": "LineString", "coordinates": [ [ -66.4538, 18.1167 ], [ -66.4538, 18.1153 ], [ -66.4549, 18.1147 ], [ -66.4557, 18.1123 ], [ -66.4546, 18.1087 ], [ -66.455, 18.1075 ], [ -66.4569, 18.1061 ], [ -66.4574, 18.1049 ], [ -66.4582, 18.1045 ], [ -66.4593, 18.1047 ], [ -66.4606, 18.1039 ], [ -66.4612, 18.1021 ] ] } },
{ "type": "Feature", "properties": { "gnis_name": null, "streamorde": 4, "lengthkm": 0.21952922, "totdasqkm": 76.72200009 }, "geometry": { "type": "LineString", "coordinates": [ [ -66.5021, 18.2874 ], [ -66.5, 18.2874 ] ] } },
{ "type": "Feature", "properties": { "gnis_name": "Río Limón", "streamorde": 4, "lengthkm": 0.03003921, "totdasqkm": 82.53530046 }, "geometry": { "type": "LineString", "coordinates": [ [ -66.6279, 18.3206 ], [ -66.6281, 18.3207 ] ] } },
{ "type": "Feature", "properties": { "gnis_name": "Río Cerrillos", "streamorde": 3, "lengthkm": 0.791, "totdasqkm": 8.00379988 }, "geometry": { "type": "LineString", "coordinates": [ [ -66.6082, 18.1439 ], [ -66.6096, 18.141 ], [ -66.6117, 18.1398 ], [ -66.6121, 18.1384 ] ] } },
{ "type": "Feature", "properties": { "gnis_name": "Río Grande de Manati", "streamorde": 5, "lengthkm": 1.19968124, "totdasqkm": 570.15649981999991 }, "geometry": { "type": "LineString", "coordinates": [ [ -66.5402, 18.4441 ], [ -66.5396, 18.445 ], [ -66.5367, 18.447 ], [ -66.5308, 18.4497 ] ] } },
{ "type": "Feature", "properties": { "gnis_name": null, "streamorde": 3, "lengthkm": 0.832, "totdasqkm": 19.27080022 }, "geometry": { "type": "LineString", "coordinates": [ [ -66.6427, 18.1024 ], [ -66.6427, 18.1006 ], [ -66.6437, 18.0989 ], [ -66.6417, 18.0976 ], [ -66.6415, 18.0965 ] ] } },
{ "type": "Feature", "properties": { "gnis_name": "Río Nigua", "streamorde": 4, "lengthkm": 0.061, "totdasqkm": 114.33669966000001 }, "geometry": { "type": "LineString", "coordinates": [ [ -66.2735, 17.9985 ], [ -66.2738, 17.998 ] ] } },
{ "type": "Feature", "properties": { "gnis_name": "Río Caín", "streamorde": 3, "lengthkm": 0.08647668, "totdasqkm": 23.86389977 }, "geometry": { "type": "LineString", "coordinates": [ [ -67.0403, 18.0951 ], [ -67.0408, 18.0945 ] ] } },
{ "type": "Feature", "properties": { "gnis_name": "Río Prieto", "streamorde": 4, "lengthkm": 0.9135768, "totdasqkm": 55.62979943 }, "geometry": { "type": "LineString", "coordinates": [ [ -66.8675, 18.2161 ], [ -66.8673, 18.2167 ], [ -66.8687, 18.2194 ], [ -66.8715, 18.2208 ], [ -66.8724, 18.2219 ] ] } },
{ "type": "Feature", "properties": { "gnis_name": "Río Emajagua", "streamorde": 3, "lengthkm": 0.32070276, "totdasqkm": 11.85830025 }, "geometry": { "type": "LineString", "coordinates": [ [ -66.0081, 18.1274 ], [ -66.0053, 18.1263 ] ] } },
{ "type": "Feature", "properties": { "gnis_name": "Río Culebrinas", "streamorde": 4, "lengthkm": 0.73550375, "totdasqkm": 142.31589992 }, "geometry": { "type": "LineString", "coordinates": [ [ -67.0505, 18.3525 ], [ -67.0491, 18.3545 ], [ -67.0502, 18.3546 ], [ -67.051, 18.3568 ], [ -67.0515, 18.3569 ] ] } },
{ "type": "Feature", "properties": { "gnis_name": "Río Caonillas", "streamorde": 4, "lengthkm": 0.05870146, "totdasqkm": 113.30689997 }, "geometry": { "type": "LineString", "coordinates": [ [ -66.6505, 18.2517 ], [ -66.6507, 18.2522 ] ] } },
{ "type": "Feature", "properties": { "gnis_name": "Río Culebrinas", "streamorde": 3, "lengthkm": 0.29940649, "totdasqkm": 18.80769983 }, "geometry": { "type": "LineString", "coordinates": [ [ -66.947, 18.3008 ], [ -66.9482, 18.3015 ], [ -66.9486, 18.3027 ] ] } },
{ "type": "Feature", "properties": { "gnis_name": null, "streamorde": 5, "lengthkm": 0.20482366, "totdasqkm": 299.8885002 }, "geometry": { "type": "LineString", "coordinates": [ [ -66.9818, 18.275 ], [ -66.9823, 18.2743 ], [ -66.9833, 18.2745 ] ] } },
{ "type": "Feature", "properties": { "gnis_name": "Río de la Plata", "streamorde": 5, "lengthkm": 1.07242188, "totdasqkm": 305.50290032000004 }, "geometry": { "type": "LineString", "coordinates": [ [ -66.225, 18.2222 ], [ -66.2249, 18.2234 ], [ -66.2235, 18.2243 ], [ -66.2163, 18.2247 ] ] } },
{ "type": "Feature", "properties": { "gnis_name": "Río Tallaboa", "streamorde": 3, "lengthkm": 1.274, "totdasqkm": 11.36420018 }, "geometry": { "type": "LineString", "coordinates": [ [ -66.6985, 18.0953 ], [ -66.696, 18.0943 ], [ -66.6961, 18.0912 ], [ -66.6947, 18.0883 ], [ -66.6935, 18.0879 ], [ -66.6935, 18.0867 ] ] } },
{ "type": "Feature", "properties": { "gnis_name": "Río Grande de Patillas", "streamorde": 4, "lengthkm": 1.01425733, "totdasqkm": 69.09579998 }, "geometry": { "type": "LineString", "coordinates": [ [ -66.0281, 18.014 ], [ -66.0298, 18.0089 ], [ -66.0286, 18.0066 ], [ -66.0287, 18.0055 ] ] } },
{ "type": "Feature", "properties": { "gnis_name": "Río de Bayamón", "streamorde": 4, "lengthkm": 0.13609683, "totdasqkm": 69.9647001 }, "geometry": { "type": "LineString", "coordinates": [ [ -66.1391, 18.2768 ], [ -66.1391, 18.2779 ] ] } },
{ "type": "Feature", "properties": { "gnis_name": "Río Grande De Loiza", "streamorde": 4, "lengthkm": 0.74179032, "totdasqkm": 67.40350006 }, "geometry": { "type": "LineString", "coordinates": [ [ -65.9674, 18.171 ], [ -65.966, 18.1712 ], [ -65.9641, 18.1735 ], [ -65.962, 18.1747 ] ] } },
{ "type": "Feature", "properties": { "gnis_name": null, "streamorde": 3, "lengthkm": 0.848, "totdasqkm": 7.74909987 }, "geometry": { "type": "LineString", "coordinates": [ [ -66.7692, 18.0601 ], [ -66.7695, 18.0588 ], [ -66.7684, 18.057 ], [ -66.7689, 18.0553 ], [ -66.7673, 18.0534 ] ] } },
{ "type": "Feature", "properties": { "gnis_name": null, "streamorde": 3, "lengthkm": 0.0864111, "totdasqkm": 2.47909985 }, "geometry": { "type": "LineString", "coordinates": [ [ -67.1724, 18.2286 ], [ -67.1732, 18.2287 ] ] } },
{ "type": "Feature", "properties": { "gnis_name": "Río de la Plata", "streamorde": 4, "lengthkm": 2.12126175, "totdasqkm": 35.48269987 }, "geometry": { "type": "LineString", "coordinates": [ [ -66.1249, 18.0911 ], [ -66.1252, 18.093 ], [ -66.1248, 18.0937 ], [ -66.1239, 18.094 ], [ -66.1229, 18.096 ], [ -66.12, 18.0957 ], [ -66.1167, 18.0968 ], [ -66.1159, 18.0981 ], [ -66.1156, 18.1003 ], [ -66.1141, 18.1027 ] ] } },
{ "type": "Feature", "properties": { "gnis_name": "Río Grande de Añasco", "streamorde": 5, "lengthkm": 0.05310931, "totdasqkm": 299.84340023 }, "geometry": { "type": "LineString", "coordinates": [ [ -66.9814, 18.2753 ], [ -66.9818, 18.275 ] ] } },
{ "type": "Feature", "properties": { "gnis_name": null, "streamorde": 4, "lengthkm": 0.23953059, "totdasqkm": 99.28740003 }, "geometry": { "type": "LineString", "coordinates": [ [ -66.6293, 18.2353 ], [ -66.6288, 18.2374 ] ] } },
{ "type": "Feature", "properties": { "gnis_name": null, "streamorde": 3, "lengthkm": 0.02828382, "totdasqkm": 4.18910006 }, "geometry": { "type": "LineString", "coordinates": [ [ -66.9378, 18.0244 ], [ -66.9378, 18.0241 ] ] } },
{ "type": "Feature", "properties": { "gnis_name": "Río Tanamá", "streamorde": 4, "lengthkm": 6.0517476, "totdasqkm": 99.79389958 }, "geometry": { "type": "LineString", "coordinates": [ [ -66.7438, 18.3436 ], [ -66.7408, 18.3444 ], [ -66.7387, 18.3466 ], [ -66.7379, 18.3484 ], [ -66.7357, 18.3498 ], [ -66.7351, 18.3481 ], [ -66.7337, 18.3476 ], [ -66.7329, 18.3479 ], [ -66.7315, 18.3489 ], [ -66.7308, 18.3513 ], [ -66.7287, 18.3532 ], [ -66.7299, 18.3547 ], [ -66.7296, 18.3557 ], [ -66.7304, 18.3576 ], [ -66.7297, 18.3585 ], [ -66.7296, 18.3607 ], [ -66.7265, 18.3659 ], [ -66.7278, 18.3663 ], [ -66.7302, 18.3685 ], [ -66.7294, 18.3731 ], [ -66.7327, 18.3732 ], [ -66.7337, 18.3781 ] ] } },
{ "type": "Feature", "properties": { "gnis_name": "Río Prieto", "streamorde": 3, "lengthkm": 0.164, "totdasqkm": 19.0978001 }, "geometry": { "type": "LineString", "coordinates": [ [ -65.7848, 18.2533 ], [ -65.7856, 18.2521 ] ] } },
{ "type": "Feature", "properties": { "gnis_name": "Río Cuyón", "streamorde": 3, "lengthkm": 1.36355162, "totdasqkm": 18.36929971 }, "geometry": { "type": "LineString", "coordinates": [ [ -66.273, 18.0866 ], [ -66.2736, 18.0858 ], [ -66.2748, 18.0866 ], [ -66.2754, 18.0863 ], [ -66.2762, 18.0837 ], [ -66.275, 18.0803 ], [ -66.2756, 18.0796 ], [ -66.2768, 18.0796 ], [ -66.277, 18.0789 ] ] } },
{ "type": "Feature", "properties": { "gnis_name": "Río Grande de Arecibo", "streamorde": 6, "lengthkm": 0.0047071, "totdasqkm": 435.29010006 }, "geometry": { "type": "LineString", "coordinates": [ ] } },
{ "type": "Feature", "properties": { "gnis_name": "Río Tanamá", "streamorde": 4, "lengthkm": 0.14019477, "totdasqkm": 137.00279971000001 }, "geometry": { "type": "LineString", "coordinates": [ [ -66.7045, 18.4193 ], [ -66.7033, 18.4197 ] ] } },
{ "type": "Feature", "properties": { "gnis_name": "Río Culebrinas", "streamorde": 3, "lengthkm": 0.31315201, "totdasqkm": 17.66889992 }, "geometry": { "type": "LineString", "coordinates": [ [ -66.9447, 18.2995 ], [ -66.9455, 18.3003 ], [ -66.947, 18.3008 ] ] } },
{ "type": "Feature", "properties": { "gnis_name": null, "streamorde": 3, "lengthkm": 1.08282722, "totdasqkm": 43.00379992 }, "geometry": { "type": "LineString", "coordinates": [ [ -67.0059, 18.0048 ], [ -66.9962, 18.008 ] ] } },
{ "type": "Feature", "properties": { "gnis_name": "Río Nigua", "streamorde": 4, "lengthkm": 0.324, "totdasqkm": 114.24389966 }, "geometry": { "type": "LineString", "coordinates": [ [ -66.2715, 18.0007 ], [ -66.2735, 17.9985 ] ] } },
{ "type": "Feature", "properties": { "gnis_name": "Río Cerrillos", "streamorde": 4, "lengthkm": 1.897, "totdasqkm": 52.46130025 }, "geometry": { "type": "LineString", "coordinates": [ [ -66.5832, 18.0636 ], [ -66.5834, 18.0626 ], [ -66.5858, 18.0619 ], [ -66.5861, 18.0614 ], [ -66.586, 18.0596 ], [ -66.5834, 18.0576 ], [ -66.5837, 18.0549 ], [ -66.5831, 18.0523 ], [ -66.5839, 18.051 ], [ -66.5847, 18.0507 ] ] } },
{ "type": "Feature", "properties": { "gnis_name": "Río Prieto", "streamorde": 4, "lengthkm": 2.08256157, "totdasqkm": 58.69799964 }, "geometry": { "type": "LineString", "coordinates": [ [ -66.8724, 18.2219 ], [ -66.8739, 18.2242 ], [ -66.8749, 18.224 ], [ -66.8759, 18.2245 ], [ -66.8766, 18.2287 ], [ -66.8776, 18.2292 ], [ -66.8795, 18.2285 ], [ -66.8809, 18.2285 ], [ -66.8838, 18.2297 ], [ -66.8856, 18.231 ] ] } },
{ "type": "Feature", "properties": { "gnis_name": "Río Espíritu Santo", "streamorde": 4, "lengthkm": 0.02479176, "totdasqkm": 74.37899996 }, "geometry": { "type": "LineString", "coordinates": [ [ -65.8173, 18.387 ], [ -65.8171, 18.3872 ] ] } },
{ "type": "Feature", "properties": { "gnis_name": "Río Guayanilla", "streamorde": 4, "lengthkm": 1.603, "totdasqkm": 19.22160004 }, "geometry": { "type": "LineString", "coordinates": [ [ -66.7944, 18.0898 ], [ -66.7947, 18.0889 ], [ -66.7959, 18.0879 ], [ -66.7958, 18.0861 ], [ -66.7983, 18.0845 ], [ -66.798, 18.084 ], [ -66.7963, 18.084 ], [ -66.7957, 18.0834 ], [ -66.7968, 18.0798 ] ] } },
{ "type": "Feature", "properties": { "gnis_name": "Río Camuy", "streamorde": 3, "lengthkm": 2.92402352, "totdasqkm": 121.56519975 }, "geometry": { "type": "LineString", "coordinates": [ [ -66.8291, 18.4729 ], [ -66.8295, 18.4732 ], [ -66.8311, 18.4725 ], [ -66.8318, 18.4731 ], [ -66.8324, 18.4724 ], [ -66.8331, 18.4739 ], [ -66.8349, 18.4737 ], [ -66.8355, 18.4762 ], [ -66.8347, 18.4775 ], [ -66.8355, 18.4784 ], [ -66.8344, 18.4788 ], [ -66.8343, 18.4793 ], [ -66.8354, 18.4802 ], [ -66.8366, 18.48 ], [ -66.8375, 18.4804 ], [ -66.8375, 18.4826 ], [ -66.8387, 18.4835 ], [ -66.8387, 18.4846 ], [ -66.8369, 18.4844 ], [ -66.8362, 18.4855 ] ] } },
{ "type": "Feature", "properties": { "gnis_name": "Río Indio", "streamorde": 4, "lengthkm": 0.9968654, "totdasqkm": 66.12549969 }, "geometry": { "type": "LineString", "coordinates": [ [ -66.3955, 18.3868 ], [ -66.3944, 18.3893 ], [ -66.3952, 18.3955 ] ] } },
{ "type": "Feature", "properties": { "gnis_name": "Río Viejo", "streamorde": 3, "lengthkm": 0.31854565, "totdasqkm": 33.85950012 }, "geometry": { "type": "LineString", "coordinates": [ [ -67.1348, 18.105 ], [ -67.1372, 18.1066 ] ] } },
{ "type": "Feature", "properties": { "gnis_name": null, "streamorde": 3, "lengthkm": 0.7747842, "totdasqkm": 4.47209997 }, "geometry": { "type": "LineString", "coordinates": [ [ -65.9482, 18.1528 ], [ -65.9496, 18.1538 ], [ -65.9496, 18.1549 ], [ -65.9518, 18.1552 ], [ -65.9516, 18.1567 ] ] } },
{ "type": "Feature", "properties": { "gnis_name": "Río Grande de Manati", "streamorde": 5, "lengthkm": 0.59566457, "totdasqkm": 144.83479989 }, "geometry": { "type": "LineString", "coordinates": [ [ -66.4174, 18.2882 ], [ -66.419, 18.2876 ], [ -66.4206, 18.2884 ], [ -66.4226, 18.2882 ] ] } },
{ "type": "Feature", "properties": { "gnis_name": "Río Grande De Loiza", "streamorde": 5, "lengthkm": 1.04681193, "totdasqkm": 232.9639999 }, "geometry": { "type": "LineString", "coordinates": [ [ -66.0111, 18.2503 ], [ -66.0112, 18.2544 ], [ -66.0129, 18.2594 ] ] } },
{ "type": "Feature", "properties": { "gnis_name": null, "streamorde": 3, "lengthkm": 1.15057491, "totdasqkm": 3.41510007 }, "geometry": { "type": "LineString", "coordinates": [ [ -66.2188, 18.3421 ], [ -66.2202, 18.338 ], [ -66.221, 18.3371 ], [ -66.221, 18.3362 ], [ -66.2218, 18.3354 ], [ -66.221, 18.333 ] ] } },
{ "type": "Feature", "properties": { "gnis_name": "Río de Barranquitas", "streamorde": 3, "lengthkm": 0.4, "totdasqkm": 11.92749977 }, "geometry": { "type": "LineString", "coordinates": [ [ -66.3014, 18.181 ], [ -66.3002, 18.1798 ], [ -66.3009, 18.1781 ] ] } },
{ "type": "Feature", "properties": { "gnis_name": "Río Blanco", "streamorde": 4, "lengthkm": 0.25766809, "totdasqkm": 78.88390045 }, "geometry": { "type": "LineString", "coordinates": [ [ -66.8456, 18.2293 ], [ -66.8457, 18.2315 ] ] } },
{ "type": "Feature", "properties": { "gnis_name": "Río Hondo", "streamorde": 4, "lengthkm": 2.01575088, "totdasqkm": 42.70910029 }, "geometry": { "type": "LineString", "coordinates": [ [ -66.1598, 18.4335 ], [ -66.1626, 18.4504 ], [ -66.1622, 18.4514 ] ] } },
{ "type": "Feature", "properties": { "gnis_name": null, "streamorde": 4, "lengthkm": 0.23038264, "totdasqkm": 84.22750012 }, "geometry": { "type": "LineString", "coordinates": [ [ -66.4789, 18.2895 ], [ -66.4774, 18.2909 ] ] } },
{ "type": "Feature", "properties": { "gnis_name": null, "streamorde": 3, "lengthkm": 0.39866813, "totdasqkm": 4.4116 }, "geometry": { "type": "LineString", "coordinates": [ [ -66.0985, 18.0646 ], [ -66.0976, 18.0671 ], [ -66.0979, 18.0679 ] ] } },
{ "type": "Feature", "properties": { "gnis_name": "Río Grande de Añasco", "streamorde": 5, "lengthkm": 0.01257721, "totdasqkm": 330.54590029000002 }, "geometry": { "type": "LineString", "coordinates": [ [ -67.0295, 18.2795 ], [ -67.0295, 18.2797 ] ] } },
{ "type": "Feature", "properties": { "gnis_name": null, "streamorde": 3, "lengthkm": 3.581, "totdasqkm": 13.79559983 }, "geometry": { "type": "LineString", "coordinates": [ [ -65.7314, 18.2198 ], [ -65.7315, 18.2179 ], [ -65.7304, 18.2124 ], [ -65.7307, 18.2108 ], [ -65.7336, 18.207 ], [ -65.7334, 18.2064 ], [ -65.732, 18.2067 ], [ -65.7326, 18.2056 ], [ -65.7323, 18.2048 ], [ -65.7326, 18.2032 ], [ -65.7299, 18.1971 ], [ -65.7296, 18.1916 ] ] } },
{ "type": "Feature", "properties": { "gnis_name": "Río Grande de Arecibo", "streamorde": 5, "lengthkm": 0.90518969, "totdasqkm": 190.22159958999998 }, "geometry": { "type": "LineString", "coordinates": [ [ -66.6893, 18.307 ], [ -66.6855, 18.3085 ], [ -66.6835, 18.3083 ], [ -66.6813, 18.3092 ] ] } },
{ "type": "Feature", "properties": { "gnis_name": "Río de la Plata", "streamorde": 5, "lengthkm": 0.732478, "totdasqkm": 307.60320023000003 }, "geometry": { "type": "LineString", "coordinates": [ [ -66.2159, 18.2291 ], [ -66.214, 18.2327 ], [ -66.2141, 18.2351 ] ] } },
{ "type": "Feature", "properties": { "gnis_name": "Río Culebrinas", "streamorde": 4, "lengthkm": 0.59380165, "totdasqkm": 162.41279988 }, "geometry": { "type": "LineString", "coordinates": [ [ -67.0675, 18.3564 ], [ -67.0663, 18.3585 ], [ -67.0664, 18.3606 ], [ -67.0671, 18.3607 ] ] } },
{ "type": "Feature", "properties": { "gnis_name": "Río Mayaguecillo", "streamorde": 4, "lengthkm": 0.0256713, "totdasqkm": 18.1136 }, "geometry": { "type": "LineString", "coordinates": [ [ -66.9694, 18.2632 ], [ -66.9693, 18.2635 ] ] } },
{ "type": "Feature", "properties": { "gnis_name": "Río Orocovis", "streamorde": 4, "lengthkm": 0.16223748, "totdasqkm": 65.363699950000012 }, "geometry": { "type": "LineString", "coordinates": [ [ -66.3819, 18.2655 ], [ -66.3808, 18.2664 ] ] } },
{ "type": "Feature", "properties": { "gnis_name": "Río Lapa", "streamorde": 3, "lengthkm": 0.32904533, "totdasqkm": 28.64179998 }, "geometry": { "type": "LineString", "coordinates": [ [ -66.2423, 18.0486 ], [ -66.2434, 18.0459 ] ] } },
{ "type": "Feature", "properties": { "gnis_name": "Caño San Isidro", "streamorde": 3, "lengthkm": 1.18891899, "totdasqkm": 4.61750003 }, "geometry": { "type": "LineString", "coordinates": [ [ -65.8972, 18.3907 ], [ -65.8972, 18.3915 ], [ -65.8961, 18.3934 ], [ -65.8975, 18.3971 ], [ -65.8967, 18.398 ], [ -65.8961, 18.4002 ] ] } },
{ "type": "Feature", "properties": { "gnis_name": "Río Culebrinas", "streamorde": 5, "lengthkm": 0.2352446, "totdasqkm": 187.53859991 }, "geometry": { "type": "LineString", "coordinates": [ [ -67.0931, 18.3584 ], [ -67.0935, 18.3583 ], [ -67.0944, 18.3597 ] ] } },
{ "type": "Feature", "properties": { "gnis_name": "Río de Bayamón", "streamorde": 4, "lengthkm": 0.5985327, "totdasqkm": 30.31429977 }, "geometry": { "type": "LineString", "coordinates": [ [ -66.1462, 18.2201 ], [ -66.1456, 18.2217 ], [ -66.1444, 18.2214 ], [ -66.1436, 18.2226 ], [ -66.1439, 18.223 ] ] } },
{ "type": "Feature", "properties": { "gnis_name": null, "streamorde": 4, "lengthkm": 0.13481755, "totdasqkm": 69.89459991 }, "geometry": { "type": "LineString", "coordinates": [ [ -66.5118, 18.264 ], [ -66.5116, 18.2651 ] ] } },
{ "type": "Feature", "properties": { "gnis_name": "Río Grande de Arecibo", "streamorde": 4, "lengthkm": 1.50404498, "totdasqkm": 124.74989999 }, "geometry": { "type": "LineString", "coordinates": [ [ -66.7189, 18.2685 ], [ -66.7167, 18.2699 ], [ -66.7153, 18.2699 ], [ -66.7142, 18.269 ], [ -66.7141, 18.2656 ], [ -66.7136, 18.2649 ], [ -66.7096, 18.2652 ] ] } },
{ "type": "Feature", "properties": { "gnis_name": null, "streamorde": 4, "lengthkm": 0.02088626, "totdasqkm": 122.49320005 }, "geometry": { "type": "LineString", "coordinates": [ [ -67.0433, 18.3435 ], [ -67.0435, 18.3435 ] ] } },
{ "type": "Feature", "properties": { "gnis_name": "Río Blanco", "streamorde": 3, "lengthkm": 1.661, "totdasqkm": 32.15240006 }, "geometry": { "type": "LineString", "coordinates": [ [ -65.7837, 18.2337 ], [ -65.7861, 18.2307 ], [ -65.7845, 18.2263 ], [ -65.7843, 18.2199 ] ] } },
{ "type": "Feature", "properties": { "gnis_name": "Río Blanco", "streamorde": 4, "lengthkm": 0.22478406, "totdasqkm": 75.08750041 }, "geometry": { "type": "LineString", "coordinates": [ [ -66.8321, 18.2267 ], [ -66.8324, 18.2277 ], [ -66.8333, 18.2281 ] ] } },
{ "type": "Feature", "properties": { "gnis_name": "Río Viejo", "streamorde": 4, "lengthkm": 0.3190245, "totdasqkm": 60.10009997 }, "geometry": { "type": "LineString", "coordinates": [ [ -67.1357, 18.118 ], [ -67.1369, 18.1178 ], [ -67.1372, 18.1193 ] ] } },
{ "type": "Feature", "properties": { "gnis_name": "Río Toro Negro", "streamorde": 4, "lengthkm": 0.00732362, "totdasqkm": 84.19130013 }, "geometry": { "type": "LineString", "coordinates": [ [ -66.479, 18.2895 ], [ -66.4789, 18.2895 ] ] } },
{ "type": "Feature", "properties": { "gnis_name": "Río Grande De Loiza", "streamorde": 6, "lengthkm": 0.30147823, "totdasqkm": 587.24079940999991 }, "geometry": { "type": "LineString", "coordinates": [ [ -65.9612, 18.3748 ], [ -65.9589, 18.3733 ] ] } },
{ "type": "Feature", "properties": { "gnis_name": null, "streamorde": 3, "lengthkm": 0.096, "totdasqkm": 13.22449973 }, "geometry": { "type": "LineString", "coordinates": [ [ -65.7031, 18.3648 ], [ -65.7035, 18.3655 ] ] } },
{ "type": "Feature", "properties": { "gnis_name": "Río Grande De Loiza", "streamorde": 3, "lengthkm": 0.74076652, "totdasqkm": 15.62630004 }, "geometry": { "type": "LineString", "coordinates": [ [ -65.9881, 18.1147 ], [ -65.9888, 18.1176 ], [ -65.9881, 18.1179 ], [ -65.9875, 18.1207 ] ] } },
{ "type": "Feature", "properties": { "gnis_name": "Río de la Plata", "streamorde": 5, "lengthkm": 0.65890705, "totdasqkm": 382.17340009000003 }, "geometry": { "type": "LineString", "coordinates": [ [ -66.2071, 18.2805 ], [ -66.2091, 18.285 ], [ -66.2088, 18.2859 ] ] } },
{ "type": "Feature", "properties": { "gnis_name": null, "streamorde": 3, "lengthkm": 1.12775959, "totdasqkm": 8.30170031 }, "geometry": { "type": "LineString", "coordinates": [ [ -66.3806, 18.3314 ], [ -66.3806, 18.3331 ], [ -66.3798, 18.3341 ], [ -66.3793, 18.3345 ], [ -66.3784, 18.3342 ], [ -66.3784, 18.3348 ], [ -66.377, 18.3356 ], [ -66.3772, 18.3369 ], [ -66.3768, 18.3369 ], [ -66.3758, 18.3381 ] ] } },
{ "type": "Feature", "properties": { "gnis_name": "Río Bauta", "streamorde": 3, "lengthkm": 0.31374835, "totdasqkm": 33.13489979 }, "geometry": { "type": "LineString", "coordinates": [ [ -66.4525, 18.2157 ], [ -66.4541, 18.2151 ], [ -66.455, 18.2158 ] ] } },
{ "type": "Feature", "properties": { "gnis_name": "Río Grande de Añasco", "streamorde": 5, "lengthkm": 0.38660683, "totdasqkm": 274.38990011 }, "geometry": { "type": "LineString", "coordinates": [ [ -66.9536, 18.2713 ], [ -66.9572, 18.272 ] ] } },
{ "type": "Feature", "properties": { "gnis_name": "Río Guanajibo", "streamorde": 4, "lengthkm": 0.13792334, "totdasqkm": 43.77919964 }, "geometry": { "type": "LineString", "coordinates": [ [ -66.9808, 18.0671 ], [ -66.982, 18.0675 ] ] } },
{ "type": "Feature", "properties": { "gnis_name": "Río Pellejas", "streamorde": 3, "lengthkm": 1.01973928, "totdasqkm": 11.26039997 }, "geometry": { "type": "LineString", "coordinates": [ [ -66.6911, 18.1882 ], [ -66.6925, 18.1897 ], [ -66.694, 18.1891 ], [ -66.6936, 18.1905 ], [ -66.6941, 18.1914 ], [ -66.6951, 18.1914 ], [ -66.6956, 18.1906 ], [ -66.6962, 18.1909 ] ] } },
{ "type": "Feature", "properties": { "gnis_name": "Río Caonillas", "streamorde": 4, "lengthkm": 0.09026394, "totdasqkm": 103.55739997 }, "geometry": { "type": "LineString", "coordinates": [ [ -66.6312, 18.2397 ], [ -66.632, 18.2399 ] ] } },
{ "type": "Feature", "properties": { "gnis_name": "Río de la Plata", "streamorde": 5, "lengthkm": 2.53328081, "totdasqkm": 401.15749996 }, "geometry": { "type": "LineString", "coordinates": [ [ -66.2087, 18.2966 ], [ -66.2088, 18.2972 ], [ -66.2099, 18.298 ], [ -66.2107, 18.3033 ], [ -66.2129, 18.3047 ], [ -66.2136, 18.3064 ], [ -66.2132, 18.3071 ], [ -66.2107, 18.3075 ], [ -66.2064, 18.307 ], [ -66.206, 18.3076 ], [ -66.2058, 18.3103 ] ] } },
{ "type": "Feature", "properties": { "gnis_name": null, "streamorde": 4, "lengthkm": 0.22506863, "totdasqkm": 26.36879997 }, "geometry": { "type": "LineString", "coordinates": [ [ -67.0972, 18.2693 ], [ -67.0979, 18.27 ], [ -67.099, 18.2699 ] ] } },
{ "type": "Feature", "properties": { "gnis_name": "Río de Bayamón", "streamorde": 4, "lengthkm": 0.51662573, "totdasqkm": 54.35179985 }, "geometry": { "type": "LineString", "coordinates": [ [ -66.137, 18.2583 ], [ -66.1337, 18.259 ], [ -66.1333, 18.2601 ] ] } },
{ "type": "Feature", "properties": { "gnis_name": "Río Orocovis", "streamorde": 4, "lengthkm": 0.76432788, "totdasqkm": 70.13219991 }, "geometry": { "type": "LineString", "coordinates": [ [ -66.383, 18.2763 ], [ -66.3824, 18.2778 ], [ -66.3827, 18.2789 ], [ -66.3814, 18.2801 ], [ -66.381, 18.2824 ] ] } },
{ "type": "Feature", "properties": { "gnis_name": null, "streamorde": 3, "lengthkm": 0.095, "totdasqkm": 23.48820014 }, "geometry": { "type": "LineString", "coordinates": [ [ -65.7013, 18.2743 ], [ -65.7016, 18.275 ] ] } },
{ "type": "Feature", "properties": { "gnis_name": "Río Grande De Loiza", "streamorde": 6, "lengthkm": 1.11246822, "totdasqkm": 670.38009955999996 }, "geometry": { "type": "LineString", "coordinates": [ [ -65.9148, 18.3827 ], [ -65.9084, 18.383 ], [ -65.9046, 18.3844 ] ] } },
{ "type": "Feature", "properties": { "gnis_name": null, "streamorde": 3, "lengthkm": 0.372, "totdasqkm": 16.46120002 }, "geometry": { "type": "LineString", "coordinates": [ [ -65.8541, 18.0494 ], [ -65.8539, 18.0502 ], [ -65.8529, 18.0501 ], [ -65.8518, 18.051 ] ] } },
{ "type": "Feature", "properties": { "gnis_name": null, "streamorde": 3, "lengthkm": 1.64367713, "totdasqkm": 17.02809982 }, "geometry": { "type": "LineString", "coordinates": [ [ -66.4996, 18.2258 ], [ -66.4997, 18.2269 ], [ -66.5022, 18.232 ], [ -66.5042, 18.2325 ], [ -66.5045, 18.2343 ], [ -66.5064, 18.2347 ], [ -66.507, 18.2362 ] ] } },
{ "type": "Feature", "properties": { "gnis_name": "Río Guilarte", "streamorde": 3, "lengthkm": 1.63322015, "totdasqkm": 15.72490016 }, "geometry": { "type": "LineString", "coordinates": [ [ -66.7755, 18.1884 ], [ -66.7773, 18.1875 ], [ -66.779, 18.1881 ], [ -66.7797, 18.191 ], [ -66.7807, 18.1916 ], [ -66.7815, 18.1941 ], [ -66.7814, 18.1967 ], [ -66.7829, 18.1972 ] ] } },
{ "type": "Feature", "properties": { "gnis_name": "Río de Bayamón", "streamorde": 4, "lengthkm": 0.35825057, "totdasqkm": 106.85769996000001 }, "geometry": { "type": "LineString", "coordinates": [ [ -66.1415, 18.3279 ], [ -66.1412, 18.3295 ], [ -66.14, 18.3306 ] ] } },
{ "type": "Feature", "properties": { "gnis_name": null, "streamorde": 3, "lengthkm": 1.351, "totdasqkm": 8.9032 }, "geometry": { "type": "LineString", "coordinates": [ [ -66.4967, 18.1345 ], [ -66.4965, 18.1336 ], [ -66.4955, 18.1329 ], [ -66.4956, 18.1316 ], [ -66.494, 18.131 ], [ -66.4943, 18.1281 ], [ -66.4933, 18.1268 ], [ -66.4944, 18.125 ] ] } },
{ "type": "Feature", "properties": { "gnis_name": "Río de la Plata", "streamorde": 4, "lengthkm": 0.01489964, "totdasqkm": 104.30959999 }, "geometry": { "type": "LineString", "coordinates": [ [ -66.1622, 18.146 ], [ -66.1623, 18.146 ] ] } },
{ "type": "Feature", "properties": { "gnis_name": null, "streamorde": 3, "lengthkm": 0.22387971, "totdasqkm": 11.95989999 }, "geometry": { "type": "LineString", "coordinates": [ [ -67.172, 18.2829 ], [ -67.1734, 18.2817 ] ] } },
{ "type": "Feature", "properties": { "gnis_name": "Río Toro Negro", "streamorde": 3, "lengthkm": 0.62599937, "totdasqkm": 6.89480011 }, "geometry": { "type": "LineString", "coordinates": [ [ -66.5176, 18.167 ], [ -66.5154, 18.1677 ], [ -66.5142, 18.1664 ], [ -66.5128, 18.1659 ] ] } },
{ "type": "Feature", "properties": { "gnis_name": "Río Sonador", "streamorde": 3, "lengthkm": 0.24670737, "totdasqkm": 11.14790002 }, "geometry": { "type": "LineString", "coordinates": [ [ -66.9967, 18.305 ], [ -66.9976, 18.3055 ], [ -66.9982, 18.3065 ] ] } },
{ "type": "Feature", "properties": { "gnis_name": null, "streamorde": 5, "lengthkm": 0.02203947, "totdasqkm": 173.48579974 }, "geometry": { "type": "LineString", "coordinates": [ [ -66.7061, 18.2952 ], [ -66.7061, 18.2954 ] ] } },
{ "type": "Feature", "properties": { "gnis_name": "Río Saliente", "streamorde": 3, "lengthkm": 0.13859232, "totdasqkm": 26.11180012 }, "geometry": { "type": "LineString", "coordinates": [ [ -66.573, 18.2184 ], [ -66.5728, 18.2196 ] ] } },
{ "type": "Feature", "properties": { "gnis_name": "Río de Aibonito", "streamorde": 3, "lengthkm": 0.09378176, "totdasqkm": 15.45349991 }, "geometry": { "type": "LineString", "coordinates": [ [ -66.277, 18.1494 ], [ -66.2775, 18.15 ] ] } },
{ "type": "Feature", "properties": { "gnis_name": "Río de la Plata", "streamorde": 5, "lengthkm": 0.56000928, "totdasqkm": 368.82370005999996 }, "geometry": { "type": "LineString", "coordinates": [ [ -66.2068, 18.2535 ], [ -66.2035, 18.2555 ], [ -66.2033, 18.2561 ], [ -66.2038, 18.2566 ] ] } },
{ "type": "Feature", "properties": { "gnis_name": "Río Grande de Manati", "streamorde": 5, "lengthkm": 0.21440773, "totdasqkm": 137.22039981 }, "geometry": { "type": "LineString", "coordinates": [ [ -66.4029, 18.299 ], [ -66.4033, 18.2993 ], [ -66.4045, 18.2986 ] ] } },
{ "type": "Feature", "properties": { "gnis_name": "Río Cañas", "streamorde": 3, "lengthkm": 0.38314177, "totdasqkm": 10.07709995 }, "geometry": { "type": "LineString", "coordinates": [ [ -66.2523, 18.3237 ], [ -66.2502, 18.3249 ], [ -66.2497, 18.3258 ] ] } },
{ "type": "Feature", "properties": { "gnis_name": "Río Grande de Añasco", "streamorde": 5, "lengthkm": 0.60511392, "totdasqkm": 169.71829987000001 }, "geometry": { "type": "LineString", "coordinates": [ [ -66.9074, 18.2531 ], [ -66.9086, 18.2521 ], [ -66.9122, 18.2539 ] ] } },
{ "type": "Feature", "properties": { "gnis_name": "Río Culebrinas", "streamorde": 4, "lengthkm": 0.19686027, "totdasqkm": 38.33499959 }, "geometry": { "type": "LineString", "coordinates": [ [ -66.9896, 18.3295 ], [ -66.9906, 18.331 ] ] } },
{ "type": "Feature", "properties": { "gnis_name": "Río Cuesta Arriba", "streamorde": 3, "lengthkm": 3.0174061, "totdasqkm": 12.39029986 }, "geometry": { "type": "LineString", "coordinates": [ [ -66.1893, 18.2929 ], [ -66.1907, 18.2925 ], [ -66.1918, 18.2938 ], [ -66.1929, 18.2924 ], [ -66.1941, 18.2947 ], [ -66.1953, 18.2945 ], [ -66.1957, 18.2948 ], [ -66.195, 18.2964 ], [ -66.1957, 18.2977 ], [ -66.1976, 18.2987 ], [ -66.1984, 18.2978 ], [ -66.1988, 18.299 ], [ -66.2002, 18.2986 ], [ -66.2016, 18.2997 ], [ -66.2028, 18.2985 ], [ -66.204, 18.2983 ], [ -66.2041, 18.2969 ], [ -66.2052, 18.2958 ] ] } },
{ "type": "Feature", "properties": { "gnis_name": "Río Rosario", "streamorde": 4, "lengthkm": 2.34936479, "totdasqkm": 34.51769983000001 }, "geometry": { "type": "LineString", "coordinates": [ [ -67.0424, 18.1805 ], [ -67.0423, 18.18 ], [ -67.0409, 18.1793 ], [ -67.0407, 18.178 ], [ -67.0435, 18.1773 ], [ -67.0449, 18.1762 ], [ -67.0469, 18.1763 ], [ -67.0488, 18.1777 ], [ -67.0493, 18.1777 ], [ -67.0499, 18.1765 ], [ -67.0514, 18.1781 ], [ -67.051, 18.1768 ], [ -67.0518, 18.174 ] ] } },
{ "type": "Feature", "properties": { "gnis_name": null, "streamorde": 4, "lengthkm": 0.05188872, "totdasqkm": 106.94560027 }, "geometry": { "type": "LineString", "coordinates": [ [ -66.9174, 17.9905 ], [ -66.9169, 17.9905 ] ] } },
{ "type": "Feature", "properties": { "gnis_name": null, "streamorde": 3, "lengthkm": 0.02720164, "totdasqkm": 8.75599997 }, "geometry": { "type": "LineString", "coordinates": [ [ -65.9583, 18.19 ], [ -65.9582, 18.1902 ] ] } },
{ "type": "Feature", "properties": { "gnis_name": null, "streamorde": 4, "lengthkm": 1.36755281, "totdasqkm": 111.9557002 }, "geometry": { "type": "LineString", "coordinates": [ [ -66.5031, 18.0955 ], [ -66.5053, 18.0938 ], [ -66.5056, 18.0922 ], [ -66.5045, 18.0897 ], [ -66.5025, 18.0887 ], [ -66.5015, 18.0867 ], [ -66.5017, 18.0859 ] ] } },
{ "type": "Feature", "properties": { "gnis_name": "Río Pellejas", "streamorde": 3, "lengthkm": 0.81955629, "totdasqkm": 26.3594998 }, "geometry": { "type": "LineString", "coordinates": [ [ -66.7125, 18.2263 ], [ -66.7155, 18.2296 ], [ -66.7181, 18.2303 ] ] } },
{ "type": "Feature", "properties": { "gnis_name": null, "streamorde": 4, "lengthkm": 1.03108498, "totdasqkm": 39.30800007 }, "geometry": { "type": "LineString", "coordinates": [ [ -65.7611, 18.3764 ], [ -65.7607, 18.3782 ], [ -65.7535, 18.3804 ] ] } },
{ "type": "Feature", "properties": { "gnis_name": "Río Arenas", "streamorde": 3, "lengthkm": 1.09223286, "totdasqkm": 6.52640002 }, "geometry": { "type": "LineString", "coordinates": [ [ -67.0023, 18.2449 ], [ -67.0033, 18.2456 ], [ -67.0023, 18.2463 ], [ -67.0032, 18.2463 ], [ -67.0034, 18.2468 ], [ -67.001, 18.2477 ], [ -67.0016, 18.2488 ], [ -67.0006, 18.2483 ], [ -66.9998, 18.2487 ] ] } },
{ "type": "Feature", "properties": { "gnis_name": "Río de Bayamón", "streamorde": 5, "lengthkm": 0.04810899, "totdasqkm": 173.44779992 }, "geometry": { "type": "LineString", "coordinates": [ [ -66.1347, 18.3745 ], [ -66.135, 18.3748 ] ] } },
{ "type": "Feature", "properties": { "gnis_name": "Río Cibuco", "streamorde": 4, "lengthkm": 2.48303123, "totdasqkm": 106.12590004 }, "geometry": { "type": "LineString", "coordinates": [ [ -66.3418, 18.4158 ], [ -66.3424, 18.4164 ], [ -66.3416, 18.4165 ], [ -66.3418, 18.4172 ], [ -66.3411, 18.417 ], [ -66.341, 18.4178 ], [ -66.3405, 18.4174 ], [ -66.3404, 18.4181 ], [ -66.3414, 18.4184 ], [ -66.3418, 18.4195 ], [ -66.3426, 18.4195 ], [ -66.3429, 18.4188 ], [ -66.3439, 18.4207 ], [ -66.342, 18.4215 ], [ -66.3435, 18.4216 ], [ -66.3443, 18.4224 ], [ -66.3452, 18.422 ], [ -66.3457, 18.4229 ], [ -66.346, 18.4217 ], [ -66.3467, 18.4231 ], [ -66.3472, 18.4229 ] ] } },
{ "type": "Feature", "properties": { "gnis_name": null, "streamorde": 3, "lengthkm": 0.684, "totdasqkm": 8.18840031 }, "geometry": { "type": "LineString", "coordinates": [ [ -67.0141, 18.0231 ], [ -67.0149, 18.017 ] ] } },
{ "type": "Feature", "properties": { "gnis_name": "Río Bonelli", "streamorde": 3, "lengthkm": 2.383551, "totdasqkm": 15.8367 }, "geometry": { "type": "LineString", "coordinates": [ [ -66.9639, 18.1702 ], [ -66.9628, 18.1712 ], [ -66.9639, 18.1724 ], [ -66.9634, 18.1742 ], [ -66.9661, 18.1759 ], [ -66.965, 18.1766 ], [ -66.9624, 18.1762 ], [ -66.9624, 18.1786 ], [ -66.9608, 18.1792 ], [ -66.9597, 18.1826 ], [ -66.9583, 18.1827 ] ] } },
{ "type": "Feature", "properties": { "gnis_name": "Río Hondo", "streamorde": 3, "lengthkm": 0.28668749, "totdasqkm": 8.6514999 }, "geometry": { "type": "LineString", "coordinates": [ [ -67.1516, 18.2839 ], [ -67.1536, 18.2824 ] ] } },
{ "type": "Feature", "properties": { "gnis_name": "Río Grande De Loiza", "streamorde": 5, "lengthkm": 0.33938968, "totdasqkm": 132.15560008 }, "geometry": { "type": "LineString", "coordinates": [ [ -65.9862, 18.2034 ], [ -65.9878, 18.2036 ], [ -65.989, 18.2046 ] ] } },
{ "type": "Feature", "properties": { "gnis_name": "Río Grande de Añasco", "streamorde": 5, "lengthkm": 0.51320476, "totdasqkm": 275.17540014000002 }, "geometry": { "type": "LineString", "coordinates": [ [ -66.9594, 18.2715 ], [ -66.9604, 18.2712 ], [ -66.9616, 18.27 ], [ -66.9632, 18.2709 ] ] } },
{ "type": "Feature", "properties": { "gnis_name": "Río Blanco", "streamorde": 4, "lengthkm": 0.55236167, "totdasqkm": 80.2324004 }, "geometry": { "type": "LineString", "coordinates": [ [ -66.8457, 18.2315 ], [ -66.848, 18.2319 ], [ -66.8508, 18.2314 ] ] } },
{ "type": "Feature", "properties": { "gnis_name": null, "streamorde": 3, "lengthkm": 0.66, "totdasqkm": 12.05509981 }, "geometry": { "type": "LineString", "coordinates": [ [ -66.7643, 18.0386 ], [ -66.7638, 18.0379 ], [ -66.7648, 18.037 ], [ -66.7644, 18.034 ], [ -66.764, 18.0335 ] ] } },
{ "type": "Feature", "properties": { "gnis_name": "Río Guatemala", "streamorde": 3, "lengthkm": 1.06004371, "totdasqkm": 32.06950022 }, "geometry": { "type": "LineString", "coordinates": [ [ -66.9996, 18.3407 ], [ -67.0, 18.3382 ], [ -67.0007, 18.3382 ], [ -67.0024, 18.3391 ], [ -67.0033, 18.3368 ], [ -67.0051, 18.3366 ] ] } },
{ "type": "Feature", "properties": { "gnis_name": "Río Blanco", "streamorde": 4, "lengthkm": 0.09450344, "totdasqkm": 77.64300037 }, "geometry": { "type": "LineString", "coordinates": [ [ -66.8422, 18.2279 ], [ -66.8431, 18.2278 ] ] } },
{ "type": "Feature", "properties": { "gnis_name": "Río de la Plata", "streamorde": 4, "lengthkm": 3.12163454, "totdasqkm": 30.66609997 }, "geometry": { "type": "LineString", "coordinates": [ [ -66.1096, 18.0799 ], [ -66.1102, 18.0806 ], [ -66.1096, 18.0814 ], [ -66.1098, 18.082 ], [ -66.1122, 18.0814 ], [ -66.114, 18.082 ], [ -66.1141, 18.0833 ], [ -66.1158, 18.0835 ], [ -66.1184, 18.0847 ], [ -66.1215, 18.0849 ], [ -66.1217, 18.0855 ], [ -66.1206, 18.0866 ], [ -66.1195, 18.0895 ], [ -66.1209, 18.0909 ], [ -66.122, 18.0909 ], [ -66.1231, 18.0918 ], [ -66.1249, 18.0911 ] ] } },
{ "type": "Feature", "properties": { "gnis_name": null, "streamorde": 3, "lengthkm": 1.559, "totdasqkm": 3.72669994 }, "geometry": { "type": "LineString", "coordinates": [ [ -67.0324, 18.3211 ], [ -67.0313, 18.323 ], [ -67.0326, 18.3243 ], [ -67.032, 18.3252 ], [ -67.0353, 18.3255 ], [ -67.0357, 18.3249 ], [ -67.0368, 18.3256 ], [ -67.0374, 18.3251 ], [ -67.0375, 18.326 ], [ -67.0371, 18.326 ], [ -67.037, 18.3268 ] ] } },
{ "type": "Feature", "properties": { "gnis_name": "Río de la Plata", "streamorde": 4, "lengthkm": 0.17795626, "totdasqkm": 174.16050002 }, "geometry": { "type": "LineString", "coordinates": [ [ -66.2272, 18.1691 ], [ -66.2284, 18.1702 ] ] } },
{ "type": "Feature", "properties": { "gnis_name": "Río Arroyata", "streamorde": 4, "lengthkm": 2.92658731, "totdasqkm": 18.5443001 }, "geometry": { "type": "LineString", "coordinates": [ [ -66.1911, 18.1907 ], [ -66.1927, 18.1915 ], [ -66.1947, 18.191 ], [ -66.1952, 18.1931 ], [ -66.1958, 18.1925 ], [ -66.1972, 18.1927 ], [ -66.1986, 18.192 ], [ -66.2001, 18.192 ], [ -66.2028, 18.1948 ], [ -66.2035, 18.1942 ], [ -66.2028, 18.1931 ], [ -66.2033, 18.1925 ], [ -66.2038, 18.1926 ], [ -66.2051, 18.1943 ], [ -66.2061, 18.1948 ], [ -66.2062, 18.193 ], [ -66.2089, 18.1934 ] ] } },
{ "type": "Feature", "properties": { "gnis_name": "Río Piedras", "streamorde": 3, "lengthkm": 1.21494851, "totdasqkm": 22.36470022 }, "geometry": { "type": "LineString", "coordinates": [ [ -66.0603, 18.3688 ], [ -66.0588, 18.3705 ], [ -66.0593, 18.3791 ] ] } },
{ "type": "Feature", "properties": { "gnis_name": null, "streamorde": 3, "lengthkm": 0.968, "totdasqkm": 22.77940001 }, "geometry": { "type": "LineString", "coordinates": [ [ -65.8452, 18.058 ], [ -65.8414, 18.0596 ], [ -65.8369, 18.0584 ] ] } },
{ "type": "Feature", "properties": { "gnis_name": "Río Toro Negro", "streamorde": 4, "lengthkm": 0.2281565, "totdasqkm": 77.0193001 }, "geometry": { "type": "LineString", "coordinates": [ [ -66.5021, 18.2874 ], [ -66.5, 18.2874 ] ] } },
{ "type": "Feature", "properties": { "gnis_name": "Río Guaba", "streamorde": 3, "lengthkm": 0.14327394, "totdasqkm": 40.96600026 }, "geometry": { "type": "LineString", "coordinates": [ [ -66.953, 18.2222 ], [ -66.9524, 18.2213 ] ] } },
{ "type": "Feature", "properties": { "gnis_name": "Río Grande de Añasco", "streamorde": 5, "lengthkm": 0.69610779, "totdasqkm": 330.41220027999998 }, "geometry": { "type": "LineString", "coordinates": [ [ -67.0244, 18.2805 ], [ -67.0251, 18.2793 ], [ -67.0266, 18.2785 ], [ -67.0287, 18.2787 ], [ -67.0295, 18.2795 ] ] } },
{ "type": "Feature", "properties": { "gnis_name": "Río Guayanés", "streamorde": 3, "lengthkm": 1.465, "totdasqkm": 12.39299986 }, "geometry": { "type": "LineString", "coordinates": [ [ -65.9666, 18.0784 ], [ -65.9638, 18.0771 ], [ -65.9618, 18.0806 ], [ -65.9609, 18.0812 ], [ -65.9592, 18.0792 ], [ -65.9576, 18.0805 ] ] } },
{ "type": "Feature", "properties": { "gnis_name": "Río Gurabo", "streamorde": 5, "lengthkm": 0.25556272, "totdasqkm": 147.34109979000002 }, "geometry": { "type": "LineString", "coordinates": [ [ -65.952, 18.2555 ], [ -65.953, 18.2574 ] ] } },
{ "type": "Feature", "properties": { "gnis_name": "Río Grande de Arecibo", "streamorde": 4, "lengthkm": 0.18102402, "totdasqkm": 119.85629997 }, "geometry": { "type": "LineString", "coordinates": [ [ -66.7217, 18.2602 ], [ -66.7204, 18.2612 ] ] } },
{ "type": "Feature", "properties": { "gnis_name": null, "streamorde": 3, "lengthkm": 0.073, "totdasqkm": 44.54580033 }, "geometry": { "type": "LineString", "coordinates": [ [ -65.6755, 18.2998 ], [ -65.6749, 18.3 ] ] } },
{ "type": "Feature", "properties": { "gnis_name": null, "streamorde": 3, "lengthkm": 0.65893371, "totdasqkm": 4.76990016 }, "geometry": { "type": "LineString", "coordinates": [ [ -67.1053, 18.1933 ], [ -67.106, 18.1934 ], [ -67.1064, 18.1923 ], [ -67.1081, 18.1938 ], [ -67.1094, 18.1931 ] ] } },
{ "type": "Feature", "properties": { "gnis_name": null, "streamorde": 4, "lengthkm": 0.5586808, "totdasqkm": 26.94629995 }, "geometry": { "type": "LineString", "coordinates": [ [ -67.186, 18.274 ], [ -67.1853, 18.2724 ], [ -67.1824, 18.2708 ] ] } },
{ "type": "Feature", "properties": { "gnis_name": null, "streamorde": 3, "lengthkm": 1.99143384, "totdasqkm": 4.75149977 }, "geometry": { "type": "LineString", "coordinates": [ [ -67.1074, 18.2133 ], [ -67.1104, 18.2138 ], [ -67.1119, 18.2133 ], [ -67.115, 18.2143 ], [ -67.1155, 18.2127 ], [ -67.1167, 18.2116 ], [ -67.1159, 18.2113 ], [ -67.1172, 18.2098 ], [ -67.1169, 18.2092 ], [ -67.1166, 18.21 ], [ -67.1159, 18.2099 ], [ -67.1151, 18.2086 ] ] } },
{ "type": "Feature", "properties": { "gnis_name": null, "streamorde": 3, "lengthkm": 0.18, "totdasqkm": 5.3078 }, "geometry": { "type": "LineString", "coordinates": [ [ -67.1004, 18.3395 ], [ -67.0988, 18.3401 ] ] } },
{ "type": "Feature", "properties": { "gnis_name": "Caño La Puente", "streamorde": 4, "lengthkm": 0.33138951, "totdasqkm": 26.80679999 }, "geometry": { "type": "LineString", "coordinates": [ [ -67.186, 18.2741 ], [ -67.1883, 18.2722 ] ] } },
{ "type": "Feature", "properties": { "gnis_name": "Río Guanajibo", "streamorde": 5, "lengthkm": 0.71764301, "totdasqkm": 311.79719966 }, "geometry": { "type": "LineString", "coordinates": [ [ -67.1513, 18.1419 ], [ -67.1517, 18.1436 ], [ -67.151, 18.1449 ], [ -67.1523, 18.1456 ], [ -67.1528, 18.1451 ], [ -67.1536, 18.1452 ] ] } },
{ "type": "Feature", "properties": { "gnis_name": null, "streamorde": 3, "lengthkm": 0.02047005, "totdasqkm": 4.14010009 }, "geometry": { "type": "LineString", "coordinates": [ [ -65.7611, 18.3766 ], [ -65.7611, 18.3764 ] ] } },
{ "type": "Feature", "properties": { "gnis_name": null, "streamorde": 3, "lengthkm": 1.135, "totdasqkm": 4.66370004 }, "geometry": { "type": "LineString", "coordinates": [ [ -66.1086, 18.3988 ], [ -66.1064, 18.4019 ], [ -66.1066, 18.4027 ], [ -66.1053, 18.4042 ], [ -66.1045, 18.4073 ] ] } },
{ "type": "Feature", "properties": { "gnis_name": "Río Gurabo", "streamorde": 5, "lengthkm": 0.44381969, "totdasqkm": 157.12339987000001 }, "geometry": { "type": "LineString", "coordinates": [ [ -65.973, 18.2597 ], [ -65.9725, 18.2637 ] ] } },
{ "type": "Feature", "properties": { "gnis_name": "Río Humacao", "streamorde": 3, "lengthkm": 1.643, "totdasqkm": 14.66390017 }, "geometry": { "type": "LineString", "coordinates": [ [ -65.8693, 18.1582 ], [ -65.8697, 18.1593 ], [ -65.8692, 18.161 ], [ -65.8699, 18.1626 ], [ -65.8696, 18.1653 ], [ -65.8687, 18.1659 ], [ -65.8686, 18.1666 ], [ -65.8701, 18.1673 ], [ -65.8699, 18.1691 ], [ -65.8708, 18.1688 ], [ -65.8712, 18.1695 ] ] } },
{ "type": "Feature", "properties": { "gnis_name": "Río Saliente", "streamorde": 3, "lengthkm": 0.15425855, "totdasqkm": 12.45450013 }, "geometry": { "type": "LineString", "coordinates": [ [ -66.5573, 18.19 ], [ -66.5571, 18.1913 ] ] } },
{ "type": "Feature", "properties": { "gnis_name": null, "streamorde": 3, "lengthkm": 0.111, "totdasqkm": 12.41619999 }, "geometry": { "type": "LineString", "coordinates": [ [ -65.792, 18.0992 ], [ -65.791, 18.0988 ] ] } },
{ "type": "Feature", "properties": { "gnis_name": null, "streamorde": 3, "lengthkm": 0.02663521, "totdasqkm": 9.22479995 }, "geometry": { "type": "LineString", "coordinates": [ [ -66.0754, 18.4129 ], [ -66.0754, 18.4131 ] ] } },
{ "type": "Feature", "properties": { "gnis_name": "Río Bauta", "streamorde": 3, "lengthkm": 0.11106752, "totdasqkm": 47.35169984 }, "geometry": { "type": "LineString", "coordinates": [ [ -66.4491, 18.2384 ], [ -66.449, 18.2393 ] ] } },
{ "type": "Feature", "properties": { "gnis_name": null, "streamorde": 3, "lengthkm": 1.585, "totdasqkm": 17.92840005 }, "geometry": { "type": "LineString", "coordinates": [ [ -65.714, 18.2698 ], [ -65.7123, 18.2705 ], [ -65.7109, 18.2698 ], [ -65.7093, 18.2703 ], [ -65.7058, 18.2726 ], [ -65.7046, 18.2728 ], [ -65.704, 18.2726 ], [ -65.7032, 18.2709 ], [ -65.7018, 18.2715 ] ] } },
{ "type": "Feature", "properties": { "gnis_name": "Río Arroyata", "streamorde": 4, "lengthkm": 1.51496075, "totdasqkm": 41.62659994 }, "geometry": { "type": "LineString", "coordinates": [ [ -66.2017, 18.2298 ], [ -66.2041, 18.2306 ], [ -66.204, 18.2326 ], [ -66.2048, 18.235 ], [ -66.2082, 18.2371 ], [ -66.2085, 18.2395 ] ] } },
{ "type": "Feature", "properties": { "gnis_name": null, "streamorde": 5, "lengthkm": 0.01641842, "totdasqkm": 173.48009974 }, "geometry": { "type": "LineString", "coordinates": [ [ -66.7061, 18.2952 ], [ -66.7061, 18.2954 ] ] } },
{ "type": "Feature", "properties": { "gnis_name": "Río Grande", "streamorde": 3, "lengthkm": 0.92886778, "totdasqkm": 27.21529999 }, "geometry": { "type": "LineString", "coordinates": [ [ -65.8243, 18.374 ], [ -65.825, 18.3776 ], [ -65.8261, 18.378 ], [ -65.8259, 18.379 ], [ -65.8275, 18.3804 ] ] } },
{ "type": "Feature", "properties": { "gnis_name": "Río Tanamá", "streamorde": 4, "lengthkm": 1.44267519, "totdasqkm": 53.64129974 }, "geometry": { "type": "LineString", "coordinates": [ [ -66.7829, 18.3021 ], [ -66.7836, 18.305 ], [ -66.7813, 18.3095 ], [ -66.7819, 18.3118 ], [ -66.7808, 18.3136 ] ] } },
{ "type": "Feature", "properties": { "gnis_name": "Río Grande De Loiza", "streamorde": 6, "lengthkm": 0.32028276, "totdasqkm": 544.32149975000004 }, "geometry": { "type": "LineString", "coordinates": [ [ -65.9953, 18.3576 ], [ -65.9924, 18.3583 ] ] } },
{ "type": "Feature", "properties": { "gnis_name": "Río Espíritu Santo", "streamorde": 4, "lengthkm": 0.76690021, "totdasqkm": 75.79230001 }, "geometry": { "type": "LineString", "coordinates": [ [ -65.8168, 18.3913 ], [ -65.8159, 18.3916 ], [ -65.8137, 18.391 ], [ -65.8113, 18.394 ] ] } },
{ "type": "Feature", "properties": { "gnis_name": "Río Grande de Arecibo", "streamorde": 4, "lengthkm": 0.29485297, "totdasqkm": 93.5246996 }, "geometry": { "type": "LineString", "coordinates": [ [ -66.7201, 18.2386 ], [ -66.7212, 18.2409 ] ] } },
{ "type": "Feature", "properties": { "gnis_name": "Río de la Plata", "streamorde": 4, "lengthkm": 0.19517089, "totdasqkm": 119.75709994 }, "geometry": { "type": "LineString", "coordinates": [ [ -66.1696, 18.1334 ], [ -66.1714, 18.1335 ] ] } },
{ "type": "Feature", "properties": { "gnis_name": "Río Culebra", "streamorde": 4, "lengthkm": 1.1528873, "totdasqkm": 7.93269998 }, "geometry": { "type": "LineString", "coordinates": [ [ -67.1866, 18.3615 ], [ -67.1865, 18.3626 ], [ -67.187, 18.3628 ], [ -67.1866, 18.3637 ], [ -67.1877, 18.364 ], [ -67.1869, 18.3646 ], [ -67.1882, 18.3642 ], [ -67.1877, 18.3676 ] ] } },
{ "type": "Feature", "properties": { "gnis_name": "Río Bauta", "streamorde": 3, "lengthkm": 0.06355945, "totdasqkm": 39.34729977 }, "geometry": { "type": "LineString", "coordinates": [ [ -66.4618, 18.2254 ], [ -66.4619, 18.2259 ] ] } },
{ "type": "Feature", "properties": { "gnis_name": "Río Tallaboa", "streamorde": 4, "lengthkm": 0.06294109, "totdasqkm": 72.37400015 }, "geometry": { "type": "LineString", "coordinates": [ [ -66.7322, 17.9984 ], [ -66.7327, 17.998 ] ] } },
{ "type": "Feature", "properties": { "gnis_name": "Río Turabo", "streamorde": 4, "lengthkm": 0.08225781, "totdasqkm": 26.98880002 }, "geometry": { "type": "LineString", "coordinates": [ [ -66.0441, 18.18 ], [ -66.0448, 18.1804 ] ] } },
{ "type": "Feature", "properties": { "gnis_name": null, "streamorde": 3, "lengthkm": 0.47856885, "totdasqkm": 3.21760002 }, "geometry": { "type": "LineString", "coordinates": [ [ -66.9816, 18.3254 ], [ -66.9822, 18.3255 ], [ -66.9824, 18.3279 ], [ -66.9828, 18.3278 ], [ -66.9832, 18.3286 ] ] } },
{ "type": "Feature", "properties": { "gnis_name": "Río Grande de Manati", "streamorde": 3, "lengthkm": 0.41801243, "totdasqkm": 31.03069978 }, "geometry": { "type": "LineString", "coordinates": [ [ -66.3163, 18.2798 ], [ -66.317, 18.2805 ], [ -66.3181, 18.2801 ], [ -66.3195, 18.2811 ] ] } },
{ "type": "Feature", "properties": { "gnis_name": null, "streamorde": 3, "lengthkm": 1.74312196, "totdasqkm": 10.44019988 }, "geometry": { "type": "LineString", "coordinates": [ [ -66.3118, 18.3309 ], [ -66.3138, 18.3312 ], [ -66.3144, 18.3321 ], [ -66.3146, 18.3333 ], [ -66.3132, 18.3341 ], [ -66.313, 18.3348 ], [ -66.3149, 18.3367 ], [ -66.3153, 18.3383 ], [ -66.3195, 18.3398 ] ] } },
{ "type": "Feature", "properties": { "gnis_name": "Río Cañas", "streamorde": 3, "lengthkm": 1.822, "totdasqkm": 7.93239999 }, "geometry": { "type": "LineString", "coordinates": [ [ -66.0721, 18.2836 ], [ -66.0712, 18.2855 ], [ -66.07, 18.2858 ], [ -66.0694, 18.2868 ], [ -66.0699, 18.2881 ], [ -66.0693, 18.2885 ], [ -66.0686, 18.2883 ], [ -66.0684, 18.2893 ], [ -66.0656, 18.29 ], [ -66.0667, 18.2903 ], [ -66.0667, 18.292 ], [ -66.0647, 18.2921 ] ] } },
{ "type": "Feature", "properties": { "gnis_name": "Río Yunes", "streamorde": 3, "lengthkm": 1.25048962, "totdasqkm": 13.06900013 }, "geometry": { "type": "LineString", "coordinates": [ [ -66.5583, 18.2697 ], [ -66.5562, 18.2687 ], [ -66.5555, 18.2698 ], [ -66.5564, 18.2718 ], [ -66.558, 18.2715 ], [ -66.5577, 18.2749 ] ] } },
{ "type": "Feature", "properties": { "gnis_name": "Río Cerrillos", "streamorde": 4, "lengthkm": 0.638, "totdasqkm": 30.76870015 }, "geometry": { "type": "LineString", "coordinates": [ [ -66.6069, 18.1178 ], [ -66.6061, 18.1153 ], [ -66.6046, 18.1152 ], [ -66.6047, 18.1138 ] ] } },
{ "type": "Feature", "properties": { "gnis_name": "Río Guanajibo", "streamorde": 4, "lengthkm": 0.07410305, "totdasqkm": 88.18089978 }, "geometry": { "type": "LineString", "coordinates": [ [ -67.0277, 18.0839 ], [ -67.0284, 18.0838 ] ] } },
{ "type": "Feature", "properties": { "gnis_name": "Río Cocal", "streamorde": 3, "lengthkm": 0.02487139, "totdasqkm": 578.3191000700001 }, "geometry": { "type": "LineString", "coordinates": [ [ -66.2143, 18.4651 ], [ -66.2141, 18.4652 ] ] } },
{ "type": "Feature", "properties": { "gnis_name": null, "streamorde": 3, "lengthkm": 0.246, "totdasqkm": 47.15930026 }, "geometry": { "type": "LineString", "coordinates": [ [ -66.8593, 18.076 ], [ -66.8603, 18.0751 ], [ -66.8603, 18.0743 ] ] } },
{ "type": "Feature", "properties": { "gnis_name": null, "streamorde": 3, "lengthkm": 0.20164483, "totdasqkm": 49.48760017 }, "geometry": { "type": "LineString", "coordinates": [ [ -66.9826, 18.0104 ], [ -66.9808, 18.0101 ] ] } },
{ "type": "Feature", "properties": { "gnis_name": "Río Humacao", "streamorde": 3, "lengthkm": 0.256, "totdasqkm": 13.51100015 }, "geometry": { "type": "LineString", "coordinates": [ [ -65.8678, 18.1564 ], [ -65.8693, 18.1582 ] ] } },
{ "type": "Feature", "properties": { "gnis_name": "Río Mameyes", "streamorde": 3, "lengthkm": 1.03, "totdasqkm": 14.80830006 }, "geometry": { "type": "LineString", "coordinates": [ [ -65.7593, 18.3158 ], [ -65.7579, 18.3169 ], [ -65.7581, 18.3183 ], [ -65.7574, 18.3189 ], [ -65.755, 18.3193 ], [ -65.7537, 18.3205 ], [ -65.7527, 18.3204 ] ] } },
{ "type": "Feature", "properties": { "gnis_name": "Río Grande de Añasco", "streamorde": 5, "lengthkm": 0.10946656, "totdasqkm": 169.76459988 }, "geometry": { "type": "LineString", "coordinates": [ [ -66.9122, 18.2539 ], [ -66.9131, 18.2543 ] ] } },
{ "type": "Feature", "properties": { "gnis_name": null, "streamorde": 3, "lengthkm": 1.008, "totdasqkm": 5.34749999 }, "geometry": { "type": "LineString", "coordinates": [ [ -66.7164, 18.0223 ], [ -66.7199, 18.0199 ], [ -66.7205, 18.0174 ], [ -66.722, 18.0172 ], [ -66.7226, 18.0166 ] ] } },
{ "type": "Feature", "properties": { "gnis_name": "Río Guaba", "streamorde": 3, "lengthkm": 2.20615175, "totdasqkm": 30.78480008 }, "geometry": { "type": "LineString", "coordinates": [ [ -66.9583, 18.1827 ], [ -66.9558, 18.1868 ], [ -66.959, 18.1876 ], [ -66.9593, 18.1885 ], [ -66.9589, 18.1897 ], [ -66.9601, 18.191 ], [ -66.9618, 18.1893 ], [ -66.9624, 18.1895 ], [ -66.9641, 18.1928 ], [ -66.9639, 18.1938 ] ] } },
{ "type": "Feature", "properties": { "gnis_name": "Caño Carrasco", "streamorde": 3, "lengthkm": 0.12104045, "totdasqkm": 45.15239996 }, "geometry": { "type": "LineString", "coordinates": [ [ -65.9031, 18.3908 ], [ -65.9031, 18.3919 ] ] } },
{ "type": "Feature", "properties": { "gnis_name": "Río de la Plata", "streamorde": 5, "lengthkm": 0.05445332, "totdasqkm": 374.22590013000001 }, "geometry": { "type": "LineString", "coordinates": [ [ -66.2059, 18.2755 ], [ -66.206, 18.276 ] ] } },
{ "type": "Feature", "properties": { "gnis_name": null, "streamorde": 3, "lengthkm": 0.31578765, "totdasqkm": 20.9738003 }, "geometry": { "type": "LineString", "coordinates": [ [ -66.9442, 18.0049 ], [ -66.9453, 18.0023 ] ] } },
{ "type": "Feature", "properties": { "gnis_name": "Río de Bayamón", "streamorde": 4, "lengthkm": 0.22805941, "totdasqkm": 52.81289998 }, "geometry": { "type": "LineString", "coordinates": [ [ -66.1406, 18.2528 ], [ -66.1414, 18.2536 ], [ -66.1414, 18.2545 ] ] } },
{ "type": "Feature", "properties": { "gnis_name": "Río Loco", "streamorde": 5, "lengthkm": 1.98982283, "totdasqkm": 162.57230071000001 }, "geometry": { "type": "LineString", "coordinates": [ [ -66.9183, 17.9811 ], [ -66.9183, 17.9803 ], [ -66.9141, 17.9741 ], [ -66.9139, 17.9733 ], [ -66.9157, 17.9724 ], [ -66.9177, 17.9731 ], [ -66.9203, 17.9728 ], [ -66.9211, 17.9722 ], [ -66.9215, 17.9711 ] ] } },
{ "type": "Feature", "properties": { "gnis_name": null, "streamorde": 3, "lengthkm": 0.11155989, "totdasqkm": 5.19649998 }, "geometry": { "type": "LineString", "coordinates": [ [ -65.3729, 18.1265 ], [ -65.3739, 18.1263 ] ] } },
{ "type": "Feature", "properties": { "gnis_name": "Río Coamo", "streamorde": 5, "lengthkm": 0.30379582, "totdasqkm": 163.14090005 }, "geometry": { "type": "LineString", "coordinates": [ [ -66.3872, 18.0179 ], [ -66.3881, 18.0163 ], [ -66.3889, 18.0159 ] ] } },
{ "type": "Feature", "properties": { "gnis_name": "Río Gurabo", "streamorde": 3, "lengthkm": 0.44771052, "totdasqkm": 10.68329999 }, "geometry": { "type": "LineString", "coordinates": [ [ -65.8506, 18.2373 ], [ -65.8518, 18.2364 ], [ -65.8515, 18.234 ] ] } },
{ "type": "Feature", "properties": { "gnis_name": "Río Arroyata", "streamorde": 4, "lengthkm": 3.05419972, "totdasqkm": 27.96750004 }, "geometry": { "type": "LineString", "coordinates": [ [ -66.2081, 18.2018 ], [ -66.2069, 18.2033 ], [ -66.2067, 18.2043 ], [ -66.2075, 18.2048 ], [ -66.2076, 18.206 ], [ -66.2093, 18.2068 ], [ -66.209, 18.2072 ], [ -66.2064, 18.207 ], [ -66.2071, 18.2092 ], [ -66.2062, 18.2103 ], [ -66.2075, 18.2108 ], [ -66.2075, 18.2114 ], [ -66.2039, 18.2126 ], [ -66.2042, 18.2114 ], [ -66.2022, 18.2105 ], [ -66.2019, 18.2116 ], [ -66.2023, 18.2144 ] ] } },
{ "type": "Feature", "properties": { "gnis_name": "Río Toa Vaca", "streamorde": 3, "lengthkm": 1.0307996, "totdasqkm": 57.44160016 }, "geometry": { "type": "LineString", "coordinates": [ [ -66.4812, 18.1041 ], [ -66.4853, 18.1019 ], [ -66.4865, 18.102 ], [ -66.4879, 18.1013 ], [ -66.4888, 18.0995 ] ] } },
{ "type": "Feature", "properties": { "gnis_name": null, "streamorde": 3, "lengthkm": 3.93488445, "totdasqkm": 22.05579973 }, "geometry": { "type": "LineString", "coordinates": [ [ -66.428, 18.3584 ], [ -66.4259, 18.3585 ], [ -66.4254, 18.3577 ], [ -66.4223, 18.357 ], [ -66.4213, 18.3553 ], [ -66.4201, 18.355 ], [ -66.4192, 18.3538 ], [ -66.4181, 18.3537 ], [ -66.4181, 18.3527 ], [ -66.4176, 18.3524 ], [ -66.4156, 18.3534 ], [ -66.4147, 18.3546 ], [ -66.4126, 18.3558 ], [ -66.4115, 18.3571 ], [ -66.4093, 18.3577 ], [ -66.409, 18.3586 ], [ -66.4081, 18.359 ], [ -66.4075, 18.3609 ], [ -66.4059, 18.361 ], [ -66.4044, 18.3629 ], [ -66.4022, 18.3629 ], [ -66.4014, 18.3624 ] ] } },
{ "type": "Feature", "properties": { "gnis_name": "Río Barbas", "streamorde": 3, "lengthkm": 1.77381602, "totdasqkm": 7.08320011 }, "geometry": { "type": "LineString", "coordinates": [ [ -66.5287, 18.2883 ], [ -66.5294, 18.2896 ], [ -66.529, 18.2906 ], [ -66.5268, 18.2918 ], [ -66.5255, 18.292 ], [ -66.5251, 18.2928 ], [ -66.5258, 18.2933 ], [ -66.5256, 18.2947 ], [ -66.525, 18.295 ], [ -66.5236, 18.2944 ], [ -66.5234, 18.2949 ], [ -66.524, 18.2958 ], [ -66.5218, 18.2969 ] ] } },
{ "type": "Feature", "properties": { "gnis_name": "Río Caonillas", "streamorde": 4, "lengthkm": 0.19664181, "totdasqkm": 125.14839992 }, "geometry": { "type": "LineString", "coordinates": [ [ -66.6551, 18.2755 ], [ -66.6563, 18.2767 ] ] } },
{ "type": "Feature", "properties": { "gnis_name": "Río Espíritu Santo", "streamorde": 3, "lengthkm": 1.324, "totdasqkm": 22.42510003 }, "geometry": { "type": "LineString", "coordinates": [ [ -65.8209, 18.354 ], [ -65.8195, 18.3535 ], [ -65.8189, 18.3538 ], [ -65.8176, 18.3575 ], [ -65.8158, 18.3563 ], [ -65.8132, 18.3585 ] ] } },
{ "type": "Feature", "properties": { "gnis_name": "Río Grande de Arecibo", "streamorde": 4, "lengthkm": 0.30818183, "totdasqkm": 53.56199984 }, "geometry": { "type": "LineString", "coordinates": [ [ -66.734, 18.1949 ], [ -66.7317, 18.1965 ] ] } },
{ "type": "Feature", "properties": { "gnis_name": "Río Grande De Loiza", "streamorde": 4, "lengthkm": 0.03271656, "totdasqkm": 37.63820021 }, "geometry": { "type": "LineString", "coordinates": [ [ -65.981, 18.1354 ], [ -65.9809, 18.1357 ] ] } },
{ "type": "Feature", "properties": { "gnis_name": "Río Bauta", "streamorde": 4, "lengthkm": 1.82541989, "totdasqkm": 163.13219964000001 }, "geometry": { "type": "LineString", "coordinates": [ [ -66.4591, 18.2962 ], [ -66.4586, 18.2973 ], [ -66.4597, 18.2977 ], [ -66.4617, 18.2999 ], [ -66.4609, 18.3015 ], [ -66.4583, 18.3035 ], [ -66.4574, 18.3024 ], [ -66.4569, 18.3 ], [ -66.4555, 18.2999 ], [ -66.4548, 18.3005 ] ] } },
{ "type": "Feature", "properties": { "gnis_name": "Río Grande", "streamorde": 3, "lengthkm": 0.0879787, "totdasqkm": 17.24110005 }, "geometry": { "type": "LineString", "coordinates": [ [ -66.9401, 18.0927 ], [ -66.9406, 18.0921 ] ] } },
{ "type": "Feature", "properties": { "gnis_name": null, "streamorde": 3, "lengthkm": 0.01560163, "totdasqkm": 6.6527999 }, "geometry": { "type": "LineString", "coordinates": [ [ -65.4687, 18.093 ], [ -65.4687, 18.0928 ] ] } },
{ "type": "Feature", "properties": { "gnis_name": "Río Viví", "streamorde": 4, "lengthkm": 0.61226404, "totdasqkm": 29.78759983 }, "geometry": { "type": "LineString", "coordinates": [ [ -66.6785, 18.2531 ], [ -66.6807, 18.2562 ], [ -66.6821, 18.2569 ] ] } },
{ "type": "Feature", "properties": { "gnis_name": "Río Guayanés", "streamorde": 5, "lengthkm": 0.91459368, "totdasqkm": 101.58189996 }, "geometry": { "type": "LineString", "coordinates": [ [ -65.8286, 18.0629 ], [ -65.8279, 18.057 ], [ -65.8274, 18.0567 ], [ -65.8261, 18.0573 ] ] } },
{ "type": "Feature", "properties": { "gnis_name": "Río Canovanillas", "streamorde": 3, "lengthkm": 0.49571578, "totdasqkm": 42.61920012 }, "geometry": { "type": "LineString", "coordinates": [ [ -65.9155, 18.3799 ], [ -65.9163, 18.38 ], [ -65.9167, 18.3813 ], [ -65.9148, 18.3827 ] ] } },
{ "type": "Feature", "properties": { "gnis_name": "Río de la Plata", "streamorde": 4, "lengthkm": 1.5116301, "totdasqkm": 102.07409996 }, "geometry": { "type": "LineString", "coordinates": [ [ -66.15, 18.1415 ], [ -66.1506, 18.1424 ], [ -66.1517, 18.1413 ], [ -66.1539, 18.1419 ], [ -66.1569, 18.1417 ], [ -66.1565, 18.1444 ], [ -66.1589, 18.1462 ] ] } },
{ "type": "Feature", "properties": { "gnis_name": null, "streamorde": 3, "lengthkm": 3.724, "totdasqkm": 12.94049989 }, "geometry": { "type": "LineString", "coordinates": [ [ -65.6988, 18.2316 ], [ -65.698, 18.2298 ], [ -65.6967, 18.229 ], [ -65.6974, 18.2278 ], [ -65.6957, 18.2274 ], [ -65.695, 18.2267 ], [ -65.6949, 18.2253 ], [ -65.6938, 18.2247 ], [ -65.693, 18.2204 ], [ -65.6908, 18.2182 ], [ -65.6906, 18.217 ], [ -65.6921, 18.2143 ], [ -65.6922, 18.2129 ], [ -65.6916, 18.2112 ], [ -65.6885, 18.2075 ], [ -65.6878, 18.2047 ] ] } },
{ "type": "Feature", "properties": { "gnis_name": "Río Culebrinas", "streamorde": 4, "lengthkm": 0.0761906, "totdasqkm": 79.44090009 }, "geometry": { "type": "LineString", "coordinates": [ [ -67.0079, 18.3452 ], [ -67.0084, 18.3448 ] ] } },
{ "type": "Feature", "properties": { "gnis_name": "Río Culebrinas", "streamorde": 5, "lengthkm": 1.15890614, "totdasqkm": 205.01399969000002 }, "geometry": { "type": "LineString", "coordinates": [ [ -67.115, 18.367 ], [ -67.1133, 18.3689 ], [ -67.1138, 18.3705 ], [ -67.1162, 18.372 ], [ -67.1156, 18.3733 ], [ -67.1159, 18.3744 ], [ -67.1154, 18.3751 ] ] } },
{ "type": "Feature", "properties": { "gnis_name": null, "streamorde": 3, "lengthkm": 1.71770489, "totdasqkm": 12.20229972 }, "geometry": { "type": "LineString", "coordinates": [ [ -66.85, 18.1545 ], [ -66.8515, 18.1542 ], [ -66.8532, 18.1552 ], [ -66.857, 18.1564 ], [ -66.8581, 18.1584 ], [ -66.8578, 18.1603 ], [ -66.8598, 18.1593 ], [ -66.8603, 18.1596 ], [ -66.86, 18.1606 ] ] } },
{ "type": "Feature", "properties": { "gnis_name": null, "streamorde": 5, "lengthkm": 0.00692282, "totdasqkm": 381.41820009000003 }, "geometry": { "type": "LineString", "coordinates": [ [ -66.2072, 18.2805 ], [ -66.2071, 18.2805 ] ] } },
{ "type": "Feature", "properties": { "gnis_name": null, "streamorde": 3, "lengthkm": 2.254, "totdasqkm": 8.74020005 }, "geometry": { "type": "LineString", "coordinates": [ [ -67.0724, 18.3353 ], [ -67.0726, 18.336 ], [ -67.0719, 18.3363 ], [ -67.0728, 18.3368 ], [ -67.0723, 18.3373 ], [ -67.0733, 18.3377 ], [ -67.0739, 18.3372 ], [ -67.0737, 18.3379 ], [ -67.0747, 18.3379 ], [ -67.075, 18.3388 ], [ -67.0751, 18.3382 ], [ -67.0765, 18.3382 ], [ -67.0776, 18.3368 ], [ -67.0788, 18.337 ], [ -67.0788, 18.3379 ], [ -67.0797, 18.3376 ], [ -67.0797, 18.3384 ], [ -67.0803, 18.3374 ], [ -67.0807, 18.3376 ], [ -67.0812, 18.338 ], [ -67.0808, 18.3383 ], [ -67.0812, 18.339 ] ] } },
{ "type": "Feature", "properties": { "gnis_name": null, "streamorde": 3, "lengthkm": 0.17740182, "totdasqkm": 12.36800005 }, "geometry": { "type": "LineString", "coordinates": [ [ -67.1734, 18.2817 ], [ -67.1744, 18.2806 ] ] } },
{ "type": "Feature", "properties": { "gnis_name": "Río Cañas", "streamorde": 4, "lengthkm": 0.04042517, "totdasqkm": 26.96999974 }, "geometry": { "type": "LineString", "coordinates": [ [ -66.0345, 18.2881 ], [ -66.0342, 18.2882 ] ] } },
{ "type": "Feature", "properties": { "gnis_name": "Río Turabo", "streamorde": 4, "lengthkm": 0.21264017, "totdasqkm": 43.5495001 }, "geometry": { "type": "LineString", "coordinates": [ [ -66.0504, 18.1849 ], [ -66.0508, 18.1853 ], [ -66.0505, 18.1866 ] ] } },
{ "type": "Feature", "properties": { "gnis_name": "Río Coamo", "streamorde": 5, "lengthkm": 0.19944799, "totdasqkm": 168.51920003000001 }, "geometry": { "type": "LineString", "coordinates": [ [ -66.3889, 18.0159 ], [ -66.3902, 18.0146 ] ] } },
{ "type": "Feature", "properties": { "gnis_name": "Río Pitahaya", "streamorde": 3, "lengthkm": 3.386, "totdasqkm": 12.9431002 }, "geometry": { "type": "LineString", "coordinates": [ [ -65.7296, 18.3255 ], [ -65.7305, 18.3269 ], [ -65.732, 18.3279 ], [ -65.7306, 18.329 ], [ -65.7306, 18.3295 ], [ -65.7318, 18.3307 ], [ -65.732, 18.3317 ], [ -65.7336, 18.3341 ], [ -65.7323, 18.3353 ], [ -65.732, 18.3401 ], [ -65.7292, 18.3446 ], [ -65.7278, 18.3455 ], [ -65.7257, 18.348 ], [ -65.7255, 18.3491 ], [ -65.7259, 18.35 ] ] } },
{ "type": "Feature", "properties": { "gnis_name": null, "streamorde": 4, "lengthkm": 0.40708477, "totdasqkm": 41.15490029 }, "geometry": { "type": "LineString", "coordinates": [ [ -66.8017, 18.211 ], [ -66.8031, 18.2116 ], [ -66.8038, 18.2107 ], [ -66.8039, 18.2097 ] ] } },
{ "type": "Feature", "properties": { "gnis_name": "Río Grande de Patillas", "streamorde": 3, "lengthkm": 0.0108975, "totdasqkm": 47.64239999 }, "geometry": { "type": "LineString", "coordinates": [ [ -66.0313, 18.031 ], [ -66.0312, 18.031 ] ] } },
{ "type": "Feature", "properties": { "gnis_name": "Río Coamo", "streamorde": 5, "lengthkm": 2.54073056, "totdasqkm": 119.27559971 }, "geometry": { "type": "LineString", "coordinates": [ [ -66.3577, 18.0728 ], [ -66.3592, 18.0717 ], [ -66.359, 18.0706 ], [ -66.3598, 18.0677 ], [ -66.3614, 18.0678 ], [ -66.3637, 18.066 ], [ -66.366, 18.0653 ], [ -66.3669, 18.0624 ], [ -66.3728, 18.0628 ], [ -66.3739, 18.0624 ] ] } },
{ "type": "Feature", "properties": { "gnis_name": "Río Guanajibo", "streamorde": 4, "lengthkm": 0.18595052, "totdasqkm": 68.30479977 }, "geometry": { "type": "LineString", "coordinates": [ [ -67.0005, 18.0709 ], [ -67.0019, 18.0718 ] ] } },
{ "type": "Feature", "properties": { "gnis_name": "Río Espíritu Santo", "streamorde": 4, "lengthkm": 1.42636492, "totdasqkm": 91.32259984000001 }, "geometry": { "type": "LineString", "coordinates": [ [ -65.813, 18.4031 ], [ -65.811, 18.4031 ], [ -65.8084, 18.4041 ], [ -65.8052, 18.4092 ], [ -65.8037, 18.4108 ] ] } },
{ "type": "Feature", "properties": { "gnis_name": "Río Guanajibo", "streamorde": 4, "lengthkm": 1.1043286, "totdasqkm": 118.80479948 }, "geometry": { "type": "LineString", "coordinates": [ [ -67.0435, 18.0977 ], [ -67.0475, 18.0973 ], [ -67.0494, 18.0967 ], [ -67.0499, 18.097 ], [ -67.0498, 18.0979 ], [ -67.0485, 18.0999 ] ] } },
{ "type": "Feature", "properties": { "gnis_name": "Río Cibuco", "streamorde": 4, "lengthkm": 0.63897521, "totdasqkm": 94.77519995 }, "geometry": { "type": "LineString", "coordinates": [ [ -66.3486, 18.382 ], [ -66.3497, 18.3822 ], [ -66.3494, 18.3838 ], [ -66.3519, 18.3853 ] ] } },
{ "type": "Feature", "properties": { "gnis_name": "Río Coamo", "streamorde": 5, "lengthkm": 1.13365915, "totdasqkm": 114.86879988 }, "geometry": { "type": "LineString", "coordinates": [ [ -66.3532, 18.0809 ], [ -66.353, 18.0797 ], [ -66.3551, 18.0773 ], [ -66.3553, 18.0745 ], [ -66.3577, 18.0728 ] ] } },
{ "type": "Feature", "properties": { "gnis_name": "Río Prieto", "streamorde": 3, "lengthkm": 0.731, "totdasqkm": 3.0779001 }, "geometry": { "type": "LineString", "coordinates": [ [ -67.0087, 18.1695 ], [ -67.01, 18.1702 ], [ -67.0103, 18.1711 ], [ -67.0112, 18.1712 ], [ -67.0111, 18.1717 ], [ -67.0119, 18.1718 ], [ -67.013, 18.1732 ] ] } },
{ "type": "Feature", "properties": { "gnis_name": null, "streamorde": 3, "lengthkm": 0.94, "totdasqkm": 24.77920026 }, "geometry": { "type": "LineString", "coordinates": [ [ -66.6348, 18.0741 ], [ -66.6351, 18.0733 ], [ -66.6342, 18.0709 ], [ -66.6329, 18.0689 ], [ -66.633, 18.0673 ], [ -66.6337, 18.0666 ] ] } },
{ "type": "Feature", "properties": { "gnis_name": null, "streamorde": 3, "lengthkm": 0.918, "totdasqkm": 23.85250017 }, "geometry": { "type": "LineString", "coordinates": [ [ -65.7016, 18.275 ], [ -65.7022, 18.275 ], [ -65.7023, 18.2762 ], [ -65.7008, 18.2756 ], [ -65.7002, 18.276 ], [ -65.7015, 18.2785 ], [ -65.7015, 18.2797 ] ] } },
{ "type": "Feature", "properties": { "gnis_name": "Río Cañas", "streamorde": 3, "lengthkm": 1.62033191, "totdasqkm": 12.52419984 }, "geometry": { "type": "LineString", "coordinates": [ [ -67.0689, 18.2305 ], [ -67.07, 18.2319 ], [ -67.0705, 18.231 ], [ -67.0725, 18.2307 ], [ -67.0732, 18.2329 ], [ -67.075, 18.2318 ], [ -67.0765, 18.2335 ], [ -67.0776, 18.2328 ], [ -67.0777, 18.2317 ] ] } },
{ "type": "Feature", "properties": { "gnis_name": null, "streamorde": 4, "lengthkm": 1.059, "totdasqkm": 17.01329981 }, "geometry": { "type": "LineString", "coordinates": [ [ -66.5736, 18.121 ], [ -66.5721, 18.1217 ], [ -66.5715, 18.1186 ], [ -66.5754, 18.116 ] ] } },
{ "type": "Feature", "properties": { "gnis_name": null, "streamorde": 3, "lengthkm": 0.026, "totdasqkm": 3.40150008 }, "geometry": { "type": "LineString", "coordinates": [ [ -67.0476, 18.2473 ], [ -67.0477, 18.2475 ] ] } },
{ "type": "Feature", "properties": { "gnis_name": null, "streamorde": 3, "lengthkm": 0.85601349, "totdasqkm": 14.94639984 }, "geometry": { "type": "LineString", "coordinates": [ [ -66.4971, 18.2198 ], [ -66.497, 18.2228 ], [ -66.4976, 18.2247 ], [ -66.4996, 18.2258 ] ] } },
{ "type": "Feature", "properties": { "gnis_name": null, "streamorde": 3, "lengthkm": 0.277, "totdasqkm": 32.34620031 }, "geometry": { "type": "LineString", "coordinates": [ [ -65.6968, 18.2896 ], [ -65.6978, 18.2919 ] ] } },
{ "type": "Feature", "properties": { "gnis_name": null, "streamorde": 5, "lengthkm": 0.01188697, "totdasqkm": 260.52470009000001 }, "geometry": { "type": "LineString", "coordinates": [ [ -67.1727, 18.4044 ], [ -67.1726, 18.4045 ] ] } },
{ "type": "Feature", "properties": { "gnis_name": "Río Cibuco", "streamorde": 4, "lengthkm": 0.08049563, "totdasqkm": 94.07369997 }, "geometry": { "type": "LineString", "coordinates": [ [ -66.3482, 18.3815 ], [ -66.3486, 18.382 ] ] } },
{ "type": "Feature", "properties": { "gnis_name": "Río Guadiana", "streamorde": 3, "lengthkm": 0.52258069, "totdasqkm": 12.90919988 }, "geometry": { "type": "LineString", "coordinates": [ [ -66.2474, 18.3015 ], [ -66.2447, 18.3016 ], [ -66.2426, 18.3008 ] ] } },
{ "type": "Feature", "properties": { "gnis_name": "Río Toro Negro", "streamorde": 3, "lengthkm": 1.34081207, "totdasqkm": 5.34640001 }, "geometry": { "type": "LineString", "coordinates": [ [ -66.5268, 18.1603 ], [ -66.5264, 18.1608 ], [ -66.5221, 18.1621 ], [ -66.5199, 18.1638 ], [ -66.5197, 18.1652 ], [ -66.5176, 18.167 ] ] } },
{ "type": "Feature", "properties": { "gnis_name": "Río Guadiana", "streamorde": 3, "lengthkm": 0.62630109, "totdasqkm": 26.04980016 }, "geometry": { "type": "LineString", "coordinates": [ [ -66.2246, 18.3108 ], [ -66.2271, 18.3135 ], [ -66.2261, 18.3152 ] ] } },
{ "type": "Feature", "properties": { "gnis_name": null, "streamorde": 3, "lengthkm": 0.52935794, "totdasqkm": 3.50900012 }, "geometry": { "type": "LineString", "coordinates": [ [ -67.1701, 18.1703 ], [ -67.1686, 18.1726 ], [ -67.1685, 18.1745 ] ] } },
{ "type": "Feature", "properties": { "gnis_name": null, "streamorde": 3, "lengthkm": 0.85323228, "totdasqkm": 4.66020002 }, "geometry": { "type": "LineString", "coordinates": [ [ -65.9926, 18.159 ], [ -65.9904, 18.1595 ], [ -65.9878, 18.1568 ], [ -65.9865, 18.158 ] ] } },
{ "type": "Feature", "properties": { "gnis_name": null, "streamorde": 3, "lengthkm": 0.33, "totdasqkm": 44.58850033 }, "geometry": { "type": "LineString", "coordinates": [ [ -65.6749, 18.3 ], [ -65.6734, 18.2995 ], [ -65.6725, 18.3006 ] ] } },
{ "type": "Feature", "properties": { "gnis_name": "Río Jueyes", "streamorde": 3, "lengthkm": 2.84557867, "totdasqkm": 22.14479992 }, "geometry": { "type": "LineString", "coordinates": [ [ -66.3407, 17.9957 ], [ -66.3417, 17.994 ], [ -66.3426, 17.9936 ], [ -66.3422, 17.9922 ], [ -66.3422, 17.9879 ], [ -66.3412, 17.985 ], [ -66.3391, 17.9846 ], [ -66.3375, 17.9838 ], [ -66.3379, 17.9834 ], [ -66.3398, 17.9832 ], [ -66.3401, 17.982 ], [ -66.338, 17.9787 ], [ -66.3382, 17.9765 ] ] } },
{ "type": "Feature", "properties": { "gnis_name": null, "streamorde": 4, "lengthkm": 1.58421662, "totdasqkm": 54.9105001 }, "geometry": { "type": "LineString", "coordinates": [ [ -66.0791, 18.4256 ], [ -66.0772, 18.4288 ], [ -66.0773, 18.4326 ], [ -66.0785, 18.4353 ], [ -66.0812, 18.4381 ] ] } },
{ "type": "Feature", "properties": { "gnis_name": null, "streamorde": 3, "lengthkm": 0.08368591, "totdasqkm": 1.82659992 }, "geometry": { "type": "LineString", "coordinates": [ [ -65.9956, 18.2648 ], [ -65.9958, 18.2655 ] ] } },
{ "type": "Feature", "properties": { "gnis_name": "Río Cuyón", "streamorde": 3, "lengthkm": 0.16289011, "totdasqkm": 35.5410998 }, "geometry": { "type": "LineString", "coordinates": [ [ -66.3039, 18.0795 ], [ -66.3053, 18.0801 ] ] } },
{ "type": "Feature", "properties": { "gnis_name": "Río Cañas", "streamorde": 4, "lengthkm": 0.64110639, "totdasqkm": 19.58049979 }, "geometry": { "type": "LineString", "coordinates": [ [ -66.0486, 18.2945 ], [ -66.0478, 18.2938 ], [ -66.0462, 18.2938 ], [ -66.0455, 18.2929 ], [ -66.0437, 18.2921 ] ] } },
{ "type": "Feature", "properties": { "gnis_name": "Río Usabón", "streamorde": 5, "lengthkm": 0.14323152, "totdasqkm": 70.882 }, "geometry": { "type": "LineString", "coordinates": [ [ -66.2579, 18.1699 ], [ -66.2574, 18.1699 ], [ -66.2571, 18.1706 ] ] } },
{ "type": "Feature", "properties": { "gnis_name": "Río Tanamá", "streamorde": 4, "lengthkm": 0.26692587, "totdasqkm": 104.09879958 }, "geometry": { "type": "LineString", "coordinates": [ [ -66.7298, 18.3916 ], [ -66.7298, 18.3925 ], [ -66.7286, 18.3934 ] ] } },
{ "type": "Feature", "properties": { "gnis_name": null, "streamorde": 3, "lengthkm": 0.77382372, "totdasqkm": 13.99249994 }, "geometry": { "type": "LineString", "coordinates": [ [ -65.9014, 18.185 ], [ -65.9029, 18.186 ], [ -65.9035, 18.1857 ], [ -65.9066, 18.1886 ] ] } },
{ "type": "Feature", "properties": { "gnis_name": "Río Blanco", "streamorde": 3, "lengthkm": 0.43925606, "totdasqkm": 74.19559993 }, "geometry": { "type": "LineString", "coordinates": [ [ -65.7316, 18.1871 ], [ -65.729, 18.1861 ], [ -65.7288, 18.1851 ] ] } },
{ "type": "Feature", "properties": { "gnis_name": "Río Pastillo", "streamorde": 3, "lengthkm": 1.498, "totdasqkm": 24.34779993 }, "geometry": { "type": "LineString", "coordinates": [ [ -66.651, 18.0182 ], [ -66.6511, 18.0167 ], [ -66.6493, 18.0155 ], [ -66.6487, 18.0144 ], [ -66.6483, 18.0103 ], [ -66.6466, 18.0093 ], [ -66.6448, 18.0076 ] ] } },
{ "type": "Feature", "properties": { "gnis_name": "Río Grande", "streamorde": 3, "lengthkm": 0.2868643, "totdasqkm": 10.55699997 }, "geometry": { "type": "LineString", "coordinates": [ [ -66.9357, 18.1204 ], [ -66.936, 18.1195 ], [ -66.9344, 18.119 ] ] } },
{ "type": "Feature", "properties": { "gnis_name": "Río Nigua", "streamorde": 3, "lengthkm": 1.06300348, "totdasqkm": 18.00410001 }, "geometry": { "type": "LineString", "coordinates": [ [ -66.0603, 17.9951 ], [ -66.0609, 17.9936 ], [ -66.0624, 17.9931 ], [ -66.0639, 17.9901 ], [ -66.0638, 17.9872 ] ] } },
{ "type": "Feature", "properties": { "gnis_name": "Río de la Plata", "streamorde": 4, "lengthkm": 1.21370184, "totdasqkm": 170.70029990999998 }, "geometry": { "type": "LineString", "coordinates": [ [ -66.2287, 18.1583 ], [ -66.229, 18.1592 ], [ -66.228, 18.1602 ], [ -66.2255, 18.1601 ], [ -66.2241, 18.161 ], [ -66.2237, 18.1654 ] ] } },
{ "type": "Feature", "properties": { "gnis_name": "Río Lapa", "streamorde": 3, "lengthkm": 0.16383297, "totdasqkm": 13.25429988 }, "geometry": { "type": "LineString", "coordinates": [ [ -66.2347, 18.0717 ], [ -66.2355, 18.0714 ], [ -66.2356, 18.0708 ] ] } },
{ "type": "Feature", "properties": { "gnis_name": null, "streamorde": 3, "lengthkm": 0.26286204, "totdasqkm": 8.19280011 }, "geometry": { "type": "LineString", "coordinates": [ [ -65.9065, 18.1721 ], [ -65.9047, 18.1738 ] ] } },
{ "type": "Feature", "properties": { "gnis_name": null, "streamorde": 3, "lengthkm": 0.02286374, "totdasqkm": 2.68229985 }, "geometry": { "type": "LineString", "coordinates": [ [ -66.9873, 18.2749 ], [ -66.9872, 18.2751 ] ] } },
{ "type": "Feature", "properties": { "gnis_name": null, "streamorde": 4, "lengthkm": 0.69113558, "totdasqkm": 21.5115 }, "geometry": { "type": "LineString", "coordinates": [ [ -67.0779, 18.2513 ], [ -67.0786, 18.2525 ], [ -67.0801, 18.2532 ], [ -67.0806, 18.2544 ], [ -67.0813, 18.255 ], [ -67.0823, 18.255 ] ] } },
{ "type": "Feature", "properties": { "gnis_name": "Río Culebrinas", "streamorde": 5, "lengthkm": 0.29228311, "totdasqkm": 248.26340007 }, "geometry": { "type": "LineString", "coordinates": [ [ -67.1433, 18.3911 ], [ -67.1445, 18.3917 ], [ -67.1443, 18.3928 ] ] } },
{ "type": "Feature", "properties": { "gnis_name": null, "streamorde": 3, "lengthkm": 1.17898976, "totdasqkm": 11.20280004 }, "geometry": { "type": "LineString", "coordinates": [ [ -67.0777, 18.0138 ], [ -67.085, 18.0148 ], [ -67.0887, 18.0145 ] ] } },
{ "type": "Feature", "properties": { "gnis_name": "Río Sonador", "streamorde": 3, "lengthkm": 0.431, "totdasqkm": 5.79839999 }, "geometry": { "type": "LineString", "coordinates": [ [ -66.9795, 18.2946 ], [ -66.9811, 18.2953 ], [ -66.9812, 18.2959 ], [ -66.9818, 18.2954 ], [ -66.9824, 18.2958 ] ] } },
{ "type": "Feature", "properties": { "gnis_name": "Río Matón", "streamorde": 3, "lengthkm": 0.40456302, "totdasqkm": 11.51490007 }, "geometry": { "type": "LineString", "coordinates": [ [ -66.1958, 18.1148 ], [ -66.1965, 18.1179 ] ] } },
{ "type": "Feature", "properties": { "gnis_name": "Río Sonador", "streamorde": 3, "lengthkm": 0.5, "totdasqkm": 5.3148 }, "geometry": { "type": "LineString", "coordinates": [ [ -66.976, 18.2953 ], [ -66.9785, 18.2956 ], [ -66.9795, 18.2946 ] ] } },
{ "type": "Feature", "properties": { "gnis_name": "Río Yagüez", "streamorde": 4, "lengthkm": 1.12704334, "totdasqkm": 33.4828999 }, "geometry": { "type": "LineString", "coordinates": [ [ -67.1318, 18.2009 ], [ -67.1351, 18.2023 ], [ -67.1377, 18.2026 ], [ -67.1384, 18.2056 ], [ -67.139, 18.2061 ] ] } },
{ "type": "Feature", "properties": { "gnis_name": "Río Toa Vaca", "streamorde": 3, "lengthkm": 0.14733361, "totdasqkm": 43.47960006 }, "geometry": { "type": "LineString", "coordinates": [ [ -66.4612, 18.1021 ], [ -66.4621, 18.1011 ] ] } },
{ "type": "Feature", "properties": { "gnis_name": "Río Caonillas", "streamorde": 4, "lengthkm": 0.48448194, "totdasqkm": 118.0313 }, "geometry": { "type": "LineString", "coordinates": [ [ -66.6558, 18.2619 ], [ -66.6554, 18.2655 ], [ -66.655, 18.2661 ] ] } },
{ "type": "Feature", "properties": { "gnis_name": "Río de Bayamón", "streamorde": 3, "lengthkm": 0.88018573, "totdasqkm": 6.35339991 }, "geometry": { "type": "LineString", "coordinates": [ [ -66.1296, 18.1772 ], [ -66.1299, 18.1776 ], [ -66.1313, 18.1777 ], [ -66.1321, 18.1786 ], [ -66.1329, 18.1783 ], [ -66.1332, 18.1799 ], [ -66.1347, 18.1814 ] ] } },
{ "type": "Feature", "properties": { "gnis_name": null, "streamorde": 3, "lengthkm": 1.51392321, "totdasqkm": 21.10990013 }, "geometry": { "type": "LineString", "coordinates": [ [ -65.8596, 18.382 ], [ -65.8598, 18.3838 ], [ -65.8566, 18.3899 ], [ -65.856, 18.3947 ] ] } },
{ "type": "Feature", "properties": { "gnis_name": "Río Hondo", "streamorde": 3, "lengthkm": 1.05673133, "totdasqkm": 9.48260005 }, "geometry": { "type": "LineString", "coordinates": [ [ -66.2787, 18.2224 ], [ -66.2782, 18.221 ], [ -66.2773, 18.2205 ], [ -66.276, 18.2207 ], [ -66.2746, 18.2189 ], [ -66.2712, 18.2194 ] ] } },
{ "type": "Feature", "properties": { "gnis_name": "Río Guanajibo", "streamorde": 5, "lengthkm": 0.55157313, "totdasqkm": 326.7347996 }, "geometry": { "type": "LineString", "coordinates": [ [ -67.1628, 18.1533 ], [ -67.1637, 18.1546 ], [ -67.1669, 18.1557 ] ] } },
{ "type": "Feature", "properties": { "gnis_name": "Río Cañas", "streamorde": 4, "lengthkm": 0.30429191, "totdasqkm": 19.94429978 }, "geometry": { "type": "LineString", "coordinates": [ [ -66.0437, 18.2921 ], [ -66.0411, 18.291 ] ] } },
{ "type": "Feature", "properties": { "gnis_name": "Río Grande de Arecibo", "streamorde": 5, "lengthkm": 0.19836988, "totdasqkm": 168.9710997 }, "geometry": { "type": "LineString", "coordinates": [ [ -66.7096, 18.2732 ], [ -66.7098, 18.275 ] ] } },
{ "type": "Feature", "properties": { "gnis_name": "Río Cayaguas", "streamorde": 4, "lengthkm": 1.0678329, "totdasqkm": 33.56579994 }, "geometry": { "type": "LineString", "coordinates": [ [ -65.958, 18.1564 ], [ -65.9588, 18.1567 ], [ -65.9596, 18.1591 ], [ -65.9624, 18.1592 ], [ -65.9655, 18.1608 ] ] } },
{ "type": "Feature", "properties": { "gnis_name": "Río Grande de Patillas", "streamorde": 3, "lengthkm": 0.06878823, "totdasqkm": 18.88549989 }, "geometry": { "type": "LineString", "coordinates": [ [ -66.0512, 18.0634 ], [ -66.0508, 18.0637 ] ] } },
{ "type": "Feature", "properties": { "gnis_name": "Río Guayanés", "streamorde": 3, "lengthkm": 0.711, "totdasqkm": 10.52250005 }, "geometry": { "type": "LineString", "coordinates": [ [ -66.7263, 18.0771 ], [ -66.7263, 18.0764 ], [ -66.7275, 18.0757 ], [ -66.7288, 18.0739 ], [ -66.7306, 18.0728 ] ] } },
{ "type": "Feature", "properties": { "gnis_name": "Río Grande De Loiza", "streamorde": 6, "lengthkm": 0.44119757, "totdasqkm": 578.45049967 }, "geometry": { "type": "LineString", "coordinates": [ [ -65.9924, 18.3583 ], [ -65.9916, 18.3591 ], [ -65.9889, 18.3601 ] ] } },
{ "type": "Feature", "properties": { "gnis_name": "Río Guadiana", "streamorde": 3, "lengthkm": 1.91929791, "totdasqkm": 25.3472002 }, "geometry": { "type": "LineString", "coordinates": [ [ -66.2264, 18.2989 ], [ -66.2241, 18.3003 ], [ -66.2234, 18.3034 ], [ -66.2243, 18.3047 ], [ -66.2239, 18.3057 ], [ -66.2251, 18.3074 ], [ -66.2224, 18.31 ], [ -66.2235, 18.3109 ], [ -66.2246, 18.3108 ] ] } },
{ "type": "Feature", "properties": { "gnis_name": "Río Grande de Añasco", "streamorde": 5, "lengthkm": 0.3869637, "totdasqkm": 298.64760013 }, "geometry": { "type": "LineString", "coordinates": [ [ -66.9759, 18.2747 ], [ -66.9771, 18.2748 ], [ -66.9792, 18.2759 ] ] } },
{ "type": "Feature", "properties": { "gnis_name": "Río Guaynabo", "streamorde": 3, "lengthkm": 0.369, "totdasqkm": 9.70830006 }, "geometry": { "type": "LineString", "coordinates": [ [ -66.0953, 18.3065 ], [ -66.0931, 18.3064 ], [ -66.0921, 18.3058 ] ] } },
{ "type": "Feature", "properties": { "gnis_name": "Río de la Plata", "streamorde": 5, "lengthkm": 0.4158398, "totdasqkm": 543.46630029000005 }, "geometry": { "type": "LineString", "coordinates": [ [ -66.2637, 18.4211 ], [ -66.2641, 18.4221 ], [ -66.2639, 18.4229 ], [ -66.2631, 18.4233 ], [ -66.2624, 18.4228 ] ] } },
{ "type": "Feature", "properties": { "gnis_name": "Río Majada", "streamorde": 3, "lengthkm": 0.68165062, "totdasqkm": 57.4058998 }, "geometry": { "type": "LineString", "coordinates": [ [ -66.2349, 18.0356 ], [ -66.2366, 18.0365 ], [ -66.2409, 18.0359 ] ] } },
{ "type": "Feature", "properties": { "gnis_name": "Río Grande de Añasco", "streamorde": 5, "lengthkm": 1.59510653, "totdasqkm": 263.91920017999996 }, "geometry": { "type": "LineString", "coordinates": [ [ -66.943, 18.2603 ], [ -66.9437, 18.2612 ], [ -66.9433, 18.2627 ], [ -66.9409, 18.2656 ], [ -66.9441, 18.2682 ], [ -66.9452, 18.2718 ] ] } },
{ "type": "Feature", "properties": { "gnis_name": "Río Grande de Patillas", "streamorde": 4, "lengthkm": 0.36464001, "totdasqkm": 72.33190001 }, "geometry": { "type": "LineString", "coordinates": [ [ -66.0149, 17.9887 ], [ -66.0155, 17.9876 ], [ -66.0146, 17.986 ] ] } },
{ "type": "Feature", "properties": { "gnis_name": "Río Grande De Loiza", "streamorde": 5, "lengthkm": 0.47150358, "totdasqkm": 230.59899972 }, "geometry": { "type": "LineString", "coordinates": [ [ -66.0136, 18.2431 ], [ -66.0145, 18.2451 ], [ -66.0144, 18.2463 ], [ -66.0138, 18.2468 ] ] } },
{ "type": "Feature", "properties": { "gnis_name": "Río Blanco", "streamorde": 3, "lengthkm": 1.30654866, "totdasqkm": 21.82750019 }, "geometry": { "type": "LineString", "coordinates": [ [ -65.7856, 18.2521 ], [ -65.7853, 18.2514 ], [ -65.7859, 18.2498 ], [ -65.7852, 18.248 ], [ -65.786, 18.2471 ], [ -65.7852, 18.2447 ], [ -65.7857, 18.2414 ] ] } },
{ "type": "Feature", "properties": { "gnis_name": "Río Coamo", "streamorde": 5, "lengthkm": 6.73594162, "totdasqkm": 178.76579991 }, "geometry": { "type": "LineString", "coordinates": [ [ -66.3907, 18.012 ], [ -66.3914, 18.008 ], [ -66.3946, 18.0048 ], [ -66.3954, 18.0033 ], [ -66.3959, 18.0004 ], [ -66.3973, 17.9992 ], [ -66.3996, 17.9983 ], [ -66.4029, 17.9981 ], [ -66.4036, 17.9961 ], [ -66.4076, 17.9931 ], [ -66.4094, 17.99 ], [ -66.4108, 17.9894 ], [ -66.412, 17.9882 ], [ -66.4119, 17.9866 ], [ -66.4125, 17.9844 ], [ -66.414, 17.9818 ], [ -66.4146, 17.9789 ], [ -66.4157, 17.9771 ], [ -66.4203, 17.9741 ], [ -66.4227, 17.9698 ], [ -66.4258, 17.9679 ] ] } },
{ "type": "Feature", "properties": { "gnis_name": "Río Duey", "streamorde": 3, "lengthkm": 0.18446107, "totdasqkm": 16.29109997 }, "geometry": { "type": "LineString", "coordinates": [ [ -67.0689, 18.1442 ], [ -67.0706, 18.1441 ] ] } },
{ "type": "Feature", "properties": { "gnis_name": "Río Yunes", "streamorde": 3, "lengthkm": 1.44828772, "totdasqkm": 11.51120011 }, "geometry": { "type": "LineString", "coordinates": [ [ -66.5575, 18.2631 ], [ -66.5583, 18.2646 ], [ -66.5566, 18.2641 ], [ -66.556, 18.2649 ], [ -66.5573, 18.2658 ], [ -66.5577, 18.2668 ], [ -66.5592, 18.2672 ], [ -66.5589, 18.2683 ], [ -66.5597, 18.2688 ], [ -66.5591, 18.2697 ], [ -66.5583, 18.2697 ] ] } },
{ "type": "Feature", "properties": { "gnis_name": "Río de Bayamón", "streamorde": 4, "lengthkm": 0.47155306, "totdasqkm": 42.02840005 }, "geometry": { "type": "LineString", "coordinates": [ [ -66.143, 18.2384 ], [ -66.1445, 18.2391 ], [ -66.1437, 18.2414 ] ] } },
{ "type": "Feature", "properties": { "gnis_name": null, "streamorde": 5, "lengthkm": 0.02629535, "totdasqkm": 552.07519994000006 }, "geometry": { "type": "LineString", "coordinates": [ [ -66.5237, 18.4315 ], [ -66.524, 18.4315 ] ] } },
{ "type": "Feature", "properties": { "gnis_name": "Río de la Plata", "streamorde": 4, "lengthkm": 1.08653586, "totdasqkm": 159.94600003 }, "geometry": { "type": "LineString", "coordinates": [ [ -66.2201, 18.1446 ], [ -66.2195, 18.1452 ], [ -66.2178, 18.1452 ], [ -66.2165, 18.1466 ], [ -66.2173, 18.1479 ], [ -66.2183, 18.1485 ], [ -66.2211, 18.1487 ] ] } },
{ "type": "Feature", "properties": { "gnis_name": null, "streamorde": 3, "lengthkm": 0.8983075, "totdasqkm": 11.00270022 }, "geometry": { "type": "LineString", "coordinates": [ [ -66.1454, 18.2635 ], [ -66.145, 18.2648 ], [ -66.1432, 18.2647 ], [ -66.1415, 18.2657 ], [ -66.1415, 18.2664 ], [ -66.1399, 18.268 ] ] } },
{ "type": "Feature", "properties": { "gnis_name": "Río Guajataca", "streamorde": 3, "lengthkm": 4.82124248, "totdasqkm": 23.18540011 }, "geometry": { "type": "LineString", "coordinates": [ [ -66.8871, 18.3081 ], [ -66.8877, 18.3082 ], [ -66.8875, 18.3091 ], [ -66.8886, 18.309 ], [ -66.889, 18.3097 ], [ -66.89, 18.3093 ], [ -66.8915, 18.3102 ], [ -66.8911, 18.311 ], [ -66.8916, 18.3126 ], [ -66.8936, 18.3124 ], [ -66.8957, 18.3133 ], [ -66.8965, 18.3131 ], [ -66.8984, 18.3164 ], [ -66.9017, 18.3177 ], [ -66.9021, 18.3182 ], [ -66.9029, 18.3181 ], [ -66.9066, 18.3206 ], [ -66.9072, 18.3206 ], [ -66.9079, 18.3214 ], [ -66.9072, 18.3222 ], [ -66.9096, 18.3244 ], [ -66.9117, 18.3251 ], [ -66.9131, 18.3247 ], [ -66.914, 18.3255 ], [ -66.9143, 18.3268 ], [ -66.917, 18.3289 ] ] } },
{ "type": "Feature", "properties": { "gnis_name": "Río Ingenio", "streamorde": 3, "lengthkm": 0.00351264, "totdasqkm": 17.12860001 }, "geometry": { "type": "LineString", "coordinates": [ ] } },
{ "type": "Feature", "properties": { "gnis_name": "Río Descalabrado", "streamorde": 3, "lengthkm": 0.07, "totdasqkm": 21.31250003 }, "geometry": { "type": "LineString", "coordinates": [ [ -66.4277, 18.0722 ], [ -66.4276, 18.0716 ] ] } },
{ "type": "Feature", "properties": { "gnis_name": null, "streamorde": 3, "lengthkm": 0.03813107, "totdasqkm": 9.25359976 }, "geometry": { "type": "LineString", "coordinates": [ [ -67.1599, 18.187 ], [ -67.1597, 18.1872 ] ] } },
{ "type": "Feature", "properties": { "gnis_name": "Río Yagüez", "streamorde": 3, "lengthkm": 0.64730549, "totdasqkm": 5.93090002 }, "geometry": { "type": "LineString", "coordinates": [ [ -67.0583, 18.1974 ], [ -67.0592, 18.197 ], [ -67.0619, 18.1972 ], [ -67.0639, 18.1962 ] ] } },
{ "type": "Feature", "properties": { "gnis_name": null, "streamorde": 3, "lengthkm": 0.173, "totdasqkm": 10.04059992 }, "geometry": { "type": "LineString", "coordinates": [ [ -66.7676, 18.0476 ], [ -66.768, 18.0461 ] ] } },
{ "type": "Feature", "properties": { "gnis_name": null, "streamorde": 3, "lengthkm": 0.361, "totdasqkm": 44.7643003 }, "geometry": { "type": "LineString", "coordinates": [ [ -65.6725, 18.3006 ], [ -65.6701, 18.3007 ], [ -65.6693, 18.3012 ] ] } },
{ "type": "Feature", "properties": { "gnis_name": "Río Guayanilla", "streamorde": 4, "lengthkm": 1.729, "totdasqkm": 16.97829998 }, "geometry": { "type": "LineString", "coordinates": [ [ -66.7879, 18.1041 ], [ -66.7879, 18.1033 ], [ -66.7896, 18.1022 ], [ -66.7896, 18.1003 ], [ -66.7888, 18.0996 ], [ -66.7927, 18.0969 ], [ -66.795, 18.094 ], [ -66.7964, 18.0943 ] ] } },
{ "type": "Feature", "properties": { "gnis_name": null, "streamorde": 3, "lengthkm": 0.16821321, "totdasqkm": 43.94379978 }, "geometry": { "type": "LineString", "coordinates": [ [ -66.4543, 18.2338 ], [ -66.4538, 18.2336 ], [ -66.4531, 18.2343 ] ] } },
{ "type": "Feature", "properties": { "gnis_name": null, "streamorde": 3, "lengthkm": 0.24529712, "totdasqkm": 2.7911001 }, "geometry": { "type": "LineString", "coordinates": [ [ -65.522, 18.0919 ], [ -65.5208, 18.09 ] ] } },
{ "type": "Feature", "properties": { "gnis_name": null, "streamorde": 3, "lengthkm": 0.21234157, "totdasqkm": 6.6291999 }, "geometry": { "type": "LineString", "coordinates": [ [ -65.4675, 18.096 ], [ -65.4686, 18.0944 ] ] } },
{ "type": "Feature", "properties": { "gnis_name": "Río Grande De Loiza", "streamorde": 6, "lengthkm": 0.0995193, "totdasqkm": 614.7164995000001 }, "geometry": { "type": "LineString", "coordinates": [ [ -65.9518, 18.3733 ], [ -65.9511, 18.3737 ] ] } },
{ "type": "Feature", "properties": { "gnis_name": "Río Yauco", "streamorde": 3, "lengthkm": 1.108, "totdasqkm": 7.33500008 }, "geometry": { "type": "LineString", "coordinates": [ [ -66.9045, 18.1307 ], [ -66.9042, 18.1295 ], [ -66.902, 18.1288 ], [ -66.9025, 18.1272 ], [ -66.9003, 18.1266 ], [ -66.8991, 18.1245 ] ] } },
{ "type": "Feature", "properties": { "gnis_name": "Río Canovanillas", "streamorde": 3, "lengthkm": 0.22452657, "totdasqkm": 34.39000039 }, "geometry": { "type": "LineString", "coordinates": [ [ -65.9195, 18.3448 ], [ -65.9194, 18.3466 ] ] } },
{ "type": "Feature", "properties": { "gnis_name": null, "streamorde": 3, "lengthkm": 0.173, "totdasqkm": 2.46890004 }, "geometry": { "type": "LineString", "coordinates": [ [ -66.268, 18.1597 ], [ -66.2679, 18.1605 ], [ -66.2685, 18.1609 ] ] } },
{ "type": "Feature", "properties": { "gnis_name": "Río Guilarte", "streamorde": 3, "lengthkm": 0.95867199, "totdasqkm": 12.66690018 }, "geometry": { "type": "LineString", "coordinates": [ [ -66.7711, 18.1878 ], [ -66.7718, 18.1886 ], [ -66.7724, 18.187 ], [ -66.7733, 18.1874 ], [ -66.7739, 18.1899 ], [ -66.7755, 18.1884 ] ] } },
{ "type": "Feature", "properties": { "gnis_name": null, "streamorde": 3, "lengthkm": 0.14812427, "totdasqkm": 67.35000007 }, "geometry": { "type": "LineString", "coordinates": [ [ -65.6341, 18.3266 ], [ -65.6331, 18.3275 ] ] } },
{ "type": "Feature", "properties": { "gnis_name": "Río Anton Ruiz", "streamorde": 3, "lengthkm": 0.015, "totdasqkm": 20.64819999 }, "geometry": { "type": "LineString", "coordinates": [ [ -65.7739, 18.1761 ], [ -65.7738, 18.1761 ] ] } },
{ "type": "Feature", "properties": { "gnis_name": "Río Valenciano", "streamorde": 4, "lengthkm": 0.27654945, "totdasqkm": 33.4325 }, "geometry": { "type": "LineString", "coordinates": [ [ -65.9067, 18.1886 ], [ -65.9091, 18.1893 ] ] } },
{ "type": "Feature", "properties": { "gnis_name": "Río Guanajibo", "streamorde": 5, "lengthkm": 0.86908374, "totdasqkm": 296.72979963999995 }, "geometry": { "type": "LineString", "coordinates": [ [ -67.1326, 18.13 ], [ -67.1339, 18.1311 ], [ -67.1339, 18.1325 ], [ -67.1346, 18.1328 ], [ -67.136, 18.1315 ], [ -67.1368, 18.1322 ], [ -67.1364, 18.1328 ] ] } },
{ "type": "Feature", "properties": { "gnis_name": "Río Cayaguas", "streamorde": 3, "lengthkm": 1.77451075, "totdasqkm": 14.15189998 }, "geometry": { "type": "LineString", "coordinates": [ [ -65.95, 18.1163 ], [ -65.9503, 18.1169 ], [ -65.9512, 18.1161 ], [ -65.9518, 18.1171 ], [ -65.953, 18.1173 ], [ -65.9531, 18.1179 ], [ -65.9526, 18.1184 ], [ -65.9544, 18.1213 ], [ -65.9545, 18.1224 ], [ -65.9567, 18.1222 ], [ -65.9565, 18.1231 ], [ -65.9557, 18.1234 ], [ -65.9567, 18.1245 ] ] } },
{ "type": "Feature", "properties": { "gnis_name": "Río Grande", "streamorde": 3, "lengthkm": 1.68616838, "totdasqkm": 4.6912 }, "geometry": { "type": "LineString", "coordinates": [ [ -66.9339, 18.1319 ], [ -66.935, 18.1307 ], [ -66.9345, 18.1303 ], [ -66.9347, 18.1297 ], [ -66.9356, 18.1303 ], [ -66.9369, 18.1299 ], [ -66.9372, 18.1292 ], [ -66.9378, 18.1291 ], [ -66.9368, 18.1282 ], [ -66.9376, 18.1281 ], [ -66.9373, 18.1273 ], [ -66.9381, 18.1273 ], [ -66.9386, 18.1263 ], [ -66.9391, 18.1269 ], [ -66.9392, 18.1264 ], [ -66.9402, 18.126 ] ] } },
{ "type": "Feature", "properties": { "gnis_name": null, "streamorde": 3, "lengthkm": 0.00444501, "totdasqkm": 6.17129992 }, "geometry": { "type": "LineString", "coordinates": [ [ -66.0411, 18.2909 ], [ -66.0411, 18.291 ] ] } },
{ "type": "Feature", "properties": { "gnis_name": "Río Grande de Jayuya", "streamorde": 3, "lengthkm": 0.13086363, "totdasqkm": 43.59940015 }, "geometry": { "type": "LineString", "coordinates": [ [ -66.5904, 18.2183 ], [ -66.5916, 18.2179 ] ] } },
{ "type": "Feature", "properties": { "gnis_name": "Río Culebra", "streamorde": 3, "lengthkm": 0.549, "totdasqkm": 4.37000001 }, "geometry": { "type": "LineString", "coordinates": [ [ -67.1755, 18.3558 ], [ -67.176, 18.3565 ], [ -67.1765, 18.3605 ] ] } },
{ "type": "Feature", "properties": { "gnis_name": "Río Guanajibo", "streamorde": 5, "lengthkm": 0.2810655, "totdasqkm": 326.7974996 }, "geometry": { "type": "LineString", "coordinates": [ [ -67.1669, 18.1557 ], [ -67.1658, 18.1577 ] ] } },
{ "type": "Feature", "properties": { "gnis_name": "Río Grande de Manati", "streamorde": 5, "lengthkm": 0.98366455, "totdasqkm": 585.31289995000009 }, "geometry": { "type": "LineString", "coordinates": [ [ -66.5302, 18.4721 ], [ -66.5312, 18.4746 ], [ -66.534, 18.4779 ], [ -66.5343, 18.4797 ] ] } },
{ "type": "Feature", "properties": { "gnis_name": "Río Descalabrado", "streamorde": 3, "lengthkm": 2.88, "totdasqkm": 35.94119997 }, "geometry": { "type": "LineString", "coordinates": [ [ -66.4241, 18.0518 ], [ -66.4253, 18.0512 ], [ -66.4258, 18.0489 ], [ -66.4252, 18.0482 ], [ -66.4246, 18.0491 ], [ -66.424, 18.0487 ], [ -66.424, 18.0481 ], [ -66.426, 18.0463 ], [ -66.4273, 18.0415 ], [ -66.4272, 18.0402 ], [ -66.4261, 18.0395 ], [ -66.427, 18.0374 ], [ -66.426, 18.0339 ], [ -66.4261, 18.0316 ] ] } },
{ "type": "Feature", "properties": { "gnis_name": null, "streamorde": 4, "lengthkm": 0.18269517, "totdasqkm": 91.31049981 }, "geometry": { "type": "LineString", "coordinates": [ [ -66.7195, 18.2345 ], [ -66.7209, 18.2337 ] ] } },
{ "type": "Feature", "properties": { "gnis_name": null, "streamorde": 3, "lengthkm": 1.86, "totdasqkm": 8.19400003 }, "geometry": { "type": "LineString", "coordinates": [ [ -66.8553, 18.0329 ], [ -66.8534, 18.0324 ], [ -66.8497, 18.0269 ], [ -66.8436, 18.0258 ], [ -66.8413, 18.0263 ] ] } },
{ "type": "Feature", "properties": { "gnis_name": "Río Guanajibo", "streamorde": 4, "lengthkm": 0.2376296, "totdasqkm": 88.92259977000001 }, "geometry": { "type": "LineString", "coordinates": [ [ -67.0296, 18.0832 ], [ -67.0318, 18.0828 ] ] } },
{ "type": "Feature", "properties": { "gnis_name": "Río Bauta", "streamorde": 3, "lengthkm": 0.11339542, "totdasqkm": 70.78519962 }, "geometry": { "type": "LineString", "coordinates": [ [ -66.4604, 18.2785 ], [ -66.4607, 18.2795 ] ] } },
{ "type": "Feature", "properties": { "gnis_name": null, "streamorde": 3, "lengthkm": 0.995, "totdasqkm": 16.70950012 }, "geometry": { "type": "LineString", "coordinates": [ [ -66.6437, 17.9878 ], [ -66.6444, 17.9868 ], [ -66.6423, 17.9849 ], [ -66.6413, 17.9846 ], [ -66.6383, 17.9849 ], [ -66.6376, 17.9843 ] ] } },
{ "type": "Feature", "properties": { "gnis_name": "Río Arroyata", "streamorde": 4, "lengthkm": 0.44550347, "totdasqkm": 31.56150002 }, "geometry": { "type": "LineString", "coordinates": [ [ -66.2023, 18.2144 ], [ -66.2028, 18.2151 ], [ -66.2041, 18.2149 ], [ -66.204, 18.2166 ] ] } },
{ "type": "Feature", "properties": { "gnis_name": null, "streamorde": 5, "lengthkm": 0.1873478, "totdasqkm": 305.76009961 }, "geometry": { "type": "LineString", "coordinates": [ [ -67.1416, 18.1363 ], [ -67.1425, 18.1377 ] ] } },
{ "type": "Feature", "properties": { "gnis_name": "Río Caguitas", "streamorde": 3, "lengthkm": 0.48981893, "totdasqkm": 43.05270008 }, "geometry": { "type": "LineString", "coordinates": [ [ -66.0156, 18.2538 ], [ -66.0138, 18.2535 ], [ -66.0125, 18.2548 ], [ -66.0128, 18.2554 ] ] } },
{ "type": "Feature", "properties": { "gnis_name": "Río Majada", "streamorde": 3, "lengthkm": 0.08418752, "totdasqkm": 42.61030002 }, "geometry": { "type": "LineString", "coordinates": [ [ -66.2072, 18.0423 ], [ -66.2072, 18.0431 ] ] } },
{ "type": "Feature", "properties": { "gnis_name": "Río Toro Negro", "streamorde": 4, "lengthkm": 0.00820155, "totdasqkm": 84.19190013000001 }, "geometry": { "type": "LineString", "coordinates": [ ] } },
{ "type": "Feature", "properties": { "gnis_name": "Río de la Plata", "streamorde": 5, "lengthkm": 1.15425559, "totdasqkm": 452.30220005000001 }, "geometry": { "type": "LineString", "coordinates": [ [ -66.2328, 18.3244 ], [ -66.2341, 18.3272 ], [ -66.2377, 18.3308 ], [ -66.2381, 18.3317 ], [ -66.2378, 18.333 ] ] } },
{ "type": "Feature", "properties": { "gnis_name": "Río Tanamá", "streamorde": 4, "lengthkm": 3.34186677, "totdasqkm": 71.93839984 }, "geometry": { "type": "LineString", "coordinates": [ [ -66.77, 18.3199 ], [ -66.7701, 18.3206 ], [ -66.7712, 18.3215 ], [ -66.7708, 18.3229 ], [ -66.7717, 18.3242 ], [ -66.7684, 18.3258 ], [ -66.7682, 18.3275 ], [ -66.7675, 18.3283 ], [ -66.7662, 18.3275 ], [ -66.7656, 18.3277 ], [ -66.7663, 18.3296 ], [ -66.7654, 18.3302 ], [ -66.7653, 18.3319 ], [ -66.7641, 18.3322 ], [ -66.7625, 18.3319 ], [ -66.7621, 18.3323 ], [ -66.7621, 18.334 ], [ -66.7611, 18.3339 ], [ -66.7589, 18.3347 ], [ -66.7577, 18.3357 ], [ -66.7571, 18.3369 ] ] } },
{ "type": "Feature", "properties": { "gnis_name": "Río Piedras", "streamorde": 4, "lengthkm": 1.839, "totdasqkm": 32.31490018 }, "geometry": { "type": "LineString", "coordinates": [ [ -66.0566, 18.3927 ], [ -66.0557, 18.394 ], [ -66.0574, 18.3974 ], [ -66.0609, 18.3993 ], [ -66.0631, 18.4023 ], [ -66.0667, 18.4025 ] ] } },
{ "type": "Feature", "properties": { "gnis_name": "Río Grande De Loiza", "streamorde": 5, "lengthkm": 0.21818922, "totdasqkm": 229.87639984999998 }, "geometry": { "type": "LineString", "coordinates": [ [ -66.0121, 18.2415 ], [ -66.012, 18.2422 ], [ -66.0132, 18.2426 ] ] } },
{ "type": "Feature", "properties": { "gnis_name": null, "streamorde": 3, "lengthkm": 0.014, "totdasqkm": 6.35339996 }, "geometry": { "type": "LineString", "coordinates": [ [ -66.087, 17.9645 ], [ -66.087, 17.9643 ] ] } },
{ "type": "Feature", "properties": { "gnis_name": "Río Pitahaya", "streamorde": 3, "lengthkm": 2.182, "totdasqkm": 17.72640015 }, "geometry": { "type": "LineString", "coordinates": [ [ -65.7227, 18.3559 ], [ -65.7226, 18.3574 ], [ -65.721, 18.3575 ], [ -65.7204, 18.3581 ], [ -65.7197, 18.3611 ], [ -65.7219, 18.3647 ], [ -65.7211, 18.365 ], [ -65.7189, 18.3646 ], [ -65.7183, 18.3654 ], [ -65.719, 18.3659 ], [ -65.7188, 18.3665 ], [ -65.7168, 18.3666 ], [ -65.7167, 18.367 ] ] } },
{ "type": "Feature", "properties": { "gnis_name": "Río Toro Negro", "streamorde": 4, "lengthkm": 0.34446563, "totdasqkm": 68.35549987 }, "geometry": { "type": "LineString", "coordinates": [ [ -66.5036, 18.2595 ], [ -66.5033, 18.2612 ], [ -66.504, 18.2624 ] ] } },
{ "type": "Feature", "properties": { "gnis_name": "Río Guanajibo", "streamorde": 5, "lengthkm": 0.74499817, "totdasqkm": 232.74019939000002 }, "geometry": { "type": "LineString", "coordinates": [ [ -67.1353, 18.1272 ], [ -67.1361, 18.128 ], [ -67.1353, 18.1287 ], [ -67.1352, 18.1296 ], [ -67.1338, 18.1295 ], [ -67.1331, 18.1289 ], [ -67.1326, 18.13 ] ] } },
{ "type": "Feature", "properties": { "gnis_name": null, "streamorde": 4, "lengthkm": 0.01042059, "totdasqkm": 29.63030006 }, "geometry": { "type": "LineString", "coordinates": [ [ -67.1162, 18.2704 ], [ -67.1162, 18.2705 ] ] } },
{ "type": "Feature", "properties": { "gnis_name": "Río Toro Negro", "streamorde": 4, "lengthkm": 1.28787163, "totdasqkm": 77.57350017 }, "geometry": { "type": "LineString", "coordinates": [ [ -66.5, 18.2874 ], [ -66.4998, 18.2869 ], [ -66.5005, 18.2844 ], [ -66.4989, 18.2836 ], [ -66.4969, 18.2838 ], [ -66.4963, 18.2866 ], [ -66.4956, 18.2868 ], [ -66.4947, 18.2862 ] ] } },
{ "type": "Feature", "properties": { "gnis_name": null, "streamorde": 3, "lengthkm": 0.16576888, "totdasqkm": 73.20849961 }, "geometry": { "type": "LineString", "coordinates": [ [ -66.4588, 18.2935 ], [ -66.4597, 18.2947 ] ] } },
{ "type": "Feature", "properties": { "gnis_name": null, "streamorde": 3, "lengthkm": 0.7464549, "totdasqkm": 43.44599999 }, "geometry": { "type": "LineString", "coordinates": [ [ -66.9896, 18.01 ], [ -66.986, 18.0109 ], [ -66.9828, 18.0104 ] ] } },
{ "type": "Feature", "properties": { "gnis_name": "Río Loco", "streamorde": 3, "lengthkm": 1.42805056, "totdasqkm": 21.2289001 }, "geometry": { "type": "LineString", "coordinates": [ [ -66.8844, 18.0501 ], [ -66.8849, 18.0497 ], [ -66.8847, 18.0491 ], [ -66.8826, 18.0492 ], [ -66.8816, 18.0485 ], [ -66.8814, 18.0477 ], [ -66.8835, 18.0469 ], [ -66.8833, 18.0459 ], [ -66.8838, 18.0444 ], [ -66.8859, 18.0434 ] ] } },
{ "type": "Feature", "properties": { "gnis_name": "Río de la Mina", "streamorde": 3, "lengthkm": 1.37365657, "totdasqkm": 15.16610001 }, "geometry": { "type": "LineString", "coordinates": [ [ -66.3791, 18.0724 ], [ -66.3774, 18.0703 ], [ -66.3775, 18.068 ], [ -66.377, 18.0664 ], [ -66.3757, 18.0656 ], [ -66.3754, 18.0644 ], [ -66.3743, 18.0641 ], [ -66.3739, 18.0624 ] ] } },
{ "type": "Feature", "properties": { "gnis_name": "Río Guanajibo", "streamorde": 5, "lengthkm": 0.21931001, "totdasqkm": 312.55419967 }, "geometry": { "type": "LineString", "coordinates": [ [ -67.1559, 18.1502 ], [ -67.1567, 18.1518 ] ] } },
{ "type": "Feature", "properties": { "gnis_name": null, "streamorde": 3, "lengthkm": 1.4706607, "totdasqkm": 10.11850028 }, "geometry": { "type": "LineString", "coordinates": [ [ -66.3461, 18.2656 ], [ -66.3458, 18.2664 ], [ -66.3462, 18.2674 ], [ -66.3476, 18.2668 ], [ -66.3485, 18.2677 ], [ -66.3502, 18.2683 ], [ -66.3518, 18.2675 ], [ -66.3532, 18.2697 ], [ -66.353, 18.2706 ], [ -66.3535, 18.2719 ] ] } },
{ "type": "Feature", "properties": { "gnis_name": null, "streamorde": 3, "lengthkm": 1.087, "totdasqkm": 38.67610033 }, "geometry": { "type": "LineString", "coordinates": [ [ -65.6989, 18.2941 ], [ -65.6977, 18.2956 ], [ -65.696, 18.2966 ], [ -65.6899, 18.2978 ] ] } },
{ "type": "Feature", "properties": { "gnis_name": "Río Grande de Jayuya", "streamorde": 4, "lengthkm": 2.0438806, "totdasqkm": 74.54290008000001 }, "geometry": { "type": "LineString", "coordinates": [ [ -66.6293, 18.2028 ], [ -66.6283, 18.2054 ], [ -66.6261, 18.207 ], [ -66.6276, 18.2084 ], [ -66.6272, 18.2114 ], [ -66.6289, 18.2117 ], [ -66.6283, 18.2152 ], [ -66.6286, 18.2178 ] ] } },
{ "type": "Feature", "properties": { "gnis_name": "Río Prieto", "streamorde": 4, "lengthkm": 4.34935035, "totdasqkm": 63.44859943 }, "geometry": { "type": "LineString", "coordinates": [ [ -66.8866, 18.2329 ], [ -66.887, 18.2334 ], [ -66.8879, 18.2329 ], [ -66.8892, 18.233 ], [ -66.8894, 18.2342 ], [ -66.8883, 18.2351 ], [ -66.8888, 18.2358 ], [ -66.8911, 18.2346 ], [ -66.8942, 18.2349 ], [ -66.8935, 18.2373 ], [ -66.8962, 18.2385 ], [ -66.8964, 18.2395 ], [ -66.8953, 18.2404 ], [ -66.8936, 18.2403 ], [ -66.8932, 18.2409 ], [ -66.8952, 18.243 ], [ -66.8931, 18.2433 ], [ -66.8898, 18.2452 ], [ -66.8896, 18.2459 ], [ -66.89, 18.247 ], [ -66.8911, 18.2477 ], [ -66.8919, 18.2475 ], [ -66.8923, 18.2463 ], [ -66.8946, 18.246 ] ] } },
{ "type": "Feature", "properties": { "gnis_name": "Río Guaba", "streamorde": 4, "lengthkm": 1.73052825, "totdasqkm": 83.08820019 }, "geometry": { "type": "LineString", "coordinates": [ [ -66.9246, 18.2393 ], [ -66.9254, 18.2408 ], [ -66.9241, 18.2421 ], [ -66.9246, 18.243 ], [ -66.9251, 18.2459 ], [ -66.9263, 18.2471 ], [ -66.9283, 18.2528 ] ] } },
{ "type": "Feature", "properties": { "gnis_name": "Río de la Plata", "streamorde": 5, "lengthkm": 2.85762941, "totdasqkm": 553.80660073000001 }, "geometry": { "type": "LineString", "coordinates": [ [ -66.2581, 18.435 ], [ -66.2577, 18.438 ], [ -66.2547, 18.4401 ], [ -66.255, 18.4407 ], [ -66.2592, 18.4425 ], [ -66.259, 18.4438 ], [ -66.2574, 18.4465 ], [ -66.259, 18.4485 ], [ -66.2591, 18.4495 ], [ -66.259, 18.4519 ], [ -66.2581, 18.4553 ] ] } },
{ "type": "Feature", "properties": { "gnis_name": "Río Gurabo", "streamorde": 5, "lengthkm": 0.23525958, "totdasqkm": 163.1245999 }, "geometry": { "type": "LineString", "coordinates": [ [ -65.9807, 18.266 ], [ -65.9811, 18.2669 ], [ -65.9822, 18.2672 ] ] } },
{ "type": "Feature", "properties": { "gnis_name": null, "streamorde": 3, "lengthkm": 0.58044846, "totdasqkm": 8.00050011 }, "geometry": { "type": "LineString", "coordinates": [ [ -66.3645, 18.0512 ], [ -66.3649, 18.0503 ], [ -66.3686, 18.0483 ] ] } },
{ "type": "Feature", "properties": { "gnis_name": null, "streamorde": 3, "lengthkm": 0.03067153, "totdasqkm": 14.77599996 }, "geometry": { "type": "LineString", "coordinates": [ [ -65.8112, 18.3937 ], [ -65.8113, 18.394 ] ] } },
{ "type": "Feature", "properties": { "gnis_name": "Río del Ingenio", "streamorde": 4, "lengthkm": 1.649, "totdasqkm": 29.38320006 }, "geometry": { "type": "LineString", "coordinates": [ [ -65.8372, 18.0724 ], [ -65.8275, 18.0663 ], [ -65.8272, 18.0654 ], [ -65.8286, 18.063 ] ] } },
{ "type": "Feature", "properties": { "gnis_name": null, "streamorde": 3, "lengthkm": 0.19448104, "totdasqkm": 5.9693 }, "geometry": { "type": "LineString", "coordinates": [ [ -67.1329, 18.1346 ], [ -67.1347, 18.1341 ] ] } },
{ "type": "Feature", "properties": { "gnis_name": "Río Nigua", "streamorde": 3, "lengthkm": 0.78051202, "totdasqkm": 13.0257 }, "geometry": { "type": "LineString", "coordinates": [ [ -66.2683, 18.0296 ], [ -66.2683, 18.0286 ], [ -66.2652, 18.0266 ], [ -66.2662, 18.0261 ], [ -66.2653, 18.0254 ] ] } },
{ "type": "Feature", "properties": { "gnis_name": null, "streamorde": 3, "lengthkm": 0.89960613, "totdasqkm": 25.42059995 }, "geometry": { "type": "LineString", "coordinates": [ [ -65.8364, 18.0578 ], [ -65.835, 18.058 ], [ -65.8309, 18.0569 ], [ -65.8286, 18.0554 ] ] } },
{ "type": "Feature", "properties": { "gnis_name": "Río Cuyón", "streamorde": 3, "lengthkm": 0.443, "totdasqkm": 29.27319974 }, "geometry": { "type": "LineString", "coordinates": [ [ -66.2926, 18.0813 ], [ -66.2957, 18.0787 ] ] } },
{ "type": "Feature", "properties": { "gnis_name": "Río de la Plata", "streamorde": 5, "lengthkm": 1.18245937, "totdasqkm": 563.58420041 }, "geometry": { "type": "LineString", "coordinates": [ [ -66.2581, 18.4567 ], [ -66.2586, 18.4638 ], [ -66.2576, 18.4653 ], [ -66.256, 18.465 ] ] } },
{ "type": "Feature", "properties": { "gnis_name": "Río Grande De Loiza", "streamorde": 6, "lengthkm": 0.01366988, "totdasqkm": 745.58339964000004 }, "geometry": { "type": "LineString", "coordinates": [ [ -65.8836, 18.4331 ], [ -65.8835, 18.4332 ] ] } },
{ "type": "Feature", "properties": { "gnis_name": null, "streamorde": 3, "lengthkm": 0.00723446, "totdasqkm": 29.17050001 }, "geometry": { "type": "LineString", "coordinates": [ ] } },
{ "type": "Feature", "properties": { "gnis_name": "Río Coamo", "streamorde": 5, "lengthkm": 0.02545875, "totdasqkm": 168.53540003000001 }, "geometry": { "type": "LineString", "coordinates": [ [ -66.3901, 18.0145 ], [ -66.3902, 18.0142 ] ] } },
{ "type": "Feature", "properties": { "gnis_name": null, "streamorde": 3, "lengthkm": 0.31365279, "totdasqkm": 17.13440012 }, "geometry": { "type": "LineString", "coordinates": [ [ -67.0887, 18.0145 ], [ -67.0916, 18.0141 ] ] } },
{ "type": "Feature", "properties": { "gnis_name": null, "streamorde": 3, "lengthkm": 0.01541698, "totdasqkm": 5.61509998 }, "geometry": { "type": "LineString", "coordinates": [ [ -65.9677, 18.198 ], [ -65.9678, 18.1979 ] ] } },
{ "type": "Feature", "properties": { "gnis_name": "Río de la Plata", "streamorde": 4, "lengthkm": 0.36107544, "totdasqkm": 122.37929975 }, "geometry": { "type": "LineString", "coordinates": [ [ -66.1798, 18.1412 ], [ -66.1814, 18.144 ] ] } },
{ "type": "Feature", "properties": { "gnis_name": "Río Grande de Añasco", "streamorde": 5, "lengthkm": 0.73309693, "totdasqkm": 383.45340018999997 }, "geometry": { "type": "LineString", "coordinates": [ [ -67.1071, 18.2829 ], [ -67.1084, 18.2839 ], [ -67.1107, 18.2823 ], [ -67.1118, 18.2806 ] ] } },
{ "type": "Feature", "properties": { "gnis_name": null, "streamorde": 3, "lengthkm": 0.37, "totdasqkm": 10.87950004 }, "geometry": { "type": "LineString", "coordinates": [ [ -67.0247, 18.354 ], [ -67.0256, 18.3538 ], [ -67.0259, 18.3528 ], [ -67.0269, 18.3533 ] ] } },
{ "type": "Feature", "properties": { "gnis_name": "Río Cañas", "streamorde": 4, "lengthkm": 0.2435779, "totdasqkm": 19.95290018 }, "geometry": { "type": "LineString", "coordinates": [ [ -67.147, 18.378 ], [ -67.146, 18.3797 ] ] } },
{ "type": "Feature", "properties": { "gnis_name": "Río Grande de Patillas", "streamorde": 4, "lengthkm": 0.33456196, "totdasqkm": 69.269599989999989 }, "geometry": { "type": "LineString", "coordinates": [ [ -66.0287, 18.0055 ], [ -66.0284, 18.0047 ], [ -66.0264, 18.0038 ] ] } },
{ "type": "Feature", "properties": { "gnis_name": "Río Majada", "streamorde": 4, "lengthkm": 0.38953143, "totdasqkm": 89.71269978 }, "geometry": { "type": "LineString", "coordinates": [ [ -66.2437, 18.0328 ], [ -66.2466, 18.0306 ] ] } },
{ "type": "Feature", "properties": { "gnis_name": "Río Grande de Añasco", "streamorde": 5, "lengthkm": 2.87631133, "totdasqkm": 360.20900025000003 }, "geometry": { "type": "LineString", "coordinates": [ [ -67.0706, 18.2807 ], [ -67.0708, 18.2798 ], [ -67.0701, 18.2779 ], [ -67.068, 18.2761 ], [ -67.0678, 18.2749 ], [ -67.0696, 18.2742 ], [ -67.0719, 18.275 ], [ -67.0726, 18.2755 ], [ -67.0732, 18.277 ], [ -67.0755, 18.2778 ], [ -67.0781, 18.2761 ], [ -67.0777, 18.2739 ], [ -67.0784, 18.2731 ], [ -67.0784, 18.2715 ], [ -67.0792, 18.2698 ] ] } },
{ "type": "Feature", "properties": { "gnis_name": "Río Toro Negro", "streamorde": 3, "lengthkm": 0.62792833, "totdasqkm": 30.90939999 }, "geometry": { "type": "LineString", "coordinates": [ [ -66.5128, 18.2112 ], [ -66.5152, 18.2146 ], [ -66.5151, 18.2159 ] ] } },
{ "type": "Feature", "properties": { "gnis_name": "Río Piedras", "streamorde": 3, "lengthkm": 0.912, "totdasqkm": 19.69260012 }, "geometry": { "type": "LineString", "coordinates": [ [ -66.0654, 18.3595 ], [ -66.0659, 18.3607 ], [ -66.064, 18.3641 ], [ -66.0644, 18.3648 ], [ -66.0636, 18.3659 ], [ -66.0636, 18.3666 ] ] } },
{ "type": "Feature", "properties": { "gnis_name": null, "streamorde": 3, "lengthkm": 0.01690074, "totdasqkm": 43.34319998 }, "geometry": { "type": "LineString", "coordinates": [ [ -66.9898, 18.0099 ], [ -66.9896, 18.01 ] ] } },
{ "type": "Feature", "properties": { "gnis_name": "Río Hondo", "streamorde": 4, "lengthkm": 1.51059744, "totdasqkm": 21.15880002 }, "geometry": { "type": "LineString", "coordinates": [ [ -66.2695, 18.2193 ], [ -66.2683, 18.2177 ], [ -66.2673, 18.2196 ], [ -66.2654, 18.2196 ], [ -66.266, 18.2215 ], [ -66.2652, 18.2216 ], [ -66.2648, 18.2207 ], [ -66.2639, 18.2206 ], [ -66.2635, 18.2211 ], [ -66.264, 18.2221 ], [ -66.2634, 18.2225 ] ] } },
{ "type": "Feature", "properties": { "gnis_name": "Río Culebrinas", "streamorde": 5, "lengthkm": 0.06961111, "totdasqkm": 187.28159989 }, "geometry": { "type": "LineString", "coordinates": [ [ -67.092, 18.3596 ], [ -67.0918, 18.359 ] ] } },
{ "type": "Feature", "properties": { "gnis_name": "Caño San Isidro", "streamorde": 3, "lengthkm": 0.36389509, "totdasqkm": 3.80590008 }, "geometry": { "type": "LineString", "coordinates": [ [ -65.8941, 18.3902 ], [ -65.8947, 18.3899 ], [ -65.8972, 18.3907 ] ] } },
{ "type": "Feature", "properties": { "gnis_name": "Río Yagüez", "streamorde": 3, "lengthkm": 0.85271194, "totdasqkm": 8.12309985 }, "geometry": { "type": "LineString", "coordinates": [ [ -67.0691, 18.1955 ], [ -67.0712, 18.1956 ], [ -67.0746, 18.1966 ], [ -67.0759, 18.1983 ] ] } },
{ "type": "Feature", "properties": { "gnis_name": "Río Gurabo", "streamorde": 5, "lengthkm": 0.60224464, "totdasqkm": 146.33190001 }, "geometry": { "type": "LineString", "coordinates": [ [ -65.9468, 18.2518 ], [ -65.9473, 18.2511 ], [ -65.9481, 18.251 ], [ -65.9506, 18.2538 ] ] } },
{ "type": "Feature", "properties": { "gnis_name": null, "streamorde": 3, "lengthkm": 0.05425295, "totdasqkm": 25.82079978 }, "geometry": { "type": "LineString", "coordinates": [ [ -66.7123, 18.226 ], [ -66.7125, 18.2263 ] ] } },
{ "type": "Feature", "properties": { "gnis_name": "Río Toro Negro", "streamorde": 3, "lengthkm": 0.00766072, "totdasqkm": 4.10239998 }, "geometry": { "type": "LineString", "coordinates": [ [ -66.5275, 18.1597 ], [ -66.5276, 18.1597 ] ] } },
{ "type": "Feature", "properties": { "gnis_name": null, "streamorde": 5, "lengthkm": 0.54061279, "totdasqkm": 305.86579965 }, "geometry": { "type": "LineString", "coordinates": [ [ -67.1406, 18.1331 ], [ -67.1421, 18.1295 ], [ -67.1429, 18.1288 ] ] } },
{ "type": "Feature", "properties": { "gnis_name": null, "streamorde": 3, "lengthkm": 0.055, "totdasqkm": 8.86929995 }, "geometry": { "type": "LineString", "coordinates": [ [ -65.8145, 18.3843 ], [ -65.8147, 18.3848 ] ] } },
{ "type": "Feature", "properties": { "gnis_name": null, "streamorde": 4, "lengthkm": 0.59072534, "totdasqkm": 19.19769991 }, "geometry": { "type": "LineString", "coordinates": [ [ -67.0709, 18.2488 ], [ -67.0719, 18.2488 ], [ -67.0743, 18.2475 ], [ -67.0747, 18.2484 ], [ -67.0753, 18.2485 ] ] } },
{ "type": "Feature", "properties": { "gnis_name": "Río de Aibonito", "streamorde": 3, "lengthkm": 2.77983777, "totdasqkm": 17.07990013 }, "geometry": { "type": "LineString", "coordinates": [ [ -66.2775, 18.15 ], [ -66.2786, 18.1495 ], [ -66.2792, 18.1509 ], [ -66.2798, 18.1504 ], [ -66.2802, 18.1491 ], [ -66.2827, 18.1483 ], [ -66.2821, 18.1511 ], [ -66.2838, 18.1527 ], [ -66.2843, 18.1522 ], [ -66.2843, 18.1513 ], [ -66.2855, 18.1514 ], [ -66.2856, 18.1522 ], [ -66.2848, 18.1528 ], [ -66.285, 18.1538 ], [ -66.2863, 18.1532 ], [ -66.2865, 18.1555 ], [ -66.2884, 18.1558 ] ] } },
{ "type": "Feature", "properties": { "gnis_name": "Río Emajagua", "streamorde": 3, "lengthkm": 0.15287069, "totdasqkm": 13.6625002 }, "geometry": { "type": "LineString", "coordinates": [ [ -66.0016, 18.1233 ], [ -66.0003, 18.1238 ] ] } },
{ "type": "Feature", "properties": { "gnis_name": null, "streamorde": 3, "lengthkm": 0.124, "totdasqkm": 7.13809995 }, "geometry": { "type": "LineString", "coordinates": [ [ -65.8036, 18.3798 ], [ -65.8037, 18.3809 ] ] } },
{ "type": "Feature", "properties": { "gnis_name": "Río Yagüez", "streamorde": 3, "lengthkm": 1.83464652, "totdasqkm": 15.22450007 }, "geometry": { "type": "LineString", "coordinates": [ [ -67.09, 18.2005 ], [ -67.0923, 18.2013 ], [ -67.0928, 18.2008 ], [ -67.0952, 18.2003 ], [ -67.0963, 18.2009 ], [ -67.0972, 18.2006 ], [ -67.0975, 18.201 ], [ -67.0969, 18.202 ], [ -67.0982, 18.2035 ], [ -67.0982, 18.2043 ], [ -67.1009, 18.2047 ], [ -67.1002, 18.2057 ] ] } },
{ "type": "Feature", "properties": { "gnis_name": null, "streamorde": 3, "lengthkm": 0.472, "totdasqkm": 3.79819998 }, "geometry": { "type": "LineString", "coordinates": [ [ -66.3561, 18.2691 ], [ -66.3561, 18.2709 ], [ -66.354, 18.2722 ] ] } },
{ "type": "Feature", "properties": { "gnis_name": null, "streamorde": 3, "lengthkm": 0.264, "totdasqkm": 38.74600035 }, "geometry": { "type": "LineString", "coordinates": [ [ -65.6899, 18.2978 ], [ -65.6887, 18.2998 ] ] } },
{ "type": "Feature", "properties": { "gnis_name": "Río Espíritu Santo", "streamorde": 4, "lengthkm": 0.05369654, "totdasqkm": 74.44239995000001 }, "geometry": { "type": "LineString", "coordinates": [ [ -65.8167, 18.3883 ], [ -65.8169, 18.3888 ] ] } },
{ "type": "Feature", "properties": { "gnis_name": null, "streamorde": 3, "lengthkm": 0.062, "totdasqkm": 18.36339993 }, "geometry": { "type": "LineString", "coordinates": [ [ -66.4754, 17.9929 ], [ -66.4754, 17.9923 ] ] } },
{ "type": "Feature", "properties": { "gnis_name": "Río Vacas", "streamorde": 4, "lengthkm": 0.1506196, "totdasqkm": 27.81809998 }, "geometry": { "type": "LineString", "coordinates": [ [ -66.7374, 18.1785 ], [ -66.7364, 18.1793 ] ] } },
{ "type": "Feature", "properties": { "gnis_name": "Río Cañas", "streamorde": 3, "lengthkm": 0.86505158, "totdasqkm": 8.9015999 }, "geometry": { "type": "LineString", "coordinates": [ [ -67.0638, 18.221 ], [ -67.0676, 18.2217 ], [ -67.0677, 18.2224 ], [ -67.067, 18.2229 ], [ -67.0672, 18.2238 ], [ -67.0663, 18.2238 ], [ -67.0663, 18.2243 ] ] } },
{ "type": "Feature", "properties": { "gnis_name": "Caño Carrasco", "streamorde": 3, "lengthkm": 1.14802937, "totdasqkm": 45.65249996 }, "geometry": { "type": "LineString", "coordinates": [ [ -65.9031, 18.3919 ], [ -65.903, 18.3928 ], [ -65.9036, 18.3933 ], [ -65.9026, 18.394 ], [ -65.9034, 18.3944 ], [ -65.9047, 18.394 ], [ -65.906, 18.3954 ], [ -65.9051, 18.3954 ], [ -65.9049, 18.3972 ] ] } },
{ "type": "Feature", "properties": { "gnis_name": "Río Bucarabones", "streamorde": 3, "lengthkm": 0.08713475, "totdasqkm": 21.42069997 }, "geometry": { "type": "LineString", "coordinates": [ [ -66.2382, 18.386 ], [ -66.2388, 18.3864 ] ] } },
{ "type": "Feature", "properties": { "gnis_name": "Río Yauco", "streamorde": 4, "lengthkm": 0.138, "totdasqkm": 53.15690025 }, "geometry": { "type": "LineString", "coordinates": [ [ -66.8533, 18.0638 ], [ -66.8546, 18.0637 ] ] } },
{ "type": "Feature", "properties": { "gnis_name": "Río de Bayamón", "streamorde": 3, "lengthkm": 0.1868117, "totdasqkm": 5.10530008 }, "geometry": { "type": "LineString", "coordinates": [ [ -66.1289, 18.1763 ], [ -66.1297, 18.1766 ], [ -66.1296, 18.1772 ] ] } },
{ "type": "Feature", "properties": { "gnis_name": null, "streamorde": 3, "lengthkm": 0.205, "totdasqkm": 5.00009996 }, "geometry": { "type": "LineString", "coordinates": [ [ -66.1004, 18.1527 ], [ -66.1015, 18.1524 ], [ -66.102, 18.1528 ] ] } },
{ "type": "Feature", "properties": { "gnis_name": null, "streamorde": 4, "lengthkm": 2.19111571, "totdasqkm": 122.94210015 }, "geometry": { "type": "LineString", "coordinates": [ [ -66.5072, 18.0619 ], [ -66.5074, 18.0612 ], [ -66.5062, 18.0601 ], [ -66.5054, 18.058 ], [ -66.5046, 18.058 ], [ -66.5044, 18.0572 ], [ -66.5028, 18.057 ], [ -66.5029, 18.0562 ], [ -66.5022, 18.056 ], [ -66.5024, 18.0545 ], [ -66.5012, 18.0523 ], [ -66.5009, 18.0507 ], [ -66.5014, 18.0495 ], [ -66.5006, 18.0477 ], [ -66.4996, 18.0477 ] ] } },
{ "type": "Feature", "properties": { "gnis_name": "Río Nigua", "streamorde": 4, "lengthkm": 0.49805263, "totdasqkm": 114.84089967 }, "geometry": { "type": "LineString", "coordinates": [ [ -66.2744, 17.998 ], [ -66.2762, 17.9974 ], [ -66.2782, 17.999 ] ] } },
{ "type": "Feature", "properties": { "gnis_name": "Río Toa Vaca", "streamorde": 3, "lengthkm": 1.31277437, "totdasqkm": 54.86080012 }, "geometry": { "type": "LineString", "coordinates": [ [ -66.4703, 18.1005 ], [ -66.4714, 18.1002 ], [ -66.4736, 18.1003 ], [ -66.4774, 18.1016 ], [ -66.479, 18.1034 ], [ -66.4812, 18.1041 ] ] } },
{ "type": "Feature", "properties": { "gnis_name": "Río Saliente", "streamorde": 3, "lengthkm": 0.73395684, "totdasqkm": 14.62920014 }, "geometry": { "type": "LineString", "coordinates": [ [ -66.5579, 18.199 ], [ -66.5573, 18.2027 ], [ -66.5549, 18.2044 ] ] } },
{ "type": "Feature", "properties": { "gnis_name": "Río Cañas", "streamorde": 3, "lengthkm": 0.47533747, "totdasqkm": 15.22929982 }, "geometry": { "type": "LineString", "coordinates": [ [ -67.0903, 18.2345 ], [ -67.0917, 18.2333 ], [ -67.0921, 18.2346 ], [ -67.0929, 18.2343 ] ] } },
{ "type": "Feature", "properties": { "gnis_name": null, "streamorde": 4, "lengthkm": 0.17474356, "totdasqkm": 68.56690021 }, "geometry": { "type": "LineString", "coordinates": [ [ -66.9562, 18.0064 ], [ -66.9547, 18.0059 ] ] } },
{ "type": "Feature", "properties": { "gnis_name": "Río Cialitos", "streamorde": 4, "lengthkm": 1.13109711, "totdasqkm": 43.61179997 }, "geometry": { "type": "LineString", "coordinates": [ [ -66.4739, 18.3366 ], [ -66.4739, 18.3376 ], [ -66.4731, 18.3378 ], [ -66.4726, 18.3387 ], [ -66.4709, 18.34 ], [ -66.4708, 18.3423 ], [ -66.4686, 18.3443 ] ] } },
{ "type": "Feature", "properties": { "gnis_name": "Río Tanamá", "streamorde": 3, "lengthkm": 1.08608842, "totdasqkm": 7.44389999 }, "geometry": { "type": "LineString", "coordinates": [ [ -66.7716, 18.2246 ], [ -66.773, 18.226 ], [ -66.7754, 18.2263 ], [ -66.7769, 18.226 ], [ -66.7777, 18.2266 ], [ -66.779, 18.2243 ] ] } },
{ "type": "Feature", "properties": { "gnis_name": null, "streamorde": 3, "lengthkm": 0.77455575, "totdasqkm": 7.78560005 }, "geometry": { "type": "LineString", "coordinates": [ [ -66.3134, 18.0932 ], [ -66.3136, 18.0924 ], [ -66.3147, 18.0925 ], [ -66.3151, 18.0916 ], [ -66.3151, 18.0898 ], [ -66.3137, 18.0881 ] ] } },
{ "type": "Feature", "properties": { "gnis_name": "Río Vacas", "streamorde": 4, "lengthkm": 1.8389578, "totdasqkm": 24.37300014 }, "geometry": { "type": "LineString", "coordinates": [ [ -66.7405, 18.1601 ], [ -66.7392, 18.1605 ], [ -66.7399, 18.1638 ], [ -66.7394, 18.1658 ], [ -66.7395, 18.1675 ], [ -66.7372, 18.1717 ], [ -66.7376, 18.1727 ], [ -66.7393, 18.1738 ] ] } },
{ "type": "Feature", "properties": { "gnis_name": "Río Cialitos", "streamorde": 4, "lengthkm": 0.04161626, "totdasqkm": 43.61319997 }, "geometry": { "type": "LineString", "coordinates": [ [ -66.4686, 18.3443 ], [ -66.4686, 18.3447 ] ] } },
{ "type": "Feature", "properties": { "gnis_name": "Río Bairoa", "streamorde": 3, "lengthkm": 0.15309554, "totdasqkm": 20.28370021 }, "geometry": { "type": "LineString", "coordinates": [ [ -66.0152, 18.2643 ], [ -66.0137, 18.2642 ] ] } },
{ "type": "Feature", "properties": { "gnis_name": null, "streamorde": 3, "lengthkm": 0.067, "totdasqkm": 5.16069991 }, "geometry": { "type": "LineString", "coordinates": [ [ -65.799, 18.3929 ], [ -65.7993, 18.3923 ] ] } },
{ "type": "Feature", "properties": { "gnis_name": "Río Yunes", "streamorde": 3, "lengthkm": 0.47763972, "totdasqkm": 15.94310007 }, "geometry": { "type": "LineString", "coordinates": [ [ -66.5577, 18.2749 ], [ -66.5582, 18.2753 ], [ -66.558, 18.2766 ], [ -66.5565, 18.2785 ] ] } },
{ "type": "Feature", "properties": { "gnis_name": "Río Cuyón", "streamorde": 3, "lengthkm": 0.938, "totdasqkm": 37.64849962 }, "geometry": { "type": "LineString", "coordinates": [ [ -66.3106, 18.0826 ], [ -66.3134, 18.0824 ], [ -66.3143, 18.0829 ], [ -66.3129, 18.084 ], [ -66.312, 18.0867 ] ] } },
{ "type": "Feature", "properties": { "gnis_name": null, "streamorde": 5, "lengthkm": 0.71045356, "totdasqkm": 552.73239995000006 }, "geometry": { "type": "LineString", "coordinates": [ [ -66.5275, 18.4405 ], [ -66.5266, 18.4418 ], [ -66.5284, 18.4429 ], [ -66.5288, 18.4436 ], [ -66.5287, 18.4442 ], [ -66.5275, 18.4441 ] ] } },
{ "type": "Feature", "properties": { "gnis_name": "Río de la Plata", "streamorde": 5, "lengthkm": 0.26391558, "totdasqkm": 402.14469999000005 }, "geometry": { "type": "LineString", "coordinates": [ [ -66.2057, 18.3115 ], [ -66.2056, 18.3138 ] ] } },
{ "type": "Feature", "properties": { "gnis_name": "Río Guadiana", "streamorde": 3, "lengthkm": 0.237, "totdasqkm": 7.55579989 }, "geometry": { "type": "LineString", "coordinates": [ [ -66.257, 18.2842 ], [ -66.2555, 18.2845 ], [ -66.2556, 18.285 ] ] } },
{ "type": "Feature", "properties": { "gnis_name": "Río Grande de Añasco", "streamorde": 5, "lengthkm": 0.76423406, "totdasqkm": 306.00920005 }, "geometry": { "type": "LineString", "coordinates": [ [ -66.9948, 18.2758 ], [ -66.998, 18.2775 ], [ -67.0011, 18.2762 ] ] } },
{ "type": "Feature", "properties": { "gnis_name": null, "streamorde": 3, "lengthkm": 0.3018277, "totdasqkm": 4.91909995 }, "geometry": { "type": "LineString", "coordinates": [ [ -65.9522, 18.1813 ], [ -65.9529, 18.1813 ], [ -65.9528, 18.1808 ], [ -65.9539, 18.1798 ] ] } },
{ "type": "Feature", "properties": { "gnis_name": null, "streamorde": 3, "lengthkm": 0.61979726, "totdasqkm": 33.41730001 }, "geometry": { "type": "LineString", "coordinates": [ [ -65.9025, 17.998 ], [ -65.9023, 17.9969 ], [ -65.9012, 17.9965 ], [ -65.8995, 17.9937 ] ] } },
{ "type": "Feature", "properties": { "gnis_name": null, "streamorde": 4, "lengthkm": 0.53845165, "totdasqkm": 68.712100240000012 }, "geometry": { "type": "LineString", "coordinates": [ [ -66.9547, 18.0059 ], [ -66.95, 18.004 ] ] } },
{ "type": "Feature", "properties": { "gnis_name": "Río Grande de Añasco", "streamorde": 5, "lengthkm": 1.0942779, "totdasqkm": 364.71070035999998 }, "geometry": { "type": "LineString", "coordinates": [ [ -67.0792, 18.2698 ], [ -67.0827, 18.2714 ], [ -67.0859, 18.2763 ] ] } },
{ "type": "Feature", "properties": { "gnis_name": "Río Guayanilla", "streamorde": 4, "lengthkm": 0.091, "totdasqkm": 40.80360025 }, "geometry": { "type": "LineString", "coordinates": [ [ -66.7988, 18.0563 ], [ -66.7996, 18.056 ] ] } },
{ "type": "Feature", "properties": { "gnis_name": null, "streamorde": 3, "lengthkm": 0.839, "totdasqkm": 7.35379972 }, "geometry": { "type": "LineString", "coordinates": [ [ -67.1072, 17.9641 ], [ -67.1066, 17.9567 ] ] } },
{ "type": "Feature", "properties": { "gnis_name": "Río Cañas", "streamorde": 3, "lengthkm": 0.74695635, "totdasqkm": 33.71330006 }, "geometry": { "type": "LineString", "coordinates": [ [ -67.138, 18.259 ], [ -67.1391, 18.2593 ], [ -67.1376, 18.2609 ], [ -67.1368, 18.2602 ], [ -67.1352, 18.2612 ] ] } },
{ "type": "Feature", "properties": { "gnis_name": "Río Blanco", "streamorde": 3, "lengthkm": 2.10816518, "totdasqkm": 52.54859992 }, "geometry": { "type": "LineString", "coordinates": [ [ -65.7721, 18.2108 ], [ -65.7709, 18.2102 ], [ -65.7705, 18.2088 ], [ -65.7714, 18.2083 ], [ -65.7717, 18.2071 ], [ -65.771, 18.2068 ], [ -65.7704, 18.2075 ], [ -65.7696, 18.2063 ], [ -65.7687, 18.2068 ], [ -65.7685, 18.2079 ], [ -65.7677, 18.2082 ], [ -65.7674, 18.2073 ], [ -65.7678, 18.2065 ], [ -65.7657, 18.2056 ], [ -65.7654, 18.2058 ], [ -65.7657, 18.2064 ], [ -65.7653, 18.2063 ], [ -65.7648, 18.2054 ], [ -65.7655, 18.205 ] ] } },
{ "type": "Feature", "properties": { "gnis_name": "Río Saliente", "streamorde": 3, "lengthkm": 0.63332448, "totdasqkm": 25.7986001 }, "geometry": { "type": "LineString", "coordinates": [ [ -66.5689, 18.2148 ], [ -66.5719, 18.2155 ], [ -66.5731, 18.2165 ], [ -66.573, 18.2177 ] ] } },
{ "type": "Feature", "properties": { "gnis_name": null, "streamorde": 3, "lengthkm": 0.12414878, "totdasqkm": 3.76009988 }, "geometry": { "type": "LineString", "coordinates": [ [ -66.9417, 18.2718 ], [ -66.9427, 18.2714 ] ] } },
{ "type": "Feature", "properties": { "gnis_name": "Río Grande De Loiza", "streamorde": 4, "lengthkm": 0.11934253, "totdasqkm": 35.09920008 }, "geometry": { "type": "LineString", "coordinates": [ [ -65.9817, 18.1249 ], [ -65.9825, 18.1256 ] ] } },
{ "type": "Feature", "properties": { "gnis_name": null, "streamorde": 3, "lengthkm": 1.86034685, "totdasqkm": 23.86830009 }, "geometry": { "type": "LineString", "coordinates": [ [ -65.856, 18.3947 ], [ -65.8544, 18.3991 ], [ -65.8523, 18.4012 ], [ -65.8438, 18.4055 ] ] } },
{ "type": "Feature", "properties": { "gnis_name": null, "streamorde": 4, "lengthkm": 0.08444918, "totdasqkm": 28.995 }, "geometry": { "type": "LineString", "coordinates": [ [ -67.1127, 18.2702 ], [ -67.1134, 18.2704 ] ] } },
{ "type": "Feature", "properties": { "gnis_name": "Río Saltillo", "streamorde": 3, "lengthkm": 0.559, "totdasqkm": 3.63150001 }, "geometry": { "type": "LineString", "coordinates": [ [ -66.7003, 18.1534 ], [ -66.7019, 18.1548 ], [ -66.7048, 18.1556 ] ] } },
{ "type": "Feature", "properties": { "gnis_name": "Río Toro Negro", "streamorde": 4, "lengthkm": 1.33973148, "totdasqkm": 76.17480005 }, "geometry": { "type": "LineString", "coordinates": [ [ -66.5014, 18.2737 ], [ -66.5038, 18.2803 ], [ -66.5034, 18.281 ], [ -66.5026, 18.2814 ], [ -66.5015, 18.2811 ], [ -66.5005, 18.2814 ], [ -66.5001, 18.2824 ] ] } },
{ "type": "Feature", "properties": { "gnis_name": "Río de Bayamón", "streamorde": 4, "lengthkm": 0.26351946, "totdasqkm": 107.19849992 }, "geometry": { "type": "LineString", "coordinates": [ [ -66.1396, 18.3316 ], [ -66.1376, 18.333 ] ] } },
{ "type": "Feature", "properties": { "gnis_name": "Río Guadiana", "streamorde": 3, "lengthkm": 0.16017589, "totdasqkm": 22.18540004 }, "geometry": { "type": "LineString", "coordinates": [ [ -66.2279, 18.2989 ], [ -66.2264, 18.2989 ] ] } },
{ "type": "Feature", "properties": { "gnis_name": "Río Guanajibo", "streamorde": 4, "lengthkm": 0.16446961, "totdasqkm": 38.40399979 }, "geometry": { "type": "LineString", "coordinates": [ [ -66.9593, 18.0676 ], [ -66.9608, 18.0674 ] ] } },
{ "type": "Feature", "properties": { "gnis_name": "Río Arenas", "streamorde": 3, "lengthkm": 0.57683516, "totdasqkm": 10.78430018 }, "geometry": { "type": "LineString", "coordinates": [ [ -67.0018, 18.2564 ], [ -67.0026, 18.2581 ], [ -67.0036, 18.2579 ], [ -67.0048, 18.2596 ] ] } },
{ "type": "Feature", "properties": { "gnis_name": "Río de Bayamón", "streamorde": 4, "lengthkm": 0.9847945, "totdasqkm": 49.7187 }, "geometry": { "type": "LineString", "coordinates": [ [ -66.1396, 18.245 ], [ -66.1378, 18.2468 ], [ -66.1393, 18.2477 ], [ -66.1394, 18.2486 ], [ -66.1373, 18.2492 ], [ -66.1364, 18.2502 ] ] } },
{ "type": "Feature", "properties": { "gnis_name": "Río Cialitos", "streamorde": 3, "lengthkm": 3.46104256, "totdasqkm": 9.88459996 }, "geometry": { "type": "LineString", "coordinates": [ [ -66.5287, 18.2346 ], [ -66.5286, 18.2357 ], [ -66.5278, 18.2363 ], [ -66.5271, 18.2347 ], [ -66.5255, 18.2353 ], [ -66.5264, 18.2372 ], [ -66.5246, 18.2374 ], [ -66.5236, 18.2382 ], [ -66.5246, 18.2396 ], [ -66.5238, 18.2423 ], [ -66.5246, 18.244 ], [ -66.5237, 18.2447 ], [ -66.5248, 18.2462 ], [ -66.5236, 18.2476 ], [ -66.5232, 18.2468 ], [ -66.5227, 18.2466 ], [ -66.5222, 18.2476 ], [ -66.5224, 18.2485 ], [ -66.5234, 18.2487 ], [ -66.5246, 18.2522 ] ] } },
{ "type": "Feature", "properties": { "gnis_name": "Río Valenciano", "streamorde": 4, "lengthkm": 0.39587443, "totdasqkm": 39.66150009 }, "geometry": { "type": "LineString", "coordinates": [ [ -65.9246, 18.2106 ], [ -65.9258, 18.2127 ], [ -65.9258, 18.2138 ] ] } },
{ "type": "Feature", "properties": { "gnis_name": "Río de la Plata", "streamorde": 5, "lengthkm": 0.22229983, "totdasqkm": 373.17600023 }, "geometry": { "type": "LineString", "coordinates": [ [ -66.206, 18.2737 ], [ -66.2059, 18.2755 ] ] } },
{ "type": "Feature", "properties": { "gnis_name": null, "streamorde": 3, "lengthkm": 0.056, "totdasqkm": 34.45180003 }, "geometry": { "type": "LineString", "coordinates": [ [ -65.7674, 18.3673 ], [ -65.7671, 18.3678 ] ] } },
{ "type": "Feature", "properties": { "gnis_name": null, "streamorde": 3, "lengthkm": 0.13636651, "totdasqkm": 5.84230004 }, "geometry": { "type": "LineString", "coordinates": [ [ -66.2729, 18.0877 ], [ -66.273, 18.0866 ] ] } },
{ "type": "Feature", "properties": { "gnis_name": null, "streamorde": 3, "lengthkm": 0.51528443, "totdasqkm": 6.81309988 }, "geometry": { "type": "LineString", "coordinates": [ [ -67.037, 18.3268 ], [ -67.037, 18.3274 ], [ -67.0379, 18.3274 ], [ -67.036, 18.3287 ], [ -67.0361, 18.3292 ] ] } },
{ "type": "Feature", "properties": { "gnis_name": "Río Blanco", "streamorde": 4, "lengthkm": 0.08000372, "totdasqkm": 75.0156004 }, "geometry": { "type": "LineString", "coordinates": [ [ -66.8323, 18.2262 ], [ -66.8321, 18.2267 ] ] } },
{ "type": "Feature", "properties": { "gnis_name": "Río Caín", "streamorde": 3, "lengthkm": 1.764, "totdasqkm": 11.45959981 }, "geometry": { "type": "LineString", "coordinates": [ [ -67.0157, 18.1219 ], [ -67.0181, 18.1203 ], [ -67.0232, 18.1204 ], [ -67.0268, 18.117 ], [ -67.0272, 18.1139 ] ] } },
{ "type": "Feature", "properties": { "gnis_name": "Río Culebrinas", "streamorde": 4, "lengthkm": 0.7671065, "totdasqkm": 79.87420005 }, "geometry": { "type": "LineString", "coordinates": [ [ -67.0084, 18.3448 ], [ -67.0093, 18.3434 ], [ -67.0111, 18.3429 ], [ -67.013, 18.3457 ] ] } },
{ "type": "Feature", "properties": { "gnis_name": "Río Cayaguas", "streamorde": 3, "lengthkm": 0.42446456, "totdasqkm": 16.09890001 }, "geometry": { "type": "LineString", "coordinates": [ [ -65.9604, 18.1275 ], [ -65.9624, 18.128 ], [ -65.9629, 18.1297 ] ] } },
{ "type": "Feature", "properties": { "gnis_name": "Río Limones", "streamorde": 4, "lengthkm": 0.418, "totdasqkm": 17.69009991 }, "geometry": { "type": "LineString", "coordinates": [ [ -65.9032, 18.0813 ], [ -65.902, 18.0799 ], [ -65.9002, 18.0797 ] ] } },
{ "type": "Feature", "properties": { "gnis_name": "Río Tanamá", "streamorde": 4, "lengthkm": 0.29756732, "totdasqkm": 103.72109959000001 }, "geometry": { "type": "LineString", "coordinates": [ [ -66.7288, 18.3891 ], [ -66.7298, 18.3916 ] ] } },
{ "type": "Feature", "properties": { "gnis_name": "Río Culebra", "streamorde": 4, "lengthkm": 0.11561902, "totdasqkm": 15.95040023 }, "geometry": { "type": "LineString", "coordinates": [ [ -67.2071, 18.3819 ], [ -67.2081, 18.3822 ] ] } },
{ "type": "Feature", "properties": { "gnis_name": "Río Yagüez", "streamorde": 3, "lengthkm": 0.70373908, "totdasqkm": 11.68690006 }, "geometry": { "type": "LineString", "coordinates": [ [ -67.0779, 18.1987 ], [ -67.0782, 18.1995 ], [ -67.0797, 18.2003 ], [ -67.0805, 18.1997 ], [ -67.0818, 18.2005 ], [ -67.0832, 18.2002 ] ] } },
{ "type": "Feature", "properties": { "gnis_name": null, "streamorde": 4, "lengthkm": 0.53211464, "totdasqkm": 26.7946 }, "geometry": { "type": "LineString", "coordinates": [ [ -67.099, 18.2699 ], [ -67.102, 18.2713 ], [ -67.1023, 18.27 ] ] } },
{ "type": "Feature", "properties": { "gnis_name": "Río de la Plata", "streamorde": 4, "lengthkm": 0.07847088, "totdasqkm": 159.25079997999998 }, "geometry": { "type": "LineString", "coordinates": [ [ -66.2203, 18.1439 ], [ -66.2201, 18.1446 ] ] } },
{ "type": "Feature", "properties": { "gnis_name": "Río Arenas", "streamorde": 3, "lengthkm": 0.39078665, "totdasqkm": 6.65390005 }, "geometry": { "type": "LineString", "coordinates": [ [ -66.9998, 18.2487 ], [ -66.9992, 18.2493 ], [ -66.9999, 18.2501 ], [ -66.9985, 18.2504 ] ] } },
{ "type": "Feature", "properties": { "gnis_name": "Río Caonillas", "streamorde": 4, "lengthkm": 0.62297846, "totdasqkm": 117.22399994 }, "geometry": { "type": "LineString", "coordinates": [ [ -66.6569, 18.2565 ], [ -66.6558, 18.2619 ] ] } },
{ "type": "Feature", "properties": { "gnis_name": "Río Culebrinas", "streamorde": 4, "lengthkm": 1.14131071, "totdasqkm": 164.84689988 }, "geometry": { "type": "LineString", "coordinates": [ [ -67.0784, 18.3587 ], [ -67.0787, 18.3597 ], [ -67.0808, 18.3612 ], [ -67.082, 18.3608 ], [ -67.0826, 18.3611 ], [ -67.0828, 18.3627 ], [ -67.0849, 18.3651 ] ] } },
{ "type": "Feature", "properties": { "gnis_name": "Río Bucarabones", "streamorde": 3, "lengthkm": 0.48589511, "totdasqkm": 17.99630004 }, "geometry": { "type": "LineString", "coordinates": [ [ -66.226, 18.3841 ], [ -66.2301, 18.3838 ] ] } },
{ "type": "Feature", "properties": { "gnis_name": null, "streamorde": 5, "lengthkm": 0.24861383, "totdasqkm": 383.33700010999996 }, "geometry": { "type": "LineString", "coordinates": [ [ -66.21, 18.2946 ], [ -66.2088, 18.2965 ] ] } },
{ "type": "Feature", "properties": { "gnis_name": "Río Grande De Loiza", "streamorde": 5, "lengthkm": 0.19383101, "totdasqkm": 145.44689988 }, "geometry": { "type": "LineString", "coordinates": [ [ -66.0129, 18.2238 ], [ -66.0138, 18.2254 ] ] } },
{ "type": "Feature", "properties": { "gnis_name": "Río Rosario", "streamorde": 4, "lengthkm": 0.06335559, "totdasqkm": 43.9956002 }, "geometry": { "type": "LineString", "coordinates": [ [ -67.0725, 18.1732 ], [ -67.073, 18.1729 ] ] } },
{ "type": "Feature", "properties": { "gnis_name": null, "streamorde": 3, "lengthkm": 0.50891829, "totdasqkm": 3.30199997 }, "geometry": { "type": "LineString", "coordinates": [ [ -66.974, 18.0692 ], [ -66.9746, 18.0683 ], [ -66.976, 18.068 ], [ -66.9766, 18.0673 ], [ -66.9776, 18.0675 ] ] } },
{ "type": "Feature", "properties": { "gnis_name": null, "streamorde": 5, "lengthkm": 1.16439073, "totdasqkm": 465.66760024000001 }, "geometry": { "type": "LineString", "coordinates": [ [ -67.1515, 18.2695 ], [ -67.1498, 18.2696 ], [ -67.1498, 18.2707 ], [ -67.1483, 18.2706 ], [ -67.1489, 18.2697 ], [ -67.1486, 18.2687 ], [ -67.1506, 18.268 ], [ -67.1515, 18.2683 ], [ -67.1519, 18.2691 ] ] } },
{ "type": "Feature", "properties": { "gnis_name": null, "streamorde": 3, "lengthkm": 1.63791896, "totdasqkm": 7.56170018 }, "geometry": { "type": "LineString", "coordinates": [ [ -66.1732, 18.3772 ], [ -66.1718, 18.3782 ], [ -66.1652, 18.3799 ], [ -66.1638, 18.3825 ], [ -66.1601, 18.3823 ] ] } },
{ "type": "Feature", "properties": { "gnis_name": "Río Sonador", "streamorde": 3, "lengthkm": 0.171, "totdasqkm": 4.06160002 }, "geometry": { "type": "LineString", "coordinates": [ [ -66.9746, 18.2947 ], [ -66.976, 18.2953 ] ] } },
{ "type": "Feature", "properties": { "gnis_name": null, "streamorde": 6, "lengthkm": 0.12756388, "totdasqkm": 447.45009994999998 }, "geometry": { "type": "LineString", "coordinates": [ [ -66.6835, 18.4157 ], [ -66.6831, 18.4168 ] ] } },
{ "type": "Feature", "properties": { "gnis_name": "Río Grande de Patillas", "streamorde": 3, "lengthkm": 0.97009021, "totdasqkm": 35.77409997 }, "geometry": { "type": "LineString", "coordinates": [ [ -66.0437, 18.0497 ], [ -66.0419, 18.0486 ], [ -66.0382, 18.0482 ], [ -66.0379, 18.0453 ] ] } },
{ "type": "Feature", "properties": { "gnis_name": "Río Guayo", "streamorde": 3, "lengthkm": 2.1275981, "totdasqkm": 26.13700015 }, "geometry": { "type": "LineString", "coordinates": [ [ -66.8348, 18.2108 ], [ -66.8328, 18.215 ], [ -66.833, 18.2153 ], [ -66.8342, 18.2149 ], [ -66.8337, 18.2166 ], [ -66.835, 18.2181 ], [ -66.835, 18.2189 ], [ -66.8322, 18.2216 ], [ -66.8315, 18.2208 ], [ -66.8301, 18.221 ], [ -66.8297, 18.2198 ] ] } },
{ "type": "Feature", "properties": { "gnis_name": "Río Cañas", "streamorde": 4, "lengthkm": 0.7879259, "totdasqkm": 26.96489974 }, "geometry": { "type": "LineString", "coordinates": [ [ -66.0411, 18.291 ], [ -66.037, 18.2899 ], [ -66.0345, 18.2881 ] ] } },
{ "type": "Feature", "properties": { "gnis_name": "Río Pitahaya", "streamorde": 3, "lengthkm": 0.953, "totdasqkm": 6.8291 }, "geometry": { "type": "LineString", "coordinates": [ [ -65.7292, 18.314 ], [ -65.7307, 18.3185 ], [ -65.7286, 18.3215 ] ] } },
{ "type": "Feature", "properties": { "gnis_name": "Río Hondo", "streamorde": 4, "lengthkm": 2.93337867, "totdasqkm": 23.97890003 }, "geometry": { "type": "LineString", "coordinates": [ [ -66.2634, 18.2225 ], [ -66.2628, 18.2224 ], [ -66.2623, 18.2214 ], [ -66.2601, 18.2214 ], [ -66.2597, 18.2203 ], [ -66.2586, 18.2215 ], [ -66.2559, 18.2224 ], [ -66.2543, 18.2203 ], [ -66.2518, 18.2202 ], [ -66.2518, 18.2192 ], [ -66.2525, 18.2179 ], [ -66.2503, 18.2176 ], [ -66.2499, 18.217 ], [ -66.2505, 18.2139 ], [ -66.2517, 18.2127 ], [ -66.2512, 18.2121 ] ] } },
{ "type": "Feature", "properties": { "gnis_name": "Río Grande de Añasco", "streamorde": 5, "lengthkm": 0.08577273, "totdasqkm": 301.14940027 }, "geometry": { "type": "LineString", "coordinates": [ [ -66.9826, 18.2748 ], [ -66.9833, 18.2745 ] ] } },
{ "type": "Feature", "properties": { "gnis_name": "Río Toro", "streamorde": 3, "lengthkm": 3.13366221, "totdasqkm": 9.69350011 }, "geometry": { "type": "LineString", "coordinates": [ [ -66.8782, 18.1748 ], [ -66.8778, 18.1757 ], [ -66.8784, 18.176 ], [ -66.8787, 18.1776 ], [ -66.878, 18.1776 ], [ -66.8755, 18.1797 ], [ -66.876, 18.1809 ], [ -66.8771, 18.1814 ], [ -66.8767, 18.1831 ], [ -66.877, 18.1854 ], [ -66.8783, 18.1857 ], [ -66.8786, 18.1851 ], [ -66.88, 18.1858 ], [ -66.8807, 18.187 ], [ -66.8797, 18.1896 ], [ -66.8806, 18.1914 ], [ -66.8815, 18.1919 ], [ -66.881, 18.1946 ] ] } },
{ "type": "Feature", "properties": { "gnis_name": null, "streamorde": 3, "lengthkm": 1.747, "totdasqkm": 33.29599998 }, "geometry": { "type": "LineString", "coordinates": [ [ -65.9104, 18.0084 ], [ -65.9088, 18.0061 ], [ -65.9067, 18.0049 ], [ -65.9053, 18.0048 ], [ -65.9021, 18.0024 ], [ -65.9024, 18.0017 ], [ -65.9034, 18.001 ], [ -65.9025, 17.998 ] ] } },
{ "type": "Feature", "properties": { "gnis_name": null, "streamorde": 3, "lengthkm": 1.25638263, "totdasqkm": 34.94129998 }, "geometry": { "type": "LineString", "coordinates": [ [ -65.7671, 18.3678 ], [ -65.7664, 18.3697 ], [ -65.7637, 18.3717 ], [ -65.7636, 18.373 ], [ -65.7614, 18.3747 ], [ -65.7611, 18.3764 ] ] } },
{ "type": "Feature", "properties": { "gnis_name": "Canal Principal De Riego Valle De Lajas", "streamorde": 3, "lengthkm": 0.16587126, "totdasqkm": 11.36810011 }, "geometry": { "type": "LineString", "coordinates": [ [ -66.914, 18.035 ], [ -66.9154, 18.0345 ] ] } },
{ "type": "Feature", "properties": { "gnis_name": "Río Grande de Manati", "streamorde": 3, "lengthkm": 2.16636094, "totdasqkm": 37.28199983 }, "geometry": { "type": "LineString", "coordinates": [ [ -66.3428, 18.2809 ], [ -66.3407, 18.2783 ], [ -66.3408, 18.2776 ], [ -66.3425, 18.2779 ], [ -66.3434, 18.2768 ], [ -66.3452, 18.2789 ], [ -66.3464, 18.2792 ], [ -66.3477, 18.2774 ], [ -66.3505, 18.2776 ], [ -66.35, 18.2759 ], [ -66.3508, 18.2747 ] ] } },
{ "type": "Feature", "properties": { "gnis_name": "Río Caonillas", "streamorde": 4, "lengthkm": 0.11057988, "totdasqkm": 99.27780003 }, "geometry": { "type": "LineString", "coordinates": [ [ -66.6293, 18.2353 ], [ -66.6288, 18.2362 ] ] } },
{ "type": "Feature", "properties": { "gnis_name": "Río Turabo", "streamorde": 4, "lengthkm": 0.08711376, "totdasqkm": 65.873900080000013 }, "geometry": { "type": "LineString", "coordinates": [ [ -66.0391, 18.2117 ], [ -66.0383, 18.2113 ] ] } },
{ "type": "Feature", "properties": { "gnis_name": "Río Guayanilla", "streamorde": 4, "lengthkm": 0.246, "totdasqkm": 31.30230002 }, "geometry": { "type": "LineString", "coordinates": [ [ -66.7883, 18.0676 ], [ -66.7872, 18.0677 ], [ -66.7867, 18.0668 ] ] } },
{ "type": "Feature", "properties": { "gnis_name": null, "streamorde": 3, "lengthkm": 0.548, "totdasqkm": 51.60280031 }, "geometry": { "type": "LineString", "coordinates": [ [ -65.7966, 18.1304 ], [ -65.7923, 18.1277 ] ] } },
{ "type": "Feature", "properties": { "gnis_name": null, "streamorde": 4, "lengthkm": 0.65312891, "totdasqkm": 32.83909981 }, "geometry": { "type": "LineString", "coordinates": [ [ -66.4944, 18.125 ], [ -66.4979, 18.1249 ], [ -66.5002, 18.1237 ] ] } },
{ "type": "Feature", "properties": { "gnis_name": "Río Sonador", "streamorde": 3, "lengthkm": 0.11796122, "totdasqkm": 10.92219999 }, "geometry": { "type": "LineString", "coordinates": [ [ -66.9958, 18.3044 ], [ -66.9967, 18.305 ] ] } },
{ "type": "Feature", "properties": { "gnis_name": "Río de la Plata", "streamorde": 4, "lengthkm": 0.485049, "totdasqkm": 124.3728998 }, "geometry": { "type": "LineString", "coordinates": [ [ -66.1901, 18.138 ], [ -66.1931, 18.1412 ] ] } },
{ "type": "Feature", "properties": { "gnis_name": "Río Caonillas", "streamorde": 4, "lengthkm": 0.29132048, "totdasqkm": 107.13529992 }, "geometry": { "type": "LineString", "coordinates": [ [ -66.6409, 18.2465 ], [ -66.6434, 18.2475 ] ] } },
{ "type": "Feature", "properties": { "gnis_name": "Río Tanamá", "streamorde": 4, "lengthkm": 0.46485545, "totdasqkm": 55.98659978 }, "geometry": { "type": "LineString", "coordinates": [ [ -66.7722, 18.3164 ], [ -66.7715, 18.3182 ], [ -66.77, 18.3199 ] ] } },
{ "type": "Feature", "properties": { "gnis_name": "Río Grande de Manati", "streamorde": 5, "lengthkm": 1.49931617, "totdasqkm": 552.37199998999995 }, "geometry": { "type": "LineString", "coordinates": [ [ -66.524, 18.4315 ], [ -66.5239, 18.4321 ], [ -66.5251, 18.4322 ], [ -66.5257, 18.4331 ], [ -66.5274, 18.4326 ], [ -66.5273, 18.4339 ], [ -66.5282, 18.4352 ], [ -66.5273, 18.4374 ], [ -66.5276, 18.4405 ] ] } },
{ "type": "Feature", "properties": { "gnis_name": "Río Grande de Manati", "streamorde": 5, "lengthkm": 2.59266424, "totdasqkm": 424.66270020999997 }, "geometry": { "type": "LineString", "coordinates": [ [ -66.4956, 18.4086 ], [ -66.4926, 18.4142 ], [ -66.492, 18.4188 ], [ -66.493, 18.4198 ], [ -66.4936, 18.4217 ], [ -66.4942, 18.4222 ], [ -66.495, 18.4223 ], [ -66.4964, 18.4213 ], [ -66.4995, 18.4206 ], [ -66.5007, 18.4209 ], [ -66.5006, 18.4216 ], [ -66.5, 18.4218 ] ] } },
{ "type": "Feature", "properties": { "gnis_name": "Río Espíritu Santo", "streamorde": 3, "lengthkm": 1.059, "totdasqkm": 12.71749995 }, "geometry": { "type": "LineString", "coordinates": [ [ -65.8231, 18.3274 ], [ -65.823, 18.3281 ], [ -65.8242, 18.3296 ], [ -65.8273, 18.3319 ], [ -65.8272, 18.3327 ], [ -65.8255, 18.3342 ] ] } },
{ "type": "Feature", "properties": { "gnis_name": "Río Grande de Arecibo", "streamorde": 6, "lengthkm": 13.27379585, "totdasqkm": 446.58209997 }, "geometry": { "type": "LineString", "coordinates": [ [ -66.667, 18.3363 ], [ -66.6666, 18.339 ], [ -66.6676, 18.3406 ], [ -66.6692, 18.3411 ], [ -66.6696, 18.3424 ], [ -66.6685, 18.345 ], [ -66.6674, 18.3449 ], [ -66.6654, 18.3466 ], [ -66.665, 18.3485 ], [ -66.6654, 18.3495 ], [ -66.6665, 18.3501 ], [ -66.6682, 18.3503 ], [ -66.6696, 18.3518 ], [ -66.6712, 18.3527 ], [ -66.6713, 18.354 ], [ -66.6705, 18.3557 ], [ -66.6714, 18.3574 ], [ -66.6734, 18.3574 ], [ -66.6745, 18.3565 ], [ -66.6786, 18.355 ], [ -66.6816, 18.3571 ], [ -66.6817, 18.358 ], [ -66.6799, 18.3593 ], [ -66.6793, 18.361 ], [ -66.6776, 18.363 ], [ -66.6763, 18.3637 ], [ -66.6764, 18.3646 ], [ -66.6775, 18.3659 ], [ -66.6815, 18.368 ], [ -66.6883, 18.3671 ], [ -66.6893, 18.3689 ], [ -66.6894, 18.3696 ], [ -66.6878, 18.3719 ], [ -66.6876, 18.3731 ], [ -66.6859, 18.3762 ], [ -66.6751, 18.3847 ], [ -66.6773, 18.3896 ], [ -66.6805, 18.3919 ], [ -66.6806, 18.3925 ], [ -66.6869, 18.3936 ], [ -66.6895, 18.3935 ], [ -66.6902, 18.3939 ], [ -66.6911, 18.3972 ], [ -66.6913, 18.401 ], [ -66.6888, 18.4068 ] ] } },
{ "type": "Feature", "properties": { "gnis_name": "Río de Bayamón", "streamorde": 4, "lengthkm": 0.34210263, "totdasqkm": 93.22519991 }, "geometry": { "type": "LineString", "coordinates": [ [ -66.1416, 18.3222 ], [ -66.1414, 18.3252 ] ] } },
{ "type": "Feature", "properties": { "gnis_name": "Río Grande de Patillas", "streamorde": 3, "lengthkm": 0.28616438, "totdasqkm": 47.63949999 }, "geometry": { "type": "LineString", "coordinates": [ [ -66.0332, 18.0327 ], [ -66.0313, 18.031 ] ] } },
{ "type": "Feature", "properties": { "gnis_name": "Río Loco", "streamorde": 3, "lengthkm": 0.54930931, "totdasqkm": 22.25169997 }, "geometry": { "type": "LineString", "coordinates": [ [ -66.8877, 18.0425 ], [ -66.8875, 18.0408 ], [ -66.8884, 18.0392 ], [ -66.8882, 18.0379 ] ] } },
{ "type": "Feature", "properties": { "gnis_name": "Río Grande de Jayuya", "streamorde": 3, "lengthkm": 0.09698313, "totdasqkm": 46.26639992 }, "geometry": { "type": "LineString", "coordinates": [ [ -66.597, 18.2142 ], [ -66.5977, 18.2138 ] ] } },
{ "type": "Feature", "properties": { "gnis_name": "Río Turabo", "streamorde": 4, "lengthkm": 0.07244698, "totdasqkm": 43.57600011 }, "geometry": { "type": "LineString", "coordinates": [ [ -66.0505, 18.1866 ], [ -66.0505, 18.1873 ] ] } },
{ "type": "Feature", "properties": { "gnis_name": "Río Cañas", "streamorde": 3, "lengthkm": 0.34500279, "totdasqkm": 11.04729998 }, "geometry": { "type": "LineString", "coordinates": [ [ -66.2497, 18.3258 ], [ -66.2486, 18.3259 ], [ -66.2475, 18.3275 ] ] } },
{ "type": "Feature", "properties": { "gnis_name": "Río de Bayamón", "streamorde": 4, "lengthkm": 0.42516568, "totdasqkm": 69.15040024000001 }, "geometry": { "type": "LineString", "coordinates": [ [ -66.1408, 18.2709 ], [ -66.1404, 18.2718 ], [ -66.1377, 18.2719 ] ] } },
{ "type": "Feature", "properties": { "gnis_name": "Río Rosario", "streamorde": 4, "lengthkm": 0.37345385, "totdasqkm": 52.86220009 }, "geometry": { "type": "LineString", "coordinates": [ [ -67.0868, 18.1526 ], [ -67.0863, 18.1515 ], [ -67.0864, 18.1499 ], [ -67.0859, 18.1497 ] ] } },
{ "type": "Feature", "properties": { "gnis_name": "Río Grande De Loiza", "streamorde": 6, "lengthkm": 0.17723444, "totdasqkm": 478.49950012 }, "geometry": { "type": "LineString", "coordinates": [ [ -66.0087, 18.2763 ], [ -66.0092, 18.2778 ] ] } },
{ "type": "Feature", "properties": { "gnis_name": null, "streamorde": 3, "lengthkm": 1.66952112, "totdasqkm": 23.91119958 }, "geometry": { "type": "LineString", "coordinates": [ [ -66.8625, 18.1734 ], [ -66.8631, 18.1745 ], [ -66.8623, 18.1757 ], [ -66.8618, 18.1758 ], [ -66.8612, 18.1748 ], [ -66.8603, 18.1758 ], [ -66.8617, 18.1778 ], [ -66.8628, 18.1784 ], [ -66.8623, 18.1799 ], [ -66.8625, 18.1816 ], [ -66.8631, 18.1821 ], [ -66.8642, 18.1819 ] ] } },
{ "type": "Feature", "properties": { "gnis_name": "Río Grande de Arecibo", "streamorde": 4, "lengthkm": 0.5930639, "totdasqkm": 121.67360002 }, "geometry": { "type": "LineString", "coordinates": [ [ -66.7204, 18.2612 ], [ -66.7188, 18.2626 ], [ -66.7196, 18.2642 ], [ -66.7196, 18.2657 ] ] } },
{ "type": "Feature", "properties": { "gnis_name": "Río Saliente", "streamorde": 3, "lengthkm": 0.75966333, "totdasqkm": 22.98730011 }, "geometry": { "type": "LineString", "coordinates": [ [ -66.5563, 18.2098 ], [ -66.5586, 18.2092 ], [ -66.561, 18.2107 ], [ -66.5629, 18.2109 ] ] } },
{ "type": "Feature", "properties": { "gnis_name": "Río Guanajibo", "streamorde": 4, "lengthkm": 0.89259011, "totdasqkm": 123.52659937 }, "geometry": { "type": "LineString", "coordinates": [ [ -67.0574, 18.0993 ], [ -67.058, 18.1002 ], [ -67.0579, 18.1014 ], [ -67.0602, 18.1025 ], [ -67.0603, 18.1034 ], [ -67.0611, 18.1041 ], [ -67.0623, 18.1042 ] ] } },
{ "type": "Feature", "properties": { "gnis_name": "Río Espíritu Santo", "streamorde": 4, "lengthkm": 2.04626647, "totdasqkm": 34.09040006 }, "geometry": { "type": "LineString", "coordinates": [ [ -65.8141, 18.3631 ], [ -65.8152, 18.3642 ], [ -65.8159, 18.3659 ], [ -65.816, 18.3712 ], [ -65.8181, 18.3726 ], [ -65.8203, 18.3755 ], [ -65.8233, 18.3763 ], [ -65.8238, 18.3768 ] ] } },
{ "type": "Feature", "properties": { "gnis_name": "Río Rosario", "streamorde": 4, "lengthkm": 1.45043868, "totdasqkm": 56.1667002 }, "geometry": { "type": "LineString", "coordinates": [ [ -67.0923, 18.1449 ], [ -67.0907, 18.1423 ], [ -67.0936, 18.1427 ], [ -67.093, 18.1415 ], [ -67.0933, 18.1408 ], [ -67.0927, 18.1387 ], [ -67.093, 18.1364 ] ] } },
{ "type": "Feature", "properties": { "gnis_name": "Río Mavilla", "streamorde": 3, "lengthkm": 0.44026355, "totdasqkm": 11.86100016 }, "geometry": { "type": "LineString", "coordinates": [ [ -66.2889, 18.2868 ], [ -66.2884, 18.2899 ], [ -66.2891, 18.2902 ] ] } },
{ "type": "Feature", "properties": { "gnis_name": "Río Morovis", "streamorde": 3, "lengthkm": 0.7726764, "totdasqkm": 9.03139998 }, "geometry": { "type": "LineString", "coordinates": [ [ -66.4123, 18.3421 ], [ -66.4102, 18.3443 ], [ -66.4096, 18.344 ], [ -66.41, 18.3429 ], [ -66.4084, 18.3437 ] ] } },
{ "type": "Feature", "properties": { "gnis_name": "Río Grande De Loiza", "streamorde": 5, "lengthkm": 0.6187839, "totdasqkm": 227.1415999 }, "geometry": { "type": "LineString", "coordinates": [ [ -66.0094, 18.2312 ], [ -66.0082, 18.2338 ], [ -66.0082, 18.2365 ] ] } },
{ "type": "Feature", "properties": { "gnis_name": "Río Grande De Loiza", "streamorde": 5, "lengthkm": 0.66043425, "totdasqkm": 226.64889990999998 }, "geometry": { "type": "LineString", "coordinates": [ [ -66.0138, 18.2254 ], [ -66.0129, 18.2281 ], [ -66.0114, 18.2288 ], [ -66.0106, 18.2297 ] ] } },
{ "type": "Feature", "properties": { "gnis_name": "Río Blanco", "streamorde": 4, "lengthkm": 1.72292939, "totdasqkm": 47.79730022 }, "geometry": { "type": "LineString", "coordinates": [ [ -66.8192, 18.2197 ], [ -66.8212, 18.2202 ], [ -66.8215, 18.2218 ], [ -66.8244, 18.2219 ], [ -66.8289, 18.2182 ], [ -66.8303, 18.2184 ], [ -66.8304, 18.219 ], [ -66.8297, 18.2198 ] ] } },
{ "type": "Feature", "properties": { "gnis_name": "Río Grande De Loiza", "streamorde": 5, "lengthkm": 0.80974572, "totdasqkm": 229.68839982 }, "geometry": { "type": "LineString", "coordinates": [ [ -66.0082, 18.2365 ], [ -66.0084, 18.2383 ], [ -66.01, 18.2414 ], [ -66.0109, 18.2417 ], [ -66.0119, 18.2414 ] ] } },
{ "type": "Feature", "properties": { "gnis_name": null, "streamorde": 3, "lengthkm": 0.134, "totdasqkm": 45.56400029 }, "geometry": { "type": "LineString", "coordinates": [ [ -65.8176, 18.1476 ], [ -65.8177, 18.1487 ] ] } },
{ "type": "Feature", "properties": { "gnis_name": "Río Duey", "streamorde": 3, "lengthkm": 2.59666906, "totdasqkm": 20.72029986 }, "geometry": { "type": "LineString", "coordinates": [ [ -67.0711, 18.134 ], [ -67.0724, 18.1338 ], [ -67.0722, 18.1332 ], [ -67.0709, 18.1329 ], [ -67.0706, 18.1297 ], [ -67.0713, 18.1286 ], [ -67.0732, 18.1278 ], [ -67.0735, 18.127 ], [ -67.0733, 18.1236 ], [ -67.0724, 18.1213 ], [ -67.0755, 18.1198 ], [ -67.074, 18.1183 ], [ -67.0742, 18.1172 ] ] } },
{ "type": "Feature", "properties": { "gnis_name": "Río Grande de Añasco", "streamorde": 5, "lengthkm": 0.81917352, "totdasqkm": 350.82100035000002 }, "geometry": { "type": "LineString", "coordinates": [ [ -67.0597, 18.2765 ], [ -67.063, 18.279 ], [ -67.0642, 18.2821 ] ] } },
{ "type": "Feature", "properties": { "gnis_name": "Río Bauta", "streamorde": 3, "lengthkm": 0.08263854, "totdasqkm": 44.25269969 }, "geometry": { "type": "LineString", "coordinates": [ [ -66.4498, 18.238 ], [ -66.4491, 18.2384 ] ] } },
{ "type": "Feature", "properties": { "gnis_name": null, "streamorde": 3, "lengthkm": 0.442752, "totdasqkm": 8.10409998 }, "geometry": { "type": "LineString", "coordinates": [ [ -67.1373, 18.2796 ], [ -67.1415, 18.28 ] ] } },
{ "type": "Feature", "properties": { "gnis_name": null, "streamorde": 4, "lengthkm": 1.16987706, "totdasqkm": 13.66080002 }, "geometry": { "type": "LineString", "coordinates": [ [ -67.0477, 18.2475 ], [ -67.0483, 18.2484 ], [ -67.0491, 18.2483 ], [ -67.0497, 18.2475 ], [ -67.051, 18.248 ], [ -67.0523, 18.2477 ], [ -67.0536, 18.247 ], [ -67.0544, 18.245 ], [ -67.0555, 18.2444 ] ] } },
{ "type": "Feature", "properties": { "gnis_name": null, "streamorde": 3, "lengthkm": 0.031, "totdasqkm": 11.53210011 }, "geometry": { "type": "LineString", "coordinates": [ [ -66.9206, 18.0339 ], [ -66.9206, 18.0342 ] ] } },
{ "type": "Feature", "properties": { "gnis_name": "Río de Bayamón", "streamorde": 3, "lengthkm": 0.23569689, "totdasqkm": 3.90180003 }, "geometry": { "type": "LineString", "coordinates": [ [ -66.1281, 18.1728 ], [ -66.1284, 18.1737 ], [ -66.1276, 18.1741 ] ] } },
{ "type": "Feature", "properties": { "gnis_name": null, "streamorde": 4, "lengthkm": 0.19949192, "totdasqkm": 24.64100013 }, "geometry": { "type": "LineString", "coordinates": [ [ -66.2937, 18.1647 ], [ -66.2928, 18.1649 ], [ -66.2923, 18.1656 ] ] } },
{ "type": "Feature", "properties": { "gnis_name": "Río Nigua", "streamorde": 4, "lengthkm": 0.289, "totdasqkm": 119.86709977000001 }, "geometry": { "type": "LineString", "coordinates": [ [ -66.2782, 17.999 ], [ -66.279, 17.9994 ], [ -66.28, 17.998 ] ] } },
{ "type": "Feature", "properties": { "gnis_name": "Río Cañas", "streamorde": 3, "lengthkm": 0.78076349, "totdasqkm": 15.93319982 }, "geometry": { "type": "LineString", "coordinates": [ [ -67.0929, 18.2343 ], [ -67.0967, 18.2347 ], [ -67.0999, 18.2334 ] ] } },
{ "type": "Feature", "properties": { "gnis_name": null, "streamorde": 3, "lengthkm": 0.16707339, "totdasqkm": 3.56599991 }, "geometry": { "type": "LineString", "coordinates": [ [ -66.7436, 18.141 ], [ -66.7443, 18.1409 ], [ -66.7442, 18.1403 ] ] } },
{ "type": "Feature", "properties": { "gnis_name": "Río Rosario", "streamorde": 4, "lengthkm": 4.56718131, "totdasqkm": 60.65670013 }, "geometry": { "type": "LineString", "coordinates": [ [ -67.0914, 18.1252 ], [ -67.0938, 18.1251 ], [ -67.0941, 18.124 ], [ -67.0958, 18.1234 ], [ -67.0977, 18.1243 ], [ -67.0975, 18.1232 ], [ -67.0984, 18.1218 ], [ -67.0994, 18.1236 ], [ -67.1011, 18.1234 ], [ -67.1017, 18.1244 ], [ -67.1033, 18.1237 ], [ -67.1031, 18.1245 ], [ -67.1041, 18.1245 ], [ -67.1058, 18.1229 ], [ -67.1069, 18.1241 ], [ -67.1073, 18.1227 ], [ -67.1069, 18.1213 ], [ -67.108, 18.1213 ], [ -67.109, 18.1206 ], [ -67.1112, 18.1224 ], [ -67.1122, 18.1209 ], [ -67.1135, 18.1206 ], [ -67.1137, 18.1209 ], [ -67.113, 18.1211 ], [ -67.1129, 18.1215 ], [ -67.1141, 18.1221 ], [ -67.1144, 18.123 ], [ -67.1161, 18.1231 ] ] } },
{ "type": "Feature", "properties": { "gnis_name": "Río Guayanilla", "streamorde": 4, "lengthkm": 0.08034581, "totdasqkm": 63.95160021 }, "geometry": { "type": "LineString", "coordinates": [ [ -66.7777, 18.0045 ], [ -66.7775, 18.0038 ] ] } },
{ "type": "Feature", "properties": { "gnis_name": "Río Usabón", "streamorde": 5, "lengthkm": 0.01206122, "totdasqkm": 77.93339991000001 }, "geometry": { "type": "LineString", "coordinates": [ [ -66.2428, 18.1803 ], [ -66.2428, 18.1804 ] ] } },
{ "type": "Feature", "properties": { "gnis_name": null, "streamorde": 3, "lengthkm": 0.586, "totdasqkm": 14.81259972 }, "geometry": { "type": "LineString", "coordinates": [ [ -65.7035, 18.3655 ], [ -65.7051, 18.3671 ], [ -65.7079, 18.3684 ] ] } },
{ "type": "Feature", "properties": { "gnis_name": "Río Bauta", "streamorde": 3, "lengthkm": 0.31706884, "totdasqkm": 47.74529983 }, "geometry": { "type": "LineString", "coordinates": [ [ -66.449, 18.2393 ], [ -66.4499, 18.2405 ], [ -66.4492, 18.2414 ] ] } },
{ "type": "Feature", "properties": { "gnis_name": "Río Tanamá", "streamorde": 3, "lengthkm": 0.86194829, "totdasqkm": 14.43529987 }, "geometry": { "type": "LineString", "coordinates": [ [ -66.7813, 18.2321 ], [ -66.7805, 18.2362 ], [ -66.7818, 18.2378 ], [ -66.7814, 18.2391 ] ] } },
{ "type": "Feature", "properties": { "gnis_name": "Río Caguitas", "streamorde": 3, "lengthkm": 0.49294969, "totdasqkm": 43.21880003 }, "geometry": { "type": "LineString", "coordinates": [ [ -66.0128, 18.2554 ], [ -66.0134, 18.2559 ], [ -66.0137, 18.2571 ], [ -66.0129, 18.2594 ] ] } },
{ "type": "Feature", "properties": { "gnis_name": "Río de Bayamón", "streamorde": 4, "lengthkm": 0.69828267, "totdasqkm": 74.73770004000001 }, "geometry": { "type": "LineString", "coordinates": [ [ -66.1407, 18.2931 ], [ -66.1408, 18.2949 ], [ -66.1391, 18.2952 ], [ -66.1383, 18.2978 ] ] } },
{ "type": "Feature", "properties": { "gnis_name": null, "streamorde": 5, "lengthkm": 0.24910799, "totdasqkm": 248.50050008999997 }, "geometry": { "type": "LineString", "coordinates": [ [ -67.1481, 18.3939 ], [ -67.1495, 18.3956 ] ] } },
{ "type": "Feature", "properties": { "gnis_name": null, "streamorde": 4, "lengthkm": 0.68684031, "totdasqkm": 68.06410017 }, "geometry": { "type": "LineString", "coordinates": [ [ -66.9625, 18.0077 ], [ -66.958, 18.0071 ], [ -66.9562, 18.0064 ] ] } },
{ "type": "Feature", "properties": { "gnis_name": null, "streamorde": 3, "lengthkm": 1.32969852, "totdasqkm": 3.54989979 }, "geometry": { "type": "LineString", "coordinates": [ [ -66.7097, 18.4544 ], [ -66.7107, 18.4561 ], [ -66.7102, 18.4575 ], [ -66.7105, 18.4593 ], [ -66.7117, 18.4603 ], [ -66.7125, 18.4598 ], [ -66.7141, 18.4601 ], [ -66.7161, 18.4618 ] ] } },
{ "type": "Feature", "properties": { "gnis_name": null, "streamorde": 3, "lengthkm": 0.26179244, "totdasqkm": 13.41500006 }, "geometry": { "type": "LineString", "coordinates": [ [ -66.8739, 18.2995 ], [ -66.8753, 18.3014 ] ] } },
{ "type": "Feature", "properties": { "gnis_name": null, "streamorde": 4, "lengthkm": 0.88405232, "totdasqkm": 41.31969953 }, "geometry": { "type": "LineString", "coordinates": [ [ -66.8849, 18.2005 ], [ -66.8851, 18.2013 ], [ -66.8846, 18.2019 ], [ -66.8817, 18.2021 ], [ -66.8825, 18.2054 ] ] } },
{ "type": "Feature", "properties": { "gnis_name": "Río Guamaní", "streamorde": 3, "lengthkm": 0.86939977, "totdasqkm": 12.52709991 }, "geometry": { "type": "LineString", "coordinates": [ [ -66.109, 18.0289 ], [ -66.1098, 18.0274 ], [ -66.1104, 18.0247 ], [ -66.1101, 18.0238 ], [ -66.1118, 18.0221 ] ] } },
{ "type": "Feature", "properties": { "gnis_name": "Río Viejo", "streamorde": 3, "lengthkm": 2.62835014, "totdasqkm": 32.46230014 }, "geometry": { "type": "LineString", "coordinates": [ [ -67.1054, 18.0936 ], [ -67.107, 18.093 ], [ -67.1191, 18.0962 ], [ -67.1222, 18.0964 ], [ -67.1291, 18.0985 ] ] } },
{ "type": "Feature", "properties": { "gnis_name": "Río Rosario", "streamorde": 4, "lengthkm": 0.31621921, "totdasqkm": 28.79350005 }, "geometry": { "type": "LineString", "coordinates": [ [ -67.0315, 18.1849 ], [ -67.0328, 18.1848 ], [ -67.0332, 18.1854 ], [ -67.0339, 18.1856 ] ] } },
{ "type": "Feature", "properties": { "gnis_name": "Río Nigua", "streamorde": 3, "lengthkm": 0.46350948, "totdasqkm": 8.24969995 }, "geometry": { "type": "LineString", "coordinates": [ [ -66.269, 18.0403 ], [ -66.2712, 18.0385 ], [ -66.2715, 18.0373 ] ] } },
{ "type": "Feature", "properties": { "gnis_name": null, "streamorde": 4, "lengthkm": 1.12861557, "totdasqkm": 34.83480009 }, "geometry": { "type": "LineString", "coordinates": [ [ -67.1223, 18.0124 ], [ -67.1273, 18.0116 ], [ -67.1289, 18.0118 ], [ -67.1299, 18.0125 ], [ -67.1322, 18.0115 ] ] } },
{ "type": "Feature", "properties": { "gnis_name": "Río Tanamá", "streamorde": 4, "lengthkm": 0.13860809, "totdasqkm": 55.78759979 }, "geometry": { "type": "LineString", "coordinates": [ [ -66.7724, 18.3152 ], [ -66.7722, 18.3164 ] ] } },
{ "type": "Feature", "properties": { "gnis_name": null, "streamorde": 4, "lengthkm": 1.11350574, "totdasqkm": 47.46559998 }, "geometry": { "type": "LineString", "coordinates": [ [ -66.5021, 18.106 ], [ -66.5051, 18.1038 ], [ -66.5056, 18.1026 ], [ -66.5038, 18.1002 ], [ -66.5031, 18.0982 ] ] } },
{ "type": "Feature", "properties": { "gnis_name": "Río Pastillo", "streamorde": 3, "lengthkm": 0.215, "totdasqkm": 16.78809999 }, "geometry": { "type": "LineString", "coordinates": [ [ -66.6659, 18.0451 ], [ -66.666, 18.0432 ] ] } },
{ "type": "Feature", "properties": { "gnis_name": "Caño Boquilla", "streamorde": 4, "lengthkm": 0.07412625, "totdasqkm": 14.41290009 }, "geometry": { "type": "LineString", "coordinates": [ [ -67.1769, 18.2515 ], [ -67.1774, 18.2516 ] ] } },
{ "type": "Feature", "properties": { "gnis_name": "Río Yunes", "streamorde": 3, "lengthkm": 0.92951997, "totdasqkm": 6.05230006 }, "geometry": { "type": "LineString", "coordinates": [ [ -66.5623, 18.2536 ], [ -66.5615, 18.254 ], [ -66.5604, 18.253 ], [ -66.5586, 18.2529 ], [ -66.5572, 18.2541 ], [ -66.556, 18.2536 ], [ -66.5556, 18.2543 ] ] } },
{ "type": "Feature", "properties": { "gnis_name": "Río Grande de Arecibo", "streamorde": 5, "lengthkm": 2.39393536, "totdasqkm": 199.74669961000001 }, "geometry": { "type": "LineString", "coordinates": [ [ -66.6725, 18.3082 ], [ -66.669, 18.3124 ], [ -66.6693, 18.3141 ], [ -66.6722, 18.3145 ], [ -66.6692, 18.319 ], [ -66.6707, 18.3228 ], [ -66.6702, 18.3247 ] ] } },
{ "type": "Feature", "properties": { "gnis_name": "Río de la Plata", "streamorde": 4, "lengthkm": 0.51486286, "totdasqkm": 128.18169969000002 }, "geometry": { "type": "LineString", "coordinates": [ [ -66.1931, 18.1412 ], [ -66.1942, 18.1404 ], [ -66.1958, 18.1376 ] ] } },
{ "type": "Feature", "properties": { "gnis_name": "Río Guayanés", "streamorde": 4, "lengthkm": 1.238, "totdasqkm": 16.31689969 }, "geometry": { "type": "LineString", "coordinates": [ [ -65.9576, 18.0805 ], [ -65.9566, 18.0804 ], [ -65.9552, 18.0813 ], [ -65.9539, 18.081 ], [ -65.9535, 18.0801 ], [ -65.9495, 18.0781 ], [ -65.9486, 18.077 ] ] } },
{ "type": "Feature", "properties": { "gnis_name": "Río Cialitos", "streamorde": 3, "lengthkm": 0.46860818, "totdasqkm": 7.21969978 }, "geometry": { "type": "LineString", "coordinates": [ [ -66.5328, 18.2336 ], [ -66.5306, 18.2338 ], [ -66.5287, 18.2346 ] ] } },
{ "type": "Feature", "properties": { "gnis_name": "Río Bucarabones", "streamorde": 3, "lengthkm": 0.00881883, "totdasqkm": 22.10520001 }, "geometry": { "type": "LineString", "coordinates": [ [ -66.2443, 18.3868 ], [ -66.2443, 18.3869 ] ] } },
{ "type": "Feature", "properties": { "gnis_name": "Río Grande De Loiza", "streamorde": 5, "lengthkm": 1.21706906, "totdasqkm": 145.39539990999998 }, "geometry": { "type": "LineString", "coordinates": [ [ -66.0034, 18.2189 ], [ -66.0053, 18.2187 ], [ -66.0106, 18.221 ], [ -66.0128, 18.2237 ] ] } },
{ "type": "Feature", "properties": { "gnis_name": "Río Grande de Añasco", "streamorde": 5, "lengthkm": 0.6093063, "totdasqkm": 273.2725001 }, "geometry": { "type": "LineString", "coordinates": [ [ -66.9477, 18.2668 ], [ -66.9483, 18.2665 ], [ -66.9501, 18.2669 ], [ -66.9512, 18.2697 ] ] } },
{ "type": "Feature", "properties": { "gnis_name": null, "streamorde": 3, "lengthkm": 0.12336249, "totdasqkm": 37.90450028 }, "geometry": { "type": "LineString", "coordinates": [ [ -65.8973, 17.9914 ], [ -65.8965, 17.9905 ] ] } },
{ "type": "Feature", "properties": { "gnis_name": null, "streamorde": 3, "lengthkm": 0.04198174, "totdasqkm": 5.84500004 }, "geometry": { "type": "LineString", "coordinates": [ [ -66.2439, 18.355 ], [ -66.2435, 18.3552 ] ] } },
{ "type": "Feature", "properties": { "gnis_name": "Río Cibuco", "streamorde": 5, "lengthkm": 1.68159948, "totdasqkm": 227.17089997000002 }, "geometry": { "type": "LineString", "coordinates": [ [ -66.3689, 18.4779 ], [ -66.3728, 18.4778 ], [ -66.3742, 18.4783 ], [ -66.3765, 18.4825 ], [ -66.3775, 18.4835 ], [ -66.3771, 18.486 ], [ -66.3782, 18.486 ] ] } },
{ "type": "Feature", "properties": { "gnis_name": null, "streamorde": 3, "lengthkm": 0.6773987, "totdasqkm": 43.34229998 }, "geometry": { "type": "LineString", "coordinates": [ [ -66.9959, 18.0081 ], [ -66.9898, 18.0099 ] ] } },
{ "type": "Feature", "properties": { "gnis_name": "Río Grande De Loiza", "streamorde": 6, "lengthkm": 0.07742998, "totdasqkm": 587.13399939 }, "geometry": { "type": "LineString", "coordinates": [ [ -65.9619, 18.3747 ], [ -65.9612, 18.3748 ] ] } },
{ "type": "Feature", "properties": { "gnis_name": null, "streamorde": 4, "lengthkm": 0.83506386, "totdasqkm": 34.79299981 }, "geometry": { "type": "LineString", "coordinates": [ [ -66.5002, 18.1237 ], [ -66.5017, 18.1217 ], [ -66.5032, 18.1169 ] ] } },
{ "type": "Feature", "properties": { "gnis_name": "Río Culebrinas", "streamorde": 4, "lengthkm": 1.18006231, "totdasqkm": 155.5427998 }, "geometry": { "type": "LineString", "coordinates": [ [ -67.0561, 18.3577 ], [ -67.0572, 18.3568 ], [ -67.0563, 18.3563 ], [ -67.0563, 18.3544 ], [ -67.0552, 18.3531 ], [ -67.056, 18.353 ], [ -67.0579, 18.3539 ], [ -67.0581, 18.3531 ], [ -67.0588, 18.353 ] ] } },
{ "type": "Feature", "properties": { "gnis_name": "Río Majada", "streamorde": 3, "lengthkm": 0.16785218, "totdasqkm": 45.37859994 }, "geometry": { "type": "LineString", "coordinates": [ [ -66.2162, 18.0345 ], [ -66.2178, 18.0348 ] ] } },
{ "type": "Feature", "properties": { "gnis_name": "Río Tallaboa", "streamorde": 3, "lengthkm": 1.214, "totdasqkm": 19.20269998 }, "geometry": { "type": "LineString", "coordinates": [ [ -66.6905, 18.0852 ], [ -66.6921, 18.0835 ], [ -66.6943, 18.0836 ], [ -66.695, 18.083 ], [ -66.6948, 18.0819 ], [ -66.6929, 18.079 ], [ -66.6932, 18.0782 ] ] } },
{ "type": "Feature", "properties": { "gnis_name": null, "streamorde": 3, "lengthkm": 0.34381702, "totdasqkm": 6.11290011 }, "geometry": { "type": "LineString", "coordinates": [ [ -67.1631, 18.2591 ], [ -67.1658, 18.2574 ] ] } },
{ "type": "Feature", "properties": { "gnis_name": "Río de la Plata", "streamorde": 4, "lengthkm": 0.19922096, "totdasqkm": 106.13379999 }, "geometry": { "type": "LineString", "coordinates": [ [ -66.1633, 18.1455 ], [ -66.1647, 18.1443 ] ] } },
{ "type": "Feature", "properties": { "gnis_name": "Río Bauta", "streamorde": 3, "lengthkm": 0.42686297, "totdasqkm": 32.20989987 }, "geometry": { "type": "LineString", "coordinates": [ [ -66.4478, 18.2127 ], [ -66.4494, 18.2132 ], [ -66.4508, 18.215 ] ] } },
{ "type": "Feature", "properties": { "gnis_name": "Río Bauta", "streamorde": 3, "lengthkm": 0.14403177, "totdasqkm": 32.30389979 }, "geometry": { "type": "LineString", "coordinates": [ [ -66.4512, 18.2155 ], [ -66.4525, 18.2157 ] ] } },
{ "type": "Feature", "properties": { "gnis_name": "Río Gurabo", "streamorde": 4, "lengthkm": 0.29559779, "totdasqkm": 60.22950019 }, "geometry": { "type": "LineString", "coordinates": [ [ -65.8905, 18.2371 ], [ -65.8917, 18.2357 ], [ -65.8925, 18.2359 ] ] } },
{ "type": "Feature", "properties": { "gnis_name": null, "streamorde": 3, "lengthkm": 0.3227913, "totdasqkm": 18.2869 }, "geometry": { "type": "LineString", "coordinates": [ [ -66.0543, 18.195 ], [ -66.0513, 18.1949 ] ] } },
{ "type": "Feature", "properties": { "gnis_name": null, "streamorde": 4, "lengthkm": 1.26179214, "totdasqkm": 94.10490032 }, "geometry": { "type": "LineString", "coordinates": [ [ -66.9453, 18.0022 ], [ -66.9342, 17.998 ] ] } },
{ "type": "Feature", "properties": { "gnis_name": "Río Grande de Manati", "streamorde": 5, "lengthkm": 0.35638295, "totdasqkm": 143.96339986000001 }, "geometry": { "type": "LineString", "coordinates": [ [ -66.4149, 18.29 ], [ -66.4174, 18.2882 ] ] } },
{ "type": "Feature", "properties": { "gnis_name": "Río de la Plata", "streamorde": 4, "lengthkm": 0.47246798, "totdasqkm": 124.00729984 }, "geometry": { "type": "LineString", "coordinates": [ [ -66.1852, 18.1375 ], [ -66.1882, 18.137 ], [ -66.1894, 18.1375 ] ] } },
{ "type": "Feature", "properties": { "gnis_name": "Río Toro Negro", "streamorde": 4, "lengthkm": 0.91619612, "totdasqkm": 54.54809972 }, "geometry": { "type": "LineString", "coordinates": [ [ -66.507, 18.2362 ], [ -66.5074, 18.2381 ], [ -66.5097, 18.2388 ], [ -66.5098, 18.2406 ], [ -66.5113, 18.2418 ] ] } },
{ "type": "Feature", "properties": { "gnis_name": "Río de la Plata", "streamorde": 4, "lengthkm": 0.66605343, "totdasqkm": 75.78189995000001 }, "geometry": { "type": "LineString", "coordinates": [ [ -66.128, 18.1299 ], [ -66.1288, 18.1323 ], [ -66.1295, 18.1331 ], [ -66.1309, 18.1324 ], [ -66.1318, 18.1326 ] ] } },
{ "type": "Feature", "properties": { "gnis_name": "Río Tallaboa", "streamorde": 3, "lengthkm": 0.291, "totdasqkm": 11.62460024 }, "geometry": { "type": "LineString", "coordinates": [ [ -66.6935, 18.0867 ], [ -66.6908, 18.0862 ] ] } },
{ "type": "Feature", "properties": { "gnis_name": "Río Yagüez", "streamorde": 3, "lengthkm": 0.06285591, "totdasqkm": 12.05640009 }, "geometry": { "type": "LineString", "coordinates": [ [ -67.0832, 18.2002 ], [ -67.0838, 18.2002 ] ] } },
{ "type": "Feature", "properties": { "gnis_name": "Río Tanamá", "streamorde": 4, "lengthkm": 2.28560312, "totdasqkm": 108.67089972 }, "geometry": { "type": "LineString", "coordinates": [ [ -66.7323, 18.3954 ], [ -66.7327, 18.3957 ], [ -66.7322, 18.3983 ], [ -66.7327, 18.4 ], [ -66.729, 18.401 ], [ -66.7286, 18.402 ], [ -66.7294, 18.4046 ], [ -66.7273, 18.4054 ], [ -66.7249, 18.4049 ], [ -66.7233, 18.4066 ], [ -66.7226, 18.4063 ] ] } },
{ "type": "Feature", "properties": { "gnis_name": "Río Guaba", "streamorde": 3, "lengthkm": 0.54635378, "totdasqkm": 36.63100017 }, "geometry": { "type": "LineString", "coordinates": [ [ -66.9669, 18.207 ], [ -66.9663, 18.21 ], [ -66.9643, 18.21 ] ] } },
{ "type": "Feature", "properties": { "gnis_name": null, "streamorde": 4, "lengthkm": 0.03057938, "totdasqkm": 72.1919001 }, "geometry": { "type": "LineString", "coordinates": [ [ -66.0139, 17.9844 ], [ -66.0141, 17.9841 ] ] } },
{ "type": "Feature", "properties": { "gnis_name": "Río Cidra", "streamorde": 3, "lengthkm": 0.38880831, "totdasqkm": 11.47919994 }, "geometry": { "type": "LineString", "coordinates": [ [ -66.7194, 18.161 ], [ -66.7206, 18.1612 ], [ -66.7215, 18.1601 ], [ -66.7224, 18.1603 ] ] } },
{ "type": "Feature", "properties": { "gnis_name": "Canal Aguadilla", "streamorde": 3, "lengthkm": 0.6466289, "totdasqkm": 18.59210043 }, "geometry": { "type": "LineString", "coordinates": [ [ -67.1263, 18.4747 ], [ -67.1263, 18.4752 ], [ -67.1275, 18.4749 ], [ -67.1274, 18.4767 ], [ -67.1284, 18.4769 ], [ -67.1294, 18.4764 ] ] } },
{ "type": "Feature", "properties": { "gnis_name": "Río Guanajibo", "streamorde": 4, "lengthkm": 0.40208795, "totdasqkm": 44.75439971 }, "geometry": { "type": "LineString", "coordinates": [ [ -66.9825, 18.0681 ], [ -66.985, 18.0706 ] ] } },
{ "type": "Feature", "properties": { "gnis_name": "Río Culebrinas", "streamorde": 5, "lengthkm": 0.19328828, "totdasqkm": 187.94849993 }, "geometry": { "type": "LineString", "coordinates": [ [ -67.0944, 18.3597 ], [ -67.0951, 18.3613 ] ] } },
{ "type": "Feature", "properties": { "gnis_name": "Río Loco", "streamorde": 3, "lengthkm": 0.33498509, "totdasqkm": 18.91370008 }, "geometry": { "type": "LineString", "coordinates": [ [ -66.8865, 18.0582 ], [ -66.8858, 18.0575 ], [ -66.887, 18.0559 ] ] } },
{ "type": "Feature", "properties": { "gnis_name": "Río de la Plata", "streamorde": 5, "lengthkm": 0.42485182, "totdasqkm": 370.92100015 }, "geometry": { "type": "LineString", "coordinates": [ [ -66.2073, 18.2635 ], [ -66.2063, 18.2645 ], [ -66.2063, 18.2659 ], [ -66.2056, 18.2667 ] ] } },
{ "type": "Feature", "properties": { "gnis_name": "Río Rosario", "streamorde": 4, "lengthkm": 1.32315276, "totdasqkm": 31.3988 }, "geometry": { "type": "LineString", "coordinates": [ [ -67.0339, 18.1856 ], [ -67.0352, 18.1853 ], [ -67.0351, 18.1841 ], [ -67.0367, 18.1829 ], [ -67.0362, 18.1825 ], [ -67.0351, 18.1835 ], [ -67.0335, 18.1827 ], [ -67.0339, 18.1809 ], [ -67.0354, 18.181 ] ] } },
{ "type": "Feature", "properties": { "gnis_name": "Río Ingenio", "streamorde": 3, "lengthkm": 1.70074959, "totdasqkm": 8.90940006 }, "geometry": { "type": "LineString", "coordinates": [ [ -67.1975, 18.3413 ], [ -67.1977, 18.3427 ], [ -67.1972, 18.343 ], [ -67.1975, 18.3436 ], [ -67.1971, 18.3443 ], [ -67.198, 18.3444 ], [ -67.1979, 18.3467 ], [ -67.1989, 18.3458 ], [ -67.1997, 18.3468 ], [ -67.2, 18.3462 ], [ -67.2012, 18.346 ], [ -67.2021, 18.3444 ], [ -67.2026, 18.3453 ], [ -67.2034, 18.3451 ] ] } },
{ "type": "Feature", "properties": { "gnis_name": null, "streamorde": 3, "lengthkm": 0.18290142, "totdasqkm": 9.8184001 }, "geometry": { "type": "LineString", "coordinates": [ [ -67.1746, 17.9724 ], [ -67.1752, 17.9709 ] ] } },
{ "type": "Feature", "properties": { "gnis_name": null, "streamorde": 3, "lengthkm": 1.522237, "totdasqkm": 10.5426 }, "geometry": { "type": "LineString", "coordinates": [ [ -66.2161, 17.9832 ], [ -66.2155, 17.982 ], [ -66.2154, 17.9799 ], [ -66.2156, 17.974 ], [ -66.2166, 17.9738 ], [ -66.2163, 17.9706 ] ] } },
{ "type": "Feature", "properties": { "gnis_name": "Río Culebrinas", "streamorde": 5, "lengthkm": 0.38264483, "totdasqkm": 193.05169983000002 }, "geometry": { "type": "LineString", "coordinates": [ [ -67.1078, 18.3631 ], [ -67.1077, 18.3642 ], [ -67.1091, 18.3637 ], [ -67.1095, 18.3642 ] ] } },
{ "type": "Feature", "properties": { "gnis_name": "Río Grande de Manati", "streamorde": 4, "lengthkm": 0.06577064, "totdasqkm": 48.03229998 }, "geometry": { "type": "LineString", "coordinates": [ [ -66.3535, 18.2719 ], [ -66.354, 18.2722 ] ] } },
{ "type": "Feature", "properties": { "gnis_name": "Río Seco", "streamorde": 3, "lengthkm": 0.48180447, "totdasqkm": 11.70429995 }, "geometry": { "type": "LineString", "coordinates": [ [ -66.1647, 18.006 ], [ -66.1692, 18.0057 ] ] } },
{ "type": "Feature", "properties": { "gnis_name": null, "streamorde": 4, "lengthkm": 0.07823195, "totdasqkm": 94.04819996000001 }, "geometry": { "type": "LineString", "coordinates": [ [ -66.3482, 18.3815 ], [ -66.3486, 18.382 ] ] } },
{ "type": "Feature", "properties": { "gnis_name": "Río Grande De Loiza", "streamorde": 6, "lengthkm": 3.42177041, "totdasqkm": 522.26579966000008 }, "geometry": { "type": "LineString", "coordinates": [ [ -66.0289, 18.3031 ], [ -66.0277, 18.3039 ], [ -66.0264, 18.3036 ], [ -66.025, 18.3039 ], [ -66.0169, 18.309 ], [ -66.0166, 18.3101 ], [ -66.0171, 18.3116 ], [ -66.0186, 18.3131 ], [ -66.0206, 18.3138 ], [ -66.0212, 18.3158 ], [ -66.0208, 18.3171 ], [ -66.0159, 18.3194 ], [ -66.0146, 18.3205 ] ] } },
{ "type": "Feature", "properties": { "gnis_name": "Río de Bayamón", "streamorde": 3, "lengthkm": 0.4347103, "totdasqkm": 7.87179989 }, "geometry": { "type": "LineString", "coordinates": [ [ -66.1413, 18.1826 ], [ -66.1425, 18.183 ], [ -66.1433, 18.1854 ] ] } },
{ "type": "Feature", "properties": { "gnis_name": null, "streamorde": 4, "lengthkm": 1.145, "totdasqkm": 64.2509002 }, "geometry": { "type": "LineString", "coordinates": [ [ -66.7833, 18.0112 ], [ -66.7837, 18.009 ], [ -66.7791, 18.0041 ], [ -66.7776, 18.0039 ] ] } },
{ "type": "Feature", "properties": { "gnis_name": "Río Corozal", "streamorde": 4, "lengthkm": 2.6523529, "totdasqkm": 26.12879998 }, "geometry": { "type": "LineString", "coordinates": [ [ -66.3195, 18.3398 ], [ -66.3204, 18.341 ], [ -66.3203, 18.3422 ], [ -66.3235, 18.3428 ], [ -66.3242, 18.3445 ], [ -66.3257, 18.3455 ], [ -66.3272, 18.3455 ], [ -66.3274, 18.3469 ], [ -66.3283, 18.3465 ], [ -66.3284, 18.3453 ], [ -66.3304, 18.3449 ], [ -66.331, 18.3461 ], [ -66.3327, 18.3473 ], [ -66.3346, 18.3505 ] ] } },
{ "type": "Feature", "properties": { "gnis_name": "Río Gurabo", "streamorde": 3, "lengthkm": 1.34286426, "totdasqkm": 11.55909989 }, "geometry": { "type": "LineString", "coordinates": [ [ -65.8515, 18.234 ], [ -65.8533, 18.2325 ], [ -65.8541, 18.2306 ], [ -65.8555, 18.2308 ], [ -65.856, 18.2299 ], [ -65.858, 18.2293 ], [ -65.8575, 18.2264 ] ] } },
{ "type": "Feature", "properties": { "gnis_name": "Río Turabo", "streamorde": 4, "lengthkm": 0.16261984, "totdasqkm": 72.63169991000001 }, "geometry": { "type": "LineString", "coordinates": [ [ -66.0279, 18.2236 ], [ -66.0273, 18.2248 ] ] } },
{ "type": "Feature", "properties": { "gnis_name": "Río Coamo", "streamorde": 5, "lengthkm": 0.01084805, "totdasqkm": 168.53350003 }, "geometry": { "type": "LineString", "coordinates": [ [ -66.3901, 18.0146 ], [ -66.3901, 18.0145 ] ] } },
{ "type": "Feature", "properties": { "gnis_name": "Río de Bayamón", "streamorde": 3, "lengthkm": 0.50277203, "totdasqkm": 5.0023001 }, "geometry": { "type": "LineString", "coordinates": [ [ -66.1276, 18.1741 ], [ -66.1279, 18.1745 ], [ -66.1274, 18.1752 ], [ -66.1281, 18.1756 ], [ -66.1286, 18.1751 ], [ -66.1289, 18.1763 ] ] } },
{ "type": "Feature", "properties": { "gnis_name": "Río Bauta", "streamorde": 3, "lengthkm": 0.06730155, "totdasqkm": 73.27879957 }, "geometry": { "type": "LineString", "coordinates": [ [ -66.4597, 18.2947 ], [ -66.4599, 18.2953 ] ] } },
{ "type": "Feature", "properties": { "gnis_name": "Río Grande de Añasco", "streamorde": 5, "lengthkm": 0.85174585, "totdasqkm": 465.35410026 }, "geometry": { "type": "LineString", "coordinates": [ [ -67.1459, 18.2708 ], [ -67.1461, 18.2713 ], [ -67.1475, 18.2712 ], [ -67.148, 18.272 ], [ -67.1487, 18.2722 ], [ -67.1506, 18.2711 ], [ -67.1515, 18.2695 ] ] } },
{ "type": "Feature", "properties": { "gnis_name": "Río Indio", "streamorde": 4, "lengthkm": 0.23905464, "totdasqkm": 62.24349964 }, "geometry": { "type": "LineString", "coordinates": [ [ -66.3937, 18.3793 ], [ -66.3952, 18.3808 ] ] } },
{ "type": "Feature", "properties": { "gnis_name": "Río Mavilla", "streamorde": 3, "lengthkm": 0.89922515, "totdasqkm": 22.28090009 }, "geometry": { "type": "LineString", "coordinates": [ [ -66.2878, 18.3173 ], [ -66.2879, 18.3179 ], [ -66.2891, 18.3183 ], [ -66.2885, 18.3206 ], [ -66.2894, 18.3215 ], [ -66.2891, 18.3226 ], [ -66.2882, 18.3232 ] ] } },
{ "type": "Feature", "properties": { "gnis_name": "Río Bauta", "streamorde": 3, "lengthkm": 0.1845303, "totdasqkm": 44.07679974000001 }, "geometry": { "type": "LineString", "coordinates": [ [ -66.4531, 18.2343 ], [ -66.4523, 18.2357 ] ] } },
{ "type": "Feature", "properties": { "gnis_name": null, "streamorde": 3, "lengthkm": 0.93056281, "totdasqkm": 7.75740026 }, "geometry": { "type": "LineString", "coordinates": [ [ -66.3793, 18.3243 ], [ -66.3808, 18.3273 ], [ -66.3794, 18.3298 ], [ -66.3805, 18.3311 ] ] } },
{ "type": "Feature", "properties": { "gnis_name": null, "streamorde": 4, "lengthkm": 0.461, "totdasqkm": 111.9557002 }, "geometry": { "type": "LineString", "coordinates": [ [ -66.5017, 18.0859 ], [ -66.5043, 18.0825 ] ] } },
{ "type": "Feature", "properties": { "gnis_name": "Río Grande de Manati", "streamorde": 5, "lengthkm": 0.01153027, "totdasqkm": 139.3011999 }, "geometry": { "type": "LineString", "coordinates": [ [ -66.4124, 18.2946 ], [ -66.4125, 18.2945 ] ] } },
{ "type": "Feature", "properties": { "gnis_name": "Río Cayaguas", "streamorde": 4, "lengthkm": 0.15973788, "totdasqkm": 35.13369996 }, "geometry": { "type": "LineString", "coordinates": [ [ -65.965, 18.1692 ], [ -65.9638, 18.1699 ] ] } },
{ "type": "Feature", "properties": { "gnis_name": "Río Culebrinas", "streamorde": 5, "lengthkm": 0.33920004, "totdasqkm": 188.46509988 }, "geometry": { "type": "LineString", "coordinates": [ [ -67.0951, 18.3613 ], [ -67.0963, 18.362 ], [ -67.0978, 18.3614 ] ] } },
{ "type": "Feature", "properties": { "gnis_name": "Río Grande De Loiza", "streamorde": 4, "lengthkm": 0.54004032, "totdasqkm": 46.48090015 }, "geometry": { "type": "LineString", "coordinates": [ [ -65.9793, 18.1543 ], [ -65.9798, 18.1576 ], [ -65.9789, 18.1588 ] ] } },
{ "type": "Feature", "properties": { "gnis_name": null, "streamorde": 3, "lengthkm": 0.649, "totdasqkm": 2.97530014 }, "geometry": { "type": "LineString", "coordinates": [ [ -67.0967, 18.1883 ], [ -67.0973, 18.1883 ], [ -67.0975, 18.189 ], [ -67.0981, 18.1889 ], [ -67.0993, 18.1896 ], [ -67.1009, 18.1891 ], [ -67.1014, 18.1895 ] ] } },
{ "type": "Feature", "properties": { "gnis_name": "Río Jueyes", "streamorde": 3, "lengthkm": 2.62098759, "totdasqkm": 20.50739989 }, "geometry": { "type": "LineString", "coordinates": [ [ -66.3312, 18.0159 ], [ -66.3316, 18.0129 ], [ -66.3351, 18.0087 ], [ -66.335, 18.0055 ], [ -66.3379, 18.0022 ], [ -66.3387, 17.9978 ], [ -66.3397, 17.9962 ], [ -66.3407, 17.9957 ] ] } },
{ "type": "Feature", "properties": { "gnis_name": "Río Sana Muerto", "streamorde": 3, "lengthkm": 0.84056986, "totdasqkm": 13.37630004 }, "geometry": { "type": "LineString", "coordinates": [ [ -66.4235, 18.2707 ], [ -66.4236, 18.2724 ], [ -66.4258, 18.2735 ], [ -66.4253, 18.2766 ] ] } },
{ "type": "Feature", "properties": { "gnis_name": null, "streamorde": 3, "lengthkm": 1.50048334, "totdasqkm": 46.06929997 }, "geometry": { "type": "LineString", "coordinates": [ [ -65.9049, 18.3972 ], [ -65.9058, 18.3973 ], [ -65.906, 18.3963 ], [ -65.9067, 18.3959 ], [ -65.9078, 18.3964 ], [ -65.9078, 18.3951 ], [ -65.9095, 18.3944 ], [ -65.9082, 18.3933 ], [ -65.9073, 18.3938 ], [ -65.9066, 18.3932 ], [ -65.9072, 18.3927 ], [ -65.9059, 18.392 ] ] } },
{ "type": "Feature", "properties": { "gnis_name": "Río Guaba", "streamorde": 4, "lengthkm": 0.12572597, "totdasqkm": 70.46450034 }, "geometry": { "type": "LineString", "coordinates": [ [ -66.9325, 18.2368 ], [ -66.9316, 18.2373 ] ] } },
{ "type": "Feature", "properties": { "gnis_name": "Río Grande de Añasco", "streamorde": 5, "lengthkm": 0.96962806, "totdasqkm": 345.21380032999997 }, "geometry": { "type": "LineString", "coordinates": [ [ -67.0433, 18.2853 ], [ -67.0444, 18.2837 ], [ -67.0442, 18.281 ], [ -67.0446, 18.28 ], [ -67.0459, 18.2793 ], [ -67.0475, 18.2792 ] ] } },
{ "type": "Feature", "properties": { "gnis_name": null, "streamorde": 4, "lengthkm": 0.05878502, "totdasqkm": 136.97319971 }, "geometry": { "type": "LineString", "coordinates": [ [ -66.7052, 18.4195 ], [ -66.7046, 18.4194 ] ] } },
{ "type": "Feature", "properties": { "gnis_name": null, "streamorde": 3, "lengthkm": 0.80165097, "totdasqkm": 3.38709993 }, "geometry": { "type": "LineString", "coordinates": [ [ -65.9629, 18.2997 ], [ -65.9647, 18.3024 ], [ -65.9645, 18.303 ], [ -65.9655, 18.3037 ], [ -65.9663, 18.3053 ] ] } },
{ "type": "Feature", "properties": { "gnis_name": "Río de Bayamón", "streamorde": 5, "lengthkm": 4.15717227, "totdasqkm": 183.47949998 }, "geometry": { "type": "LineString", "coordinates": [ [ -66.1398, 18.3958 ], [ -66.1416, 18.3977 ], [ -66.1485, 18.4027 ], [ -66.1507, 18.4058 ], [ -66.1545, 18.4173 ], [ -66.1567, 18.4278 ] ] } },
{ "type": "Feature", "properties": { "gnis_name": "Río Caguitas", "streamorde": 3, "lengthkm": 2.88514552, "totdasqkm": 14.32040014 }, "geometry": { "type": "LineString", "coordinates": [ [ -66.0787, 18.2511 ], [ -66.0769, 18.2494 ], [ -66.0762, 18.2496 ], [ -66.076, 18.2507 ], [ -66.0747, 18.2509 ], [ -66.0727, 18.2507 ], [ -66.0702, 18.2495 ], [ -66.07, 18.2486 ], [ -66.0707, 18.2468 ], [ -66.0669, 18.246 ], [ -66.0651, 18.2447 ], [ -66.065, 18.2437 ], [ -66.0637, 18.2421 ], [ -66.0644, 18.2412 ], [ -66.0644, 18.2395 ] ] } },
{ "type": "Feature", "properties": { "gnis_name": null, "streamorde": 3, "lengthkm": 0.38045366, "totdasqkm": 14.58239993 }, "geometry": { "type": "LineString", "coordinates": [ [ -66.0519, 18.1825 ], [ -66.0503, 18.1837 ], [ -66.0504, 18.1849 ] ] } },
{ "type": "Feature", "properties": { "gnis_name": "Río Caonillas", "streamorde": 4, "lengthkm": 0.14072192, "totdasqkm": 103.85259993000001 }, "geometry": { "type": "LineString", "coordinates": [ [ -66.6324, 18.2399 ], [ -66.6335, 18.2393 ] ] } },
{ "type": "Feature", "properties": { "gnis_name": null, "streamorde": 3, "lengthkm": 0.81391665, "totdasqkm": 9.2767999 }, "geometry": { "type": "LineString", "coordinates": [ [ -67.0279, 18.367 ], [ -67.0279, 18.3656 ], [ -67.0287, 18.3646 ], [ -67.0285, 18.3637 ], [ -67.029, 18.3626 ], [ -67.0284, 18.3614 ], [ -67.0276, 18.361 ] ] } },
{ "type": "Feature", "properties": { "gnis_name": "Río Humacao", "streamorde": 3, "lengthkm": 1.361, "totdasqkm": 17.52620014 }, "geometry": { "type": "LineString", "coordinates": [ [ -65.8712, 18.1695 ], [ -65.8693, 18.1724 ], [ -65.8688, 18.1706 ], [ -65.868, 18.1715 ], [ -65.8673, 18.1715 ], [ -65.8671, 18.1704 ], [ -65.8659, 18.1696 ], [ -65.8651, 18.1696 ], [ -65.8646, 18.1686 ] ] } },
{ "type": "Feature", "properties": { "gnis_name": "Caño San Isidro", "streamorde": 3, "lengthkm": 1.10615513, "totdasqkm": 3.05740006 }, "geometry": { "type": "LineString", "coordinates": [ [ -65.887, 18.3834 ], [ -65.8874, 18.3836 ], [ -65.8872, 18.3842 ], [ -65.8878, 18.3854 ], [ -65.8885, 18.3852 ], [ -65.8896, 18.3861 ], [ -65.8893, 18.3868 ], [ -65.8899, 18.3877 ], [ -65.8904, 18.3907 ] ] } },
{ "type": "Feature", "properties": { "gnis_name": "Río de la Plata", "streamorde": 4, "lengthkm": 0.81510446, "totdasqkm": 175.06100004000001 }, "geometry": { "type": "LineString", "coordinates": [ [ -66.2284, 18.1702 ], [ -66.2293, 18.1713 ], [ -66.2325, 18.1731 ], [ -66.2339, 18.1751 ] ] } },
{ "type": "Feature", "properties": { "gnis_name": "Río Majada", "streamorde": 3, "lengthkm": 0.72672042, "totdasqkm": 43.87779986 }, "geometry": { "type": "LineString", "coordinates": [ [ -66.2118, 18.0404 ], [ -66.2147, 18.0346 ] ] } },
{ "type": "Feature", "properties": { "gnis_name": null, "streamorde": 3, "lengthkm": 0.70204766, "totdasqkm": 3.07289983 }, "geometry": { "type": "LineString", "coordinates": [ [ -65.881, 18.1768 ], [ -65.8837, 18.1767 ], [ -65.8848, 18.1777 ], [ -65.8848, 18.1781 ], [ -65.886, 18.1778 ] ] } },
{ "type": "Feature", "properties": { "gnis_name": null, "streamorde": 5, "lengthkm": 0.0502081, "totdasqkm": 173.48009974 }, "geometry": { "type": "LineString", "coordinates": [ [ -66.7058, 18.295 ], [ -66.7061, 18.2952 ] ] } },
{ "type": "Feature", "properties": { "gnis_name": "Río Cuesta Arriba", "streamorde": 3, "lengthkm": 0.51980783, "totdasqkm": 14.3777998 }, "geometry": { "type": "LineString", "coordinates": [ [ -66.2052, 18.2958 ], [ -66.2057, 18.2958 ], [ -66.2057, 18.2967 ], [ -66.2063, 18.297 ], [ -66.2084, 18.2958 ] ] } },
{ "type": "Feature", "properties": { "gnis_name": null, "streamorde": 3, "lengthkm": 0.56046829, "totdasqkm": 3.86959982 }, "geometry": { "type": "LineString", "coordinates": [ [ -66.7161, 18.4618 ], [ -66.7148, 18.4635 ], [ -66.7156, 18.465 ], [ -66.7165, 18.4652 ] ] } },
{ "type": "Feature", "properties": { "gnis_name": "Río Toro Negro", "streamorde": 4, "lengthkm": 0.7872653, "totdasqkm": 55.8196997 }, "geometry": { "type": "LineString", "coordinates": [ [ -66.5121, 18.2423 ], [ -66.5122, 18.243 ], [ -66.51, 18.2457 ], [ -66.5087, 18.2482 ] ] } },
{ "type": "Feature", "properties": { "gnis_name": "Río de la Plata", "streamorde": 5, "lengthkm": 0.68311144, "totdasqkm": 408.71670011999998 }, "geometry": { "type": "LineString", "coordinates": [ [ -66.2067, 18.3222 ], [ -66.2074, 18.3236 ], [ -66.2085, 18.324 ], [ -66.21, 18.3241 ], [ -66.212, 18.3236 ] ] } },
{ "type": "Feature", "properties": { "gnis_name": "Río Turabo", "streamorde": 4, "lengthkm": 0.3659584, "totdasqkm": 72.51789992 }, "geometry": { "type": "LineString", "coordinates": [ [ -66.0289, 18.2206 ], [ -66.029, 18.2216 ], [ -66.0279, 18.2236 ] ] } },
{ "type": "Feature", "properties": { "gnis_name": "Río Caonillas", "streamorde": 4, "lengthkm": 1.13477516, "totdasqkm": 124.20309993000001 }, "geometry": { "type": "LineString", "coordinates": [ [ -66.655, 18.2661 ], [ -66.6553, 18.2667 ], [ -66.6534, 18.2723 ], [ -66.6545, 18.2749 ], [ -66.6551, 18.2755 ] ] } },
{ "type": "Feature", "properties": { "gnis_name": "Río Tanamá", "streamorde": 4, "lengthkm": 1.45510216, "totdasqkm": 33.4103998 }, "geometry": { "type": "LineString", "coordinates": [ [ -66.7783, 18.2635 ], [ -66.7786, 18.2651 ], [ -66.7764, 18.2664 ], [ -66.7767, 18.2672 ], [ -66.7759, 18.2679 ], [ -66.7757, 18.2688 ], [ -66.7743, 18.2706 ], [ -66.7724, 18.2711 ], [ -66.7719, 18.2725 ] ] } },
{ "type": "Feature", "properties": { "gnis_name": "Río Jájome", "streamorde": 3, "lengthkm": 1.33395758, "totdasqkm": 12.54239994 }, "geometry": { "type": "LineString", "coordinates": [ [ -66.1601, 18.0622 ], [ -66.1611, 18.0608 ], [ -66.1627, 18.06 ], [ -66.1637, 18.0603 ], [ -66.1656, 18.0623 ], [ -66.1668, 18.0611 ], [ -66.1698, 18.062 ] ] } },
{ "type": "Feature", "properties": { "gnis_name": "Río Toa Vaca", "streamorde": 3, "lengthkm": 0.338, "totdasqkm": 35.9536999 }, "geometry": { "type": "LineString", "coordinates": [ [ -66.4532, 18.1261 ], [ -66.4542, 18.1252 ], [ -66.4559, 18.1247 ] ] } },
{ "type": "Feature", "properties": { "gnis_name": "Río Grande de Añasco", "streamorde": 5, "lengthkm": 0.50547215, "totdasqkm": 298.32890014999998 }, "geometry": { "type": "LineString", "coordinates": [ [ -66.9723, 18.2725 ], [ -66.9733, 18.2742 ], [ -66.9759, 18.2747 ] ] } },
{ "type": "Feature", "properties": { "gnis_name": "Río Jacaboa", "streamorde": 3, "lengthkm": 0.72108653, "totdasqkm": 12.68949996 }, "geometry": { "type": "LineString", "coordinates": [ [ -65.9697, 17.9839 ], [ -65.9698, 17.9817 ], [ -65.9672, 17.9806 ], [ -65.9671, 17.9791 ] ] } },
{ "type": "Feature", "properties": { "gnis_name": "Río Nigua", "streamorde": 3, "lengthkm": 0.83527047, "totdasqkm": 10.90399991 }, "geometry": { "type": "LineString", "coordinates": [ [ -66.2715, 18.0373 ], [ -66.2703, 18.0363 ], [ -66.2705, 18.0351 ], [ -66.2702, 18.0325 ], [ -66.2684, 18.0318 ] ] } },
{ "type": "Feature", "properties": { "gnis_name": "Río Cayaguas", "streamorde": 4, "lengthkm": 0.62636373, "totdasqkm": 36.22449996 }, "geometry": { "type": "LineString", "coordinates": [ [ -65.9638, 18.1699 ], [ -65.9643, 18.1714 ], [ -65.962, 18.1747 ] ] } },
{ "type": "Feature", "properties": { "gnis_name": null, "streamorde": 3, "lengthkm": 0.604, "totdasqkm": 5.16079998 }, "geometry": { "type": "LineString", "coordinates": [ [ -66.1898, 18.2294 ], [ -66.1922, 18.2302 ], [ -66.1933, 18.2297 ], [ -66.195, 18.2299 ] ] } },
{ "type": "Feature", "properties": { "gnis_name": "Río Grande de Jayuya", "streamorde": 4, "lengthkm": 0.10252268, "totdasqkm": 72.20350004000001 }, "geometry": { "type": "LineString", "coordinates": [ [ -66.6288, 18.2022 ], [ -66.6293, 18.2028 ] ] } },
{ "type": "Feature", "properties": { "gnis_name": "Río Toro Negro", "streamorde": 4, "lengthkm": 0.29316121, "totdasqkm": 74.51420004000001 }, "geometry": { "type": "LineString", "coordinates": [ [ -66.5013, 18.2711 ], [ -66.5014, 18.2737 ] ] } },
{ "type": "Feature", "properties": { "gnis_name": "Río Botijas", "streamorde": 3, "lengthkm": 3.066364, "totdasqkm": 18.48949996 }, "geometry": { "type": "LineString", "coordinates": [ [ -66.3544, 18.2228 ], [ -66.3532, 18.2262 ], [ -66.3528, 18.2262 ], [ -66.3524, 18.2251 ], [ -66.3515, 18.2255 ], [ -66.3536, 18.2272 ], [ -66.3535, 18.2282 ], [ -66.3541, 18.2295 ], [ -66.3561, 18.2296 ], [ -66.3565, 18.2283 ], [ -66.357, 18.228 ], [ -66.3579, 18.2281 ], [ -66.3592, 18.2296 ], [ -66.3605, 18.2285 ], [ -66.3624, 18.2283 ], [ -66.364, 18.2307 ], [ -66.3654, 18.2319 ], [ -66.3653, 18.2323 ] ] } },
{ "type": "Feature", "properties": { "gnis_name": null, "streamorde": 5, "lengthkm": 0.02559468, "totdasqkm": 344.03529992 }, "geometry": { "type": "LineString", "coordinates": [ [ -66.4649, 18.3077 ], [ -66.4647, 18.3078 ] ] } },
{ "type": "Feature", "properties": { "gnis_name": "Río Culebrinas", "streamorde": 4, "lengthkm": 0.56228846, "totdasqkm": 122.49320005 }, "geometry": { "type": "LineString", "coordinates": [ [ -67.0403, 18.3453 ], [ -67.0413, 18.3459 ], [ -67.042, 18.3433 ], [ -67.0433, 18.3435 ] ] } },
{ "type": "Feature", "properties": { "gnis_name": "Río Grande de Manati", "streamorde": 4, "lengthkm": 0.04953469, "totdasqkm": 51.83649996 }, "geometry": { "type": "LineString", "coordinates": [ [ -66.354, 18.2722 ], [ -66.3544, 18.2725 ] ] } },
{ "type": "Feature", "properties": { "gnis_name": "Río Grande de Añasco", "streamorde": 5, "lengthkm": 0.2475396, "totdasqkm": 299.11590021000001 }, "geometry": { "type": "LineString", "coordinates": [ [ -66.9792, 18.2759 ], [ -66.9814, 18.2753 ] ] } },
{ "type": "Feature", "properties": { "gnis_name": null, "streamorde": 3, "lengthkm": 0.83575774, "totdasqkm": 5.38500007 }, "geometry": { "type": "LineString", "coordinates": [ [ -66.1723, 18.3459 ], [ -66.1717, 18.3466 ], [ -66.17, 18.3453 ], [ -66.1689, 18.3456 ], [ -66.168, 18.3469 ], [ -66.1678, 18.3484 ] ] } },
{ "type": "Feature", "properties": { "gnis_name": null, "streamorde": 3, "lengthkm": 1.2398572, "totdasqkm": 4.32449999 }, "geometry": { "type": "LineString", "coordinates": [ [ -67.1408, 18.2141 ], [ -67.145, 18.2115 ], [ -67.151, 18.2134 ] ] } },
{ "type": "Feature", "properties": { "gnis_name": null, "streamorde": 4, "lengthkm": 1.00496428, "totdasqkm": 27.6689 }, "geometry": { "type": "LineString", "coordinates": [ [ -67.1059, 18.2708 ], [ -67.1076, 18.2706 ], [ -67.1075, 18.2716 ], [ -67.108, 18.2719 ], [ -67.1093, 18.2713 ], [ -67.1098, 18.2705 ], [ -67.1115, 18.2709 ], [ -67.1123, 18.2701 ] ] } },
{ "type": "Feature", "properties": { "gnis_name": null, "streamorde": 3, "lengthkm": 0.04626907, "totdasqkm": 16.67519975 }, "geometry": { "type": "LineString", "coordinates": [ [ -67.1029, 18.5131 ], [ -67.1033, 18.5133 ] ] } },
{ "type": "Feature", "properties": { "gnis_name": "Río Grande de Añasco", "streamorde": 5, "lengthkm": 0.29619581, "totdasqkm": 325.12630044000002 }, "geometry": { "type": "LineString", "coordinates": [ [ -67.0149, 18.2776 ], [ -67.0175, 18.2768 ] ] } },
{ "type": "Feature", "properties": { "gnis_name": "Río Espíritu Santo", "streamorde": 4, "lengthkm": 0.65290846, "totdasqkm": 33.03330017 }, "geometry": { "type": "LineString", "coordinates": [ [ -65.8132, 18.3585 ], [ -65.8119, 18.3599 ], [ -65.8129, 18.3623 ], [ -65.8141, 18.3631 ] ] } },
{ "type": "Feature", "properties": { "gnis_name": "Río Yauco", "streamorde": 3, "lengthkm": 0.41760204, "totdasqkm": 34.02590026 }, "geometry": { "type": "LineString", "coordinates": [ [ -66.8663, 18.0944 ], [ -66.864, 18.0939 ], [ -66.8638, 18.0925 ] ] } },
{ "type": "Feature", "properties": { "gnis_name": null, "streamorde": 3, "lengthkm": 1.07018116, "totdasqkm": 1.96220007 }, "geometry": { "type": "LineString", "coordinates": [ [ -65.9969, 18.154 ], [ -65.9961, 18.1547 ], [ -65.9944, 18.1548 ], [ -65.9937, 18.1559 ], [ -65.993, 18.1558 ], [ -65.9927, 18.1571 ], [ -65.9939, 18.1582 ], [ -65.9928, 18.1585 ], [ -65.9926, 18.159 ] ] } },
{ "type": "Feature", "properties": { "gnis_name": "Río Mameyes", "streamorde": 3, "lengthkm": 0.913, "totdasqkm": 12.14469999 }, "geometry": { "type": "LineString", "coordinates": [ [ -65.7617, 18.3082 ], [ -65.7613, 18.3097 ], [ -65.7599, 18.3111 ], [ -65.7593, 18.3158 ] ] } },
{ "type": "Feature", "properties": { "gnis_name": "Río Cuyón", "streamorde": 3, "lengthkm": 1.95621417, "totdasqkm": 22.37339993 }, "geometry": { "type": "LineString", "coordinates": [ [ -66.277, 18.0789 ], [ -66.2778, 18.0783 ], [ -66.2787, 18.0794 ], [ -66.2809, 18.0788 ], [ -66.2821, 18.0789 ], [ -66.2861, 18.0809 ], [ -66.2876, 18.0802 ], [ -66.2903, 18.0823 ], [ -66.2926, 18.0813 ] ] } },
{ "type": "Feature", "properties": { "gnis_name": null, "streamorde": 3, "lengthkm": 0.263, "totdasqkm": 38.68930034 }, "geometry": { "type": "LineString", "coordinates": [ [ -65.6894, 18.298 ], [ -65.6887, 18.2985 ], [ -65.6883, 18.2999 ] ] } },
{ "type": "Feature", "properties": { "gnis_name": null, "streamorde": 3, "lengthkm": 1.11656796, "totdasqkm": 8.47260003 }, "geometry": { "type": "LineString", "coordinates": [ [ -66.9632, 18.0247 ], [ -66.9646, 18.0147 ] ] } },
{ "type": "Feature", "properties": { "gnis_name": null, "streamorde": 3, "lengthkm": 0.048, "totdasqkm": 7.78220024 }, "geometry": { "type": "LineString", "coordinates": [ [ -66.3805, 18.3311 ], [ -66.3806, 18.3314 ] ] } },
{ "type": "Feature", "properties": { "gnis_name": "Río Turabo", "streamorde": 4, "lengthkm": 0.12685888, "totdasqkm": 79.95080002 }, "geometry": { "type": "LineString", "coordinates": [ [ -66.0148, 18.2259 ], [ -66.0138, 18.2254 ] ] } },
{ "type": "Feature", "properties": { "gnis_name": "Río Grande de Añasco", "streamorde": 5, "lengthkm": 0.24148238, "totdasqkm": 274.7958001 }, "geometry": { "type": "LineString", "coordinates": [ [ -66.9572, 18.272 ], [ -66.9594, 18.2715 ] ] } },
{ "type": "Feature", "properties": { "gnis_name": null, "streamorde": 3, "lengthkm": 0.41795484, "totdasqkm": 10.72369996 }, "geometry": { "type": "LineString", "coordinates": [ [ -66.2163, 17.9706 ], [ -66.2162, 17.9669 ] ] } },
{ "type": "Feature", "properties": { "gnis_name": null, "streamorde": 3, "lengthkm": 2.10293831, "totdasqkm": 15.91700018 }, "geometry": { "type": "LineString", "coordinates": [ [ -66.9026, 18.0185 ], [ -66.9025, 18.0168 ], [ -66.9047, 18.0152 ], [ -66.9062, 18.0151 ], [ -66.9083, 18.0114 ], [ -66.9138, 18.0087 ], [ -66.9168, 18.0087 ] ] } },
{ "type": "Feature", "properties": { "gnis_name": "Río Blanco", "streamorde": 4, "lengthkm": 1.33107442, "totdasqkm": 94.19470045 }, "geometry": { "type": "LineString", "coordinates": [ [ -66.8728, 18.2481 ], [ -66.8741, 18.2483 ], [ -66.8745, 18.2472 ], [ -66.8795, 18.2466 ], [ -66.8801, 18.2471 ], [ -66.8801, 18.2492 ], [ -66.8817, 18.2495 ] ] } },
{ "type": "Feature", "properties": { "gnis_name": "Río Bauta", "streamorde": 3, "lengthkm": 0.49857735, "totdasqkm": 19.16159984 }, "geometry": { "type": "LineString", "coordinates": [ [ -66.4353, 18.1887 ], [ -66.4378, 18.1894 ], [ -66.438, 18.1913 ] ] } },
{ "type": "Feature", "properties": { "gnis_name": "Río Orocovis", "streamorde": 3, "lengthkm": 0.25510204, "totdasqkm": 25.81179988 }, "geometry": { "type": "LineString", "coordinates": [ [ -66.3807, 18.2374 ], [ -66.3797, 18.2379 ], [ -66.3793, 18.239 ] ] } },
{ "type": "Feature", "properties": { "gnis_name": null, "streamorde": 3, "lengthkm": 0.33950073, "totdasqkm": 308.22669972 }, "geometry": { "type": "LineString", "coordinates": [ [ -67.1457, 18.1305 ], [ -67.1442, 18.1332 ] ] } },
{ "type": "Feature", "properties": { "gnis_name": null, "streamorde": 3, "lengthkm": 0.346, "totdasqkm": 22.39240023 }, "geometry": { "type": "LineString", "coordinates": [ [ -66.0593, 18.3791 ], [ -66.0592, 18.3822 ] ] } },
{ "type": "Feature", "properties": { "gnis_name": "Río Hondo", "streamorde": 4, "lengthkm": 0.13005167, "totdasqkm": 19.67530002 }, "geometry": { "type": "LineString", "coordinates": [ [ -66.2707, 18.2192 ], [ -66.2695, 18.2193 ] ] } },
{ "type": "Feature", "properties": { "gnis_name": null, "streamorde": 3, "lengthkm": 0.454, "totdasqkm": 5.90020013 }, "geometry": { "type": "LineString", "coordinates": [ [ -66.3579, 18.0527 ], [ -66.3609, 18.0517 ], [ -66.3613, 18.0509 ] ] } },
{ "type": "Feature", "properties": { "gnis_name": "Río Grande de Patillas", "streamorde": 3, "lengthkm": 0.21254605, "totdasqkm": 47.67780001 }, "geometry": { "type": "LineString", "coordinates": [ [ -66.0312, 18.031 ], [ -66.0293, 18.0308 ] ] } },
{ "type": "Feature", "properties": { "gnis_name": null, "streamorde": 4, "lengthkm": 0.31163431, "totdasqkm": 95.42930009 }, "geometry": { "type": "LineString", "coordinates": [ [ -66.6412, 18.2203 ], [ -66.6418, 18.223 ] ] } },
{ "type": "Feature", "properties": { "gnis_name": "Río Grande de Añasco", "streamorde": 5, "lengthkm": 0.52021654, "totdasqkm": 366.22770041000001 }, "geometry": { "type": "LineString", "coordinates": [ [ -67.0859, 18.2763 ], [ -67.0879, 18.2774 ], [ -67.0901, 18.2761 ] ] } },
{ "type": "Feature", "properties": { "gnis_name": null, "streamorde": 3, "lengthkm": 0.307, "totdasqkm": 16.46970001 }, "geometry": { "type": "LineString", "coordinates": [ [ -65.8541, 18.0494 ], [ -65.8527, 18.05 ], [ -65.8518, 18.051 ] ] } },
{ "type": "Feature", "properties": { "gnis_name": null, "streamorde": 3, "lengthkm": 0.25467039, "totdasqkm": 12.4104001 }, "geometry": { "type": "LineString", "coordinates": [ [ -67.0442, 18.0106 ], [ -67.042, 18.0097 ] ] } },
{ "type": "Feature", "properties": { "gnis_name": null, "streamorde": 4, "lengthkm": 0.06925482, "totdasqkm": 133.42350008999998 }, "geometry": { "type": "LineString", "coordinates": [ [ -66.642, 18.3008 ], [ -66.6419, 18.3014 ] ] } },
{ "type": "Feature", "properties": { "gnis_name": "Río Grande de Arecibo", "streamorde": 6, "lengthkm": 1.98864446, "totdasqkm": 633.70919998 }, "geometry": { "type": "LineString", "coordinates": [ [ -66.7076, 18.4589 ], [ -66.7081, 18.4592 ], [ -66.7081, 18.4606 ], [ -66.7057, 18.4623 ], [ -66.7069, 18.4639 ], [ -66.7092, 18.4647 ], [ -66.7088, 18.4664 ], [ -66.7114, 18.4697 ], [ -66.7117, 18.4721 ] ] } },
{ "type": "Feature", "properties": { "gnis_name": "Río Caonillas", "streamorde": 4, "lengthkm": 0.8854576, "totdasqkm": 141.33950001 }, "geometry": { "type": "LineString", "coordinates": [ [ -66.6533, 18.3149 ], [ -66.655, 18.3175 ], [ -66.6554, 18.3201 ], [ -66.6564, 18.3221 ] ] } },
{ "type": "Feature", "properties": { "gnis_name": null, "streamorde": 3, "lengthkm": 0.19642969, "totdasqkm": 5.06629993 }, "geometry": { "type": "LineString", "coordinates": [ [ -67.151, 18.2134 ], [ -67.152, 18.2149 ] ] } },
{ "type": "Feature", "properties": { "gnis_name": "Río de la Plata", "streamorde": 4, "lengthkm": 0.49975851, "totdasqkm": 159.22409997 }, "geometry": { "type": "LineString", "coordinates": [ [ -66.2169, 18.1432 ], [ -66.2202, 18.1428 ], [ -66.2203, 18.1439 ] ] } },
{ "type": "Feature", "properties": { "gnis_name": "Río Ingenio", "streamorde": 3, "lengthkm": 0.885, "totdasqkm": 12.05280008 }, "geometry": { "type": "LineString", "coordinates": [ [ -67.2044, 18.3535 ], [ -67.205, 18.355 ], [ -67.206, 18.3538 ], [ -67.2066, 18.354 ], [ -67.2069, 18.3561 ], [ -67.2063, 18.3579 ] ] } },
{ "type": "Feature", "properties": { "gnis_name": "Río Guaynabo", "streamorde": 4, "lengthkm": 0.18091786, "totdasqkm": 47.43389994 }, "geometry": { "type": "LineString", "coordinates": [ [ -66.1302, 18.3708 ], [ -66.1311, 18.3721 ] ] } },
{ "type": "Feature", "properties": { "gnis_name": null, "streamorde": 4, "lengthkm": 0.00728577, "totdasqkm": 14.38070003 }, "geometry": { "type": "LineString", "coordinates": [ [ -67.0605, 18.2451 ], [ -67.0606, 18.2451 ] ] } },
{ "type": "Feature", "properties": { "gnis_name": "Río Bauta", "streamorde": 3, "lengthkm": 1.81447617, "totdasqkm": 63.09519973 }, "geometry": { "type": "LineString", "coordinates": [ [ -66.4568, 18.2578 ], [ -66.4585, 18.2588 ], [ -66.4585, 18.2605 ], [ -66.4574, 18.2614 ], [ -66.4553, 18.2621 ], [ -66.455, 18.2629 ], [ -66.46, 18.2643 ], [ -66.4598, 18.2673 ] ] } },
{ "type": "Feature", "properties": { "gnis_name": null, "streamorde": 3, "lengthkm": 0.02659026, "totdasqkm": 45.08600017 }, "geometry": { "type": "LineString", "coordinates": [ [ -65.8965, 17.9905 ], [ -65.8964, 17.9903 ] ] } },
{ "type": "Feature", "properties": { "gnis_name": "Río Grande de Manati", "streamorde": 3, "lengthkm": 0.56553063, "totdasqkm": 31.64009983 }, "geometry": { "type": "LineString", "coordinates": [ [ -66.3195, 18.2811 ], [ -66.3201, 18.2813 ], [ -66.3216, 18.2799 ], [ -66.3224, 18.2805 ], [ -66.3239, 18.2803 ] ] } },
{ "type": "Feature", "properties": { "gnis_name": "Río Cañas", "streamorde": 3, "lengthkm": 0.42617623, "totdasqkm": 11.5125 }, "geometry": { "type": "LineString", "coordinates": [ [ -66.2475, 18.3275 ], [ -66.2466, 18.3289 ], [ -66.2469, 18.3297 ], [ -66.2462, 18.3308 ] ] } },
{ "type": "Feature", "properties": { "gnis_name": "Río Cerrillos", "streamorde": 4, "lengthkm": 0.106, "totdasqkm": 55.61820025 }, "geometry": { "type": "LineString", "coordinates": [ [ -66.5849, 18.0505 ], [ -66.5854, 18.0497 ] ] } },
{ "type": "Feature", "properties": { "gnis_name": "Río Gurabo", "streamorde": 5, "lengthkm": 0.43131825, "totdasqkm": 149.23899985 }, "geometry": { "type": "LineString", "coordinates": [ [ -65.953, 18.2574 ], [ -65.9541, 18.2598 ], [ -65.955, 18.2606 ] ] } },
{ "type": "Feature", "properties": { "gnis_name": null, "streamorde": 3, "lengthkm": 1.031, "totdasqkm": 16.41860003 }, "geometry": { "type": "LineString", "coordinates": [ [ -65.7848, 18.2616 ], [ -65.7847, 18.2607 ], [ -65.7837, 18.26 ], [ -65.7829, 18.2604 ], [ -65.7823, 18.2599 ], [ -65.7817, 18.258 ], [ -65.7806, 18.2579 ], [ -65.779, 18.2568 ] ] } },
{ "type": "Feature", "properties": { "gnis_name": "Río Cuesta Arriba", "streamorde": 3, "lengthkm": 0.01135628, "totdasqkm": 14.3780998 }, "geometry": { "type": "LineString", "coordinates": [ [ -66.2084, 18.2958 ], [ -66.2085, 18.2958 ] ] } },
{ "type": "Feature", "properties": { "gnis_name": null, "streamorde": 3, "lengthkm": 0.468, "totdasqkm": 8.91540011 }, "geometry": { "type": "LineString", "coordinates": [ [ -66.8332, 18.2759 ], [ -66.8318, 18.2757 ], [ -66.8319, 18.2766 ], [ -66.831, 18.2768 ], [ -66.8305, 18.2778 ] ] } },
{ "type": "Feature", "properties": { "gnis_name": null, "streamorde": 3, "lengthkm": 0.51, "totdasqkm": 2.9052 }, "geometry": { "type": "LineString", "coordinates": [ [ -65.9587, 18.0828 ], [ -65.9573, 18.0827 ], [ -65.9567, 18.0822 ], [ -65.9567, 18.0818 ], [ -65.9576, 18.0815 ], [ -65.9576, 18.0805 ] ] } },
{ "type": "Feature", "properties": { "gnis_name": "Río Zamas", "streamorde": 3, "lengthkm": 1.33339148, "totdasqkm": 6.61820002 }, "geometry": { "type": "LineString", "coordinates": [ [ -66.6087, 18.1966 ], [ -66.6081, 18.2028 ], [ -66.6115, 18.2042 ], [ -66.6121, 18.2058 ] ] } },
{ "type": "Feature", "properties": { "gnis_name": "Río Grande de Patillas", "streamorde": 3, "lengthkm": 0.6407626, "totdasqkm": 51.80649997 }, "geometry": { "type": "LineString", "coordinates": [ [ -66.0246, 18.0258 ], [ -66.0204, 18.0217 ] ] } },
{ "type": "Feature", "properties": { "gnis_name": null, "streamorde": 4, "lengthkm": 0.33963012, "totdasqkm": 23.4050999 }, "geometry": { "type": "LineString", "coordinates": [ [ -67.09, 18.262 ], [ -67.0909, 18.2626 ], [ -67.0901, 18.2643 ] ] } },
{ "type": "Feature", "properties": { "gnis_name": null, "streamorde": 5, "lengthkm": 0.04354849, "totdasqkm": 168.52100002999998 }, "geometry": { "type": "LineString", "coordinates": [ [ -66.3901, 18.0146 ], [ -66.3898, 18.0144 ] ] } },
{ "type": "Feature", "properties": { "gnis_name": "Río Yagüez", "streamorde": 3, "lengthkm": 2.64878103, "totdasqkm": 16.60650009 }, "geometry": { "type": "LineString", "coordinates": [ [ -67.1002, 18.2057 ], [ -67.1029, 18.2049 ], [ -67.1046, 18.2051 ], [ -67.1051, 18.2056 ], [ -67.105, 18.2067 ], [ -67.1065, 18.2064 ], [ -67.1085, 18.2072 ], [ -67.1091, 18.208 ], [ -67.1092, 18.209 ], [ -67.1101, 18.2081 ], [ -67.1116, 18.2097 ], [ -67.1124, 18.2094 ], [ -67.1116, 18.208 ], [ -67.1127, 18.2081 ], [ -67.1137, 18.2089 ], [ -67.1135, 18.2079 ], [ -67.1138, 18.2077 ], [ -67.1151, 18.2086 ] ] } },
{ "type": "Feature", "properties": { "gnis_name": "Río Grande de Manati", "streamorde": 3, "lengthkm": 1.74706236, "totdasqkm": 26.13489987 }, "geometry": { "type": "LineString", "coordinates": [ [ -66.2938, 18.2654 ], [ -66.2928, 18.2655 ], [ -66.2935, 18.2661 ], [ -66.294, 18.2675 ], [ -66.2939, 18.2684 ], [ -66.293, 18.2689 ], [ -66.294, 18.2697 ], [ -66.2951, 18.2692 ], [ -66.2961, 18.2695 ], [ -66.2963, 18.2712 ], [ -66.2971, 18.2718 ], [ -66.2977, 18.2735 ], [ -66.2974, 18.2753 ] ] } },
{ "type": "Feature", "properties": { "gnis_name": "Río Turabo", "streamorde": 4, "lengthkm": 0.13619588, "totdasqkm": 28.78320015 }, "geometry": { "type": "LineString", "coordinates": [ [ -66.0479, 18.1831 ], [ -66.0487, 18.1841 ] ] } },
{ "type": "Feature", "properties": { "gnis_name": "Río de la Plata", "streamorde": 5, "lengthkm": 0.31226365, "totdasqkm": 406.83399994000001 }, "geometry": { "type": "LineString", "coordinates": [ [ -66.2056, 18.3138 ], [ -66.2051, 18.3166 ] ] } },
{ "type": "Feature", "properties": { "gnis_name": "Río de la Plata", "streamorde": 5, "lengthkm": 0.11804898, "totdasqkm": 369.94000016000001 }, "geometry": { "type": "LineString", "coordinates": [ [ -66.2059, 18.2606 ], [ -66.2063, 18.2616 ] ] } },
{ "type": "Feature", "properties": { "gnis_name": "Río Canóvanas", "streamorde": 3, "lengthkm": 0.17577376, "totdasqkm": 9.13950004 }, "geometry": { "type": "LineString", "coordinates": [ [ -65.878, 18.2898 ], [ -65.8796, 18.2894 ] ] } },
{ "type": "Feature", "properties": { "gnis_name": "Río Rosario", "streamorde": 4, "lengthkm": 0.01292096, "totdasqkm": 44.69560021 }, "geometry": { "type": "LineString", "coordinates": [ [ -67.073, 18.1729 ], [ -67.0731, 18.1729 ] ] } },
{ "type": "Feature", "properties": { "gnis_name": null, "streamorde": 3, "lengthkm": 0.1389901, "totdasqkm": 25.67249996 }, "geometry": { "type": "LineString", "coordinates": [ [ -65.9672, 18.4204 ], [ -65.9675, 18.4216 ] ] } },
{ "type": "Feature", "properties": { "gnis_name": "Río Bauta", "streamorde": 3, "lengthkm": 1.67314319, "totdasqkm": 51.33809974 }, "geometry": { "type": "LineString", "coordinates": [ [ -66.4486, 18.2432 ], [ -66.4485, 18.244 ], [ -66.449, 18.2446 ], [ -66.4502, 18.2449 ], [ -66.4493, 18.2461 ], [ -66.4501, 18.2477 ], [ -66.45, 18.2494 ], [ -66.451, 18.2502 ], [ -66.4529, 18.2502 ], [ -66.4529, 18.2523 ], [ -66.4539, 18.2524 ], [ -66.4544, 18.2519 ] ] } },
{ "type": "Feature", "properties": { "gnis_name": "Río Unibón", "streamorde": 3, "lengthkm": 1.41223937, "totdasqkm": 16.28450022 }, "geometry": { "type": "LineString", "coordinates": [ [ -66.3746, 18.3442 ], [ -66.3757, 18.3436 ], [ -66.377, 18.3442 ], [ -66.3788, 18.3429 ], [ -66.3803, 18.3433 ], [ -66.3813, 18.3425 ], [ -66.384, 18.3443 ], [ -66.3859, 18.3448 ] ] } },
{ "type": "Feature", "properties": { "gnis_name": null, "streamorde": 4, "lengthkm": 0.08652335, "totdasqkm": 27.17789997 }, "geometry": { "type": "LineString", "coordinates": [ [ -67.1048, 18.2713 ], [ -67.1056, 18.2714 ] ] } },
{ "type": "Feature", "properties": { "gnis_name": null, "streamorde": 3, "lengthkm": 0.01369106, "totdasqkm": 6.0857 }, "geometry": { "type": "LineString", "coordinates": [ [ -66.0149, 18.2259 ], [ -66.0148, 18.2259 ] ] } },
{ "type": "Feature", "properties": { "gnis_name": "Río Guayanilla", "streamorde": 4, "lengthkm": 0.567, "totdasqkm": 18.12990006 }, "geometry": { "type": "LineString", "coordinates": [ [ -66.7968, 18.094 ], [ -66.7955, 18.0905 ], [ -66.7944, 18.0898 ] ] } },
{ "type": "Feature", "properties": { "gnis_name": "Río Guayanés", "streamorde": 4, "lengthkm": 4.075, "totdasqkm": 45.8272998 }, "geometry": { "type": "LineString", "coordinates": [ [ -65.9065, 18.0545 ], [ -65.9049, 18.0551 ], [ -65.9034, 18.0545 ], [ -65.9028, 18.0551 ], [ -65.9012, 18.0542 ], [ -65.9001, 18.055 ], [ -65.901, 18.0562 ], [ -65.9004, 18.0571 ], [ -65.899, 18.0564 ], [ -65.898, 18.0569 ], [ -65.8969, 18.0557 ], [ -65.8959, 18.0556 ], [ -65.8946, 18.057 ], [ -65.8937, 18.0595 ], [ -65.8918, 18.0596 ], [ -65.8915, 18.0584 ], [ -65.8906, 18.0582 ], [ -65.8874, 18.0604 ], [ -65.8844, 18.0598 ], [ -65.8838, 18.0613 ], [ -65.8824, 18.0613 ], [ -65.8813, 18.0622 ], [ -65.8801, 18.0623 ] ] } },
{ "type": "Feature", "properties": { "gnis_name": null, "streamorde": 3, "lengthkm": 0.308, "totdasqkm": 7.76000002 }, "geometry": { "type": "LineString", "coordinates": [ [ -67.0399, 18.2321 ], [ -67.0417, 18.234 ] ] } },
{ "type": "Feature", "properties": { "gnis_name": "Canal de Patillas", "streamorde": 4, "lengthkm": 0.08622123, "totdasqkm": 66.25769989 }, "geometry": { "type": "LineString", "coordinates": [ [ -66.0227, 18.0195 ], [ -66.0228, 18.0188 ] ] } },
{ "type": "Feature", "properties": { "gnis_name": "Río Anton Ruiz", "streamorde": 4, "lengthkm": 0.17072072, "totdasqkm": 33.7324997 }, "geometry": { "type": "LineString", "coordinates": [ [ -65.7397, 18.1751 ], [ -65.739, 18.1737 ] ] } },
{ "type": "Feature", "properties": { "gnis_name": "Río Culebrinas", "streamorde": 4, "lengthkm": 0.24771804, "totdasqkm": 167.31839995 }, "geometry": { "type": "LineString", "coordinates": [ [ -67.0869, 18.3594 ], [ -67.0878, 18.3592 ], [ -67.089, 18.3598 ] ] } },
{ "type": "Feature", "properties": { "gnis_name": "Río de Bayamón", "streamorde": 4, "lengthkm": 0.70054545, "totdasqkm": 71.95340006000001 }, "geometry": { "type": "LineString", "coordinates": [ [ -66.1439, 18.2796 ], [ -66.1417, 18.2824 ], [ -66.1423, 18.2828 ], [ -66.1433, 18.2825 ], [ -66.144, 18.2831 ] ] } },
{ "type": "Feature", "properties": { "gnis_name": "Río Gurabo", "streamorde": 5, "lengthkm": 0.57853743, "totdasqkm": 137.56669995 }, "geometry": { "type": "LineString", "coordinates": [ [ -65.9406, 18.2499 ], [ -65.9416, 18.2511 ], [ -65.943, 18.2516 ], [ -65.9447, 18.253 ] ] } },
{ "type": "Feature", "properties": { "gnis_name": "Río Yauco", "streamorde": 4, "lengthkm": 0.396, "totdasqkm": 53.44690027 }, "geometry": { "type": "LineString", "coordinates": [ [ -66.8546, 18.0637 ], [ -66.8552, 18.0623 ], [ -66.8569, 18.0611 ] ] } },
{ "type": "Feature", "properties": { "gnis_name": "Río Pellejas", "streamorde": 3, "lengthkm": 0.48973433, "totdasqkm": 21.92819985 }, "geometry": { "type": "LineString", "coordinates": [ [ -66.7058, 18.206 ], [ -66.7058, 18.207 ], [ -66.7042, 18.208 ], [ -66.7044, 18.2094 ] ] } },
{ "type": "Feature", "properties": { "gnis_name": "Río Grande de Jayuya", "streamorde": 4, "lengthkm": 1.82055486, "totdasqkm": 76.20500004 }, "geometry": { "type": "LineString", "coordinates": [ [ -66.6286, 18.2178 ], [ -66.6294, 18.2183 ], [ -66.6313, 18.2179 ], [ -66.6325, 18.2188 ], [ -66.6322, 18.2211 ], [ -66.633, 18.2213 ], [ -66.6343, 18.2206 ], [ -66.6347, 18.2216 ], [ -66.6378, 18.2213 ], [ -66.6398, 18.2192 ] ] } },
{ "type": "Feature", "properties": { "gnis_name": "Río de la Plata", "streamorde": 4, "lengthkm": 0.35778479, "totdasqkm": 162.30830004000001 }, "geometry": { "type": "LineString", "coordinates": [ [ -66.2273, 18.1507 ], [ -66.228, 18.1522 ], [ -66.2267, 18.1527 ] ] } },
{ "type": "Feature", "properties": { "gnis_name": "Río Emajagua", "streamorde": 3, "lengthkm": 0.45006403, "totdasqkm": 13.1822002 }, "geometry": { "type": "LineString", "coordinates": [ [ -66.0053, 18.1263 ], [ -66.0025, 18.1234 ] ] } },
{ "type": "Feature", "properties": { "gnis_name": "Río Toro Negro", "streamorde": 4, "lengthkm": 0.19414022, "totdasqkm": 81.99239997 }, "geometry": { "type": "LineString", "coordinates": [ [ -66.4841, 18.2923 ], [ -66.4824, 18.2929 ] ] } },
{ "type": "Feature", "properties": { "gnis_name": "Río Yagüez", "streamorde": 3, "lengthkm": 0.07845834, "totdasqkm": 10.64789994 }, "geometry": { "type": "LineString", "coordinates": [ [ -67.0771, 18.1986 ], [ -67.0778, 18.1983 ] ] } },
{ "type": "Feature", "properties": { "gnis_name": null, "streamorde": 4, "lengthkm": 2.64870561, "totdasqkm": 120.94720009 }, "geometry": { "type": "LineString", "coordinates": [ [ -66.503, 18.076 ], [ -66.5027, 18.0754 ], [ -66.4996, 18.0757 ], [ -66.4994, 18.0744 ], [ -66.5004, 18.0736 ], [ -66.5005, 18.0724 ], [ -66.5015, 18.0714 ], [ -66.5011, 18.0713 ], [ -66.5016, 18.0699 ], [ -66.5032, 18.0685 ], [ -66.5054, 18.0689 ], [ -66.5039, 18.0665 ], [ -66.505, 18.0663 ], [ -66.5058, 18.067 ], [ -66.5058, 18.0647 ] ] } },
{ "type": "Feature", "properties": { "gnis_name": "Río Morovis", "streamorde": 3, "lengthkm": 2.27424476, "totdasqkm": 14.37740004 }, "geometry": { "type": "LineString", "coordinates": [ [ -66.4011, 18.3478 ], [ -66.4002, 18.3501 ], [ -66.3998, 18.3534 ], [ -66.4005, 18.3537 ], [ -66.4003, 18.3558 ], [ -66.4012, 18.3553 ], [ -66.4021, 18.3568 ], [ -66.403, 18.3568 ], [ -66.4028, 18.3578 ], [ -66.4034, 18.3591 ], [ -66.4024, 18.3605 ], [ -66.403, 18.3617 ], [ -66.4018, 18.3615 ], [ -66.4014, 18.3624 ] ] } },
{ "type": "Feature", "properties": { "gnis_name": "Río Grande De Loiza", "streamorde": 6, "lengthkm": 2.02099264, "totdasqkm": 582.88439951000009 }, "geometry": { "type": "LineString", "coordinates": [ [ -65.9843, 18.3585 ], [ -65.9819, 18.3586 ], [ -65.9773, 18.362 ], [ -65.9748, 18.363 ], [ -65.9735, 18.363 ], [ -65.9701, 18.3609 ], [ -65.9676, 18.3604 ] ] } },
{ "type": "Feature", "properties": { "gnis_name": "Río Culebrinas", "streamorde": 5, "lengthkm": 0.19574086, "totdasqkm": 260.78260002000002 }, "geometry": { "type": "LineString", "coordinates": [ [ -67.1755, 18.4053 ], [ -67.1772, 18.4058 ] ] } },
{ "type": "Feature", "properties": { "gnis_name": null, "streamorde": 3, "lengthkm": 1.45281708, "totdasqkm": 27.90990001 }, "geometry": { "type": "LineString", "coordinates": [ [ -66.2239, 17.9768 ], [ -66.2222, 17.974 ], [ -66.2195, 17.9713 ], [ -66.2184, 17.9678 ], [ -66.2162, 17.9669 ] ] } },
{ "type": "Feature", "properties": { "gnis_name": null, "streamorde": 5, "lengthkm": 0.04655669, "totdasqkm": 344.35379992000003 }, "geometry": { "type": "LineString", "coordinates": [ [ -66.4642, 18.3093 ], [ -66.464, 18.3097 ] ] } },
{ "type": "Feature", "properties": { "gnis_name": "Río Toa Vaca", "streamorde": 3, "lengthkm": 0.06593424, "totdasqkm": 57.44690016 }, "geometry": { "type": "LineString", "coordinates": [ [ -66.4888, 18.0995 ], [ -66.4893, 18.0991 ] ] } },
{ "type": "Feature", "properties": { "gnis_name": null, "streamorde": 3, "lengthkm": 0.792, "totdasqkm": 16.5162999 }, "geometry": { "type": "LineString", "coordinates": [ [ -65.7079, 18.3684 ], [ -65.7087, 18.3691 ], [ -65.7105, 18.3689 ], [ -65.7101, 18.3698 ], [ -65.7088, 18.3698 ], [ -65.7091, 18.3715 ] ] } },
{ "type": "Feature", "properties": { "gnis_name": "Río Guavate", "streamorde": 3, "lengthkm": 0.52002931, "totdasqkm": 9.28079993 }, "geometry": { "type": "LineString", "coordinates": [ [ -66.0871, 18.1304 ], [ -66.0885, 18.1307 ], [ -66.0896, 18.1289 ], [ -66.0905, 18.1286 ] ] } },
{ "type": "Feature", "properties": { "gnis_name": "Río Hondo", "streamorde": 4, "lengthkm": 0.79204799, "totdasqkm": 26.11040009 }, "geometry": { "type": "LineString", "coordinates": [ [ -66.2512, 18.2121 ], [ -66.2504, 18.2123 ], [ -66.2479, 18.2111 ], [ -66.2462, 18.2116 ], [ -66.2445, 18.2108 ] ] } },
{ "type": "Feature", "properties": { "gnis_name": null, "streamorde": 3, "lengthkm": 0.02297428, "totdasqkm": 7.41759997 }, "geometry": { "type": "LineString", "coordinates": [ [ -66.4491, 18.3067 ], [ -66.4493, 18.3066 ] ] } },
{ "type": "Feature", "properties": { "gnis_name": "Río Guayanilla", "streamorde": 4, "lengthkm": 0.074, "totdasqkm": 35.84020021000001 }, "geometry": { "type": "LineString", "coordinates": [ [ -66.7815, 18.0645 ], [ -66.7811, 18.064 ] ] } },
{ "type": "Feature", "properties": { "gnis_name": null, "streamorde": 4, "lengthkm": 0.24028449, "totdasqkm": 38.0989001 }, "geometry": { "type": "LineString", "coordinates": [ [ -67.1346, 18.0109 ], [ -67.1363, 18.0116 ] ] } },
{ "type": "Feature", "properties": { "gnis_name": "Río Grande de Jayuya", "streamorde": 3, "lengthkm": 0.3243402, "totdasqkm": 45.61599983000001 }, "geometry": { "type": "LineString", "coordinates": [ [ -66.5944, 18.2173 ], [ -66.5959, 18.2164 ], [ -66.5966, 18.2154 ] ] } },
{ "type": "Feature", "properties": { "gnis_name": null, "streamorde": 5, "lengthkm": 0.07397978, "totdasqkm": 223.63009990999998 }, "geometry": { "type": "LineString", "coordinates": [ [ -66.3589, 18.4746 ], [ -66.3596, 18.4745 ] ] } },
{ "type": "Feature", "properties": { "gnis_name": "Río Grande de Manati", "streamorde": 3, "lengthkm": 2.33587623, "totdasqkm": 35.64939977 }, "geometry": { "type": "LineString", "coordinates": [ [ -66.329, 18.2749 ], [ -66.3309, 18.2748 ], [ -66.3332, 18.2764 ], [ -66.3348, 18.2791 ], [ -66.3365, 18.2794 ], [ -66.3383, 18.2791 ], [ -66.3371, 18.2827 ], [ -66.3385, 18.2828 ], [ -66.3428, 18.2809 ] ] } },
{ "type": "Feature", "properties": { "gnis_name": null, "streamorde": 4, "lengthkm": 0.07808236, "totdasqkm": 27.18889998 }, "geometry": { "type": "LineString", "coordinates": [ [ -67.1056, 18.2714 ], [ -67.1059, 18.2708 ] ] } },
{ "type": "Feature", "properties": { "gnis_name": "Río Tanamá", "streamorde": 4, "lengthkm": 0.12520392, "totdasqkm": 103.5371996 }, "geometry": { "type": "LineString", "coordinates": [ [ -66.7288, 18.388 ], [ -66.7288, 18.3891 ] ] } },
{ "type": "Feature", "properties": { "gnis_name": "Río Sana Muerto", "streamorde": 3, "lengthkm": 1.47852144, "totdasqkm": 8.88489989 }, "geometry": { "type": "LineString", "coordinates": [ [ -66.411, 18.2573 ], [ -66.4108, 18.2589 ], [ -66.4117, 18.2594 ], [ -66.4116, 18.2603 ], [ -66.4124, 18.2608 ], [ -66.4118, 18.2615 ], [ -66.4124, 18.2628 ], [ -66.4119, 18.2648 ], [ -66.4129, 18.2676 ], [ -66.4126, 18.2685 ] ] } },
{ "type": "Feature", "properties": { "gnis_name": "Río Caonillas", "streamorde": 4, "lengthkm": 0.27830517, "totdasqkm": 126.39939999 }, "geometry": { "type": "LineString", "coordinates": [ [ -66.6533, 18.2804 ], [ -66.6507, 18.2803 ] ] } },
{ "type": "Feature", "properties": { "gnis_name": "Río Culebrinas", "streamorde": 4, "lengthkm": 0.86995031, "totdasqkm": 166.90659994000001 }, "geometry": { "type": "LineString", "coordinates": [ [ -67.0849, 18.3651 ], [ -67.0861, 18.3647 ], [ -67.0848, 18.3621 ], [ -67.0854, 18.3613 ], [ -67.0871, 18.361 ], [ -67.0871, 18.3602 ] ] } },
{ "type": "Feature", "properties": { "gnis_name": "Río Bauta", "streamorde": 3, "lengthkm": 0.83388316, "totdasqkm": 43.54969978 }, "geometry": { "type": "LineString", "coordinates": [ [ -66.4599, 18.2357 ], [ -66.4567, 18.2352 ], [ -66.4557, 18.2361 ], [ -66.4543, 18.2338 ] ] } },
{ "type": "Feature", "properties": { "gnis_name": null, "streamorde": 3, "lengthkm": 0.464, "totdasqkm": 50.94030034 }, "geometry": { "type": "LineString", "coordinates": [ [ -65.6602, 18.3067 ], [ -65.6584, 18.3075 ], [ -65.6562, 18.3069 ] ] } },
{ "type": "Feature", "properties": { "gnis_name": "Río Sonador", "streamorde": 3, "lengthkm": 0.99268801, "totdasqkm": 14.1822001 }, "geometry": { "type": "LineString", "coordinates": [ [ -67.0066, 18.3057 ], [ -67.0062, 18.3064 ], [ -67.0069, 18.3068 ], [ -67.0055, 18.3076 ], [ -67.0058, 18.3088 ], [ -67.0053, 18.3088 ], [ -67.0069, 18.3097 ], [ -67.0067, 18.311 ] ] } },
{ "type": "Feature", "properties": { "gnis_name": "Río Grande de Manati", "streamorde": 3, "lengthkm": 1.35848659, "totdasqkm": 24.47899991 }, "geometry": { "type": "LineString", "coordinates": [ [ -66.2975, 18.2598 ], [ -66.2986, 18.2612 ], [ -66.298, 18.2623 ], [ -66.2982, 18.2628 ], [ -66.2973, 18.2628 ], [ -66.2968, 18.2618 ], [ -66.2947, 18.2619 ], [ -66.2945, 18.2629 ], [ -66.2951, 18.264 ], [ -66.2938, 18.2654 ] ] } },
{ "type": "Feature", "properties": { "gnis_name": "Río Sonador", "streamorde": 3, "lengthkm": 1.08996447, "totdasqkm": 12.3555001 }, "geometry": { "type": "LineString", "coordinates": [ [ -66.9982, 18.3065 ], [ -67.0017, 18.3075 ], [ -67.0021, 18.3073 ], [ -67.0018, 18.3066 ], [ -67.0033, 18.3055 ], [ -67.0033, 18.3044 ], [ -67.0038, 18.305 ], [ -67.0042, 18.3046 ] ] } },
{ "type": "Feature", "properties": { "gnis_name": null, "streamorde": 3, "lengthkm": 1.802, "totdasqkm": 9.80989992 }, "geometry": { "type": "LineString", "coordinates": [ [ -67.0463, 18.2372 ], [ -67.0461, 18.2388 ], [ -67.0478, 18.2409 ], [ -67.0476, 18.2418 ], [ -67.0484, 18.2434 ], [ -67.0501, 18.2438 ], [ -67.0489, 18.2454 ], [ -67.0503, 18.2461 ], [ -67.0483, 18.2465 ], [ -67.0477, 18.2475 ] ] } },
{ "type": "Feature", "properties": { "gnis_name": "Río Valenciano", "streamorde": 4, "lengthkm": 1.18869131, "totdasqkm": 38.77189999 }, "geometry": { "type": "LineString", "coordinates": [ [ -65.9198, 18.201 ], [ -65.9204, 18.2026 ], [ -65.9223, 18.2052 ], [ -65.9246, 18.2106 ] ] } },
{ "type": "Feature", "properties": { "gnis_name": null, "streamorde": 3, "lengthkm": 0.301, "totdasqkm": 4.15129986 }, "geometry": { "type": "LineString", "coordinates": [ [ -65.8282, 18.4053 ], [ -65.8285, 18.4062 ], [ -65.8276, 18.4077 ] ] } },
{ "type": "Feature", "properties": { "gnis_name": "Río Guanajibo", "streamorde": 4, "lengthkm": 0.0894537, "totdasqkm": 117.94839947 }, "geometry": { "type": "LineString", "coordinates": [ [ -67.0421, 18.0968 ], [ -67.0428, 18.0973 ] ] } },
{ "type": "Feature", "properties": { "gnis_name": "Río Culebrinas", "streamorde": 5, "lengthkm": 0.85012359, "totdasqkm": 249.85300002 }, "geometry": { "type": "LineString", "coordinates": [ [ -67.1547, 18.3971 ], [ -67.1558, 18.3983 ], [ -67.156, 18.3991 ], [ -67.1575, 18.399 ], [ -67.158, 18.3995 ], [ -67.1589, 18.3981 ], [ -67.1599, 18.3982 ] ] } },
{ "type": "Feature", "properties": { "gnis_name": "Río Grande de Añasco", "streamorde": 5, "lengthkm": 0.51054725, "totdasqkm": 260.00290023000002 }, "geometry": { "type": "LineString", "coordinates": [ [ -66.9388, 18.2613 ], [ -66.939, 18.2622 ], [ -66.9399, 18.2624 ], [ -66.9416, 18.2606 ] ] } },
{ "type": "Feature", "properties": { "gnis_name": null, "streamorde": 3, "lengthkm": 3.15631894, "totdasqkm": 14.81140006 }, "geometry": { "type": "LineString", "coordinates": [ [ -66.6654, 17.9987 ], [ -66.6632, 17.9971 ], [ -66.6623, 17.9969 ], [ -66.6606, 17.9973 ], [ -66.6588, 17.9969 ], [ -66.6535, 17.9922 ], [ -66.6527, 17.9928 ], [ -66.6521, 17.9922 ], [ -66.6497, 17.9925 ], [ -66.6448, 17.9922 ], [ -66.6447, 17.9912 ], [ -66.6439, 17.9903 ], [ -66.6437, 17.9878 ] ] } },
{ "type": "Feature", "properties": { "gnis_name": "Río Humata", "streamorde": 3, "lengthkm": 0.51640574, "totdasqkm": 11.50919986 }, "geometry": { "type": "LineString", "coordinates": [ [ -67.1075, 18.2932 ], [ -67.1061, 18.2926 ], [ -67.1059, 18.2918 ], [ -67.1036, 18.291 ] ] } },
{ "type": "Feature", "properties": { "gnis_name": "Río de la Plata", "streamorde": 5, "lengthkm": 0.0705445, "totdasqkm": 543.4778003 }, "geometry": { "type": "LineString", "coordinates": [ [ -66.2624, 18.4228 ], [ -66.2623, 18.4222 ] ] } },
{ "type": "Feature", "properties": { "gnis_name": "Río Toro Negro", "streamorde": 3, "lengthkm": 0.30418994, "totdasqkm": 36.90849987 }, "geometry": { "type": "LineString", "coordinates": [ [ -66.5078, 18.2336 ], [ -66.507, 18.2362 ] ] } },
{ "type": "Feature", "properties": { "gnis_name": null, "streamorde": 3, "lengthkm": 0.43829784, "totdasqkm": 6.17719984 }, "geometry": { "type": "LineString", "coordinates": [ [ -66.7838, 18.2911 ], [ -66.7828, 18.2918 ], [ -66.7825, 18.2943 ] ] } },
{ "type": "Feature", "properties": { "gnis_name": null, "streamorde": 4, "lengthkm": 1.40576904, "totdasqkm": 24.23800022 }, "geometry": { "type": "LineString", "coordinates": [ [ -66.3016, 18.1593 ], [ -66.3013, 18.1606 ], [ -66.3003, 18.1603 ], [ -66.2995, 18.1614 ], [ -66.2981, 18.1655 ], [ -66.2937, 18.1647 ] ] } },
{ "type": "Feature", "properties": { "gnis_name": "Río Caonillas", "streamorde": 4, "lengthkm": 0.04493095, "totdasqkm": 103.55969997 }, "geometry": { "type": "LineString", "coordinates": [ [ -66.632, 18.2399 ], [ -66.6324, 18.2399 ] ] } },
{ "type": "Feature", "properties": { "gnis_name": "Río Guanajibo", "streamorde": 5, "lengthkm": 0.80079314, "totdasqkm": 329.17299966000002 }, "geometry": { "type": "LineString", "coordinates": [ [ -67.1705, 18.1591 ], [ -67.1715, 18.1593 ], [ -67.1734, 18.1631 ], [ -67.1752, 18.1641 ] ] } },
{ "type": "Feature", "properties": { "gnis_name": "Río Chico", "streamorde": 3, "lengthkm": 0.67606199, "totdasqkm": 16.93260016 }, "geometry": { "type": "LineString", "coordinates": [ [ -66.0076, 17.9912 ], [ -66.0072, 17.9896 ], [ -66.0048, 17.9862 ] ] } },
{ "type": "Feature", "properties": { "gnis_name": null, "streamorde": 3, "lengthkm": 1.65453204, "totdasqkm": 14.74700019 }, "geometry": { "type": "LineString", "coordinates": [ [ -66.8753, 18.3014 ], [ -66.876, 18.3029 ], [ -66.8785, 18.3044 ], [ -66.8807, 18.3067 ], [ -66.8818, 18.3066 ], [ -66.8831, 18.3074 ], [ -66.884, 18.3068 ], [ -66.8871, 18.3081 ] ] } },
{ "type": "Feature", "properties": { "gnis_name": "Río Jájome", "streamorde": 3, "lengthkm": 0.39788788, "totdasqkm": 35.73109973 }, "geometry": { "type": "LineString", "coordinates": [ [ -66.1987, 18.0476 ], [ -66.202, 18.0461 ] ] } },
{ "type": "Feature", "properties": { "gnis_name": "Río Culebrinas", "streamorde": 4, "lengthkm": 0.66550143, "totdasqkm": 121.47940003 }, "geometry": { "type": "LineString", "coordinates": [ [ -67.0318, 18.3463 ], [ -67.0339, 18.3455 ], [ -67.0347, 18.3442 ], [ -67.037, 18.3443 ] ] } },
{ "type": "Feature", "properties": { "gnis_name": "Río de la Plata", "streamorde": 4, "lengthkm": 0.72546237, "totdasqkm": 161.20610004 }, "geometry": { "type": "LineString", "coordinates": [ [ -66.2211, 18.1487 ], [ -66.2254, 18.1493 ], [ -66.2273, 18.1507 ] ] } },
{ "type": "Feature", "properties": { "gnis_name": null, "streamorde": 3, "lengthkm": 0.03411571, "totdasqkm": 16.71090012 }, "geometry": { "type": "LineString", "coordinates": [ [ -66.6376, 17.9843 ], [ -66.6376, 17.984 ] ] } },
{ "type": "Feature", "properties": { "gnis_name": "Río Humata", "streamorde": 3, "lengthkm": 0.01272058, "totdasqkm": 12.71979988 }, "geometry": { "type": "LineString", "coordinates": [ [ -67.1071, 18.283 ], [ -67.1071, 18.2829 ] ] } },
{ "type": "Feature", "properties": { "gnis_name": null, "streamorde": 3, "lengthkm": 0.12827891, "totdasqkm": 51.42650022 }, "geometry": { "type": "LineString", "coordinates": [ [ -65.6536, 18.3135 ], [ -65.6533, 18.3145 ] ] } },
{ "type": "Feature", "properties": { "gnis_name": null, "streamorde": 3, "lengthkm": 3.80530484, "totdasqkm": 10.69739999 }, "geometry": { "type": "LineString", "coordinates": [ [ -67.1109, 18.0396 ], [ -67.1135, 18.0373 ], [ -67.1141, 18.0365 ], [ -67.1142, 18.0354 ], [ -67.1159, 18.0335 ], [ -67.1152, 18.0322 ], [ -67.1158, 18.032 ], [ -67.1158, 18.0315 ], [ -67.115, 18.0312 ], [ -67.115, 18.0307 ], [ -67.1141, 18.0311 ], [ -67.1134, 18.0304 ], [ -67.1141, 18.03 ], [ -67.1135, 18.0287 ], [ -67.1135, 18.0246 ], [ -67.1123, 18.0228 ], [ -67.1103, 18.0173 ], [ -67.11, 18.015 ], [ -67.1107, 18.0128 ], [ -67.1113, 18.0125 ] ] } },
{ "type": "Feature", "properties": { "gnis_name": "Río Tanamá", "streamorde": 3, "lengthkm": 0.93406175, "totdasqkm": 16.53659986 }, "geometry": { "type": "LineString", "coordinates": [ [ -66.7814, 18.2391 ], [ -66.7814, 18.2407 ], [ -66.7823, 18.2424 ], [ -66.7817, 18.2435 ], [ -66.7846, 18.2456 ] ] } },
{ "type": "Feature", "properties": { "gnis_name": "Río Maricao", "streamorde": 3, "lengthkm": 0.77158863, "totdasqkm": 17.87160002 }, "geometry": { "type": "LineString", "coordinates": [ [ -67.0126, 18.1914 ], [ -67.013, 18.1912 ], [ -67.0136, 18.1925 ], [ -67.0149, 18.1913 ], [ -67.0154, 18.1898 ], [ -67.015, 18.1883 ] ] } },
{ "type": "Feature", "properties": { "gnis_name": "Río Caonillas", "streamorde": 4, "lengthkm": 0.34079097, "totdasqkm": 137.46790004 }, "geometry": { "type": "LineString", "coordinates": [ [ -66.649, 18.3073 ], [ -66.6494, 18.3102 ] ] } },
{ "type": "Feature", "properties": { "gnis_name": null, "streamorde": 4, "lengthkm": 0.11470077, "totdasqkm": 34.03209991 }, "geometry": { "type": "LineString", "coordinates": [ [ -65.9914, 18.3584 ], [ -65.9924, 18.3583 ] ] } },
{ "type": "Feature", "properties": { "gnis_name": "Río Guanajibo", "streamorde": 4, "lengthkm": 0.13421575, "totdasqkm": 38.03859977 }, "geometry": { "type": "LineString", "coordinates": [ [ -66.9563, 18.0678 ], [ -66.9576, 18.0679 ] ] } },
{ "type": "Feature", "properties": { "gnis_name": "Río Culebrinas", "streamorde": 4, "lengthkm": 0.14355407, "totdasqkm": 162.71119987999998 }, "geometry": { "type": "LineString", "coordinates": [ [ -67.0671, 18.3607 ], [ -67.0679, 18.3608 ], [ -67.0682, 18.3603 ] ] } },
{ "type": "Feature", "properties": { "gnis_name": "Río Grande de Patillas", "streamorde": 3, "lengthkm": 0.35180951, "totdasqkm": 44.04469997 }, "geometry": { "type": "LineString", "coordinates": [ [ -66.0371, 18.043 ], [ -66.0354, 18.0427 ], [ -66.0344, 18.0415 ] ] } },
{ "type": "Feature", "properties": { "gnis_name": "Río Grande de Manati", "streamorde": 5, "lengthkm": 0.19312036, "totdasqkm": 161.70860001 }, "geometry": { "type": "LineString", "coordinates": [ [ -66.4262, 18.2884 ], [ -66.4266, 18.29 ] ] } },
{ "type": "Feature", "properties": { "gnis_name": null, "streamorde": 3, "lengthkm": 0.02736393, "totdasqkm": 5.91679998 }, "geometry": { "type": "LineString", "coordinates": [ [ -67.1327, 18.1346 ], [ -67.1329, 18.1346 ] ] } },
{ "type": "Feature", "properties": { "gnis_name": null, "streamorde": 3, "lengthkm": 1.45275551, "totdasqkm": 11.49349999 }, "geometry": { "type": "LineString", "coordinates": [ [ -67.0269, 18.3533 ], [ -67.0257, 18.3509 ], [ -67.0263, 18.3505 ], [ -67.0272, 18.3507 ], [ -67.0265, 18.3493 ], [ -67.0269, 18.349 ], [ -67.027, 18.3499 ], [ -67.0275, 18.3499 ], [ -67.0284, 18.3486 ], [ -67.0267, 18.3482 ], [ -67.0265, 18.3472 ] ] } },
{ "type": "Feature", "properties": { "gnis_name": "Río Limaní", "streamorde": 3, "lengthkm": 0.91612564, "totdasqkm": 17.01119999 }, "geometry": { "type": "LineString", "coordinates": [ [ -66.8, 18.1839 ], [ -66.8, 18.1846 ], [ -66.8013, 18.186 ], [ -66.8008, 18.1881 ], [ -66.8011, 18.1898 ], [ -66.8003, 18.1914 ] ] } },
{ "type": "Feature", "properties": { "gnis_name": null, "streamorde": 3, "lengthkm": 0.38044483, "totdasqkm": 2.49679987 }, "geometry": { "type": "LineString", "coordinates": [ [ -67.1391, 18.1531 ], [ -67.1409, 18.1532 ], [ -67.1414, 18.1547 ] ] } },
{ "type": "Feature", "properties": { "gnis_name": null, "streamorde": 3, "lengthkm": 0.31, "totdasqkm": 8.46889983 }, "geometry": { "type": "LineString", "coordinates": [ [ -66.0519, 18.3028 ], [ -66.0516, 18.3014 ], [ -66.051, 18.3016 ], [ -66.0507, 18.3009 ] ] } },
{ "type": "Feature", "properties": { "gnis_name": "Río Sana Muerto", "streamorde": 3, "lengthkm": 0.01556268, "totdasqkm": 16.01330004 }, "geometry": { "type": "LineString", "coordinates": [ [ -66.4232, 18.288 ], [ -66.4233, 18.2881 ] ] } },
{ "type": "Feature", "properties": { "gnis_name": "Río Hondo", "streamorde": 3, "lengthkm": 0.38268494, "totdasqkm": 5.42959988 }, "geometry": { "type": "LineString", "coordinates": [ [ -67.1511, 18.2886 ], [ -67.1513, 18.2852 ] ] } },
{ "type": "Feature", "properties": { "gnis_name": null, "streamorde": 4, "lengthkm": 0.11946464, "totdasqkm": 29.16769995 }, "geometry": { "type": "LineString", "coordinates": [ [ -66.2162, 17.9669 ], [ -66.2153, 17.9665 ] ] } },
{ "type": "Feature", "properties": { "gnis_name": "Río Yauco", "streamorde": 3, "lengthkm": 0.13726514, "totdasqkm": 45.05590027 }, "geometry": { "type": "LineString", "coordinates": [ [ -66.8638, 18.0925 ], [ -66.8646, 18.0917 ] ] } },
{ "type": "Feature", "properties": { "gnis_name": "Río Guanajibo", "streamorde": 5, "lengthkm": 0.38525545, "totdasqkm": 326.35009958000001 }, "geometry": { "type": "LineString", "coordinates": [ [ -67.1567, 18.1518 ], [ -67.1585, 18.1519 ], [ -67.1596, 18.1532 ] ] } },
{ "type": "Feature", "properties": { "gnis_name": "Río Pellejas", "streamorde": 3, "lengthkm": 1.87115335, "totdasqkm": 23.35289968 }, "geometry": { "type": "LineString", "coordinates": [ [ -66.7064, 18.2105 ], [ -66.7088, 18.2121 ], [ -66.7095, 18.2139 ], [ -66.7091, 18.2141 ], [ -66.7079, 18.2135 ], [ -66.7066, 18.2141 ], [ -66.706, 18.2152 ], [ -66.7068, 18.2168 ], [ -66.706, 18.2171 ], [ -66.7043, 18.2167 ], [ -66.704, 18.2181 ], [ -66.7047, 18.2191 ] ] } },
{ "type": "Feature", "properties": { "gnis_name": "Río Jájome", "streamorde": 3, "lengthkm": 0.46770479, "totdasqkm": 20.98149993 }, "geometry": { "type": "LineString", "coordinates": [ [ -66.1816, 18.0615 ], [ -66.1834, 18.0577 ] ] } },
{ "type": "Feature", "properties": { "gnis_name": "Río Anton Ruiz", "streamorde": 4, "lengthkm": 1.133, "totdasqkm": 30.48669982 }, "geometry": { "type": "LineString", "coordinates": [ [ -65.7586, 18.175 ], [ -65.7578, 18.175 ], [ -65.7548, 18.1773 ], [ -65.7515, 18.1763 ], [ -65.7496, 18.1776 ] ] } },
{ "type": "Feature", "properties": { "gnis_name": "Río de Bayamón", "streamorde": 4, "lengthkm": 1.42536743, "totdasqkm": 73.85540011000001 }, "geometry": { "type": "LineString", "coordinates": [ [ -66.144, 18.2831 ], [ -66.144, 18.2838 ], [ -66.1414, 18.2845 ], [ -66.1405, 18.2853 ], [ -66.1405, 18.2878 ], [ -66.1415, 18.2907 ], [ -66.1407, 18.2931 ] ] } },
{ "type": "Feature", "properties": { "gnis_name": "Río Arroyata", "streamorde": 4, "lengthkm": 1.4788114, "totdasqkm": 33.43200002 }, "geometry": { "type": "LineString", "coordinates": [ [ -66.204, 18.2166 ], [ -66.2039, 18.2173 ], [ -66.2023, 18.2185 ], [ -66.2033, 18.2226 ], [ -66.2015, 18.224 ], [ -66.2022, 18.2253 ], [ -66.2024, 18.2271 ], [ -66.2029, 18.2276 ] ] } },
{ "type": "Feature", "properties": { "gnis_name": "Río Espíritu Santo", "streamorde": 4, "lengthkm": 0.14200478, "totdasqkm": 74.42499994 }, "geometry": { "type": "LineString", "coordinates": [ [ -65.8171, 18.3872 ], [ -65.8167, 18.3883 ] ] } },
{ "type": "Feature", "properties": { "gnis_name": "Río Grande de Patillas", "streamorde": 3, "lengthkm": 0.98910997, "totdasqkm": 24.02649991 }, "geometry": { "type": "LineString", "coordinates": [ [ -66.0474, 18.0573 ], [ -66.0469, 18.0537 ], [ -66.0451, 18.0521 ], [ -66.0437, 18.0497 ] ] } },
{ "type": "Feature", "properties": { "gnis_name": "Río Culebrinas", "streamorde": 4, "lengthkm": 0.30575729, "totdasqkm": 156.39259979000002 }, "geometry": { "type": "LineString", "coordinates": [ [ -67.0617, 18.3525 ], [ -67.0621, 18.3522 ], [ -67.0644, 18.3525 ] ] } },
{ "type": "Feature", "properties": { "gnis_name": "Río Yauco", "streamorde": 4, "lengthkm": 1.204, "totdasqkm": 78.8346 }, "geometry": { "type": "LineString", "coordinates": [ [ -66.8511, 18.0525 ], [ -66.8468, 18.0494 ], [ -66.8425, 18.0495 ], [ -66.8412, 18.0489 ] ] } },
{ "type": "Feature", "properties": { "gnis_name": null, "streamorde": 4, "lengthkm": 0.11332633, "totdasqkm": 76.17730005 }, "geometry": { "type": "LineString", "coordinates": [ [ -66.5001, 18.2824 ], [ -66.5009, 18.283 ] ] } },
{ "type": "Feature", "properties": { "gnis_name": null, "streamorde": 3, "lengthkm": 1.75347127, "totdasqkm": 7.75399985 }, "geometry": { "type": "LineString", "coordinates": [ [ -66.0618, 18.3027 ], [ -66.0608, 18.3022 ], [ -66.0593, 18.3023 ], [ -66.0596, 18.3036 ], [ -66.0573, 18.3024 ], [ -66.0574, 18.303 ], [ -66.0565, 18.3045 ], [ -66.0557, 18.3038 ], [ -66.0545, 18.3038 ], [ -66.0536, 18.3028 ], [ -66.053, 18.3031 ], [ -66.0531, 18.3038 ], [ -66.0519, 18.3028 ] ] } },
{ "type": "Feature", "properties": { "gnis_name": "Río Tanamá", "streamorde": 4, "lengthkm": 0.07720369, "totdasqkm": 136.96699971000001 }, "geometry": { "type": "LineString", "coordinates": [ [ -66.7052, 18.4194 ], [ -66.7045, 18.4193 ] ] } },
{ "type": "Feature", "properties": { "gnis_name": null, "streamorde": 3, "lengthkm": 1.049, "totdasqkm": 1.90469981 }, "geometry": { "type": "LineString", "coordinates": [ [ -66.173, 18.1931 ], [ -66.1747, 18.1912 ], [ -66.1745, 18.1903 ], [ -66.1751, 18.1899 ], [ -66.1746, 18.1891 ], [ -66.1748, 18.1884 ], [ -66.1754, 18.1888 ], [ -66.1781, 18.189 ] ] } },
{ "type": "Feature", "properties": { "gnis_name": "Río de la Plata", "streamorde": 5, "lengthkm": 0.43910023, "totdasqkm": 566.39860031000001 }, "geometry": { "type": "LineString", "coordinates": [ [ -66.2572, 18.468 ], [ -66.2577, 18.4696 ], [ -66.2565, 18.4716 ] ] } },
{ "type": "Feature", "properties": { "gnis_name": null, "streamorde": 3, "lengthkm": 0.13, "totdasqkm": 8.01930004 }, "geometry": { "type": "LineString", "coordinates": [ [ -67.0417, 18.234 ], [ -67.0423, 18.235 ] ] } },
{ "type": "Feature", "properties": { "gnis_name": "Río Grande de Arecibo", "streamorde": 4, "lengthkm": 0.08531238, "totdasqkm": 94.5425997 }, "geometry": { "type": "LineString", "coordinates": [ [ -66.7216, 18.2451 ], [ -66.7219, 18.2458 ] ] } },
{ "type": "Feature", "properties": { "gnis_name": null, "streamorde": 4, "lengthkm": 0.13834555, "totdasqkm": 38.02239977 }, "geometry": { "type": "LineString", "coordinates": [ [ -66.9563, 18.0678 ], [ -66.9576, 18.0679 ] ] } },
{ "type": "Feature", "properties": { "gnis_name": null, "streamorde": 3, "lengthkm": 1.364, "totdasqkm": 4.39740002 }, "geometry": { "type": "LineString", "coordinates": [ [ -67.0391, 18.3723 ], [ -67.0393, 18.372 ], [ -67.0387, 18.3714 ], [ -67.0392, 18.371 ], [ -67.0389, 18.3704 ], [ -67.0399, 18.3696 ], [ -67.0391, 18.3692 ], [ -67.0402, 18.3687 ], [ -67.0395, 18.3678 ], [ -67.0389, 18.3677 ], [ -67.0389, 18.3671 ], [ -67.0395, 18.3666 ], [ -67.0393, 18.3655 ], [ -67.0399, 18.3652 ], [ -67.0404, 18.3654 ] ] } },
{ "type": "Feature", "properties": { "gnis_name": null, "streamorde": 3, "lengthkm": 0.6169493, "totdasqkm": 3.5628002 }, "geometry": { "type": "LineString", "coordinates": [ [ -67.1014, 18.1895 ], [ -67.1053, 18.1933 ] ] } },
{ "type": "Feature", "properties": { "gnis_name": "Río Yauco", "streamorde": 3, "lengthkm": 0.072, "totdasqkm": 12.16340002 }, "geometry": { "type": "LineString", "coordinates": [ [ -66.8773, 18.1178 ], [ -66.877, 18.1172 ] ] } },
{ "type": "Feature", "properties": { "gnis_name": "Río Grande De Loiza", "streamorde": 5, "lengthkm": 0.17996488, "totdasqkm": 136.54369991 }, "geometry": { "type": "LineString", "coordinates": [ [ -65.9994, 18.2179 ], [ -66.0007, 18.2188 ] ] } },
{ "type": "Feature", "properties": { "gnis_name": "Río Blanco", "streamorde": 4, "lengthkm": 0.52411786, "totdasqkm": 95.72380045 }, "geometry": { "type": "LineString", "coordinates": [ [ -66.8877, 18.2479 ], [ -66.8864, 18.2508 ], [ -66.8871, 18.2522 ] ] } },
{ "type": "Feature", "properties": { "gnis_name": "Río Guatemala", "streamorde": 3, "lengthkm": 1.50184518, "totdasqkm": 23.41850016 }, "geometry": { "type": "LineString", "coordinates": [ [ -66.9845, 18.3623 ], [ -66.9867, 18.3616 ], [ -66.9887, 18.3602 ], [ -66.9927, 18.3604 ], [ -66.9941, 18.3582 ], [ -66.9941, 18.3572 ], [ -66.9955, 18.3566 ] ] } },
{ "type": "Feature", "properties": { "gnis_name": "Río Morovis", "streamorde": 4, "lengthkm": 1.31443625, "totdasqkm": 38.68139967 }, "geometry": { "type": "LineString", "coordinates": [ [ -66.4009, 18.3637 ], [ -66.4008, 18.3643 ], [ -66.4015, 18.3654 ], [ -66.4007, 18.3679 ], [ -66.3965, 18.3699 ], [ -66.3966, 18.3715 ], [ -66.3956, 18.3719 ] ] } },
{ "type": "Feature", "properties": { "gnis_name": "Río Blanco", "streamorde": 3, "lengthkm": 1.18225544, "totdasqkm": 73.00710012 }, "geometry": { "type": "LineString", "coordinates": [ [ -65.7371, 18.1865 ], [ -65.7361, 18.1862 ], [ -65.7349, 18.1842 ], [ -65.7335, 18.1833 ], [ -65.7332, 18.1844 ], [ -65.7337, 18.1854 ], [ -65.7316, 18.1871 ] ] } },
{ "type": "Feature", "properties": { "gnis_name": "Río Limaní", "streamorde": 3, "lengthkm": 0.17953588, "totdasqkm": 13.65380012 }, "geometry": { "type": "LineString", "coordinates": [ [ -66.8015, 18.1749 ], [ -66.8031, 18.1754 ] ] } },
{ "type": "Feature", "properties": { "gnis_name": "Río Grande de Manati", "streamorde": 3, "lengthkm": 0.16548141, "totdasqkm": 30.67279982 }, "geometry": { "type": "LineString", "coordinates": [ [ -66.3155, 18.2806 ], [ -66.3158, 18.2797 ], [ -66.3163, 18.2798 ] ] } },
{ "type": "Feature", "properties": { "gnis_name": null, "streamorde": 3, "lengthkm": 0.00755435, "totdasqkm": 13.58800012 }, "geometry": { "type": "LineString", "coordinates": [ [ -65.8836, 18.2316 ], [ -65.8837, 18.2317 ] ] } },
{ "type": "Feature", "properties": { "gnis_name": null, "streamorde": 3, "lengthkm": 0.49856174, "totdasqkm": 1.78189993 }, "geometry": { "type": "LineString", "coordinates": [ [ -65.9956, 18.2627 ], [ -65.9937, 18.2639 ], [ -65.9956, 18.2648 ] ] } },
{ "type": "Feature", "properties": { "gnis_name": "Río Grande de Manati", "streamorde": 5, "lengthkm": 0.10714424, "totdasqkm": 344.36649992000002 }, "geometry": { "type": "LineString", "coordinates": [ [ -66.4642, 18.3093 ], [ -66.4633, 18.3097 ] ] } },
{ "type": "Feature", "properties": { "gnis_name": "Río Saliente", "streamorde": 3, "lengthkm": 0.09836871, "totdasqkm": 22.15920007 }, "geometry": { "type": "LineString", "coordinates": [ [ -66.5555, 18.21 ], [ -66.5563, 18.2098 ] ] } },
{ "type": "Feature", "properties": { "gnis_name": "Canal de Patillas", "streamorde": 3, "lengthkm": 3.38481651, "totdasqkm": 33.36089986 }, "geometry": { "type": "LineString", "coordinates": [ [ -66.2392, 17.9836 ], [ -66.2429, 17.982 ], [ -66.2438, 17.9781 ], [ -66.2473, 17.9766 ], [ -66.2508, 17.9764 ], [ -66.2525, 17.9776 ], [ -66.2559, 17.9779 ], [ -66.2586, 17.9794 ], [ -66.2659, 17.9809 ] ] } },
{ "type": "Feature", "properties": { "gnis_name": "Río Culebrinas", "streamorde": 5, "lengthkm": 0.18653501, "totdasqkm": 226.49289987 }, "geometry": { "type": "LineString", "coordinates": [ [ -67.1394, 18.3871 ], [ -67.1404, 18.3884 ] ] } },
{ "type": "Feature", "properties": { "gnis_name": "Río Culebrinas", "streamorde": 4, "lengthkm": 0.76515254, "totdasqkm": 157.07129973 }, "geometry": { "type": "LineString", "coordinates": [ [ -67.0644, 18.3525 ], [ -67.0652, 18.353 ], [ -67.067, 18.3531 ], [ -67.0678, 18.3536 ], [ -67.0684, 18.3552 ], [ -67.0675, 18.3564 ] ] } },
{ "type": "Feature", "properties": { "gnis_name": "Río Matón", "streamorde": 3, "lengthkm": 1.9872127, "totdasqkm": 17.23579994 }, "geometry": { "type": "LineString", "coordinates": [ [ -66.2099, 18.1262 ], [ -66.2086, 18.1274 ], [ -66.2072, 18.13 ], [ -66.2078, 18.1311 ], [ -66.2105, 18.1322 ], [ -66.2103, 18.1371 ], [ -66.2117, 18.139 ], [ -66.2103, 18.14 ] ] } },
{ "type": "Feature", "properties": { "gnis_name": "Río Grande de Jayuya", "streamorde": 3, "lengthkm": 0.55075593, "totdasqkm": 52.47349999 }, "geometry": { "type": "LineString", "coordinates": [ [ -66.6128, 18.2182 ], [ -66.6136, 18.2174 ], [ -66.6142, 18.2136 ] ] } },
{ "type": "Feature", "properties": { "gnis_name": "Río Viví", "streamorde": 4, "lengthkm": 0.07663382, "totdasqkm": 41.72789975 }, "geometry": { "type": "LineString", "coordinates": [ [ -66.704, 18.2668 ], [ -66.7047, 18.2668 ] ] } },
{ "type": "Feature", "properties": { "gnis_name": "Río Zamas", "streamorde": 3, "lengthkm": 0.34559692, "totdasqkm": 3.97540023 }, "geometry": { "type": "LineString", "coordinates": [ [ -66.6067, 18.1943 ], [ -66.6087, 18.1966 ] ] } },
{ "type": "Feature", "properties": { "gnis_name": "Río Gurabo", "streamorde": 4, "lengthkm": 0.71691209, "totdasqkm": 42.14209999000001 }, "geometry": { "type": "LineString", "coordinates": [ [ -65.8775, 18.2282 ], [ -65.8802, 18.2289 ], [ -65.8817, 18.2316 ], [ -65.8824, 18.2319 ] ] } },
{ "type": "Feature", "properties": { "gnis_name": "Río Guanajibo", "streamorde": 5, "lengthkm": 0.17677513, "totdasqkm": 326.96039952000001 }, "geometry": { "type": "LineString", "coordinates": [ [ -67.1689, 18.159 ], [ -67.1705, 18.1591 ] ] } },
{ "type": "Feature", "properties": { "gnis_name": "Río Orocovis", "streamorde": 4, "lengthkm": 0.82666915, "totdasqkm": 66.28249998 }, "geometry": { "type": "LineString", "coordinates": [ [ -66.3808, 18.2664 ], [ -66.38, 18.2669 ], [ -66.3799, 18.2685 ], [ -66.3809, 18.2733 ] ] } },
{ "type": "Feature", "properties": { "gnis_name": null, "streamorde": 3, "lengthkm": 0.06203851, "totdasqkm": 14.06819981 }, "geometry": { "type": "LineString", "coordinates": [ [ -66.5255, 18.2662 ], [ -66.526, 18.2663 ] ] } },
{ "type": "Feature", "properties": { "gnis_name": "Río Grande De Loiza", "streamorde": 4, "lengthkm": 0.72594101, "totdasqkm": 45.84690016 }, "geometry": { "type": "LineString", "coordinates": [ [ -65.9802, 18.148 ], [ -65.9799, 18.1526 ], [ -65.9793, 18.1543 ] ] } },
{ "type": "Feature", "properties": { "gnis_name": "Caño de Martín Peña", "streamorde": 3, "lengthkm": 0.64083946, "totdasqkm": 24.46960013 }, "geometry": { "type": "LineString", "coordinates": [ [ -66.027, 18.4252 ], [ -66.0329, 18.4266 ] ] } },
{ "type": "Feature", "properties": { "gnis_name": "Río Vacas", "streamorde": 4, "lengthkm": 2.51287061, "totdasqkm": 18.70530014 }, "geometry": { "type": "LineString", "coordinates": [ [ -66.7389, 18.1404 ], [ -66.7387, 18.1419 ], [ -66.7391, 18.1427 ], [ -66.7373, 18.1454 ], [ -66.7388, 18.148 ], [ -66.7377, 18.1486 ], [ -66.7377, 18.1497 ], [ -66.7392, 18.1522 ], [ -66.7391, 18.1531 ], [ -66.7407, 18.1546 ], [ -66.7405, 18.1572 ], [ -66.743, 18.1572 ] ] } },
{ "type": "Feature", "properties": { "gnis_name": "Río Caonillas", "streamorde": 4, "lengthkm": 0.36927578, "totdasqkm": 102.96959992 }, "geometry": { "type": "LineString", "coordinates": [ [ -66.6288, 18.2374 ], [ -66.6312, 18.2397 ] ] } },
{ "type": "Feature", "properties": { "gnis_name": "Río Grande", "streamorde": 3, "lengthkm": 0.11275784, "totdasqkm": 19.04060005 }, "geometry": { "type": "LineString", "coordinates": [ [ -66.9408, 18.0907 ], [ -66.9408, 18.0897 ] ] } },
{ "type": "Feature", "properties": { "gnis_name": "Río Tallaboa", "streamorde": 4, "lengthkm": 0.12719694, "totdasqkm": 65.40250028 }, "geometry": { "type": "LineString", "coordinates": [ [ -66.7204, 18.0386 ], [ -66.7212, 18.0379 ] ] } },
{ "type": "Feature", "properties": { "gnis_name": null, "streamorde": 4, "lengthkm": 0.229, "totdasqkm": 30.92459999 }, "geometry": { "type": "LineString", "coordinates": [ [ -66.7883, 18.0676 ], [ -66.7871, 18.0675 ], [ -66.7867, 18.0668 ] ] } },
{ "type": "Feature", "properties": { "gnis_name": "Río Blanco", "streamorde": 4, "lengthkm": 0.07093861, "totdasqkm": 77.63000036 }, "geometry": { "type": "LineString", "coordinates": [ [ -66.8416, 18.2278 ], [ -66.8422, 18.2279 ] ] } },
{ "type": "Feature", "properties": { "gnis_name": "Río Grande De Loiza", "streamorde": 4, "lengthkm": 0.06157851, "totdasqkm": 32.84120017 }, "geometry": { "type": "LineString", "coordinates": [ [ -65.9817, 18.1238 ], [ -65.9813, 18.1242 ] ] } },
{ "type": "Feature", "properties": { "gnis_name": null, "streamorde": 3, "lengthkm": 0.347, "totdasqkm": 4.44039998 }, "geometry": { "type": "LineString", "coordinates": [ [ -66.1662, 18.2591 ], [ -66.1649, 18.2596 ], [ -66.1652, 18.2605 ], [ -66.1644, 18.2607 ] ] } },
{ "type": "Feature", "properties": { "gnis_name": null, "streamorde": 3, "lengthkm": 0.185, "totdasqkm": 2.9485001 }, "geometry": { "type": "LineString", "coordinates": [ [ -66.9445, 18.2812 ], [ -66.9439, 18.2807 ], [ -66.9439, 18.2798 ] ] } },
{ "type": "Feature", "properties": { "gnis_name": null, "streamorde": 3, "lengthkm": 1.33842479, "totdasqkm": 12.54930007 }, "geometry": { "type": "LineString", "coordinates": [ [ -67.1078, 18.3798 ], [ -67.1084, 18.3797 ], [ -67.1091, 18.3806 ], [ -67.1099, 18.3795 ], [ -67.1103, 18.3805 ], [ -67.1111, 18.3806 ], [ -67.1118, 18.3799 ], [ -67.1124, 18.3807 ], [ -67.1135, 18.3786 ], [ -67.1152, 18.3772 ] ] } },
{ "type": "Feature", "properties": { "gnis_name": "Río Usabón", "streamorde": 5, "lengthkm": 2.04968262, "totdasqkm": 70.25539989000001 }, "geometry": { "type": "LineString", "coordinates": [ [ -66.2757, 18.1726 ], [ -66.2731, 18.1736 ], [ -66.2695, 18.1724 ], [ -66.2659, 18.1724 ], [ -66.2627, 18.1708 ], [ -66.26, 18.1711 ], [ -66.2579, 18.1699 ] ] } },
{ "type": "Feature", "properties": { "gnis_name": "Río Guayabo", "streamorde": 4, "lengthkm": 0.66135111, "totdasqkm": 33.38480024 }, "geometry": { "type": "LineString", "coordinates": [ [ -67.2081, 18.3822 ], [ -67.2109, 18.3832 ], [ -67.2131, 18.3834 ], [ -67.2137, 18.3841 ] ] } },
{ "type": "Feature", "properties": { "gnis_name": "Río Guilarte", "streamorde": 3, "lengthkm": 1.82084437, "totdasqkm": 17.74020029 }, "geometry": { "type": "LineString", "coordinates": [ [ -66.7829, 18.1972 ], [ -66.7842, 18.1973 ], [ -66.7844, 18.1957 ], [ -66.7859, 18.1932 ], [ -66.7867, 18.193 ], [ -66.7875, 18.1934 ], [ -66.7882, 18.1954 ], [ -66.7892, 18.1955 ], [ -66.7906, 18.1947 ], [ -66.7911, 18.1961 ], [ -66.7924, 18.1961 ], [ -66.7932, 18.1968 ] ] } },
{ "type": "Feature", "properties": { "gnis_name": "Río Jájome", "streamorde": 3, "lengthkm": 1.49206533, "totdasqkm": 18.31579985 }, "geometry": { "type": "LineString", "coordinates": [ [ -66.1715, 18.0651 ], [ -66.1714, 18.0665 ], [ -66.1735, 18.0638 ], [ -66.1764, 18.0619 ], [ -66.1816, 18.0615 ] ] } },
{ "type": "Feature", "properties": { "gnis_name": null, "streamorde": 3, "lengthkm": 0.177, "totdasqkm": 47.4389001 }, "geometry": { "type": "LineString", "coordinates": [ [ -65.8045, 18.1348 ], [ -65.8037, 18.1343 ], [ -65.8043, 18.1342 ] ] } },
{ "type": "Feature", "properties": { "gnis_name": "Río Caonillas", "streamorde": 4, "lengthkm": 0.01323753, "totdasqkm": 137.24890001 }, "geometry": { "type": "LineString", "coordinates": [ [ -66.649, 18.3072 ], [ -66.649, 18.3073 ] ] } },
{ "type": "Feature", "properties": { "gnis_name": "Río Mavilla", "streamorde": 3, "lengthkm": 1.06418684, "totdasqkm": 28.37150018 }, "geometry": { "type": "LineString", "coordinates": [ [ -66.284, 18.3386 ], [ -66.2851, 18.3406 ], [ -66.2878, 18.3417 ], [ -66.2888, 18.3428 ], [ -66.2916, 18.3428 ] ] } },
{ "type": "Feature", "properties": { "gnis_name": "Río Grande de Añasco", "streamorde": 5, "lengthkm": 0.14665488, "totdasqkm": 347.24460025000002 }, "geometry": { "type": "LineString", "coordinates": [ [ -67.0506, 18.2804 ], [ -67.0508, 18.2817 ] ] } },
{ "type": "Feature", "properties": { "gnis_name": "Río Arenas", "streamorde": 3, "lengthkm": 0.02415297, "totdasqkm": 15.41160038 }, "geometry": { "type": "LineString", "coordinates": [ [ -67.0068, 18.279 ], [ -67.0069, 18.2791 ] ] } },
{ "type": "Feature", "properties": { "gnis_name": "Río Guamaní", "streamorde": 3, "lengthkm": 0.22342994, "totdasqkm": 11.399999960000001 }, "geometry": { "type": "LineString", "coordinates": [ [ -66.1082, 18.0304 ], [ -66.1092, 18.0294 ], [ -66.109, 18.0289 ] ] } },
{ "type": "Feature", "properties": { "gnis_name": null, "streamorde": 3, "lengthkm": 0.021, "totdasqkm": 50.78220029000001 }, "geometry": { "type": "LineString", "coordinates": [ [ -65.6615, 18.305 ], [ -65.6614, 18.3051 ] ] } },
{ "type": "Feature", "properties": { "gnis_name": "Río Mavilla", "streamorde": 3, "lengthkm": 0.60998233, "totdasqkm": 24.05850006 }, "geometry": { "type": "LineString", "coordinates": [ [ -66.2827, 18.3263 ], [ -66.2817, 18.3275 ], [ -66.2811, 18.3275 ], [ -66.2797, 18.3286 ], [ -66.2788, 18.3298 ] ] } },
{ "type": "Feature", "properties": { "gnis_name": null, "streamorde": 3, "lengthkm": 1.4436696, "totdasqkm": 14.45119992 }, "geometry": { "type": "LineString", "coordinates": [ [ -66.0114, 18.0285 ], [ -66.0114, 18.0268 ], [ -66.0127, 18.0247 ], [ -66.0163, 18.0248 ], [ -66.0186, 18.022 ], [ -66.0204, 18.0217 ] ] } },
{ "type": "Feature", "properties": { "gnis_name": "Río Grande de Manati", "streamorde": 5, "lengthkm": 0.20519111, "totdasqkm": 344.45289996000002 }, "geometry": { "type": "LineString", "coordinates": [ [ -66.4633, 18.3097 ], [ -66.4621, 18.3112 ] ] } },
{ "type": "Feature", "properties": { "gnis_name": "Río Tallaboa", "streamorde": 4, "lengthkm": 0.96237399, "totdasqkm": 72.68600014 }, "geometry": { "type": "LineString", "coordinates": [ [ -66.7327, 17.998 ], [ -66.7342, 17.9953 ], [ -66.7357, 17.9901 ] ] } },
{ "type": "Feature", "properties": { "gnis_name": "Río Viejo", "streamorde": 3, "lengthkm": 0.18980009, "totdasqkm": 18.56160005 }, "geometry": { "type": "LineString", "coordinates": [ [ -67.0987, 18.094 ], [ -67.1003, 18.0943 ] ] } },
{ "type": "Feature", "properties": { "gnis_name": null, "streamorde": 3, "lengthkm": 0.65523578, "totdasqkm": 3.59109991 }, "geometry": { "type": "LineString", "coordinates": [ [ -65.9436, 18.1533 ], [ -65.9443, 18.1531 ], [ -65.9466, 18.1536 ], [ -65.9478, 18.1522 ], [ -65.9482, 18.1528 ] ] } },
{ "type": "Feature", "properties": { "gnis_name": null, "streamorde": 4, "lengthkm": 2.554511, "totdasqkm": 43.92110033 }, "geometry": { "type": "LineString", "coordinates": [ [ -67.1529, 18.0051 ], [ -67.1549, 18.0167 ], [ -67.1583, 18.0178 ], [ -67.1664, 18.0176 ] ] } },
{ "type": "Feature", "properties": { "gnis_name": null, "streamorde": 3, "lengthkm": 0.047, "totdasqkm": 7.75740026 }, "geometry": { "type": "LineString", "coordinates": [ [ -66.3805, 18.3311 ], [ -66.3806, 18.3314 ] ] } },
{ "type": "Feature", "properties": { "gnis_name": "Río Culebrinas", "streamorde": 3, "lengthkm": 1.58800208, "totdasqkm": 11.73959984 }, "geometry": { "type": "LineString", "coordinates": [ [ -66.9233, 18.2926 ], [ -66.9241, 18.294 ], [ -66.9262, 18.2938 ], [ -66.9276, 18.2949 ], [ -66.9282, 18.2943 ], [ -66.9296, 18.2956 ], [ -66.9304, 18.2958 ], [ -66.9305, 18.295 ], [ -66.9312, 18.2959 ], [ -66.932, 18.2956 ], [ -66.9335, 18.2968 ] ] } },
{ "type": "Feature", "properties": { "gnis_name": "Río Bucarabones", "streamorde": 3, "lengthkm": 0.1260056, "totdasqkm": 19.47530004 }, "geometry": { "type": "LineString", "coordinates": [ [ -66.2301, 18.3838 ], [ -66.2312, 18.3836 ] ] } },
{ "type": "Feature", "properties": { "gnis_name": "Río Cocal", "streamorde": 5, "lengthkm": 1.39799084, "totdasqkm": 554.24850075000006 }, "geometry": { "type": "LineString", "coordinates": [ [ -66.2577, 18.4552 ], [ -66.257, 18.4536 ], [ -66.2555, 18.4538 ], [ -66.255, 18.4545 ], [ -66.2536, 18.4542 ], [ -66.2526, 18.4521 ], [ -66.2515, 18.4513 ], [ -66.2491, 18.4511 ], [ -66.2481, 18.4515 ] ] } },
{ "type": "Feature", "properties": { "gnis_name": null, "streamorde": 3, "lengthkm": 0.25520468, "totdasqkm": 4.53280009 }, "geometry": { "type": "LineString", "coordinates": [ [ -66.5094, 18.4764 ], [ -66.509, 18.477 ], [ -66.5102, 18.4773 ] ] } },
{ "type": "Feature", "properties": { "gnis_name": null, "streamorde": 4, "lengthkm": 0.811, "totdasqkm": 35.64769978 }, "geometry": { "type": "LineString", "coordinates": [ [ -66.5032, 18.1169 ], [ -66.5054, 18.1135 ], [ -66.5051, 18.1103 ] ] } },
{ "type": "Feature", "properties": { "gnis_name": null, "streamorde": 3, "lengthkm": 0.11573937, "totdasqkm": 16.67319975 }, "geometry": { "type": "LineString", "coordinates": [ [ -67.1021, 18.5124 ], [ -67.1029, 18.5131 ] ] } },
{ "type": "Feature", "properties": { "gnis_name": "Río Grande de Arecibo", "streamorde": 5, "lengthkm": 0.18525688, "totdasqkm": 193.6784998 }, "geometry": { "type": "LineString", "coordinates": [ [ -66.674, 18.3073 ], [ -66.6725, 18.3082 ] ] } },
{ "type": "Feature", "properties": { "gnis_name": "Río Canovanillas", "streamorde": 3, "lengthkm": 1.36452747, "totdasqkm": 18.77430019 }, "geometry": { "type": "LineString", "coordinates": [ [ -65.9071, 18.2966 ], [ -65.9059, 18.2982 ], [ -65.9066, 18.2986 ], [ -65.9072, 18.2978 ], [ -65.9095, 18.2992 ], [ -65.9099, 18.3011 ], [ -65.9094, 18.3024 ], [ -65.9104, 18.3044 ] ] } },
{ "type": "Feature", "properties": { "gnis_name": null, "streamorde": 3, "lengthkm": 0.20022719, "totdasqkm": 8.16100006 }, "geometry": { "type": "LineString", "coordinates": [ [ -66.1096, 18.1447 ], [ -66.1109, 18.1443 ], [ -66.1111, 18.1439 ] ] } },
{ "type": "Feature", "properties": { "gnis_name": "Río Sana Muerto", "streamorde": 3, "lengthkm": 1.92527559, "totdasqkm": 16.01300004 }, "geometry": { "type": "LineString", "coordinates": [ [ -66.4253, 18.2766 ], [ -66.4248, 18.278 ], [ -66.4228, 18.2776 ], [ -66.4216, 18.278 ], [ -66.4212, 18.2788 ], [ -66.4216, 18.2801 ], [ -66.4206, 18.282 ], [ -66.421, 18.2825 ], [ -66.4209, 18.2835 ], [ -66.422, 18.284 ], [ -66.4216, 18.2863 ], [ -66.4227, 18.287 ], [ -66.4232, 18.288 ] ] } },
{ "type": "Feature", "properties": { "gnis_name": "Río Culebrinas", "streamorde": 5, "lengthkm": 0.05316967, "totdasqkm": 189.41719991 }, "geometry": { "type": "LineString", "coordinates": [ [ -67.1039, 18.3631 ], [ -67.1043, 18.363 ] ] } },
{ "type": "Feature", "properties": { "gnis_name": null, "streamorde": 3, "lengthkm": 0.53447045, "totdasqkm": 11.42570028 }, "geometry": { "type": "LineString", "coordinates": [ [ -67.1564, 18.029 ], [ -67.1596, 18.0256 ] ] } },
{ "type": "Feature", "properties": { "gnis_name": "Río de la Plata", "streamorde": 5, "lengthkm": 1.22808311, "totdasqkm": 478.09610009 }, "geometry": { "type": "LineString", "coordinates": [ [ -66.2385, 18.3636 ], [ -66.238, 18.3655 ], [ -66.2386, 18.3678 ], [ -66.2391, 18.3676 ], [ -66.2392, 18.3683 ], [ -66.2366, 18.3708 ], [ -66.2364, 18.3721 ] ] } },
{ "type": "Feature", "properties": { "gnis_name": "Río Culebrinas", "streamorde": 4, "lengthkm": 0.69070607, "totdasqkm": 35.1593998 }, "geometry": { "type": "LineString", "coordinates": [ [ -66.9832, 18.3286 ], [ -66.9838, 18.3283 ], [ -66.9854, 18.3295 ], [ -66.9889, 18.3284 ] ] } },
{ "type": "Feature", "properties": { "gnis_name": "Río Culebrinas", "streamorde": 4, "lengthkm": 0.06105544, "totdasqkm": 108.34960009 }, "geometry": { "type": "LineString", "coordinates": [ [ -67.0222, 18.3448 ], [ -67.0224, 18.3452 ] ] } },
{ "type": "Feature", "properties": { "gnis_name": "Río Tanamá", "streamorde": 4, "lengthkm": 0.1151211, "totdasqkm": 26.46249978 }, "geometry": { "type": "LineString", "coordinates": [ [ -66.7866, 18.256 ], [ -66.7856, 18.2561 ] ] } },
{ "type": "Feature", "properties": { "gnis_name": "Río Grande de Jayuya", "streamorde": 3, "lengthkm": 0.07360455, "totdasqkm": 53.83800005 }, "geometry": { "type": "LineString", "coordinates": [ [ -66.6155, 18.2126 ], [ -66.6158, 18.212 ] ] } },
{ "type": "Feature", "properties": { "gnis_name": "Río Majada", "streamorde": 3, "lengthkm": 0.0717856, "totdasqkm": 43.02869997 }, "geometry": { "type": "LineString", "coordinates": [ [ -66.2086, 18.0436 ], [ -66.209, 18.0431 ] ] } },
{ "type": "Feature", "properties": { "gnis_name": "Río Loco", "streamorde": 4, "lengthkm": 0.00472477, "totdasqkm": 45.52740004 }, "geometry": { "type": "LineString", "coordinates": [ [ -66.917, 17.9905 ], [ -66.9169, 17.9905 ] ] } },
{ "type": "Feature", "properties": { "gnis_name": "Río Canóvanas", "streamorde": 3, "lengthkm": 2.07108443, "totdasqkm": 39.98639989 }, "geometry": { "type": "LineString", "coordinates": [ [ -65.8947, 18.3456 ], [ -65.895, 18.3459 ], [ -65.8967, 18.3456 ], [ -65.8966, 18.3472 ], [ -65.8972, 18.3484 ], [ -65.8966, 18.3504 ], [ -65.8969, 18.3525 ], [ -65.8979, 18.3531 ], [ -65.9, 18.3535 ], [ -65.9009, 18.3543 ], [ -65.8982, 18.3568 ], [ -65.8983, 18.3576 ] ] } },
{ "type": "Feature", "properties": { "gnis_name": "Río Guamaní", "streamorde": 3, "lengthkm": 0.91334547, "totdasqkm": 19.76289999 }, "geometry": { "type": "LineString", "coordinates": [ [ -66.1165, 18.0111 ], [ -66.117, 18.0092 ], [ -66.1155, 18.0083 ], [ -66.1143, 18.0061 ], [ -66.1155, 18.0047 ] ] } },
{ "type": "Feature", "properties": { "gnis_name": "Río de la Plata", "streamorde": 4, "lengthkm": 1.75948102, "totdasqkm": 133.76209988 }, "geometry": { "type": "LineString", "coordinates": [ [ -66.1958, 18.1376 ], [ -66.1973, 18.1365 ], [ -66.1994, 18.1372 ], [ -66.2008, 18.1384 ], [ -66.2015, 18.1411 ], [ -66.1995, 18.1453 ], [ -66.2018, 18.1467 ] ] } },
{ "type": "Feature", "properties": { "gnis_name": null, "streamorde": 3, "lengthkm": 0.352, "totdasqkm": 14.78969998 }, "geometry": { "type": "LineString", "coordinates": [ [ -65.7708, 18.1483 ], [ -65.7693, 18.1485 ], [ -65.7688, 18.1469 ] ] } },
{ "type": "Feature", "properties": { "gnis_name": "Río de la Plata", "streamorde": 4, "lengthkm": 0.6000317, "totdasqkm": 106.96459995000001 }, "geometry": { "type": "LineString", "coordinates": [ [ -66.1647, 18.1443 ], [ -66.1626, 18.1395 ] ] } },
{ "type": "Feature", "properties": { "gnis_name": "Río Culebrinas", "streamorde": 4, "lengthkm": 1.82697136, "totdasqkm": 31.78459979 }, "geometry": { "type": "LineString", "coordinates": [ [ -66.9728, 18.3275 ], [ -66.9756, 18.3294 ], [ -66.9777, 18.328 ], [ -66.9786, 18.3281 ], [ -66.9789, 18.3286 ], [ -66.9784, 18.3311 ], [ -66.981, 18.3307 ], [ -66.9821, 18.3309 ], [ -66.9826, 18.329 ], [ -66.9832, 18.3286 ] ] } },
{ "type": "Feature", "properties": { "gnis_name": "Río Bucarabones", "streamorde": 3, "lengthkm": 0.3152175, "totdasqkm": 16.70819993 }, "geometry": { "type": "LineString", "coordinates": [ [ -66.2238, 18.3856 ], [ -66.226, 18.3841 ] ] } },
{ "type": "Feature", "properties": { "gnis_name": "Río Viejo", "streamorde": 3, "lengthkm": 1.00426797, "totdasqkm": 33.65090015 }, "geometry": { "type": "LineString", "coordinates": [ [ -67.1291, 18.0985 ], [ -67.1306, 18.1006 ], [ -67.1314, 18.1009 ], [ -67.1314, 18.1016 ], [ -67.1327, 18.1026 ], [ -67.1329, 18.1034 ], [ -67.1348, 18.105 ] ] } },
{ "type": "Feature", "properties": { "gnis_name": "Río de la Plata", "streamorde": 5, "lengthkm": 0.19643057, "totdasqkm": 293.38900003999998 }, "geometry": { "type": "LineString", "coordinates": [ [ -66.2398, 18.2038 ], [ -66.2394, 18.2036 ], [ -66.2392, 18.2024 ] ] } },
{ "type": "Feature", "properties": { "gnis_name": null, "streamorde": 3, "lengthkm": 0.59525607, "totdasqkm": 11.98929994 }, "geometry": { "type": "LineString", "coordinates": [ [ -65.8983, 18.1822 ], [ -65.8996, 18.1842 ], [ -65.9013, 18.1841 ], [ -65.9014, 18.185 ] ] } },
{ "type": "Feature", "properties": { "gnis_name": "Río Guanajibo", "streamorde": 4, "lengthkm": 1.0151917, "totdasqkm": 65.68859965 }, "geometry": { "type": "LineString", "coordinates": [ [ -66.9867, 18.0698 ], [ -66.9873, 18.0698 ], [ -66.9891, 18.0711 ], [ -66.9912, 18.071 ], [ -66.9929, 18.0702 ], [ -66.9954, 18.0702 ] ] } },
{ "type": "Feature", "properties": { "gnis_name": "Río Toa Vaca", "streamorde": 3, "lengthkm": 0.02767892, "totdasqkm": 43.48060006 }, "geometry": { "type": "LineString", "coordinates": [ [ -66.4621, 18.1011 ], [ -66.4623, 18.101 ] ] } },
{ "type": "Feature", "properties": { "gnis_name": "Río Turabo", "streamorde": 4, "lengthkm": 0.01394825, "totdasqkm": 66.02220008 }, "geometry": { "type": "LineString", "coordinates": [ [ -66.0369, 18.2105 ], [ -66.0368, 18.2105 ] ] } },
{ "type": "Feature", "properties": { "gnis_name": "Río Guanajibo", "streamorde": 4, "lengthkm": 0.07676405, "totdasqkm": 38.4248998 }, "geometry": { "type": "LineString", "coordinates": [ [ -66.9608, 18.0674 ], [ -66.9616, 18.0675 ] ] } },
{ "type": "Feature", "properties": { "gnis_name": "Río Nueve Pasos", "streamorde": 3, "lengthkm": 1.71391862, "totdasqkm": 11.53310007 }, "geometry": { "type": "LineString", "coordinates": [ [ -67.0534, 18.1477 ], [ -67.054, 18.1472 ], [ -67.0549, 18.1479 ], [ -67.0562, 18.1471 ], [ -67.0574, 18.1472 ], [ -67.0582, 18.1455 ], [ -67.0587, 18.1453 ], [ -67.0607, 18.1464 ], [ -67.0615, 18.1489 ], [ -67.063, 18.1482 ], [ -67.0643, 18.1494 ] ] } },
{ "type": "Feature", "properties": { "gnis_name": "Río Guaba", "streamorde": 3, "lengthkm": 0.07721178, "totdasqkm": 41.72300022 }, "geometry": { "type": "LineString", "coordinates": [ [ -66.9445, 18.2231 ], [ -66.9438, 18.2228 ] ] } },
{ "type": "Feature", "properties": { "gnis_name": "Río Grande de Manati", "streamorde": 5, "lengthkm": 2.30681294, "totdasqkm": 397.18509984000002 }, "geometry": { "type": "LineString", "coordinates": [ [ -66.4686, 18.3447 ], [ -66.4719, 18.3484 ], [ -66.4719, 18.3497 ], [ -66.4713, 18.3505 ], [ -66.4694, 18.3509 ], [ -66.4691, 18.3518 ], [ -66.4719, 18.3536 ], [ -66.4753, 18.3527 ], [ -66.4756, 18.3545 ], [ -66.475, 18.3562 ] ] } },
{ "type": "Feature", "properties": { "gnis_name": null, "streamorde": 3, "lengthkm": 0.576, "totdasqkm": 52.09850031 }, "geometry": { "type": "LineString", "coordinates": [ [ -65.7899, 18.1262 ], [ -65.7854, 18.1233 ] ] } },
{ "type": "Feature", "properties": { "gnis_name": null, "streamorde": 3, "lengthkm": 1.67007603, "totdasqkm": 4.47799998 }, "geometry": { "type": "LineString", "coordinates": [ [ -66.2706, 18.1657 ], [ -66.2702, 18.1669 ], [ -66.2706, 18.1677 ], [ -66.2717, 18.1674 ], [ -66.2731, 18.1679 ], [ -66.2725, 18.1689 ], [ -66.2716, 18.1691 ], [ -66.272, 18.1704 ], [ -66.2735, 18.171 ], [ -66.2748, 18.1705 ], [ -66.2761, 18.1721 ], [ -66.2757, 18.1726 ] ] } },
{ "type": "Feature", "properties": { "gnis_name": "Río de la Plata", "streamorde": 5, "lengthkm": 0.10890328, "totdasqkm": 373.12720028000001 }, "geometry": { "type": "LineString", "coordinates": [ [ -66.2062, 18.2728 ], [ -66.206, 18.2737 ] ] } },
{ "type": "Feature", "properties": { "gnis_name": "Río Cuyón", "streamorde": 4, "lengthkm": 1.65363232, "totdasqkm": 58.63979979 }, "geometry": { "type": "LineString", "coordinates": [ [ -66.333, 18.0833 ], [ -66.334, 18.0859 ], [ -66.3346, 18.0852 ], [ -66.3368, 18.0865 ], [ -66.3377, 18.0862 ], [ -66.3397, 18.0837 ], [ -66.3402, 18.084 ], [ -66.3417, 18.0836 ], [ -66.3422, 18.0857 ] ] } },
{ "type": "Feature", "properties": { "gnis_name": null, "streamorde": 3, "lengthkm": 0.543, "totdasqkm": 5.3614001 }, "geometry": { "type": "LineString", "coordinates": [ [ -67.0694, 18.2941 ], [ -67.0689, 18.2937 ], [ -67.069, 18.2915 ], [ -67.0696, 18.2896 ] ] } },
{ "type": "Feature", "properties": { "gnis_name": "Río Guanajibo", "streamorde": 5, "lengthkm": 0.38791826, "totdasqkm": 326.87409955000004 }, "geometry": { "type": "LineString", "coordinates": [ [ -67.1658, 18.1577 ], [ -67.1671, 18.1589 ], [ -67.1689, 18.159 ] ] } },
{ "type": "Feature", "properties": { "gnis_name": "Río Jájome", "streamorde": 3, "lengthkm": 0.43527242, "totdasqkm": 13.20379998 }, "geometry": { "type": "LineString", "coordinates": [ [ -66.1698, 18.062 ], [ -66.1713, 18.0632 ], [ -66.1715, 18.0651 ] ] } },
{ "type": "Feature", "properties": { "gnis_name": "Río Morovis", "streamorde": 3, "lengthkm": 0.81907622, "totdasqkm": 5.37419997 }, "geometry": { "type": "LineString", "coordinates": [ [ -66.4182, 18.329 ], [ -66.4187, 18.3299 ], [ -66.4181, 18.3299 ], [ -66.4182, 18.3307 ], [ -66.4193, 18.3318 ], [ -66.4201, 18.3316 ], [ -66.4202, 18.3312 ], [ -66.4208, 18.3329 ] ] } },
{ "type": "Feature", "properties": { "gnis_name": "Río Guaynabo", "streamorde": 3, "lengthkm": 0.172, "totdasqkm": 3.23589993 }, "geometry": { "type": "LineString", "coordinates": [ [ -66.1051, 18.3058 ], [ -66.1045, 18.3056 ], [ -66.1038, 18.3062 ] ] } },
{ "type": "Feature", "properties": { "gnis_name": "Río Culebrinas", "streamorde": 4, "lengthkm": 0.60807607, "totdasqkm": 120.6167 }, "geometry": { "type": "LineString", "coordinates": [ [ -67.0265, 18.3472 ], [ -67.0275, 18.3466 ], [ -67.0297, 18.3469 ], [ -67.0318, 18.3463 ] ] } },
{ "type": "Feature", "properties": { "gnis_name": null, "streamorde": 3, "lengthkm": 0.76650487, "totdasqkm": 3.63139982 }, "geometry": { "type": "LineString", "coordinates": [ [ -67.0967, 18.2133 ], [ -67.0991, 18.2136 ], [ -67.1008, 18.2128 ], [ -67.1017, 18.2119 ], [ -67.103, 18.2124 ] ] } },
{ "type": "Feature", "properties": { "gnis_name": "Río Toro Negro", "streamorde": 4, "lengthkm": 1.44383632, "totdasqkm": 57.85319979 }, "geometry": { "type": "LineString", "coordinates": [ [ -66.5084, 18.249 ], [ -66.5063, 18.2508 ], [ -66.5027, 18.2505 ], [ -66.5017, 18.2531 ], [ -66.5016, 18.2555 ], [ -66.5009, 18.2566 ] ] } },
{ "type": "Feature", "properties": { "gnis_name": "Río Toro Negro", "streamorde": 4, "lengthkm": 0.53435183, "totdasqkm": 78.65080006000001 }, "geometry": { "type": "LineString", "coordinates": [ [ -66.4947, 18.2862 ], [ -66.4931, 18.2856 ], [ -66.4899, 18.2855 ] ] } },
{ "type": "Feature", "properties": { "gnis_name": "Río Hondo", "streamorde": 3, "lengthkm": 0.03504831, "totdasqkm": 8.6569999 }, "geometry": { "type": "LineString", "coordinates": [ [ -67.1536, 18.2824 ], [ -67.1538, 18.2822 ] ] } },
{ "type": "Feature", "properties": { "gnis_name": "Río Grande de Patillas", "streamorde": 4, "lengthkm": 0.43892231, "totdasqkm": 72.60690001 }, "geometry": { "type": "LineString", "coordinates": [ [ -66.0141, 17.9841 ], [ -66.0136, 17.9803 ] ] } },
{ "type": "Feature", "properties": { "gnis_name": "Río Cidra", "streamorde": 3, "lengthkm": 0.10624026, "totdasqkm": 15.1458999 }, "geometry": { "type": "LineString", "coordinates": [ [ -66.7265, 18.1624 ], [ -66.7275, 18.1625 ] ] } },
{ "type": "Feature", "properties": { "gnis_name": "Río Zamas", "streamorde": 3, "lengthkm": 0.66682338, "totdasqkm": 9.47459997 }, "geometry": { "type": "LineString", "coordinates": [ [ -66.6121, 18.2058 ], [ -66.6137, 18.2082 ], [ -66.6163, 18.2101 ] ] } },
{ "type": "Feature", "properties": { "gnis_name": "Río de la Plata", "streamorde": 5, "lengthkm": 1.58431357, "totdasqkm": 544.51060036999991 }, "geometry": { "type": "LineString", "coordinates": [ [ -66.2613, 18.4221 ], [ -66.2606, 18.4238 ], [ -66.2597, 18.4242 ], [ -66.2596, 18.4261 ], [ -66.2605, 18.4265 ], [ -66.2622, 18.4248 ], [ -66.2641, 18.4246 ], [ -66.2646, 18.4258 ], [ -66.2638, 18.4285 ] ] } },
{ "type": "Feature", "properties": { "gnis_name": "Río Guayo", "streamorde": 3, "lengthkm": 0.02717774, "totdasqkm": 25.01410019 }, "geometry": { "type": "LineString", "coordinates": [ [ -66.8349, 18.2105 ], [ -66.8348, 18.2108 ] ] } },
{ "type": "Feature", "properties": { "gnis_name": null, "streamorde": 3, "lengthkm": 0.341, "totdasqkm": 5.75049991 }, "geometry": { "type": "LineString", "coordinates": [ [ -65.6926, 18.2027 ], [ -65.6923, 18.2001 ] ] } },
{ "type": "Feature", "properties": { "gnis_name": null, "streamorde": 3, "lengthkm": 1.37251217, "totdasqkm": 16.25269972 }, "geometry": { "type": "LineString", "coordinates": [ [ -65.9817, 18.3277 ], [ -65.9826, 18.3283 ], [ -65.9828, 18.3296 ], [ -65.9839, 18.3299 ], [ -65.9834, 18.3313 ], [ -65.9844, 18.3313 ], [ -65.9847, 18.3323 ], [ -65.9859, 18.3326 ], [ -65.9863, 18.3336 ], [ -65.9858, 18.3347 ], [ -65.9865, 18.3359 ] ] } },
{ "type": "Feature", "properties": { "gnis_name": null, "streamorde": 3, "lengthkm": 1.23578907, "totdasqkm": 4.19920016 }, "geometry": { "type": "LineString", "coordinates": [ [ -66.9439, 18.2798 ], [ -66.9454, 18.2781 ], [ -66.9446, 18.2775 ], [ -66.9434, 18.2742 ], [ -66.9424, 18.2742 ], [ -66.9422, 18.2732 ], [ -66.9427, 18.2714 ] ] } },
{ "type": "Feature", "properties": { "gnis_name": "Río Viejo", "streamorde": 4, "lengthkm": 0.69931744, "totdasqkm": 55.36260003 }, "geometry": { "type": "LineString", "coordinates": [ [ -67.1375, 18.1069 ], [ -67.1364, 18.109 ], [ -67.137, 18.1097 ], [ -67.1367, 18.1107 ], [ -67.1359, 18.1112 ], [ -67.1361, 18.1119 ] ] } },
{ "type": "Feature", "properties": { "gnis_name": null, "streamorde": 3, "lengthkm": 0.43106637, "totdasqkm": 309.12349971999998 }, "geometry": { "type": "LineString", "coordinates": [ [ -67.1456, 18.137 ], [ -67.1475, 18.139 ], [ -67.1486, 18.1394 ] ] } },
{ "type": "Feature", "properties": { "gnis_name": "Río Chico", "streamorde": 3, "lengthkm": 0.41557572, "totdasqkm": 18.6038001 }, "geometry": { "type": "LineString", "coordinates": [ [ -66.0048, 17.9862 ], [ -66.0045, 17.9825 ] ] } },
{ "type": "Feature", "properties": { "gnis_name": "Río Yagüez", "streamorde": 3, "lengthkm": 0.45590607, "totdasqkm": 4.40090001 }, "geometry": { "type": "LineString", "coordinates": [ [ -67.0514, 18.2005 ], [ -67.0518, 18.2002 ], [ -67.0527, 18.2005 ], [ -67.0527, 18.1988 ], [ -67.0533, 18.1984 ] ] } },
{ "type": "Feature", "properties": { "gnis_name": "Río Grande de Manati", "streamorde": 5, "lengthkm": 2.75511151, "totdasqkm": 136.07239978000001 }, "geometry": { "type": "LineString", "coordinates": [ [ -66.395, 18.2858 ], [ -66.3972, 18.2877 ], [ -66.4026, 18.2892 ], [ -66.4031, 18.2909 ], [ -66.4025, 18.2926 ], [ -66.3985, 18.2931 ], [ -66.398, 18.2937 ], [ -66.3984, 18.295 ], [ -66.4, 18.2959 ], [ -66.4, 18.2975 ], [ -66.4019, 18.2989 ], [ -66.4029, 18.299 ] ] } },
{ "type": "Feature", "properties": { "gnis_name": "Río Grande", "streamorde": 3, "lengthkm": 0.30922197, "totdasqkm": 17.10080003 }, "geometry": { "type": "LineString", "coordinates": [ [ -66.9375, 18.0961 ], [ -66.9372, 18.0957 ], [ -66.9387, 18.0941 ] ] } },
{ "type": "Feature", "properties": { "gnis_name": "Río Majada", "streamorde": 3, "lengthkm": 0.301541, "totdasqkm": 43.00989997 }, "geometry": { "type": "LineString", "coordinates": [ [ -66.2072, 18.0431 ], [ -66.2078, 18.0443 ], [ -66.2086, 18.0436 ] ] } },
{ "type": "Feature", "properties": { "gnis_name": null, "streamorde": 3, "lengthkm": 0.63511224, "totdasqkm": 17.35610003 }, "geometry": { "type": "LineString", "coordinates": [ [ -65.8527, 18.2243 ], [ -65.8541, 18.2248 ], [ -65.8561, 18.2267 ], [ -65.8575, 18.2264 ] ] } },
{ "type": "Feature", "properties": { "gnis_name": "Río de Bayamón", "streamorde": 4, "lengthkm": 0.5113637, "totdasqkm": 82.32779998 }, "geometry": { "type": "LineString", "coordinates": [ [ -66.1383, 18.2978 ], [ -66.1379, 18.2984 ], [ -66.1386, 18.2999 ], [ -66.1406, 18.3007 ] ] } },
{ "type": "Feature", "properties": { "gnis_name": "Río Grande de Añasco", "streamorde": 5, "lengthkm": 0.15144404, "totdasqkm": 272.11480021 }, "geometry": { "type": "LineString", "coordinates": [ [ -66.9455, 18.273 ], [ -66.9461, 18.2734 ], [ -66.9467, 18.2731 ] ] } },
{ "type": "Feature", "properties": { "gnis_name": null, "streamorde": 3, "lengthkm": 1.05789663, "totdasqkm": 68.30220013 }, "geometry": { "type": "LineString", "coordinates": [ [ -65.6331, 18.3275 ], [ -65.6315, 18.3306 ], [ -65.6305, 18.331 ], [ -65.6296, 18.3305 ], [ -65.6297, 18.3287 ], [ -65.6278, 18.3281 ] ] } },
{ "type": "Feature", "properties": { "gnis_name": "Río Guanajibo", "streamorde": 4, "lengthkm": 1.26159731, "totdasqkm": 40.36319966 }, "geometry": { "type": "LineString", "coordinates": [ [ -66.9663, 18.0673 ], [ -66.9682, 18.0674 ], [ -66.9718, 18.0666 ], [ -66.9738, 18.0672 ], [ -66.9763, 18.0668 ], [ -66.9776, 18.0675 ] ] } },
{ "type": "Feature", "properties": { "gnis_name": null, "streamorde": 3, "lengthkm": 0.205, "totdasqkm": 8.96899994 }, "geometry": { "type": "LineString", "coordinates": [ [ -65.8147, 18.3848 ], [ -65.815, 18.3866 ] ] } },
{ "type": "Feature", "properties": { "gnis_name": null, "streamorde": 3, "lengthkm": 0.445, "totdasqkm": 27.92150013 }, "geometry": { "type": "LineString", "coordinates": [ [ -66.6336, 18.0578 ], [ -66.6325, 18.054 ] ] } },
{ "type": "Feature", "properties": { "gnis_name": "Río Saliente", "streamorde": 3, "lengthkm": 0.6579324, "totdasqkm": 19.25590005 }, "geometry": { "type": "LineString", "coordinates": [ [ -66.5549, 18.2044 ], [ -66.554, 18.2045 ], [ -66.5533, 18.2052 ], [ -66.5538, 18.2062 ], [ -66.5532, 18.2078 ], [ -66.5537, 18.2087 ] ] } },
{ "type": "Feature", "properties": { "gnis_name": "Río Grande de Arecibo", "streamorde": 6, "lengthkm": 0.12251318, "totdasqkm": 654.79129985999998 }, "geometry": { "type": "LineString", "coordinates": [ [ -66.7117, 18.4721 ], [ -66.7106, 18.4726 ] ] } },
{ "type": "Feature", "properties": { "gnis_name": "Río Viejo", "streamorde": 3, "lengthkm": 2.64072895, "totdasqkm": 14.09280003 }, "geometry": { "type": "LineString", "coordinates": [ [ -67.0757, 18.0918 ], [ -67.0792, 18.0935 ], [ -67.0831, 18.0932 ], [ -67.0866, 18.0921 ], [ -67.0911, 18.0927 ], [ -67.0966, 18.0942 ], [ -67.0987, 18.094 ] ] } },
{ "type": "Feature", "properties": { "gnis_name": null, "streamorde": 5, "lengthkm": 0.48034555, "totdasqkm": 260.59560003000001 }, "geometry": { "type": "LineString", "coordinates": [ [ -67.1726, 18.4045 ], [ -67.1721, 18.4053 ], [ -67.1732, 18.4049 ], [ -67.1744, 18.4056 ], [ -67.1753, 18.4053 ] ] } },
{ "type": "Feature", "properties": { "gnis_name": null, "streamorde": 3, "lengthkm": 0.36153663, "totdasqkm": 4.56340001 }, "geometry": { "type": "LineString", "coordinates": [ [ -65.5643, 18.1178 ], [ -65.5645, 18.1183 ], [ -65.5639, 18.1191 ], [ -65.5621, 18.1192 ] ] } },
{ "type": "Feature", "properties": { "gnis_name": "Río Mavilla", "streamorde": 3, "lengthkm": 0.63611175, "totdasqkm": 14.99760005 }, "geometry": { "type": "LineString", "coordinates": [ [ -66.2957, 18.3001 ], [ -66.2961, 18.3002 ], [ -66.2957, 18.3015 ], [ -66.2961, 18.302 ], [ -66.2945, 18.3037 ], [ -66.2947, 18.3046 ] ] } },
{ "type": "Feature", "properties": { "gnis_name": "Río Grande", "streamorde": 3, "lengthkm": 0.17767235, "totdasqkm": 9.85789989 }, "geometry": { "type": "LineString", "coordinates": [ [ -67.2382, 18.3723 ], [ -67.239, 18.3726 ], [ -67.2393, 18.3733 ] ] } },
{ "type": "Feature", "properties": { "gnis_name": "Río Hondo", "streamorde": 3, "lengthkm": 1.76103358, "totdasqkm": 6.38400014 }, "geometry": { "type": "LineString", "coordinates": [ [ -67.1254, 18.1694 ], [ -67.1258, 18.1705 ], [ -67.1267, 18.1691 ], [ -67.1281, 18.1697 ], [ -67.129, 18.1692 ], [ -67.1293, 18.1676 ], [ -67.13, 18.1667 ], [ -67.1298, 18.1662 ], [ -67.1304, 18.1662 ], [ -67.1304, 18.1657 ], [ -67.1324, 18.1655 ], [ -67.1327, 18.1668 ], [ -67.1342, 18.1667 ], [ -67.1336, 18.1672 ] ] } },
{ "type": "Feature", "properties": { "gnis_name": "Río Viejo", "streamorde": 4, "lengthkm": 0.45181104, "totdasqkm": 61.03529992 }, "geometry": { "type": "LineString", "coordinates": [ [ -67.1372, 18.1193 ], [ -67.1359, 18.1219 ], [ -67.1367, 18.1226 ] ] } },
{ "type": "Feature", "properties": { "gnis_name": "Río Sana Muerto", "streamorde": 3, "lengthkm": 0.82927522, "totdasqkm": 9.73159998 }, "geometry": { "type": "LineString", "coordinates": [ [ -66.4126, 18.2685 ], [ -66.4153, 18.2695 ], [ -66.4153, 18.27 ], [ -66.4178, 18.2699 ], [ -66.4194, 18.2693 ] ] } },
{ "type": "Feature", "properties": { "gnis_name": "Río Viejo", "streamorde": 4, "lengthkm": 0.2920355, "totdasqkm": 58.38639995 }, "geometry": { "type": "LineString", "coordinates": [ [ -67.1361, 18.1119 ], [ -67.1361, 18.1144 ] ] } },
{ "type": "Feature", "properties": { "gnis_name": "Río Grande de Añasco", "streamorde": 5, "lengthkm": 0.06932052, "totdasqkm": 465.36060025 }, "geometry": { "type": "LineString", "coordinates": [ [ -67.1515, 18.2695 ], [ -67.1519, 18.2691 ] ] } },
{ "type": "Feature", "properties": { "gnis_name": "Río Limón", "streamorde": 3, "lengthkm": 1.24315259, "totdasqkm": 34.42100019 }, "geometry": { "type": "LineString", "coordinates": [ [ -66.6126, 18.3085 ], [ -66.6112, 18.3119 ], [ -66.6114, 18.3138 ], [ -66.6092, 18.3153 ], [ -66.6089, 18.316 ], [ -66.6086, 18.3171 ], [ -66.6092, 18.3179 ] ] } },
{ "type": "Feature", "properties": { "gnis_name": null, "streamorde": 3, "lengthkm": 0.299, "totdasqkm": 51.62410032 }, "geometry": { "type": "LineString", "coordinates": [ [ -65.7923, 18.1277 ], [ -65.7899, 18.1262 ] ] } },
{ "type": "Feature", "properties": { "gnis_name": "Río Hondo", "streamorde": 4, "lengthkm": 0.00985922, "totdasqkm": 24.8294002 }, "geometry": { "type": "LineString", "coordinates": [ [ -66.1584, 18.4012 ], [ -66.1585, 18.4013 ] ] } },
{ "type": "Feature", "properties": { "gnis_name": "Río Guaonica", "streamorde": 3, "lengthkm": 0.44469242, "totdasqkm": 16.88750023 }, "geometry": { "type": "LineString", "coordinates": [ [ -66.7281, 18.2552 ], [ -66.7265, 18.2562 ], [ -66.7243, 18.2567 ] ] } },
{ "type": "Feature", "properties": { "gnis_name": null, "streamorde": 3, "lengthkm": 2.443, "totdasqkm": 8.91700007 }, "geometry": { "type": "LineString", "coordinates": [ [ -66.8081, 18.0796 ], [ -66.8084, 18.0787 ], [ -66.8075, 18.0779 ], [ -66.8072, 18.0761 ], [ -66.8054, 18.0763 ], [ -66.8049, 18.0752 ], [ -66.8038, 18.0754 ], [ -66.8033, 18.0745 ], [ -66.8022, 18.0747 ], [ -66.8005, 18.0725 ], [ -66.7995, 18.0719 ], [ -66.7994, 18.0713 ], [ -66.7978, 18.0713 ], [ -66.7971, 18.0721 ], [ -66.7946, 18.0726 ], [ -66.7927, 18.0716 ] ] } },
{ "type": "Feature", "properties": { "gnis_name": null, "streamorde": 5, "lengthkm": 0.01064036, "totdasqkm": 537.14610012000003 }, "geometry": { "type": "LineString", "coordinates": [ ] } },
{ "type": "Feature", "properties": { "gnis_name": null, "streamorde": 4, "lengthkm": 2.903, "totdasqkm": 26.14309993 }, "geometry": { "type": "LineString", "coordinates": [ [ -66.5642, 18.0989 ], [ -66.5626, 18.096 ], [ -66.5611, 18.0954 ], [ -66.56, 18.0935 ], [ -66.5584, 18.0927 ], [ -66.5604, 18.0907 ], [ -66.5629, 18.0904 ], [ -66.5633, 18.0899 ], [ -66.5635, 18.0874 ], [ -66.5621, 18.0854 ], [ -66.5632, 18.0839 ], [ -66.5638, 18.0811 ], [ -66.5646, 18.08 ] ] } },
{ "type": "Feature", "properties": { "gnis_name": null, "streamorde": 3, "lengthkm": 1.884, "totdasqkm": 3.96790001 }, "geometry": { "type": "LineString", "coordinates": [ [ -67.0153, 18.2235 ], [ -67.0164, 18.2257 ], [ -67.0176, 18.2256 ], [ -67.0176, 18.2263 ], [ -67.0212, 18.2288 ], [ -67.0222, 18.2281 ], [ -67.0216, 18.2278 ], [ -67.022, 18.2272 ], [ -67.0236, 18.2278 ], [ -67.0247, 18.2292 ], [ -67.0262, 18.2287 ] ] } },
{ "type": "Feature", "properties": { "gnis_name": "Río Culebrinas", "streamorde": 5, "lengthkm": 0.09566767, "totdasqkm": 187.31929988 }, "geometry": { "type": "LineString", "coordinates": [ [ -67.0918, 18.359 ], [ -67.0924, 18.3585 ] ] } },
{ "type": "Feature", "properties": { "gnis_name": null, "streamorde": 3, "lengthkm": 0.08488348, "totdasqkm": 32.20989987 }, "geometry": { "type": "LineString", "coordinates": [ [ -66.4508, 18.215 ], [ -66.4512, 18.2155 ] ] } },
{ "type": "Feature", "properties": { "gnis_name": "Río Guayanilla", "streamorde": 3, "lengthkm": 0.301, "totdasqkm": 8.08280022 }, "geometry": { "type": "LineString", "coordinates": [ [ -66.7893, 18.1064 ], [ -66.7888, 18.105 ], [ -66.7879, 18.1041 ] ] } },
{ "type": "Feature", "properties": { "gnis_name": "Río Ingenio", "streamorde": 3, "lengthkm": 0.81701779, "totdasqkm": 13.35900001 }, "geometry": { "type": "LineString", "coordinates": [ [ -67.2074, 18.3617 ], [ -67.2078, 18.3617 ], [ -67.2083, 18.3631 ], [ -67.2089, 18.3634 ], [ -67.2083, 18.3649 ], [ -67.2089, 18.3664 ], [ -67.21, 18.3665 ] ] } },
{ "type": "Feature", "properties": { "gnis_name": "Río Blanco", "streamorde": 4, "lengthkm": 0.20281909, "totdasqkm": 100.78650041 }, "geometry": { "type": "LineString", "coordinates": [ [ -66.9019, 18.2591 ], [ -66.9026, 18.2574 ] ] } },
{ "type": "Feature", "properties": { "gnis_name": null, "streamorde": 4, "lengthkm": 0.01545184, "totdasqkm": 26.75950001 }, "geometry": { "type": "LineString", "coordinates": [ [ -67.186, 18.2741 ], [ -67.186, 18.274 ] ] } },
{ "type": "Feature", "properties": { "gnis_name": "Río Gurabo", "streamorde": 5, "lengthkm": 1.14041078, "totdasqkm": 174.47620007 }, "geometry": { "type": "LineString", "coordinates": [ [ -65.9873, 18.2625 ], [ -65.9896, 18.2659 ], [ -65.9933, 18.2654 ], [ -65.9958, 18.2659 ] ] } },
{ "type": "Feature", "properties": { "gnis_name": "Río Pellejas", "streamorde": 3, "lengthkm": 0.84587391, "totdasqkm": 24.44089977 }, "geometry": { "type": "LineString", "coordinates": [ [ -66.7047, 18.2191 ], [ -66.7067, 18.2213 ], [ -66.7104, 18.2236 ] ] } },
{ "type": "Feature", "properties": { "gnis_name": "Río Nigua", "streamorde": 4, "lengthkm": 2.35989511, "totdasqkm": 124.90849966 }, "geometry": { "type": "LineString", "coordinates": [ [ -66.28, 17.998 ], [ -66.281, 17.9967 ], [ -66.2834, 17.9954 ], [ -66.2868, 17.9957 ], [ -66.2895, 17.9936 ], [ -66.2919, 17.9931 ], [ -66.2924, 17.9919 ], [ -66.2913, 17.9904 ], [ -66.2912, 17.9892 ], [ -66.293, 17.9877 ], [ -66.2934, 17.9867 ] ] } },
{ "type": "Feature", "properties": { "gnis_name": "Río Rosario", "streamorde": 4, "lengthkm": 0.46165587, "totdasqkm": 53.28730013 }, "geometry": { "type": "LineString", "coordinates": [ [ -67.0841, 18.1484 ], [ -67.0841, 18.1473 ], [ -67.0856, 18.1448 ] ] } },
{ "type": "Feature", "properties": { "gnis_name": "Río Grande", "streamorde": 3, "lengthkm": 0.70376533, "totdasqkm": 25.98099999 }, "geometry": { "type": "LineString", "coordinates": [ [ -65.8289, 18.3723 ], [ -65.8275, 18.3718 ], [ -65.8268, 18.3727 ], [ -65.827, 18.3737 ], [ -65.8243, 18.374 ] ] } },
{ "type": "Feature", "properties": { "gnis_name": null, "streamorde": 3, "lengthkm": 0.03137684, "totdasqkm": 6.93759994 }, "geometry": { "type": "LineString", "coordinates": [ [ -66.2064, 18.2768 ], [ -66.2062, 18.2769 ] ] } },
{ "type": "Feature", "properties": { "gnis_name": "Río de la Plata", "streamorde": 4, "lengthkm": 0.46437797, "totdasqkm": 96.76709985 }, "geometry": { "type": "LineString", "coordinates": [ [ -66.1374, 18.1338 ], [ -66.1384, 18.1346 ], [ -66.1395, 18.1373 ] ] } },
{ "type": "Feature", "properties": { "gnis_name": null, "streamorde": 3, "lengthkm": 0.92785704, "totdasqkm": 4.9845001 }, "geometry": { "type": "LineString", "coordinates": [ [ -66.0353, 18.1759 ], [ -66.0363, 18.1766 ], [ -66.0378, 18.1753 ], [ -66.0397, 18.1754 ], [ -66.0407, 18.178 ] ] } },
{ "type": "Feature", "properties": { "gnis_name": null, "streamorde": 4, "lengthkm": 0.51920929, "totdasqkm": 71.85789997 }, "geometry": { "type": "LineString", "coordinates": [ [ -66.9498, 18.004 ], [ -66.9453, 18.0022 ] ] } },
{ "type": "Feature", "properties": { "gnis_name": "Río Cerrillos", "streamorde": 3, "lengthkm": 0.786, "totdasqkm": 12.67720007 }, "geometry": { "type": "LineString", "coordinates": [ [ -66.6072, 18.1294 ], [ -66.6065, 18.1275 ], [ -66.6048, 18.1263 ], [ -66.6051, 18.1244 ], [ -66.6041, 18.1245 ] ] } },
{ "type": "Feature", "properties": { "gnis_name": "Río Tanamá", "streamorde": 4, "lengthkm": 0.83778024, "totdasqkm": 136.95929971000001 }, "geometry": { "type": "LineString", "coordinates": [ [ -66.7109, 18.4154 ], [ -66.709, 18.4169 ], [ -66.7083, 18.4182 ], [ -66.7072, 18.4189 ], [ -66.7063, 18.4185 ], [ -66.7052, 18.4194 ] ] } },
{ "type": "Feature", "properties": { "gnis_name": "Río Yagüez", "streamorde": 4, "lengthkm": 0.52057968, "totdasqkm": 21.4576999 }, "geometry": { "type": "LineString", "coordinates": [ [ -67.1151, 18.2086 ], [ -67.1167, 18.2078 ], [ -67.1177, 18.2084 ], [ -67.1176, 18.2068 ] ] } },
{ "type": "Feature", "properties": { "gnis_name": null, "streamorde": 3, "lengthkm": 0.258, "totdasqkm": 18.88470008 }, "geometry": { "type": "LineString", "coordinates": [ [ -67.1088, 18.0124 ], [ -67.1113, 18.0125 ] ] } },
{ "type": "Feature", "properties": { "gnis_name": null, "streamorde": 6, "lengthkm": 0.14549973, "totdasqkm": 446.61679997 }, "geometry": { "type": "LineString", "coordinates": [ [ -66.6889, 18.4073 ], [ -66.6886, 18.4085 ] ] } },
{ "type": "Feature", "properties": { "gnis_name": null, "streamorde": 3, "lengthkm": 1.179, "totdasqkm": 6.82349996 }, "geometry": { "type": "LineString", "coordinates": [ [ -66.0527, 18.3808 ], [ -66.0537, 18.382 ], [ -66.0535, 18.3829 ], [ -66.0548, 18.3829 ], [ -66.0553, 18.3833 ], [ -66.0551, 18.3837 ], [ -66.0566, 18.3838 ], [ -66.0564, 18.384 ], [ -66.0571, 18.3841 ], [ -66.0588, 18.3859 ] ] } },
{ "type": "Feature", "properties": { "gnis_name": null, "streamorde": 3, "lengthkm": 0.399, "totdasqkm": 51.18340033 }, "geometry": { "type": "LineString", "coordinates": [ [ -65.6562, 18.3069 ], [ -65.6542, 18.3071 ], [ -65.6534, 18.3084 ] ] } },
{ "type": "Feature", "properties": { "gnis_name": "Río Piedras", "streamorde": 3, "lengthkm": 0.672, "totdasqkm": 15.67660012 }, "geometry": { "type": "LineString", "coordinates": [ [ -66.0673, 18.3542 ], [ -66.0667, 18.3549 ], [ -66.0667, 18.3559 ], [ -66.0653, 18.3567 ], [ -66.0656, 18.3579 ], [ -66.0651, 18.3588 ] ] } },
{ "type": "Feature", "properties": { "gnis_name": null, "streamorde": 4, "lengthkm": 0.101, "totdasqkm": 19.79939982 }, "geometry": { "type": "LineString", "coordinates": [ [ -66.5677, 18.0997 ], [ -66.5669, 18.0992 ] ] } },
{ "type": "Feature", "properties": { "gnis_name": "Río Viejo", "streamorde": 4, "lengthkm": 0.34629259, "totdasqkm": 61.28099995 }, "geometry": { "type": "LineString", "coordinates": [ [ -67.1367, 18.1226 ], [ -67.1369, 18.1232 ], [ -67.1361, 18.1241 ], [ -67.1355, 18.1241 ], [ -67.1354, 18.1248 ] ] } },
{ "type": "Feature", "properties": { "gnis_name": "Río Jacaboa", "streamorde": 3, "lengthkm": 0.44068617, "totdasqkm": 13.40989999 }, "geometry": { "type": "LineString", "coordinates": [ [ -65.9671, 17.9791 ], [ -65.9665, 17.9753 ] ] } },
{ "type": "Feature", "properties": { "gnis_name": "Río Coabey", "streamorde": 3, "lengthkm": 1.11048056, "totdasqkm": 7.01400003 }, "geometry": { "type": "LineString", "coordinates": [ [ -66.7949, 18.2429 ], [ -66.7948, 18.2433 ], [ -66.7955, 18.2436 ], [ -66.7947, 18.2447 ], [ -66.7953, 18.2456 ], [ -66.7948, 18.2472 ], [ -66.7944, 18.2468 ], [ -66.7941, 18.2472 ], [ -66.795, 18.2492 ], [ -66.7943, 18.2498 ] ] } },
{ "type": "Feature", "properties": { "gnis_name": "Río Indio", "streamorde": 4, "lengthkm": 8.30569615, "totdasqkm": 74.67729986000001 }, "geometry": { "type": "LineString", "coordinates": [ [ -66.3952, 18.3955 ], [ -66.3968, 18.3967 ], [ -66.3967, 18.3988 ], [ -66.3951, 18.4012 ], [ -66.3931, 18.402 ], [ -66.3925, 18.4036 ], [ -66.3908, 18.4059 ], [ -66.389, 18.4071 ], [ -66.3894, 18.4086 ], [ -66.3878, 18.4094 ], [ -66.387, 18.4112 ], [ -66.3851, 18.4115 ], [ -66.3835, 18.4134 ], [ -66.3813, 18.4133 ], [ -66.3817, 18.4151 ], [ -66.3795, 18.4158 ], [ -66.3783, 18.4152 ], [ -66.376, 18.4172 ], [ -66.376, 18.4178 ], [ -66.3772, 18.4191 ], [ -66.3766, 18.4221 ], [ -66.3769, 18.4237 ], [ -66.3776, 18.4241 ], [ -66.3799, 18.423 ], [ -66.3816, 18.4253 ], [ -66.3813, 18.4301 ], [ -66.38, 18.4319 ], [ -66.3788, 18.4319 ], [ -66.3788, 18.4331 ], [ -66.3798, 18.4337 ], [ -66.3791, 18.4343 ], [ -66.3796, 18.435 ], [ -66.3784, 18.435 ], [ -66.3773, 18.4343 ], [ -66.3775, 18.4357 ], [ -66.3763, 18.436 ], [ -66.3753, 18.4348 ], [ -66.3743, 18.4362 ], [ -66.3737, 18.436 ], [ -66.3723, 18.4368 ], [ -66.3722, 18.4376 ] ] } },
{ "type": "Feature", "properties": { "gnis_name": "Río Grande De Loiza", "streamorde": 6, "lengthkm": 0.10869732, "totdasqkm": 527.43499985999995 }, "geometry": { "type": "LineString", "coordinates": [ [ -66.0154, 18.328 ], [ -66.0151, 18.3282 ], [ -66.0158, 18.3284 ] ] } },
{ "type": "Feature", "properties": { "gnis_name": "Río Saliente", "streamorde": 3, "lengthkm": 1.02879875, "totdasqkm": 13.81510011 }, "geometry": { "type": "LineString", "coordinates": [ [ -66.5571, 18.1913 ], [ -66.5595, 18.1948 ], [ -66.5599, 18.1961 ], [ -66.5579, 18.199 ] ] } },
{ "type": "Feature", "properties": { "gnis_name": "Río Grande de Añasco", "streamorde": 5, "lengthkm": 0.02394684, "totdasqkm": 296.29270021000002 }, "geometry": { "type": "LineString", "coordinates": [ [ -66.9722, 18.2723 ], [ -66.9723, 18.2725 ] ] } },
{ "type": "Feature", "properties": { "gnis_name": "Río Guanajibo", "streamorde": 4, "lengthkm": 0.07662166, "totdasqkm": 44.5690997 }, "geometry": { "type": "LineString", "coordinates": [ [ -66.982, 18.0675 ], [ -66.9825, 18.0681 ] ] } },
{ "type": "Feature", "properties": { "gnis_name": null, "streamorde": 3, "lengthkm": 0.476, "totdasqkm": 4.14010009 }, "geometry": { "type": "LineString", "coordinates": [ [ -65.7647, 18.3754 ], [ -65.7635, 18.3751 ], [ -65.7632, 18.3758 ], [ -65.7619, 18.3759 ], [ -65.7611, 18.3766 ] ] } },
{ "type": "Feature", "properties": { "gnis_name": "Río Grande de Arecibo", "streamorde": 4, "lengthkm": 0.03208782, "totdasqkm": 93.64099962 }, "geometry": { "type": "LineString", "coordinates": [ [ -66.7212, 18.2409 ], [ -66.7213, 18.2412 ] ] } },
{ "type": "Feature", "properties": { "gnis_name": "Río de la Plata", "streamorde": 5, "lengthkm": 0.49953985, "totdasqkm": 369.43940017 }, "geometry": { "type": "LineString", "coordinates": [ [ -66.2038, 18.2566 ], [ -66.2059, 18.2606 ] ] } },
{ "type": "Feature", "properties": { "gnis_name": "Río Grande de Patillas", "streamorde": 4, "lengthkm": 1.13330481, "totdasqkm": 72.07500008000001 }, "geometry": { "type": "LineString", "coordinates": [ [ -66.0169, 17.9965 ], [ -66.0131, 17.9911 ], [ -66.0131, 17.9897 ], [ -66.0136, 17.9889 ], [ -66.0149, 17.9887 ] ] } },
{ "type": "Feature", "properties": { "gnis_name": "Río Pitahaya", "streamorde": 3, "lengthkm": 0.572, "totdasqkm": 7.92010015 }, "geometry": { "type": "LineString", "coordinates": [ [ -65.7286, 18.3215 ], [ -65.7299, 18.3229 ], [ -65.7291, 18.3236 ], [ -65.7296, 18.3255 ] ] } },
{ "type": "Feature", "properties": { "gnis_name": "Río Bauta", "streamorde": 3, "lengthkm": 0.04109512, "totdasqkm": 64.4969999 }, "geometry": { "type": "LineString", "coordinates": [ [ -66.4592, 18.2686 ], [ -66.4592, 18.269 ] ] } },
{ "type": "Feature", "properties": { "gnis_name": "Río Cayaguas", "streamorde": 3, "lengthkm": 1.12053258, "totdasqkm": 26.58800015 }, "geometry": { "type": "LineString", "coordinates": [ [ -65.9576, 18.1493 ], [ -65.9555, 18.1538 ], [ -65.9561, 18.1543 ], [ -65.9578, 18.1543 ], [ -65.9576, 18.1561 ], [ -65.958, 18.1564 ] ] } },
{ "type": "Feature", "properties": { "gnis_name": null, "streamorde": 3, "lengthkm": 0.37546538, "totdasqkm": 9.86759993 }, "geometry": { "type": "LineString", "coordinates": [ [ -66.0485, 18.2976 ], [ -66.048, 18.2963 ], [ -66.0486, 18.2945 ] ] } },
{ "type": "Feature", "properties": { "gnis_name": "Río Grande de Jayuya", "streamorde": 3, "lengthkm": 0.18351364, "totdasqkm": 52.4941 }, "geometry": { "type": "LineString", "coordinates": [ [ -66.6142, 18.2136 ], [ -66.6155, 18.2126 ] ] } },
{ "type": "Feature", "properties": { "gnis_name": "Río Espíritu Santo", "streamorde": 4, "lengthkm": 0.29484838, "totdasqkm": 74.53329998 }, "geometry": { "type": "LineString", "coordinates": [ [ -65.8169, 18.3888 ], [ -65.8168, 18.3913 ] ] } },
{ "type": "Feature", "properties": { "gnis_name": "Río de la Plata", "streamorde": 5, "lengthkm": 0.76859282, "totdasqkm": 301.94350010999995 }, "geometry": { "type": "LineString", "coordinates": [ [ -66.2262, 18.2169 ], [ -66.2241, 18.2179 ], [ -66.2246, 18.2185 ], [ -66.225, 18.2222 ] ] } },
{ "type": "Feature", "properties": { "gnis_name": "Río Guanajibo", "streamorde": 4, "lengthkm": 0.09049027, "totdasqkm": 117.98429945 }, "geometry": { "type": "LineString", "coordinates": [ [ -67.0428, 18.0973 ], [ -67.0435, 18.0977 ] ] } },
{ "type": "Feature", "properties": { "gnis_name": "Río Cibuco", "streamorde": 5, "lengthkm": 0.4786379, "totdasqkm": 211.07149989000001 }, "geometry": { "type": "LineString", "coordinates": [ [ -66.3727, 18.453 ], [ -66.3708, 18.4537 ], [ -66.3697, 18.4558 ] ] } },
{ "type": "Feature", "properties": { "gnis_name": "Río Yauco", "streamorde": 3, "lengthkm": 0.741, "totdasqkm": 19.85499987 }, "geometry": { "type": "LineString", "coordinates": [ [ -66.877, 18.1172 ], [ -66.8761, 18.1151 ], [ -66.8774, 18.111 ] ] } },
{ "type": "Feature", "properties": { "gnis_name": "Río Caonillas", "streamorde": 4, "lengthkm": 0.53276914, "totdasqkm": 131.52270005999998 }, "geometry": { "type": "LineString", "coordinates": [ [ -66.643, 18.2957 ], [ -66.6429, 18.2976 ], [ -66.6421, 18.3004 ] ] } },
{ "type": "Feature", "properties": { "gnis_name": "Río de las Vacas", "streamorde": 3, "lengthkm": 0.01547937, "totdasqkm": 10.9559001 }, "geometry": { "type": "LineString", "coordinates": [ [ -66.7444, 18.1365 ], [ -66.7444, 18.1366 ] ] } },
{ "type": "Feature", "properties": { "gnis_name": null, "streamorde": 3, "lengthkm": 0.04973982, "totdasqkm": 40.00660017 }, "geometry": { "type": "LineString", "coordinates": [ [ -65.919, 18.3719 ], [ -65.9192, 18.3722 ] ] } },
{ "type": "Feature", "properties": { "gnis_name": "Río Guamaní", "streamorde": 3, "lengthkm": 1.22192324, "totdasqkm": 22.89859987 }, "geometry": { "type": "LineString", "coordinates": [ [ -66.1161, 17.9895 ], [ -66.117, 17.9893 ], [ -66.1181, 17.9881 ], [ -66.1217, 17.983 ], [ -66.124, 17.9824 ] ] } },
{ "type": "Feature", "properties": { "gnis_name": "Río Grande De Loiza", "streamorde": 6, "lengthkm": 0.39843156, "totdasqkm": 527.97239979000005 }, "geometry": { "type": "LineString", "coordinates": [ [ -66.0158, 18.3284 ], [ -66.0155, 18.3319 ] ] } },
{ "type": "Feature", "properties": { "gnis_name": "Río de la Plata", "streamorde": 4, "lengthkm": 1.1607125, "totdasqkm": 123.5657998 }, "geometry": { "type": "LineString", "coordinates": [ [ -66.1814, 18.144 ], [ -66.1824, 18.1446 ], [ -66.1836, 18.144 ], [ -66.1836, 18.1424 ], [ -66.1826, 18.1391 ], [ -66.1852, 18.1375 ] ] } },
{ "type": "Feature", "properties": { "gnis_name": null, "streamorde": 4, "lengthkm": 0.205, "totdasqkm": 18.78040001 }, "geometry": { "type": "LineString", "coordinates": [ [ -66.5767, 18.1056 ], [ -66.5758, 18.1059 ], [ -66.5749, 18.1057 ] ] } },
{ "type": "Feature", "properties": { "gnis_name": "Río Duey", "streamorde": 3, "lengthkm": 0.86557528, "totdasqkm": 14.40729999 }, "geometry": { "type": "LineString", "coordinates": [ [ -67.0643, 18.1494 ], [ -67.0659, 18.1489 ], [ -67.0679, 18.1476 ], [ -67.068, 18.1465 ], [ -67.067, 18.1441 ] ] } },
{ "type": "Feature", "properties": { "gnis_name": "Río Grande De Loiza", "streamorde": 5, "lengthkm": 1.830994, "totdasqkm": 106.78980007 }, "geometry": { "type": "LineString", "coordinates": [ [ -65.9613, 18.1756 ], [ -65.9633, 18.1777 ], [ -65.9631, 18.1797 ], [ -65.9597, 18.1879 ], [ -65.9582, 18.1902 ] ] } },
{ "type": "Feature", "properties": { "gnis_name": "Río Guayanés", "streamorde": 3, "lengthkm": 2.184, "totdasqkm": 20.17120007 }, "geometry": { "type": "LineString", "coordinates": [ [ -66.7306, 18.0728 ], [ -66.7309, 18.0704 ], [ -66.7295, 18.07 ], [ -66.7246, 18.0631 ], [ -66.7222, 18.0606 ], [ -66.7199, 18.0592 ], [ -66.7191, 18.058 ] ] } },
{ "type": "Feature", "properties": { "gnis_name": null, "streamorde": 3, "lengthkm": 0.352, "totdasqkm": 8.44710018 }, "geometry": { "type": "LineString", "coordinates": [ [ -66.8581, 18.3905 ], [ -66.8593, 18.3923 ], [ -66.8592, 18.3932 ] ] } },
{ "type": "Feature", "properties": { "gnis_name": "Río Blanco", "streamorde": 4, "lengthkm": 0.10502337, "totdasqkm": 38.02310015 }, "geometry": { "type": "LineString", "coordinates": [ [ -66.7972, 18.1987 ], [ -66.7977, 18.1996 ] ] } },
{ "type": "Feature", "properties": { "gnis_name": "Río Descalabrado", "streamorde": 3, "lengthkm": 1.211, "totdasqkm": 28.42820012 }, "geometry": { "type": "LineString", "coordinates": [ [ -66.4295, 18.0589 ], [ -66.429, 18.0583 ], [ -66.429, 18.057 ], [ -66.4278, 18.0563 ], [ -66.4281, 18.0548 ], [ -66.4273, 18.0546 ], [ -66.4267, 18.0534 ], [ -66.4243, 18.0529 ], [ -66.4241, 18.0518 ] ] } },
{ "type": "Feature", "properties": { "gnis_name": null, "streamorde": 3, "lengthkm": 0.301, "totdasqkm": 5.46249992 }, "geometry": { "type": "LineString", "coordinates": [ [ -65.6959, 18.2068 ], [ -65.6952, 18.2063 ], [ -65.6948, 18.2046 ] ] } },
{ "type": "Feature", "properties": { "gnis_name": "Caño San Isidro", "streamorde": 3, "lengthkm": 0.39577894, "totdasqkm": 3.31710004 }, "geometry": { "type": "LineString", "coordinates": [ [ -65.8904, 18.3907 ], [ -65.8941, 18.3902 ] ] } },
{ "type": "Feature", "properties": { "gnis_name": "Río Grande de Manati", "streamorde": 5, "lengthkm": 0.14130486, "totdasqkm": 139.2920999 }, "geometry": { "type": "LineString", "coordinates": [ [ -66.4121, 18.2958 ], [ -66.4124, 18.2946 ] ] } },
{ "type": "Feature", "properties": { "gnis_name": "Río Yauco", "streamorde": 3, "lengthkm": 0.258, "totdasqkm": 20.83449995 }, "geometry": { "type": "LineString", "coordinates": [ [ -66.8774, 18.111 ], [ -66.8773, 18.11 ], [ -66.8765, 18.109 ] ] } },
{ "type": "Feature", "properties": { "gnis_name": "Río Caonillas", "streamorde": 4, "lengthkm": 0.05, "totdasqkm": 125.15459992 }, "geometry": { "type": "LineString", "coordinates": [ [ -66.6563, 18.2767 ], [ -66.6564, 18.2772 ] ] } },
{ "type": "Feature", "properties": { "gnis_name": "Río Grande De Loiza", "streamorde": 4, "lengthkm": 0.44409211, "totdasqkm": 44.31150012000001 }, "geometry": { "type": "LineString", "coordinates": [ [ -65.978, 18.1443 ], [ -65.9776, 18.1451 ], [ -65.9803, 18.1464 ] ] } },
{ "type": "Feature", "properties": { "gnis_name": "Río Cuyón", "streamorde": 3, "lengthkm": 0.228, "totdasqkm": 33.36529981 }, "geometry": { "type": "LineString", "coordinates": [ [ -66.3019, 18.0786 ], [ -66.3039, 18.0795 ] ] } },
{ "type": "Feature", "properties": { "gnis_name": "Río Tallaboa", "streamorde": 4, "lengthkm": 2.55605432, "totdasqkm": 70.30390019 }, "geometry": { "type": "LineString", "coordinates": [ [ -66.7273, 18.0349 ], [ -66.729, 18.0322 ], [ -66.7299, 18.0281 ], [ -66.7319, 18.0223 ], [ -66.7318, 18.0194 ], [ -66.7294, 18.0168 ], [ -66.7289, 18.0138 ] ] } },
{ "type": "Feature", "properties": { "gnis_name": null, "streamorde": 3, "lengthkm": 0.15686127, "totdasqkm": 13.04359978 }, "geometry": { "type": "LineString", "coordinates": [ [ -67.1597, 18.1872 ], [ -67.16, 18.1886 ] ] } },
{ "type": "Feature", "properties": { "gnis_name": "Río Yagüez", "streamorde": 4, "lengthkm": 0.03954162, "totdasqkm": 32.60449995 }, "geometry": { "type": "LineString", "coordinates": [ [ -67.1316, 18.2012 ], [ -67.1318, 18.2009 ] ] } },
{ "type": "Feature", "properties": { "gnis_name": "Caño de Martín Peña", "streamorde": 3, "lengthkm": 0.16485672, "totdasqkm": 16.69930012 }, "geometry": { "type": "LineString", "coordinates": [ [ -66.0164, 18.4205 ], [ -66.0178, 18.4213 ] ] } },
{ "type": "Feature", "properties": { "gnis_name": "Río Grande De Loiza", "streamorde": 6, "lengthkm": 0.56895395, "totdasqkm": 619.52609948999998 }, "geometry": { "type": "LineString", "coordinates": [ [ -65.9451, 18.3822 ], [ -65.9399, 18.3814 ] ] } },
{ "type": "Feature", "properties": { "gnis_name": "Río Valenciano", "streamorde": 4, "lengthkm": 0.54675775, "totdasqkm": 47.5437001 }, "geometry": { "type": "LineString", "coordinates": [ [ -65.9251, 18.2219 ], [ -65.9234, 18.2239 ], [ -65.9215, 18.2251 ] ] } },
{ "type": "Feature", "properties": { "gnis_name": null, "streamorde": 3, "lengthkm": 0.058, "totdasqkm": 4.02999985 }, "geometry": { "type": "LineString", "coordinates": [ [ -65.8287, 18.405 ], [ -65.8282, 18.4053 ] ] } },
{ "type": "Feature", "properties": { "gnis_name": "Río Grande de Añasco", "streamorde": 5, "lengthkm": 0.30215762, "totdasqkm": 327.10600035 }, "geometry": { "type": "LineString", "coordinates": [ [ -67.0222, 18.2817 ], [ -67.0241, 18.2813 ], [ -67.0244, 18.2805 ] ] } },
{ "type": "Feature", "properties": { "gnis_name": "Río de Bayamón", "streamorde": 4, "lengthkm": 0.08186246, "totdasqkm": 111.01019998 }, "geometry": { "type": "LineString", "coordinates": [ [ -66.1358, 18.3479 ], [ -66.1359, 18.3486 ] ] } },
{ "type": "Feature", "properties": { "gnis_name": "Río Culebrinas", "streamorde": 4, "lengthkm": 0.56992719, "totdasqkm": 46.26299983000001 }, "geometry": { "type": "LineString", "coordinates": [ [ -67.0024, 18.3335 ], [ -67.0029, 18.334 ], [ -67.003, 18.3362 ], [ -67.0051, 18.3366 ] ] } },
{ "type": "Feature", "properties": { "gnis_name": "Río Grande", "streamorde": 3, "lengthkm": 0.9232401, "totdasqkm": 12.63329989 }, "geometry": { "type": "LineString", "coordinates": [ [ -66.9344, 18.119 ], [ -66.9356, 18.1184 ], [ -66.9349, 18.1167 ], [ -66.9357, 18.1163 ], [ -66.9367, 18.1166 ], [ -66.9361, 18.1154 ], [ -66.9374, 18.1148 ] ] } },
{ "type": "Feature", "properties": { "gnis_name": null, "streamorde": 4, "lengthkm": 1.20093651, "totdasqkm": 106.94380027 }, "geometry": { "type": "LineString", "coordinates": [ [ -66.9274, 17.9953 ], [ -66.9219, 17.9931 ], [ -66.9183, 17.9906 ], [ -66.9174, 17.9905 ] ] } },
{ "type": "Feature", "properties": { "gnis_name": "Río Blanco", "streamorde": 4, "lengthkm": 0.14933126, "totdasqkm": 99.895000349999989 }, "geometry": { "type": "LineString", "coordinates": [ [ -66.9004, 18.2581 ], [ -66.901, 18.2593 ] ] } },
{ "type": "Feature", "properties": { "gnis_name": "Río Grande de Arecibo", "streamorde": 4, "lengthkm": 0.73258078, "totdasqkm": 48.85179987 }, "geometry": { "type": "LineString", "coordinates": [ [ -66.7364, 18.1793 ], [ -66.7366, 18.1832 ], [ -66.7372, 18.1858 ] ] } },
{ "type": "Feature", "properties": { "gnis_name": null, "streamorde": 3, "lengthkm": 0.40079621, "totdasqkm": 18.80100002 }, "geometry": { "type": "LineString", "coordinates": [ [ -65.6637, 18.2125 ], [ -65.6621, 18.2115 ], [ -65.6613, 18.21 ] ] } },
{ "type": "Feature", "properties": { "gnis_name": null, "streamorde": 3, "lengthkm": 1.54935875, "totdasqkm": 2.84089999 }, "geometry": { "type": "LineString", "coordinates": [ [ -67.1206, 18.132 ], [ -67.122, 18.1295 ], [ -67.1253, 18.1312 ], [ -67.1269, 18.1315 ], [ -67.1282, 18.1326 ], [ -67.1326, 18.1337 ] ] } },
{ "type": "Feature", "properties": { "gnis_name": "Río Culebrinas", "streamorde": 4, "lengthkm": 0.15877781, "totdasqkm": 156.08459981 }, "geometry": { "type": "LineString", "coordinates": [ [ -67.0617, 18.3537 ], [ -67.0621, 18.3534 ], [ -67.0617, 18.3525 ] ] } },
{ "type": "Feature", "properties": { "gnis_name": "Río Gurabo", "streamorde": 4, "lengthkm": 1.01862201, "totdasqkm": 40.32670017 }, "geometry": { "type": "LineString", "coordinates": [ [ -65.8694, 18.2292 ], [ -65.8697, 18.2275 ], [ -65.8709, 18.2275 ], [ -65.8715, 18.2287 ], [ -65.8712, 18.2301 ], [ -65.8716, 18.2308 ], [ -65.8723, 18.2313 ], [ -65.8739, 18.2312 ] ] } },
{ "type": "Feature", "properties": { "gnis_name": null, "streamorde": 4, "lengthkm": 0.00835738, "totdasqkm": 8.00910003 }, "geometry": { "type": "LineString", "coordinates": [ [ -66.9451, 18.2718 ], [ -66.9452, 18.2718 ] ] } },
{ "type": "Feature", "properties": { "gnis_name": "Río Maunabo", "streamorde": 3, "lengthkm": 0.742, "totdasqkm": 14.96789988 }, "geometry": { "type": "LineString", "coordinates": [ [ -65.9394, 18.025 ], [ -65.9379, 18.0241 ], [ -65.9375, 18.0231 ], [ -65.9343, 18.0209 ] ] } },
{ "type": "Feature", "properties": { "gnis_name": null, "streamorde": 3, "lengthkm": 0.373, "totdasqkm": 51.41670032 }, "geometry": { "type": "LineString", "coordinates": [ [ -65.8044, 18.1356 ], [ -65.8015, 18.1336 ] ] } },
{ "type": "Feature", "properties": { "gnis_name": null, "streamorde": 5, "lengthkm": 0.00729087, "totdasqkm": 248.4547001 }, "geometry": { "type": "LineString", "coordinates": [ [ -67.148, 18.3939 ], [ -67.1481, 18.3939 ] ] } },
{ "type": "Feature", "properties": { "gnis_name": null, "streamorde": 3, "lengthkm": 0.36832801, "totdasqkm": 2.19759988 }, "geometry": { "type": "LineString", "coordinates": [ [ -67.1693, 18.234 ], [ -67.1694, 18.2327 ], [ -67.1708, 18.2312 ] ] } },
{ "type": "Feature", "properties": { "gnis_name": "Río Guayanilla", "streamorde": 4, "lengthkm": 2.589, "totdasqkm": 61.34350011 }, "geometry": { "type": "LineString", "coordinates": [ [ -66.7987, 18.0284 ], [ -66.7978, 18.027 ], [ -66.7947, 18.0255 ], [ -66.7938, 18.0235 ], [ -66.7936, 18.0213 ], [ -66.79, 18.0212 ], [ -66.787, 18.0205 ], [ -66.7866, 18.017 ], [ -66.7835, 18.015 ] ] } },
{ "type": "Feature", "properties": { "gnis_name": "Río Grande de Añasco", "streamorde": 5, "lengthkm": 0.47973782, "totdasqkm": 304.38470003999998 }, "geometry": { "type": "LineString", "coordinates": [ [ -66.9872, 18.2751 ], [ -66.9888, 18.2758 ], [ -66.9898, 18.2768 ], [ -66.991, 18.2767 ] ] } },
{ "type": "Feature", "properties": { "gnis_name": "Río Cialitos", "streamorde": 4, "lengthkm": 0.81762056, "totdasqkm": 42.50039999000001 }, "geometry": { "type": "LineString", "coordinates": [ [ -66.4792, 18.3298 ], [ -66.4786, 18.3304 ], [ -66.4786, 18.3315 ], [ -66.4764, 18.3329 ], [ -66.4749, 18.3352 ] ] } },
{ "type": "Feature", "properties": { "gnis_name": null, "streamorde": 3, "lengthkm": 0.34335865, "totdasqkm": 9.54199995 }, "geometry": { "type": "LineString", "coordinates": [ [ -66.109, 18.3666 ], [ -66.1115, 18.3666 ], [ -66.112, 18.3671 ] ] } },
{ "type": "Feature", "properties": { "gnis_name": "Río Nigua", "streamorde": 3, "lengthkm": 0.35346319, "totdasqkm": 21.02030011 }, "geometry": { "type": "LineString", "coordinates": [ [ -66.0593, 17.9624 ], [ -66.0584, 17.9594 ] ] } },
{ "type": "Feature", "properties": { "gnis_name": "Río Cibuco", "streamorde": 4, "lengthkm": 1.61862341, "totdasqkm": 117.25100007 }, "geometry": { "type": "LineString", "coordinates": [ [ -66.3472, 18.4229 ], [ -66.3477, 18.4238 ], [ -66.3475, 18.4247 ], [ -66.3477, 18.4251 ], [ -66.3482, 18.4249 ], [ -66.3487, 18.4263 ], [ -66.3485, 18.4267 ], [ -66.347, 18.4268 ], [ -66.3477, 18.4285 ], [ -66.3472, 18.4293 ], [ -66.3482, 18.4302 ], [ -66.3489, 18.4291 ], [ -66.3497, 18.429 ], [ -66.3503, 18.4305 ] ] } },
{ "type": "Feature", "properties": { "gnis_name": "Canal de Patillas", "streamorde": 4, "lengthkm": 1.10233807, "totdasqkm": 66.98799993 }, "geometry": { "type": "LineString", "coordinates": [ [ -66.0243, 18.0173 ], [ -66.0265, 18.0185 ], [ -66.0295, 18.0169 ], [ -66.03, 18.0163 ], [ -66.0299, 18.0153 ], [ -66.0314, 18.014 ] ] } },
{ "type": "Feature", "properties": { "gnis_name": "Río de Bayamón", "streamorde": 4, "lengthkm": 2.75871632, "totdasqkm": 90.42099998 }, "geometry": { "type": "LineString", "coordinates": [ [ -66.1402, 18.3069 ], [ -66.1401, 18.3083 ], [ -66.1417, 18.3092 ], [ -66.141, 18.3114 ], [ -66.1399, 18.3119 ], [ -66.137, 18.3118 ], [ -66.1338, 18.3123 ], [ -66.1323, 18.3134 ], [ -66.1327, 18.314 ], [ -66.1358, 18.3149 ], [ -66.1393, 18.3178 ], [ -66.1403, 18.3194 ] ] } },
{ "type": "Feature", "properties": { "gnis_name": null, "streamorde": 4, "lengthkm": 0.16587238, "totdasqkm": 65.40079994 }, "geometry": { "type": "LineString", "coordinates": [ [ -66.3819, 18.2655 ], [ -66.3808, 18.2664 ] ] } },
{ "type": "Feature", "properties": { "gnis_name": "Río Mayaguecillo", "streamorde": 3, "lengthkm": 0.34138988, "totdasqkm": 9.13709997 }, "geometry": { "type": "LineString", "coordinates": [ [ -66.984, 18.2458 ], [ -66.9817, 18.2461 ], [ -66.9819, 18.2467 ] ] } },
{ "type": "Feature", "properties": { "gnis_name": "Río Yauco", "streamorde": 3, "lengthkm": 0.02077127, "totdasqkm": 20.83549995 }, "geometry": { "type": "LineString", "coordinates": [ [ -66.8765, 18.109 ], [ -66.8764, 18.1088 ] ] } },
{ "type": "Feature", "properties": { "gnis_name": "Río Loco", "streamorde": 3, "lengthkm": 0.37476251, "totdasqkm": 24.7803001 }, "geometry": { "type": "LineString", "coordinates": [ [ -66.878, 18.0161 ], [ -66.877, 18.0161 ], [ -66.8754, 18.0145 ] ] } },
{ "type": "Feature", "properties": { "gnis_name": "Río Blanco", "streamorde": 4, "lengthkm": 0.04060294, "totdasqkm": 77.61720035 }, "geometry": { "type": "LineString", "coordinates": [ [ -66.8412, 18.2278 ], [ -66.8416, 18.2278 ] ] } },
{ "type": "Feature", "properties": { "gnis_name": "Río Rosario", "streamorde": 4, "lengthkm": 1.72290074, "totdasqkm": 57.62660015 }, "geometry": { "type": "LineString", "coordinates": [ [ -67.093, 18.1364 ], [ -67.0941, 18.1346 ], [ -67.0907, 18.1316 ], [ -67.0921, 18.1296 ], [ -67.0927, 18.1274 ], [ -67.0905, 18.1266 ], [ -67.0914, 18.1252 ] ] } },
{ "type": "Feature", "properties": { "gnis_name": null, "streamorde": 3, "lengthkm": 2.8902302, "totdasqkm": 9.80839989 }, "geometry": { "type": "LineString", "coordinates": [ [ -66.1111, 18.1439 ], [ -66.1116, 18.1424 ], [ -66.1102, 18.1428 ], [ -66.1102, 18.142 ], [ -66.1123, 18.1413 ], [ -66.1126, 18.1423 ], [ -66.1134, 18.1423 ], [ -66.1142, 18.1397 ], [ -66.1168, 18.1395 ], [ -66.1182, 18.1401 ], [ -66.1182, 18.1396 ], [ -66.1174, 18.139 ], [ -66.1181, 18.139 ], [ -66.1192, 18.1379 ], [ -66.1198, 18.138 ], [ -66.12, 18.139 ], [ -66.121, 18.1387 ], [ -66.1216, 18.1406 ], [ -66.1232, 18.1408 ] ] } },
{ "type": "Feature", "properties": { "gnis_name": "Río Grande de Jayuya", "streamorde": 3, "lengthkm": 0.14154901, "totdasqkm": 45.63249983 }, "geometry": { "type": "LineString", "coordinates": [ [ -66.5966, 18.2154 ], [ -66.597, 18.2142 ] ] } },
{ "type": "Feature", "properties": { "gnis_name": null, "streamorde": 3, "lengthkm": 0.47201487, "totdasqkm": 7.27869997 }, "geometry": { "type": "LineString", "coordinates": [ [ -66.2716, 18.214 ], [ -66.2722, 18.2156 ], [ -66.2721, 18.217 ], [ -66.2728, 18.2178 ] ] } },
{ "type": "Feature", "properties": { "gnis_name": "Río Grande De Loiza", "streamorde": 6, "lengthkm": 1.83178371, "totdasqkm": 486.04850007 }, "geometry": { "type": "LineString", "coordinates": [ [ -66.016, 18.281 ], [ -66.0169, 18.2815 ], [ -66.0175, 18.2839 ], [ -66.0182, 18.2849 ], [ -66.0227, 18.2863 ], [ -66.026, 18.2867 ], [ -66.0292, 18.2892 ] ] } },
{ "type": "Feature", "properties": { "gnis_name": "Caño La Puente", "streamorde": 4, "lengthkm": 0.25398955, "totdasqkm": 26.75950001 }, "geometry": { "type": "LineString", "coordinates": [ [ -67.1844, 18.2757 ], [ -67.186, 18.2741 ] ] } },
{ "type": "Feature", "properties": { "gnis_name": null, "streamorde": 3, "lengthkm": 0.00830238, "totdasqkm": 12.54950007 }, "geometry": { "type": "LineString", "coordinates": [ [ -67.1152, 18.3772 ], [ -67.1152, 18.3771 ] ] } },
{ "type": "Feature", "properties": { "gnis_name": "Río Emajagua", "streamorde": 3, "lengthkm": 1.1795203, "totdasqkm": 9.16020025 }, "geometry": { "type": "LineString", "coordinates": [ [ -66.0163, 18.1233 ], [ -66.0146, 18.1252 ], [ -66.0158, 18.1263 ], [ -66.0168, 18.1284 ], [ -66.0182, 18.1292 ], [ -66.0178, 18.1298 ], [ -66.0161, 18.1297 ] ] } },
{ "type": "Feature", "properties": { "gnis_name": "Río Toro Negro", "streamorde": 3, "lengthkm": 0.08908976, "totdasqkm": 4.13849997 }, "geometry": { "type": "LineString", "coordinates": [ [ -66.5275, 18.1598 ], [ -66.5268, 18.1603 ] ] } },
{ "type": "Feature", "properties": { "gnis_name": "Río Caín", "streamorde": 3, "lengthkm": 0.24095033, "totdasqkm": 9.12919986 }, "geometry": { "type": "LineString", "coordinates": [ [ -67.014, 18.1233 ], [ -67.0157, 18.1219 ] ] } },
{ "type": "Feature", "properties": { "gnis_name": "Río Grande de Arecibo", "streamorde": 6, "lengthkm": 0.18943465, "totdasqkm": 447.44599992999997 }, "geometry": { "type": "LineString", "coordinates": [ [ -66.6835, 18.4154 ], [ -66.683, 18.4169 ] ] } },
{ "type": "Feature", "properties": { "gnis_name": "Río de Bayamón", "streamorde": 4, "lengthkm": 1.39791758, "totdasqkm": 38.83980005 }, "geometry": { "type": "LineString", "coordinates": [ [ -66.1461, 18.2304 ], [ -66.1461, 18.2318 ], [ -66.1452, 18.2318 ], [ -66.1448, 18.2324 ], [ -66.1456, 18.2344 ], [ -66.1446, 18.2354 ], [ -66.145, 18.238 ], [ -66.1442, 18.2381 ], [ -66.1434, 18.2373 ], [ -66.143, 18.2384 ] ] } },
{ "type": "Feature", "properties": { "gnis_name": null, "streamorde": 3, "lengthkm": 0.22459073, "totdasqkm": 2.86809998 }, "geometry": { "type": "LineString", "coordinates": [ [ -67.1326, 18.1337 ], [ -67.1347, 18.1341 ] ] } },
{ "type": "Feature", "properties": { "gnis_name": "Río Toa Vaca", "streamorde": 3, "lengthkm": 2.495, "totdasqkm": 26.07599993 }, "geometry": { "type": "LineString", "coordinates": [ [ -66.4195, 18.1396 ], [ -66.4205, 18.1392 ], [ -66.4208, 18.1372 ], [ -66.4214, 18.1362 ], [ -66.4208, 18.1341 ], [ -66.4228, 18.1343 ], [ -66.4237, 18.132 ], [ -66.4244, 18.1321 ], [ -66.4252, 18.1332 ], [ -66.4278, 18.1328 ], [ -66.4278, 18.1339 ], [ -66.4292, 18.1339 ], [ -66.4309, 18.133 ], [ -66.4327, 18.134 ] ] } },
{ "type": "Feature", "properties": { "gnis_name": "Río Guanajibo", "streamorde": 5, "lengthkm": 0.24986684, "totdasqkm": 305.76289961000003 }, "geometry": { "type": "LineString", "coordinates": [ [ -67.1409, 18.1366 ], [ -67.1419, 18.1379 ], [ -67.1425, 18.1377 ] ] } },
{ "type": "Feature", "properties": { "gnis_name": null, "streamorde": 4, "lengthkm": 0.05225451, "totdasqkm": 125.14839992 }, "geometry": { "type": "LineString", "coordinates": [ [ -66.6563, 18.2767 ], [ -66.6568, 18.2769 ] ] } },
{ "type": "Feature", "properties": { "gnis_name": "Río Canovanillas", "streamorde": 3, "lengthkm": 2.07388966, "totdasqkm": 38.03220024 }, "geometry": { "type": "LineString", "coordinates": [ [ -65.9194, 18.3466 ], [ -65.919, 18.347 ], [ -65.9166, 18.3475 ], [ -65.9157, 18.3486 ], [ -65.9158, 18.3497 ], [ -65.9175, 18.3503 ], [ -65.9161, 18.352 ], [ -65.9157, 18.3533 ], [ -65.9178, 18.3585 ], [ -65.9163, 18.3598 ] ] } },
{ "type": "Feature", "properties": { "gnis_name": "Río Hoconuco", "streamorde": 3, "lengthkm": 2.44369157, "totdasqkm": 35.6974 }, "geometry": { "type": "LineString", "coordinates": [ [ -67.0742, 18.1172 ], [ -67.0748, 18.117 ], [ -67.0783, 18.1188 ], [ -67.0796, 18.1181 ], [ -67.0796, 18.1169 ], [ -67.0785, 18.1153 ], [ -67.0778, 18.1131 ], [ -67.0812, 18.1114 ], [ -67.079, 18.1102 ], [ -67.0795, 18.1088 ], [ -67.0812, 18.1068 ] ] } },
{ "type": "Feature", "properties": { "gnis_name": null, "streamorde": 5, "lengthkm": 0.13909135, "totdasqkm": 344.36309992000002 }, "geometry": { "type": "LineString", "coordinates": [ [ -66.464, 18.3097 ], [ -66.4633, 18.3107 ] ] } },
{ "type": "Feature", "properties": { "gnis_name": "Río Prieto", "streamorde": 4, "lengthkm": 0.49293436, "totdasqkm": 63.84649944 }, "geometry": { "type": "LineString", "coordinates": [ [ -66.8946, 18.246 ], [ -66.899, 18.2448 ] ] } },
{ "type": "Feature", "properties": { "gnis_name": null, "streamorde": 4, "lengthkm": 0.416, "totdasqkm": 18.70970007 }, "geometry": { "type": "LineString", "coordinates": [ [ -67.0896, 18.3459 ], [ -67.0889, 18.3478 ], [ -67.0902, 18.3487 ] ] } },
{ "type": "Feature", "properties": { "gnis_name": "Río Culebrinas", "streamorde": 5, "lengthkm": 0.05788022, "totdasqkm": 187.27309989 }, "geometry": { "type": "LineString", "coordinates": [ [ -67.092, 18.3601 ], [ -67.092, 18.3596 ] ] } },
{ "type": "Feature", "properties": { "gnis_name": "Río Grande De Loiza", "streamorde": 6, "lengthkm": 0.45161854, "totdasqkm": 535.83729968 }, "geometry": { "type": "LineString", "coordinates": [ [ -66.0072, 18.3513 ], [ -66.0101, 18.3542 ] ] } },
{ "type": "Feature", "properties": { "gnis_name": null, "streamorde": 3, "lengthkm": 0.26675052, "totdasqkm": 3.27800021 }, "geometry": { "type": "LineString", "coordinates": [ [ -66.0315, 18.1755 ], [ -66.032, 18.175 ], [ -66.0331, 18.1763 ] ] } },
{ "type": "Feature", "properties": { "gnis_name": "Río Bucarabones", "streamorde": 3, "lengthkm": 0.58530294, "totdasqkm": 14.04179977 }, "geometry": { "type": "LineString", "coordinates": [ [ -66.2161, 18.3834 ], [ -66.2211, 18.3849 ] ] } },
{ "type": "Feature", "properties": { "gnis_name": "Río Cañas", "streamorde": 3, "lengthkm": 3.00582967, "totdasqkm": 32.4817001 }, "geometry": { "type": "LineString", "coordinates": [ [ -67.1334, 18.2458 ], [ -67.1337, 18.2464 ], [ -67.1348, 18.2467 ], [ -67.135, 18.2457 ], [ -67.1359, 18.2456 ], [ -67.1361, 18.2466 ], [ -67.1367, 18.247 ], [ -67.1362, 18.2483 ], [ -67.1357, 18.248 ], [ -67.1355, 18.2488 ], [ -67.1339, 18.2495 ], [ -67.1347, 18.2495 ], [ -67.1356, 18.2515 ], [ -67.1365, 18.2514 ], [ -67.1361, 18.2527 ], [ -67.1372, 18.2531 ], [ -67.1368, 18.2534 ], [ -67.1371, 18.2539 ], [ -67.1379, 18.2536 ], [ -67.1378, 18.2547 ], [ -67.1385, 18.2549 ], [ -67.1379, 18.2559 ], [ -67.1383, 18.2562 ], [ -67.1383, 18.2573 ], [ -67.1378, 18.2582 ], [ -67.1384, 18.2585 ], [ -67.138, 18.259 ] ] } },
{ "type": "Feature", "properties": { "gnis_name": "Río Morovis", "streamorde": 3, "lengthkm": 1.78506486, "totdasqkm": 7.5775001 }, "geometry": { "type": "LineString", "coordinates": [ [ -66.4208, 18.3329 ], [ -66.4199, 18.3333 ], [ -66.4209, 18.3357 ], [ -66.4205, 18.3371 ], [ -66.4176, 18.3381 ], [ -66.4171, 18.3388 ], [ -66.4171, 18.34 ], [ -66.4146, 18.3405 ], [ -66.414, 18.3413 ], [ -66.4127, 18.3415 ], [ -66.4123, 18.3421 ] ] } },
{ "type": "Feature", "properties": { "gnis_name": "Río de la Plata", "streamorde": 5, "lengthkm": 0.20912237, "totdasqkm": 364.45900022000001 }, "geometry": { "type": "LineString", "coordinates": [ [ -66.2043, 18.2509 ], [ -66.2063, 18.2513 ] ] } },
{ "type": "Feature", "properties": { "gnis_name": "Río Cayaguas", "streamorde": 3, "lengthkm": 1.61378203, "totdasqkm": 12.21870011 }, "geometry": { "type": "LineString", "coordinates": [ [ -65.9438, 18.1125 ], [ -65.9474, 18.1137 ], [ -65.9464, 18.1147 ], [ -65.9465, 18.1157 ], [ -65.9476, 18.1148 ], [ -65.9484, 18.1163 ], [ -65.9496, 18.1147 ], [ -65.9503, 18.1148 ], [ -65.95, 18.1163 ] ] } },
{ "type": "Feature", "properties": { "gnis_name": null, "streamorde": 5, "lengthkm": 0.01954376, "totdasqkm": 551.34829986 }, "geometry": { "type": "LineString", "coordinates": [ [ -66.5243, 18.4312 ], [ -66.5241, 18.4312 ] ] } },
{ "type": "Feature", "properties": { "gnis_name": "Río Toro Negro", "streamorde": 3, "lengthkm": 0.09740961, "totdasqkm": 9.89660005 }, "geometry": { "type": "LineString", "coordinates": [ [ -66.511, 18.1756 ], [ -66.5111, 18.1765 ] ] } },
{ "type": "Feature", "properties": { "gnis_name": "Río Arroyata", "streamorde": 3, "lengthkm": 0.8705615, "totdasqkm": 7.9515001 }, "geometry": { "type": "LineString", "coordinates": [ [ -66.1773, 18.1784 ], [ -66.1778, 18.179 ], [ -66.1795, 18.1787 ], [ -66.1795, 18.1809 ], [ -66.1808, 18.182 ], [ -66.1819, 18.1821 ] ] } },
{ "type": "Feature", "properties": { "gnis_name": "Río Grande de Patillas", "streamorde": 3, "lengthkm": 0.28221894, "totdasqkm": 18.9227999 }, "geometry": { "type": "LineString", "coordinates": [ [ -66.0508, 18.0637 ], [ -66.0482, 18.0633 ] ] } },
{ "type": "Feature", "properties": { "gnis_name": null, "streamorde": 3, "lengthkm": 1.81369931, "totdasqkm": 6.91599982 }, "geometry": { "type": "LineString", "coordinates": [ [ -65.9963, 18.1768 ], [ -65.9945, 18.1776 ], [ -65.9932, 18.1771 ], [ -65.992, 18.1758 ], [ -65.9895, 18.1761 ], [ -65.99, 18.1757 ], [ -65.9897, 18.1754 ], [ -65.9879, 18.1759 ], [ -65.9886, 18.1767 ], [ -65.9885, 18.177 ], [ -65.9869, 18.1767 ], [ -65.9864, 18.1756 ], [ -65.9857, 18.1763 ] ] } },
{ "type": "Feature", "properties": { "gnis_name": "Río Grande de Arecibo", "streamorde": 5, "lengthkm": 0.15196104, "totdasqkm": 173.48009974 }, "geometry": { "type": "LineString", "coordinates": [ [ -66.7052, 18.2937 ], [ -66.7058, 18.295 ] ] } },
{ "type": "Feature", "properties": { "gnis_name": null, "streamorde": 3, "lengthkm": 0.59322541, "totdasqkm": 8.04510013 }, "geometry": { "type": "LineString", "coordinates": [ [ -66.1549, 18.2582 ], [ -66.1535, 18.2592 ], [ -66.1522, 18.2586 ], [ -66.1524, 18.2607 ] ] } },
{ "type": "Feature", "properties": { "gnis_name": "Río Limón", "streamorde": 3, "lengthkm": 0.343, "totdasqkm": 32.27470021000001 }, "geometry": { "type": "LineString", "coordinates": [ [ -66.6122, 18.304 ], [ -66.6095, 18.3057 ] ] } },
{ "type": "Feature", "properties": { "gnis_name": "Río Caguitas", "streamorde": 3, "lengthkm": 0.13480449, "totdasqkm": 29.87730015 }, "geometry": { "type": "LineString", "coordinates": [ [ -66.0469, 18.2321 ], [ -66.047, 18.2333 ] ] } },
{ "type": "Feature", "properties": { "gnis_name": "Caño de Martín Peña", "streamorde": 3, "lengthkm": 0.20688154, "totdasqkm": 45.70250031 }, "geometry": { "type": "LineString", "coordinates": [ [ -66.0702, 18.4363 ], [ -66.072, 18.4371 ] ] } },
{ "type": "Feature", "properties": { "gnis_name": "Río Bauta", "streamorde": 3, "lengthkm": 0.17418638, "totdasqkm": 19.69169987 }, "geometry": { "type": "LineString", "coordinates": [ [ -66.439, 18.1922 ], [ -66.4405, 18.1923 ] ] } },
{ "type": "Feature", "properties": { "gnis_name": "Río Grande de Manati", "streamorde": 4, "lengthkm": 0.18784224, "totdasqkm": 55.14130012 }, "geometry": { "type": "LineString", "coordinates": [ [ -66.3633, 18.2785 ], [ -66.3651, 18.2782 ] ] } },
{ "type": "Feature", "properties": { "gnis_name": null, "streamorde": 3, "lengthkm": 0.66305287, "totdasqkm": 9.89470001 }, "geometry": { "type": "LineString", "coordinates": [ [ -65.9106, 18.2346 ], [ -65.9119, 18.2346 ], [ -65.9131, 18.2374 ], [ -65.9133, 18.239 ] ] } },
{ "type": "Feature", "properties": { "gnis_name": null, "streamorde": 4, "lengthkm": 0.027, "totdasqkm": 19.80979982 }, "geometry": { "type": "LineString", "coordinates": [ [ -66.5669, 18.0992 ], [ -66.5667, 18.0993 ] ] } },
{ "type": "Feature", "properties": { "gnis_name": "Río Arroyata", "streamorde": 4, "lengthkm": 0.38829838, "totdasqkm": 34.09180012 }, "geometry": { "type": "LineString", "coordinates": [ [ -66.2029, 18.2276 ], [ -66.2035, 18.2286 ], [ -66.2017, 18.2298 ] ] } },
{ "type": "Feature", "properties": { "gnis_name": "Río Toa Vaca", "streamorde": 3, "lengthkm": 1.29650137, "totdasqkm": 38.80859997 }, "geometry": { "type": "LineString", "coordinates": [ [ -66.4576, 18.1242 ], [ -66.4583, 18.124 ], [ -66.4585, 18.1233 ], [ -66.4572, 18.1226 ], [ -66.4565, 18.1212 ], [ -66.4574, 18.1186 ], [ -66.4573, 18.118 ], [ -66.4542, 18.1172 ], [ -66.4538, 18.1167 ] ] } },
{ "type": "Feature", "properties": { "gnis_name": "Río Nigua", "streamorde": 3, "lengthkm": 0.471, "totdasqkm": 13.13449996 }, "geometry": { "type": "LineString", "coordinates": [ [ -66.0562, 18.0131 ], [ -66.0564, 18.0124 ], [ -66.0547, 18.0114 ], [ -66.0546, 18.01 ] ] } },
{ "type": "Feature", "properties": { "gnis_name": "Río de la Plata", "streamorde": 4, "lengthkm": 0.88637741, "totdasqkm": 176.90759996 }, "geometry": { "type": "LineString", "coordinates": [ [ -66.2339, 18.1751 ], [ -66.2355, 18.1772 ], [ -66.2401, 18.1799 ] ] } },
{ "type": "Feature", "properties": { "gnis_name": "Río Guayanés", "streamorde": 3, "lengthkm": 0.06418093, "totdasqkm": 20.19970005 }, "geometry": { "type": "LineString", "coordinates": [ [ -66.7191, 18.058 ], [ -66.7193, 18.0574 ] ] } },
{ "type": "Feature", "properties": { "gnis_name": "Río Gurabo", "streamorde": 5, "lengthkm": 0.23337528, "totdasqkm": 146.69909999000001 }, "geometry": { "type": "LineString", "coordinates": [ [ -65.9506, 18.2538 ], [ -65.952, 18.2555 ] ] } },
{ "type": "Feature", "properties": { "gnis_name": "Río de la Plata", "streamorde": 4, "lengthkm": 0.37382127, "totdasqkm": 103.87299995000001 }, "geometry": { "type": "LineString", "coordinates": [ [ -66.1589, 18.1462 ], [ -66.1603, 18.1466 ], [ -66.1622, 18.146 ] ] } },
{ "type": "Feature", "properties": { "gnis_name": null, "streamorde": 3, "lengthkm": 0.12195254, "totdasqkm": 40.95190026 }, "geometry": { "type": "LineString", "coordinates": [ [ -66.953, 18.2222 ], [ -66.9524, 18.2213 ] ] } },
{ "type": "Feature", "properties": { "gnis_name": null, "streamorde": 4, "lengthkm": 0.12178611, "totdasqkm": 55.93790021 }, "geometry": { "type": "LineString", "coordinates": [ [ -66.5891, 18.0446 ], [ -66.5897, 18.0437 ] ] } },
{ "type": "Feature", "properties": { "gnis_name": "Caño Carrasco", "streamorde": 3, "lengthkm": 0.10207538, "totdasqkm": 45.12049996 }, "geometry": { "type": "LineString", "coordinates": [ [ -65.9026, 18.3902 ], [ -65.9031, 18.3908 ] ] } },
{ "type": "Feature", "properties": { "gnis_name": "Río Guanajibo", "streamorde": 4, "lengthkm": 0.21082777, "totdasqkm": 38.63679975 }, "geometry": { "type": "LineString", "coordinates": [ [ -66.9616, 18.0675 ], [ -66.9635, 18.0676 ] ] } },
{ "type": "Feature", "properties": { "gnis_name": "Río Tanamá", "streamorde": 4, "lengthkm": 0.2008468, "totdasqkm": 53.73919975 }, "geometry": { "type": "LineString", "coordinates": [ [ -66.7807, 18.3137 ], [ -66.779, 18.3145 ] ] } },
{ "type": "Feature", "properties": { "gnis_name": "Río de la Plata", "streamorde": 5, "lengthkm": 0.10318438, "totdasqkm": 543.49480031000007 }, "geometry": { "type": "LineString", "coordinates": [ [ -66.2623, 18.4222 ], [ -66.2614, 18.4221 ] ] } },
{ "type": "Feature", "properties": { "gnis_name": "Río Culebrinas", "streamorde": 5, "lengthkm": 0.39933304, "totdasqkm": 189.6259999 }, "geometry": { "type": "LineString", "coordinates": [ [ -67.1047, 18.3625 ], [ -67.1051, 18.362 ], [ -67.1078, 18.3631 ] ] } },
{ "type": "Feature", "properties": { "gnis_name": null, "streamorde": 4, "lengthkm": 0.74767659, "totdasqkm": 22.71279989 }, "geometry": { "type": "LineString", "coordinates": [ [ -67.0857, 18.2569 ], [ -67.0863, 18.2591 ], [ -67.0879, 18.2585 ], [ -67.0885, 18.2599 ], [ -67.0895, 18.2596 ] ] } },
{ "type": "Feature", "properties": { "gnis_name": "Río de la Plata", "streamorde": 5, "lengthkm": 1.21220926, "totdasqkm": 410.08080001000002 }, "geometry": { "type": "LineString", "coordinates": [ [ -66.212, 18.3236 ], [ -66.2135, 18.3246 ], [ -66.2156, 18.3302 ], [ -66.216, 18.3333 ] ] } },
{ "type": "Feature", "properties": { "gnis_name": "Río Descalabrado", "streamorde": 3, "lengthkm": 0.52840922, "totdasqkm": 48.48289995 }, "geometry": { "type": "LineString", "coordinates": [ [ -66.4493, 17.9843 ], [ -66.4498, 17.9829 ], [ -66.4517, 17.9822 ], [ -66.4524, 17.9811 ] ] } },
{ "type": "Feature", "properties": { "gnis_name": null, "streamorde": 3, "lengthkm": 0.66170361, "totdasqkm": 6.48699987 }, "geometry": { "type": "LineString", "coordinates": [ [ -66.196, 18.2294 ], [ -66.1966, 18.2293 ], [ -66.1969, 18.2299 ], [ -66.2017, 18.2298 ] ] } },
{ "type": "Feature", "properties": { "gnis_name": null, "streamorde": 3, "lengthkm": 0.436, "totdasqkm": 50.6965003 }, "geometry": { "type": "LineString", "coordinates": [ [ -65.668, 18.3041 ], [ -65.6639, 18.3041 ] ] } },
{ "type": "Feature", "properties": { "gnis_name": "Río Cañas", "streamorde": 3, "lengthkm": 0.75273876, "totdasqkm": 12.8151999 }, "geometry": { "type": "LineString", "coordinates": [ [ -66.2449, 18.3315 ], [ -66.2444, 18.331 ], [ -66.2426, 18.3307 ], [ -66.2419, 18.3313 ], [ -66.2412, 18.333 ], [ -66.2396, 18.3331 ] ] } },
{ "type": "Feature", "properties": { "gnis_name": "Río Yauco", "streamorde": 3, "lengthkm": 0.68085188, "totdasqkm": 8.31040012 }, "geometry": { "type": "LineString", "coordinates": [ [ -66.8991, 18.1245 ], [ -66.8978, 18.123 ], [ -66.8948, 18.1213 ], [ -66.8946, 18.1205 ] ] } },
{ "type": "Feature", "properties": { "gnis_name": "Río Grande de Añasco", "streamorde": 5, "lengthkm": 0.40268325, "totdasqkm": 322.26830044000002 }, "geometry": { "type": "LineString", "coordinates": [ [ -67.0069, 18.2791 ], [ -67.0107, 18.2787 ] ] } },
{ "type": "Feature", "properties": { "gnis_name": null, "streamorde": 3, "lengthkm": 3.262, "totdasqkm": 28.35959979 }, "geometry": { "type": "LineString", "coordinates": [ [ -66.082, 17.9838 ], [ -66.0808, 17.984 ], [ -66.0799, 17.9835 ], [ -66.0775, 17.9802 ], [ -66.0773, 17.9781 ], [ -66.0781, 17.9742 ], [ -66.0777, 17.9737 ], [ -66.0769, 17.9749 ], [ -66.076, 17.9745 ], [ -66.0755, 17.9728 ], [ -66.0766, 17.9715 ], [ -66.0764, 17.9704 ], [ -66.0746, 17.9712 ], [ -66.0741, 17.9707 ], [ -66.0742, 17.9702 ], [ -66.0752, 17.9699 ], [ -66.0758, 17.9687 ], [ -66.0753, 17.9655 ] ] } },
{ "type": "Feature", "properties": { "gnis_name": "Río Bauta", "streamorde": 3, "lengthkm": 0.26273126, "totdasqkm": 44.13589973000001 }, "geometry": { "type": "LineString", "coordinates": [ [ -66.4523, 18.2357 ], [ -66.4516, 18.2374 ], [ -66.4511, 18.2376 ] ] } },
{ "type": "Feature", "properties": { "gnis_name": "Río Indio", "streamorde": 4, "lengthkm": 0.90282044, "totdasqkm": 61.25459973 }, "geometry": { "type": "LineString", "coordinates": [ [ -66.3956, 18.3719 ], [ -66.3951, 18.3724 ], [ -66.3956, 18.3741 ], [ -66.3952, 18.3765 ], [ -66.3937, 18.3793 ] ] } },
{ "type": "Feature", "properties": { "gnis_name": "Río Guanajibo", "streamorde": 5, "lengthkm": 0.79519531, "totdasqkm": 329.46979964999997 }, "geometry": { "type": "LineString", "coordinates": [ [ -67.1752, 18.1641 ], [ -67.1775, 18.1649 ], [ -67.1795, 18.1676 ], [ -67.1809, 18.1683 ] ] } },
{ "type": "Feature", "properties": { "gnis_name": "Río Turabo", "streamorde": 4, "lengthkm": 0.64501784, "totdasqkm": 72.93639996 }, "geometry": { "type": "LineString", "coordinates": [ [ -66.0273, 18.2248 ], [ -66.0235, 18.2255 ], [ -66.0218, 18.2266 ] ] } },
{ "type": "Feature", "properties": { "gnis_name": null, "streamorde": 3, "lengthkm": 0.136, "totdasqkm": 35.26790031 }, "geometry": { "type": "LineString", "coordinates": [ [ -65.6983, 18.2932 ], [ -65.6988, 18.2934 ], [ -65.6989, 18.2941 ] ] } },
{ "type": "Feature", "properties": { "gnis_name": "Río de Bayamón", "streamorde": 3, "lengthkm": 0.79477375, "totdasqkm": 7.2759999 }, "geometry": { "type": "LineString", "coordinates": [ [ -66.1347, 18.1814 ], [ -66.1353, 18.1815 ], [ -66.1372, 18.1808 ], [ -66.1392, 18.1812 ], [ -66.1396, 18.1818 ], [ -66.1413, 18.1826 ] ] } },
{ "type": "Feature", "properties": { "gnis_name": null, "streamorde": 3, "lengthkm": 2.33432583, "totdasqkm": 4.18690006 }, "geometry": { "type": "LineString", "coordinates": [ [ -66.9381, 18.0406 ], [ -66.9383, 18.0395 ], [ -66.9365, 18.0384 ], [ -66.9352, 18.0321 ], [ -66.9354, 18.031 ], [ -66.9358, 18.0316 ], [ -66.9374, 18.031 ], [ -66.9394, 18.0286 ], [ -66.9378, 18.0244 ] ] } },
{ "type": "Feature", "properties": { "gnis_name": null, "streamorde": 4, "lengthkm": 0.56, "totdasqkm": 42.07390003 }, "geometry": { "type": "LineString", "coordinates": [ [ -66.5051, 18.1103 ], [ -66.5045, 18.1083 ], [ -66.502, 18.1067 ] ] } },
{ "type": "Feature", "properties": { "gnis_name": "Río Ingenio", "streamorde": 3, "lengthkm": 0.99813587, "totdasqkm": 14.20159996 }, "geometry": { "type": "LineString", "coordinates": [ [ -67.21, 18.3665 ], [ -67.2113, 18.3679 ], [ -67.2108, 18.368 ], [ -67.2113, 18.3685 ], [ -67.2104, 18.3699 ], [ -67.2115, 18.3704 ], [ -67.2112, 18.3719 ], [ -67.212, 18.372 ] ] } },
{ "type": "Feature", "properties": { "gnis_name": "Río Guayanilla", "streamorde": 4, "lengthkm": 1.042, "totdasqkm": 50.62610009 }, "geometry": { "type": "LineString", "coordinates": [ [ -66.7979, 18.0427 ], [ -66.7976, 18.0396 ], [ -66.7985, 18.037 ], [ -66.7987, 18.0335 ] ] } },
{ "type": "Feature", "properties": { "gnis_name": "Río de la Plata", "streamorde": 5, "lengthkm": 0.48396609, "totdasqkm": 306.62530022 }, "geometry": { "type": "LineString", "coordinates": [ [ -66.216, 18.225 ], [ -66.2157, 18.2259 ], [ -66.2163, 18.2281 ], [ -66.2159, 18.2291 ] ] } },
{ "type": "Feature", "properties": { "gnis_name": null, "streamorde": 3, "lengthkm": 1.426, "totdasqkm": 3.63800005 }, "geometry": { "type": "LineString", "coordinates": [ [ -65.8641, 18.0888 ], [ -65.8635, 18.0859 ], [ -65.8544, 18.0813 ] ] } },
{ "type": "Feature", "properties": { "gnis_name": null, "streamorde": 3, "lengthkm": 0.23, "totdasqkm": 2.40019986 }, "geometry": { "type": "LineString", "coordinates": [ [ -67.1023, 17.9751 ], [ -67.1031, 17.9732 ] ] } },
{ "type": "Feature", "properties": { "gnis_name": "Río de la Plata", "streamorde": 5, "lengthkm": 2.7646643, "totdasqkm": 295.37169988 }, "geometry": { "type": "LineString", "coordinates": [ [ -66.2379, 18.2013 ], [ -66.2358, 18.2043 ], [ -66.2306, 18.2082 ], [ -66.2309, 18.2118 ], [ -66.2331, 18.2135 ], [ -66.2327, 18.2153 ], [ -66.2311, 18.2161 ], [ -66.2262, 18.2169 ] ] } },
{ "type": "Feature", "properties": { "gnis_name": "Río Grande de Añasco", "streamorde": 5, "lengthkm": 0.4328509, "totdasqkm": 351.40500039 }, "geometry": { "type": "LineString", "coordinates": [ [ -67.0642, 18.2821 ], [ -67.0663, 18.2829 ], [ -67.068, 18.2826 ] ] } },
{ "type": "Feature", "properties": { "gnis_name": "Río Guaba", "streamorde": 4, "lengthkm": 0.03492948, "totdasqkm": 83.15960013 }, "geometry": { "type": "LineString", "coordinates": [ [ -66.9308, 18.2534 ], [ -66.9311, 18.2534 ] ] } },
{ "type": "Feature", "properties": { "gnis_name": null, "streamorde": 3, "lengthkm": 1.85839644, "totdasqkm": 6.23530005 }, "geometry": { "type": "LineString", "coordinates": [ [ -66.0979, 18.3559 ], [ -66.0986, 18.357 ], [ -66.0986, 18.3584 ], [ -66.099, 18.3589 ], [ -66.0995, 18.3587 ], [ -66.0995, 18.3596 ], [ -66.1, 18.3594 ], [ -66.1008, 18.3619 ], [ -66.1016, 18.3617 ], [ -66.1023, 18.3629 ], [ -66.1039, 18.364 ], [ -66.1043, 18.3637 ], [ -66.1057, 18.3667 ] ] } },
{ "type": "Feature", "properties": { "gnis_name": "Río de la Plata", "streamorde": 5, "lengthkm": 0.32792825, "totdasqkm": 420.34279997 }, "geometry": { "type": "LineString", "coordinates": [ [ -66.221, 18.333 ], [ -66.2231, 18.3309 ] ] } },
{ "type": "Feature", "properties": { "gnis_name": "Río Piedras", "streamorde": 3, "lengthkm": 0.094, "totdasqkm": 18.76560011 }, "geometry": { "type": "LineString", "coordinates": [ [ -66.0651, 18.3588 ], [ -66.0654, 18.3595 ] ] } },
{ "type": "Feature", "properties": { "gnis_name": "Río Yauco", "streamorde": 3, "lengthkm": 0.33, "totdasqkm": 9.91310012 }, "geometry": { "type": "LineString", "coordinates": [ [ -66.8906, 18.1166 ], [ -66.8895, 18.117 ], [ -66.8881, 18.1159 ] ] } },
{ "type": "Feature", "properties": { "gnis_name": "Río Grande De Loiza", "streamorde": 5, "lengthkm": 1.14665024, "totdasqkm": 130.35650001000002 }, "geometry": { "type": "LineString", "coordinates": [ [ -65.9762, 18.2018 ], [ -65.9781, 18.2035 ], [ -65.9795, 18.2038 ], [ -65.9852, 18.2031 ], [ -65.9862, 18.2034 ] ] } },
{ "type": "Feature", "properties": { "gnis_name": "Río Anton Ruiz", "streamorde": 4, "lengthkm": 0.18, "totdasqkm": 30.5620998 }, "geometry": { "type": "LineString", "coordinates": [ [ -65.7496, 18.1776 ], [ -65.7486, 18.1788 ] ] } },
{ "type": "Feature", "properties": { "gnis_name": "Río de Barranquitas", "streamorde": 3, "lengthkm": 0.61834727, "totdasqkm": 12.49399983 }, "geometry": { "type": "LineString", "coordinates": [ [ -66.3009, 18.1781 ], [ -66.2994, 18.173 ] ] } },
{ "type": "Feature", "properties": { "gnis_name": "Río Gurabo", "streamorde": 4, "lengthkm": 0.26931153, "totdasqkm": 64.74950005 }, "geometry": { "type": "LineString", "coordinates": [ [ -65.9079, 18.2399 ], [ -65.9084, 18.2382 ], [ -65.909, 18.2381 ] ] } },
{ "type": "Feature", "properties": { "gnis_name": null, "streamorde": 3, "lengthkm": 0.034, "totdasqkm": 14.19230013 }, "geometry": { "type": "LineString", "coordinates": [ [ -65.7899, 18.0978 ], [ -65.7897, 18.0975 ] ] } },
{ "type": "Feature", "properties": { "gnis_name": "Río Rosario", "streamorde": 4, "lengthkm": 1.12603777, "totdasqkm": 39.63040012 }, "geometry": { "type": "LineString", "coordinates": [ [ -67.0546, 18.1729 ], [ -67.0579, 18.1734 ], [ -67.06, 18.1719 ], [ -67.0605, 18.1724 ], [ -67.0595, 18.1733 ], [ -67.0602, 18.1743 ], [ -67.0612, 18.1741 ] ] } },
{ "type": "Feature", "properties": { "gnis_name": "Río Corozal", "streamorde": 3, "lengthkm": 2.19158084, "totdasqkm": 13.02130009 }, "geometry": { "type": "LineString", "coordinates": [ [ -66.3267, 18.3274 ], [ -66.3264, 18.3299 ], [ -66.3251, 18.3307 ], [ -66.325, 18.3318 ], [ -66.3235, 18.3319 ], [ -66.3229, 18.3346 ], [ -66.3211, 18.3344 ], [ -66.3204, 18.335 ], [ -66.3211, 18.3353 ], [ -66.321, 18.3358 ], [ -66.3203, 18.3364 ], [ -66.3196, 18.3361 ], [ -66.3199, 18.3377 ], [ -66.3195, 18.3398 ] ] } },
{ "type": "Feature", "properties": { "gnis_name": null, "streamorde": 3, "lengthkm": 1.895, "totdasqkm": 5.30180018 }, "geometry": { "type": "LineString", "coordinates": [ [ -65.9424, 18.2932 ], [ -65.943, 18.2945 ], [ -65.9423, 18.2969 ], [ -65.9436, 18.2991 ], [ -65.9401, 18.3003 ], [ -65.941, 18.3019 ], [ -65.9409, 18.3029 ], [ -65.9403, 18.3033 ], [ -65.942, 18.304 ], [ -65.9418, 18.3049 ] ] } },
{ "type": "Feature", "properties": { "gnis_name": "Río de la Plata", "streamorde": 5, "lengthkm": 0.05905883, "totdasqkm": 544.51820036999993 }, "geometry": { "type": "LineString", "coordinates": [ [ -66.2638, 18.4285 ], [ -66.2634, 18.4289 ] ] } },
{ "type": "Feature", "properties": { "gnis_name": "Río Valenciano", "streamorde": 3, "lengthkm": 0.04237336, "totdasqkm": 19.37270005 }, "geometry": { "type": "LineString", "coordinates": [ [ -65.9065, 18.1883 ], [ -65.9067, 18.1886 ] ] } },
{ "type": "Feature", "properties": { "gnis_name": "Río Cañas", "streamorde": 3, "lengthkm": 0.74030295, "totdasqkm": 25.07579999 }, "geometry": { "type": "LineString", "coordinates": [ [ -67.1211, 18.2362 ], [ -67.1197, 18.2382 ], [ -67.1187, 18.2387 ], [ -67.1195, 18.2402 ], [ -67.12, 18.2403 ], [ -67.12, 18.241 ] ] } },
{ "type": "Feature", "properties": { "gnis_name": "Río Culebrinas", "streamorde": 4, "lengthkm": 0.05396903, "totdasqkm": 166.91279993000001 }, "geometry": { "type": "LineString", "coordinates": [ [ -67.0871, 18.3602 ], [ -67.0867, 18.3599 ] ] } },
{ "type": "Feature", "properties": { "gnis_name": null, "streamorde": 3, "lengthkm": 0.02216294, "totdasqkm": 14.1927 }, "geometry": { "type": "LineString", "coordinates": [ [ -67.1416, 18.1042 ], [ -67.1414, 18.1043 ] ] } },
{ "type": "Feature", "properties": { "gnis_name": "Río Grande de Manati", "streamorde": 5, "lengthkm": 0.27878, "totdasqkm": 592.93639985999994 }, "geometry": { "type": "LineString", "coordinates": [ [ -66.5343, 18.4797 ], [ -66.5332, 18.4805 ], [ -66.5332, 18.4816 ] ] } },
{ "type": "Feature", "properties": { "gnis_name": "Río Toro Negro", "streamorde": 3, "lengthkm": 0.88578713, "totdasqkm": 11.76679984 }, "geometry": { "type": "LineString", "coordinates": [ [ -66.5111, 18.1765 ], [ -66.5106, 18.1775 ], [ -66.5131, 18.1809 ], [ -66.5125, 18.1833 ] ] } },
{ "type": "Feature", "properties": { "gnis_name": "Río Guanajibo", "streamorde": 3, "lengthkm": 0.84547932, "totdasqkm": 11.90279993 }, "geometry": { "type": "LineString", "coordinates": [ [ -66.9489, 18.071 ], [ -66.9511, 18.0714 ], [ -66.9511, 18.0701 ], [ -66.9515, 18.0697 ], [ -66.9549, 18.0701 ] ] } },
{ "type": "Feature", "properties": { "gnis_name": null, "streamorde": 3, "lengthkm": 1.65027758, "totdasqkm": 4.16980015 }, "geometry": { "type": "LineString", "coordinates": [ [ -67.0588, 18.3773 ], [ -67.0583, 18.3767 ], [ -67.0589, 18.3762 ], [ -67.0585, 18.3752 ], [ -67.0596, 18.3751 ], [ -67.0591, 18.3742 ], [ -67.0596, 18.373 ], [ -67.0591, 18.3726 ], [ -67.0597, 18.3725 ], [ -67.0593, 18.3721 ], [ -67.0597, 18.372 ], [ -67.0591, 18.3712 ], [ -67.06, 18.371 ], [ -67.0581, 18.3704 ], [ -67.0587, 18.3698 ], [ -67.0584, 18.3689 ] ] } },
{ "type": "Feature", "properties": { "gnis_name": "Río Usabón", "streamorde": 5, "lengthkm": 0.05851807, "totdasqkm": 75.69609992 }, "geometry": { "type": "LineString", "coordinates": [ [ -66.2473, 18.1679 ], [ -66.247, 18.1683 ] ] } },
{ "type": "Feature", "properties": { "gnis_name": "Río Dagüey", "streamorde": 3, "lengthkm": 1.55124239, "totdasqkm": 8.66840002 }, "geometry": { "type": "LineString", "coordinates": [ [ -67.1415, 18.28 ], [ -67.1434, 18.2795 ], [ -67.1447, 18.2778 ], [ -67.1451, 18.2764 ], [ -67.1446, 18.2763 ], [ -67.1455, 18.2754 ], [ -67.1445, 18.275 ], [ -67.1449, 18.2737 ], [ -67.1445, 18.2729 ], [ -67.1452, 18.2727 ], [ -67.1452, 18.2714 ], [ -67.1457, 18.2708 ] ] } },
{ "type": "Feature", "properties": { "gnis_name": null, "streamorde": 5, "lengthkm": 0.08655134, "totdasqkm": 305.74589962 }, "geometry": { "type": "LineString", "coordinates": [ [ -67.1409, 18.1366 ], [ -67.1416, 18.1363 ] ] } },
{ "type": "Feature", "properties": { "gnis_name": null, "streamorde": 3, "lengthkm": 0.28147529, "totdasqkm": 6.53949988 }, "geometry": { "type": "LineString", "coordinates": [ [ -66.1497, 18.1807 ], [ -66.148, 18.1826 ] ] } },
{ "type": "Feature", "properties": { "gnis_name": "Río Prieto", "streamorde": 4, "lengthkm": 0.02094645, "totdasqkm": 67.91559956 }, "geometry": { "type": "LineString", "coordinates": [ [ -66.9072, 18.253 ], [ -66.9074, 18.2531 ] ] } },
{ "type": "Feature", "properties": { "gnis_name": "Río Hondo", "streamorde": 4, "lengthkm": 0.05269601, "totdasqkm": 12.57749992 }, "geometry": { "type": "LineString", "coordinates": [ [ -67.1594, 18.1536 ], [ -67.1596, 18.1532 ] ] } },
{ "type": "Feature", "properties": { "gnis_name": "Río Hondo", "streamorde": 3, "lengthkm": 0.14812011, "totdasqkm": 5.47749989 }, "geometry": { "type": "LineString", "coordinates": [ [ -67.1513, 18.2852 ], [ -67.1516, 18.2839 ] ] } },
{ "type": "Feature", "properties": { "gnis_name": "Río Grande de Patillas", "streamorde": 3, "lengthkm": 0.95332776, "totdasqkm": 46.4043999 }, "geometry": { "type": "LineString", "coordinates": [ [ -66.0338, 18.0408 ], [ -66.032, 18.0355 ], [ -66.0344, 18.0352 ], [ -66.0349, 18.0348 ] ] } },
{ "type": "Feature", "properties": { "gnis_name": null, "streamorde": 3, "lengthkm": 0.17952877, "totdasqkm": 3.43460014 }, "geometry": { "type": "LineString", "coordinates": [ [ -65.9862, 18.2701 ], [ -65.9859, 18.2693 ], [ -65.9852, 18.2692 ] ] } },
{ "type": "Feature", "properties": { "gnis_name": "Río Yauco", "streamorde": 4, "lengthkm": 0.296, "totdasqkm": 54.42350017 }, "geometry": { "type": "LineString", "coordinates": [ [ -66.8569, 18.0611 ], [ -66.8594, 18.0603 ] ] } },
{ "type": "Feature", "properties": { "gnis_name": "Río Blanco", "streamorde": 4, "lengthkm": 0.38054825, "totdasqkm": 101.49150044 }, "geometry": { "type": "LineString", "coordinates": [ [ -66.906, 18.2549 ], [ -66.908, 18.2542 ], [ -66.9074, 18.2532 ] ] } },
{ "type": "Feature", "properties": { "gnis_name": null, "streamorde": 3, "lengthkm": 0.7372372, "totdasqkm": 4.78319986 }, "geometry": { "type": "LineString", "coordinates": [ [ -66.0429, 18.2846 ], [ -66.0434, 18.2878 ], [ -66.0441, 18.2879 ], [ -66.043, 18.2894 ], [ -66.0433, 18.29 ] ] } },
{ "type": "Feature", "properties": { "gnis_name": "Río Guaonica", "streamorde": 3, "lengthkm": 1.91408539, "totdasqkm": 9.24810003 }, "geometry": { "type": "LineString", "coordinates": [ [ -66.7422, 18.2441 ], [ -66.7401, 18.2447 ], [ -66.7408, 18.2467 ], [ -66.7405, 18.2474 ], [ -66.7389, 18.2471 ], [ -66.7368, 18.2476 ], [ -66.7365, 18.2485 ], [ -66.7352, 18.249 ], [ -66.7366, 18.2506 ], [ -66.7354, 18.2521 ], [ -66.7351, 18.2538 ] ] } },
{ "type": "Feature", "properties": { "gnis_name": "Río Arroyata", "streamorde": 3, "lengthkm": 1.22201693, "totdasqkm": 6.85840003 }, "geometry": { "type": "LineString", "coordinates": [ [ -66.1687, 18.1741 ], [ -66.1707, 18.1736 ], [ -66.1717, 18.1747 ], [ -66.174, 18.1752 ], [ -66.1749, 18.1771 ], [ -66.1773, 18.1784 ] ] } },
{ "type": "Feature", "properties": { "gnis_name": "Río Guaba", "streamorde": 3, "lengthkm": 0.091035, "totdasqkm": 36.40700018 }, "geometry": { "type": "LineString", "coordinates": [ [ -66.9673, 18.2063 ], [ -66.9669, 18.207 ] ] } },
{ "type": "Feature", "properties": { "gnis_name": "Río Cialitos", "streamorde": 3, "lengthkm": 0.05271625, "totdasqkm": 14.07219981 }, "geometry": { "type": "LineString", "coordinates": [ [ -66.5255, 18.2662 ], [ -66.526, 18.2663 ] ] } },
{ "type": "Feature", "properties": { "gnis_name": null, "streamorde": 3, "lengthkm": 0.23341049, "totdasqkm": 9.05199987 }, "geometry": { "type": "LineString", "coordinates": [ [ -65.815, 18.3866 ], [ -65.8172, 18.387 ] ] } },
{ "type": "Feature", "properties": { "gnis_name": "Río Grande De Loiza", "streamorde": 6, "lengthkm": 1.16881072, "totdasqkm": 745.01049959 }, "geometry": { "type": "LineString", "coordinates": [ [ -65.8908, 18.4253 ], [ -65.8897, 18.427 ], [ -65.8836, 18.4331 ] ] } },
{ "type": "Feature", "properties": { "gnis_name": "Río Pitahaya", "streamorde": 3, "lengthkm": 1.03685113, "totdasqkm": 18.53400007 }, "geometry": { "type": "LineString", "coordinates": [ [ -65.7167, 18.367 ], [ -65.7163, 18.3686 ], [ -65.7139, 18.3687 ], [ -65.7112, 18.3697 ], [ -65.7099, 18.3719 ] ] } },
{ "type": "Feature", "properties": { "gnis_name": "Canal Aguadilla", "streamorde": 3, "lengthkm": 0.20349876, "totdasqkm": 21.07520036 }, "geometry": { "type": "LineString", "coordinates": [ [ -67.1404, 18.4767 ], [ -67.1421, 18.4774 ] ] } },
{ "type": "Feature", "properties": { "gnis_name": "Río Grande de Manati", "streamorde": 5, "lengthkm": 4.09963443, "totdasqkm": 407.61480001000001 }, "geometry": { "type": "LineString", "coordinates": [ [ -66.475, 18.3562 ], [ -66.4749, 18.3572 ], [ -66.4776, 18.359 ], [ -66.479, 18.3593 ], [ -66.4794, 18.3578 ], [ -66.48, 18.3576 ], [ -66.4828, 18.359 ], [ -66.4825, 18.3608 ], [ -66.4814, 18.3616 ], [ -66.48, 18.3613 ], [ -66.4782, 18.3622 ], [ -66.4778, 18.3643 ], [ -66.479, 18.365 ], [ -66.4823, 18.3653 ], [ -66.4833, 18.3659 ], [ -66.4861, 18.3711 ], [ -66.487, 18.3764 ] ] } },
{ "type": "Feature", "properties": { "gnis_name": null, "streamorde": 4, "lengthkm": 0.14905042, "totdasqkm": 42.21409997 }, "geometry": { "type": "LineString", "coordinates": [ [ -65.7521, 18.3837 ], [ -65.7512, 18.3846 ] ] } },
{ "type": "Feature", "properties": { "gnis_name": null, "streamorde": 3, "lengthkm": 0.201, "totdasqkm": 55.4851002 }, "geometry": { "type": "LineString", "coordinates": [ [ -65.6514, 18.3187 ], [ -65.6522, 18.3195 ], [ -65.6518, 18.3201 ] ] } },
{ "type": "Feature", "properties": { "gnis_name": null, "streamorde": 3, "lengthkm": 0.83366526, "totdasqkm": 5.34310005 }, "geometry": { "type": "LineString", "coordinates": [ [ -65.9865, 18.158 ], [ -65.9872, 18.1594 ], [ -65.987, 18.1602 ], [ -65.9859, 18.1594 ], [ -65.985, 18.1602 ], [ -65.9829, 18.1596 ] ] } },
{ "type": "Feature", "properties": { "gnis_name": "Río de la Plata", "streamorde": 4, "lengthkm": 1.24557599, "totdasqkm": 121.60299986000001 }, "geometry": { "type": "LineString", "coordinates": [ [ -66.1728, 18.1334 ], [ -66.1746, 18.1335 ], [ -66.1758, 18.1343 ], [ -66.1768, 18.1359 ], [ -66.1778, 18.1392 ], [ -66.1798, 18.1412 ] ] } },
{ "type": "Feature", "properties": { "gnis_name": "Río Grande de Manati", "streamorde": 5, "lengthkm": 1.11275883, "totdasqkm": 347.55289992999997 }, "geometry": { "type": "LineString", "coordinates": [ [ -66.4581, 18.3267 ], [ -66.4586, 18.3279 ], [ -66.4608, 18.3291 ], [ -66.4622, 18.3286 ], [ -66.4629, 18.3275 ], [ -66.4648, 18.328 ], [ -66.4654, 18.3294 ] ] } },
{ "type": "Feature", "properties": { "gnis_name": "Río Grande de Patillas", "streamorde": 3, "lengthkm": 0.18238074, "totdasqkm": 47.07539997 }, "geometry": { "type": "LineString", "coordinates": [ [ -66.0349, 18.0348 ], [ -66.0358, 18.0336 ] ] } },
{ "type": "Feature", "properties": { "gnis_name": "Río Tallaboa", "streamorde": 3, "lengthkm": 1.044, "totdasqkm": 10.10510011 }, "geometry": { "type": "LineString", "coordinates": [ [ -66.7036, 18.1015 ], [ -66.7026, 18.0988 ], [ -66.7012, 18.0986 ], [ -66.7004, 18.0968 ], [ -66.7006, 18.096 ], [ -66.6991, 18.0952 ], [ -66.6985, 18.0953 ] ] } },
{ "type": "Feature", "properties": { "gnis_name": null, "streamorde": 5, "lengthkm": 0.33776144, "totdasqkm": 305.8439996 }, "geometry": { "type": "LineString", "coordinates": [ [ -67.1416, 18.1363 ], [ -67.1421, 18.1354 ], [ -67.1431, 18.1358 ], [ -67.144, 18.1356 ] ] } },
{ "type": "Feature", "properties": { "gnis_name": "Río Prieto", "streamorde": 4, "lengthkm": 1.0441791, "totdasqkm": 64.56949952000001 }, "geometry": { "type": "LineString", "coordinates": [ [ -66.8999, 18.246 ], [ -66.8994, 18.247 ], [ -66.9019, 18.2494 ], [ -66.9048, 18.2505 ], [ -66.9067, 18.2504 ] ] } },
{ "type": "Feature", "properties": { "gnis_name": null, "streamorde": 4, "lengthkm": 0.64328913, "totdasqkm": 25.85009996 }, "geometry": { "type": "LineString", "coordinates": [ [ -67.0933, 18.2651 ], [ -67.0949, 18.2664 ], [ -67.0943, 18.2674 ], [ -67.095, 18.268 ], [ -67.0952, 18.2695 ] ] } },
{ "type": "Feature", "properties": { "gnis_name": "Río Valenciano", "streamorde": 4, "lengthkm": 0.30073884, "totdasqkm": 36.99499986 }, "geometry": { "type": "LineString", "coordinates": [ [ -65.918, 18.199 ], [ -65.9198, 18.201 ] ] } },
{ "type": "Feature", "properties": { "gnis_name": "Río Grande De Loiza", "streamorde": 6, "lengthkm": 0.38498842, "totdasqkm": 721.39889983 }, "geometry": { "type": "LineString", "coordinates": [ [ -65.9096, 18.4012 ], [ -65.9075, 18.404 ] ] } },
{ "type": "Feature", "properties": { "gnis_name": "Río Grande", "streamorde": 3, "lengthkm": 1.24638455, "totdasqkm": 8.45349998 }, "geometry": { "type": "LineString", "coordinates": [ [ -66.9402, 18.126 ], [ -66.9406, 18.125 ], [ -66.9393, 18.1242 ], [ -66.9399, 18.1232 ], [ -66.9393, 18.1229 ], [ -66.9385, 18.1234 ], [ -66.9384, 18.1218 ], [ -66.9375, 18.1223 ], [ -66.9365, 18.1219 ], [ -66.9357, 18.1204 ] ] } },
{ "type": "Feature", "properties": { "gnis_name": "Río Chiquito", "streamorde": 3, "lengthkm": 0.5030837, "totdasqkm": 7.00950006 }, "geometry": { "type": "LineString", "coordinates": [ [ -66.1111, 18.0784 ], [ -66.1101, 18.0795 ], [ -66.1094, 18.0788 ], [ -66.1089, 18.0789 ], [ -66.1087, 18.0793 ], [ -66.1096, 18.0799 ] ] } },
{ "type": "Feature", "properties": { "gnis_name": "Río Grande De Loiza", "streamorde": 6, "lengthkm": 0.02012272, "totdasqkm": 733.74029971999994 }, "geometry": { "type": "LineString", "coordinates": [ [ -65.8909, 18.4251 ], [ -65.8908, 18.4253 ] ] } },
{ "type": "Feature", "properties": { "gnis_name": null, "streamorde": 4, "lengthkm": 0.296, "totdasqkm": 19.96889987 }, "geometry": { "type": "LineString", "coordinates": [ [ -66.5669, 18.0992 ], [ -66.5642, 18.0989 ] ] } },
{ "type": "Feature", "properties": { "gnis_name": null, "streamorde": 3, "lengthkm": 0.457, "totdasqkm": 9.02099998 }, "geometry": { "type": "LineString", "coordinates": [ [ -65.8147, 18.3848 ], [ -65.8189, 18.3838 ] ] } },
{ "type": "Feature", "properties": { "gnis_name": null, "streamorde": 3, "lengthkm": 0.42157408, "totdasqkm": 17.86239974 }, "geometry": { "type": "LineString", "coordinates": [ [ -65.9865, 18.3359 ], [ -65.9873, 18.3368 ], [ -65.9884, 18.3369 ], [ -65.9888, 18.3383 ] ] } },
{ "type": "Feature", "properties": { "gnis_name": "Canal Aguadilla", "streamorde": 3, "lengthkm": 0.55422213, "totdasqkm": 18.49010038 }, "geometry": { "type": "LineString", "coordinates": [ [ -67.122, 18.4733 ], [ -67.1225, 18.4739 ], [ -67.1263, 18.4747 ] ] } },
{ "type": "Feature", "properties": { "gnis_name": null, "streamorde": 3, "lengthkm": 1.495, "totdasqkm": 14.11680012 }, "geometry": { "type": "LineString", "coordinates": [ [ -66.6491, 18.1109 ], [ -66.6485, 18.1096 ], [ -66.6469, 18.109 ], [ -66.6481, 18.1066 ], [ -66.6466, 18.1033 ], [ -66.6458, 18.1027 ], [ -66.6427, 18.1024 ] ] } },
{ "type": "Feature", "properties": { "gnis_name": "Río Grande", "streamorde": 3, "lengthkm": 1.3838004, "totdasqkm": 20.32449996 }, "geometry": { "type": "LineString", "coordinates": [ [ -66.9421, 18.0831 ], [ -66.9446, 18.0829 ], [ -66.9475, 18.0811 ], [ -66.9499, 18.0782 ], [ -66.9515, 18.079 ], [ -66.9527, 18.0788 ] ] } },
{ "type": "Feature", "properties": { "gnis_name": null, "streamorde": 3, "lengthkm": 1.5549229, "totdasqkm": 6.73989998 }, "geometry": { "type": "LineString", "coordinates": [ [ -66.2762, 18.2062 ], [ -66.2749, 18.2078 ], [ -66.2737, 18.2078 ], [ -66.2735, 18.2085 ], [ -66.2743, 18.2083 ], [ -66.2744, 18.2088 ], [ -66.2727, 18.2088 ], [ -66.2736, 18.2111 ], [ -66.2716, 18.214 ] ] } },
{ "type": "Feature", "properties": { "gnis_name": null, "streamorde": 3, "lengthkm": 0.39744517, "totdasqkm": 5.42360012 }, "geometry": { "type": "LineString", "coordinates": [ [ -65.9134, 18.1733 ], [ -65.9124, 18.174 ], [ -65.9115, 18.1731 ], [ -65.9107, 18.1734 ] ] } },
{ "type": "Feature", "properties": { "gnis_name": null, "streamorde": 3, "lengthkm": 0.43201234, "totdasqkm": 5.14910003 }, "geometry": { "type": "LineString", "coordinates": [ [ -65.5172, 18.0898 ], [ -65.5134, 18.091 ] ] } },
{ "type": "Feature", "properties": { "gnis_name": null, "streamorde": 3, "lengthkm": 0.63599254, "totdasqkm": 5.05400011 }, "geometry": { "type": "LineString", "coordinates": [ [ -65.9883, 18.2544 ], [ -65.9876, 18.2559 ], [ -65.9894, 18.2593 ] ] } },
{ "type": "Feature", "properties": { "gnis_name": "Río Mavilla", "streamorde": 3, "lengthkm": 0.56612333, "totdasqkm": 16.11000011 }, "geometry": { "type": "LineString", "coordinates": [ [ -66.2947, 18.3046 ], [ -66.296, 18.3062 ], [ -66.2992, 18.306 ] ] } },
{ "type": "Feature", "properties": { "gnis_name": "Río Turabo", "streamorde": 3, "lengthkm": 1.5571763, "totdasqkm": 21.09900002 }, "geometry": { "type": "LineString", "coordinates": [ [ -66.043, 18.1672 ], [ -66.0436, 18.1684 ], [ -66.042, 18.1767 ], [ -66.0426, 18.179 ], [ -66.0441, 18.18 ] ] } },
{ "type": "Feature", "properties": { "gnis_name": "Río Grande de Añasco", "streamorde": 5, "lengthkm": 1.06761228, "totdasqkm": 370.41010038000002 }, "geometry": { "type": "LineString", "coordinates": [ [ -67.099, 18.2828 ], [ -67.1009, 18.2805 ], [ -67.1025, 18.2814 ], [ -67.1045, 18.2815 ], [ -67.1071, 18.2829 ] ] } },
{ "type": "Feature", "properties": { "gnis_name": null, "streamorde": 4, "lengthkm": 0.06570211, "totdasqkm": 30.72579993 }, "geometry": { "type": "LineString", "coordinates": [ [ -66.5463, 18.0656 ], [ -66.5462, 18.0651 ] ] } },
{ "type": "Feature", "properties": { "gnis_name": "Río Yunes", "streamorde": 3, "lengthkm": 1.74783621, "totdasqkm": 10.05660013 }, "geometry": { "type": "LineString", "coordinates": [ [ -66.5556, 18.2543 ], [ -66.5563, 18.2555 ], [ -66.5574, 18.256 ], [ -66.5584, 18.2573 ], [ -66.5602, 18.2573 ], [ -66.56, 18.2587 ], [ -66.559, 18.2589 ], [ -66.5599, 18.2596 ], [ -66.5605, 18.2618 ], [ -66.5579, 18.2626 ], [ -66.5575, 18.2631 ] ] } },
{ "type": "Feature", "properties": { "gnis_name": null, "streamorde": 3, "lengthkm": 5.178, "totdasqkm": 8.67259969 }, "geometry": { "type": "LineString", "coordinates": [ [ -65.7168, 18.3292 ], [ -65.7189, 18.3285 ], [ -65.7231, 18.3308 ], [ -65.7223, 18.3385 ], [ -65.7215, 18.339 ], [ -65.7207, 18.3427 ], [ -65.7195, 18.3428 ], [ -65.7181, 18.342 ], [ -65.7179, 18.3433 ], [ -65.7166, 18.3435 ], [ -65.7171, 18.3444 ], [ -65.716, 18.3457 ], [ -65.716, 18.3464 ], [ -65.7125, 18.3471 ], [ -65.7117, 18.348 ], [ -65.7104, 18.3483 ], [ -65.71, 18.3495 ], [ -65.7107, 18.3497 ], [ -65.71, 18.3503 ], [ -65.7085, 18.3505 ], [ -65.7082, 18.349 ], [ -65.7074, 18.3487 ], [ -65.7058, 18.35 ], [ -65.7037, 18.3495 ] ] } },
{ "type": "Feature", "properties": { "gnis_name": "Río Canovanillas", "streamorde": 3, "lengthkm": 1.49255825, "totdasqkm": 16.09850013 }, "geometry": { "type": "LineString", "coordinates": [ [ -65.9156, 18.293 ], [ -65.9152, 18.2953 ], [ -65.9135, 18.2958 ], [ -65.9127, 18.2951 ], [ -65.9132, 18.2943 ], [ -65.9115, 18.294 ], [ -65.9105, 18.2953 ], [ -65.9084, 18.2954 ], [ -65.9071, 18.2966 ] ] } },
{ "type": "Feature", "properties": { "gnis_name": "Río Grande de Manati", "streamorde": 5, "lengthkm": 0.3430134, "totdasqkm": 161.08529996 }, "geometry": { "type": "LineString", "coordinates": [ [ -66.4233, 18.2881 ], [ -66.4257, 18.2879 ], [ -66.4262, 18.2884 ] ] } },
{ "type": "Feature", "properties": { "gnis_name": "Río Grande de Manati", "streamorde": 5, "lengthkm": 0.34576378, "totdasqkm": 351.43069996000003 }, "geometry": { "type": "LineString", "coordinates": [ [ -66.4664, 18.3424 ], [ -66.4686, 18.3447 ] ] } },
{ "type": "Feature", "properties": { "gnis_name": "Río Culebrinas", "streamorde": 5, "lengthkm": 0.35799855, "totdasqkm": 203.19809965000002 }, "geometry": { "type": "LineString", "coordinates": [ [ -67.113, 18.365 ], [ -67.1149, 18.3661 ], [ -67.115, 18.367 ] ] } },
{ "type": "Feature", "properties": { "gnis_name": "Río Cialitos", "streamorde": 4, "lengthkm": 0.57054086, "totdasqkm": 31.36909994 }, "geometry": { "type": "LineString", "coordinates": [ [ -66.5087, 18.3047 ], [ -66.507, 18.3064 ], [ -66.506, 18.305 ], [ -66.5052, 18.3056 ] ] } },
{ "type": "Feature", "properties": { "gnis_name": null, "streamorde": 4, "lengthkm": 0.25259936, "totdasqkm": 60.66850024 }, "geometry": { "type": "LineString", "coordinates": [ [ -66.9649, 18.008 ], [ -66.9626, 18.0077 ] ] } },
{ "type": "Feature", "properties": { "gnis_name": "Río Blanco", "streamorde": 4, "lengthkm": 0.01809189, "totdasqkm": 37.99710015 }, "geometry": { "type": "LineString", "coordinates": [ [ -66.7972, 18.1986 ], [ -66.7972, 18.1987 ] ] } },
{ "type": "Feature", "properties": { "gnis_name": "Río Canovanillas", "streamorde": 3, "lengthkm": 0.60170071, "totdasqkm": 21.62170012 }, "geometry": { "type": "LineString", "coordinates": [ [ -65.9107, 18.3069 ], [ -65.9103, 18.308 ], [ -65.9093, 18.3085 ], [ -65.9061, 18.3083 ] ] } },
{ "type": "Feature", "properties": { "gnis_name": "Río Toro Negro", "streamorde": 3, "lengthkm": 0.82978347, "totdasqkm": 17.68669987 }, "geometry": { "type": "LineString", "coordinates": [ [ -66.5151, 18.1855 ], [ -66.5148, 18.1867 ], [ -66.5136, 18.1879 ], [ -66.5144, 18.1892 ], [ -66.5147, 18.1921 ] ] } },
{ "type": "Feature", "properties": { "gnis_name": null, "streamorde": 3, "lengthkm": 0.6137451, "totdasqkm": 7.46829985 }, "geometry": { "type": "LineString", "coordinates": [ [ -67.1695, 18.2873 ], [ -67.1716, 18.286 ], [ -67.172, 18.2829 ] ] } },
{ "type": "Feature", "properties": { "gnis_name": "Río Blanco", "streamorde": 4, "lengthkm": 0.04413443, "totdasqkm": 98.55750041 }, "geometry": { "type": "LineString", "coordinates": [ [ -66.8945, 18.259 ], [ -66.8948, 18.2593 ] ] } },
{ "type": "Feature", "properties": { "gnis_name": "Río Coco", "streamorde": 3, "lengthkm": 1.10186659, "totdasqkm": 5.77959999 }, "geometry": { "type": "LineString", "coordinates": [ [ -66.9379, 18.0763 ], [ -66.9389, 18.0748 ], [ -66.9434, 18.0718 ], [ -66.9455, 18.0699 ] ] } },
{ "type": "Feature", "properties": { "gnis_name": null, "streamorde": 3, "lengthkm": 0.99479728, "totdasqkm": 2.35609997 }, "geometry": { "type": "LineString", "coordinates": [ [ -66.1304, 18.2457 ], [ -66.1326, 18.2455 ], [ -66.135, 18.2471 ], [ -66.1357, 18.2485 ], [ -66.1354, 18.2495 ], [ -66.1364, 18.2502 ] ] } },
{ "type": "Feature", "properties": { "gnis_name": null, "streamorde": 4, "lengthkm": 0.05158056, "totdasqkm": 104.017 }, "geometry": { "type": "LineString", "coordinates": [ [ -66.3426, 18.4129 ], [ -66.3422, 18.4132 ] ] } },
{ "type": "Feature", "properties": { "gnis_name": "Río Descalabrado", "streamorde": 3, "lengthkm": 1.132, "totdasqkm": 23.29000001 }, "geometry": { "type": "LineString", "coordinates": [ [ -66.4276, 18.0716 ], [ -66.4293, 18.0682 ], [ -66.4308, 18.0673 ], [ -66.4298, 18.0661 ], [ -66.4315, 18.0639 ] ] } },
{ "type": "Feature", "properties": { "gnis_name": "Río Caonillas", "streamorde": 4, "lengthkm": 0.37102292, "totdasqkm": 104.81919989000001 }, "geometry": { "type": "LineString", "coordinates": [ [ -66.6382, 18.2377 ], [ -66.6392, 18.2378 ], [ -66.6389, 18.2401 ] ] } },
{ "type": "Feature", "properties": { "gnis_name": "Río Guayanés", "streamorde": 4, "lengthkm": 1.654, "totdasqkm": 39.17069983 }, "geometry": { "type": "LineString", "coordinates": [ [ -65.9145, 18.0518 ], [ -65.9133, 18.0518 ], [ -65.9124, 18.0509 ], [ -65.911, 18.0528 ], [ -65.9103, 18.0524 ], [ -65.9103, 18.0515 ], [ -65.9094, 18.0512 ], [ -65.9086, 18.0514 ], [ -65.9085, 18.0526 ], [ -65.9069, 18.0517 ], [ -65.9072, 18.0536 ], [ -65.9065, 18.0545 ] ] } },
{ "type": "Feature", "properties": { "gnis_name": "Río Limón", "streamorde": 3, "lengthkm": 1.98790856, "totdasqkm": 31.43850034 }, "geometry": { "type": "LineString", "coordinates": [ [ -66.6145, 18.291 ], [ -66.6161, 18.2957 ], [ -66.6172, 18.2956 ], [ -66.6178, 18.2963 ], [ -66.6157, 18.2981 ], [ -66.6157, 18.3002 ], [ -66.6141, 18.3007 ], [ -66.6139, 18.3027 ], [ -66.6122, 18.304 ] ] } },
{ "type": "Feature", "properties": { "gnis_name": "Río Grande de Patillas", "streamorde": 4, "lengthkm": 1.08578064, "totdasqkm": 70.85869998 }, "geometry": { "type": "LineString", "coordinates": [ [ -66.0264, 18.0038 ], [ -66.0248, 18.0035 ], [ -66.0231, 18.0018 ], [ -66.0199, 18.0008 ], [ -66.0181, 17.9989 ] ] } },
{ "type": "Feature", "properties": { "gnis_name": "Río Sonador", "streamorde": 3, "lengthkm": 0.276, "totdasqkm": 3.21450003 }, "geometry": { "type": "LineString", "coordinates": [ [ -66.9689, 18.292 ], [ -66.9689, 18.2928 ], [ -66.9704, 18.2929 ] ] } },
{ "type": "Feature", "properties": { "gnis_name": "Río Toro Negro", "streamorde": 4, "lengthkm": 0.0632187, "totdasqkm": 70.009299950000013 }, "geometry": { "type": "LineString", "coordinates": [ [ -66.5116, 18.2651 ], [ -66.5114, 18.2657 ] ] } },
{ "type": "Feature", "properties": { "gnis_name": null, "streamorde": 3, "lengthkm": 0.03961451, "totdasqkm": 8.1157999 }, "geometry": { "type": "LineString", "coordinates": [ [ -66.1057, 18.3667 ], [ -66.1061, 18.3667 ] ] } },
{ "type": "Feature", "properties": { "gnis_name": null, "streamorde": 3, "lengthkm": 0.03668739, "totdasqkm": 5.88749989 }, "geometry": { "type": "LineString", "coordinates": [ [ -65.8144, 18.4025 ], [ -65.8141, 18.4025 ] ] } },
{ "type": "Feature", "properties": { "gnis_name": "Río Grande De Loiza", "streamorde": 6, "lengthkm": 0.53569108, "totdasqkm": 614.6584995000001 }, "geometry": { "type": "LineString", "coordinates": [ [ -65.9567, 18.3738 ], [ -65.9547, 18.374 ], [ -65.9518, 18.3733 ] ] } },
{ "type": "Feature", "properties": { "gnis_name": "Río Grande de Arecibo", "streamorde": 5, "lengthkm": 0.32056081, "totdasqkm": 173.53589976000001 }, "geometry": { "type": "LineString", "coordinates": [ [ -66.7058, 18.295 ], [ -66.7063, 18.2977 ] ] } },
{ "type": "Feature", "properties": { "gnis_name": "Río Grande", "streamorde": 3, "lengthkm": 0.02933431, "totdasqkm": 19.19140003 }, "geometry": { "type": "LineString", "coordinates": [ [ -66.9424, 18.0889 ], [ -66.9425, 18.0887 ] ] } },
{ "type": "Feature", "properties": { "gnis_name": "Río de la Plata", "streamorde": 4, "lengthkm": 0.97651372, "totdasqkm": 153.90879984 }, "geometry": { "type": "LineString", "coordinates": [ [ -66.2103, 18.14 ], [ -66.2124, 18.1437 ], [ -66.2141, 18.1441 ], [ -66.2169, 18.1432 ] ] } },
{ "type": "Feature", "properties": { "gnis_name": "Río Limón", "streamorde": 3, "lengthkm": 2.0344499, "totdasqkm": 11.82210006 }, "geometry": { "type": "LineString", "coordinates": [ [ -66.6013, 18.2644 ], [ -66.6013, 18.2652 ], [ -66.6006, 18.2651 ], [ -66.5988, 18.2666 ], [ -66.5991, 18.2685 ], [ -66.5983, 18.27 ], [ -66.5966, 18.2704 ], [ -66.5963, 18.2729 ], [ -66.5969, 18.2747 ], [ -66.5961, 18.2753 ], [ -66.5954, 18.2768 ], [ -66.596, 18.2784 ] ] } },
{ "type": "Feature", "properties": { "gnis_name": "Río Grande de Manati", "streamorde": 5, "lengthkm": 3.26462399, "totdasqkm": 421.91350029 }, "geometry": { "type": "LineString", "coordinates": [ [ -66.4915, 18.3915 ], [ -66.4907, 18.3923 ], [ -66.4911, 18.3935 ], [ -66.4927, 18.3944 ], [ -66.496, 18.3975 ], [ -66.4995, 18.3977 ], [ -66.5006, 18.4002 ], [ -66.5016, 18.405 ], [ -66.4997, 18.4096 ], [ -66.4989, 18.4102 ], [ -66.4978, 18.4102 ], [ -66.4956, 18.4086 ] ] } },
{ "type": "Feature", "properties": { "gnis_name": "Río Nigua", "streamorde": 3, "lengthkm": 0.37571966, "totdasqkm": 11.02979992 }, "geometry": { "type": "LineString", "coordinates": [ [ -66.2684, 18.0318 ], [ -66.2681, 18.0317 ], [ -66.2684, 18.0313 ], [ -66.2676, 18.03 ], [ -66.2683, 18.0296 ] ] } },
{ "type": "Feature", "properties": { "gnis_name": "Río Guadiana", "streamorde": 3, "lengthkm": 2.58594005, "totdasqkm": 10.25869978 }, "geometry": { "type": "LineString", "coordinates": [ [ -66.2556, 18.285 ], [ -66.2552, 18.2876 ], [ -66.2571, 18.2903 ], [ -66.2575, 18.2957 ], [ -66.2543, 18.2972 ], [ -66.2529, 18.2984 ], [ -66.2527, 18.3011 ], [ -66.2513, 18.3011 ], [ -66.2496, 18.3018 ] ] } },
{ "type": "Feature", "properties": { "gnis_name": "Río Grande De Loiza", "streamorde": 5, "lengthkm": 0.07200615, "totdasqkm": 229.89709983999998 }, "geometry": { "type": "LineString", "coordinates": [ [ -66.0132, 18.2426 ], [ -66.0136, 18.2431 ] ] } },
{ "type": "Feature", "properties": { "gnis_name": "Río del Ingenio", "streamorde": 4, "lengthkm": 0.00653258, "totdasqkm": 29.38350006 }, "geometry": { "type": "LineString", "coordinates": [ [ -65.8286, 18.063 ], [ -65.8286, 18.0629 ] ] } },
{ "type": "Feature", "properties": { "gnis_name": null, "streamorde": 3, "lengthkm": 0.33787403, "totdasqkm": 9.24869976 }, "geometry": { "type": "LineString", "coordinates": [ [ -67.1613, 18.1843 ], [ -67.1599, 18.187 ] ] } },
{ "type": "Feature", "properties": { "gnis_name": "Río Valenciano", "streamorde": 4, "lengthkm": 0.91760487, "totdasqkm": 43.03819998 }, "geometry": { "type": "LineString", "coordinates": [ [ -65.9258, 18.2138 ], [ -65.9251, 18.2163 ], [ -65.9251, 18.2219 ] ] } },
{ "type": "Feature", "properties": { "gnis_name": "Río Guaba", "streamorde": 4, "lengthkm": 0.73678277, "totdasqkm": 69.97080029 }, "geometry": { "type": "LineString", "coordinates": [ [ -66.9382, 18.2344 ], [ -66.9364, 18.2361 ], [ -66.9337, 18.2358 ], [ -66.9325, 18.2368 ] ] } },
{ "type": "Feature", "properties": { "gnis_name": null, "streamorde": 3, "lengthkm": 0.26, "totdasqkm": 12.58299992 }, "geometry": { "type": "LineString", "coordinates": [ [ -66.1275, 18.1397 ], [ -66.1296, 18.1386 ] ] } },
{ "type": "Feature", "properties": { "gnis_name": "Río Rosario", "streamorde": 4, "lengthkm": 0.53282245, "totdasqkm": 51.68490008 }, "geometry": { "type": "LineString", "coordinates": [ [ -67.0867, 18.1566 ], [ -67.0877, 18.1562 ], [ -67.0868, 18.1543 ], [ -67.0868, 18.1526 ] ] } },
{ "type": "Feature", "properties": { "gnis_name": "Río Guamaní", "streamorde": 3, "lengthkm": 0.11923292, "totdasqkm": 31.11369979 }, "geometry": { "type": "LineString", "coordinates": [ [ -66.1348, 17.9437 ], [ -66.1339, 17.943 ] ] } },
{ "type": "Feature", "properties": { "gnis_name": "Río Guanajibo", "streamorde": 3, "lengthkm": 0.22792723, "totdasqkm": 10.91749986 }, "geometry": { "type": "LineString", "coordinates": [ [ -66.9484, 18.069 ], [ -66.9489, 18.071 ] ] } },
{ "type": "Feature", "properties": { "gnis_name": "Río Guatemala", "streamorde": 3, "lengthkm": 0.34408638, "totdasqkm": 30.84010015 }, "geometry": { "type": "LineString", "coordinates": [ [ -67.001, 18.3431 ], [ -67.0011, 18.3427 ], [ -66.9996, 18.3407 ] ] } },
{ "type": "Feature", "properties": { "gnis_name": "Canal Principal De Riego Valle De Lajas", "streamorde": 3, "lengthkm": 0.03071951, "totdasqkm": 11.34850011 }, "geometry": { "type": "LineString", "coordinates": [ [ -66.9137, 18.035 ], [ -66.914, 18.035 ] ] } },
{ "type": "Feature", "properties": { "gnis_name": "Río Cocal", "streamorde": 3, "lengthkm": 0.30892031, "totdasqkm": 586.43380002000004 }, "geometry": { "type": "LineString", "coordinates": [ [ -66.2026, 18.464 ], [ -66.1999, 18.4649 ] ] } },
{ "type": "Feature", "properties": { "gnis_name": null, "streamorde": 3, "lengthkm": 0.56305913, "totdasqkm": 4.02150001 }, "geometry": { "type": "LineString", "coordinates": [ [ -67.1257, 18.1341 ], [ -67.1309, 18.1348 ] ] } },
{ "type": "Feature", "properties": { "gnis_name": "Río Tanamá", "streamorde": 4, "lengthkm": 0.63365832, "totdasqkm": 34.46249966 }, "geometry": { "type": "LineString", "coordinates": [ [ -66.7719, 18.2725 ], [ -66.7716, 18.2735 ], [ -66.7722, 18.2748 ], [ -66.771, 18.2756 ], [ -66.7704, 18.2772 ] ] } },
{ "type": "Feature", "properties": { "gnis_name": null, "streamorde": 3, "lengthkm": 0.643, "totdasqkm": 11.58879994 }, "geometry": { "type": "LineString", "coordinates": [ [ -65.6591, 18.3601 ], [ -65.6588, 18.3613 ], [ -65.6574, 18.3622 ], [ -65.6562, 18.3647 ] ] } },
{ "type": "Feature", "properties": { "gnis_name": "Río Grande de Manati", "streamorde": 5, "lengthkm": 0.05231263, "totdasqkm": 551.35039985999992 }, "geometry": { "type": "LineString", "coordinates": [ [ -66.5243, 18.4312 ], [ -66.524, 18.4315 ] ] } },
{ "type": "Feature", "properties": { "gnis_name": "Río Grande de Manati", "streamorde": 3, "lengthkm": 1.60769918, "totdasqkm": 13.51709973 }, "geometry": { "type": "LineString", "coordinates": [ [ -66.3159, 18.2411 ], [ -66.3126, 18.2441 ], [ -66.3104, 18.2449 ], [ -66.3113, 18.2467 ], [ -66.3109, 18.2474 ], [ -66.3111, 18.2478 ], [ -66.3117, 18.2482 ], [ -66.3129, 18.2479 ], [ -66.314, 18.2485 ], [ -66.3133, 18.2493 ] ] } },
{ "type": "Feature", "properties": { "gnis_name": "Río Blanco", "streamorde": 4, "lengthkm": 0.15216765, "totdasqkm": 88.56530043 }, "geometry": { "type": "LineString", "coordinates": [ [ -66.8716, 18.2473 ], [ -66.8728, 18.2481 ] ] } },
{ "type": "Feature", "properties": { "gnis_name": null, "streamorde": 6, "lengthkm": 0.13937988, "totdasqkm": 543.70519987 }, "geometry": { "type": "LineString", "coordinates": [ [ -65.9974, 18.3575 ], [ -65.9962, 18.3576 ] ] } },
{ "type": "Feature", "properties": { "gnis_name": "Río Grande de Patillas", "streamorde": 4, "lengthkm": 0.21350628, "totdasqkm": 72.37009998000001 }, "geometry": { "type": "LineString", "coordinates": [ [ -66.0146, 17.986 ], [ -66.0141, 17.9841 ] ] } },
{ "type": "Feature", "properties": { "gnis_name": null, "streamorde": 4, "lengthkm": 0.79, "totdasqkm": 19.62319984 }, "geometry": { "type": "LineString", "coordinates": [ [ -66.5749, 18.1057 ], [ -66.5709, 18.1022 ], [ -66.5691, 18.1014 ] ] } },
{ "type": "Feature", "properties": { "gnis_name": "Río Morovis", "streamorde": 3, "lengthkm": 1.78575004, "totdasqkm": 4.96910001 }, "geometry": { "type": "LineString", "coordinates": [ [ -66.4088, 18.3216 ], [ -66.4092, 18.3225 ], [ -66.4087, 18.3226 ], [ -66.4094, 18.3235 ], [ -66.4089, 18.3251 ], [ -66.41, 18.3252 ], [ -66.4121, 18.328 ], [ -66.4129, 18.328 ], [ -66.4137, 18.3274 ], [ -66.4148, 18.3285 ], [ -66.4182, 18.329 ] ] } },
{ "type": "Feature", "properties": { "gnis_name": "Río Gurabo", "streamorde": 5, "lengthkm": 0.08786987, "totdasqkm": 127.98160005 }, "geometry": { "type": "LineString", "coordinates": [ [ -65.92, 18.2364 ], [ -65.9203, 18.2371 ] ] } },
{ "type": "Feature", "properties": { "gnis_name": null, "streamorde": 3, "lengthkm": 2.62612867, "totdasqkm": 8.36320028 }, "geometry": { "type": "LineString", "coordinates": [ [ -65.9418, 18.3049 ], [ -65.9408, 18.3062 ], [ -65.9406, 18.3076 ], [ -65.9389, 18.3092 ], [ -65.9399, 18.3107 ], [ -65.9419, 18.3122 ], [ -65.943, 18.3117 ], [ -65.9439, 18.3119 ], [ -65.9441, 18.3127 ], [ -65.9435, 18.3138 ], [ -65.9445, 18.3145 ], [ -65.9447, 18.3159 ], [ -65.9439, 18.3179 ], [ -65.9399, 18.3203 ] ] } },
{ "type": "Feature", "properties": { "gnis_name": "Río Grande de Añasco", "streamorde": 5, "lengthkm": 1.88618376, "totdasqkm": 417.35030027 }, "geometry": { "type": "LineString", "coordinates": [ [ -67.1287, 18.2667 ], [ -67.1305, 18.2652 ], [ -67.1331, 18.2657 ], [ -67.1336, 18.2668 ], [ -67.1322, 18.2678 ], [ -67.1347, 18.2684 ], [ -67.1336, 18.2645 ], [ -67.1351, 18.2635 ] ] } },
{ "type": "Feature", "properties": { "gnis_name": "Río Grande De Loiza", "streamorde": 6, "lengthkm": 1.30320897, "totdasqkm": 674.29759975000002 }, "geometry": { "type": "LineString", "coordinates": [ [ -65.9046, 18.3844 ], [ -65.9035, 18.3857 ], [ -65.9045, 18.387 ], [ -65.9114, 18.389 ], [ -65.9126, 18.3899 ] ] } },
{ "type": "Feature", "properties": { "gnis_name": "Río Toro Negro", "streamorde": 4, "lengthkm": 0.99591163, "totdasqkm": 85.05710009000001 }, "geometry": { "type": "LineString", "coordinates": [ [ -66.4774, 18.2909 ], [ -66.4764, 18.2923 ], [ -66.4724, 18.2934 ], [ -66.47, 18.2957 ] ] } },
{ "type": "Feature", "properties": { "gnis_name": null, "streamorde": 3, "lengthkm": 3.12153006, "totdasqkm": 21.45709999 }, "geometry": { "type": "LineString", "coordinates": [ [ -66.8297, 18.2875 ], [ -66.8287, 18.2879 ], [ -66.8282, 18.2892 ], [ -66.8275, 18.2891 ], [ -66.8262, 18.291 ], [ -66.8266, 18.2918 ], [ -66.8263, 18.2929 ], [ -66.8247, 18.2956 ], [ -66.826, 18.295 ], [ -66.8266, 18.2958 ], [ -66.826, 18.2977 ], [ -66.8253, 18.2976 ], [ -66.8248, 18.299 ], [ -66.8254, 18.2993 ], [ -66.8258, 18.2981 ], [ -66.827, 18.3008 ], [ -66.8255, 18.3031 ], [ -66.8246, 18.3033 ], [ -66.8241, 18.303 ], [ -66.8238, 18.3038 ] ] } },
{ "type": "Feature", "properties": { "gnis_name": null, "streamorde": 3, "lengthkm": 0.40638836, "totdasqkm": 6.42779982 }, "geometry": { "type": "LineString", "coordinates": [ [ -67.1426, 18.1811 ], [ -67.1427, 18.1801 ], [ -67.1452, 18.1792 ] ] } },
{ "type": "Feature", "properties": { "gnis_name": null, "streamorde": 4, "lengthkm": 0.4601578, "totdasqkm": 25.45569993 }, "geometry": { "type": "LineString", "coordinates": [ [ -67.0901, 18.2643 ], [ -67.0923, 18.2643 ], [ -67.0922, 18.2652 ], [ -67.0933, 18.2651 ] ] } },
{ "type": "Feature", "properties": { "gnis_name": "Río Yunes", "streamorde": 3, "lengthkm": 3.58244406, "totdasqkm": 35.65410026 }, "geometry": { "type": "LineString", "coordinates": [ [ -66.5846, 18.3219 ], [ -66.5853, 18.3228 ], [ -66.5862, 18.3223 ], [ -66.5883, 18.3227 ], [ -66.5892, 18.3233 ], [ -66.5903, 18.3232 ], [ -66.5915, 18.3255 ], [ -66.5925, 18.3245 ], [ -66.5942, 18.3245 ], [ -66.5949, 18.3235 ], [ -66.5978, 18.3233 ], [ -66.5983, 18.3225 ], [ -66.6004, 18.3218 ], [ -66.6027, 18.3227 ], [ -66.6041, 18.3212 ], [ -66.605, 18.3222 ], [ -66.6072, 18.3228 ], [ -66.6081, 18.3239 ], [ -66.6113, 18.3226 ] ] } },
{ "type": "Feature", "properties": { "gnis_name": "Río de Bayamón", "streamorde": 4, "lengthkm": 0.16861176, "totdasqkm": 47.79340001 }, "geometry": { "type": "LineString", "coordinates": [ [ -66.1437, 18.2414 ], [ -66.1439, 18.2429 ] ] } },
{ "type": "Feature", "properties": { "gnis_name": null, "streamorde": 4, "lengthkm": 0.65232955, "totdasqkm": 39.13149958 }, "geometry": { "type": "LineString", "coordinates": [ [ -66.8826, 18.1955 ], [ -66.8836, 18.1961 ], [ -66.8844, 18.1975 ], [ -66.8849, 18.2005 ] ] } },
{ "type": "Feature", "properties": { "gnis_name": "Río Guayanés", "streamorde": 4, "lengthkm": 0.172, "totdasqkm": 25.79709974 }, "geometry": { "type": "LineString", "coordinates": [ [ -65.9259, 18.0627 ], [ -65.925, 18.0629 ], [ -65.9245, 18.0625 ] ] } },
{ "type": "Feature", "properties": { "gnis_name": null, "streamorde": 3, "lengthkm": 0.12639656, "totdasqkm": 4.04400006 }, "geometry": { "type": "LineString", "coordinates": [ [ -66.1498, 18.1732 ], [ -66.1507, 18.1739 ] ] } },
{ "type": "Feature", "properties": { "gnis_name": "Caño Zequeira", "streamorde": 3, "lengthkm": 0.39498101, "totdasqkm": 7.25669991 }, "geometry": { "type": "LineString", "coordinates": [ [ -65.8958, 18.4124 ], [ -65.8994, 18.4135 ] ] } },
{ "type": "Feature", "properties": { "gnis_name": "Río Mavilla", "streamorde": 3, "lengthkm": 0.62183812, "totdasqkm": 31.23790009 }, "geometry": { "type": "LineString", "coordinates": [ [ -66.2976, 18.348 ], [ -66.2977, 18.3505 ], [ -66.2972, 18.3513 ], [ -66.2976, 18.3532 ] ] } },
{ "type": "Feature", "properties": { "gnis_name": "Río Maunabo", "streamorde": 3, "lengthkm": 0.511, "totdasqkm": 17.6635 }, "geometry": { "type": "LineString", "coordinates": [ [ -65.9343, 18.0209 ], [ -65.9327, 18.0202 ], [ -65.9296, 18.0201 ] ] } },
{ "type": "Feature", "properties": { "gnis_name": null, "streamorde": 3, "lengthkm": 0.30277141, "totdasqkm": 16.82430019 }, "geometry": { "type": "LineString", "coordinates": [ [ -66.9242, 18.0096 ], [ -66.9261, 18.0098 ], [ -66.9269, 18.0093 ] ] } },
{ "type": "Feature", "properties": { "gnis_name": "Río Viví", "streamorde": 4, "lengthkm": 0.70588949, "totdasqkm": 30.97499993 }, "geometry": { "type": "LineString", "coordinates": [ [ -66.6821, 18.2569 ], [ -66.6831, 18.2571 ], [ -66.6831, 18.2588 ], [ -66.6867, 18.259 ] ] } },
{ "type": "Feature", "properties": { "gnis_name": "Río Sonador", "streamorde": 3, "lengthkm": 0.09821023, "totdasqkm": 14.73800002 }, "geometry": { "type": "LineString", "coordinates": [ [ -67.0067, 18.311 ], [ -67.0076, 18.3113 ] ] } },
{ "type": "Feature", "properties": { "gnis_name": null, "streamorde": 3, "lengthkm": 0.43111712, "totdasqkm": 8.82130014 }, "geometry": { "type": "LineString", "coordinates": [ [ -65.9075, 18.2302 ], [ -65.9085, 18.2321 ], [ -65.9084, 18.2337 ] ] } },
{ "type": "Feature", "properties": { "gnis_name": "Río Yahuecas", "streamorde": 3, "lengthkm": 0.44187083, "totdasqkm": 7.80349994 }, "geometry": { "type": "LineString", "coordinates": [ [ -66.7892, 18.1705 ], [ -66.7912, 18.172 ], [ -66.7913, 18.1734 ] ] } },
{ "type": "Feature", "properties": { "gnis_name": "Río Cuyón", "streamorde": 4, "lengthkm": 1.09081757, "totdasqkm": 47.48669985 }, "geometry": { "type": "LineString", "coordinates": [ [ -66.3137, 18.0881 ], [ -66.3188, 18.0879 ], [ -66.3195, 18.0875 ], [ -66.3203, 18.0849 ], [ -66.3218, 18.0846 ] ] } },
{ "type": "Feature", "properties": { "gnis_name": "Río Canóvanas", "streamorde": 3, "lengthkm": 0.7199566, "totdasqkm": 29.99910005 }, "geometry": { "type": "LineString", "coordinates": [ [ -65.8896, 18.3189 ], [ -65.8885, 18.3217 ], [ -65.8893, 18.325 ] ] } },
{ "type": "Feature", "properties": { "gnis_name": "Río Canóvanas", "streamorde": 3, "lengthkm": 0.37910332, "totdasqkm": 46.31630002 }, "geometry": { "type": "LineString", "coordinates": [ [ -65.9092, 18.3906 ], [ -65.9126, 18.3899 ] ] } },
{ "type": "Feature", "properties": { "gnis_name": null, "streamorde": 3, "lengthkm": 0.1065642, "totdasqkm": 21.93720008 }, "geometry": { "type": "LineString", "coordinates": [ [ -66.5555, 18.21 ], [ -66.5563, 18.2098 ] ] } },
{ "type": "Feature", "properties": { "gnis_name": "Río Lapa", "streamorde": 3, "lengthkm": 0.30968868, "totdasqkm": 22.74589984 }, "geometry": { "type": "LineString", "coordinates": [ [ -66.2398, 18.062 ], [ -66.2393, 18.0609 ], [ -66.2398, 18.0595 ] ] } },
{ "type": "Feature", "properties": { "gnis_name": "Río Cialitos", "streamorde": 4, "lengthkm": 1.87677472, "totdasqkm": 35.13730008 }, "geometry": { "type": "LineString", "coordinates": [ [ -66.5052, 18.3056 ], [ -66.5046, 18.3075 ], [ -66.505, 18.3097 ], [ -66.5025, 18.3126 ], [ -66.5004, 18.3128 ], [ -66.4985, 18.3138 ], [ -66.4973, 18.3134 ], [ -66.4952, 18.3142 ], [ -66.4939, 18.3141 ] ] } },
{ "type": "Feature", "properties": { "gnis_name": "Río Piedras", "streamorde": 4, "lengthkm": 0.898, "totdasqkm": 36.34680015 }, "geometry": { "type": "LineString", "coordinates": [ [ -66.0667, 18.4025 ], [ -66.0679, 18.4031 ], [ -66.0689, 18.4046 ], [ -66.0689, 18.4083 ], [ -66.0693, 18.4095 ] ] } },
{ "type": "Feature", "properties": { "gnis_name": "Río Guanajibo", "streamorde": 4, "lengthkm": 0.05494034, "totdasqkm": 123.09509939 }, "geometry": { "type": "LineString", "coordinates": [ [ -67.0564, 18.0989 ], [ -67.0569, 18.0991 ] ] } },
{ "type": "Feature", "properties": { "gnis_name": "Río Nueve Pasos", "streamorde": 3, "lengthkm": 3.65258919, "totdasqkm": 6.95289998 }, "geometry": { "type": "LineString", "coordinates": [ [ -67.0326, 18.1456 ], [ -67.0345, 18.1441 ], [ -67.036, 18.1443 ], [ -67.0379, 18.1436 ], [ -67.0382, 18.1413 ], [ -67.0403, 18.1409 ], [ -67.0409, 18.1394 ], [ -67.0432, 18.1377 ], [ -67.0465, 18.1398 ], [ -67.0471, 18.1409 ], [ -67.0486, 18.1414 ], [ -67.0481, 18.1424 ], [ -67.0508, 18.142 ], [ -67.051, 18.144 ], [ -67.0525, 18.145 ], [ -67.0523, 18.1462 ], [ -67.0532, 18.1468 ], [ -67.0534, 18.1477 ] ] } },
{ "type": "Feature", "properties": { "gnis_name": "Río Grande De Loiza", "streamorde": 5, "lengthkm": 0.71309819, "totdasqkm": 119.62560004000001 }, "geometry": { "type": "LineString", "coordinates": [ [ -65.9592, 18.1919 ], [ -65.9606, 18.1925 ], [ -65.9628, 18.1918 ], [ -65.9631, 18.1926 ], [ -65.9646, 18.1938 ] ] } },
{ "type": "Feature", "properties": { "gnis_name": "Río Tanamá", "streamorde": 4, "lengthkm": 1.71282366, "totdasqkm": 103.49409962 }, "geometry": { "type": "LineString", "coordinates": [ [ -66.7337, 18.3781 ], [ -66.7334, 18.382 ], [ -66.7322, 18.3823 ], [ -66.7308, 18.3817 ], [ -66.7297, 18.3821 ], [ -66.729, 18.3839 ], [ -66.7296, 18.3846 ], [ -66.7304, 18.3846 ], [ -66.7304, 18.3854 ], [ -66.7288, 18.388 ] ] } },
{ "type": "Feature", "properties": { "gnis_name": null, "streamorde": 3, "lengthkm": 0.07829795, "totdasqkm": 59.99030013 }, "geometry": { "type": "LineString", "coordinates": [ [ -65.7852, 18.1226 ], [ -65.7846, 18.1222 ] ] } },
{ "type": "Feature", "properties": { "gnis_name": null, "streamorde": 3, "lengthkm": 0.516, "totdasqkm": 5.8745999 }, "geometry": { "type": "LineString", "coordinates": [ [ -65.819, 18.4029 ], [ -65.8171, 18.4026 ], [ -65.8155, 18.403 ], [ -65.8144, 18.4025 ] ] } },
{ "type": "Feature", "properties": { "gnis_name": "Río de la Plata", "streamorde": 4, "lengthkm": 0.18314509, "totdasqkm": 108.15429991000001 }, "geometry": { "type": "LineString", "coordinates": [ [ -66.1626, 18.1395 ], [ -66.1625, 18.1387 ], [ -66.1632, 18.1382 ] ] } },
{ "type": "Feature", "properties": { "gnis_name": "Río Guanajibo", "streamorde": 4, "lengthkm": 0.05708642, "totdasqkm": 125.26889947 }, "geometry": { "type": "LineString", "coordinates": [ [ -67.0741, 18.1092 ], [ -67.0746, 18.109 ] ] } },
{ "type": "Feature", "properties": { "gnis_name": "Río Gurabo", "streamorde": 4, "lengthkm": 0.07987711, "totdasqkm": 43.61569997 }, "geometry": { "type": "LineString", "coordinates": [ [ -65.8824, 18.2319 ], [ -65.8831, 18.232 ] ] } },
{ "type": "Feature", "properties": { "gnis_name": "Río Prieto", "streamorde": 3, "lengthkm": 1.695, "totdasqkm": 4.47040009 }, "geometry": { "type": "LineString", "coordinates": [ [ -66.5986, 18.1534 ], [ -66.6002, 18.153 ], [ -66.6001, 18.1518 ], [ -66.6012, 18.1511 ], [ -66.6029, 18.1484 ], [ -66.6033, 18.146 ], [ -66.6071, 18.1448 ], [ -66.6082, 18.1439 ] ] } },
{ "type": "Feature", "properties": { "gnis_name": null, "streamorde": 4, "lengthkm": 0.6763267, "totdasqkm": 14.38040003 }, "geometry": { "type": "LineString", "coordinates": [ [ -67.0555, 18.2444 ], [ -67.0558, 18.2453 ], [ -67.0574, 18.2461 ], [ -67.059, 18.2452 ], [ -67.0605, 18.2451 ] ] } },
{ "type": "Feature", "properties": { "gnis_name": "Río de la Plata", "streamorde": 4, "lengthkm": 0.21897198, "totdasqkm": 162.36540005000001 }, "geometry": { "type": "LineString", "coordinates": [ [ -66.2267, 18.1527 ], [ -66.2249, 18.1535 ] ] } },
{ "type": "Feature", "properties": { "gnis_name": "Río de Bayamón", "streamorde": 5, "lengthkm": 0.01807376, "totdasqkm": 179.20949997 }, "geometry": { "type": "LineString", "coordinates": [ [ -66.1381, 18.3941 ], [ -66.1381, 18.3942 ] ] } },
{ "type": "Feature", "properties": { "gnis_name": "Río Coco", "streamorde": 3, "lengthkm": 0.43811716, "totdasqkm": 4.86809996 }, "geometry": { "type": "LineString", "coordinates": [ [ -66.9341, 18.0763 ], [ -66.9357, 18.077 ], [ -66.9379, 18.0763 ] ] } },
{ "type": "Feature", "properties": { "gnis_name": null, "streamorde": 3, "lengthkm": 0.08990047, "totdasqkm": 24.20569988 }, "geometry": { "type": "LineString", "coordinates": [ [ -65.8368, 18.0584 ], [ -65.8364, 18.0578 ] ] } },
{ "type": "Feature", "properties": { "gnis_name": "Río Guanajibo", "streamorde": 4, "lengthkm": 0.03944681, "totdasqkm": 38.67729976 }, "geometry": { "type": "LineString", "coordinates": [ [ -66.9635, 18.0676 ], [ -66.9639, 18.0676 ] ] } },
{ "type": "Feature", "properties": { "gnis_name": "Río Bauta", "streamorde": 3, "lengthkm": 1.55426338, "totdasqkm": 41.60639979 }, "geometry": { "type": "LineString", "coordinates": [ [ -66.4621, 18.2271 ], [ -66.4619, 18.2285 ], [ -66.4644, 18.2297 ], [ -66.4642, 18.2316 ], [ -66.4636, 18.2324 ], [ -66.4619, 18.2321 ], [ -66.4616, 18.2332 ], [ -66.4621, 18.2348 ], [ -66.4599, 18.2357 ] ] } },
{ "type": "Feature", "properties": { "gnis_name": null, "streamorde": 4, "lengthkm": 0.23097738, "totdasqkm": 67.71999994 }, "geometry": { "type": "LineString", "coordinates": [ [ -66.501, 18.2575 ], [ -66.5015, 18.2585 ], [ -66.5024, 18.2586 ] ] } },
{ "type": "Feature", "properties": { "gnis_name": "Río Grande de Añasco", "streamorde": 5, "lengthkm": 1.73108308, "totdasqkm": 369.60340032000005 }, "geometry": { "type": "LineString", "coordinates": [ [ -67.0901, 18.2761 ], [ -67.0903, 18.275 ], [ -67.0922, 18.2746 ], [ -67.0932, 18.2753 ], [ -67.0951, 18.2756 ], [ -67.0967, 18.2769 ], [ -67.0976, 18.2786 ], [ -67.0968, 18.2807 ], [ -67.099, 18.2828 ] ] } },
{ "type": "Feature", "properties": { "gnis_name": null, "streamorde": 3, "lengthkm": 0.562, "totdasqkm": 5.72200013 }, "geometry": { "type": "LineString", "coordinates": [ [ -66.8555, 17.9855 ], [ -66.8538, 17.9851 ], [ -66.8544, 17.9871 ], [ -66.8535, 17.9876 ] ] } },
{ "type": "Feature", "properties": { "gnis_name": "Río Bucarabones", "streamorde": 4, "lengthkm": 1.26118017, "totdasqkm": 23.73380001 }, "geometry": { "type": "LineString", "coordinates": [ [ -66.9401, 18.2168 ], [ -66.9397, 18.2176 ], [ -66.9398, 18.2198 ], [ -66.9403, 18.2201 ], [ -66.9416, 18.2197 ], [ -66.9424, 18.2213 ], [ -66.9449, 18.2212 ], [ -66.9438, 18.2228 ] ] } },
{ "type": "Feature", "properties": { "gnis_name": null, "streamorde": 4, "lengthkm": 0.18283566, "totdasqkm": 69.27479989 }, "geometry": { "type": "LineString", "coordinates": [ [ -66.3829, 18.2746 ], [ -66.383, 18.2763 ] ] } },
{ "type": "Feature", "properties": { "gnis_name": "Río Guaynabo", "streamorde": 3, "lengthkm": 1.80624147, "totdasqkm": 16.39219986 }, "geometry": { "type": "LineString", "coordinates": [ [ -66.0921, 18.3111 ], [ -66.0931, 18.3114 ], [ -66.0933, 18.3121 ], [ -66.092, 18.3127 ], [ -66.0923, 18.3142 ], [ -66.0933, 18.3139 ], [ -66.0952, 18.315 ], [ -66.0957, 18.3164 ], [ -66.0945, 18.3173 ], [ -66.0957, 18.3177 ], [ -66.0956, 18.3189 ], [ -66.0966, 18.3199 ], [ -66.0967, 18.3206 ] ] } },
{ "type": "Feature", "properties": { "gnis_name": "Río Toa Vaca", "streamorde": 3, "lengthkm": 1.695, "totdasqkm": 29.16789997 }, "geometry": { "type": "LineString", "coordinates": [ [ -66.4386, 18.1311 ], [ -66.441, 18.1319 ], [ -66.4413, 18.1325 ], [ -66.4407, 18.1336 ], [ -66.4429, 18.1337 ], [ -66.4437, 18.1333 ], [ -66.4445, 18.1326 ], [ -66.444, 18.1318 ], [ -66.444, 18.1282 ], [ -66.4455, 18.1268 ] ] } },
{ "type": "Feature", "properties": { "gnis_name": null, "streamorde": 3, "lengthkm": 1.384, "totdasqkm": 12.27850022 }, "geometry": { "type": "LineString", "coordinates": [ [ -66.6533, 18.1188 ], [ -66.6531, 18.1166 ], [ -66.6523, 18.1156 ], [ -66.6515, 18.1155 ], [ -66.6506, 18.1168 ], [ -66.65, 18.1165 ], [ -66.6492, 18.1142 ], [ -66.6491, 18.1109 ] ] } },
{ "type": "Feature", "properties": { "gnis_name": null, "streamorde": 3, "lengthkm": 0.638, "totdasqkm": 5.20340012 }, "geometry": { "type": "LineString", "coordinates": [ [ -67.1094, 18.1931 ], [ -67.1097, 18.1935 ], [ -67.1094, 18.1945 ], [ -67.1108, 18.1937 ], [ -67.1123, 18.1953 ] ] } },
{ "type": "Feature", "properties": { "gnis_name": "Río Usabón", "streamorde": 5, "lengthkm": 1.72623228, "totdasqkm": 77.93309991000001 }, "geometry": { "type": "LineString", "coordinates": [ [ -66.247, 18.1683 ], [ -66.249, 18.1703 ], [ -66.2482, 18.171 ], [ -66.2485, 18.1716 ], [ -66.2481, 18.1739 ], [ -66.2461, 18.1763 ], [ -66.2448, 18.177 ], [ -66.2446, 18.1784 ], [ -66.2433, 18.1792 ], [ -66.2428, 18.1803 ] ] } },
{ "type": "Feature", "properties": { "gnis_name": "Río Usabón", "streamorde": 5, "lengthkm": 0.37982227, "totdasqkm": 75.54489995 }, "geometry": { "type": "LineString", "coordinates": [ [ -66.2487, 18.1655 ], [ -66.2479, 18.1659 ], [ -66.2482, 18.1669 ], [ -66.2473, 18.1679 ] ] } },
{ "type": "Feature", "properties": { "gnis_name": null, "streamorde": 3, "lengthkm": 2.42448508, "totdasqkm": 12.56410011 }, "geometry": { "type": "LineString", "coordinates": [ [ -66.0653, 18.1777 ], [ -66.0652, 18.1811 ], [ -66.0625, 18.1822 ], [ -66.0636, 18.1844 ], [ -66.0633, 18.1852 ], [ -66.0626, 18.1855 ], [ -66.0568, 18.1852 ], [ -66.0548, 18.1833 ], [ -66.0519, 18.1825 ] ] } },
{ "type": "Feature", "properties": { "gnis_name": "Río Mayaguecillo", "streamorde": 3, "lengthkm": 0.31404456, "totdasqkm": 9.40419998 }, "geometry": { "type": "LineString", "coordinates": [ [ -66.9819, 18.2467 ], [ -66.9818, 18.2472 ], [ -66.9806, 18.2475 ], [ -66.98, 18.2469 ] ] } },
{ "type": "Feature", "properties": { "gnis_name": null, "streamorde": 4, "lengthkm": 0.86033708, "totdasqkm": 29.51239988 }, "geometry": { "type": "LineString", "coordinates": [ [ -66.2153, 17.9665 ], [ -66.2149, 17.9646 ], [ -66.2108, 17.9604 ] ] } },
{ "type": "Feature", "properties": { "gnis_name": "Río Rosario", "streamorde": 4, "lengthkm": 3.41101622, "totdasqkm": 63.8093002 }, "geometry": { "type": "LineString", "coordinates": [ [ -67.1161, 18.1231 ], [ -67.1177, 18.1236 ], [ -67.1193, 18.1253 ], [ -67.1209, 18.125 ], [ -67.1213, 18.1241 ], [ -67.1223, 18.125 ], [ -67.1214, 18.1249 ], [ -67.1215, 18.1253 ], [ -67.1232, 18.1256 ], [ -67.1229, 18.1267 ], [ -67.1245, 18.1269 ], [ -67.1252, 18.1277 ], [ -67.1266, 18.1269 ], [ -67.1273, 18.1283 ], [ -67.1287, 18.1283 ], [ -67.1291, 18.1286 ], [ -67.1286, 18.1291 ], [ -67.1295, 18.1294 ], [ -67.1296, 18.129 ], [ -67.1303, 18.1291 ], [ -67.1306, 18.1306 ], [ -67.1314, 18.1287 ], [ -67.1318, 18.1292 ], [ -67.1314, 18.1296 ], [ -67.1326, 18.13 ] ] } },
{ "type": "Feature", "properties": { "gnis_name": "Río Mameyes", "streamorde": 3, "lengthkm": 0.5278509, "totdasqkm": 15.74150007 }, "geometry": { "type": "LineString", "coordinates": [ [ -65.7527, 18.3204 ], [ -65.7517, 18.3209 ], [ -65.7515, 18.3228 ], [ -65.7499, 18.3232 ] ] } },
{ "type": "Feature", "properties": { "gnis_name": "Río de la Plata", "streamorde": 5, "lengthkm": 0.07872999, "totdasqkm": 398.40849991 }, "geometry": { "type": "LineString", "coordinates": [ [ -66.2085, 18.2958 ], [ -66.2087, 18.2965 ] ] } },
{ "type": "Feature", "properties": { "gnis_name": "Río Grande de Añasco", "streamorde": 5, "lengthkm": 0.31975467, "totdasqkm": 304.68600003 }, "geometry": { "type": "LineString", "coordinates": [ [ -66.992, 18.2759 ], [ -66.993, 18.2755 ], [ -66.9948, 18.2758 ] ] } },
{ "type": "Feature", "properties": { "gnis_name": null, "streamorde": 3, "lengthkm": 0.359, "totdasqkm": 6.84739993 }, "geometry": { "type": "LineString", "coordinates": [ [ -66.578, 18.1346 ], [ -66.5801, 18.1321 ] ] } },
{ "type": "Feature", "properties": { "gnis_name": "Río Grande de Arecibo", "streamorde": 4, "lengthkm": 0.51571469, "totdasqkm": 94.51869969000001 }, "geometry": { "type": "LineString", "coordinates": [ [ -66.7213, 18.2412 ], [ -66.7224, 18.2429 ], [ -66.7215, 18.2439 ], [ -66.7216, 18.2451 ] ] } },
{ "type": "Feature", "properties": { "gnis_name": "Río Cibuco", "streamorde": 4, "lengthkm": 3.46549263, "totdasqkm": 133.43990026999998 }, "geometry": { "type": "LineString", "coordinates": [ [ -66.3523, 18.4306 ], [ -66.353, 18.4303 ], [ -66.354, 18.4309 ], [ -66.3548, 18.4293 ], [ -66.3544, 18.4291 ], [ -66.3547, 18.4288 ], [ -66.3552, 18.4293 ], [ -66.3557, 18.4292 ], [ -66.3552, 18.43 ], [ -66.3555, 18.4302 ], [ -66.3565, 18.4298 ], [ -66.3575, 18.4302 ], [ -66.3582, 18.4288 ], [ -66.3588, 18.429 ], [ -66.3588, 18.4298 ], [ -66.3604, 18.4294 ], [ -66.3604, 18.4311 ], [ -66.362, 18.4317 ], [ -66.3627, 18.4329 ], [ -66.362, 18.436 ], [ -66.3641, 18.4397 ], [ -66.3651, 18.441 ], [ -66.3674, 18.4409 ] ] } },
{ "type": "Feature", "properties": { "gnis_name": "Río Limón", "streamorde": 4, "lengthkm": 0.27100026, "totdasqkm": 78.80730028 }, "geometry": { "type": "LineString", "coordinates": [ [ -66.6113, 18.3226 ], [ -66.6126, 18.3248 ] ] } },
{ "type": "Feature", "properties": { "gnis_name": "Río Bauta", "streamorde": 3, "lengthkm": 0.14956, "totdasqkm": 19.21529984 }, "geometry": { "type": "LineString", "coordinates": [ [ -66.438, 18.1913 ], [ -66.439, 18.1922 ] ] } },
{ "type": "Feature", "properties": { "gnis_name": "Río Toro Negro", "streamorde": 4, "lengthkm": 0.70426552, "totdasqkm": 76.71170008 }, "geometry": { "type": "LineString", "coordinates": [ [ -66.5009, 18.283 ], [ -66.5035, 18.2845 ], [ -66.5032, 18.2862 ], [ -66.5021, 18.2874 ] ] } },
{ "type": "Feature", "properties": { "gnis_name": "Río Grande De Loiza", "streamorde": 6, "lengthkm": 0.06578019, "totdasqkm": 518.15789968999991 }, "geometry": { "type": "LineString", "coordinates": [ [ -66.0294, 18.3028 ], [ -66.0289, 18.3031 ] ] } },
{ "type": "Feature", "properties": { "gnis_name": "Caño San Isidro", "streamorde": 3, "lengthkm": 0.28716234, "totdasqkm": 2.49380005 }, "geometry": { "type": "LineString", "coordinates": [ [ -65.8866, 18.3811 ], [ -65.887, 18.3834 ] ] } },
{ "type": "Feature", "properties": { "gnis_name": null, "streamorde": 3, "lengthkm": 0.11506992, "totdasqkm": 4.23619999 }, "geometry": { "type": "LineString", "coordinates": [ [ -66.5271, 18.1594 ], [ -66.526, 18.1592 ] ] } },
{ "type": "Feature", "properties": { "gnis_name": null, "streamorde": 4, "lengthkm": 0.22344714, "totdasqkm": 22.27629998 }, "geometry": { "type": "LineString", "coordinates": [ [ -67.0846, 18.2555 ], [ -67.0853, 18.2556 ], [ -67.0857, 18.2569 ] ] } },
{ "type": "Feature", "properties": { "gnis_name": null, "streamorde": 3, "lengthkm": 0.21600462, "totdasqkm": 7.09740021 }, "geometry": { "type": "LineString", "coordinates": [ [ -67.0474, 18.3529 ], [ -67.0478, 18.3512 ] ] } },
{ "type": "Feature", "properties": { "gnis_name": "Río Canóvanas", "streamorde": 3, "lengthkm": 0.190874, "totdasqkm": 34.12619991 }, "geometry": { "type": "LineString", "coordinates": [ [ -65.8884, 18.3381 ], [ -65.8882, 18.3398 ] ] } },
{ "type": "Feature", "properties": { "gnis_name": "Río Guadiana", "streamorde": 3, "lengthkm": 0.90063957, "totdasqkm": 28.21540019 }, "geometry": { "type": "LineString", "coordinates": [ [ -66.2275, 18.3183 ], [ -66.2276, 18.3203 ], [ -66.2286, 18.3223 ], [ -66.2321, 18.324 ] ] } },
{ "type": "Feature", "properties": { "gnis_name": "Río Cocal", "streamorde": 5, "lengthkm": 0.03829028, "totdasqkm": 553.80660073000001 }, "geometry": { "type": "LineString", "coordinates": [ [ -66.2581, 18.4553 ], [ -66.2577, 18.4552 ] ] } },
{ "type": "Feature", "properties": { "gnis_name": null, "streamorde": 4, "lengthkm": 1.38033395, "totdasqkm": 14.72679995 }, "geometry": { "type": "LineString", "coordinates": [ [ -66.5791, 18.1297 ], [ -66.5789, 18.1273 ], [ -66.5782, 18.1258 ], [ -66.5784, 18.1228 ], [ -66.576, 18.1221 ], [ -66.5742, 18.1208 ], [ -66.5736, 18.121 ] ] } },
{ "type": "Feature", "properties": { "gnis_name": null, "streamorde": 3, "lengthkm": 0.17, "totdasqkm": 3.72739993 }, "geometry": { "type": "LineString", "coordinates": [ [ -66.0956, 18.2421 ], [ -66.0945, 18.2429 ] ] } },
{ "type": "Feature", "properties": { "gnis_name": null, "streamorde": 4, "lengthkm": 0.20668702, "totdasqkm": 84.19460013 }, "geometry": { "type": "LineString", "coordinates": [ [ -66.4789, 18.2895 ], [ -66.4775, 18.2908 ] ] } },
{ "type": "Feature", "properties": { "gnis_name": "Río Tanamá", "streamorde": 4, "lengthkm": 0.52000006, "totdasqkm": 26.62189974 }, "geometry": { "type": "LineString", "coordinates": [ [ -66.7856, 18.2561 ], [ -66.7849, 18.2555 ], [ -66.7838, 18.2559 ], [ -66.7826, 18.2581 ] ] } },
{ "type": "Feature", "properties": { "gnis_name": "Río Bucarabones", "streamorde": 3, "lengthkm": 0.3317133, "totdasqkm": 15.84339991 }, "geometry": { "type": "LineString", "coordinates": [ [ -66.2211, 18.3849 ], [ -66.2231, 18.385 ], [ -66.2238, 18.3856 ] ] } },
{ "type": "Feature", "properties": { "gnis_name": "Río Descalabrado", "streamorde": 3, "lengthkm": 0.4, "totdasqkm": 38.51190003 }, "geometry": { "type": "LineString", "coordinates": [ [ -66.4261, 18.0316 ], [ -66.4253, 18.0302 ], [ -66.424, 18.0317 ] ] } },
{ "type": "Feature", "properties": { "gnis_name": null, "streamorde": 3, "lengthkm": 0.06575943, "totdasqkm": 8.51030004 }, "geometry": { "type": "LineString", "coordinates": [ [ -66.9646, 18.0147 ], [ -66.9647, 18.0142 ] ] } },
{ "type": "Feature", "properties": { "gnis_name": "Río Yagüez", "streamorde": 3, "lengthkm": 0.30504437, "totdasqkm": 12.71360009 }, "geometry": { "type": "LineString", "coordinates": [ [ -67.0863, 18.1995 ], [ -67.0875, 18.2001 ], [ -67.0878, 18.2015 ] ] } },
{ "type": "Feature", "properties": { "gnis_name": "Río Guayanilla", "streamorde": 4, "lengthkm": 1.214, "totdasqkm": 44.10230023 }, "geometry": { "type": "LineString", "coordinates": [ [ -66.8042, 18.0504 ], [ -66.8072, 18.0497 ], [ -66.8074, 18.0476 ], [ -66.8071, 18.0467 ], [ -66.8058, 18.0468 ], [ -66.8046, 18.046 ], [ -66.8043, 18.044 ] ] } },
{ "type": "Feature", "properties": { "gnis_name": "Río Gurabo", "streamorde": 5, "lengthkm": 0.97050178, "totdasqkm": 151.04079996 }, "geometry": { "type": "LineString", "coordinates": [ [ -65.955, 18.2606 ], [ -65.9562, 18.2606 ], [ -65.9567, 18.2594 ], [ -65.9592, 18.2578 ], [ -65.9602, 18.2581 ], [ -65.9602, 18.2594 ], [ -65.961, 18.2597 ] ] } },
{ "type": "Feature", "properties": { "gnis_name": null, "streamorde": 3, "lengthkm": 1.28361022, "totdasqkm": 7.41689997 }, "geometry": { "type": "LineString", "coordinates": [ [ -66.4432, 18.3116 ], [ -66.4457, 18.3083 ], [ -66.4462, 18.3099 ], [ -66.4474, 18.3085 ], [ -66.4482, 18.3089 ], [ -66.4491, 18.3067 ] ] } },
{ "type": "Feature", "properties": { "gnis_name": "Río Cialitos", "streamorde": 4, "lengthkm": 0.89412317, "totdasqkm": 40.50809995 }, "geometry": { "type": "LineString", "coordinates": [ [ -66.4854, 18.3255 ], [ -66.4852, 18.3264 ], [ -66.4844, 18.3267 ], [ -66.4835, 18.328 ], [ -66.4815, 18.3282 ], [ -66.4792, 18.3298 ] ] } },
{ "type": "Feature", "properties": { "gnis_name": "Río Bauta", "streamorde": 3, "lengthkm": 1.02025299, "totdasqkm": 38.44959988 }, "geometry": { "type": "LineString", "coordinates": [ [ -66.4566, 18.2196 ], [ -66.4571, 18.2201 ], [ -66.4575, 18.222 ], [ -66.4604, 18.2221 ], [ -66.4618, 18.2254 ] ] } },
{ "type": "Feature", "properties": { "gnis_name": null, "streamorde": 3, "lengthkm": 2.66471337, "totdasqkm": 6.96950013 }, "geometry": { "type": "LineString", "coordinates": [ [ -66.1791, 18.3917 ], [ -66.1734, 18.3921 ], [ -66.1692, 18.3931 ], [ -66.1667, 18.3944 ], [ -66.1662, 18.3955 ], [ -66.1652, 18.3959 ], [ -66.1652, 18.3965 ], [ -66.1633, 18.3973 ], [ -66.1627, 18.3983 ], [ -66.162, 18.3982 ], [ -66.1608, 18.3999 ], [ -66.1584, 18.4012 ] ] } },
{ "type": "Feature", "properties": { "gnis_name": "Río Majada", "streamorde": 3, "lengthkm": 0.33050328, "totdasqkm": 54.42009978 }, "geometry": { "type": "LineString", "coordinates": [ [ -66.2327, 18.0335 ], [ -66.2349, 18.0356 ] ] } },
{ "type": "Feature", "properties": { "gnis_name": "Río de la Plata", "streamorde": 5, "lengthkm": 0.94632198, "totdasqkm": 468.82810007 }, "geometry": { "type": "LineString", "coordinates": [ [ -66.2418, 18.3449 ], [ -66.2433, 18.3457 ], [ -66.2441, 18.3478 ], [ -66.2399, 18.3497 ] ] } },
{ "type": "Feature", "properties": { "gnis_name": "Río Grande de Manati", "streamorde": 3, "lengthkm": 0.13286745, "totdasqkm": 22.54879991 }, "geometry": { "type": "LineString", "coordinates": [ [ -66.2987, 18.2595 ], [ -66.2975, 18.2598 ] ] } },
{ "type": "Feature", "properties": { "gnis_name": "Río Canovanillas", "streamorde": 3, "lengthkm": 1.71005255, "totdasqkm": 40.00660017 }, "geometry": { "type": "LineString", "coordinates": [ [ -65.9163, 18.3598 ], [ -65.9166, 18.3604 ], [ -65.918, 18.3606 ], [ -65.9185, 18.3618 ], [ -65.9185, 18.3629 ], [ -65.9176, 18.3634 ], [ -65.9179, 18.3649 ], [ -65.9167, 18.3685 ], [ -65.9171, 18.37 ], [ -65.919, 18.3719 ] ] } },
{ "type": "Feature", "properties": { "gnis_name": "Río Cayaguas", "streamorde": 3, "lengthkm": 0.96920017, "totdasqkm": 17.44510007 }, "geometry": { "type": "LineString", "coordinates": [ [ -65.9629, 18.1297 ], [ -65.9628, 18.1303 ], [ -65.9615, 18.131 ], [ -65.9621, 18.1322 ], [ -65.9637, 18.1328 ], [ -65.964, 18.1337 ], [ -65.9637, 18.1341 ], [ -65.9628, 18.1336 ], [ -65.9625, 18.1346 ] ] } },
{ "type": "Feature", "properties": { "gnis_name": "Río Gurabo", "streamorde": 4, "lengthkm": 0.33978865, "totdasqkm": 77.97579995000001 }, "geometry": { "type": "LineString", "coordinates": [ [ -65.9178, 18.2375 ], [ -65.9183, 18.2362 ], [ -65.9199, 18.2359 ] ] } },
{ "type": "Feature", "properties": { "gnis_name": null, "streamorde": 3, "lengthkm": 0.84674119, "totdasqkm": 6.0855 }, "geometry": { "type": "LineString", "coordinates": [ [ -66.0179, 18.2207 ], [ -66.017, 18.2213 ], [ -66.0171, 18.2223 ], [ -66.0158, 18.222 ], [ -66.0154, 18.2227 ], [ -66.0153, 18.2255 ], [ -66.0149, 18.2259 ] ] } },
{ "type": "Feature", "properties": { "gnis_name": "Río Grande de Manati", "streamorde": 5, "lengthkm": 0.85379997, "totdasqkm": 349.61169985000004 }, "geometry": { "type": "LineString", "coordinates": [ [ -66.4654, 18.3294 ], [ -66.4661, 18.3305 ], [ -66.4662, 18.3321 ], [ -66.4655, 18.3334 ], [ -66.4638, 18.3339 ], [ -66.4632, 18.3353 ] ] } },
{ "type": "Feature", "properties": { "gnis_name": "Río Grande de Añasco", "streamorde": 5, "lengthkm": 0.18965571, "totdasqkm": 296.2448002 }, "geometry": { "type": "LineString", "coordinates": [ [ -66.9716, 18.2707 ], [ -66.9722, 18.2723 ] ] } },
{ "type": "Feature", "properties": { "gnis_name": "Río Coamo", "streamorde": 5, "lengthkm": 0.85603576, "totdasqkm": 162.76409999000001 }, "geometry": { "type": "LineString", "coordinates": [ [ -66.3802, 18.0212 ], [ -66.383, 18.0202 ], [ -66.3852, 18.0184 ], [ -66.3872, 18.0179 ] ] } },
{ "type": "Feature", "properties": { "gnis_name": null, "streamorde": 3, "lengthkm": 1.45, "totdasqkm": 18.63019996 }, "geometry": { "type": "LineString", "coordinates": [ [ -65.6578, 18.2225 ], [ -65.6581, 18.2216 ], [ -65.6595, 18.2204 ], [ -65.6609, 18.2169 ], [ -65.6626, 18.2151 ], [ -65.6643, 18.2147 ], [ -65.6644, 18.2139 ], [ -65.6637, 18.2125 ] ] } },
{ "type": "Feature", "properties": { "gnis_name": "Río de la Plata", "streamorde": 5, "lengthkm": 1.55023258, "totdasqkm": 536.32940017 }, "geometry": { "type": "LineString", "coordinates": [ [ -66.2571, 18.4017 ], [ -66.2572, 18.4031 ], [ -66.2582, 18.4051 ], [ -66.258, 18.4072 ], [ -66.2598, 18.4087 ], [ -66.2601, 18.4096 ], [ -66.2599, 18.4106 ], [ -66.2587, 18.4117 ], [ -66.2566, 18.4124 ] ] } },
{ "type": "Feature", "properties": { "gnis_name": null, "streamorde": 3, "lengthkm": 0.229, "totdasqkm": 6.98670014 }, "geometry": { "type": "LineString", "coordinates": [ [ -66.2362, 18.2394 ], [ -66.2342, 18.2389 ] ] } },
{ "type": "Feature", "properties": { "gnis_name": null, "streamorde": 3, "lengthkm": 0.04213737, "totdasqkm": 17.72010009 }, "geometry": { "type": "LineString", "coordinates": [ [ -65.7251, 18.1884 ], [ -65.7248, 18.1882 ] ] } },
{ "type": "Feature", "properties": { "gnis_name": null, "streamorde": 3, "lengthkm": 1.1699687, "totdasqkm": 6.3184998 }, "geometry": { "type": "LineString", "coordinates": [ [ -65.9516, 18.1567 ], [ -65.9531, 18.1591 ], [ -65.9545, 18.1588 ], [ -65.9543, 18.1576 ], [ -65.9557, 18.1583 ], [ -65.9567, 18.158 ], [ -65.958, 18.1564 ] ] } },
{ "type": "Feature", "properties": { "gnis_name": "Río del Ingenio", "streamorde": 3, "lengthkm": 2.828, "totdasqkm": 7.98919989 }, "geometry": { "type": "LineString", "coordinates": [ [ -65.8713, 18.0921 ], [ -65.8708, 18.0917 ], [ -65.8712, 18.0904 ], [ -65.8705, 18.0891 ], [ -65.8719, 18.0893 ], [ -65.8709, 18.0883 ], [ -65.8684, 18.0885 ], [ -65.8679, 18.0866 ], [ -65.8618, 18.0828 ], [ -65.859, 18.0818 ], [ -65.8569, 18.0819 ], [ -65.8544, 18.0813 ] ] } },
{ "type": "Feature", "properties": { "gnis_name": null, "streamorde": 3, "lengthkm": 0.782, "totdasqkm": 10.09219998 }, "geometry": { "type": "LineString", "coordinates": [ [ -67.0276, 18.361 ], [ -67.0277, 18.3601 ], [ -67.0266, 18.3592 ], [ -67.0268, 18.3565 ], [ -67.0249, 18.357 ] ] } },
{ "type": "Feature", "properties": { "gnis_name": "Río Jacaboa", "streamorde": 3, "lengthkm": 0.68186851, "totdasqkm": 11.58109997 }, "geometry": { "type": "LineString", "coordinates": [ [ -65.9668, 17.9885 ], [ -65.9677, 17.987 ], [ -65.9677, 17.985 ], [ -65.9697, 17.9839 ] ] } },
{ "type": "Feature", "properties": { "gnis_name": "Río Bauta", "streamorde": 3, "lengthkm": 0.14042824, "totdasqkm": 43.57139978 }, "geometry": { "type": "LineString", "coordinates": [ [ -66.4543, 18.2338 ], [ -66.4531, 18.2343 ] ] } },
{ "type": "Feature", "properties": { "gnis_name": "Río Saliente", "streamorde": 3, "lengthkm": 0.58853921, "totdasqkm": 6.98670008 }, "geometry": { "type": "LineString", "coordinates": [ [ -66.5528, 18.1726 ], [ -66.5508, 18.1751 ], [ -66.5515, 18.1769 ] ] } },
{ "type": "Feature", "properties": { "gnis_name": "Río Yauco", "streamorde": 3, "lengthkm": 0.121, "totdasqkm": 47.17460028 }, "geometry": { "type": "LineString", "coordinates": [ [ -66.8593, 18.076 ], [ -66.8602, 18.0754 ] ] } },
{ "type": "Feature", "properties": { "gnis_name": null, "streamorde": 3, "lengthkm": 0.09431818, "totdasqkm": 4.46269976 }, "geometry": { "type": "LineString", "coordinates": [ [ -67.1687, 18.2874 ], [ -67.1695, 18.2873 ] ] } },
{ "type": "Feature", "properties": { "gnis_name": null, "streamorde": 3, "lengthkm": 0.311289, "totdasqkm": 3.86860002 }, "geometry": { "type": "LineString", "coordinates": [ [ -67.1236, 18.1359 ], [ -67.1238, 18.1352 ], [ -67.1257, 18.1341 ] ] } },
{ "type": "Feature", "properties": { "gnis_name": "Río Blanco", "streamorde": 4, "lengthkm": 0.0740293, "totdasqkm": 99.38000042 }, "geometry": { "type": "LineString", "coordinates": [ [ -66.897, 18.2577 ], [ -66.8964, 18.2574 ] ] } },
{ "type": "Feature", "properties": { "gnis_name": "Río Coabey", "streamorde": 3, "lengthkm": 0.82147751, "totdasqkm": 5.87020005 }, "geometry": { "type": "LineString", "coordinates": [ [ -66.8004, 18.2423 ], [ -66.7988, 18.2437 ], [ -66.7977, 18.2433 ], [ -66.7963, 18.2436 ], [ -66.7961, 18.2425 ], [ -66.7949, 18.2429 ] ] } },
{ "type": "Feature", "properties": { "gnis_name": "Río Caguitas", "streamorde": 3, "lengthkm": 1.19733666, "totdasqkm": 10.88669996 }, "geometry": { "type": "LineString", "coordinates": [ [ -66.0899, 18.2469 ], [ -66.0841, 18.2472 ], [ -66.0824, 18.2468 ], [ -66.0814, 18.2477 ], [ -66.0809, 18.2473 ], [ -66.0799, 18.248 ] ] } },
{ "type": "Feature", "properties": { "gnis_name": null, "streamorde": 3, "lengthkm": 1.135, "totdasqkm": 6.41589984 }, "geometry": { "type": "LineString", "coordinates": [ [ -67.1031, 17.9732 ], [ -67.104, 17.9703 ], [ -67.1061, 17.9676 ], [ -67.106, 17.9661 ], [ -67.1072, 17.9641 ] ] } },
{ "type": "Feature", "properties": { "gnis_name": "Río Grande De Loiza", "streamorde": 6, "lengthkm": 1.05778776, "totdasqkm": 627.25479944999995 }, "geometry": { "type": "LineString", "coordinates": [ [ -65.9238, 18.3856 ], [ -65.9217, 18.3861 ], [ -65.9148, 18.3827 ] ] } },
{ "type": "Feature", "properties": { "gnis_name": "Río Grande de Arecibo", "streamorde": 4, "lengthkm": 0.1534813, "totdasqkm": 63.52479995 }, "geometry": { "type": "LineString", "coordinates": [ [ -66.7226, 18.2213 ], [ -66.7213, 18.2218 ] ] } },
{ "type": "Feature", "properties": { "gnis_name": "Río Grande De Loiza", "streamorde": 6, "lengthkm": 0.79617354, "totdasqkm": 730.13279991000002 }, "geometry": { "type": "LineString", "coordinates": [ [ -65.9043, 18.408 ], [ -65.8998, 18.4137 ] ] } },
{ "type": "Feature", "properties": { "gnis_name": "Río Bauta", "streamorde": 3, "lengthkm": 0.1663614, "totdasqkm": 73.26409957 }, "geometry": { "type": "LineString", "coordinates": [ [ -66.4588, 18.2935 ], [ -66.4597, 18.2947 ] ] } },
{ "type": "Feature", "properties": { "gnis_name": "Río Pastillo", "streamorde": 3, "lengthkm": 2.445, "totdasqkm": 22.80770018 }, "geometry": { "type": "LineString", "coordinates": [ [ -66.661, 18.033 ], [ -66.6596, 18.0312 ], [ -66.659, 18.0248 ], [ -66.658, 18.0252 ], [ -66.657, 18.0246 ], [ -66.6567, 18.0228 ], [ -66.6559, 18.0222 ], [ -66.6544, 18.0224 ], [ -66.6538, 18.0204 ], [ -66.6524, 18.0198 ], [ -66.6518, 18.0183 ], [ -66.651, 18.0182 ] ] } },
{ "type": "Feature", "properties": { "gnis_name": "Río Cuyón", "streamorde": 3, "lengthkm": 0.85739101, "totdasqkm": 36.68079979 }, "geometry": { "type": "LineString", "coordinates": [ [ -66.3053, 18.0801 ], [ -66.3052, 18.0823 ], [ -66.3061, 18.083 ], [ -66.3106, 18.0826 ] ] } },
{ "type": "Feature", "properties": { "gnis_name": "Río Cañas", "streamorde": 3, "lengthkm": 0.97258209, "totdasqkm": 14.14259987 }, "geometry": { "type": "LineString", "coordinates": [ [ -67.0866, 18.2316 ], [ -67.0885, 18.2307 ], [ -67.0901, 18.2319 ], [ -67.0891, 18.2323 ], [ -67.0887, 18.2335 ], [ -67.0903, 18.2345 ] ] } },
{ "type": "Feature", "properties": { "gnis_name": "Río Matón", "streamorde": 3, "lengthkm": 1.15203839, "totdasqkm": 12.83260002 }, "geometry": { "type": "LineString", "coordinates": [ [ -66.1965, 18.1179 ], [ -66.1983, 18.1175 ], [ -66.1986, 18.1186 ], [ -66.2005, 18.1198 ], [ -66.2008, 18.1185 ], [ -66.2016, 18.1183 ], [ -66.2043, 18.1197 ] ] } },
{ "type": "Feature", "properties": { "gnis_name": "Río Grande de Arecibo", "streamorde": 4, "lengthkm": 0.84842676, "totdasqkm": 93.46329963 }, "geometry": { "type": "LineString", "coordinates": [ [ -66.7244, 18.2352 ], [ -66.7247, 18.2359 ], [ -66.7235, 18.2372 ], [ -66.7225, 18.2373 ], [ -66.7213, 18.2369 ], [ -66.7197, 18.2373 ], [ -66.7201, 18.2386 ] ] } },
{ "type": "Feature", "properties": { "gnis_name": "Río Gurabo", "streamorde": 5, "lengthkm": 0.34395378, "totdasqkm": 168.21940011000001 }, "geometry": { "type": "LineString", "coordinates": [ [ -65.9841, 18.262 ], [ -65.9873, 18.2625 ] ] } },
{ "type": "Feature", "properties": { "gnis_name": null, "streamorde": 3, "lengthkm": 1.69311028, "totdasqkm": 10.80189997 }, "geometry": { "type": "LineString", "coordinates": [ [ -67.0619, 18.3663 ], [ -67.0627, 18.3653 ], [ -67.0621, 18.3647 ], [ -67.0615, 18.3631 ], [ -67.0611, 18.3632 ], [ -67.0609, 18.3652 ], [ -67.0602, 18.3653 ], [ -67.0593, 18.3638 ], [ -67.0602, 18.3637 ], [ -67.0601, 18.3632 ], [ -67.0577, 18.3612 ], [ -67.0563, 18.3618 ] ] } },
{ "type": "Feature", "properties": { "gnis_name": "Río de Bayamón", "streamorde": 4, "lengthkm": 0.1601736, "totdasqkm": 52.09639998 }, "geometry": { "type": "LineString", "coordinates": [ [ -66.1364, 18.2502 ], [ -66.1361, 18.2514 ] ] } },
{ "type": "Feature", "properties": { "gnis_name": "Río Grande de Arecibo", "streamorde": 5, "lengthkm": 0.37426739, "totdasqkm": 173.93039973999998 }, "geometry": { "type": "LineString", "coordinates": [ [ -66.7063, 18.2977 ], [ -66.7065, 18.2994 ], [ -66.7051, 18.3003 ] ] } },
{ "type": "Feature", "properties": { "gnis_name": "Río Bauta", "streamorde": 3, "lengthkm": 0.88473614, "totdasqkm": 53.25549974 }, "geometry": { "type": "LineString", "coordinates": [ [ -66.4544, 18.2519 ], [ -66.4549, 18.2518 ], [ -66.4553, 18.2524 ], [ -66.4546, 18.2532 ], [ -66.4537, 18.2561 ], [ -66.4558, 18.2577 ] ] } },
{ "type": "Feature", "properties": { "gnis_name": "Río Guadiana", "streamorde": 3, "lengthkm": 0.40694037, "totdasqkm": 26.74750013 }, "geometry": { "type": "LineString", "coordinates": [ [ -66.2261, 18.3152 ], [ -66.2275, 18.3183 ] ] } },
{ "type": "Feature", "properties": { "gnis_name": "Río Nigua", "streamorde": 4, "lengthkm": 0.058, "totdasqkm": 114.35149966 }, "geometry": { "type": "LineString", "coordinates": [ [ -66.2738, 17.998 ], [ -66.2744, 17.998 ] ] } },
{ "type": "Feature", "properties": { "gnis_name": "Río Coamo", "streamorde": 4, "lengthkm": 1.36290111, "totdasqkm": 16.75619995 }, "geometry": { "type": "LineString", "coordinates": [ [ -66.375, 18.1415 ], [ -66.3766, 18.1418 ], [ -66.3767, 18.1409 ], [ -66.376, 18.1399 ], [ -66.3765, 18.1391 ], [ -66.3771, 18.139 ], [ -66.3787, 18.1401 ], [ -66.3784, 18.138 ], [ -66.3803, 18.1361 ] ] } },
{ "type": "Feature", "properties": { "gnis_name": null, "streamorde": 3, "lengthkm": 2.53536553, "totdasqkm": 2.52459995 }, "geometry": { "type": "LineString", "coordinates": [ [ -66.709, 18.4405 ], [ -66.707, 18.4425 ], [ -66.7073, 18.4448 ], [ -66.7085, 18.4465 ], [ -66.7083, 18.4481 ], [ -66.7074, 18.4493 ], [ -66.705, 18.4502 ], [ -66.7046, 18.4529 ], [ -66.7065, 18.4555 ], [ -66.7078, 18.4554 ], [ -66.709, 18.4543 ], [ -66.7097, 18.4544 ] ] } },
{ "type": "Feature", "properties": { "gnis_name": null, "streamorde": 4, "lengthkm": 0.38703267, "totdasqkm": 120.94720009 }, "geometry": { "type": "LineString", "coordinates": [ [ -66.5058, 18.0647 ], [ -66.5065, 18.0642 ], [ -66.5064, 18.0628 ], [ -66.5072, 18.0619 ] ] } },
{ "type": "Feature", "properties": { "gnis_name": "Río Unibón", "streamorde": 3, "lengthkm": 3.89091581, "totdasqkm": 21.88040005 }, "geometry": { "type": "LineString", "coordinates": [ [ -66.3859, 18.3448 ], [ -66.3868, 18.3473 ], [ -66.386, 18.3492 ], [ -66.387, 18.3497 ], [ -66.3886, 18.3526 ], [ -66.3891, 18.3561 ], [ -66.3898, 18.3575 ], [ -66.3894, 18.3582 ], [ -66.3903, 18.3593 ], [ -66.3903, 18.3608 ], [ -66.3887, 18.3619 ], [ -66.3887, 18.3626 ], [ -66.3896, 18.3628 ], [ -66.3912, 18.3649 ], [ -66.391, 18.3664 ], [ -66.3916, 18.3666 ], [ -66.3921, 18.3658 ], [ -66.3927, 18.3661 ], [ -66.3952, 18.3702 ], [ -66.3956, 18.3719 ] ] } },
{ "type": "Feature", "properties": { "gnis_name": null, "streamorde": 3, "lengthkm": 0.293, "totdasqkm": 5.51010024 }, "geometry": { "type": "LineString", "coordinates": [ [ -66.676, 18.1361 ], [ -66.6753, 18.1352 ], [ -66.6738, 18.1349 ] ] } },
{ "type": "Feature", "properties": { "gnis_name": "Río Coamo", "streamorde": 5, "lengthkm": 0.67298371, "totdasqkm": 161.10639998 }, "geometry": { "type": "LineString", "coordinates": [ [ -66.3719, 18.0327 ], [ -66.3714, 18.0302 ], [ -66.3738, 18.0276 ] ] } },
{ "type": "Feature", "properties": { "gnis_name": "Río Blanco", "streamorde": 4, "lengthkm": 0.20622388, "totdasqkm": 75.71460039 }, "geometry": { "type": "LineString", "coordinates": [ [ -66.8333, 18.2281 ], [ -66.8351, 18.2288 ] ] } },
{ "type": "Feature", "properties": { "gnis_name": null, "streamorde": 3, "lengthkm": 4.82361338, "totdasqkm": 16.58580014 }, "geometry": { "type": "LineString", "coordinates": [ [ -65.9399, 18.331 ], [ -65.9407, 18.3316 ], [ -65.9409, 18.3343 ], [ -65.9424, 18.3348 ], [ -65.9423, 18.3352 ], [ -65.9406, 18.336 ], [ -65.942, 18.3366 ], [ -65.9421, 18.3381 ], [ -65.944, 18.3382 ], [ -65.9454, 18.3394 ], [ -65.9459, 18.3381 ], [ -65.9465, 18.3377 ], [ -65.9464, 18.3392 ], [ -65.948, 18.3393 ], [ -65.9471, 18.3412 ], [ -65.9454, 18.3404 ], [ -65.9447, 18.3418 ], [ -65.9469, 18.3418 ], [ -65.9461, 18.3424 ], [ -65.9464, 18.344 ], [ -65.9468, 18.3444 ], [ -65.9476, 18.3438 ], [ -65.948, 18.3441 ], [ -65.9478, 18.3465 ], [ -65.9496, 18.3506 ], [ -65.9464, 18.3522 ] ] } },
{ "type": "Feature", "properties": { "gnis_name": "Caño Carrasco", "streamorde": 3, "lengthkm": 0.0479456, "totdasqkm": 45.95690003 }, "geometry": { "type": "LineString", "coordinates": [ [ -65.9093, 18.4009 ], [ -65.9096, 18.4012 ] ] } },
{ "type": "Feature", "properties": { "gnis_name": null, "streamorde": 4, "lengthkm": 0.29415261, "totdasqkm": 17.26739992 }, "geometry": { "type": "LineString", "coordinates": [ [ -67.0606, 18.2451 ], [ -67.0633, 18.2453 ] ] } },
{ "type": "Feature", "properties": { "gnis_name": "Río Toro Negro", "streamorde": 4, "lengthkm": 0.10667547, "totdasqkm": 54.78039968 }, "geometry": { "type": "LineString", "coordinates": [ [ -66.5113, 18.2418 ], [ -66.5121, 18.2423 ] ] } },
{ "type": "Feature", "properties": { "gnis_name": "Río Cañas", "streamorde": 3, "lengthkm": 0.59533734, "totdasqkm": 12.91379993 }, "geometry": { "type": "LineString", "coordinates": [ [ -67.0777, 18.2317 ], [ -67.0787, 18.2333 ], [ -67.0799, 18.2318 ], [ -67.0813, 18.2323 ] ] } },
{ "type": "Feature", "properties": { "gnis_name": null, "streamorde": 3, "lengthkm": 4.59648072, "totdasqkm": 27.11269993 }, "geometry": { "type": "LineString", "coordinates": [ [ -67.1026, 18.0944 ], [ -67.1026, 18.095 ], [ -67.1065, 18.0955 ], [ -67.1066, 18.0952 ], [ -67.1142, 18.0976 ], [ -67.1163, 18.099 ], [ -67.1191, 18.1 ], [ -67.1195, 18.1008 ], [ -67.1217, 18.1011 ], [ -67.1223, 18.1022 ], [ -67.1329, 18.1054 ], [ -67.134, 18.1082 ], [ -67.1358, 18.1092 ], [ -67.1353, 18.1109 ], [ -67.1361, 18.1119 ] ] } },
{ "type": "Feature", "properties": { "gnis_name": null, "streamorde": 3, "lengthkm": 0.02200874, "totdasqkm": 12.42309999 }, "geometry": { "type": "LineString", "coordinates": [ [ -65.791, 18.0988 ], [ -65.7909, 18.0987 ] ] } },
{ "type": "Feature", "properties": { "gnis_name": "Río Limón", "streamorde": 3, "lengthkm": 0.59007467, "totdasqkm": 43.09230008 }, "geometry": { "type": "LineString", "coordinates": [ [ -66.6092, 18.3179 ], [ -66.6109, 18.3202 ], [ -66.6113, 18.3226 ] ] } },
{ "type": "Feature", "properties": { "gnis_name": "Río Bauta", "streamorde": 3, "lengthkm": 0.16329651, "totdasqkm": 64.10819987 }, "geometry": { "type": "LineString", "coordinates": [ [ -66.4598, 18.2673 ], [ -66.4592, 18.2686 ] ] } },
{ "type": "Feature", "properties": { "gnis_name": "Río Guanajibo", "streamorde": 4, "lengthkm": 0.06587468, "totdasqkm": 123.10879939 }, "geometry": { "type": "LineString", "coordinates": [ [ -67.0569, 18.0991 ], [ -67.0574, 18.0993 ] ] } },
{ "type": "Feature", "properties": { "gnis_name": null, "streamorde": 5, "lengthkm": 0.64401197, "totdasqkm": 312.36339965999997 }, "geometry": { "type": "LineString", "coordinates": [ [ -67.1542, 18.1461 ], [ -67.1542, 18.1473 ], [ -67.1557, 18.1477 ], [ -67.1553, 18.1492 ], [ -67.1559, 18.1502 ] ] } },
{ "type": "Feature", "properties": { "gnis_name": "Río Seco", "streamorde": 3, "lengthkm": 0.53191974, "totdasqkm": 10.78249995 }, "geometry": { "type": "LineString", "coordinates": [ [ -66.165, 18.0097 ], [ -66.1661, 18.0081 ], [ -66.1648, 18.0069 ], [ -66.1647, 18.006 ] ] } },
{ "type": "Feature", "properties": { "gnis_name": "Río Guanajibo", "streamorde": 4, "lengthkm": 0.16505269, "totdasqkm": 87.3722998 }, "geometry": { "type": "LineString", "coordinates": [ [ -67.0246, 18.0822 ], [ -67.0253, 18.0826 ], [ -67.0251, 18.0833 ] ] } },
{ "type": "Feature", "properties": { "gnis_name": null, "streamorde": 3, "lengthkm": 1.69092576, "totdasqkm": 5.92760013 }, "geometry": { "type": "LineString", "coordinates": [ [ -67.0415, 18.3601 ], [ -67.0406, 18.3594 ], [ -67.0418, 18.3585 ], [ -67.0414, 18.358 ], [ -67.0423, 18.3571 ], [ -67.0418, 18.3567 ], [ -67.0421, 18.3557 ], [ -67.0427, 18.3561 ], [ -67.0427, 18.3553 ], [ -67.0435, 18.355 ], [ -67.0436, 18.3543 ], [ -67.0443, 18.355 ], [ -67.0447, 18.3537 ], [ -67.0471, 18.3541 ] ] } },
{ "type": "Feature", "properties": { "gnis_name": null, "streamorde": 3, "lengthkm": 1.716, "totdasqkm": 11.10580006 }, "geometry": { "type": "LineString", "coordinates": [ [ -65.8151, 18.1025 ], [ -65.8129, 18.1045 ], [ -65.8104, 18.1054 ], [ -65.806, 18.1031 ], [ -65.801, 18.1028 ] ] } },
{ "type": "Feature", "properties": { "gnis_name": "Río Blanco", "streamorde": 4, "lengthkm": 1.1366589, "totdasqkm": 40.07520027 }, "geometry": { "type": "LineString", "coordinates": [ [ -66.7979, 18.2035 ], [ -66.7997, 18.2032 ], [ -66.8009, 18.204 ], [ -66.8017, 18.2065 ], [ -66.8006, 18.2086 ], [ -66.8013, 18.2104 ] ] } },
{ "type": "Feature", "properties": { "gnis_name": "Río Sonador", "streamorde": 3, "lengthkm": 0.274, "totdasqkm": 18.14730008 }, "geometry": { "type": "LineString", "coordinates": [ [ -67.0151, 18.32 ], [ -67.0163, 18.3199 ], [ -67.0164, 18.3204 ], [ -67.017, 18.3206 ] ] } },
{ "type": "Feature", "properties": { "gnis_name": null, "streamorde": 3, "lengthkm": 0.705, "totdasqkm": 2.05869988 }, "geometry": { "type": "LineString", "coordinates": [ [ -67.0119, 18.2177 ], [ -67.0133, 18.218 ], [ -67.0139, 18.2187 ], [ -67.016, 18.2197 ], [ -67.0156, 18.2206 ], [ -67.0159, 18.2211 ] ] } },
{ "type": "Feature", "properties": { "gnis_name": "Río Grande De Loiza", "streamorde": 4, "lengthkm": 0.54039182, "totdasqkm": 35.91410019 }, "geometry": { "type": "LineString", "coordinates": [ [ -65.9825, 18.1256 ], [ -65.9843, 18.1266 ], [ -65.9839, 18.1294 ] ] } },
{ "type": "Feature", "properties": { "gnis_name": "Río Orocovis", "streamorde": 4, "lengthkm": 0.83758821, "totdasqkm": 60.6639 }, "geometry": { "type": "LineString", "coordinates": [ [ -66.3757, 18.2475 ], [ -66.3751, 18.2485 ], [ -66.3755, 18.2492 ], [ -66.3768, 18.2487 ], [ -66.378, 18.2473 ], [ -66.3802, 18.248 ] ] } },
{ "type": "Feature", "properties": { "gnis_name": "Río Guamaní", "streamorde": 3, "lengthkm": 0.31720817, "totdasqkm": 14.96979993 }, "geometry": { "type": "LineString", "coordinates": [ [ -66.1145, 18.0141 ], [ -66.1144, 18.0134 ], [ -66.116, 18.012 ] ] } },
{ "type": "Feature", "properties": { "gnis_name": "Río Pellejas", "streamorde": 3, "lengthkm": 0.48409539, "totdasqkm": 12.59869999 }, "geometry": { "type": "LineString", "coordinates": [ [ -66.6962, 18.1909 ], [ -66.6968, 18.1916 ], [ -66.6956, 18.1923 ], [ -66.6955, 18.1928 ], [ -66.6968, 18.1936 ] ] } },
{ "type": "Feature", "properties": { "gnis_name": "Río de la Plata", "streamorde": 5, "lengthkm": 0.22023235, "totdasqkm": 537.14610012000003 }, "geometry": { "type": "LineString", "coordinates": [ [ -66.2566, 18.4124 ], [ -66.2559, 18.4126 ], [ -66.2561, 18.4138 ] ] } },
{ "type": "Feature", "properties": { "gnis_name": "Río Limón", "streamorde": 3, "lengthkm": 3.03916067, "totdasqkm": 23.28080014 }, "geometry": { "type": "LineString", "coordinates": [ [ -66.5995, 18.2826 ], [ -66.5986, 18.2841 ], [ -66.6015, 18.2854 ], [ -66.6014, 18.2873 ], [ -66.6024, 18.2878 ], [ -66.603, 18.2906 ], [ -66.6043, 18.2898 ], [ -66.6048, 18.288 ], [ -66.6071, 18.2887 ], [ -66.6091, 18.2874 ], [ -66.6104, 18.288 ], [ -66.6106, 18.2893 ], [ -66.6119, 18.291 ], [ -66.613, 18.2909 ], [ -66.6136, 18.2916 ], [ -66.6145, 18.291 ] ] } },
{ "type": "Feature", "properties": { "gnis_name": "Río Yauco", "streamorde": 4, "lengthkm": 1.448, "totdasqkm": 117.85330025 }, "geometry": { "type": "LineString", "coordinates": [ [ -66.841, 17.9871 ], [ -66.8387, 17.9867 ], [ -66.8384, 17.9855 ], [ -66.8369, 17.9852 ], [ -66.8371, 17.9841 ], [ -66.8357, 17.9831 ], [ -66.8335, 17.9834 ], [ -66.8324, 17.9844 ], [ -66.8318, 17.9857 ] ] } },
{ "type": "Feature", "properties": { "gnis_name": "Río Gurabo", "streamorde": 4, "lengthkm": 0.67046523, "totdasqkm": 29.39269987 }, "geometry": { "type": "LineString", "coordinates": [ [ -65.8575, 18.2264 ], [ -65.8596, 18.2213 ], [ -65.8601, 18.2211 ] ] } },
{ "type": "Feature", "properties": { "gnis_name": "Río Grande de Arecibo", "streamorde": 6, "lengthkm": 0.25586445, "totdasqkm": 447.59659996 }, "geometry": { "type": "LineString", "coordinates": [ [ -66.683, 18.4169 ], [ -66.6838, 18.419 ] ] } },
{ "type": "Feature", "properties": { "gnis_name": "Río Grande de Patillas", "streamorde": 3, "lengthkm": 0.92887657, "totdasqkm": 13.55269989 }, "geometry": { "type": "LineString", "coordinates": [ [ -66.0561, 18.0782 ], [ -66.0564, 18.0772 ], [ -66.0555, 18.0754 ], [ -66.0569, 18.0737 ], [ -66.0561, 18.0719 ], [ -66.0561, 18.0709 ] ] } },
{ "type": "Feature", "properties": { "gnis_name": "Río Valenciano", "streamorde": 3, "lengthkm": 0.41670656, "totdasqkm": 18.76890004 }, "geometry": { "type": "LineString", "coordinates": [ [ -65.9069, 18.1802 ], [ -65.9069, 18.1838 ] ] } },
{ "type": "Feature", "properties": { "gnis_name": null, "streamorde": 5, "lengthkm": 0.14312243, "totdasqkm": 173.65189976000002 }, "geometry": { "type": "LineString", "coordinates": [ [ -66.7061, 18.2954 ], [ -66.7065, 18.2966 ] ] } },
{ "type": "Feature", "properties": { "gnis_name": null, "streamorde": 3, "lengthkm": 0.09251495, "totdasqkm": 15.41349999 }, "geometry": { "type": "LineString", "coordinates": [ [ -67.1376, 18.1061 ], [ -67.1375, 18.1069 ] ] } },
{ "type": "Feature", "properties": { "gnis_name": null, "streamorde": 3, "lengthkm": 0.757, "totdasqkm": 38.78950037 }, "geometry": { "type": "LineString", "coordinates": [ [ -65.6894, 18.298 ], [ -65.6858, 18.2995 ], [ -65.6841, 18.2984 ], [ -65.6831, 18.2983 ] ] } },
{ "type": "Feature", "properties": { "gnis_name": "Río Grande De Loiza", "streamorde": 6, "lengthkm": 0.85451544, "totdasqkm": 514.21639965000008 }, "geometry": { "type": "LineString", "coordinates": [ [ -66.0294, 18.2894 ], [ -66.03, 18.2917 ], [ -66.0277, 18.2965 ] ] } },
{ "type": "Feature", "properties": { "gnis_name": "Río Duey", "streamorde": 3, "lengthkm": 1.48, "totdasqkm": 20.9534998 }, "geometry": { "type": "LineString", "coordinates": [ [ -66.8461, 18.0612 ], [ -66.8456, 18.061 ], [ -66.8457, 18.0605 ], [ -66.8471, 18.0607 ], [ -66.8489, 18.0598 ], [ -66.8481, 18.0589 ], [ -66.8478, 18.057 ], [ -66.8506, 18.0538 ], [ -66.8511, 18.0525 ] ] } },
{ "type": "Feature", "properties": { "gnis_name": null, "streamorde": 3, "lengthkm": 0.15722756, "totdasqkm": 19.08660004 }, "geometry": { "type": "LineString", "coordinates": [ [ -66.6408, 18.2183 ], [ -66.6398, 18.2192 ] ] } },
{ "type": "Feature", "properties": { "gnis_name": null, "streamorde": 3, "lengthkm": 1.08152807, "totdasqkm": 17.19619994 }, "geometry": { "type": "LineString", "coordinates": [ [ -66.4682, 18.0207 ], [ -66.4672, 18.0202 ], [ -66.4677, 18.0191 ], [ -66.4668, 18.018 ], [ -66.4675, 18.0121 ] ] } },
{ "type": "Feature", "properties": { "gnis_name": null, "streamorde": 4, "lengthkm": 0.09607397, "totdasqkm": 55.92060022 }, "geometry": { "type": "LineString", "coordinates": [ [ -66.5893, 18.0454 ], [ -66.5891, 18.0446 ] ] } },
{ "type": "Feature", "properties": { "gnis_name": "Río Saliente", "streamorde": 3, "lengthkm": 1.1940767, "totdasqkm": 27.21030012 }, "geometry": { "type": "LineString", "coordinates": [ [ -66.5728, 18.2196 ], [ -66.5718, 18.2215 ], [ -66.5716, 18.2244 ], [ -66.5727, 18.2252 ], [ -66.5754, 18.2258 ], [ -66.5767, 18.2271 ] ] } },
{ "type": "Feature", "properties": { "gnis_name": "Río Viví", "streamorde": 3, "lengthkm": 1.00517481, "totdasqkm": 17.13650009 }, "geometry": { "type": "LineString", "coordinates": [ [ -66.6789, 18.229 ], [ -66.6797, 18.2293 ], [ -66.6804, 18.2302 ], [ -66.6826, 18.2288 ], [ -66.6848, 18.2291 ], [ -66.6868, 18.2302 ] ] } },
{ "type": "Feature", "properties": { "gnis_name": null, "streamorde": 3, "lengthkm": 0.38696884, "totdasqkm": 28.95920004 }, "geometry": { "type": "LineString", "coordinates": [ [ -66.2423, 18.0489 ], [ -66.2438, 18.0473 ], [ -66.2438, 18.0461 ] ] } },
{ "type": "Feature", "properties": { "gnis_name": null, "streamorde": 3, "lengthkm": 0.22370712, "totdasqkm": 4.92209999 }, "geometry": { "type": "LineString", "coordinates": [ [ -67.1352, 18.2797 ], [ -67.1373, 18.2796 ] ] } },
{ "type": "Feature", "properties": { "gnis_name": "Río Bucarabones", "streamorde": 3, "lengthkm": 0.20968911, "totdasqkm": 20.98529998 }, "geometry": { "type": "LineString", "coordinates": [ [ -66.2363, 18.3855 ], [ -66.2382, 18.386 ] ] } },
{ "type": "Feature", "properties": { "gnis_name": "Río Grande de Arecibo", "streamorde": 4, "lengthkm": 0.3710825, "totdasqkm": 53.97129971 }, "geometry": { "type": "LineString", "coordinates": [ [ -66.7317, 18.1965 ], [ -66.7323, 18.1997 ] ] } },
{ "type": "Feature", "properties": { "gnis_name": "Río Cialitos", "streamorde": 3, "lengthkm": 0.25489309, "totdasqkm": 6.66759988 }, "geometry": { "type": "LineString", "coordinates": [ [ -66.5348, 18.2325 ], [ -66.5328, 18.2336 ] ] } },
{ "type": "Feature", "properties": { "gnis_name": "Río Canovanillas", "streamorde": 3, "lengthkm": 0.29345376, "totdasqkm": 40.03410018 }, "geometry": { "type": "LineString", "coordinates": [ [ -65.919, 18.3719 ], [ -65.9189, 18.3723 ], [ -65.9177, 18.3725 ], [ -65.918, 18.3731 ] ] } },
{ "type": "Feature", "properties": { "gnis_name": "Río Grande de Manati", "streamorde": 5, "lengthkm": 0.66313815, "totdasqkm": 577.22669982999992 }, "geometry": { "type": "LineString", "coordinates": [ [ -66.5308, 18.4497 ], [ -66.5263, 18.4538 ] ] } },
{ "type": "Feature", "properties": { "gnis_name": "Río Limaní", "streamorde": 3, "lengthkm": 0.63115431, "totdasqkm": 14.65010013 }, "geometry": { "type": "LineString", "coordinates": [ [ -66.8031, 18.1754 ], [ -66.8044, 18.177 ], [ -66.8069, 18.1779 ], [ -66.8066, 18.1787 ] ] } },
{ "type": "Feature", "properties": { "gnis_name": "Río Gurabo", "streamorde": 4, "lengthkm": 0.67580352, "totdasqkm": 37.38940002 }, "geometry": { "type": "LineString", "coordinates": [ [ -65.8658, 18.2293 ], [ -65.8655, 18.23 ], [ -65.8676, 18.2311 ], [ -65.8692, 18.2302 ], [ -65.8694, 18.2292 ] ] } },
{ "type": "Feature", "properties": { "gnis_name": null, "streamorde": 3, "lengthkm": 0.17593215, "totdasqkm": 19.20409983 }, "geometry": { "type": "LineString", "coordinates": [ [ -66.438, 18.1913 ], [ -66.4382, 18.1921 ], [ -66.439, 18.1922 ] ] } },
{ "type": "Feature", "properties": { "gnis_name": null, "streamorde": 3, "lengthkm": 4.2, "totdasqkm": 9.37800016 }, "geometry": { "type": "LineString", "coordinates": [ [ -65.7936, 18.3411 ], [ -65.7955, 18.343 ], [ -65.7974, 18.3413 ], [ -65.7983, 18.3424 ], [ -65.8, 18.3424 ], [ -65.8018, 18.3436 ], [ -65.8014, 18.3473 ], [ -65.8035, 18.348 ], [ -65.8041, 18.3498 ], [ -65.8061, 18.3494 ], [ -65.8091, 18.3509 ], [ -65.8079, 18.3517 ], [ -65.8076, 18.3535 ], [ -65.808, 18.3545 ], [ -65.8073, 18.3577 ], [ -65.8082, 18.3578 ], [ -65.8088, 18.3571 ], [ -65.8121, 18.3578 ], [ -65.8132, 18.3585 ] ] } },
{ "type": "Feature", "properties": { "gnis_name": "Caño Norberto", "streamorde": 3, "lengthkm": 1.23790109, "totdasqkm": 5.31870007 }, "geometry": { "type": "LineString", "coordinates": [ [ -65.8961, 18.4002 ], [ -65.8973, 18.4009 ], [ -65.9071, 18.4038 ] ] } },
{ "type": "Feature", "properties": { "gnis_name": "Río Blanco", "streamorde": 4, "lengthkm": 1.28437778, "totdasqkm": 87.35270039 }, "geometry": { "type": "LineString", "coordinates": [ [ -66.8639, 18.2406 ], [ -66.866, 18.2404 ], [ -66.8678, 18.2394 ], [ -66.8689, 18.2397 ], [ -66.869, 18.2407 ], [ -66.8681, 18.2419 ], [ -66.8698, 18.2452 ] ] } },
{ "type": "Feature", "properties": { "gnis_name": "Río Piedras", "streamorde": 4, "lengthkm": 0.02220587, "totdasqkm": 38.46470012 }, "geometry": { "type": "LineString", "coordinates": [ [ -66.0753, 18.413 ], [ -66.0754, 18.4131 ] ] } },
{ "type": "Feature", "properties": { "gnis_name": "Río de la Plata", "streamorde": 4, "lengthkm": 0.29101407, "totdasqkm": 21.26099998 }, "geometry": { "type": "LineString", "coordinates": [ [ -66.1038, 18.0751 ], [ -66.1058, 18.0758 ], [ -66.1061, 18.0763 ] ] } },
{ "type": "Feature", "properties": { "gnis_name": "Río Grande de Arecibo", "streamorde": 4, "lengthkm": 1.64946703, "totdasqkm": 58.89539982 }, "geometry": { "type": "LineString", "coordinates": [ [ -66.7303, 18.2105 ], [ -66.7289, 18.2118 ], [ -66.7253, 18.2108 ], [ -66.7249, 18.2127 ], [ -66.7265, 18.2161 ], [ -66.7264, 18.2183 ], [ -66.7256, 18.2192 ] ] } },
{ "type": "Feature", "properties": { "gnis_name": "Río Blanco", "streamorde": 4, "lengthkm": 0.08780877, "totdasqkm": 40.95780025 }, "geometry": { "type": "LineString", "coordinates": [ [ -66.8013, 18.2104 ], [ -66.8017, 18.211 ] ] } },
{ "type": "Feature", "properties": { "gnis_name": null, "streamorde": 4, "lengthkm": 0.08066414, "totdasqkm": 56.00810022 }, "geometry": { "type": "LineString", "coordinates": [ [ -66.5897, 18.0437 ], [ -66.5902, 18.0431 ] ] } },
{ "type": "Feature", "properties": { "gnis_name": null, "streamorde": 3, "lengthkm": 1.254, "totdasqkm": 24.11280003 }, "geometry": { "type": "LineString", "coordinates": [ [ -65.8503, 18.1603 ], [ -65.8446, 18.1581 ], [ -65.8425, 18.1595 ], [ -65.8395, 18.16 ] ] } },
{ "type": "Feature", "properties": { "gnis_name": "Río Turabo", "streamorde": 4, "lengthkm": 1.32670222, "totdasqkm": 66.60339998000001 }, "geometry": { "type": "LineString", "coordinates": [ [ -66.0368, 18.2105 ], [ -66.0335, 18.2131 ], [ -66.0326, 18.2154 ], [ -66.0311, 18.2167 ], [ -66.0297, 18.2166 ], [ -66.0282, 18.2152 ] ] } },
{ "type": "Feature", "properties": { "gnis_name": "Río de la Plata", "streamorde": 4, "lengthkm": 0.71655571, "totdasqkm": 173.97309999000001 }, "geometry": { "type": "LineString", "coordinates": [ [ -66.2237, 18.1654 ], [ -66.2244, 18.1667 ], [ -66.2254, 18.1668 ], [ -66.2259, 18.1664 ], [ -66.2264, 18.1667 ], [ -66.2272, 18.1691 ] ] } },
{ "type": "Feature", "properties": { "gnis_name": null, "streamorde": 3, "lengthkm": 0.962, "totdasqkm": 12.06200002 }, "geometry": { "type": "LineString", "coordinates": [ [ -66.6662, 18.0065 ], [ -66.6657, 18.0047 ], [ -66.6665, 18.004 ], [ -66.6667, 18.0028 ], [ -66.6651, 17.9998 ], [ -66.6654, 17.9987 ] ] } },
{ "type": "Feature", "properties": { "gnis_name": "Río Guanajibo", "streamorde": 4, "lengthkm": 0.03642353, "totdasqkm": 84.34819976 }, "geometry": { "type": "LineString", "coordinates": [ [ -67.0086, 18.0765 ], [ -67.009, 18.0765 ] ] } },
{ "type": "Feature", "properties": { "gnis_name": "Río Cañas", "streamorde": 3, "lengthkm": 0.60633583, "totdasqkm": 19.11769994 }, "geometry": { "type": "LineString", "coordinates": [ [ -67.1047, 18.2345 ], [ -67.1055, 18.2347 ], [ -67.1064, 18.2343 ], [ -67.107, 18.2349 ], [ -67.1089, 18.2354 ], [ -67.1095, 18.235 ] ] } },
{ "type": "Feature", "properties": { "gnis_name": null, "streamorde": 4, "lengthkm": 0.02261913, "totdasqkm": 15.86310009 }, "geometry": { "type": "LineString", "coordinates": [ [ -66.7429, 18.14 ], [ -66.7427, 18.1401 ] ] } },
{ "type": "Feature", "properties": { "gnis_name": "Río Yahuecas", "streamorde": 3, "lengthkm": 0.19996422, "totdasqkm": 10.10859998 }, "geometry": { "type": "LineString", "coordinates": [ [ -66.7999, 18.1741 ], [ -66.8015, 18.1749 ] ] } },
{ "type": "Feature", "properties": { "gnis_name": "Río Guayanilla", "streamorde": 4, "lengthkm": 0.27505567, "totdasqkm": 64.7564002 }, "geometry": { "type": "LineString", "coordinates": [ [ -66.7775, 18.0038 ], [ -66.7772, 18.0023 ], [ -66.7765, 18.0017 ] ] } },
{ "type": "Feature", "properties": { "gnis_name": "Río Guanajibo", "streamorde": 5, "lengthkm": 0.08159052, "totdasqkm": 306.73989959 }, "geometry": { "type": "LineString", "coordinates": [ [ -67.1426, 18.1378 ], [ -67.1432, 18.1382 ] ] } },
{ "type": "Feature", "properties": { "gnis_name": "Río de la Plata", "streamorde": 5, "lengthkm": 0.44293883, "totdasqkm": 317.34140015000003 }, "geometry": { "type": "LineString", "coordinates": [ [ -66.2141, 18.2351 ], [ -66.2115, 18.2381 ] ] } },
{ "type": "Feature", "properties": { "gnis_name": "Río Guavate", "streamorde": 3, "lengthkm": 0.62401888, "totdasqkm": 15.77409984 }, "geometry": { "type": "LineString", "coordinates": [ [ -66.1131, 18.13 ], [ -66.1155, 18.1281 ], [ -66.1176, 18.1294 ] ] } },
{ "type": "Feature", "properties": { "gnis_name": null, "streamorde": 3, "lengthkm": 0.98694703, "totdasqkm": 7.01470007 }, "geometry": { "type": "LineString", "coordinates": [ [ -66.1056, 18.1503 ], [ -66.107, 18.1487 ], [ -66.1084, 18.1485 ], [ -66.1105, 18.1467 ], [ -66.1096, 18.1447 ] ] } },
{ "type": "Feature", "properties": { "gnis_name": "Río Tallaboa", "streamorde": 4, "lengthkm": 0.62183164, "totdasqkm": 71.39790009000001 }, "geometry": { "type": "LineString", "coordinates": [ [ -66.7292, 18.01 ], [ -66.7292, 18.0078 ], [ -66.7311, 18.0051 ] ] } },
{ "type": "Feature", "properties": { "gnis_name": null, "streamorde": 4, "lengthkm": 0.23389582, "totdasqkm": 22.17550012 }, "geometry": { "type": "LineString", "coordinates": [ [ -66.3102, 18.1582 ], [ -66.3099, 18.1593 ], [ -66.3089, 18.1596 ] ] } },
{ "type": "Feature", "properties": { "gnis_name": null, "streamorde": 4, "lengthkm": 0.15040988, "totdasqkm": 63.53559993 }, "geometry": { "type": "LineString", "coordinates": [ [ -66.7213, 18.2218 ], [ -66.72, 18.222 ] ] } },
{ "type": "Feature", "properties": { "gnis_name": "Río de la Plata", "streamorde": 5, "lengthkm": 0.66328259, "totdasqkm": 383.19210011999996 }, "geometry": { "type": "LineString", "coordinates": [ [ -66.2088, 18.2859 ], [ -66.2086, 18.2871 ], [ -66.209, 18.2881 ], [ -66.2112, 18.2911 ] ] } },
{ "type": "Feature", "properties": { "gnis_name": null, "streamorde": 3, "lengthkm": 2.39223345, "totdasqkm": 9.48819998 }, "geometry": { "type": "LineString", "coordinates": [ [ -66.2342, 18.2389 ], [ -66.2308, 18.2393 ], [ -66.2298, 18.2388 ], [ -66.2287, 18.2389 ], [ -66.2254, 18.2374 ], [ -66.2241, 18.2378 ], [ -66.2224, 18.237 ], [ -66.2206, 18.2373 ], [ -66.22, 18.2363 ], [ -66.2154, 18.2362 ], [ -66.2143, 18.2351 ] ] } },
{ "type": "Feature", "properties": { "gnis_name": "Río Viejo", "streamorde": 3, "lengthkm": 0.0409266, "totdasqkm": 39.67410002 }, "geometry": { "type": "LineString", "coordinates": [ [ -67.1372, 18.1066 ], [ -67.1375, 18.1069 ] ] } },
{ "type": "Feature", "properties": { "gnis_name": "Río Guayanilla", "streamorde": 4, "lengthkm": 3.346, "totdasqkm": 39.82680028 }, "geometry": { "type": "LineString", "coordinates": [ [ -66.7811, 18.064 ], [ -66.7811, 18.0632 ], [ -66.7799, 18.0625 ], [ -66.7795, 18.0612 ], [ -66.7798, 18.0606 ], [ -66.7811, 18.0608 ], [ -66.7817, 18.06 ], [ -66.7844, 18.0534 ], [ -66.7852, 18.0539 ], [ -66.7862, 18.0559 ], [ -66.7903, 18.0555 ], [ -66.7909, 18.0549 ], [ -66.7939, 18.0566 ], [ -66.7988, 18.0563 ] ] } },
{ "type": "Feature", "properties": { "gnis_name": null, "streamorde": 4, "lengthkm": 0.12573555, "totdasqkm": 69.08049991 }, "geometry": { "type": "LineString", "coordinates": [ [ -66.5046, 18.2629 ], [ -66.5055, 18.2635 ] ] } },
{ "type": "Feature", "properties": { "gnis_name": "Río Gurabo", "streamorde": 5, "lengthkm": 0.62692262, "totdasqkm": 153.03659996 }, "geometry": { "type": "LineString", "coordinates": [ [ -65.961, 18.2597 ], [ -65.9643, 18.2583 ], [ -65.9649, 18.2574 ], [ -65.9645, 18.2565 ] ] } },
{ "type": "Feature", "properties": { "gnis_name": null, "streamorde": 3, "lengthkm": 0.73797714, "totdasqkm": 11.0235 }, "geometry": { "type": "LineString", "coordinates": [ [ -66.1676, 18.1293 ], [ -66.1684, 18.1311 ], [ -66.1699, 18.1315 ], [ -66.1684, 18.1326 ], [ -66.169, 18.1335 ] ] } },
{ "type": "Feature", "properties": { "gnis_name": null, "streamorde": 3, "lengthkm": 0.63381241, "totdasqkm": 2.68099985 }, "geometry": { "type": "LineString", "coordinates": [ [ -66.9865, 18.2707 ], [ -66.9871, 18.2712 ], [ -66.9868, 18.2729 ], [ -66.9882, 18.2743 ], [ -66.9873, 18.2749 ] ] } },
{ "type": "Feature", "properties": { "gnis_name": null, "streamorde": 3, "lengthkm": 1.3181019, "totdasqkm": 10.82719993 }, "geometry": { "type": "LineString", "coordinates": [ [ -65.8345, 18.2217 ], [ -65.8365, 18.2224 ], [ -65.838, 18.2238 ], [ -65.8396, 18.2238 ], [ -65.8397, 18.2233 ], [ -65.8402, 18.2238 ], [ -65.8402, 18.2234 ], [ -65.841, 18.2233 ], [ -65.8432, 18.2245 ] ] } },
{ "type": "Feature", "properties": { "gnis_name": "Río Guanajibo", "streamorde": 4, "lengthkm": 0.08617892, "totdasqkm": 119.42549952 }, "geometry": { "type": "LineString", "coordinates": [ [ -67.0485, 18.0999 ], [ -67.0491, 18.1001 ] ] } },
{ "type": "Feature", "properties": { "gnis_name": null, "streamorde": 5, "lengthkm": 0.01778368, "totdasqkm": 424.66270020999997 }, "geometry": { "type": "LineString", "coordinates": [ [ -66.5, 18.4218 ], [ -66.4999, 18.4217 ] ] } },
{ "type": "Feature", "properties": { "gnis_name": null, "streamorde": 3, "lengthkm": 0.251, "totdasqkm": 11.68510015 }, "geometry": { "type": "LineString", "coordinates": [ [ -65.6584, 18.2246 ], [ -65.6578, 18.2225 ] ] } },
{ "type": "Feature", "properties": { "gnis_name": "Río Viví", "streamorde": 4, "lengthkm": 0.89350943, "totdasqkm": 35.74339993 }, "geometry": { "type": "LineString", "coordinates": [ [ -66.6913, 18.2622 ], [ -66.6919, 18.2644 ], [ -66.6947, 18.265 ], [ -66.6967, 18.2668 ] ] } },
{ "type": "Feature", "properties": { "gnis_name": null, "streamorde": 4, "lengthkm": 0.03577188, "totdasqkm": 22.6817001 }, "geometry": { "type": "LineString", "coordinates": [ [ -66.3026, 18.1598 ], [ -66.3024, 18.1596 ] ] } },
{ "type": "Feature", "properties": { "gnis_name": "Río Bucarabones", "streamorde": 3, "lengthkm": 0.28166618, "totdasqkm": 11.56799986 }, "geometry": { "type": "LineString", "coordinates": [ [ -66.2137, 18.3825 ], [ -66.2161, 18.3834 ] ] } },
{ "type": "Feature", "properties": { "gnis_name": "Río Caonillas", "streamorde": 4, "lengthkm": 0.214644, "totdasqkm": 95.35450008000001 }, "geometry": { "type": "LineString", "coordinates": [ [ -66.6398, 18.2192 ], [ -66.6404, 18.2191 ], [ -66.6412, 18.2203 ] ] } },
{ "type": "Feature", "properties": { "gnis_name": "Río Grande De Loiza", "streamorde": 6, "lengthkm": 0.14751718, "totdasqkm": 543.74169988999995 }, "geometry": { "type": "LineString", "coordinates": [ [ -65.9974, 18.3575 ], [ -65.9962, 18.3576 ] ] } },
{ "type": "Feature", "properties": { "gnis_name": "Río Grande de Añasco", "streamorde": 5, "lengthkm": 0.36918786, "totdasqkm": 347.21130023000001 }, "geometry": { "type": "LineString", "coordinates": [ [ -67.0475, 18.2792 ], [ -67.0497, 18.2797 ], [ -67.0506, 18.2804 ] ] } },
{ "type": "Feature", "properties": { "gnis_name": "Río Guayo", "streamorde": 3, "lengthkm": 0.05860054, "totdasqkm": 25.01340019 }, "geometry": { "type": "LineString", "coordinates": [ [ -66.8351, 18.21 ], [ -66.8349, 18.2105 ] ] } },
{ "type": "Feature", "properties": { "gnis_name": "Río Grande de Patillas", "streamorde": 3, "lengthkm": 0.05562383, "totdasqkm": 18.87629989 }, "geometry": { "type": "LineString", "coordinates": [ [ -66.0516, 18.0637 ], [ -66.0512, 18.0634 ] ] } },
{ "type": "Feature", "properties": { "gnis_name": "Río Cañas", "streamorde": 3, "lengthkm": 1.0387164, "totdasqkm": 13.40349991 }, "geometry": { "type": "LineString", "coordinates": [ [ -67.0813, 18.2323 ], [ -67.0816, 18.2321 ], [ -67.0812, 18.231 ], [ -67.0827, 18.232 ], [ -67.0833, 18.2316 ], [ -67.0839, 18.2329 ], [ -67.0841, 18.2324 ], [ -67.0859, 18.2325 ], [ -67.0866, 18.2316 ] ] } }
]
}
