{
"type": "FeatureCollection",
"name": "storms",
"crs": { "type": "name", "properties": { "name": "urn:ogc:def:crs:OGC:1.3:CRS84" } },
"xy_coordinate_resolution": 0.001,
"features": [
{ "type": "Feature", "properties": { "sid": "1980214N11330", "name": "Allen", "season": 1980, "cat": 3, "wind": 110 }, "geometry": { "type": "LineString", "coordinates": [ [ -59.1, 13.3 ], [ -60.0, 13.4 ] ] } },
{ "type": "Feature", "properties": { "sid": "1980214N11330", "name": "Allen", "season": 1980, "cat": 4, "wind": 113 }, "geometry": { "type": "LineString", "coordinates": [ [ -60.0, 13.4 ], [ -61.0, 13.6 ] ] } },
{ "type": "Feature", "properties": { "sid": "1980214N11330", "name": "Allen", "season": 1980, "cat": 4, "wind": 115 }, "geometry": { "type": "LineString", "coordinates": [ [ -61.0, 13.6 ], [ -62.0, 13.8 ] ] } },
{ "type": "Feature", "properties": { "sid": "1980214N11330", "name": "Allen", "season": 1980, "cat": 4, "wind": 120 }, "geometry": { "type": "LineString", "coordinates": [ [ -62.0, 13.8 ], [ -63.0, 14.0 ] ] } },
{ "type": "Feature", "properties": { "sid": "1980214N11330", "name": "Allen", "season": 1980, "cat": 4, "wind": 125 }, "geometry": { "type": "LineString", "coordinates": [ [ -63.0, 14.0 ], [ -64.0, 14.2 ] ] } },
{ "type": "Feature", "properties": { "sid": "1980214N11330", "name": "Allen", "season": 1980, "cat": 4, "wind": 128 }, "geometry": { "type": "LineString", "coordinates": [ [ -64.0, 14.2 ], [ -64.9, 14.4 ] ] } },
{ "type": "Feature", "properties": { "sid": "1980214N11330", "name": "Allen", "season": 1980, "cat": 4, "wind": 130 }, "geometry": { "type": "LineString", "coordinates": [ [ -64.9, 14.4 ], [ -65.8, 14.6 ] ] } },
{ "type": "Feature", "properties": { "sid": "1980214N11330", "name": "Allen", "season": 1980, "cat": 4, "wind": 135 }, "geometry": { "type": "LineString", "coordinates": [ [ -65.8, 14.6 ], [ -66.7, 14.8 ] ] } },
{ "type": "Feature", "properties": { "sid": "1980214N11330", "name": "Allen", "season": 1980, "cat": 5, "wind": 140 }, "geometry": { "type": "LineString", "coordinates": [ [ -66.7, 14.8 ], [ -67.6, 15.1 ] ] } },
{ "type": "Feature", "properties": { "sid": "1980214N11330", "name": "Allen", "season": 1980, "cat": 5, "wind": 143 }, "geometry": { "type": "LineString", "coordinates": [ [ -67.6, 15.1 ], [ -68.6, 15.4 ] ] } },
{ "type": "Feature", "properties": { "sid": "1980214N11330", "name": "Allen", "season": 1980, "cat": 5, "wind": 145 }, "geometry": { "type": "LineString", "coordinates": [ [ -68.6, 15.4 ], [ -69.6, 15.6 ] ] } },
{ "type": "Feature", "properties": { "sid": "1980214N11330", "name": "Allen", "season": 1980, "cat": 5, "wind": 150 }, "geometry": { "type": "LineString", "coordinates": [ [ -69.6, 15.6 ], [ -70.5, 15.9 ] ] } },
{ "type": "Feature", "properties": { "sid": "1980214N11330", "name": "Allen", "season": 1980, "cat": 5, "wind": 155 }, "geometry": { "type": "LineString", "coordinates": [ [ -70.5, 15.9 ], [ -71.4, 16.1 ] ] } },
{ "type": "Feature", "properties": { "sid": "1980214N11330", "name": "Allen", "season": 1980, "cat": 5, "wind": 153 }, "geometry": { "type": "LineString", "coordinates": [ [ -71.4, 16.1 ], [ -72.3, 16.5 ] ] } },
{ "type": "Feature", "properties": { "sid": "1980214N11330", "name": "Allen", "season": 1980, "cat": 5, "wind": 150 }, "geometry": { "type": "LineString", "coordinates": [ [ -72.3, 16.5 ], [ -73.0, 17.2 ] ] } },
{ "type": "Feature", "properties": { "sid": "1980214N11330", "name": "Allen", "season": 1980, "cat": 5, "wind": 145 }, "geometry": { "type": "LineString", "coordinates": [ [ -73.0, 17.2 ], [ -73.8, 17.8 ] ] } },
{ "type": "Feature", "properties": { "sid": "1980214N11330", "name": "Allen", "season": 1980, "cat": 5, "wind": 140 }, "geometry": { "type": "LineString", "coordinates": [ [ -73.8, 17.8 ], [ -74.8, 18.1 ] ] } },
{ "type": "Feature", "properties": { "sid": "1980214N11330", "name": "Allen", "season": 1980, "cat": 4, "wind": 128 }, "geometry": { "type": "LineString", "coordinates": [ [ -74.8, 18.1 ], [ -75.9, 18.3 ] ] } },
{ "type": "Feature", "properties": { "sid": "1980245N16322", "name": "Georges", "season": 1980, "cat": -1, "wind": 30 }, "geometry": { "type": "LineString", "coordinates": [ [ -56.9, 18.6 ], [ -58.0, 19.1 ] ] } },
{ "type": "Feature", "properties": { "sid": "1980245N16322", "name": "Georges", "season": 1980, "cat": -1, "wind": 28 }, "geometry": { "type": "LineString", "coordinates": [ [ -58.0, 19.1 ], [ -59.0, 19.7 ] ] } },
{ "type": "Feature", "properties": { "sid": "1980245N16322", "name": "Georges", "season": 1980, "cat": -1, "wind": 25 }, "geometry": { "type": "LineString", "coordinates": [ [ -59.0, 19.7 ], [ -60.1, 20.4 ] ] } },
{ "type": "Feature", "properties": { "sid": "1980245N16322", "name": "Georges", "season": 1980, "cat": -1, "wind": 23 }, "geometry": { "type": "LineString", "coordinates": [ [ -60.1, 20.4 ], [ -61.0, 21.0 ] ] } },
{ "type": "Feature", "properties": { "sid": "1980245N16322", "name": "Georges", "season": 1980, "cat": -1, "wind": 20 }, "geometry": { "type": "LineString", "coordinates": [ [ -61.0, 21.0 ], [ -61.7, 21.5 ] ] } },
{ "type": "Feature", "properties": { "sid": "1980245N16322", "name": "Georges", "season": 1980, "cat": -1, "wind": 20 }, "geometry": { "type": "LineString", "coordinates": [ [ -61.7, 21.5 ], [ -62.3, 22.1 ] ] } },
{ "type": "Feature", "properties": { "sid": "1980245N16322", "name": "Georges", "season": 1980, "cat": -3, "wind": 20 }, "geometry": { "type": "LineString", "coordinates": [ [ -62.3, 22.1 ], [ -63.0, 22.7 ] ] } },
{ "type": "Feature", "properties": { "sid": "1980245N16322", "name": "Georges", "season": 1980, "cat": -3, "wind": 20 }, "geometry": { "type": "LineString", "coordinates": [ [ -63.0, 22.7 ], [ -63.6, 23.4 ] ] } },
{ "type": "Feature", "properties": { "sid": "1980245N16322", "name": "Georges", "season": 1980, "cat": -3, "wind": 20 }, "geometry": { "type": "LineString", "coordinates": [ [ -63.6, 23.4 ], [ -64.2, 24.1 ] ] } },
{ "type": "Feature", "properties": { "sid": "1980245N16322", "name": "Georges", "season": 1980, "cat": -3, "wind": 20 }, "geometry": { "type": "LineString", "coordinates": [ [ -64.2, 24.1 ], [ -64.8, 24.8 ] ] } },
{ "type": "Feature", "properties": { "sid": "1980245N16322", "name": "Georges", "season": 1980, "cat": -3, "wind": 20 }, "geometry": { "type": "LineString", "coordinates": [ [ -64.8, 24.8 ], [ -65.3, 25.4 ] ] } },
{ "type": "Feature", "properties": { "sid": "1980245N16322", "name": "Georges", "season": 1980, "cat": -3, "wind": 20 }, "geometry": { "type": "LineString", "coordinates": [ [ -65.3, 25.4 ], [ -65.8, 26.1 ] ] } },
{ "type": "Feature", "properties": { "sid": "1981097N21299", "name": "Unnamed", "season": 1981, "cat": -1, "wind": 25 }, "geometry": { "type": "LineString", "coordinates": [ [ -61.5, 21.0 ], [ -61.8, 20.6 ] ] } },
{ "type": "Feature", "properties": { "sid": "1981097N21299", "name": "Unnamed", "season": 1981, "cat": -1, "wind": 28 }, "geometry": { "type": "LineString", "coordinates": [ [ -61.8, 20.6 ], [ -62.1, 20.2 ] ] } },
{ "type": "Feature", "properties": { "sid": "1981097N21299", "name": "Unnamed", "season": 1981, "cat": -1, "wind": 30 }, "geometry": { "type": "LineString", "coordinates": [ [ -62.1, 20.2 ], [ -62.5, 20.0 ] ] } },
{ "type": "Feature", "properties": { "sid": "1981097N21299", "name": "Unnamed", "season": 1981, "cat": -1, "wind": 30 }, "geometry": { "type": "LineString", "coordinates": [ [ -62.5, 20.0 ], [ -62.9, 19.7 ] ] } },
{ "type": "Feature", "properties": { "sid": "1981097N21299", "name": "Unnamed", "season": 1981, "cat": -1, "wind": 30 }, "geometry": { "type": "LineString", "coordinates": [ [ -62.9, 19.7 ], [ -63.2, 19.3 ] ] } },
{ "type": "Feature", "properties": { "sid": "1981097N21299", "name": "Unnamed", "season": 1981, "cat": -1, "wind": 28 }, "geometry": { "type": "LineString", "coordinates": [ [ -63.2, 19.3 ], [ -63.4, 18.9 ] ] } },
{ "type": "Feature", "properties": { "sid": "1981097N21299", "name": "Unnamed", "season": 1981, "cat": -1, "wind": 25 }, "geometry": { "type": "LineString", "coordinates": [ [ -63.4, 18.9 ], [ -63.7, 18.5 ] ] } },
{ "type": "Feature", "properties": { "sid": "1981097N21299", "name": "Unnamed", "season": 1981, "cat": -1, "wind": 23 }, "geometry": { "type": "LineString", "coordinates": [ [ -63.7, 18.5 ], [ -64.0, 18.0 ] ] } },
{ "type": "Feature", "properties": { "sid": "1981219N11334", "name": "Dennis", "season": 1981, "cat": -1, "wind": 30 }, "geometry": { "type": "LineString", "coordinates": [ [ -58.3, 14.3 ], [ -59.2, 14.4 ] ] } },
{ "type": "Feature", "properties": { "sid": "1981219N11334", "name": "Dennis", "season": 1981, "cat": -1, "wind": 30 }, "geometry": { "type": "LineString", "coordinates": [ [ -59.2, 14.4 ], [ -60.1, 14.6 ] ] } },
{ "type": "Feature", "properties": { "sid": "1981219N11334", "name": "Dennis", "season": 1981, "cat": -1, "wind": 30 }, "geometry": { "type": "LineString", "coordinates": [ [ -60.1, 14.6 ], [ -61.0, 14.7 ] ] } },
{ "type": "Feature", "properties": { "sid": "1981219N11334", "name": "Dennis", "season": 1981, "cat": -1, "wind": 28 }, "geometry": { "type": "LineString", "coordinates": [ [ -61.0, 14.7 ], [ -61.9, 14.9 ] ] } },
{ "type": "Feature", "properties": { "sid": "1981219N11334", "name": "Dennis", "season": 1981, "cat": -1, "wind": 25 }, "geometry": { "type": "LineString", "coordinates": [ [ -61.9, 14.9 ], [ -62.8, 15.1 ] ] } },
{ "type": "Feature", "properties": { "sid": "1981219N11334", "name": "Dennis", "season": 1981, "cat": -1, "wind": 25 }, "geometry": { "type": "LineString", "coordinates": [ [ -62.8, 15.1 ], [ -63.8, 15.2 ] ] } },
{ "type": "Feature", "properties": { "sid": "1981219N11334", "name": "Dennis", "season": 1981, "cat": -1, "wind": 25 }, "geometry": { "type": "LineString", "coordinates": [ [ -63.8, 15.2 ], [ -64.8, 15.3 ] ] } },
{ "type": "Feature", "properties": { "sid": "1981219N11334", "name": "Dennis", "season": 1981, "cat": -1, "wind": 25 }, "geometry": { "type": "LineString", "coordinates": [ [ -64.8, 15.3 ], [ -65.7, 15.4 ] ] } },
{ "type": "Feature", "properties": { "sid": "1981219N11334", "name": "Dennis", "season": 1981, "cat": -1, "wind": 25 }, "geometry": { "type": "LineString", "coordinates": [ [ -65.7, 15.4 ], [ -66.7, 15.5 ] ] } },
{ "type": "Feature", "properties": { "sid": "1981219N11334", "name": "Dennis", "season": 1981, "cat": -1, "wind": 25 }, "geometry": { "type": "LineString", "coordinates": [ [ -66.7, 15.5 ], [ -67.6, 15.6 ] ] } },
{ "type": "Feature", "properties": { "sid": "1981219N11334", "name": "Dennis", "season": 1981, "cat": -1, "wind": 25 }, "geometry": { "type": "LineString", "coordinates": [ [ -67.6, 15.6 ], [ -68.6, 15.7 ] ] } },
{ "type": "Feature", "properties": { "sid": "1981219N11334", "name": "Dennis", "season": 1981, "cat": -1, "wind": 20 }, "geometry": { "type": "LineString", "coordinates": [ [ -68.6, 15.7 ], [ -69.5, 15.8 ] ] } },
{ "type": "Feature", "properties": { "sid": "1981219N11334", "name": "Dennis", "season": 1981, "cat": -3, "wind": 15 }, "geometry": { "type": "LineString", "coordinates": [ [ -69.5, 15.8 ], [ -70.4, 15.8 ] ] } },
{ "type": "Feature", "properties": { "sid": "1981219N11334", "name": "Dennis", "season": 1981, "cat": -3, "wind": 15 }, "geometry": { "type": "LineString", "coordinates": [ [ -70.4, 15.8 ], [ -71.2, 15.9 ] ] } },
{ "type": "Feature", "properties": { "sid": "1981219N11334", "name": "Dennis", "season": 1981, "cat": -3, "wind": 15 }, "geometry": { "type": "LineString", "coordinates": [ [ -71.2, 15.9 ], [ -72.0, 16.0 ] ] } },
{ "type": "Feature", "properties": { "sid": "1981219N11334", "name": "Dennis", "season": 1981, "cat": -3, "wind": 15 }, "geometry": { "type": "LineString", "coordinates": [ [ -72.0, 16.0 ], [ -72.8, 16.1 ] ] } },
{ "type": "Feature", "properties": { "sid": "1981219N11334", "name": "Dennis", "season": 1981, "cat": -3, "wind": 15 }, "geometry": { "type": "LineString", "coordinates": [ [ -72.8, 16.1 ], [ -73.6, 16.2 ] ] } },
{ "type": "Feature", "properties": { "sid": "1981219N11334", "name": "Dennis", "season": 1981, "cat": -3, "wind": 15 }, "geometry": { "type": "LineString", "coordinates": [ [ -73.6, 16.2 ], [ -74.4, 16.4 ] ] } },
{ "type": "Feature", "properties": { "sid": "1981219N11334", "name": "Dennis", "season": 1981, "cat": -3, "wind": 15 }, "geometry": { "type": "LineString", "coordinates": [ [ -74.4, 16.4 ], [ -75.1, 16.6 ] ] } },
{ "type": "Feature", "properties": { "sid": "1981247N16300", "name": "Floyd", "season": 1981, "cat": -1, "wind": 20 }, "geometry": { "type": "LineString", "coordinates": [ [ -60.3, 16.2 ], [ -60.7, 16.4 ] ] } },
{ "type": "Feature", "properties": { "sid": "1981247N16300", "name": "Floyd", "season": 1981, "cat": -1, "wind": 20 }, "geometry": { "type": "LineString", "coordinates": [ [ -60.7, 16.4 ], [ -61.1, 16.7 ] ] } },
{ "type": "Feature", "properties": { "sid": "1981247N16300", "name": "Floyd", "season": 1981, "cat": -1, "wind": 20 }, "geometry": { "type": "LineString", "coordinates": [ [ -61.1, 16.7 ], [ -61.5, 17.0 ] ] } },
{ "type": "Feature", "properties": { "sid": "1981247N16300", "name": "Floyd", "season": 1981, "cat": -1, "wind": 20 }, "geometry": { "type": "LineString", "coordinates": [ [ -61.5, 17.0 ], [ -61.9, 17.3 ] ] } },
{ "type": "Feature", "properties": { "sid": "1981247N16300", "name": "Floyd", "season": 1981, "cat": -1, "wind": 20 }, "geometry": { "type": "LineString", "coordinates": [ [ -61.9, 17.3 ], [ -62.3, 17.6 ] ] } },
{ "type": "Feature", "properties": { "sid": "1981247N16300", "name": "Floyd", "season": 1981, "cat": -1, "wind": 20 }, "geometry": { "type": "LineString", "coordinates": [ [ -62.3, 17.6 ], [ -62.6, 18.0 ] ] } },
{ "type": "Feature", "properties": { "sid": "1981247N16300", "name": "Floyd", "season": 1981, "cat": -1, "wind": 20 }, "geometry": { "type": "LineString", "coordinates": [ [ -62.6, 18.0 ], [ -63.0, 18.3 ] ] } },
{ "type": "Feature", "properties": { "sid": "1981247N16300", "name": "Floyd", "season": 1981, "cat": -1, "wind": 25 }, "geometry": { "type": "LineString", "coordinates": [ [ -63.0, 18.3 ], [ -63.3, 18.6 ] ] } },
{ "type": "Feature", "properties": { "sid": "1981247N16300", "name": "Floyd", "season": 1981, "cat": -1, "wind": 30 }, "geometry": { "type": "LineString", "coordinates": [ [ -63.3, 18.6 ], [ -63.7, 18.8 ] ] } },
{ "type": "Feature", "properties": { "sid": "1981247N16300", "name": "Floyd", "season": 1981, "cat": -1, "wind": 33 }, "geometry": { "type": "LineString", "coordinates": [ [ -63.7, 18.8 ], [ -64.0, 19.0 ] ] } },
{ "type": "Feature", "properties": { "sid": "1981247N16300", "name": "Floyd", "season": 1981, "cat": 0, "wind": 35 }, "geometry": { "type": "LineString", "coordinates": [ [ -64.0, 19.0 ], [ -64.3, 19.2 ] ] } },
{ "type": "Feature", "properties": { "sid": "1981247N16300", "name": "Floyd", "season": 1981, "cat": 0, "wind": 40 }, "geometry": { "type": "LineString", "coordinates": [ [ -64.3, 19.2 ], [ -64.7, 19.5 ] ] } },
{ "type": "Feature", "properties": { "sid": "1981247N16300", "name": "Floyd", "season": 1981, "cat": 0, "wind": 45 }, "geometry": { "type": "LineString", "coordinates": [ [ -64.7, 19.5 ], [ -65.1, 19.8 ] ] } },
{ "type": "Feature", "properties": { "sid": "1981247N16300", "name": "Floyd", "season": 1981, "cat": 0, "wind": 48 }, "geometry": { "type": "LineString", "coordinates": [ [ -65.1, 19.8 ], [ -65.5, 20.1 ] ] } },
{ "type": "Feature", "properties": { "sid": "1981247N16300", "name": "Floyd", "season": 1981, "cat": 0, "wind": 50 }, "geometry": { "type": "LineString", "coordinates": [ [ -65.5, 20.1 ], [ -65.8, 20.5 ] ] } },
{ "type": "Feature", "properties": { "sid": "1981247N16300", "name": "Floyd", "season": 1981, "cat": 0, "wind": 55 }, "geometry": { "type": "LineString", "coordinates": [ [ -65.8, 20.5 ], [ -66.2, 20.9 ] ] } },
{ "type": "Feature", "properties": { "sid": "1981247N16300", "name": "Floyd", "season": 1981, "cat": 0, "wind": 60 }, "geometry": { "type": "LineString", "coordinates": [ [ -66.2, 20.9 ], [ -66.7, 21.3 ] ] } },
{ "type": "Feature", "properties": { "sid": "1981247N16300", "name": "Floyd", "season": 1981, "cat": 1, "wind": 65 }, "geometry": { "type": "LineString", "coordinates": [ [ -66.7, 21.3 ], [ -67.1, 21.7 ] ] } },
{ "type": "Feature", "properties": { "sid": "1981247N16300", "name": "Floyd", "season": 1981, "cat": 1, "wind": 70 }, "geometry": { "type": "LineString", "coordinates": [ [ -67.1, 21.7 ], [ -67.4, 22.1 ] ] } },
{ "type": "Feature", "properties": { "sid": "1981247N16300", "name": "Floyd", "season": 1981, "cat": 1, "wind": 75 }, "geometry": { "type": "LineString", "coordinates": [ [ -67.4, 22.1 ], [ -67.7, 22.6 ] ] } },
{ "type": "Feature", "properties": { "sid": "1981247N16300", "name": "Floyd", "season": 1981, "cat": 1, "wind": 80 }, "geometry": { "type": "LineString", "coordinates": [ [ -67.7, 22.6 ], [ -68.2, 23.1 ] ] } },
{ "type": "Feature", "properties": { "sid": "1981247N16300", "name": "Floyd", "season": 1981, "cat": 2, "wind": 83 }, "geometry": { "type": "LineString", "coordinates": [ [ -68.2, 23.1 ], [ -68.6, 23.6 ] ] } },
{ "type": "Feature", "properties": { "sid": "1981247N16300", "name": "Floyd", "season": 1981, "cat": 2, "wind": 85 }, "geometry": { "type": "LineString", "coordinates": [ [ -68.6, 23.6 ], [ -68.9, 24.0 ] ] } },
{ "type": "Feature", "properties": { "sid": "1981247N16300", "name": "Floyd", "season": 1981, "cat": 2, "wind": 88 }, "geometry": { "type": "LineString", "coordinates": [ [ -68.9, 24.0 ], [ -69.1, 24.5 ] ] } },
{ "type": "Feature", "properties": { "sid": "1981247N16300", "name": "Floyd", "season": 1981, "cat": 2, "wind": 90 }, "geometry": { "type": "LineString", "coordinates": [ [ -69.1, 24.5 ], [ -69.1, 25.0 ] ] } },
{ "type": "Feature", "properties": { "sid": "1981247N16300", "name": "Floyd", "season": 1981, "cat": 2, "wind": 93 }, "geometry": { "type": "LineString", "coordinates": [ [ -69.1, 25.0 ], [ -69.1, 25.5 ] ] } },
{ "type": "Feature", "properties": { "sid": "1981247N16300", "name": "Floyd", "season": 1981, "cat": 2, "wind": 95 }, "geometry": { "type": "LineString", "coordinates": [ [ -69.1, 25.5 ], [ -69.1, 25.9 ] ] } },
{ "type": "Feature", "properties": { "sid": "1981250N15306", "name": "Gert", "season": 1981, "cat": -1, "wind": 30 }, "geometry": { "type": "LineString", "coordinates": [ [ -58.2, 15.2 ], [ -59.0, 15.3 ] ] } },
{ "type": "Feature", "properties": { "sid": "1981250N15306", "name": "Gert", "season": 1981, "cat": -1, "wind": 30 }, "geometry": { "type": "LineString", "coordinates": [ [ -59.0, 15.3 ], [ -59.8, 15.4 ] ] } },
{ "type": "Feature", "properties": { "sid": "1981250N15306", "name": "Gert", "season": 1981, "cat": 0, "wind": 35 }, "geometry": { "type": "LineString", "coordinates": [ [ -59.8, 15.4 ], [ -60.6, 15.6 ] ] } },
{ "type": "Feature", "properties": { "sid": "1981250N15306", "name": "Gert", "season": 1981, "cat": 0, "wind": 40 }, "geometry": { "type": "LineString", "coordinates": [ [ -60.6, 15.6 ], [ -61.4, 15.8 ] ] } },
{ "type": "Feature", "properties": { "sid": "1981250N15306", "name": "Gert", "season": 1981, "cat": 0, "wind": 43 }, "geometry": { "type": "LineString", "coordinates": [ [ -61.4, 15.8 ], [ -62.3, 16.1 ] ] } },
{ "type": "Feature", "properties": { "sid": "1981250N15306", "name": "Gert", "season": 1981, "cat": 0, "wind": 45 }, "geometry": { "type": "LineString", "coordinates": [ [ -62.3, 16.1 ], [ -63.2, 16.4 ] ] } },
{ "type": "Feature", "properties": { "sid": "1981250N15306", "name": "Gert", "season": 1981, "cat": 0, "wind": 48 }, "geometry": { "type": "LineString", "coordinates": [ [ -63.2, 16.4 ], [ -64.0, 16.8 ] ] } },
{ "type": "Feature", "properties": { "sid": "1981250N15306", "name": "Gert", "season": 1981, "cat": 0, "wind": 50 }, "geometry": { "type": "LineString", "coordinates": [ [ -64.0, 16.8 ], [ -64.7, 17.3 ] ] } },
{ "type": "Feature", "properties": { "sid": "1981250N15306", "name": "Gert", "season": 1981, "cat": 0, "wind": 50 }, "geometry": { "type": "LineString", "coordinates": [ [ -64.7, 17.3 ], [ -65.4, 17.8 ] ] } },
{ "type": "Feature", "properties": { "sid": "1981250N15306", "name": "Gert", "season": 1981, "cat": 0, "wind": 50 }, "geometry": { "type": "LineString", "coordinates": [ [ -65.4, 17.8 ], [ -66.1, 18.4 ] ] } },
{ "type": "Feature", "properties": { "sid": "1981250N15306", "name": "Gert", "season": 1981, "cat": 0, "wind": 48 }, "geometry": { "type": "LineString", "coordinates": [ [ -66.1, 18.4 ], [ -66.9, 18.9 ] ] } },
{ "type": "Feature", "properties": { "sid": "1981250N15306", "name": "Gert", "season": 1981, "cat": 0, "wind": 45 }, "geometry": { "type": "LineString", "coordinates": [ [ -66.9, 18.9 ], [ -67.6, 19.3 ] ] } },
{ "type": "Feature", "properties": { "sid": "1981250N15306", "name": "Gert", "season": 1981, "cat": 0, "wind": 43 }, "geometry": { "type": "LineString", "coordinates": [ [ -67.6, 19.3 ], [ -68.3, 19.6 ] ] } },
{ "type": "Feature", "properties": { "sid": "1981250N15306", "name": "Gert", "season": 1981, "cat": 0, "wind": 40 }, "geometry": { "type": "LineString", "coordinates": [ [ -68.3, 19.6 ], [ -69.1, 19.9 ] ] } },
{ "type": "Feature", "properties": { "sid": "1981250N15306", "name": "Gert", "season": 1981, "cat": 0, "wind": 38 }, "geometry": { "type": "LineString", "coordinates": [ [ -69.1, 19.9 ], [ -70.0, 20.3 ] ] } },
{ "type": "Feature", "properties": { "sid": "1981250N15306", "name": "Gert", "season": 1981, "cat": 0, "wind": 35 }, "geometry": { "type": "LineString", "coordinates": [ [ -70.0, 20.3 ], [ -70.9, 20.8 ] ] } },
{ "type": "Feature", "properties": { "sid": "1981250N15306", "name": "Gert", "season": 1981, "cat": 0, "wind": 35 }, "geometry": { "type": "LineString", "coordinates": [ [ -70.9, 20.8 ], [ -71.7, 21.3 ] ] } },
{ "type": "Feature", "properties": { "sid": "1981250N15306", "name": "Gert", "season": 1981, "cat": 0, "wind": 35 }, "geometry": { "type": "LineString", "coordinates": [ [ -71.7, 21.3 ], [ -72.3, 21.7 ] ] } },
{ "type": "Feature", "properties": { "sid": "1981250N15306", "name": "Gert", "season": 1981, "cat": 0, "wind": 38 }, "geometry": { "type": "LineString", "coordinates": [ [ -72.3, 21.7 ], [ -72.8, 22.1 ] ] } },
{ "type": "Feature", "properties": { "sid": "1981250N15306", "name": "Gert", "season": 1981, "cat": 0, "wind": 40 }, "geometry": { "type": "LineString", "coordinates": [ [ -72.8, 22.1 ], [ -73.3, 22.4 ] ] } },
{ "type": "Feature", "properties": { "sid": "1981250N15306", "name": "Gert", "season": 1981, "cat": 0, "wind": 45 }, "geometry": { "type": "LineString", "coordinates": [ [ -73.3, 22.4 ], [ -73.7, 22.7 ] ] } },
{ "type": "Feature", "properties": { "sid": "1981269N08322", "name": "Unnamed", "season": 1981, "cat": -1, "wind": 30 }, "geometry": { "type": "LineString", "coordinates": [ [ -58.2, 15.2 ], [ -59.0, 15.6 ] ] } },
{ "type": "Feature", "properties": { "sid": "1981269N08322", "name": "Unnamed", "season": 1981, "cat": -1, "wind": 30 }, "geometry": { "type": "LineString", "coordinates": [ [ -59.0, 15.6 ], [ -59.8, 15.9 ] ] } },
{ "type": "Feature", "properties": { "sid": "1981269N08322", "name": "Unnamed", "season": 1981, "cat": -1, "wind": 30 }, "geometry": { "type": "LineString", "coordinates": [ [ -59.8, 15.9 ], [ -60.4, 16.0 ] ] } },
{ "type": "Feature", "properties": { "sid": "1981269N08322", "name": "Unnamed", "season": 1981, "cat": -1, "wind": 30 }, "geometry": { "type": "LineString", "coordinates": [ [ -60.4, 16.0 ], [ -61.0, 16.1 ] ] } },
{ "type": "Feature", "properties": { "sid": "1981269N08322", "name": "Unnamed", "season": 1981, "cat": -1, "wind": 30 }, "geometry": { "type": "LineString", "coordinates": [ [ -61.0, 16.1 ], [ -61.7, 16.2 ] ] } },
{ "type": "Feature", "properties": { "sid": "1981269N08322", "name": "Unnamed", "season": 1981, "cat": -1, "wind": 30 }, "geometry": { "type": "LineString", "coordinates": [ [ -61.7, 16.2 ], [ -62.3, 16.5 ] ] } },
{ "type": "Feature", "properties": { "sid": "1981269N08322", "name": "Unnamed", "season": 1981, "cat": -1, "wind": 30 }, "geometry": { "type": "LineString", "coordinates": [ [ -62.3, 16.5 ], [ -62.8, 16.9 ] ] } },
{ "type": "Feature", "properties": { "sid": "1981269N08322", "name": "Unnamed", "season": 1981, "cat": -1, "wind": 30 }, "geometry": { "type": "LineString", "coordinates": [ [ -62.8, 16.9 ], [ -63.2, 17.5 ] ] } },
{ "type": "Feature", "properties": { "sid": "1981269N08322", "name": "Unnamed", "season": 1981, "cat": -1, "wind": 30 }, "geometry": { "type": "LineString", "coordinates": [ [ -63.2, 17.5 ], [ -63.6, 18.2 ] ] } },
{ "type": "Feature", "properties": { "sid": "1981269N08322", "name": "Unnamed", "season": 1981, "cat": -1, "wind": 30 }, "geometry": { "type": "LineString", "coordinates": [ [ -63.6, 18.2 ], [ -64.1, 18.9 ] ] } },
{ "type": "Feature", "properties": { "sid": "1981269N08322", "name": "Unnamed", "season": 1981, "cat": -1, "wind": 30 }, "geometry": { "type": "LineString", "coordinates": [ [ -64.1, 18.9 ], [ -64.5, 19.4 ] ] } },
{ "type": "Feature", "properties": { "sid": "1981269N08322", "name": "Unnamed", "season": 1981, "cat": -1, "wind": 30 }, "geometry": { "type": "LineString", "coordinates": [ [ -64.5, 19.4 ], [ -65.0, 19.8 ] ] } },
{ "type": "Feature", "properties": { "sid": "1981269N08322", "name": "Unnamed", "season": 1981, "cat": -1, "wind": 30 }, "geometry": { "type": "LineString", "coordinates": [ [ -65.0, 19.8 ], [ -65.6, 20.4 ] ] } },
{ "type": "Feature", "properties": { "sid": "1981269N08322", "name": "Unnamed", "season": 1981, "cat": -1, "wind": 30 }, "geometry": { "type": "LineString", "coordinates": [ [ -65.6, 20.4 ], [ -66.0, 21.0 ] ] } },
{ "type": "Feature", "properties": { "sid": "1981269N08322", "name": "Unnamed", "season": 1981, "cat": -1, "wind": 30 }, "geometry": { "type": "LineString", "coordinates": [ [ -66.0, 21.0 ], [ -65.8, 21.7 ] ] } },
{ "type": "Feature", "properties": { "sid": "1981269N08322", "name": "Unnamed", "season": 1981, "cat": -1, "wind": 30 }, "geometry": { "type": "LineString", "coordinates": [ [ -65.8, 21.7 ], [ -65.3, 22.5 ] ] } },
{ "type": "Feature", "properties": { "sid": "1981269N08322", "name": "Unnamed", "season": 1981, "cat": -1, "wind": 30 }, "geometry": { "type": "LineString", "coordinates": [ [ -65.3, 22.5 ], [ -64.9, 23.3 ] ] } },
{ "type": "Feature", "properties": { "sid": "1981269N08322", "name": "Unnamed", "season": 1981, "cat": -1, "wind": 30 }, "geometry": { "type": "LineString", "coordinates": [ [ -64.9, 23.3 ], [ -64.5, 24.0 ] ] } },
{ "type": "Feature", "properties": { "sid": "1981269N08322", "name": "Unnamed", "season": 1981, "cat": -1, "wind": 30 }, "geometry": { "type": "LineString", "coordinates": [ [ -64.5, 24.0 ], [ -64.1, 24.6 ] ] } },
{ "type": "Feature", "properties": { "sid": "1981269N08322", "name": "Unnamed", "season": 1981, "cat": -1, "wind": 30 }, "geometry": { "type": "LineString", "coordinates": [ [ -64.1, 24.6 ], [ -63.8, 25.3 ] ] } },
{ "type": "Feature", "properties": { "sid": "1981269N08322", "name": "Unnamed", "season": 1981, "cat": -1, "wind": 30 }, "geometry": { "type": "LineString", "coordinates": [ [ -63.8, 25.3 ], [ -63.5, 26.1 ] ] } },
{ "type": "Feature", "properties": { "sid": "1982241N14338", "name": "Beryl", "season": 1982, "cat": -1, "wind": 25 }, "geometry": { "type": "LineString", "coordinates": [ [ -57.6, 19.4 ], [ -58.3, 19.4 ] ] } },
{ "type": "Feature", "properties": { "sid": "1982241N14338", "name": "Beryl", "season": 1982, "cat": -1, "wind": 25 }, "geometry": { "type": "LineString", "coordinates": [ [ -58.3, 19.4 ], [ -59.0, 19.4 ] ] } },
{ "type": "Feature", "properties": { "sid": "1982241N14338", "name": "Beryl", "season": 1982, "cat": -1, "wind": 28 }, "geometry": { "type": "LineString", "coordinates": [ [ -59.0, 19.4 ], [ -59.7, 19.5 ] ] } },
{ "type": "Feature", "properties": { "sid": "1982241N14338", "name": "Beryl", "season": 1982, "cat": -1, "wind": 30 }, "geometry": { "type": "LineString", "coordinates": [ [ -59.7, 19.5 ], [ -60.4, 19.6 ] ] } },
{ "type": "Feature", "properties": { "sid": "1982241N14338", "name": "Beryl", "season": 1982, "cat": -1, "wind": 30 }, "geometry": { "type": "LineString", "coordinates": [ [ -60.4, 19.6 ], [ -61.0, 19.7 ] ] } },
{ "type": "Feature", "properties": { "sid": "1982241N14338", "name": "Beryl", "season": 1982, "cat": -1, "wind": 30 }, "geometry": { "type": "LineString", "coordinates": [ [ -61.0, 19.7 ], [ -61.7, 19.7 ] ] } },
{ "type": "Feature", "properties": { "sid": "1982241N14338", "name": "Beryl", "season": 1982, "cat": -1, "wind": 30 }, "geometry": { "type": "LineString", "coordinates": [ [ -61.7, 19.7 ], [ -62.3, 19.8 ] ] } },
{ "type": "Feature", "properties": { "sid": "1982241N14338", "name": "Beryl", "season": 1982, "cat": -1, "wind": 30 }, "geometry": { "type": "LineString", "coordinates": [ [ -62.3, 19.8 ], [ -62.9, 19.9 ] ] } },
{ "type": "Feature", "properties": { "sid": "1982241N14338", "name": "Beryl", "season": 1982, "cat": -1, "wind": 28 }, "geometry": { "type": "LineString", "coordinates": [ [ -62.9, 19.9 ], [ -63.6, 20.0 ] ] } },
{ "type": "Feature", "properties": { "sid": "1982249N17307", "name": "Unnamed", "season": 1982, "cat": -1, "wind": 30 }, "geometry": { "type": "LineString", "coordinates": [ [ -57.2, 18.0 ], [ -57.7, 18.3 ] ] } },
{ "type": "Feature", "properties": { "sid": "1982249N17307", "name": "Unnamed", "season": 1982, "cat": -1, "wind": 30 }, "geometry": { "type": "LineString", "coordinates": [ [ -57.7, 18.3 ], [ -58.2, 18.6 ] ] } },
{ "type": "Feature", "properties": { "sid": "1982249N17307", "name": "Unnamed", "season": 1982, "cat": -1, "wind": 30 }, "geometry": { "type": "LineString", "coordinates": [ [ -58.2, 18.6 ], [ -58.6, 18.8 ] ] } },
{ "type": "Feature", "properties": { "sid": "1982249N17307", "name": "Unnamed", "season": 1982, "cat": -1, "wind": 30 }, "geometry": { "type": "LineString", "coordinates": [ [ -58.6, 18.8 ], [ -59.0, 19.0 ] ] } },
{ "type": "Feature", "properties": { "sid": "1982249N17307", "name": "Unnamed", "season": 1982, "cat": -1, "wind": 30 }, "geometry": { "type": "LineString", "coordinates": [ [ -59.0, 19.0 ], [ -59.6, 19.2 ] ] } },
{ "type": "Feature", "properties": { "sid": "1982249N17307", "name": "Unnamed", "season": 1982, "cat": -1, "wind": 30 }, "geometry": { "type": "LineString", "coordinates": [ [ -59.6, 19.2 ], [ -60.2, 19.5 ] ] } },
{ "type": "Feature", "properties": { "sid": "1982249N17307", "name": "Unnamed", "season": 1982, "cat": -1, "wind": 30 }, "geometry": { "type": "LineString", "coordinates": [ [ -60.2, 19.5 ], [ -60.7, 19.8 ] ] } },
{ "type": "Feature", "properties": { "sid": "1982249N17307", "name": "Unnamed", "season": 1982, "cat": -1, "wind": 30 }, "geometry": { "type": "LineString", "coordinates": [ [ -60.7, 19.8 ], [ -61.2, 20.0 ] ] } },
{ "type": "Feature", "properties": { "sid": "1982249N17307", "name": "Unnamed", "season": 1982, "cat": -1, "wind": 30 }, "geometry": { "type": "LineString", "coordinates": [ [ -61.2, 20.0 ], [ -61.7, 20.2 ] ] } },
{ "type": "Feature", "properties": { "sid": "1982249N17307", "name": "Unnamed", "season": 1982, "cat": -1, "wind": 30 }, "geometry": { "type": "LineString", "coordinates": [ [ -61.7, 20.2 ], [ -62.2, 20.4 ] ] } },
{ "type": "Feature", "properties": { "sid": "1982249N17307", "name": "Unnamed", "season": 1982, "cat": -1, "wind": 30 }, "geometry": { "type": "LineString", "coordinates": [ [ -62.2, 20.4 ], [ -62.6, 20.7 ] ] } },
{ "type": "Feature", "properties": { "sid": "1982249N17307", "name": "Unnamed", "season": 1982, "cat": -1, "wind": 30 }, "geometry": { "type": "LineString", "coordinates": [ [ -62.6, 20.7 ], [ -63.0, 21.0 ] ] } },
{ "type": "Feature", "properties": { "sid": "1982249N17307", "name": "Unnamed", "season": 1982, "cat": -1, "wind": 30 }, "geometry": { "type": "LineString", "coordinates": [ [ -63.0, 21.0 ], [ -63.5, 21.4 ] ] } },
{ "type": "Feature", "properties": { "sid": "1982249N17307", "name": "Unnamed", "season": 1982, "cat": -1, "wind": 30 }, "geometry": { "type": "LineString", "coordinates": [ [ -63.5, 21.4 ], [ -64.0, 21.8 ] ] } },
{ "type": "Feature", "properties": { "sid": "1982249N17307", "name": "Unnamed", "season": 1982, "cat": -1, "wind": 30 }, "geometry": { "type": "LineString", "coordinates": [ [ -64.0, 21.8 ], [ -64.5, 22.1 ] ] } },
{ "type": "Feature", "properties": { "sid": "1982249N17307", "name": "Unnamed", "season": 1982, "cat": -1, "wind": 28 }, "geometry": { "type": "LineString", "coordinates": [ [ -64.5, 22.1 ], [ -64.9, 22.4 ] ] } },
{ "type": "Feature", "properties": { "sid": "1982249N17307", "name": "Unnamed", "season": 1982, "cat": -1, "wind": 25 }, "geometry": { "type": "LineString", "coordinates": [ [ -64.9, 22.4 ], [ -65.2, 22.8 ] ] } },
{ "type": "Feature", "properties": { "sid": "1982249N17307", "name": "Unnamed", "season": 1982, "cat": -1, "wind": 25 }, "geometry": { "type": "LineString", "coordinates": [ [ -65.2, 22.8 ], [ -65.5, 23.2 ] ] } },
{ "type": "Feature", "properties": { "sid": "1982249N17307", "name": "Unnamed", "season": 1982, "cat": -1, "wind": 25 }, "geometry": { "type": "LineString", "coordinates": [ [ -65.5, 23.2 ], [ -65.8, 23.6 ] ] } },
{ "type": "Feature", "properties": { "sid": "1982249N17307", "name": "Unnamed", "season": 1982, "cat": -1, "wind": 23 }, "geometry": { "type": "LineString", "coordinates": [ [ -65.8, 23.6 ], [ -66.0, 24.0 ] ] } },
{ "type": "Feature", "properties": { "sid": "1982257N20291", "name": "Debby", "season": 1982, "cat": -1, "wind": 30 }, "geometry": { "type": "LineString", "coordinates": [ [ -69.5, 19.8 ], [ -69.8, 20.3 ] ] } },
{ "type": "Feature", "properties": { "sid": "1982257N20291", "name": "Debby", "season": 1982, "cat": -1, "wind": 30 }, "geometry": { "type": "LineString", "coordinates": [ [ -69.8, 20.3 ], [ -70.2, 20.8 ] ] } },
{ "type": "Feature", "properties": { "sid": "1982257N20291", "name": "Debby", "season": 1982, "cat": -1, "wind": 30 }, "geometry": { "type": "LineString", "coordinates": [ [ -70.2, 20.8 ], [ -70.6, 21.2 ] ] } },
{ "type": "Feature", "properties": { "sid": "1982257N20291", "name": "Debby", "season": 1982, "cat": -1, "wind": 30 }, "geometry": { "type": "LineString", "coordinates": [ [ -70.6, 21.2 ], [ -71.0, 21.5 ] ] } },
{ "type": "Feature", "properties": { "sid": "1982257N20291", "name": "Debby", "season": 1982, "cat": -1, "wind": 30 }, "geometry": { "type": "LineString", "coordinates": [ [ -71.0, 21.5 ], [ -71.5, 21.9 ] ] } },
{ "type": "Feature", "properties": { "sid": "1982257N20291", "name": "Debby", "season": 1982, "cat": -1, "wind": 30 }, "geometry": { "type": "LineString", "coordinates": [ [ -71.5, 21.9 ], [ -71.8, 22.4 ] ] } },
{ "type": "Feature", "properties": { "sid": "1982257N20291", "name": "Debby", "season": 1982, "cat": -1, "wind": 30 }, "geometry": { "type": "LineString", "coordinates": [ [ -71.8, 22.4 ], [ -71.9, 22.9 ] ] } },
{ "type": "Feature", "properties": { "sid": "1982257N20291", "name": "Debby", "season": 1982, "cat": -1, "wind": 33 }, "geometry": { "type": "LineString", "coordinates": [ [ -71.9, 22.9 ], [ -71.9, 23.5 ] ] } },
{ "type": "Feature", "properties": { "sid": "1982257N20291", "name": "Debby", "season": 1982, "cat": 0, "wind": 35 }, "geometry": { "type": "LineString", "coordinates": [ [ -71.9, 23.5 ], [ -71.9, 24.1 ] ] } },
{ "type": "Feature", "properties": { "sid": "1982257N20291", "name": "Debby", "season": 1982, "cat": 0, "wind": 45 }, "geometry": { "type": "LineString", "coordinates": [ [ -71.9, 24.1 ], [ -71.8, 24.6 ] ] } },
{ "type": "Feature", "properties": { "sid": "1983205N10322", "name": "Unnamed", "season": 1983, "cat": -1, "wind": 30 }, "geometry": { "type": "LineString", "coordinates": [ [ -58.8, 13.3 ], [ -59.4, 13.5 ] ] } },
{ "type": "Feature", "properties": { "sid": "1983205N10322", "name": "Unnamed", "season": 1983, "cat": -1, "wind": 30 }, "geometry": { "type": "LineString", "coordinates": [ [ -59.4, 13.5 ], [ -60.1, 13.7 ] ] } },
{ "type": "Feature", "properties": { "sid": "1983205N10322", "name": "Unnamed", "season": 1983, "cat": -1, "wind": 30 }, "geometry": { "type": "LineString", "coordinates": [ [ -60.1, 13.7 ], [ -61.0, 13.8 ] ] } },
{ "type": "Feature", "properties": { "sid": "1983205N10322", "name": "Unnamed", "season": 1983, "cat": -1, "wind": 30 }, "geometry": { "type": "LineString", "coordinates": [ [ -61.0, 13.8 ], [ -61.8, 13.9 ] ] } },
{ "type": "Feature", "properties": { "sid": "1983205N10322", "name": "Unnamed", "season": 1983, "cat": -1, "wind": 30 }, "geometry": { "type": "LineString", "coordinates": [ [ -61.8, 13.9 ], [ -62.4, 13.9 ] ] } },
{ "type": "Feature", "properties": { "sid": "1983205N10322", "name": "Unnamed", "season": 1983, "cat": -1, "wind": 28 }, "geometry": { "type": "LineString", "coordinates": [ [ -62.4, 13.9 ], [ -63.0, 14.0 ] ] } },
{ "type": "Feature", "properties": { "sid": "1983205N10322", "name": "Unnamed", "season": 1983, "cat": -1, "wind": 25 }, "geometry": { "type": "LineString", "coordinates": [ [ -63.0, 14.0 ], [ -63.8, 14.1 ] ] } },
{ "type": "Feature", "properties": { "sid": "1983205N10322", "name": "Unnamed", "season": 1983, "cat": -1, "wind": 25 }, "geometry": { "type": "LineString", "coordinates": [ [ -63.8, 14.1 ], [ -64.6, 14.2 ] ] } },
{ "type": "Feature", "properties": { "sid": "1983205N10322", "name": "Unnamed", "season": 1983, "cat": -1, "wind": 25 }, "geometry": { "type": "LineString", "coordinates": [ [ -64.6, 14.2 ], [ -65.3, 14.4 ] ] } },
{ "type": "Feature", "properties": { "sid": "1983205N10322", "name": "Unnamed", "season": 1983, "cat": -1, "wind": 23 }, "geometry": { "type": "LineString", "coordinates": [ [ -65.3, 14.4 ], [ -66.0, 14.6 ] ] } },
{ "type": "Feature", "properties": { "sid": "1983205N10322", "name": "Unnamed", "season": 1983, "cat": -1, "wind": 20 }, "geometry": { "type": "LineString", "coordinates": [ [ -66.0, 14.6 ], [ -66.7, 14.8 ] ] } },
{ "type": "Feature", "properties": { "sid": "1983205N10322", "name": "Unnamed", "season": 1983, "cat": -1, "wind": 20 }, "geometry": { "type": "LineString", "coordinates": [ [ -66.7, 14.8 ], [ -67.5, 15.0 ] ] } },
{ "type": "Feature", "properties": { "sid": "1983209N12333", "name": "Unnamed", "season": 1983, "cat": -1, "wind": 25 }, "geometry": { "type": "LineString", "coordinates": [ [ -57.0, 17.1 ], [ -57.9, 17.4 ] ] } },
{ "type": "Feature", "properties": { "sid": "1983209N12333", "name": "Unnamed", "season": 1983, "cat": -1, "wind": 25 }, "geometry": { "type": "LineString", "coordinates": [ [ -57.9, 17.4 ], [ -58.7, 17.7 ] ] } },
{ "type": "Feature", "properties": { "sid": "1983209N12333", "name": "Unnamed", "season": 1983, "cat": -1, "wind": 25 }, "geometry": { "type": "LineString", "coordinates": [ [ -58.7, 17.7 ], [ -59.5, 17.9 ] ] } },
{ "type": "Feature", "properties": { "sid": "1983209N12333", "name": "Unnamed", "season": 1983, "cat": -1, "wind": 25 }, "geometry": { "type": "LineString", "coordinates": [ [ -59.5, 17.9 ], [ -60.2, 18.0 ] ] } },
{ "type": "Feature", "properties": { "sid": "1983209N12333", "name": "Unnamed", "season": 1983, "cat": -1, "wind": 25 }, "geometry": { "type": "LineString", "coordinates": [ [ -60.2, 18.0 ], [ -61.0, 18.1 ] ] } },
{ "type": "Feature", "properties": { "sid": "1983209N12333", "name": "Unnamed", "season": 1983, "cat": -1, "wind": 23 }, "geometry": { "type": "LineString", "coordinates": [ [ -61.0, 18.1 ], [ -61.8, 18.3 ] ] } },
{ "type": "Feature", "properties": { "sid": "1983209N12333", "name": "Unnamed", "season": 1983, "cat": -1, "wind": 20 }, "geometry": { "type": "LineString", "coordinates": [ [ -61.8, 18.3 ], [ -62.5, 18.5 ] ] } },
{ "type": "Feature", "properties": { "sid": "1983209N12333", "name": "Unnamed", "season": 1983, "cat": -1, "wind": 20 }, "geometry": { "type": "LineString", "coordinates": [ [ -62.5, 18.5 ], [ -63.1, 18.8 ] ] } },
{ "type": "Feature", "properties": { "sid": "1984206N12312", "name": "Unnamed", "season": 1984, "cat": -1, "wind": 30 }, "geometry": { "type": "LineString", "coordinates": [ [ -59.0, 13.9 ], [ -60.3, 14.1 ] ] } },
{ "type": "Feature", "properties": { "sid": "1984206N12312", "name": "Unnamed", "season": 1984, "cat": -1, "wind": 30 }, "geometry": { "type": "LineString", "coordinates": [ [ -60.3, 14.1 ], [ -61.5, 14.2 ] ] } },
{ "type": "Feature", "properties": { "sid": "1984206N12312", "name": "Unnamed", "season": 1984, "cat": -1, "wind": 30 }, "geometry": { "type": "LineString", "coordinates": [ [ -61.5, 14.2 ], [ -62.5, 14.3 ] ] } },
{ "type": "Feature", "properties": { "sid": "1984206N12312", "name": "Unnamed", "season": 1984, "cat": -1, "wind": 30 }, "geometry": { "type": "LineString", "coordinates": [ [ -62.5, 14.3 ], [ -63.5, 14.5 ] ] } },
{ "type": "Feature", "properties": { "sid": "1984206N12312", "name": "Unnamed", "season": 1984, "cat": -1, "wind": 30 }, "geometry": { "type": "LineString", "coordinates": [ [ -63.5, 14.5 ], [ -64.6, 14.7 ] ] } },
{ "type": "Feature", "properties": { "sid": "1984206N12312", "name": "Unnamed", "season": 1984, "cat": -1, "wind": 28 }, "geometry": { "type": "LineString", "coordinates": [ [ -64.6, 14.7 ], [ -65.8, 14.8 ] ] } },
{ "type": "Feature", "properties": { "sid": "1984206N12312", "name": "Unnamed", "season": 1984, "cat": -1, "wind": 25 }, "geometry": { "type": "LineString", "coordinates": [ [ -65.8, 14.8 ], [ -66.9, 14.9 ] ] } },
{ "type": "Feature", "properties": { "sid": "1984206N12312", "name": "Unnamed", "season": 1984, "cat": -1, "wind": 25 }, "geometry": { "type": "LineString", "coordinates": [ [ -66.9, 14.9 ], [ -68.0, 15.0 ] ] } },
{ "type": "Feature", "properties": { "sid": "1984206N12312", "name": "Unnamed", "season": 1984, "cat": -1, "wind": 25 }, "geometry": { "type": "LineString", "coordinates": [ [ -68.0, 15.0 ], [ -69.1, 15.1 ] ] } },
{ "type": "Feature", "properties": { "sid": "1984206N12312", "name": "Unnamed", "season": 1984, "cat": -1, "wind": 23 }, "geometry": { "type": "LineString", "coordinates": [ [ -69.1, 15.1 ], [ -70.2, 15.2 ] ] } },
{ "type": "Feature", "properties": { "sid": "1984242N11309", "name": "Arthur", "season": 1984, "cat": 0, "wind": 35 }, "geometry": { "type": "LineString", "coordinates": [ [ -58.2, 15.3 ], [ -58.3, 15.6 ] ] } },
{ "type": "Feature", "properties": { "sid": "1984242N11309", "name": "Arthur", "season": 1984, "cat": -1, "wind": 33 }, "geometry": { "type": "LineString", "coordinates": [ [ -58.3, 15.6 ], [ -58.4, 16.0 ] ] } },
{ "type": "Feature", "properties": { "sid": "1984242N11309", "name": "Arthur", "season": 1984, "cat": -1, "wind": 30 }, "geometry": { "type": "LineString", "coordinates": [ [ -58.4, 16.0 ], [ -58.5, 16.4 ] ] } },
{ "type": "Feature", "properties": { "sid": "1984242N11309", "name": "Arthur", "season": 1984, "cat": -1, "wind": 30 }, "geometry": { "type": "LineString", "coordinates": [ [ -58.5, 16.4 ], [ -58.6, 16.7 ] ] } },
{ "type": "Feature", "properties": { "sid": "1984242N11309", "name": "Arthur", "season": 1984, "cat": -1, "wind": 30 }, "geometry": { "type": "LineString", "coordinates": [ [ -58.6, 16.7 ], [ -58.8, 16.8 ] ] } },
{ "type": "Feature", "properties": { "sid": "1984242N11309", "name": "Arthur", "season": 1984, "cat": -1, "wind": 30 }, "geometry": { "type": "LineString", "coordinates": [ [ -58.8, 16.8 ], [ -59.1, 16.9 ] ] } },
{ "type": "Feature", "properties": { "sid": "1984242N11309", "name": "Arthur", "season": 1984, "cat": -1, "wind": 30 }, "geometry": { "type": "LineString", "coordinates": [ [ -59.1, 16.9 ], [ -59.5, 17.0 ] ] } },
{ "type": "Feature", "properties": { "sid": "1984242N11309", "name": "Arthur", "season": 1984, "cat": -1, "wind": 30 }, "geometry": { "type": "LineString", "coordinates": [ [ -59.5, 17.0 ], [ -59.8, 17.0 ] ] } },
{ "type": "Feature", "properties": { "sid": "1984242N11309", "name": "Arthur", "season": 1984, "cat": -1, "wind": 30 }, "geometry": { "type": "LineString", "coordinates": [ [ -59.8, 17.0 ], [ -60.0, 17.1 ] ] } },
{ "type": "Feature", "properties": { "sid": "1984242N11309", "name": "Arthur", "season": 1984, "cat": -1, "wind": 28 }, "geometry": { "type": "LineString", "coordinates": [ [ -60.0, 17.1 ], [ -60.2, 17.2 ] ] } },
{ "type": "Feature", "properties": { "sid": "1984242N11309", "name": "Arthur", "season": 1984, "cat": -1, "wind": 25 }, "geometry": { "type": "LineString", "coordinates": [ [ -60.2, 17.2 ], [ -60.4, 17.4 ] ] } },
{ "type": "Feature", "properties": { "sid": "1984242N11309", "name": "Arthur", "season": 1984, "cat": -1, "wind": 25 }, "geometry": { "type": "LineString", "coordinates": [ [ -60.4, 17.4 ], [ -60.6, 17.6 ] ] } },
{ "type": "Feature", "properties": { "sid": "1984242N11309", "name": "Arthur", "season": 1984, "cat": -1, "wind": 25 }, "geometry": { "type": "LineString", "coordinates": [ [ -60.6, 17.6 ], [ -60.8, 17.8 ] ] } },
{ "type": "Feature", "properties": { "sid": "1984242N11309", "name": "Arthur", "season": 1984, "cat": -1, "wind": 25 }, "geometry": { "type": "LineString", "coordinates": [ [ -60.8, 17.8 ], [ -61.0, 17.9 ] ] } },
{ "type": "Feature", "properties": { "sid": "1984242N11309", "name": "Arthur", "season": 1984, "cat": -1, "wind": 25 }, "geometry": { "type": "LineString", "coordinates": [ [ -61.0, 17.9 ], [ -61.1, 18.0 ] ] } },
{ "type": "Feature", "properties": { "sid": "1984242N11309", "name": "Arthur", "season": 1984, "cat": -1, "wind": 25 }, "geometry": { "type": "LineString", "coordinates": [ [ -61.1, 18.0 ], [ -61.2, 18.2 ] ] } },
{ "type": "Feature", "properties": { "sid": "1984242N11309", "name": "Arthur", "season": 1984, "cat": -1, "wind": 25 }, "geometry": { "type": "LineString", "coordinates": [ [ -61.2, 18.2 ], [ -61.3, 18.5 ] ] } },
{ "type": "Feature", "properties": { "sid": "1984242N11309", "name": "Arthur", "season": 1984, "cat": -1, "wind": 28 }, "geometry": { "type": "LineString", "coordinates": [ [ -61.3, 18.5 ], [ -61.4, 18.7 ] ] } },
{ "type": "Feature", "properties": { "sid": "1984242N11309", "name": "Arthur", "season": 1984, "cat": -1, "wind": 30 }, "geometry": { "type": "LineString", "coordinates": [ [ -61.4, 18.7 ], [ -61.6, 18.8 ] ] } },
{ "type": "Feature", "properties": { "sid": "1984242N11309", "name": "Arthur", "season": 1984, "cat": -1, "wind": 30 }, "geometry": { "type": "LineString", "coordinates": [ [ -61.6, 18.8 ], [ -61.8, 18.9 ] ] } },
{ "type": "Feature", "properties": { "sid": "1984242N11309", "name": "Arthur", "season": 1984, "cat": -1, "wind": 30 }, "geometry": { "type": "LineString", "coordinates": [ [ -61.8, 18.9 ], [ -61.9, 19.0 ] ] } },
{ "type": "Feature", "properties": { "sid": "1984242N11309", "name": "Arthur", "season": 1984, "cat": -1, "wind": 30 }, "geometry": { "type": "LineString", "coordinates": [ [ -61.9, 19.0 ], [ -62.0, 19.2 ] ] } },
{ "type": "Feature", "properties": { "sid": "1984242N11309", "name": "Arthur", "season": 1984, "cat": -1, "wind": 30 }, "geometry": { "type": "LineString", "coordinates": [ [ -62.0, 19.2 ], [ -62.1, 19.3 ] ] } },
{ "type": "Feature", "properties": { "sid": "1984242N11309", "name": "Arthur", "season": 1984, "cat": -1, "wind": 30 }, "geometry": { "type": "LineString", "coordinates": [ [ -62.1, 19.3 ], [ -62.2, 19.5 ] ] } },
{ "type": "Feature", "properties": { "sid": "1984242N11309", "name": "Arthur", "season": 1984, "cat": -1, "wind": 30 }, "geometry": { "type": "LineString", "coordinates": [ [ -62.2, 19.5 ], [ -62.4, 19.6 ] ] } },
{ "type": "Feature", "properties": { "sid": "1984242N11309", "name": "Arthur", "season": 1984, "cat": -1, "wind": 30 }, "geometry": { "type": "LineString", "coordinates": [ [ -62.4, 19.6 ], [ -62.6, 19.8 ] ] } },
{ "type": "Feature", "properties": { "sid": "1984242N11309", "name": "Arthur", "season": 1984, "cat": -1, "wind": 30 }, "geometry": { "type": "LineString", "coordinates": [ [ -62.6, 19.8 ], [ -62.8, 20.0 ] ] } },
{ "type": "Feature", "properties": { "sid": "1984242N11309", "name": "Arthur", "season": 1984, "cat": -1, "wind": 28 }, "geometry": { "type": "LineString", "coordinates": [ [ -62.8, 20.0 ], [ -62.9, 20.2 ] ] } },
{ "type": "Feature", "properties": { "sid": "1984242N11309", "name": "Arthur", "season": 1984, "cat": -1, "wind": 25 }, "geometry": { "type": "LineString", "coordinates": [ [ -62.9, 20.2 ], [ -63.1, 20.6 ] ] } },
{ "type": "Feature", "properties": { "sid": "1984242N11309", "name": "Arthur", "season": 1984, "cat": -1, "wind": 25 }, "geometry": { "type": "LineString", "coordinates": [ [ -63.1, 20.6 ], [ -63.3, 21.0 ] ] } },
{ "type": "Feature", "properties": { "sid": "1984242N11309", "name": "Arthur", "season": 1984, "cat": -1, "wind": 25 }, "geometry": { "type": "LineString", "coordinates": [ [ -63.3, 21.0 ], [ -63.6, 21.4 ] ] } },
{ "type": "Feature", "properties": { "sid": "1984242N11309", "name": "Arthur", "season": 1984, "cat": -1, "wind": 25 }, "geometry": { "type": "LineString", "coordinates": [ [ -63.6, 21.4 ], [ -64.0, 21.8 ] ] } },
{ "type": "Feature", "properties": { "sid": "1984242N11309", "name": "Arthur", "season": 1984, "cat": -1, "wind": 25 }, "geometry": { "type": "LineString", "coordinates": [ [ -64.0, 21.8 ], [ -64.5, 22.1 ] ] } },
{ "type": "Feature", "properties": { "sid": "1984242N11309", "name": "Arthur", "season": 1984, "cat": -1, "wind": 25 }, "geometry": { "type": "LineString", "coordinates": [ [ -64.5, 22.1 ], [ -65.0, 22.3 ] ] } },
{ "type": "Feature", "properties": { "sid": "1984242N11309", "name": "Arthur", "season": 1984, "cat": -1, "wind": 25 }, "geometry": { "type": "LineString", "coordinates": [ [ -65.0, 22.3 ], [ -65.5, 22.6 ] ] } },
{ "type": "Feature", "properties": { "sid": "1984242N11309", "name": "Arthur", "season": 1984, "cat": -1, "wind": 25 }, "geometry": { "type": "LineString", "coordinates": [ [ -65.5, 22.6 ], [ -66.0, 22.8 ] ] } },
{ "type": "Feature", "properties": { "sid": "1984242N11309", "name": "Arthur", "season": 1984, "cat": -1, "wind": 25 }, "geometry": { "type": "LineString", "coordinates": [ [ -66.0, 22.8 ], [ -66.5, 22.9 ] ] } },
{ "type": "Feature", "properties": { "sid": "1984242N11309", "name": "Arthur", "season": 1984, "cat": -1, "wind": 25 }, "geometry": { "type": "LineString", "coordinates": [ [ -66.5, 22.9 ], [ -66.9, 23.1 ] ] } },
{ "type": "Feature", "properties": { "sid": "1984242N11309", "name": "Arthur", "season": 1984, "cat": -1, "wind": 25 }, "geometry": { "type": "LineString", "coordinates": [ [ -66.9, 23.1 ], [ -67.4, 23.5 ] ] } },
{ "type": "Feature", "properties": { "sid": "1984242N11309", "name": "Arthur", "season": 1984, "cat": -1, "wind": 25 }, "geometry": { "type": "LineString", "coordinates": [ [ -67.4, 23.5 ], [ -67.9, 24.0 ] ] } },
{ "type": "Feature", "properties": { "sid": "1984242N11309", "name": "Arthur", "season": 1984, "cat": -1, "wind": 25 }, "geometry": { "type": "LineString", "coordinates": [ [ -67.9, 24.0 ], [ -68.2, 24.5 ] ] } },
{ "type": "Feature", "properties": { "sid": "1984242N11309", "name": "Arthur", "season": 1984, "cat": -1, "wind": 25 }, "geometry": { "type": "LineString", "coordinates": [ [ -68.2, 24.5 ], [ -68.5, 25.0 ] ] } },
{ "type": "Feature", "properties": { "sid": "1984311N15291", "name": "Klaus", "season": 1984, "cat": -1, "wind": 15 }, "geometry": { "type": "LineString", "coordinates": [ [ -68.8, 14.7 ], [ -68.4, 14.9 ] ] } },
{ "type": "Feature", "properties": { "sid": "1984311N15291", "name": "Klaus", "season": 1984, "cat": -1, "wind": 15 }, "geometry": { "type": "LineString", "coordinates": [ [ -68.4, 14.9 ], [ -68.1, 15.2 ] ] } },
{ "type": "Feature", "properties": { "sid": "1984311N15291", "name": "Klaus", "season": 1984, "cat": -1, "wind": 15 }, "geometry": { "type": "LineString", "coordinates": [ [ -68.1, 15.2 ], [ -67.9, 15.5 ] ] } },
{ "type": "Feature", "properties": { "sid": "1984311N15291", "name": "Klaus", "season": 1984, "cat": -1, "wind": 18 }, "geometry": { "type": "LineString", "coordinates": [ [ -67.9, 15.5 ], [ -67.7, 15.8 ] ] } },
{ "type": "Feature", "properties": { "sid": "1984311N15291", "name": "Klaus", "season": 1984, "cat": -1, "wind": 20 }, "geometry": { "type": "LineString", "coordinates": [ [ -67.7, 15.8 ], [ -67.4, 16.1 ] ] } },
{ "type": "Feature", "properties": { "sid": "1984311N15291", "name": "Klaus", "season": 1984, "cat": -1, "wind": 23 }, "geometry": { "type": "LineString", "coordinates": [ [ -67.4, 16.1 ], [ -67.1, 16.4 ] ] } },
{ "type": "Feature", "properties": { "sid": "1984311N15291", "name": "Klaus", "season": 1984, "cat": -1, "wind": 25 }, "geometry": { "type": "LineString", "coordinates": [ [ -67.1, 16.4 ], [ -66.9, 16.7 ] ] } },
{ "type": "Feature", "properties": { "sid": "1984311N15291", "name": "Klaus", "season": 1984, "cat": -1, "wind": 30 }, "geometry": { "type": "LineString", "coordinates": [ [ -66.9, 16.7 ], [ -66.7, 17.0 ] ] } },
{ "type": "Feature", "properties": { "sid": "1984311N15291", "name": "Klaus", "season": 1984, "cat": 0, "wind": 35 }, "geometry": { "type": "LineString", "coordinates": [ [ -66.7, 17.0 ], [ -66.4, 17.2 ] ] } },
{ "type": "Feature", "properties": { "sid": "1984311N15291", "name": "Klaus", "season": 1984, "cat": 0, "wind": 38 }, "geometry": { "type": "LineString", "coordinates": [ [ -66.4, 17.2 ], [ -66.2, 17.4 ] ] } },
{ "type": "Feature", "properties": { "sid": "1984311N15291", "name": "Klaus", "season": 1984, "cat": 0, "wind": 40 }, "geometry": { "type": "LineString", "coordinates": [ [ -66.2, 17.4 ], [ -66.0, 17.7 ] ] } },
{ "type": "Feature", "properties": { "sid": "1984311N15291", "name": "Klaus", "season": 1984, "cat": 0, "wind": 43 }, "geometry": { "type": "LineString", "coordinates": [ [ -66.0, 17.7 ], [ -65.8, 18.0 ] ] } },
{ "type": "Feature", "properties": { "sid": "1984311N15291", "name": "Klaus", "season": 1984, "cat": 0, "wind": 45 }, "geometry": { "type": "LineString", "coordinates": [ [ -65.8, 18.0 ], [ -65.5, 18.3 ] ] } },
{ "type": "Feature", "properties": { "sid": "1984311N15291", "name": "Klaus", "season": 1984, "cat": 0, "wind": 48 }, "geometry": { "type": "LineString", "coordinates": [ [ -65.5, 18.3 ], [ -65.2, 18.5 ] ] } },
{ "type": "Feature", "properties": { "sid": "1984311N15291", "name": "Klaus", "season": 1984, "cat": 0, "wind": 50 }, "geometry": { "type": "LineString", "coordinates": [ [ -65.2, 18.5 ], [ -65.0, 18.8 ] ] } },
{ "type": "Feature", "properties": { "sid": "1984311N15291", "name": "Klaus", "season": 1984, "cat": 0, "wind": 55 }, "geometry": { "type": "LineString", "coordinates": [ [ -65.0, 18.8 ], [ -64.7, 19.1 ] ] } },
{ "type": "Feature", "properties": { "sid": "1984311N15291", "name": "Klaus", "season": 1984, "cat": 0, "wind": 60 }, "geometry": { "type": "LineString", "coordinates": [ [ -64.7, 19.1 ], [ -64.4, 19.3 ] ] } },
{ "type": "Feature", "properties": { "sid": "1984311N15291", "name": "Klaus", "season": 1984, "cat": 0, "wind": 63 }, "geometry": { "type": "LineString", "coordinates": [ [ -64.4, 19.3 ], [ -64.0, 19.4 ] ] } },
{ "type": "Feature", "properties": { "sid": "1984311N15291", "name": "Klaus", "season": 1984, "cat": 1, "wind": 65 }, "geometry": { "type": "LineString", "coordinates": [ [ -64.0, 19.4 ], [ -63.6, 19.5 ] ] } },
{ "type": "Feature", "properties": { "sid": "1984311N15291", "name": "Klaus", "season": 1984, "cat": 1, "wind": 68 }, "geometry": { "type": "LineString", "coordinates": [ [ -63.6, 19.5 ], [ -63.1, 19.6 ] ] } },
{ "type": "Feature", "properties": { "sid": "1984311N15291", "name": "Klaus", "season": 1984, "cat": 1, "wind": 70 }, "geometry": { "type": "LineString", "coordinates": [ [ -63.1, 19.6 ], [ -62.6, 19.6 ] ] } },
{ "type": "Feature", "properties": { "sid": "1984311N15291", "name": "Klaus", "season": 1984, "cat": 1, "wind": 73 }, "geometry": { "type": "LineString", "coordinates": [ [ -62.6, 19.6 ], [ -62.2, 19.7 ] ] } },
{ "type": "Feature", "properties": { "sid": "1984311N15291", "name": "Klaus", "season": 1984, "cat": 1, "wind": 75 }, "geometry": { "type": "LineString", "coordinates": [ [ -62.2, 19.7 ], [ -61.8, 19.8 ] ] } },
{ "type": "Feature", "properties": { "sid": "1984311N15291", "name": "Klaus", "season": 1984, "cat": 1, "wind": 78 }, "geometry": { "type": "LineString", "coordinates": [ [ -61.8, 19.8 ], [ -61.4, 19.9 ] ] } },
{ "type": "Feature", "properties": { "sid": "1984311N15291", "name": "Klaus", "season": 1984, "cat": 1, "wind": 80 }, "geometry": { "type": "LineString", "coordinates": [ [ -61.4, 19.9 ], [ -61.1, 20.1 ] ] } },
{ "type": "Feature", "properties": { "sid": "1984311N15291", "name": "Klaus", "season": 1984, "cat": 1, "wind": 80 }, "geometry": { "type": "LineString", "coordinates": [ [ -61.1, 20.1 ], [ -60.8, 20.4 ] ] } },
{ "type": "Feature", "properties": { "sid": "1984311N15291", "name": "Klaus", "season": 1984, "cat": 1, "wind": 80 }, "geometry": { "type": "LineString", "coordinates": [ [ -60.8, 20.4 ], [ -60.5, 20.7 ] ] } },
{ "type": "Feature", "properties": { "sid": "1984311N15291", "name": "Klaus", "season": 1984, "cat": 1, "wind": 80 }, "geometry": { "type": "LineString", "coordinates": [ [ -60.5, 20.7 ], [ -60.1, 21.1 ] ] } },
{ "type": "Feature", "properties": { "sid": "1984311N15291", "name": "Klaus", "season": 1984, "cat": 1, "wind": 80 }, "geometry": { "type": "LineString", "coordinates": [ [ -60.1, 21.1 ], [ -59.8, 21.4 ] ] } },
{ "type": "Feature", "properties": { "sid": "1984311N15291", "name": "Klaus", "season": 1984, "cat": 1, "wind": 80 }, "geometry": { "type": "LineString", "coordinates": [ [ -59.8, 21.4 ], [ -59.5, 21.8 ] ] } },
{ "type": "Feature", "properties": { "sid": "1984311N15291", "name": "Klaus", "season": 1984, "cat": 1, "wind": 80 }, "geometry": { "type": "LineString", "coordinates": [ [ -59.5, 21.8 ], [ -59.1, 22.2 ] ] } },
{ "type": "Feature", "properties": { "sid": "1984311N15291", "name": "Klaus", "season": 1984, "cat": 1, "wind": 80 }, "geometry": { "type": "LineString", "coordinates": [ [ -59.1, 22.2 ], [ -58.7, 22.7 ] ] } },
{ "type": "Feature", "properties": { "sid": "1984348N35300", "name": "Lili", "season": 1984, "cat": 0, "wind": 55 }, "geometry": { "type": "LineString", "coordinates": [ [ -58.9, 22.7 ], [ -59.9, 22.3 ] ] } },
{ "type": "Feature", "properties": { "sid": "1984348N35300", "name": "Lili", "season": 1984, "cat": 0, "wind": 53 }, "geometry": { "type": "LineString", "coordinates": [ [ -59.9, 22.3 ], [ -61.0, 22.0 ] ] } },
{ "type": "Feature", "properties": { "sid": "1984348N35300", "name": "Lili", "season": 1984, "cat": 0, "wind": 50 }, "geometry": { "type": "LineString", "coordinates": [ [ -61.0, 22.0 ], [ -62.1, 21.6 ] ] } },
{ "type": "Feature", "properties": { "sid": "1984348N35300", "name": "Lili", "season": 1984, "cat": 0, "wind": 48 }, "geometry": { "type": "LineString", "coordinates": [ [ -62.1, 21.6 ], [ -63.1, 21.2 ] ] } },
{ "type": "Feature", "properties": { "sid": "1984348N35300", "name": "Lili", "season": 1984, "cat": 0, "wind": 45 }, "geometry": { "type": "LineString", "coordinates": [ [ -63.1, 21.2 ], [ -64.1, 20.8 ] ] } },
{ "type": "Feature", "properties": { "sid": "1984348N35300", "name": "Lili", "season": 1984, "cat": 0, "wind": 40 }, "geometry": { "type": "LineString", "coordinates": [ [ -64.1, 20.8 ], [ -65.1, 20.5 ] ] } },
{ "type": "Feature", "properties": { "sid": "1984348N35300", "name": "Lili", "season": 1984, "cat": 0, "wind": 35 }, "geometry": { "type": "LineString", "coordinates": [ [ -65.1, 20.5 ], [ -66.3, 20.2 ] ] } },
{ "type": "Feature", "properties": { "sid": "1984348N35300", "name": "Lili", "season": 1984, "cat": -1, "wind": 33 }, "geometry": { "type": "LineString", "coordinates": [ [ -66.3, 20.2 ], [ -67.5, 19.9 ] ] } },
{ "type": "Feature", "properties": { "sid": "1984348N35300", "name": "Lili", "season": 1984, "cat": -1, "wind": 30 }, "geometry": { "type": "LineString", "coordinates": [ [ -67.5, 19.9 ], [ -68.5, 19.6 ] ] } },
{ "type": "Feature", "properties": { "sid": "1984348N35300", "name": "Lili", "season": 1984, "cat": -1, "wind": 28 }, "geometry": { "type": "LineString", "coordinates": [ [ -68.5, 19.6 ], [ -69.4, 19.2 ] ] } },
{ "type": "Feature", "properties": { "sid": "1985255N12300", "name": "Unnamed", "season": 1985, "cat": -1, "wind": 28 }, "geometry": { "type": "LineString", "coordinates": [ [ -60.8, 11.8 ], [ -61.2, 12.0 ] ] } },
{ "type": "Feature", "properties": { "sid": "1985255N12300", "name": "Unnamed", "season": 1985, "cat": -1, "wind": 30 }, "geometry": { "type": "LineString", "coordinates": [ [ -61.2, 12.0 ], [ -61.7, 12.2 ] ] } },
{ "type": "Feature", "properties": { "sid": "1985255N12300", "name": "Unnamed", "season": 1985, "cat": -1, "wind": 30 }, "geometry": { "type": "LineString", "coordinates": [ [ -61.7, 12.2 ], [ -62.2, 12.4 ] ] } },
{ "type": "Feature", "properties": { "sid": "1985255N12300", "name": "Unnamed", "season": 1985, "cat": -1, "wind": 30 }, "geometry": { "type": "LineString", "coordinates": [ [ -62.2, 12.4 ], [ -62.7, 12.6 ] ] } },
{ "type": "Feature", "properties": { "sid": "1985255N12300", "name": "Unnamed", "season": 1985, "cat": -1, "wind": 30 }, "geometry": { "type": "LineString", "coordinates": [ [ -62.7, 12.6 ], [ -63.2, 12.8 ] ] } },
{ "type": "Feature", "properties": { "sid": "1985255N12300", "name": "Unnamed", "season": 1985, "cat": -1, "wind": 30 }, "geometry": { "type": "LineString", "coordinates": [ [ -63.2, 12.8 ], [ -63.6, 12.9 ] ] } },
{ "type": "Feature", "properties": { "sid": "1985255N12300", "name": "Unnamed", "season": 1985, "cat": -1, "wind": 30 }, "geometry": { "type": "LineString", "coordinates": [ [ -63.6, 12.9 ], [ -64.1, 12.9 ] ] } },
{ "type": "Feature", "properties": { "sid": "1985255N12300", "name": "Unnamed", "season": 1985, "cat": -1, "wind": 30 }, "geometry": { "type": "LineString", "coordinates": [ [ -64.1, 12.9 ], [ -64.8, 13.0 ] ] } },
{ "type": "Feature", "properties": { "sid": "1985255N12300", "name": "Unnamed", "season": 1985, "cat": -1, "wind": 30 }, "geometry": { "type": "LineString", "coordinates": [ [ -64.8, 13.0 ], [ -65.6, 13.1 ] ] } },
{ "type": "Feature", "properties": { "sid": "1985255N12300", "name": "Unnamed", "season": 1985, "cat": -1, "wind": 30 }, "geometry": { "type": "LineString", "coordinates": [ [ -65.6, 13.1 ], [ -66.3, 13.2 ] ] } },
{ "type": "Feature", "properties": { "sid": "1985255N12300", "name": "Unnamed", "season": 1985, "cat": -1, "wind": 30 }, "geometry": { "type": "LineString", "coordinates": [ [ -66.3, 13.2 ], [ -67.0, 13.4 ] ] } },
{ "type": "Feature", "properties": { "sid": "1985255N12300", "name": "Unnamed", "season": 1985, "cat": -1, "wind": 30 }, "geometry": { "type": "LineString", "coordinates": [ [ -67.0, 13.4 ], [ -67.7, 13.6 ] ] } },
{ "type": "Feature", "properties": { "sid": "1985255N12300", "name": "Unnamed", "season": 1985, "cat": -1, "wind": 30 }, "geometry": { "type": "LineString", "coordinates": [ [ -67.7, 13.6 ], [ -68.5, 13.8 ] ] } },
{ "type": "Feature", "properties": { "sid": "1985255N12300", "name": "Unnamed", "season": 1985, "cat": -1, "wind": 30 }, "geometry": { "type": "LineString", "coordinates": [ [ -68.5, 13.8 ], [ -69.2, 13.9 ] ] } },
{ "type": "Feature", "properties": { "sid": "1985255N12300", "name": "Unnamed", "season": 1985, "cat": -1, "wind": 28 }, "geometry": { "type": "LineString", "coordinates": [ [ -69.2, 13.9 ], [ -70.0, 14.0 ] ] } },
{ "type": "Feature", "properties": { "sid": "1985255N12300", "name": "Unnamed", "season": 1985, "cat": -1, "wind": 25 }, "geometry": { "type": "LineString", "coordinates": [ [ -70.0, 14.0 ], [ -70.9, 14.1 ] ] } },
{ "type": "Feature", "properties": { "sid": "1985255N12300", "name": "Unnamed", "season": 1985, "cat": -1, "wind": 23 }, "geometry": { "type": "LineString", "coordinates": [ [ -70.9, 14.1 ], [ -71.8, 14.2 ] ] } },
{ "type": "Feature", "properties": { "sid": "1985260N13336", "name": "Gloria", "season": 1985, "cat": 1, "wind": 70 }, "geometry": { "type": "LineString", "coordinates": [ [ -57.1, 17.8 ], [ -57.7, 17.8 ] ] } },
{ "type": "Feature", "properties": { "sid": "1985260N13336", "name": "Gloria", "season": 1985, "cat": 1, "wind": 70 }, "geometry": { "type": "LineString", "coordinates": [ [ -57.7, 17.8 ], [ -58.2, 17.8 ] ] } },
{ "type": "Feature", "properties": { "sid": "1985260N13336", "name": "Gloria", "season": 1985, "cat": 1, "wind": 70 }, "geometry": { "type": "LineString", "coordinates": [ [ -58.2, 17.8 ], [ -58.6, 18.1 ] ] } },
{ "type": "Feature", "properties": { "sid": "1985260N13336", "name": "Gloria", "season": 1985, "cat": 1, "wind": 68 }, "geometry": { "type": "LineString", "coordinates": [ [ -58.6, 18.1 ], [ -59.0, 18.4 ] ] } },
{ "type": "Feature", "properties": { "sid": "1985260N13336", "name": "Gloria", "season": 1985, "cat": 1, "wind": 65 }, "geometry": { "type": "LineString", "coordinates": [ [ -59.0, 18.4 ], [ -59.6, 18.7 ] ] } },
{ "type": "Feature", "properties": { "sid": "1985260N13336", "name": "Gloria", "season": 1985, "cat": 1, "wind": 65 }, "geometry": { "type": "LineString", "coordinates": [ [ -59.6, 18.7 ], [ -60.2, 19.0 ] ] } },
{ "type": "Feature", "properties": { "sid": "1985260N13336", "name": "Gloria", "season": 1985, "cat": 1, "wind": 65 }, "geometry": { "type": "LineString", "coordinates": [ [ -60.2, 19.0 ], [ -60.8, 19.3 ] ] } },
{ "type": "Feature", "properties": { "sid": "1985260N13336", "name": "Gloria", "season": 1985, "cat": 1, "wind": 65 }, "geometry": { "type": "LineString", "coordinates": [ [ -60.8, 19.3 ], [ -61.5, 19.7 ] ] } },
{ "type": "Feature", "properties": { "sid": "1985260N13336", "name": "Gloria", "season": 1985, "cat": 1, "wind": 65 }, "geometry": { "type": "LineString", "coordinates": [ [ -61.5, 19.7 ], [ -62.2, 20.1 ] ] } },
{ "type": "Feature", "properties": { "sid": "1985260N13336", "name": "Gloria", "season": 1985, "cat": 1, "wind": 65 }, "geometry": { "type": "LineString", "coordinates": [ [ -62.2, 20.1 ], [ -62.9, 20.4 ] ] } },
{ "type": "Feature", "properties": { "sid": "1985260N13336", "name": "Gloria", "season": 1985, "cat": 1, "wind": 65 }, "geometry": { "type": "LineString", "coordinates": [ [ -62.9, 20.4 ], [ -63.6, 20.7 ] ] } },
{ "type": "Feature", "properties": { "sid": "1985260N13336", "name": "Gloria", "season": 1985, "cat": 1, "wind": 70 }, "geometry": { "type": "LineString", "coordinates": [ [ -63.6, 20.7 ], [ -64.2, 21.0 ] ] } },
{ "type": "Feature", "properties": { "sid": "1985260N13336", "name": "Gloria", "season": 1985, "cat": 1, "wind": 75 }, "geometry": { "type": "LineString", "coordinates": [ [ -64.2, 21.0 ], [ -64.9, 21.3 ] ] } },
{ "type": "Feature", "properties": { "sid": "1985260N13336", "name": "Gloria", "season": 1985, "cat": 2, "wind": 85 }, "geometry": { "type": "LineString", "coordinates": [ [ -64.9, 21.3 ], [ -65.5, 21.5 ] ] } },
{ "type": "Feature", "properties": { "sid": "1985260N13336", "name": "Gloria", "season": 1985, "cat": 2, "wind": 95 }, "geometry": { "type": "LineString", "coordinates": [ [ -65.5, 21.5 ], [ -66.2, 21.7 ] ] } },
{ "type": "Feature", "properties": { "sid": "1985260N13336", "name": "Gloria", "season": 1985, "cat": 3, "wind": 98 }, "geometry": { "type": "LineString", "coordinates": [ [ -66.2, 21.7 ], [ -66.8, 21.9 ] ] } },
{ "type": "Feature", "properties": { "sid": "1985260N13336", "name": "Gloria", "season": 1985, "cat": 3, "wind": 100 }, "geometry": { "type": "LineString", "coordinates": [ [ -66.8, 21.9 ], [ -67.4, 22.2 ] ] } },
{ "type": "Feature", "properties": { "sid": "1985260N13336", "name": "Gloria", "season": 1985, "cat": 3, "wind": 100 }, "geometry": { "type": "LineString", "coordinates": [ [ -67.4, 22.2 ], [ -67.9, 22.5 ] ] } },
{ "type": "Feature", "properties": { "sid": "1985260N13336", "name": "Gloria", "season": 1985, "cat": 3, "wind": 100 }, "geometry": { "type": "LineString", "coordinates": [ [ -67.9, 22.5 ], [ -68.5, 22.8 ] ] } },
{ "type": "Feature", "properties": { "sid": "1985260N13336", "name": "Gloria", "season": 1985, "cat": 3, "wind": 103 }, "geometry": { "type": "LineString", "coordinates": [ [ -68.5, 22.8 ], [ -69.0, 23.2 ] ] } },
{ "type": "Feature", "properties": { "sid": "1985260N13336", "name": "Gloria", "season": 1985, "cat": 3, "wind": 105 }, "geometry": { "type": "LineString", "coordinates": [ [ -69.0, 23.2 ], [ -69.5, 23.7 ] ] } },
{ "type": "Feature", "properties": { "sid": "1985260N13336", "name": "Gloria", "season": 1985, "cat": 4, "wind": 113 }, "geometry": { "type": "LineString", "coordinates": [ [ -69.5, 23.7 ], [ -70.0, 24.2 ] ] } },
{ "type": "Feature", "properties": { "sid": "1985260N13336", "name": "Gloria", "season": 1985, "cat": 4, "wind": 120 }, "geometry": { "type": "LineString", "coordinates": [ [ -70.0, 24.2 ], [ -70.4, 24.6 ] ] } },
{ "type": "Feature", "properties": { "sid": "1985260N13336", "name": "Gloria", "season": 1985, "cat": 4, "wind": 123 }, "geometry": { "type": "LineString", "coordinates": [ [ -70.4, 24.6 ], [ -70.9, 25.1 ] ] } },
{ "type": "Feature", "properties": { "sid": "1985280N18291", "name": "Isabel", "season": 1985, "cat": -1, "wind": 30 }, "geometry": { "type": "LineString", "coordinates": [ [ -69.2, 17.8 ], [ -69.9, 18.1 ] ] } },
{ "type": "Feature", "properties": { "sid": "1985280N18291", "name": "Isabel", "season": 1985, "cat": -1, "wind": 33 }, "geometry": { "type": "LineString", "coordinates": [ [ -69.9, 18.1 ], [ -70.5, 18.5 ] ] } },
{ "type": "Feature", "properties": { "sid": "1985280N18291", "name": "Isabel", "season": 1985, "cat": 0, "wind": 35 }, "geometry": { "type": "LineString", "coordinates": [ [ -70.5, 18.5 ], [ -70.9, 19.1 ] ] } },
{ "type": "Feature", "properties": { "sid": "1985280N18291", "name": "Isabel", "season": 1985, "cat": 0, "wind": 38 }, "geometry": { "type": "LineString", "coordinates": [ [ -70.9, 19.1 ], [ -71.2, 19.8 ] ] } },
{ "type": "Feature", "properties": { "sid": "1985280N18291", "name": "Isabel", "season": 1985, "cat": 0, "wind": 40 }, "geometry": { "type": "LineString", "coordinates": [ [ -71.2, 19.8 ], [ -71.4, 20.4 ] ] } },
{ "type": "Feature", "properties": { "sid": "1985280N18291", "name": "Isabel", "season": 1985, "cat": 0, "wind": 40 }, "geometry": { "type": "LineString", "coordinates": [ [ -71.4, 20.4 ], [ -71.5, 21.1 ] ] } },
{ "type": "Feature", "properties": { "sid": "1985280N18291", "name": "Isabel", "season": 1985, "cat": 0, "wind": 40 }, "geometry": { "type": "LineString", "coordinates": [ [ -71.5, 21.1 ], [ -71.4, 21.7 ] ] } },
{ "type": "Feature", "properties": { "sid": "1985280N18291", "name": "Isabel", "season": 1985, "cat": 0, "wind": 43 }, "geometry": { "type": "LineString", "coordinates": [ [ -71.4, 21.7 ], [ -71.2, 22.4 ] ] } },
{ "type": "Feature", "properties": { "sid": "1985280N18291", "name": "Isabel", "season": 1985, "cat": 0, "wind": 45 }, "geometry": { "type": "LineString", "coordinates": [ [ -71.2, 22.4 ], [ -71.1, 23.3 ] ] } },
{ "type": "Feature", "properties": { "sid": "1985280N18291", "name": "Isabel", "season": 1985, "cat": 0, "wind": 48 }, "geometry": { "type": "LineString", "coordinates": [ [ -71.1, 23.3 ], [ -71.1, 24.1 ] ] } },
{ "type": "Feature", "properties": { "sid": "1985280N18291", "name": "Isabel", "season": 1985, "cat": 0, "wind": 50 }, "geometry": { "type": "LineString", "coordinates": [ [ -71.1, 24.1 ], [ -71.3, 24.7 ] ] } },
{ "type": "Feature", "properties": { "sid": "1985280N18291", "name": "Isabel", "season": 1985, "cat": 0, "wind": 53 }, "geometry": { "type": "LineString", "coordinates": [ [ -71.3, 24.7 ], [ -71.5, 25.2 ] ] } },
{ "type": "Feature", "properties": { "sid": "1985320N21296", "name": "Kate", "season": 1985, "cat": 0, "wind": 35 }, "geometry": { "type": "LineString", "coordinates": [ [ -63.8, 21.1 ], [ -63.8, 21.4 ] ] } },
{ "type": "Feature", "properties": { "sid": "1985320N21296", "name": "Kate", "season": 1985, "cat": 0, "wind": 40 }, "geometry": { "type": "LineString", "coordinates": [ [ -63.8, 21.4 ], [ -63.9, 21.6 ] ] } },
{ "type": "Feature", "properties": { "sid": "1985320N21296", "name": "Kate", "season": 1985, "cat": 0, "wind": 45 }, "geometry": { "type": "LineString", "coordinates": [ [ -63.9, 21.6 ], [ -64.0, 21.7 ] ] } },
{ "type": "Feature", "properties": { "sid": "1985320N21296", "name": "Kate", "season": 1985, "cat": 0, "wind": 48 }, "geometry": { "type": "LineString", "coordinates": [ [ -64.0, 21.7 ], [ -64.2, 21.7 ] ] } },
{ "type": "Feature", "properties": { "sid": "1985320N21296", "name": "Kate", "season": 1985, "cat": 0, "wind": 50 }, "geometry": { "type": "LineString", "coordinates": [ [ -64.2, 21.7 ], [ -64.5, 21.6 ] ] } },
{ "type": "Feature", "properties": { "sid": "1985320N21296", "name": "Kate", "season": 1985, "cat": 0, "wind": 53 }, "geometry": { "type": "LineString", "coordinates": [ [ -64.5, 21.6 ], [ -64.8, 21.5 ] ] } },
{ "type": "Feature", "properties": { "sid": "1985320N21296", "name": "Kate", "season": 1985, "cat": 0, "wind": 55 }, "geometry": { "type": "LineString", "coordinates": [ [ -64.8, 21.5 ], [ -65.0, 21.3 ] ] } },
{ "type": "Feature", "properties": { "sid": "1985320N21296", "name": "Kate", "season": 1985, "cat": 0, "wind": 63 }, "geometry": { "type": "LineString", "coordinates": [ [ -65.0, 21.3 ], [ -65.3, 21.1 ] ] } },
{ "type": "Feature", "properties": { "sid": "1985320N21296", "name": "Kate", "season": 1985, "cat": 1, "wind": 70 }, "geometry": { "type": "LineString", "coordinates": [ [ -65.3, 21.1 ], [ -65.7, 20.9 ] ] } },
{ "type": "Feature", "properties": { "sid": "1985320N21296", "name": "Kate", "season": 1985, "cat": 1, "wind": 73 }, "geometry": { "type": "LineString", "coordinates": [ [ -65.7, 20.9 ], [ -66.0, 20.7 ] ] } },
{ "type": "Feature", "properties": { "sid": "1985320N21296", "name": "Kate", "season": 1985, "cat": 1, "wind": 75 }, "geometry": { "type": "LineString", "coordinates": [ [ -66.0, 20.7 ], [ -66.2, 20.5 ] ] } },
{ "type": "Feature", "properties": { "sid": "1985320N21296", "name": "Kate", "season": 1985, "cat": 1, "wind": 75 }, "geometry": { "type": "LineString", "coordinates": [ [ -66.2, 20.5 ], [ -66.4, 20.4 ] ] } },
{ "type": "Feature", "properties": { "sid": "1985320N21296", "name": "Kate", "season": 1985, "cat": 1, "wind": 75 }, "geometry": { "type": "LineString", "coordinates": [ [ -66.4, 20.4 ], [ -66.8, 20.5 ] ] } },
{ "type": "Feature", "properties": { "sid": "1985320N21296", "name": "Kate", "season": 1985, "cat": 1, "wind": 75 }, "geometry": { "type": "LineString", "coordinates": [ [ -66.8, 20.5 ], [ -67.3, 20.7 ] ] } },
{ "type": "Feature", "properties": { "sid": "1985320N21296", "name": "Kate", "season": 1985, "cat": 1, "wind": 75 }, "geometry": { "type": "LineString", "coordinates": [ [ -67.3, 20.7 ], [ -68.0, 20.9 ] ] } },
{ "type": "Feature", "properties": { "sid": "1985320N21296", "name": "Kate", "season": 1985, "cat": 1, "wind": 78 }, "geometry": { "type": "LineString", "coordinates": [ [ -68.0, 20.9 ], [ -68.8, 21.1 ] ] } },
{ "type": "Feature", "properties": { "sid": "1985320N21296", "name": "Kate", "season": 1985, "cat": 1, "wind": 80 }, "geometry": { "type": "LineString", "coordinates": [ [ -68.8, 21.1 ], [ -69.4, 21.3 ] ] } },
{ "type": "Feature", "properties": { "sid": "1985320N21296", "name": "Kate", "season": 1985, "cat": 1, "wind": 80 }, "geometry": { "type": "LineString", "coordinates": [ [ -69.4, 21.3 ], [ -70.0, 21.4 ] ] } },
{ "type": "Feature", "properties": { "sid": "1985320N21296", "name": "Kate", "season": 1985, "cat": 1, "wind": 80 }, "geometry": { "type": "LineString", "coordinates": [ [ -70.0, 21.4 ], [ -70.9, 21.5 ] ] } },
{ "type": "Feature", "properties": { "sid": "1985320N21296", "name": "Kate", "season": 1985, "cat": 1, "wind": 80 }, "geometry": { "type": "LineString", "coordinates": [ [ -70.9, 21.5 ], [ -71.8, 21.6 ] ] } },
{ "type": "Feature", "properties": { "sid": "1985320N21296", "name": "Kate", "season": 1985, "cat": 1, "wind": 80 }, "geometry": { "type": "LineString", "coordinates": [ [ -71.8, 21.6 ], [ -72.6, 21.6 ] ] } },
{ "type": "Feature", "properties": { "sid": "1985320N21296", "name": "Kate", "season": 1985, "cat": 1, "wind": 80 }, "geometry": { "type": "LineString", "coordinates": [ [ -72.6, 21.6 ], [ -73.3, 21.6 ] ] } },
{ "type": "Feature", "properties": { "sid": "1985320N21296", "name": "Kate", "season": 1985, "cat": 1, "wind": 80 }, "geometry": { "type": "LineString", "coordinates": [ [ -73.3, 21.6 ], [ -74.2, 21.7 ] ] } },
{ "type": "Feature", "properties": { "sid": "1986250N11308", "name": "Danielle", "season": 1986, "cat": 0, "wind": 50 }, "geometry": { "type": "LineString", "coordinates": [ [ -60.3, 12.3 ], [ -61.2, 12.5 ] ] } },
{ "type": "Feature", "properties": { "sid": "1986250N11308", "name": "Danielle", "season": 1986, "cat": 0, "wind": 50 }, "geometry": { "type": "LineString", "coordinates": [ [ -61.2, 12.5 ], [ -62.1, 12.7 ] ] } },
{ "type": "Feature", "properties": { "sid": "1986250N11308", "name": "Danielle", "season": 1986, "cat": 0, "wind": 50 }, "geometry": { "type": "LineString", "coordinates": [ [ -62.1, 12.7 ], [ -63.0, 13.0 ] ] } },
{ "type": "Feature", "properties": { "sid": "1986250N11308", "name": "Danielle", "season": 1986, "cat": 0, "wind": 50 }, "geometry": { "type": "LineString", "coordinates": [ [ -63.0, 13.0 ], [ -63.9, 13.2 ] ] } },
{ "type": "Feature", "properties": { "sid": "1986250N11308", "name": "Danielle", "season": 1986, "cat": 0, "wind": 48 }, "geometry": { "type": "LineString", "coordinates": [ [ -63.9, 13.2 ], [ -64.8, 13.4 ] ] } },
{ "type": "Feature", "properties": { "sid": "1986250N11308", "name": "Danielle", "season": 1986, "cat": 0, "wind": 45 }, "geometry": { "type": "LineString", "coordinates": [ [ -64.8, 13.4 ], [ -65.6, 13.6 ] ] } },
{ "type": "Feature", "properties": { "sid": "1986250N11308", "name": "Danielle", "season": 1986, "cat": 0, "wind": 43 }, "geometry": { "type": "LineString", "coordinates": [ [ -65.6, 13.6 ], [ -66.5, 13.8 ] ] } },
{ "type": "Feature", "properties": { "sid": "1986250N11308", "name": "Danielle", "season": 1986, "cat": 0, "wind": 40 }, "geometry": { "type": "LineString", "coordinates": [ [ -66.5, 13.8 ], [ -67.5, 13.9 ] ] } },
{ "type": "Feature", "properties": { "sid": "1986250N11308", "name": "Danielle", "season": 1986, "cat": 0, "wind": 38 }, "geometry": { "type": "LineString", "coordinates": [ [ -67.5, 13.9 ], [ -68.5, 14.0 ] ] } },
{ "type": "Feature", "properties": { "sid": "1986250N11308", "name": "Danielle", "season": 1986, "cat": 0, "wind": 35 }, "geometry": { "type": "LineString", "coordinates": [ [ -68.5, 14.0 ], [ -69.5, 14.2 ] ] } },
{ "type": "Feature", "properties": { "sid": "1986250N11308", "name": "Danielle", "season": 1986, "cat": -1, "wind": 33 }, "geometry": { "type": "LineString", "coordinates": [ [ -69.5, 14.2 ], [ -70.5, 14.5 ] ] } },
{ "type": "Feature", "properties": { "sid": "1986250N11308", "name": "Danielle", "season": 1986, "cat": -1, "wind": 30 }, "geometry": { "type": "LineString", "coordinates": [ [ -70.5, 14.5 ], [ -71.4, 14.7 ] ] } },
{ "type": "Feature", "properties": { "sid": "1986250N11308", "name": "Danielle", "season": 1986, "cat": -1, "wind": 30 }, "geometry": { "type": "LineString", "coordinates": [ [ -71.4, 14.7 ], [ -72.5, 14.8 ] ] } },
{ "type": "Feature", "properties": { "sid": "1986250N11308", "name": "Danielle", "season": 1986, "cat": -1, "wind": 30 }, "geometry": { "type": "LineString", "coordinates": [ [ -72.5, 14.8 ], [ -73.9, 14.9 ] ] } },
{ "type": "Feature", "properties": { "sid": "1986250N11308", "name": "Danielle", "season": 1986, "cat": -1, "wind": 30 }, "geometry": { "type": "LineString", "coordinates": [ [ -73.9, 14.9 ], [ -75.5, 14.9 ] ] } },
{ "type": "Feature", "properties": { "sid": "1987145N21292", "name": "Unnamed", "season": 1987, "cat": -1, "wind": 25 }, "geometry": { "type": "LineString", "coordinates": [ [ -68.5, 21.2 ], [ -68.7, 21.3 ] ] } },
{ "type": "Feature", "properties": { "sid": "1987145N21292", "name": "Unnamed", "season": 1987, "cat": -1, "wind": 25 }, "geometry": { "type": "LineString", "coordinates": [ [ -68.7, 21.3 ], [ -69.0, 21.5 ] ] } },
{ "type": "Feature", "properties": { "sid": "1987145N21292", "name": "Unnamed", "season": 1987, "cat": -1, "wind": 25 }, "geometry": { "type": "LineString", "coordinates": [ [ -69.0, 21.5 ], [ -69.3, 21.7 ] ] } },
{ "type": "Feature", "properties": { "sid": "1987145N21292", "name": "Unnamed", "season": 1987, "cat": -1, "wind": 25 }, "geometry": { "type": "LineString", "coordinates": [ [ -69.3, 21.7 ], [ -69.5, 22.0 ] ] } },
{ "type": "Feature", "properties": { "sid": "1987145N21292", "name": "Unnamed", "season": 1987, "cat": -1, "wind": 25 }, "geometry": { "type": "LineString", "coordinates": [ [ -69.5, 22.0 ], [ -69.6, 22.3 ] ] } },
{ "type": "Feature", "properties": { "sid": "1987145N21292", "name": "Unnamed", "season": 1987, "cat": -1, "wind": 25 }, "geometry": { "type": "LineString", "coordinates": [ [ -69.6, 22.3 ], [ -69.5, 22.6 ] ] } },
{ "type": "Feature", "properties": { "sid": "1987145N21292", "name": "Unnamed", "season": 1987, "cat": -1, "wind": 25 }, "geometry": { "type": "LineString", "coordinates": [ [ -69.5, 22.6 ], [ -69.4, 22.9 ] ] } },
{ "type": "Feature", "properties": { "sid": "1987145N21292", "name": "Unnamed", "season": 1987, "cat": -1, "wind": 28 }, "geometry": { "type": "LineString", "coordinates": [ [ -69.4, 22.9 ], [ -69.3, 23.3 ] ] } },
{ "type": "Feature", "properties": { "sid": "1987145N21292", "name": "Unnamed", "season": 1987, "cat": -1, "wind": 30 }, "geometry": { "type": "LineString", "coordinates": [ [ -69.3, 23.3 ], [ -69.2, 23.7 ] ] } },
{ "type": "Feature", "properties": { "sid": "1987145N21292", "name": "Unnamed", "season": 1987, "cat": -1, "wind": 30 }, "geometry": { "type": "LineString", "coordinates": [ [ -69.2, 23.7 ], [ -69.0, 24.0 ] ] } },
{ "type": "Feature", "properties": { "sid": "1987145N21292", "name": "Unnamed", "season": 1987, "cat": -1, "wind": 30 }, "geometry": { "type": "LineString", "coordinates": [ [ -69.0, 24.0 ], [ -68.9, 24.3 ] ] } },
{ "type": "Feature", "properties": { "sid": "1987145N21292", "name": "Unnamed", "season": 1987, "cat": -1, "wind": 30 }, "geometry": { "type": "LineString", "coordinates": [ [ -68.9, 24.3 ], [ -68.8, 24.6 ] ] } },
{ "type": "Feature", "properties": { "sid": "1987145N21292", "name": "Unnamed", "season": 1987, "cat": -1, "wind": 30 }, "geometry": { "type": "LineString", "coordinates": [ [ -68.8, 24.6 ], [ -68.9, 24.9 ] ] } },
{ "type": "Feature", "properties": { "sid": "1987145N21292", "name": "Unnamed", "season": 1987, "cat": -1, "wind": 30 }, "geometry": { "type": "LineString", "coordinates": [ [ -68.9, 24.9 ], [ -69.0, 25.3 ] ] } },
{ "type": "Feature", "properties": { "sid": "1987145N21292", "name": "Unnamed", "season": 1987, "cat": -1, "wind": 30 }, "geometry": { "type": "LineString", "coordinates": [ [ -69.0, 25.3 ], [ -69.2, 25.7 ] ] } },
{ "type": "Feature", "properties": { "sid": "1987145N21292", "name": "Unnamed", "season": 1987, "cat": -1, "wind": 30 }, "geometry": { "type": "LineString", "coordinates": [ [ -69.6, 25.6 ], [ -69.7, 25.4 ] ] } },
{ "type": "Feature", "properties": { "sid": "1987145N21292", "name": "Unnamed", "season": 1987, "cat": -1, "wind": 30 }, "geometry": { "type": "LineString", "coordinates": [ [ -69.7, 25.4 ], [ -69.9, 25.3 ] ] } },
{ "type": "Feature", "properties": { "sid": "1987145N21292", "name": "Unnamed", "season": 1987, "cat": -1, "wind": 30 }, "geometry": { "type": "LineString", "coordinates": [ [ -69.9, 25.3 ], [ -70.1, 25.3 ] ] } },
{ "type": "Feature", "properties": { "sid": "1987225N13313", "name": "Unnamed", "season": 1987, "cat": -1, "wind": 28 }, "geometry": { "type": "LineString", "coordinates": [ [ -57.7, 17.1 ], [ -58.5, 17.2 ] ] } },
{ "type": "Feature", "properties": { "sid": "1987225N13313", "name": "Unnamed", "season": 1987, "cat": -1, "wind": 25 }, "geometry": { "type": "LineString", "coordinates": [ [ -58.5, 17.2 ], [ -59.5, 17.6 ] ] } },
{ "type": "Feature", "properties": { "sid": "1987225N13313", "name": "Unnamed", "season": 1987, "cat": -1, "wind": 23 }, "geometry": { "type": "LineString", "coordinates": [ [ -59.5, 17.6 ], [ -60.5, 18.0 ] ] } },
{ "type": "Feature", "properties": { "sid": "1987225N13313", "name": "Unnamed", "season": 1987, "cat": -1, "wind": 20 }, "geometry": { "type": "LineString", "coordinates": [ [ -60.5, 18.0 ], [ -61.4, 18.3 ] ] } },
{ "type": "Feature", "properties": { "sid": "1987225N13313", "name": "Unnamed", "season": 1987, "cat": -1, "wind": 20 }, "geometry": { "type": "LineString", "coordinates": [ [ -61.4, 18.3 ], [ -62.2, 18.5 ] ] } },
{ "type": "Feature", "properties": { "sid": "1987225N13313", "name": "Unnamed", "season": 1987, "cat": -1, "wind": 20 }, "geometry": { "type": "LineString", "coordinates": [ [ -62.2, 18.5 ], [ -63.1, 18.7 ] ] } },
{ "type": "Feature", "properties": { "sid": "1987225N13313", "name": "Unnamed", "season": 1987, "cat": -1, "wind": 18 }, "geometry": { "type": "LineString", "coordinates": [ [ -63.1, 18.7 ], [ -64.0, 19.0 ] ] } },
{ "type": "Feature", "properties": { "sid": "1987257N14306", "name": "Unnamed", "season": 1987, "cat": -1, "wind": 30 }, "geometry": { "type": "LineString", "coordinates": [ [ -57.8, 16.5 ], [ -58.2, 16.7 ] ] } },
{ "type": "Feature", "properties": { "sid": "1987257N14306", "name": "Unnamed", "season": 1987, "cat": -1, "wind": 30 }, "geometry": { "type": "LineString", "coordinates": [ [ -58.2, 16.7 ], [ -58.5, 17.0 ] ] } },
{ "type": "Feature", "properties": { "sid": "1987257N14306", "name": "Unnamed", "season": 1987, "cat": -1, "wind": 30 }, "geometry": { "type": "LineString", "coordinates": [ [ -58.5, 17.0 ], [ -58.8, 17.2 ] ] } },
{ "type": "Feature", "properties": { "sid": "1987257N14306", "name": "Unnamed", "season": 1987, "cat": -1, "wind": 30 }, "geometry": { "type": "LineString", "coordinates": [ [ -58.8, 17.2 ], [ -59.2, 17.5 ] ] } },
{ "type": "Feature", "properties": { "sid": "1987257N14306", "name": "Unnamed", "season": 1987, "cat": -1, "wind": 30 }, "geometry": { "type": "LineString", "coordinates": [ [ -59.2, 17.5 ], [ -59.6, 17.7 ] ] } },
{ "type": "Feature", "properties": { "sid": "1987257N14306", "name": "Unnamed", "season": 1987, "cat": -1, "wind": 30 }, "geometry": { "type": "LineString", "coordinates": [ [ -59.6, 17.7 ], [ -60.0, 18.0 ] ] } },
{ "type": "Feature", "properties": { "sid": "1987257N14306", "name": "Unnamed", "season": 1987, "cat": -1, "wind": 30 }, "geometry": { "type": "LineString", "coordinates": [ [ -60.0, 18.0 ], [ -60.4, 18.2 ] ] } },
{ "type": "Feature", "properties": { "sid": "1987257N14306", "name": "Unnamed", "season": 1987, "cat": -1, "wind": 28 }, "geometry": { "type": "LineString", "coordinates": [ [ -60.4, 18.2 ], [ -60.8, 18.5 ] ] } },
{ "type": "Feature", "properties": { "sid": "1987257N14306", "name": "Unnamed", "season": 1987, "cat": -1, "wind": 25 }, "geometry": { "type": "LineString", "coordinates": [ [ -60.8, 18.5 ], [ -61.3, 18.8 ] ] } },
{ "type": "Feature", "properties": { "sid": "1987257N14306", "name": "Unnamed", "season": 1987, "cat": -1, "wind": 25 }, "geometry": { "type": "LineString", "coordinates": [ [ -61.3, 18.8 ], [ -61.8, 19.0 ] ] } },
{ "type": "Feature", "properties": { "sid": "1987257N14306", "name": "Unnamed", "season": 1987, "cat": -1, "wind": 25 }, "geometry": { "type": "LineString", "coordinates": [ [ -61.8, 19.0 ], [ -62.3, 19.2 ] ] } },
{ "type": "Feature", "properties": { "sid": "1987257N14306", "name": "Unnamed", "season": 1987, "cat": -1, "wind": 25 }, "geometry": { "type": "LineString", "coordinates": [ [ -62.3, 19.2 ], [ -62.7, 19.5 ] ] } },
{ "type": "Feature", "properties": { "sid": "1987257N14306", "name": "Unnamed", "season": 1987, "cat": -1, "wind": 25 }, "geometry": { "type": "LineString", "coordinates": [ [ -62.7, 19.5 ], [ -63.1, 19.8 ] ] } },
{ "type": "Feature", "properties": { "sid": "1987257N14306", "name": "Unnamed", "season": 1987, "cat": -1, "wind": 25 }, "geometry": { "type": "LineString", "coordinates": [ [ -63.1, 19.8 ], [ -63.5, 20.0 ] ] } },
{ "type": "Feature", "properties": { "sid": "1987257N14306", "name": "Unnamed", "season": 1987, "cat": -1, "wind": 25 }, "geometry": { "type": "LineString", "coordinates": [ [ -63.5, 20.0 ], [ -63.8, 20.2 ] ] } },
{ "type": "Feature", "properties": { "sid": "1987257N14306", "name": "Unnamed", "season": 1987, "cat": -1, "wind": 23 }, "geometry": { "type": "LineString", "coordinates": [ [ -63.8, 20.2 ], [ -63.9, 20.5 ] ] } },
{ "type": "Feature", "properties": { "sid": "1987257N14306", "name": "Unnamed", "season": 1987, "cat": -1, "wind": 20 }, "geometry": { "type": "LineString", "coordinates": [ [ -63.9, 20.5 ], [ -64.0, 20.7 ] ] } },
{ "type": "Feature", "properties": { "sid": "1987257N14306", "name": "Unnamed", "season": 1987, "cat": -1, "wind": 20 }, "geometry": { "type": "LineString", "coordinates": [ [ -64.0, 20.7 ], [ -64.0, 21.0 ] ] } },
{ "type": "Feature", "properties": { "sid": "1987257N14306", "name": "Unnamed", "season": 1987, "cat": -1, "wind": 20 }, "geometry": { "type": "LineString", "coordinates": [ [ -64.0, 21.0 ], [ -64.0, 21.2 ] ] } },
{ "type": "Feature", "properties": { "sid": "1987257N14306", "name": "Unnamed", "season": 1987, "cat": -1, "wind": 20 }, "geometry": { "type": "LineString", "coordinates": [ [ -64.0, 21.2 ], [ -64.0, 21.5 ] ] } },
{ "type": "Feature", "properties": { "sid": "1987257N14306", "name": "Unnamed", "season": 1987, "cat": -1, "wind": 20 }, "geometry": { "type": "LineString", "coordinates": [ [ -64.0, 21.5 ], [ -64.0, 21.8 ] ] } },
{ "type": "Feature", "properties": { "sid": "1987257N14306", "name": "Unnamed", "season": 1987, "cat": -1, "wind": 18 }, "geometry": { "type": "LineString", "coordinates": [ [ -64.0, 21.8 ], [ -64.0, 22.0 ] ] } },
{ "type": "Feature", "properties": { "sid": "1987263N10309", "name": "Emily", "season": 1987, "cat": 0, "wind": 40 }, "geometry": { "type": "LineString", "coordinates": [ [ -59.7, 12.4 ], [ -60.5, 12.7 ] ] } },
{ "type": "Feature", "properties": { "sid": "1987263N10309", "name": "Emily", "season": 1987, "cat": 0, "wind": 43 }, "geometry": { "type": "LineString", "coordinates": [ [ -60.5, 12.7 ], [ -61.3, 13.1 ] ] } },
{ "type": "Feature", "properties": { "sid": "1987263N10309", "name": "Emily", "season": 1987, "cat": 0, "wind": 45 }, "geometry": { "type": "LineString", "coordinates": [ [ -61.3, 13.1 ], [ -62.2, 13.4 ] ] } },
{ "type": "Feature", "properties": { "sid": "1987263N10309", "name": "Emily", "season": 1987, "cat": 0, "wind": 48 }, "geometry": { "type": "LineString", "coordinates": [ [ -62.2, 13.4 ], [ -63.1, 13.7 ] ] } },
{ "type": "Feature", "properties": { "sid": "1987263N10309", "name": "Emily", "season": 1987, "cat": 0, "wind": 50 }, "geometry": { "type": "LineString", "coordinates": [ [ -63.1, 13.7 ], [ -63.9, 14.1 ] ] } },
{ "type": "Feature", "properties": { "sid": "1987263N10309", "name": "Emily", "season": 1987, "cat": 0, "wind": 55 }, "geometry": { "type": "LineString", "coordinates": [ [ -63.9, 14.1 ], [ -64.7, 14.5 ] ] } },
{ "type": "Feature", "properties": { "sid": "1987263N10309", "name": "Emily", "season": 1987, "cat": 0, "wind": 60 }, "geometry": { "type": "LineString", "coordinates": [ [ -64.7, 14.5 ], [ -65.5, 14.8 ] ] } },
{ "type": "Feature", "properties": { "sid": "1987263N10309", "name": "Emily", "season": 1987, "cat": 1, "wind": 70 }, "geometry": { "type": "LineString", "coordinates": [ [ -65.5, 14.8 ], [ -66.3, 15.1 ] ] } },
{ "type": "Feature", "properties": { "sid": "1987263N10309", "name": "Emily", "season": 1987, "cat": 1, "wind": 80 }, "geometry": { "type": "LineString", "coordinates": [ [ -66.3, 15.1 ], [ -67.0, 15.5 ] ] } },
{ "type": "Feature", "properties": { "sid": "1987263N10309", "name": "Emily", "season": 1987, "cat": 2, "wind": 85 }, "geometry": { "type": "LineString", "coordinates": [ [ -67.0, 15.5 ], [ -67.7, 15.9 ] ] } },
{ "type": "Feature", "properties": { "sid": "1987263N10309", "name": "Emily", "season": 1987, "cat": 2, "wind": 90 }, "geometry": { "type": "LineString", "coordinates": [ [ -67.7, 15.9 ], [ -68.4, 16.3 ] ] } },
{ "type": "Feature", "properties": { "sid": "1987263N10309", "name": "Emily", "season": 1987, "cat": 3, "wind": 100 }, "geometry": { "type": "LineString", "coordinates": [ [ -68.4, 16.3 ], [ -69.1, 16.7 ] ] } },
{ "type": "Feature", "properties": { "sid": "1987263N10309", "name": "Emily", "season": 1987, "cat": 3, "wind": 110 }, "geometry": { "type": "LineString", "coordinates": [ [ -69.1, 16.7 ], [ -69.8, 17.2 ] ] } },
{ "type": "Feature", "properties": { "sid": "1987263N10309", "name": "Emily", "season": 1987, "cat": 3, "wind": 108 }, "geometry": { "type": "LineString", "coordinates": [ [ -69.8, 17.2 ], [ -70.4, 17.8 ] ] } },
{ "type": "Feature", "properties": { "sid": "1987263N10309", "name": "Emily", "season": 1987, "cat": 3, "wind": 105 }, "geometry": { "type": "LineString", "coordinates": [ [ -70.4, 17.8 ], [ -71.0, 18.3 ] ] } },
{ "type": "Feature", "properties": { "sid": "1987263N10309", "name": "Emily", "season": 1987, "cat": 2, "wind": 95 }, "geometry": { "type": "LineString", "coordinates": [ [ -71.0, 18.3 ], [ -71.5, 19.0 ] ] } },
{ "type": "Feature", "properties": { "sid": "1987263N10309", "name": "Emily", "season": 1987, "cat": 1, "wind": 70 }, "geometry": { "type": "LineString", "coordinates": [ [ -71.5, 19.0 ], [ -71.9, 19.5 ] ] } },
{ "type": "Feature", "properties": { "sid": "1987263N10309", "name": "Emily", "season": 1987, "cat": 0, "wind": 63 }, "geometry": { "type": "LineString", "coordinates": [ [ -71.9, 19.5 ], [ -72.3, 20.0 ] ] } },
{ "type": "Feature", "properties": { "sid": "1987263N10309", "name": "Emily", "season": 1987, "cat": 0, "wind": 55 }, "geometry": { "type": "LineString", "coordinates": [ [ -72.3, 20.0 ], [ -72.6, 20.4 ] ] } },
{ "type": "Feature", "properties": { "sid": "1987263N10309", "name": "Emily", "season": 1987, "cat": 0, "wind": 48 }, "geometry": { "type": "LineString", "coordinates": [ [ -72.6, 20.4 ], [ -72.8, 20.9 ] ] } },
{ "type": "Feature", "properties": { "sid": "1987263N10309", "name": "Emily", "season": 1987, "cat": 0, "wind": 40 }, "geometry": { "type": "LineString", "coordinates": [ [ -72.8, 20.9 ], [ -72.9, 21.4 ] ] } },
{ "type": "Feature", "properties": { "sid": "1987263N10309", "name": "Emily", "season": 1987, "cat": 0, "wind": 40 }, "geometry": { "type": "LineString", "coordinates": [ [ -72.9, 21.4 ], [ -73.0, 22.0 ] ] } },
{ "type": "Feature", "properties": { "sid": "1987263N10309", "name": "Emily", "season": 1987, "cat": 0, "wind": 40 }, "geometry": { "type": "LineString", "coordinates": [ [ -73.0, 22.0 ], [ -73.0, 22.6 ] ] } },
{ "type": "Feature", "properties": { "sid": "1987263N10309", "name": "Emily", "season": 1987, "cat": 0, "wind": 43 }, "geometry": { "type": "LineString", "coordinates": [ [ -73.0, 22.6 ], [ -73.0, 23.2 ] ] } },
{ "type": "Feature", "properties": { "sid": "1987263N10309", "name": "Emily", "season": 1987, "cat": 0, "wind": 45 }, "geometry": { "type": "LineString", "coordinates": [ [ -73.0, 23.2 ], [ -72.9, 23.8 ] ] } },
{ "type": "Feature", "properties": { "sid": "1988234N13299", "name": "Unnamed", "season": 1988, "cat": -1, "wind": 25 }, "geometry": { "type": "LineString", "coordinates": [ [ -60.7, 12.5 ], [ -61.0, 12.6 ] ] } },
{ "type": "Feature", "properties": { "sid": "1988234N13299", "name": "Unnamed", "season": 1988, "cat": -1, "wind": 25 }, "geometry": { "type": "LineString", "coordinates": [ [ -61.0, 12.6 ], [ -61.5, 12.7 ] ] } },
{ "type": "Feature", "properties": { "sid": "1988234N13299", "name": "Unnamed", "season": 1988, "cat": -1, "wind": 25 }, "geometry": { "type": "LineString", "coordinates": [ [ -61.5, 12.7 ], [ -62.4, 12.8 ] ] } },
{ "type": "Feature", "properties": { "sid": "1988234N13299", "name": "Unnamed", "season": 1988, "cat": -1, "wind": 28 }, "geometry": { "type": "LineString", "coordinates": [ [ -62.4, 12.8 ], [ -63.5, 13.0 ] ] } },
{ "type": "Feature", "properties": { "sid": "1988234N13299", "name": "Unnamed", "season": 1988, "cat": -1, "wind": 30 }, "geometry": { "type": "LineString", "coordinates": [ [ -63.5, 13.0 ], [ -64.6, 13.3 ] ] } },
{ "type": "Feature", "properties": { "sid": "1988234N13299", "name": "Unnamed", "season": 1988, "cat": -1, "wind": 28 }, "geometry": { "type": "LineString", "coordinates": [ [ -64.6, 13.3 ], [ -65.5, 13.5 ] ] } },
{ "type": "Feature", "properties": { "sid": "1988234N13299", "name": "Unnamed", "season": 1988, "cat": -1, "wind": 25 }, "geometry": { "type": "LineString", "coordinates": [ [ -65.5, 13.5 ], [ -66.1, 13.6 ] ] } },
{ "type": "Feature", "properties": { "sid": "1988234N13299", "name": "Unnamed", "season": 1988, "cat": -1, "wind": 25 }, "geometry": { "type": "LineString", "coordinates": [ [ -66.1, 13.6 ], [ -66.5, 13.7 ] ] } },
{ "type": "Feature", "properties": { "sid": "1988234N13299", "name": "Unnamed", "season": 1988, "cat": -1, "wind": 25 }, "geometry": { "type": "LineString", "coordinates": [ [ -66.5, 13.7 ], [ -67.1, 14.0 ] ] } },
{ "type": "Feature", "properties": { "sid": "1988234N13299", "name": "Unnamed", "season": 1988, "cat": -1, "wind": 25 }, "geometry": { "type": "LineString", "coordinates": [ [ -67.1, 14.0 ], [ -67.7, 14.2 ] ] } },
{ "type": "Feature", "properties": { "sid": "1988234N13299", "name": "Unnamed", "season": 1988, "cat": -1, "wind": 25 }, "geometry": { "type": "LineString", "coordinates": [ [ -67.7, 14.2 ], [ -68.3, 14.1 ] ] } },
{ "type": "Feature", "properties": { "sid": "1988234N13299", "name": "Unnamed", "season": 1988, "cat": -1, "wind": 25 }, "geometry": { "type": "LineString", "coordinates": [ [ -68.3, 14.1 ], [ -69.0, 14.0 ] ] } },
{ "type": "Feature", "properties": { "sid": "1988234N13299", "name": "Unnamed", "season": 1988, "cat": -1, "wind": 25 }, "geometry": { "type": "LineString", "coordinates": [ [ -69.0, 14.0 ], [ -69.6, 14.2 ] ] } },
{ "type": "Feature", "properties": { "sid": "1988234N13299", "name": "Unnamed", "season": 1988, "cat": -1, "wind": 28 }, "geometry": { "type": "LineString", "coordinates": [ [ -69.6, 14.2 ], [ -70.5, 14.5 ] ] } },
{ "type": "Feature", "properties": { "sid": "1988234N13299", "name": "Unnamed", "season": 1988, "cat": -1, "wind": 30 }, "geometry": { "type": "LineString", "coordinates": [ [ -70.5, 14.5 ], [ -72.3, 14.8 ] ] } },
{ "type": "Feature", "properties": { "sid": "1988234N13299", "name": "Unnamed", "season": 1988, "cat": -1, "wind": 30 }, "geometry": { "type": "LineString", "coordinates": [ [ -72.3, 14.8 ], [ -74.0, 15.0 ] ] } },
{ "type": "Feature", "properties": { "sid": "1988234N13299", "name": "Unnamed", "season": 1988, "cat": -1, "wind": 30 }, "geometry": { "type": "LineString", "coordinates": [ [ -74.0, 15.0 ], [ -74.9, 15.3 ] ] } },
{ "type": "Feature", "properties": { "sid": "1988235N15317", "name": "Chris", "season": 1988, "cat": -1, "wind": 30 }, "geometry": { "type": "LineString", "coordinates": [ [ -57.5, 15.6 ], [ -58.4, 15.8 ] ] } },
{ "type": "Feature", "properties": { "sid": "1988235N15317", "name": "Chris", "season": 1988, "cat": -1, "wind": 30 }, "geometry": { "type": "LineString", "coordinates": [ [ -58.4, 15.8 ], [ -59.2, 16.0 ] ] } },
{ "type": "Feature", "properties": { "sid": "1988235N15317", "name": "Chris", "season": 1988, "cat": -1, "wind": 30 }, "geometry": { "type": "LineString", "coordinates": [ [ -59.2, 16.0 ], [ -60.1, 16.2 ] ] } },
{ "type": "Feature", "properties": { "sid": "1988235N15317", "name": "Chris", "season": 1988, "cat": -1, "wind": 30 }, "geometry": { "type": "LineString", "coordinates": [ [ -60.1, 16.2 ], [ -61.0, 16.3 ] ] } },
{ "type": "Feature", "properties": { "sid": "1988235N15317", "name": "Chris", "season": 1988, "cat": -1, "wind": 30 }, "geometry": { "type": "LineString", "coordinates": [ [ -61.0, 16.3 ], [ -61.7, 16.5 ] ] } },
{ "type": "Feature", "properties": { "sid": "1988235N15317", "name": "Chris", "season": 1988, "cat": -1, "wind": 30 }, "geometry": { "type": "LineString", "coordinates": [ [ -61.7, 16.5 ], [ -62.4, 16.7 ] ] } },
{ "type": "Feature", "properties": { "sid": "1988235N15317", "name": "Chris", "season": 1988, "cat": -1, "wind": 30 }, "geometry": { "type": "LineString", "coordinates": [ [ -62.4, 16.7 ], [ -63.1, 16.8 ] ] } },
{ "type": "Feature", "properties": { "sid": "1988235N15317", "name": "Chris", "season": 1988, "cat": -1, "wind": 30 }, "geometry": { "type": "LineString", "coordinates": [ [ -63.1, 16.8 ], [ -63.8, 16.9 ] ] } },
{ "type": "Feature", "properties": { "sid": "1988235N15317", "name": "Chris", "season": 1988, "cat": -1, "wind": 30 }, "geometry": { "type": "LineString", "coordinates": [ [ -63.8, 16.9 ], [ -64.5, 17.0 ] ] } },
{ "type": "Feature", "properties": { "sid": "1988235N15317", "name": "Chris", "season": 1988, "cat": -1, "wind": 30 }, "geometry": { "type": "LineString", "coordinates": [ [ -64.5, 17.0 ], [ -65.2, 17.2 ] ] } },
{ "type": "Feature", "properties": { "sid": "1988235N15317", "name": "Chris", "season": 1988, "cat": -1, "wind": 30 }, "geometry": { "type": "LineString", "coordinates": [ [ -65.2, 17.2 ], [ -66.0, 17.4 ] ] } },
{ "type": "Feature", "properties": { "sid": "1988235N15317", "name": "Chris", "season": 1988, "cat": -1, "wind": 30 }, "geometry": { "type": "LineString", "coordinates": [ [ -66.0, 17.4 ], [ -66.7, 17.5 ] ] } },
{ "type": "Feature", "properties": { "sid": "1988235N15317", "name": "Chris", "season": 1988, "cat": -1, "wind": 30 }, "geometry": { "type": "LineString", "coordinates": [ [ -66.7, 17.5 ], [ -67.3, 17.6 ] ] } },
{ "type": "Feature", "properties": { "sid": "1988235N15317", "name": "Chris", "season": 1988, "cat": -1, "wind": 30 }, "geometry": { "type": "LineString", "coordinates": [ [ -67.3, 17.6 ], [ -67.8, 17.8 ] ] } },
{ "type": "Feature", "properties": { "sid": "1988235N15317", "name": "Chris", "season": 1988, "cat": -1, "wind": 30 }, "geometry": { "type": "LineString", "coordinates": [ [ -67.8, 17.8 ], [ -68.3, 18.0 ] ] } },
{ "type": "Feature", "properties": { "sid": "1988235N15317", "name": "Chris", "season": 1988, "cat": -1, "wind": 30 }, "geometry": { "type": "LineString", "coordinates": [ [ -68.3, 18.0 ], [ -68.8, 18.2 ] ] } },
{ "type": "Feature", "properties": { "sid": "1988235N15317", "name": "Chris", "season": 1988, "cat": -1, "wind": 30 }, "geometry": { "type": "LineString", "coordinates": [ [ -68.8, 18.2 ], [ -69.3, 18.3 ] ] } },
{ "type": "Feature", "properties": { "sid": "1988235N15317", "name": "Chris", "season": 1988, "cat": -1, "wind": 30 }, "geometry": { "type": "LineString", "coordinates": [ [ -69.3, 18.3 ], [ -69.8, 18.5 ] ] } },
{ "type": "Feature", "properties": { "sid": "1988235N15317", "name": "Chris", "season": 1988, "cat": -1, "wind": 30 }, "geometry": { "type": "LineString", "coordinates": [ [ -69.8, 18.5 ], [ -70.3, 18.8 ] ] } },
{ "type": "Feature", "properties": { "sid": "1988235N15317", "name": "Chris", "season": 1988, "cat": -1, "wind": 30 }, "geometry": { "type": "LineString", "coordinates": [ [ -70.3, 18.8 ], [ -70.9, 19.1 ] ] } },
{ "type": "Feature", "properties": { "sid": "1988235N15317", "name": "Chris", "season": 1988, "cat": -1, "wind": 30 }, "geometry": { "type": "LineString", "coordinates": [ [ -70.9, 19.1 ], [ -71.5, 19.4 ] ] } },
{ "type": "Feature", "properties": { "sid": "1988235N15317", "name": "Chris", "season": 1988, "cat": -1, "wind": 30 }, "geometry": { "type": "LineString", "coordinates": [ [ -71.5, 19.4 ], [ -72.1, 19.8 ] ] } },
{ "type": "Feature", "properties": { "sid": "1988235N15317", "name": "Chris", "season": 1988, "cat": -1, "wind": 30 }, "geometry": { "type": "LineString", "coordinates": [ [ -72.1, 19.8 ], [ -72.7, 20.1 ] ] } },
{ "type": "Feature", "properties": { "sid": "1988235N15317", "name": "Chris", "season": 1988, "cat": -1, "wind": 30 }, "geometry": { "type": "LineString", "coordinates": [ [ -72.7, 20.1 ], [ -73.2, 20.5 ] ] } },
{ "type": "Feature", "properties": { "sid": "1988235N15317", "name": "Chris", "season": 1988, "cat": -1, "wind": 30 }, "geometry": { "type": "LineString", "coordinates": [ [ -73.2, 20.5 ], [ -73.7, 21.0 ] ] } },
{ "type": "Feature", "properties": { "sid": "1988235N15317", "name": "Chris", "season": 1988, "cat": -1, "wind": 30 }, "geometry": { "type": "LineString", "coordinates": [ [ -73.7, 21.0 ], [ -74.2, 21.5 ] ] } },
{ "type": "Feature", "properties": { "sid": "1988235N15317", "name": "Chris", "season": 1988, "cat": -1, "wind": 30 }, "geometry": { "type": "LineString", "coordinates": [ [ -74.2, 21.5 ], [ -74.8, 22.0 ] ] } },
{ "type": "Feature", "properties": { "sid": "1988253N12306", "name": "Gilbert", "season": 1988, "cat": -1, "wind": 30 }, "geometry": { "type": "LineString", "coordinates": [ [ -58.6, 14.0 ], [ -59.4, 14.3 ] ] } },
{ "type": "Feature", "properties": { "sid": "1988253N12306", "name": "Gilbert", "season": 1988, "cat": -1, "wind": 33 }, "geometry": { "type": "LineString", "coordinates": [ [ -59.4, 14.3 ], [ -60.1, 14.5 ] ] } },
{ "type": "Feature", "properties": { "sid": "1988253N12306", "name": "Gilbert", "season": 1988, "cat": 0, "wind": 35 }, "geometry": { "type": "LineString", "coordinates": [ [ -60.1, 14.5 ], [ -60.8, 14.7 ] ] } },
{ "type": "Feature", "properties": { "sid": "1988253N12306", "name": "Gilbert", "season": 1988, "cat": 0, "wind": 38 }, "geometry": { "type": "LineString", "coordinates": [ [ -60.8, 14.7 ], [ -61.5, 14.8 ] ] } },
{ "type": "Feature", "properties": { "sid": "1988253N12306", "name": "Gilbert", "season": 1988, "cat": 0, "wind": 40 }, "geometry": { "type": "LineString", "coordinates": [ [ -61.5, 14.8 ], [ -62.2, 14.9 ] ] } },
{ "type": "Feature", "properties": { "sid": "1988253N12306", "name": "Gilbert", "season": 1988, "cat": 0, "wind": 43 }, "geometry": { "type": "LineString", "coordinates": [ [ -62.2, 14.9 ], [ -62.8, 15.0 ] ] } },
{ "type": "Feature", "properties": { "sid": "1988253N12306", "name": "Gilbert", "season": 1988, "cat": 0, "wind": 45 }, "geometry": { "type": "LineString", "coordinates": [ [ -62.8, 15.0 ], [ -63.5, 15.1 ] ] } },
{ "type": "Feature", "properties": { "sid": "1988253N12306", "name": "Gilbert", "season": 1988, "cat": 0, "wind": 48 }, "geometry": { "type": "LineString", "coordinates": [ [ -63.5, 15.1 ], [ -64.1, 15.3 ] ] } },
{ "type": "Feature", "properties": { "sid": "1988253N12306", "name": "Gilbert", "season": 1988, "cat": 0, "wind": 50 }, "geometry": { "type": "LineString", "coordinates": [ [ -64.1, 15.3 ], [ -64.7, 15.5 ] ] } },
{ "type": "Feature", "properties": { "sid": "1988253N12306", "name": "Gilbert", "season": 1988, "cat": 0, "wind": 53 }, "geometry": { "type": "LineString", "coordinates": [ [ -64.7, 15.5 ], [ -65.4, 15.7 ] ] } },
{ "type": "Feature", "properties": { "sid": "1988253N12306", "name": "Gilbert", "season": 1988, "cat": 0, "wind": 55 }, "geometry": { "type": "LineString", "coordinates": [ [ -65.4, 15.7 ], [ -66.1, 15.8 ] ] } },
{ "type": "Feature", "properties": { "sid": "1988253N12306", "name": "Gilbert", "season": 1988, "cat": 0, "wind": 60 }, "geometry": { "type": "LineString", "coordinates": [ [ -66.1, 15.8 ], [ -66.8, 15.9 ] ] } },
{ "type": "Feature", "properties": { "sid": "1988253N12306", "name": "Gilbert", "season": 1988, "cat": 1, "wind": 65 }, "geometry": { "type": "LineString", "coordinates": [ [ -66.8, 15.9 ], [ -67.4, 16.1 ] ] } },
{ "type": "Feature", "properties": { "sid": "1988253N12306", "name": "Gilbert", "season": 1988, "cat": 1, "wind": 73 }, "geometry": { "type": "LineString", "coordinates": [ [ -67.4, 16.1 ], [ -68.0, 16.2 ] ] } },
{ "type": "Feature", "properties": { "sid": "1988253N12306", "name": "Gilbert", "season": 1988, "cat": 1, "wind": 80 }, "geometry": { "type": "LineString", "coordinates": [ [ -68.0, 16.2 ], [ -68.8, 16.2 ] ] } },
{ "type": "Feature", "properties": { "sid": "1988253N12306", "name": "Gilbert", "season": 1988, "cat": 2, "wind": 88 }, "geometry": { "type": "LineString", "coordinates": [ [ -68.8, 16.2 ], [ -69.5, 16.1 ] ] } },
{ "type": "Feature", "properties": { "sid": "1988253N12306", "name": "Gilbert", "season": 1988, "cat": 2, "wind": 95 }, "geometry": { "type": "LineString", "coordinates": [ [ -69.5, 16.1 ], [ -70.1, 16.1 ] ] } },
{ "type": "Feature", "properties": { "sid": "1988253N12306", "name": "Gilbert", "season": 1988, "cat": 3, "wind": 98 }, "geometry": { "type": "LineString", "coordinates": [ [ -70.1, 16.1 ], [ -70.7, 16.2 ] ] } },
{ "type": "Feature", "properties": { "sid": "1988253N12306", "name": "Gilbert", "season": 1988, "cat": 3, "wind": 100 }, "geometry": { "type": "LineString", "coordinates": [ [ -70.7, 16.2 ], [ -71.3, 16.5 ] ] } },
{ "type": "Feature", "properties": { "sid": "1988253N12306", "name": "Gilbert", "season": 1988, "cat": 3, "wind": 103 }, "geometry": { "type": "LineString", "coordinates": [ [ -71.3, 16.5 ], [ -72.0, 16.8 ] ] } },
{ "type": "Feature", "properties": { "sid": "1988253N12306", "name": "Gilbert", "season": 1988, "cat": 3, "wind": 105 }, "geometry": { "type": "LineString", "coordinates": [ [ -72.0, 16.8 ], [ -72.8, 17.1 ] ] } },
{ "type": "Feature", "properties": { "sid": "1988253N12306", "name": "Gilbert", "season": 1988, "cat": 3, "wind": 108 }, "geometry": { "type": "LineString", "coordinates": [ [ -72.8, 17.1 ], [ -73.7, 17.3 ] ] } },
{ "type": "Feature", "properties": { "sid": "1988253N12306", "name": "Gilbert", "season": 1988, "cat": 3, "wind": 110 }, "geometry": { "type": "LineString", "coordinates": [ [ -73.7, 17.3 ], [ -74.5, 17.5 ] ] } },
{ "type": "Feature", "properties": { "sid": "1988253N12306", "name": "Gilbert", "season": 1988, "cat": 3, "wind": 110 }, "geometry": { "type": "LineString", "coordinates": [ [ -74.5, 17.5 ], [ -75.3, 17.6 ] ] } },
{ "type": "Feature", "properties": { "sid": "1989212N15318", "name": "Dean", "season": 1989, "cat": 0, "wind": 63 }, "geometry": { "type": "LineString", "coordinates": [ [ -57.3, 17.1 ], [ -58.1, 17.3 ] ] } },
{ "type": "Feature", "properties": { "sid": "1989212N15318", "name": "Dean", "season": 1989, "cat": 1, "wind": 65 }, "geometry": { "type": "LineString", "coordinates": [ [ -58.1, 17.3 ], [ -58.8, 17.6 ] ] } },
{ "type": "Feature", "properties": { "sid": "1989212N15318", "name": "Dean", "season": 1989, "cat": 1, "wind": 68 }, "geometry": { "type": "LineString", "coordinates": [ [ -58.8, 17.6 ], [ -59.5, 17.9 ] ] } },
{ "type": "Feature", "properties": { "sid": "1989212N15318", "name": "Dean", "season": 1989, "cat": 1, "wind": 70 }, "geometry": { "type": "LineString", "coordinates": [ [ -59.5, 17.9 ], [ -60.1, 18.2 ] ] } },
{ "type": "Feature", "properties": { "sid": "1989212N15318", "name": "Dean", "season": 1989, "cat": 1, "wind": 70 }, "geometry": { "type": "LineString", "coordinates": [ [ -60.1, 18.2 ], [ -60.7, 18.5 ] ] } },
{ "type": "Feature", "properties": { "sid": "1989212N15318", "name": "Dean", "season": 1989, "cat": 1, "wind": 70 }, "geometry": { "type": "LineString", "coordinates": [ [ -60.7, 18.5 ], [ -61.2, 18.7 ] ] } },
{ "type": "Feature", "properties": { "sid": "1989212N15318", "name": "Dean", "season": 1989, "cat": 1, "wind": 70 }, "geometry": { "type": "LineString", "coordinates": [ [ -61.2, 18.7 ], [ -61.7, 18.9 ] ] } },
{ "type": "Feature", "properties": { "sid": "1989212N15318", "name": "Dean", "season": 1989, "cat": 1, "wind": 70 }, "geometry": { "type": "LineString", "coordinates": [ [ -61.7, 18.9 ], [ -62.2, 19.1 ] ] } },
{ "type": "Feature", "properties": { "sid": "1989212N15318", "name": "Dean", "season": 1989, "cat": 1, "wind": 73 }, "geometry": { "type": "LineString", "coordinates": [ [ -62.2, 19.1 ], [ -62.7, 19.3 ] ] } },
{ "type": "Feature", "properties": { "sid": "1989212N15318", "name": "Dean", "season": 1989, "cat": 1, "wind": 75 }, "geometry": { "type": "LineString", "coordinates": [ [ -62.7, 19.3 ], [ -63.1, 19.5 ] ] } },
{ "type": "Feature", "properties": { "sid": "1989212N15318", "name": "Dean", "season": 1989, "cat": 1, "wind": 75 }, "geometry": { "type": "LineString", "coordinates": [ [ -63.1, 19.5 ], [ -63.4, 19.7 ] ] } },
{ "type": "Feature", "properties": { "sid": "1989212N15318", "name": "Dean", "season": 1989, "cat": 1, "wind": 75 }, "geometry": { "type": "LineString", "coordinates": [ [ -63.4, 19.7 ], [ -63.6, 19.9 ] ] } },
{ "type": "Feature", "properties": { "sid": "1989212N15318", "name": "Dean", "season": 1989, "cat": 1, "wind": 75 }, "geometry": { "type": "LineString", "coordinates": [ [ -63.6, 19.9 ], [ -63.8, 20.1 ] ] } },
{ "type": "Feature", "properties": { "sid": "1989212N15318", "name": "Dean", "season": 1989, "cat": 1, "wind": 75 }, "geometry": { "type": "LineString", "coordinates": [ [ -63.8, 20.1 ], [ -63.9, 20.2 ] ] } },
{ "type": "Feature", "properties": { "sid": "1989212N15318", "name": "Dean", "season": 1989, "cat": 1, "wind": 75 }, "geometry": { "type": "LineString", "coordinates": [ [ -63.9, 20.2 ], [ -63.9, 20.4 ] ] } },
{ "type": "Feature", "properties": { "sid": "1989212N15318", "name": "Dean", "season": 1989, "cat": 1, "wind": 75 }, "geometry": { "type": "LineString", "coordinates": [ [ -63.9, 20.4 ], [ -63.9, 20.6 ] ] } },
{ "type": "Feature", "properties": { "sid": "1989212N15318", "name": "Dean", "season": 1989, "cat": 1, "wind": 75 }, "geometry": { "type": "LineString", "coordinates": [ [ -63.9, 20.6 ], [ -63.9, 20.9 ] ] } },
{ "type": "Feature", "properties": { "sid": "1989212N15318", "name": "Dean", "season": 1989, "cat": 1, "wind": 75 }, "geometry": { "type": "LineString", "coordinates": [ [ -63.9, 20.9 ], [ -63.9, 21.2 ] ] } },
{ "type": "Feature", "properties": { "sid": "1989212N15318", "name": "Dean", "season": 1989, "cat": 1, "wind": 75 }, "geometry": { "type": "LineString", "coordinates": [ [ -63.9, 21.2 ], [ -63.8, 21.6 ] ] } },
{ "type": "Feature", "properties": { "sid": "1989212N15318", "name": "Dean", "season": 1989, "cat": 1, "wind": 75 }, "geometry": { "type": "LineString", "coordinates": [ [ -63.8, 21.6 ], [ -63.8, 22.0 ] ] } },
{ "type": "Feature", "properties": { "sid": "1989212N15318", "name": "Dean", "season": 1989, "cat": 1, "wind": 75 }, "geometry": { "type": "LineString", "coordinates": [ [ -63.8, 22.0 ], [ -63.8, 22.5 ] ] } },
{ "type": "Feature", "properties": { "sid": "1989212N15318", "name": "Dean", "season": 1989, "cat": 1, "wind": 75 }, "geometry": { "type": "LineString", "coordinates": [ [ -63.8, 22.5 ], [ -63.8, 23.0 ] ] } },
{ "type": "Feature", "properties": { "sid": "1989212N15318", "name": "Dean", "season": 1989, "cat": 1, "wind": 75 }, "geometry": { "type": "LineString", "coordinates": [ [ -63.8, 23.0 ], [ -63.8, 23.5 ] ] } },
{ "type": "Feature", "properties": { "sid": "1989212N15318", "name": "Dean", "season": 1989, "cat": 1, "wind": 75 }, "geometry": { "type": "LineString", "coordinates": [ [ -63.8, 23.5 ], [ -63.8, 24.1 ] ] } },
{ "type": "Feature", "properties": { "sid": "1989212N15318", "name": "Dean", "season": 1989, "cat": 1, "wind": 75 }, "geometry": { "type": "LineString", "coordinates": [ [ -63.8, 24.1 ], [ -63.9, 24.7 ] ] } },
{ "type": "Feature", "properties": { "sid": "1989212N15318", "name": "Dean", "season": 1989, "cat": 1, "wind": 75 }, "geometry": { "type": "LineString", "coordinates": [ [ -63.9, 24.7 ], [ -63.9, 25.3 ] ] } },
{ "type": "Feature", "properties": { "sid": "1989212N15318", "name": "Dean", "season": 1989, "cat": 1, "wind": 75 }, "geometry": { "type": "LineString", "coordinates": [ [ -63.9, 25.3 ], [ -64.0, 26.0 ] ] } },
{ "type": "Feature", "properties": { "sid": "1989254N13340", "name": "Hugo", "season": 1989, "cat": 4, "wind": 125 }, "geometry": { "type": "LineString", "coordinates": [ [ -57.9, 15.2 ], [ -58.4, 15.4 ] ] } },
{ "type": "Feature", "properties": { "sid": "1989254N13340", "name": "Hugo", "season": 1989, "cat": 4, "wind": 120 }, "geometry": { "type": "LineString", "coordinates": [ [ -58.4, 15.4 ], [ -58.9, 15.6 ] ] } },
{ "type": "Feature", "properties": { "sid": "1989254N13340", "name": "Hugo", "season": 1989, "cat": 4, "wind": 120 }, "geometry": { "type": "LineString", "coordinates": [ [ -58.9, 15.6 ], [ -59.4, 15.8 ] ] } },
{ "type": "Feature", "properties": { "sid": "1989254N13340", "name": "Hugo", "season": 1989, "cat": 4, "wind": 120 }, "geometry": { "type": "LineString", "coordinates": [ [ -59.4, 15.8 ], [ -59.9, 16.0 ] ] } },
{ "type": "Feature", "properties": { "sid": "1989254N13340", "name": "Hugo", "season": 1989, "cat": 4, "wind": 120 }, "geometry": { "type": "LineString", "coordinates": [ [ -59.9, 16.0 ], [ -60.4, 16.1 ] ] } },
{ "type": "Feature", "properties": { "sid": "1989254N13340", "name": "Hugo", "season": 1989, "cat": 4, "wind": 120 }, "geometry": { "type": "LineString", "coordinates": [ [ -60.4, 16.1 ], [ -60.9, 16.2 ] ] } },
{ "type": "Feature", "properties": { "sid": "1989254N13340", "name": "Hugo", "season": 1989, "cat": 4, "wind": 120 }, "geometry": { "type": "LineString", "coordinates": [ [ -60.9, 16.2 ], [ -61.3, 16.3 ] ] } },
{ "type": "Feature", "properties": { "sid": "1989254N13340", "name": "Hugo", "season": 1989, "cat": 4, "wind": 120 }, "geometry": { "type": "LineString", "coordinates": [ [ -61.3, 16.3 ], [ -61.5, 16.4 ] ] } },
{ "type": "Feature", "properties": { "sid": "1989254N13340", "name": "Hugo", "season": 1989, "cat": 4, "wind": 120 }, "geometry": { "type": "LineString", "coordinates": [ [ -61.5, 16.4 ], [ -62.0, 16.5 ] ] } },
{ "type": "Feature", "properties": { "sid": "1989254N13340", "name": "Hugo", "season": 1989, "cat": 4, "wind": 123 }, "geometry": { "type": "LineString", "coordinates": [ [ -62.0, 16.5 ], [ -62.5, 16.6 ] ] } },
{ "type": "Feature", "properties": { "sid": "1989254N13340", "name": "Hugo", "season": 1989, "cat": 4, "wind": 125 }, "geometry": { "type": "LineString", "coordinates": [ [ -62.5, 16.6 ], [ -63.0, 16.7 ] ] } },
{ "type": "Feature", "properties": { "sid": "1989254N13340", "name": "Hugo", "season": 1989, "cat": 4, "wind": 125 }, "geometry": { "type": "LineString", "coordinates": [ [ -63.0, 16.7 ], [ -63.5, 16.9 ] ] } },
{ "type": "Feature", "properties": { "sid": "1989254N13340", "name": "Hugo", "season": 1989, "cat": 4, "wind": 125 }, "geometry": { "type": "LineString", "coordinates": [ [ -63.5, 16.9 ], [ -63.8, 17.0 ] ] } },
{ "type": "Feature", "properties": { "sid": "1989254N13340", "name": "Hugo", "season": 1989, "cat": 4, "wind": 128 }, "geometry": { "type": "LineString", "coordinates": [ [ -63.8, 17.0 ], [ -64.1, 17.2 ] ] } },
{ "type": "Feature", "properties": { "sid": "1989254N13340", "name": "Hugo", "season": 1989, "cat": 4, "wind": 130 }, "geometry": { "type": "LineString", "coordinates": [ [ -64.1, 17.2 ], [ -64.4, 17.4 ] ] } },
{ "type": "Feature", "properties": { "sid": "1989254N13340", "name": "Hugo", "season": 1989, "cat": 4, "wind": 125 }, "geometry": { "type": "LineString", "coordinates": [ [ -64.4, 17.4 ], [ -64.8, 17.7 ] ] } },
{ "type": "Feature", "properties": { "sid": "1989254N13340", "name": "Hugo", "season": 1989, "cat": 4, "wind": 120 }, "geometry": { "type": "LineString", "coordinates": [ [ -64.8, 17.7 ], [ -65.2, 17.9 ] ] } },
{ "type": "Feature", "properties": { "sid": "1989254N13340", "name": "Hugo", "season": 1989, "cat": 4, "wind": 115 }, "geometry": { "type": "LineString", "coordinates": [ [ -65.2, 17.9 ], [ -65.5, 18.2 ] ] } },
{ "type": "Feature", "properties": { "sid": "1989254N13340", "name": "Hugo", "season": 1989, "cat": 3, "wind": 110 }, "geometry": { "type": "LineString", "coordinates": [ [ -65.5, 18.2 ], [ -65.6, 18.3 ] ] } },
{ "type": "Feature", "properties": { "sid": "1989254N13340", "name": "Hugo", "season": 1989, "cat": 3, "wind": 110 }, "geometry": { "type": "LineString", "coordinates": [ [ -65.6, 18.3 ], [ -65.9, 18.6 ] ] } },
{ "type": "Feature", "properties": { "sid": "1989254N13340", "name": "Hugo", "season": 1989, "cat": 3, "wind": 108 }, "geometry": { "type": "LineString", "coordinates": [ [ -65.9, 18.6 ], [ -66.4, 19.1 ] ] } },
{ "type": "Feature", "properties": { "sid": "1989254N13340", "name": "Hugo", "season": 1989, "cat": 3, "wind": 105 }, "geometry": { "type": "LineString", "coordinates": [ [ -66.4, 19.1 ], [ -66.6, 19.4 ] ] } },
{ "type": "Feature", "properties": { "sid": "1989254N13340", "name": "Hugo", "season": 1989, "cat": 3, "wind": 103 }, "geometry": { "type": "LineString", "coordinates": [ [ -66.6, 19.4 ], [ -66.8, 19.7 ] ] } },
{ "type": "Feature", "properties": { "sid": "1989254N13340", "name": "Hugo", "season": 1989, "cat": 3, "wind": 100 }, "geometry": { "type": "LineString", "coordinates": [ [ -66.8, 19.7 ], [ -67.0, 20.2 ] ] } },
{ "type": "Feature", "properties": { "sid": "1989254N13340", "name": "Hugo", "season": 1989, "cat": 2, "wind": 95 }, "geometry": { "type": "LineString", "coordinates": [ [ -67.0, 20.2 ], [ -67.3, 20.7 ] ] } },
{ "type": "Feature", "properties": { "sid": "1989254N13340", "name": "Hugo", "season": 1989, "cat": 2, "wind": 90 }, "geometry": { "type": "LineString", "coordinates": [ [ -67.3, 20.7 ], [ -67.6, 21.2 ] ] } },
{ "type": "Feature", "properties": { "sid": "1989254N13340", "name": "Hugo", "season": 1989, "cat": 2, "wind": 90 }, "geometry": { "type": "LineString", "coordinates": [ [ -67.6, 21.2 ], [ -68.0, 21.6 ] ] } },
{ "type": "Feature", "properties": { "sid": "1989254N13340", "name": "Hugo", "season": 1989, "cat": 2, "wind": 90 }, "geometry": { "type": "LineString", "coordinates": [ [ -68.0, 21.6 ], [ -68.3, 22.1 ] ] } },
{ "type": "Feature", "properties": { "sid": "1989254N13340", "name": "Hugo", "season": 1989, "cat": 2, "wind": 90 }, "geometry": { "type": "LineString", "coordinates": [ [ -68.3, 22.1 ], [ -68.6, 22.6 ] ] } },
{ "type": "Feature", "properties": { "sid": "1989254N13340", "name": "Hugo", "season": 1989, "cat": 2, "wind": 90 }, "geometry": { "type": "LineString", "coordinates": [ [ -68.6, 22.6 ], [ -68.9, 23.1 ] ] } },
{ "type": "Feature", "properties": { "sid": "1989254N13340", "name": "Hugo", "season": 1989, "cat": 2, "wind": 90 }, "geometry": { "type": "LineString", "coordinates": [ [ -68.9, 23.1 ], [ -69.3, 23.5 ] ] } },
{ "type": "Feature", "properties": { "sid": "1989254N13340", "name": "Hugo", "season": 1989, "cat": 2, "wind": 90 }, "geometry": { "type": "LineString", "coordinates": [ [ -69.3, 23.5 ], [ -69.7, 24.0 ] ] } },
{ "type": "Feature", "properties": { "sid": "1989254N13340", "name": "Hugo", "season": 1989, "cat": 2, "wind": 90 }, "geometry": { "type": "LineString", "coordinates": [ [ -69.7, 24.0 ], [ -70.1, 24.4 ] ] } },
{ "type": "Feature", "properties": { "sid": "1989254N13340", "name": "Hugo", "season": 1989, "cat": 2, "wind": 90 }, "geometry": { "type": "LineString", "coordinates": [ [ -70.1, 24.4 ], [ -70.5, 24.8 ] ] } },
{ "type": "Feature", "properties": { "sid": "1989254N13340", "name": "Hugo", "season": 1989, "cat": 2, "wind": 93 }, "geometry": { "type": "LineString", "coordinates": [ [ -70.5, 24.8 ], [ -71.0, 25.2 ] ] } },
{ "type": "Feature", "properties": { "sid": "1989260N11316", "name": "Iris", "season": 1989, "cat": 0, "wind": 55 }, "geometry": { "type": "LineString", "coordinates": [ [ -57.5, 18.1 ], [ -57.8, 18.7 ] ] } },
{ "type": "Feature", "properties": { "sid": "1989260N11316", "name": "Iris", "season": 1989, "cat": 0, "wind": 58 }, "geometry": { "type": "LineString", "coordinates": [ [ -57.8, 18.7 ], [ -58.2, 19.2 ] ] } },
{ "type": "Feature", "properties": { "sid": "1989260N11316", "name": "Iris", "season": 1989, "cat": 0, "wind": 60 }, "geometry": { "type": "LineString", "coordinates": [ [ -58.2, 19.2 ], [ -58.7, 19.6 ] ] } },
{ "type": "Feature", "properties": { "sid": "1989260N11316", "name": "Iris", "season": 1989, "cat": 0, "wind": 60 }, "geometry": { "type": "LineString", "coordinates": [ [ -58.7, 19.6 ], [ -59.2, 20.0 ] ] } },
{ "type": "Feature", "properties": { "sid": "1989260N11316", "name": "Iris", "season": 1989, "cat": 0, "wind": 60 }, "geometry": { "type": "LineString", "coordinates": [ [ -59.2, 20.0 ], [ -59.8, 20.3 ] ] } },
{ "type": "Feature", "properties": { "sid": "1989260N11316", "name": "Iris", "season": 1989, "cat": 0, "wind": 55 }, "geometry": { "type": "LineString", "coordinates": [ [ -59.8, 20.3 ], [ -60.3, 20.5 ] ] } },
{ "type": "Feature", "properties": { "sid": "1989260N11316", "name": "Iris", "season": 1989, "cat": 0, "wind": 50 }, "geometry": { "type": "LineString", "coordinates": [ [ -60.3, 20.5 ], [ -60.8, 20.7 ] ] } },
{ "type": "Feature", "properties": { "sid": "1989260N11316", "name": "Iris", "season": 1989, "cat": 0, "wind": 45 }, "geometry": { "type": "LineString", "coordinates": [ [ -60.8, 20.7 ], [ -61.3, 20.9 ] ] } },
{ "type": "Feature", "properties": { "sid": "1989260N11316", "name": "Iris", "season": 1989, "cat": 0, "wind": 40 }, "geometry": { "type": "LineString", "coordinates": [ [ -61.3, 20.9 ], [ -61.8, 21.1 ] ] } },
{ "type": "Feature", "properties": { "sid": "1989260N11316", "name": "Iris", "season": 1989, "cat": 0, "wind": 38 }, "geometry": { "type": "LineString", "coordinates": [ [ -61.8, 21.1 ], [ -62.2, 21.3 ] ] } },
{ "type": "Feature", "properties": { "sid": "1989260N11316", "name": "Iris", "season": 1989, "cat": 0, "wind": 35 }, "geometry": { "type": "LineString", "coordinates": [ [ -62.2, 21.3 ], [ -62.6, 21.5 ] ] } },
{ "type": "Feature", "properties": { "sid": "1989260N11316", "name": "Iris", "season": 1989, "cat": 0, "wind": 35 }, "geometry": { "type": "LineString", "coordinates": [ [ -62.6, 21.5 ], [ -63.1, 21.7 ] ] } },
{ "type": "Feature", "properties": { "sid": "1989260N11316", "name": "Iris", "season": 1989, "cat": 0, "wind": 35 }, "geometry": { "type": "LineString", "coordinates": [ [ -63.1, 21.7 ], [ -63.6, 21.8 ] ] } },
{ "type": "Feature", "properties": { "sid": "1989260N11316", "name": "Iris", "season": 1989, "cat": -1, "wind": 33 }, "geometry": { "type": "LineString", "coordinates": [ [ -63.6, 21.8 ], [ -64.1, 21.9 ] ] } },
{ "type": "Feature", "properties": { "sid": "1989260N11316", "name": "Iris", "season": 1989, "cat": -1, "wind": 30 }, "geometry": { "type": "LineString", "coordinates": [ [ -64.1, 21.9 ], [ -64.6, 22.0 ] ] } },
{ "type": "Feature", "properties": { "sid": "1989260N11316", "name": "Iris", "season": 1989, "cat": -1, "wind": 30 }, "geometry": { "type": "LineString", "coordinates": [ [ -64.6, 22.0 ], [ -65.1, 22.2 ] ] } },
{ "type": "Feature", "properties": { "sid": "1989260N11316", "name": "Iris", "season": 1989, "cat": -1, "wind": 30 }, "geometry": { "type": "LineString", "coordinates": [ [ -65.1, 22.2 ], [ -65.6, 22.3 ] ] } },
{ "type": "Feature", "properties": { "sid": "1989260N11316", "name": "Iris", "season": 1989, "cat": -1, "wind": 28 }, "geometry": { "type": "LineString", "coordinates": [ [ -65.6, 22.3 ], [ -66.0, 22.4 ] ] } },
{ "type": "Feature", "properties": { "sid": "1989260N11316", "name": "Iris", "season": 1989, "cat": -1, "wind": 25 }, "geometry": { "type": "LineString", "coordinates": [ [ -66.0, 22.4 ], [ -66.5, 22.5 ] ] } },
{ "type": "Feature", "properties": { "sid": "1989260N11316", "name": "Iris", "season": 1989, "cat": -1, "wind": 25 }, "geometry": { "type": "LineString", "coordinates": [ [ -66.5, 22.5 ], [ -67.0, 22.5 ] ] } },
{ "type": "Feature", "properties": { "sid": "1990203N09318", "name": "Arthur", "season": 1990, "cat": 0, "wind": 45 }, "geometry": { "type": "LineString", "coordinates": [ [ -61.3, 11.7 ], [ -61.9, 12.0 ] ] } },
{ "type": "Feature", "properties": { "sid": "1990203N09318", "name": "Arthur", "season": 1990, "cat": 0, "wind": 48 }, "geometry": { "type": "LineString", "coordinates": [ [ -61.9, 12.0 ], [ -62.5, 12.4 ] ] } },
{ "type": "Feature", "properties": { "sid": "1990203N09318", "name": "Arthur", "season": 1990, "cat": 0, "wind": 50 }, "geometry": { "type": "LineString", "coordinates": [ [ -62.5, 12.4 ], [ -63.1, 12.8 ] ] } },
{ "type": "Feature", "properties": { "sid": "1990203N09318", "name": "Arthur", "season": 1990, "cat": 0, "wind": 55 }, "geometry": { "type": "LineString", "coordinates": [ [ -63.1, 12.8 ], [ -63.7, 13.1 ] ] } },
{ "type": "Feature", "properties": { "sid": "1990203N09318", "name": "Arthur", "season": 1990, "cat": 0, "wind": 60 }, "geometry": { "type": "LineString", "coordinates": [ [ -63.7, 13.1 ], [ -64.3, 13.4 ] ] } },
{ "type": "Feature", "properties": { "sid": "1990203N09318", "name": "Arthur", "season": 1990, "cat": 0, "wind": 60 }, "geometry": { "type": "LineString", "coordinates": [ [ -64.3, 13.4 ], [ -65.0, 13.7 ] ] } },
{ "type": "Feature", "properties": { "sid": "1990203N09318", "name": "Arthur", "season": 1990, "cat": 0, "wind": 60 }, "geometry": { "type": "LineString", "coordinates": [ [ -65.0, 13.7 ], [ -65.7, 13.9 ] ] } },
{ "type": "Feature", "properties": { "sid": "1990203N09318", "name": "Arthur", "season": 1990, "cat": 0, "wind": 55 }, "geometry": { "type": "LineString", "coordinates": [ [ -65.7, 13.9 ], [ -66.4, 14.2 ] ] } },
{ "type": "Feature", "properties": { "sid": "1990203N09318", "name": "Arthur", "season": 1990, "cat": 0, "wind": 50 }, "geometry": { "type": "LineString", "coordinates": [ [ -66.4, 14.2 ], [ -67.1, 14.5 ] ] } },
{ "type": "Feature", "properties": { "sid": "1990203N09318", "name": "Arthur", "season": 1990, "cat": 0, "wind": 48 }, "geometry": { "type": "LineString", "coordinates": [ [ -67.1, 14.5 ], [ -67.9, 14.8 ] ] } },
{ "type": "Feature", "properties": { "sid": "1990203N09318", "name": "Arthur", "season": 1990, "cat": 0, "wind": 45 }, "geometry": { "type": "LineString", "coordinates": [ [ -67.9, 14.8 ], [ -68.8, 15.2 ] ] } },
{ "type": "Feature", "properties": { "sid": "1990203N09318", "name": "Arthur", "season": 1990, "cat": 0, "wind": 43 }, "geometry": { "type": "LineString", "coordinates": [ [ -68.8, 15.2 ], [ -69.8, 15.6 ] ] } },
{ "type": "Feature", "properties": { "sid": "1990203N09318", "name": "Arthur", "season": 1990, "cat": 0, "wind": 40 }, "geometry": { "type": "LineString", "coordinates": [ [ -69.8, 15.6 ], [ -70.8, 15.9 ] ] } },
{ "type": "Feature", "properties": { "sid": "1990203N09318", "name": "Arthur", "season": 1990, "cat": 0, "wind": 38 }, "geometry": { "type": "LineString", "coordinates": [ [ -70.8, 15.9 ], [ -71.8, 16.2 ] ] } },
{ "type": "Feature", "properties": { "sid": "1990203N09318", "name": "Arthur", "season": 1990, "cat": 0, "wind": 35 }, "geometry": { "type": "LineString", "coordinates": [ [ -71.8, 16.2 ], [ -72.8, 16.5 ] ] } },
{ "type": "Feature", "properties": { "sid": "1990203N09318", "name": "Arthur", "season": 1990, "cat": -1, "wind": 33 }, "geometry": { "type": "LineString", "coordinates": [ [ -72.8, 16.5 ], [ -73.8, 16.6 ] ] } },
{ "type": "Feature", "properties": { "sid": "1990203N09318", "name": "Arthur", "season": 1990, "cat": -1, "wind": 30 }, "geometry": { "type": "LineString", "coordinates": [ [ -73.8, 16.6 ], [ -74.7, 16.6 ] ] } },
{ "type": "Feature", "properties": { "sid": "1990277N16301", "name": "Klaus", "season": 1990, "cat": -1, "wind": 30 }, "geometry": { "type": "LineString", "coordinates": [ [ -59.3, 15.6 ], [ -59.5, 15.9 ] ] } },
{ "type": "Feature", "properties": { "sid": "1990277N16301", "name": "Klaus", "season": 1990, "cat": -1, "wind": 33 }, "geometry": { "type": "LineString", "coordinates": [ [ -59.5, 15.9 ], [ -59.6, 16.2 ] ] } },
{ "type": "Feature", "properties": { "sid": "1990277N16301", "name": "Klaus", "season": 1990, "cat": 0, "wind": 35 }, "geometry": { "type": "LineString", "coordinates": [ [ -59.6, 16.2 ], [ -59.7, 16.3 ] ] } },
{ "type": "Feature", "properties": { "sid": "1990277N16301", "name": "Klaus", "season": 1990, "cat": 0, "wind": 40 }, "geometry": { "type": "LineString", "coordinates": [ [ -59.7, 16.3 ], [ -59.8, 16.4 ] ] } },
{ "type": "Feature", "properties": { "sid": "1990277N16301", "name": "Klaus", "season": 1990, "cat": 0, "wind": 45 }, "geometry": { "type": "LineString", "coordinates": [ [ -59.8, 16.4 ], [ -59.9, 16.5 ] ] } },
{ "type": "Feature", "properties": { "sid": "1990277N16301", "name": "Klaus", "season": 1990, "cat": 0, "wind": 48 }, "geometry": { "type": "LineString", "coordinates": [ [ -59.9, 16.5 ], [ -60.1, 16.5 ] ] } },
{ "type": "Feature", "properties": { "sid": "1990277N16301", "name": "Klaus", "season": 1990, "cat": 0, "wind": 50 }, "geometry": { "type": "LineString", "coordinates": [ [ -60.1, 16.5 ], [ -60.3, 16.5 ] ] } },
{ "type": "Feature", "properties": { "sid": "1990277N16301", "name": "Klaus", "season": 1990, "cat": 0, "wind": 50 }, "geometry": { "type": "LineString", "coordinates": [ [ -60.3, 16.5 ], [ -60.4, 16.6 ] ] } },
{ "type": "Feature", "properties": { "sid": "1990277N16301", "name": "Klaus", "season": 1990, "cat": 0, "wind": 50 }, "geometry": { "type": "LineString", "coordinates": [ [ -60.4, 16.6 ], [ -60.6, 16.7 ] ] } },
{ "type": "Feature", "properties": { "sid": "1990277N16301", "name": "Klaus", "season": 1990, "cat": 0, "wind": 53 }, "geometry": { "type": "LineString", "coordinates": [ [ -60.6, 16.7 ], [ -60.7, 16.8 ] ] } },
{ "type": "Feature", "properties": { "sid": "1990277N16301", "name": "Klaus", "season": 1990, "cat": 0, "wind": 55 }, "geometry": { "type": "LineString", "coordinates": [ [ -60.7, 16.8 ], [ -60.8, 16.9 ] ] } },
{ "type": "Feature", "properties": { "sid": "1990277N16301", "name": "Klaus", "season": 1990, "cat": 0, "wind": 55 }, "geometry": { "type": "LineString", "coordinates": [ [ -60.8, 16.9 ], [ -60.9, 16.9 ] ] } },
{ "type": "Feature", "properties": { "sid": "1990277N16301", "name": "Klaus", "season": 1990, "cat": 0, "wind": 55 }, "geometry": { "type": "LineString", "coordinates": [ [ -60.9, 16.9 ], [ -61.0, 16.9 ] ] } },
{ "type": "Feature", "properties": { "sid": "1990277N16301", "name": "Klaus", "season": 1990, "cat": 0, "wind": 58 }, "geometry": { "type": "LineString", "coordinates": [ [ -61.0, 16.9 ], [ -61.1, 17.0 ] ] } },
{ "type": "Feature", "properties": { "sid": "1990277N16301", "name": "Klaus", "season": 1990, "cat": 0, "wind": 60 }, "geometry": { "type": "LineString", "coordinates": [ [ -61.1, 17.0 ], [ -61.2, 17.1 ] ] } },
{ "type": "Feature", "properties": { "sid": "1990277N16301", "name": "Klaus", "season": 1990, "cat": 1, "wind": 65 }, "geometry": { "type": "LineString", "coordinates": [ [ -61.2, 17.1 ], [ -61.2, 17.2 ] ] } },
{ "type": "Feature", "properties": { "sid": "1990277N16301", "name": "Klaus", "season": 1990, "cat": 1, "wind": 70 }, "geometry": { "type": "LineString", "coordinates": [ [ -61.2, 17.2 ], [ -61.3, 17.3 ] ] } },
{ "type": "Feature", "properties": { "sid": "1990277N16301", "name": "Klaus", "season": 1990, "cat": 1, "wind": 70 }, "geometry": { "type": "LineString", "coordinates": [ [ -61.3, 17.3 ], [ -61.4, 17.4 ] ] } },
{ "type": "Feature", "properties": { "sid": "1990277N16301", "name": "Klaus", "season": 1990, "cat": 1, "wind": 70 }, "geometry": { "type": "LineString", "coordinates": [ [ -61.4, 17.4 ], [ -61.5, 17.5 ] ] } },
{ "type": "Feature", "properties": { "sid": "1990277N16301", "name": "Klaus", "season": 1990, "cat": 1, "wind": 68 }, "geometry": { "type": "LineString", "coordinates": [ [ -61.5, 17.5 ], [ -61.6, 17.7 ] ] } },
{ "type": "Feature", "properties": { "sid": "1990277N16301", "name": "Klaus", "season": 1990, "cat": 1, "wind": 65 }, "geometry": { "type": "LineString", "coordinates": [ [ -61.6, 17.7 ], [ -61.7, 17.9 ] ] } },
{ "type": "Feature", "properties": { "sid": "1990277N16301", "name": "Klaus", "season": 1990, "cat": 0, "wind": 63 }, "geometry": { "type": "LineString", "coordinates": [ [ -61.7, 17.9 ], [ -61.8, 18.1 ] ] } },
{ "type": "Feature", "properties": { "sid": "1990277N16301", "name": "Klaus", "season": 1990, "cat": 0, "wind": 60 }, "geometry": { "type": "LineString", "coordinates": [ [ -61.8, 18.1 ], [ -62.0, 18.2 ] ] } },
{ "type": "Feature", "properties": { "sid": "1990277N16301", "name": "Klaus", "season": 1990, "cat": 0, "wind": 60 }, "geometry": { "type": "LineString", "coordinates": [ [ -62.0, 18.2 ], [ -62.1, 18.3 ] ] } },
{ "type": "Feature", "properties": { "sid": "1990277N16301", "name": "Klaus", "season": 1990, "cat": 0, "wind": 60 }, "geometry": { "type": "LineString", "coordinates": [ [ -62.1, 18.3 ], [ -62.2, 18.5 ] ] } },
{ "type": "Feature", "properties": { "sid": "1990277N16301", "name": "Klaus", "season": 1990, "cat": 0, "wind": 58 }, "geometry": { "type": "LineString", "coordinates": [ [ -62.2, 18.5 ], [ -62.3, 18.6 ] ] } },
{ "type": "Feature", "properties": { "sid": "1990277N16301", "name": "Klaus", "season": 1990, "cat": 0, "wind": 55 }, "geometry": { "type": "LineString", "coordinates": [ [ -62.3, 18.6 ], [ -62.5, 18.7 ] ] } },
{ "type": "Feature", "properties": { "sid": "1990277N16301", "name": "Klaus", "season": 1990, "cat": 0, "wind": 55 }, "geometry": { "type": "LineString", "coordinates": [ [ -62.5, 18.7 ], [ -62.7, 18.7 ] ] } },
{ "type": "Feature", "properties": { "sid": "1990277N16301", "name": "Klaus", "season": 1990, "cat": 0, "wind": 55 }, "geometry": { "type": "LineString", "coordinates": [ [ -62.7, 18.7 ], [ -62.9, 18.7 ] ] } },
{ "type": "Feature", "properties": { "sid": "1990277N16301", "name": "Klaus", "season": 1990, "cat": 0, "wind": 55 }, "geometry": { "type": "LineString", "coordinates": [ [ -62.9, 18.7 ], [ -63.1, 18.8 ] ] } },
{ "type": "Feature", "properties": { "sid": "1990277N16301", "name": "Klaus", "season": 1990, "cat": 0, "wind": 55 }, "geometry": { "type": "LineString", "coordinates": [ [ -63.1, 18.8 ], [ -63.4, 18.8 ] ] } },
{ "type": "Feature", "properties": { "sid": "1990277N16301", "name": "Klaus", "season": 1990, "cat": 0, "wind": 53 }, "geometry": { "type": "LineString", "coordinates": [ [ -63.4, 18.8 ], [ -63.8, 18.9 ] ] } },
{ "type": "Feature", "properties": { "sid": "1990277N16301", "name": "Klaus", "season": 1990, "cat": 0, "wind": 50 }, "geometry": { "type": "LineString", "coordinates": [ [ -63.8, 18.9 ], [ -64.3, 19.0 ] ] } },
{ "type": "Feature", "properties": { "sid": "1990277N16301", "name": "Klaus", "season": 1990, "cat": 0, "wind": 45 }, "geometry": { "type": "LineString", "coordinates": [ [ -64.3, 19.0 ], [ -64.9, 19.2 ] ] } },
{ "type": "Feature", "properties": { "sid": "1990277N16301", "name": "Klaus", "season": 1990, "cat": 0, "wind": 40 }, "geometry": { "type": "LineString", "coordinates": [ [ -64.9, 19.2 ], [ -65.5, 19.4 ] ] } },
{ "type": "Feature", "properties": { "sid": "1990277N16301", "name": "Klaus", "season": 1990, "cat": 0, "wind": 35 }, "geometry": { "type": "LineString", "coordinates": [ [ -65.5, 19.4 ], [ -66.1, 19.7 ] ] } },
{ "type": "Feature", "properties": { "sid": "1990277N16301", "name": "Klaus", "season": 1990, "cat": -1, "wind": 30 }, "geometry": { "type": "LineString", "coordinates": [ [ -66.1, 19.7 ], [ -66.8, 20.0 ] ] } },
{ "type": "Feature", "properties": { "sid": "1990277N16301", "name": "Klaus", "season": 1990, "cat": -1, "wind": 30 }, "geometry": { "type": "LineString", "coordinates": [ [ -66.8, 20.0 ], [ -67.5, 20.4 ] ] } },
{ "type": "Feature", "properties": { "sid": "1990277N16301", "name": "Klaus", "season": 1990, "cat": -1, "wind": 30 }, "geometry": { "type": "LineString", "coordinates": [ [ -67.5, 20.4 ], [ -68.2, 20.7 ] ] } },
{ "type": "Feature", "properties": { "sid": "1990277N16301", "name": "Klaus", "season": 1990, "cat": 0, "wind": 35 }, "geometry": { "type": "LineString", "coordinates": [ [ -68.2, 20.7 ], [ -68.9, 21.1 ] ] } },
{ "type": "Feature", "properties": { "sid": "1990277N16301", "name": "Klaus", "season": 1990, "cat": 0, "wind": 40 }, "geometry": { "type": "LineString", "coordinates": [ [ -68.9, 21.1 ], [ -69.5, 21.5 ] ] } },
{ "type": "Feature", "properties": { "sid": "1990277N16301", "name": "Klaus", "season": 1990, "cat": 0, "wind": 43 }, "geometry": { "type": "LineString", "coordinates": [ [ -69.5, 21.5 ], [ -70.1, 21.9 ] ] } },
{ "type": "Feature", "properties": { "sid": "1990277N16301", "name": "Klaus", "season": 1990, "cat": 0, "wind": 45 }, "geometry": { "type": "LineString", "coordinates": [ [ -70.1, 21.9 ], [ -70.7, 22.2 ] ] } },
{ "type": "Feature", "properties": { "sid": "1990277N16301", "name": "Klaus", "season": 1990, "cat": 0, "wind": 45 }, "geometry": { "type": "LineString", "coordinates": [ [ -70.7, 22.2 ], [ -71.2, 22.6 ] ] } },
{ "type": "Feature", "properties": { "sid": "1990277N16301", "name": "Klaus", "season": 1990, "cat": 0, "wind": 45 }, "geometry": { "type": "LineString", "coordinates": [ [ -71.2, 22.6 ], [ -71.8, 23.0 ] ] } },
{ "type": "Feature", "properties": { "sid": "1990277N16301", "name": "Klaus", "season": 1990, "cat": 0, "wind": 45 }, "geometry": { "type": "LineString", "coordinates": [ [ -71.8, 23.0 ], [ -72.3, 23.4 ] ] } },
{ "type": "Feature", "properties": { "sid": "1990277N16301", "name": "Klaus", "season": 1990, "cat": 0, "wind": 45 }, "geometry": { "type": "LineString", "coordinates": [ [ -72.3, 23.4 ], [ -72.8, 23.9 ] ] } },
{ "type": "Feature", "properties": { "sid": "1990289N22300", "name": "Nana", "season": 1990, "cat": -1, "wind": 25 }, "geometry": { "type": "LineString", "coordinates": [ [ -60.4, 22.2 ], [ -60.6, 22.3 ] ] } },
{ "type": "Feature", "properties": { "sid": "1990289N22300", "name": "Nana", "season": 1990, "cat": -1, "wind": 28 }, "geometry": { "type": "LineString", "coordinates": [ [ -60.6, 22.3 ], [ -60.8, 22.3 ] ] } },
{ "type": "Feature", "properties": { "sid": "1990289N22300", "name": "Nana", "season": 1990, "cat": -1, "wind": 30 }, "geometry": { "type": "LineString", "coordinates": [ [ -60.8, 22.3 ], [ -61.1, 22.3 ] ] } },
{ "type": "Feature", "properties": { "sid": "1990289N22300", "name": "Nana", "season": 1990, "cat": -1, "wind": 30 }, "geometry": { "type": "LineString", "coordinates": [ [ -61.1, 22.3 ], [ -61.4, 22.3 ] ] } },
{ "type": "Feature", "properties": { "sid": "1990289N22300", "name": "Nana", "season": 1990, "cat": -1, "wind": 30 }, "geometry": { "type": "LineString", "coordinates": [ [ -61.4, 22.3 ], [ -61.8, 22.2 ] ] } },
{ "type": "Feature", "properties": { "sid": "1990289N22300", "name": "Nana", "season": 1990, "cat": -1, "wind": 33 }, "geometry": { "type": "LineString", "coordinates": [ [ -61.8, 22.2 ], [ -62.1, 22.1 ] ] } },
{ "type": "Feature", "properties": { "sid": "1990289N22300", "name": "Nana", "season": 1990, "cat": 0, "wind": 35 }, "geometry": { "type": "LineString", "coordinates": [ [ -62.1, 22.1 ], [ -62.3, 22.1 ] ] } },
{ "type": "Feature", "properties": { "sid": "1990289N22300", "name": "Nana", "season": 1990, "cat": 0, "wind": 38 }, "geometry": { "type": "LineString", "coordinates": [ [ -62.3, 22.1 ], [ -62.5, 22.1 ] ] } },
{ "type": "Feature", "properties": { "sid": "1990289N22300", "name": "Nana", "season": 1990, "cat": 0, "wind": 40 }, "geometry": { "type": "LineString", "coordinates": [ [ -62.5, 22.1 ], [ -62.7, 22.1 ] ] } },
{ "type": "Feature", "properties": { "sid": "1990289N22300", "name": "Nana", "season": 1990, "cat": 0, "wind": 43 }, "geometry": { "type": "LineString", "coordinates": [ [ -62.7, 22.1 ], [ -62.8, 22.1 ] ] } },
{ "type": "Feature", "properties": { "sid": "1990289N22300", "name": "Nana", "season": 1990, "cat": 0, "wind": 45 }, "geometry": { "type": "LineString", "coordinates": [ [ -62.8, 22.1 ], [ -63.0, 22.2 ] ] } },
{ "type": "Feature", "properties": { "sid": "1990289N22300", "name": "Nana", "season": 1990, "cat": 0, "wind": 50 }, "geometry": { "type": "LineString", "coordinates": [ [ -63.0, 22.2 ], [ -63.2, 22.4 ] ] } },
{ "type": "Feature", "properties": { "sid": "1990289N22300", "name": "Nana", "season": 1990, "cat": 0, "wind": 55 }, "geometry": { "type": "LineString", "coordinates": [ [ -63.2, 22.4 ], [ -63.4, 22.6 ] ] } },
{ "type": "Feature", "properties": { "sid": "1990289N22300", "name": "Nana", "season": 1990, "cat": 0, "wind": 60 }, "geometry": { "type": "LineString", "coordinates": [ [ -63.4, 22.6 ], [ -63.5, 22.8 ] ] } },
{ "type": "Feature", "properties": { "sid": "1990289N22300", "name": "Nana", "season": 1990, "cat": 1, "wind": 65 }, "geometry": { "type": "LineString", "coordinates": [ [ -63.5, 22.8 ], [ -63.6, 23.1 ] ] } },
{ "type": "Feature", "properties": { "sid": "1990289N22300", "name": "Nana", "season": 1990, "cat": 1, "wind": 68 }, "geometry": { "type": "LineString", "coordinates": [ [ -63.6, 23.1 ], [ -63.6, 23.4 ] ] } },
{ "type": "Feature", "properties": { "sid": "1990289N22300", "name": "Nana", "season": 1990, "cat": 1, "wind": 70 }, "geometry": { "type": "LineString", "coordinates": [ [ -63.6, 23.4 ], [ -63.7, 23.7 ] ] } },
{ "type": "Feature", "properties": { "sid": "1990289N22300", "name": "Nana", "season": 1990, "cat": 1, "wind": 73 }, "geometry": { "type": "LineString", "coordinates": [ [ -63.7, 23.7 ], [ -63.8, 24.1 ] ] } },
{ "type": "Feature", "properties": { "sid": "1990289N22300", "name": "Nana", "season": 1990, "cat": 1, "wind": 75 }, "geometry": { "type": "LineString", "coordinates": [ [ -63.8, 24.1 ], [ -64.0, 24.5 ] ] } },
{ "type": "Feature", "properties": { "sid": "1990289N22300", "name": "Nana", "season": 1990, "cat": 1, "wind": 75 }, "geometry": { "type": "LineString", "coordinates": [ [ -64.0, 24.5 ], [ -64.2, 25.0 ] ] } },
{ "type": "Feature", "properties": { "sid": "1990289N22300", "name": "Nana", "season": 1990, "cat": 1, "wind": 75 }, "geometry": { "type": "LineString", "coordinates": [ [ -64.2, 25.0 ], [ -64.5, 25.5 ] ] } },
{ "type": "Feature", "properties": { "sid": "1990289N22300", "name": "Nana", "season": 1990, "cat": 1, "wind": 73 }, "geometry": { "type": "LineString", "coordinates": [ [ -64.5, 25.5 ], [ -64.9, 26.1 ] ] } },
{ "type": "Feature", "properties": { "sid": "1993227N14301", "name": "Cindy", "season": 1993, "cat": -1, "wind": 30 }, "geometry": { "type": "LineString", "coordinates": [ [ -59.5, 14.1 ], [ -60.2, 14.3 ] ] } },
{ "type": "Feature", "properties": { "sid": "1993227N14301", "name": "Cindy", "season": 1993, "cat": -1, "wind": 33 }, "geometry": { "type": "LineString", "coordinates": [ [ -60.2, 14.3 ], [ -60.9, 14.5 ] ] } },
{ "type": "Feature", "properties": { "sid": "1993227N14301", "name": "Cindy", "season": 1993, "cat": 0, "wind": 35 }, "geometry": { "type": "LineString", "coordinates": [ [ -60.9, 14.5 ], [ -61.6, 14.7 ] ] } },
{ "type": "Feature", "properties": { "sid": "1993227N14301", "name": "Cindy", "season": 1993, "cat": 0, "wind": 35 }, "geometry": { "type": "LineString", "coordinates": [ [ -61.6, 14.7 ], [ -62.2, 14.9 ] ] } },
{ "type": "Feature", "properties": { "sid": "1993227N14301", "name": "Cindy", "season": 1993, "cat": 0, "wind": 35 }, "geometry": { "type": "LineString", "coordinates": [ [ -62.2, 14.9 ], [ -62.9, 15.1 ] ] } },
{ "type": "Feature", "properties": { "sid": "1993227N14301", "name": "Cindy", "season": 1993, "cat": 0, "wind": 35 }, "geometry": { "type": "LineString", "coordinates": [ [ -62.9, 15.1 ], [ -63.5, 15.2 ] ] } },
{ "type": "Feature", "properties": { "sid": "1993227N14301", "name": "Cindy", "season": 1993, "cat": 0, "wind": 35 }, "geometry": { "type": "LineString", "coordinates": [ [ -63.5, 15.2 ], [ -64.2, 15.3 ] ] } },
{ "type": "Feature", "properties": { "sid": "1993227N14301", "name": "Cindy", "season": 1993, "cat": 0, "wind": 35 }, "geometry": { "type": "LineString", "coordinates": [ [ -64.2, 15.3 ], [ -64.8, 15.4 ] ] } },
{ "type": "Feature", "properties": { "sid": "1993227N14301", "name": "Cindy", "season": 1993, "cat": 0, "wind": 35 }, "geometry": { "type": "LineString", "coordinates": [ [ -64.8, 15.4 ], [ -65.4, 15.6 ] ] } },
{ "type": "Feature", "properties": { "sid": "1993227N14301", "name": "Cindy", "season": 1993, "cat": 0, "wind": 35 }, "geometry": { "type": "LineString", "coordinates": [ [ -65.4, 15.6 ], [ -66.0, 15.8 ] ] } },
{ "type": "Feature", "properties": { "sid": "1993227N14301", "name": "Cindy", "season": 1993, "cat": 0, "wind": 35 }, "geometry": { "type": "LineString", "coordinates": [ [ -66.0, 15.8 ], [ -66.5, 16.1 ] ] } },
{ "type": "Feature", "properties": { "sid": "1993227N14301", "name": "Cindy", "season": 1993, "cat": 0, "wind": 35 }, "geometry": { "type": "LineString", "coordinates": [ [ -66.5, 16.1 ], [ -66.9, 16.4 ] ] } },
{ "type": "Feature", "properties": { "sid": "1993227N14301", "name": "Cindy", "season": 1993, "cat": 0, "wind": 35 }, "geometry": { "type": "LineString", "coordinates": [ [ -66.9, 16.4 ], [ -67.4, 16.7 ] ] } },
{ "type": "Feature", "properties": { "sid": "1993227N14301", "name": "Cindy", "season": 1993, "cat": 0, "wind": 35 }, "geometry": { "type": "LineString", "coordinates": [ [ -67.4, 16.7 ], [ -68.0, 17.0 ] ] } },
{ "type": "Feature", "properties": { "sid": "1993227N14301", "name": "Cindy", "season": 1993, "cat": 0, "wind": 35 }, "geometry": { "type": "LineString", "coordinates": [ [ -68.0, 17.0 ], [ -68.6, 17.1 ] ] } },
{ "type": "Feature", "properties": { "sid": "1993227N14301", "name": "Cindy", "season": 1993, "cat": 0, "wind": 38 }, "geometry": { "type": "LineString", "coordinates": [ [ -68.6, 17.1 ], [ -69.3, 17.3 ] ] } },
{ "type": "Feature", "properties": { "sid": "1993227N14301", "name": "Cindy", "season": 1993, "cat": 0, "wind": 40 }, "geometry": { "type": "LineString", "coordinates": [ [ -69.3, 17.3 ], [ -70.0, 17.6 ] ] } },
{ "type": "Feature", "properties": { "sid": "1993227N14301", "name": "Cindy", "season": 1993, "cat": 0, "wind": 38 }, "geometry": { "type": "LineString", "coordinates": [ [ -70.0, 17.6 ], [ -70.6, 17.9 ] ] } },
{ "type": "Feature", "properties": { "sid": "1993227N14301", "name": "Cindy", "season": 1993, "cat": 0, "wind": 35 }, "geometry": { "type": "LineString", "coordinates": [ [ -70.6, 17.9 ], [ -71.0, 18.3 ] ] } },
{ "type": "Feature", "properties": { "sid": "1993227N14301", "name": "Cindy", "season": 1993, "cat": -1, "wind": 30 }, "geometry": { "type": "LineString", "coordinates": [ [ -71.0, 18.3 ], [ -71.3, 18.8 ] ] } },
{ "type": "Feature", "properties": { "sid": "1994253N13303", "name": "Debby", "season": 1994, "cat": 0, "wind": 38 }, "geometry": { "type": "LineString", "coordinates": [ [ -59.3, 13.5 ], [ -60.2, 13.7 ] ] } },
{ "type": "Feature", "properties": { "sid": "1994253N13303", "name": "Debby", "season": 1994, "cat": 0, "wind": 45 }, "geometry": { "type": "LineString", "coordinates": [ [ -60.2, 13.7 ], [ -61.0, 14.0 ] ] } },
{ "type": "Feature", "properties": { "sid": "1994253N13303", "name": "Debby", "season": 1994, "cat": 0, "wind": 55 }, "geometry": { "type": "LineString", "coordinates": [ [ -61.0, 14.0 ], [ -61.6, 14.1 ] ] } },
{ "type": "Feature", "properties": { "sid": "1994253N13303", "name": "Debby", "season": 1994, "cat": 0, "wind": 60 }, "geometry": { "type": "LineString", "coordinates": [ [ -61.6, 14.1 ], [ -62.4, 14.3 ] ] } },
{ "type": "Feature", "properties": { "sid": "1994253N13303", "name": "Debby", "season": 1994, "cat": 0, "wind": 58 }, "geometry": { "type": "LineString", "coordinates": [ [ -62.4, 14.3 ], [ -63.2, 14.6 ] ] } },
{ "type": "Feature", "properties": { "sid": "1994253N13303", "name": "Debby", "season": 1994, "cat": 0, "wind": 55 }, "geometry": { "type": "LineString", "coordinates": [ [ -63.2, 14.6 ], [ -64.0, 14.9 ] ] } },
{ "type": "Feature", "properties": { "sid": "1994253N13303", "name": "Debby", "season": 1994, "cat": 0, "wind": 53 }, "geometry": { "type": "LineString", "coordinates": [ [ -64.0, 14.9 ], [ -64.9, 15.1 ] ] } },
{ "type": "Feature", "properties": { "sid": "1994253N13303", "name": "Debby", "season": 1994, "cat": 0, "wind": 50 }, "geometry": { "type": "LineString", "coordinates": [ [ -64.9, 15.1 ], [ -65.8, 15.3 ] ] } },
{ "type": "Feature", "properties": { "sid": "1994253N13303", "name": "Debby", "season": 1994, "cat": 0, "wind": 50 }, "geometry": { "type": "LineString", "coordinates": [ [ -65.8, 15.3 ], [ -66.7, 15.5 ] ] } },
{ "type": "Feature", "properties": { "sid": "1995193N17305", "name": "Chantal", "season": 1995, "cat": -1, "wind": 25 }, "geometry": { "type": "LineString", "coordinates": [ [ -57.4, 17.8 ], [ -58.3, 18.1 ] ] } },
{ "type": "Feature", "properties": { "sid": "1995193N17305", "name": "Chantal", "season": 1995, "cat": -1, "wind": 25 }, "geometry": { "type": "LineString", "coordinates": [ [ -58.3, 18.1 ], [ -59.2, 18.4 ] ] } },
{ "type": "Feature", "properties": { "sid": "1995193N17305", "name": "Chantal", "season": 1995, "cat": -1, "wind": 28 }, "geometry": { "type": "LineString", "coordinates": [ [ -59.2, 18.4 ], [ -59.9, 18.7 ] ] } },
{ "type": "Feature", "properties": { "sid": "1995193N17305", "name": "Chantal", "season": 1995, "cat": -1, "wind": 30 }, "geometry": { "type": "LineString", "coordinates": [ [ -59.9, 18.7 ], [ -60.5, 19.0 ] ] } },
{ "type": "Feature", "properties": { "sid": "1995193N17305", "name": "Chantal", "season": 1995, "cat": -1, "wind": 30 }, "geometry": { "type": "LineString", "coordinates": [ [ -60.5, 19.0 ], [ -61.0, 19.2 ] ] } },
{ "type": "Feature", "properties": { "sid": "1995193N17305", "name": "Chantal", "season": 1995, "cat": -1, "wind": 30 }, "geometry": { "type": "LineString", "coordinates": [ [ -61.0, 19.2 ], [ -61.5, 19.4 ] ] } },
{ "type": "Feature", "properties": { "sid": "1995193N17305", "name": "Chantal", "season": 1995, "cat": -1, "wind": 30 }, "geometry": { "type": "LineString", "coordinates": [ [ -61.5, 19.4 ], [ -61.9, 19.6 ] ] } },
{ "type": "Feature", "properties": { "sid": "1995193N17305", "name": "Chantal", "season": 1995, "cat": -1, "wind": 30 }, "geometry": { "type": "LineString", "coordinates": [ [ -61.9, 19.6 ], [ -62.3, 19.8 ] ] } },
{ "type": "Feature", "properties": { "sid": "1995193N17305", "name": "Chantal", "season": 1995, "cat": -1, "wind": 30 }, "geometry": { "type": "LineString", "coordinates": [ [ -62.3, 19.8 ], [ -62.7, 20.1 ] ] } },
{ "type": "Feature", "properties": { "sid": "1995193N17305", "name": "Chantal", "season": 1995, "cat": -1, "wind": 30 }, "geometry": { "type": "LineString", "coordinates": [ [ -62.7, 20.1 ], [ -63.2, 20.3 ] ] } },
{ "type": "Feature", "properties": { "sid": "1995193N17305", "name": "Chantal", "season": 1995, "cat": -1, "wind": 30 }, "geometry": { "type": "LineString", "coordinates": [ [ -63.2, 20.3 ], [ -63.6, 20.6 ] ] } },
{ "type": "Feature", "properties": { "sid": "1995193N17305", "name": "Chantal", "season": 1995, "cat": -1, "wind": 30 }, "geometry": { "type": "LineString", "coordinates": [ [ -63.6, 20.6 ], [ -64.0, 20.9 ] ] } },
{ "type": "Feature", "properties": { "sid": "1995193N17305", "name": "Chantal", "season": 1995, "cat": -1, "wind": 33 }, "geometry": { "type": "LineString", "coordinates": [ [ -64.0, 20.9 ], [ -64.4, 21.1 ] ] } },
{ "type": "Feature", "properties": { "sid": "1995193N17305", "name": "Chantal", "season": 1995, "cat": 0, "wind": 35 }, "geometry": { "type": "LineString", "coordinates": [ [ -64.4, 21.1 ], [ -64.7, 21.1 ] ] } },
{ "type": "Feature", "properties": { "sid": "1995193N17305", "name": "Chantal", "season": 1995, "cat": 0, "wind": 35 }, "geometry": { "type": "LineString", "coordinates": [ [ -64.7, 21.1 ], [ -64.9, 21.1 ] ] } },
{ "type": "Feature", "properties": { "sid": "1995193N17305", "name": "Chantal", "season": 1995, "cat": 0, "wind": 35 }, "geometry": { "type": "LineString", "coordinates": [ [ -64.9, 21.1 ], [ -65.1, 21.1 ] ] } },
{ "type": "Feature", "properties": { "sid": "1995193N17305", "name": "Chantal", "season": 1995, "cat": 0, "wind": 35 }, "geometry": { "type": "LineString", "coordinates": [ [ -65.1, 21.1 ], [ -65.2, 21.1 ] ] } },
{ "type": "Feature", "properties": { "sid": "1995193N17305", "name": "Chantal", "season": 1995, "cat": 0, "wind": 35 }, "geometry": { "type": "LineString", "coordinates": [ [ -65.2, 21.1 ], [ -65.3, 21.2 ] ] } },
{ "type": "Feature", "properties": { "sid": "1995193N17305", "name": "Chantal", "season": 1995, "cat": 0, "wind": 38 }, "geometry": { "type": "LineString", "coordinates": [ [ -65.3, 21.2 ], [ -65.5, 21.3 ] ] } },
{ "type": "Feature", "properties": { "sid": "1995193N17305", "name": "Chantal", "season": 1995, "cat": 0, "wind": 40 }, "geometry": { "type": "LineString", "coordinates": [ [ -65.5, 21.3 ], [ -65.7, 21.5 ] ] } },
{ "type": "Feature", "properties": { "sid": "1995193N17305", "name": "Chantal", "season": 1995, "cat": 0, "wind": 40 }, "geometry": { "type": "LineString", "coordinates": [ [ -65.7, 21.5 ], [ -66.0, 21.8 ] ] } },
{ "type": "Feature", "properties": { "sid": "1995193N17305", "name": "Chantal", "season": 1995, "cat": 0, "wind": 40 }, "geometry": { "type": "LineString", "coordinates": [ [ -66.0, 21.8 ], [ -66.3, 22.1 ] ] } },
{ "type": "Feature", "properties": { "sid": "1995193N17305", "name": "Chantal", "season": 1995, "cat": 0, "wind": 43 }, "geometry": { "type": "LineString", "coordinates": [ [ -66.3, 22.1 ], [ -66.7, 22.3 ] ] } },
{ "type": "Feature", "properties": { "sid": "1995193N17305", "name": "Chantal", "season": 1995, "cat": 0, "wind": 45 }, "geometry": { "type": "LineString", "coordinates": [ [ -66.7, 22.3 ], [ -67.1, 22.5 ] ] } },
{ "type": "Feature", "properties": { "sid": "1995193N17305", "name": "Chantal", "season": 1995, "cat": 0, "wind": 45 }, "geometry": { "type": "LineString", "coordinates": [ [ -67.1, 22.5 ], [ -67.5, 22.7 ] ] } },
{ "type": "Feature", "properties": { "sid": "1995193N17305", "name": "Chantal", "season": 1995, "cat": 0, "wind": 45 }, "geometry": { "type": "LineString", "coordinates": [ [ -67.5, 22.7 ], [ -67.7, 22.9 ] ] } },
{ "type": "Feature", "properties": { "sid": "1995193N17305", "name": "Chantal", "season": 1995, "cat": 0, "wind": 45 }, "geometry": { "type": "LineString", "coordinates": [ [ -67.7, 22.9 ], [ -67.9, 23.2 ] ] } },
{ "type": "Feature", "properties": { "sid": "1995193N17305", "name": "Chantal", "season": 1995, "cat": 0, "wind": 45 }, "geometry": { "type": "LineString", "coordinates": [ [ -67.9, 23.2 ], [ -68.1, 23.4 ] ] } },
{ "type": "Feature", "properties": { "sid": "1995193N17305", "name": "Chantal", "season": 1995, "cat": 0, "wind": 45 }, "geometry": { "type": "LineString", "coordinates": [ [ -68.1, 23.4 ], [ -68.2, 23.7 ] ] } },
{ "type": "Feature", "properties": { "sid": "1995193N17305", "name": "Chantal", "season": 1995, "cat": 0, "wind": 45 }, "geometry": { "type": "LineString", "coordinates": [ [ -68.2, 23.7 ], [ -68.3, 24.1 ] ] } },
{ "type": "Feature", "properties": { "sid": "1995193N17305", "name": "Chantal", "season": 1995, "cat": 0, "wind": 48 }, "geometry": { "type": "LineString", "coordinates": [ [ -68.3, 24.1 ], [ -68.4, 24.5 ] ] } },
{ "type": "Feature", "properties": { "sid": "1995193N17305", "name": "Chantal", "season": 1995, "cat": 0, "wind": 50 }, "geometry": { "type": "LineString", "coordinates": [ [ -68.4, 24.5 ], [ -68.6, 24.9 ] ] } },
{ "type": "Feature", "properties": { "sid": "1995193N17305", "name": "Chantal", "season": 1995, "cat": 0, "wind": 50 }, "geometry": { "type": "LineString", "coordinates": [ [ -68.6, 24.9 ], [ -68.8, 25.3 ] ] } },
{ "type": "Feature", "properties": { "sid": "1995193N17305", "name": "Chantal", "season": 1995, "cat": 0, "wind": 50 }, "geometry": { "type": "LineString", "coordinates": [ [ -68.8, 25.3 ], [ -69.0, 25.7 ] ] } },
{ "type": "Feature", "properties": { "sid": "1995235N13311", "name": "Iris", "season": 1995, "cat": 0, "wind": 55 }, "geometry": { "type": "LineString", "coordinates": [ [ -58.8, 14.2 ], [ -59.3, 14.2 ] ] } },
{ "type": "Feature", "properties": { "sid": "1995235N13311", "name": "Iris", "season": 1995, "cat": 0, "wind": 53 }, "geometry": { "type": "LineString", "coordinates": [ [ -59.3, 14.2 ], [ -59.8, 14.2 ] ] } },
{ "type": "Feature", "properties": { "sid": "1995235N13311", "name": "Iris", "season": 1995, "cat": 0, "wind": 50 }, "geometry": { "type": "LineString", "coordinates": [ [ -59.8, 14.2 ], [ -60.1, 14.1 ] ] } },
{ "type": "Feature", "properties": { "sid": "1995235N13311", "name": "Iris", "season": 1995, "cat": 0, "wind": 50 }, "geometry": { "type": "LineString", "coordinates": [ [ -60.1, 14.1 ], [ -60.3, 14.0 ] ] } },
{ "type": "Feature", "properties": { "sid": "1995235N13311", "name": "Iris", "season": 1995, "cat": 0, "wind": 50 }, "geometry": { "type": "LineString", "coordinates": [ [ -60.3, 14.0 ], [ -60.3, 14.1 ] ] } },
{ "type": "Feature", "properties": { "sid": "1995235N13311", "name": "Iris", "season": 1995, "cat": 0, "wind": 48 }, "geometry": { "type": "LineString", "coordinates": [ [ -60.3, 14.1 ], [ -60.2, 14.2 ] ] } },
{ "type": "Feature", "properties": { "sid": "1995235N13311", "name": "Iris", "season": 1995, "cat": 0, "wind": 45 }, "geometry": { "type": "LineString", "coordinates": [ [ -60.2, 14.2 ], [ -60.3, 14.4 ] ] } },
{ "type": "Feature", "properties": { "sid": "1995235N13311", "name": "Iris", "season": 1995, "cat": 0, "wind": 45 }, "geometry": { "type": "LineString", "coordinates": [ [ -60.3, 14.4 ], [ -60.5, 14.6 ] ] } },
{ "type": "Feature", "properties": { "sid": "1995235N13311", "name": "Iris", "season": 1995, "cat": 0, "wind": 45 }, "geometry": { "type": "LineString", "coordinates": [ [ -60.5, 14.6 ], [ -60.8, 14.8 ] ] } },
{ "type": "Feature", "properties": { "sid": "1995235N13311", "name": "Iris", "season": 1995, "cat": 0, "wind": 43 }, "geometry": { "type": "LineString", "coordinates": [ [ -60.8, 14.8 ], [ -61.0, 14.9 ] ] } },
{ "type": "Feature", "properties": { "sid": "1995235N13311", "name": "Iris", "season": 1995, "cat": 0, "wind": 40 }, "geometry": { "type": "LineString", "coordinates": [ [ -61.0, 14.9 ], [ -61.1, 14.9 ] ] } },
{ "type": "Feature", "properties": { "sid": "1995235N13311", "name": "Iris", "season": 1995, "cat": 0, "wind": 38 }, "geometry": { "type": "LineString", "coordinates": [ [ -61.1, 14.9 ], [ -61.2, 15.0 ] ] } },
{ "type": "Feature", "properties": { "sid": "1995235N13311", "name": "Iris", "season": 1995, "cat": 0, "wind": 35 }, "geometry": { "type": "LineString", "coordinates": [ [ -61.2, 15.0 ], [ -61.2, 15.3 ] ] } },
{ "type": "Feature", "properties": { "sid": "1995235N13311", "name": "Iris", "season": 1995, "cat": 0, "wind": 38 }, "geometry": { "type": "LineString", "coordinates": [ [ -61.2, 15.3 ], [ -61.2, 15.6 ] ] } },
{ "type": "Feature", "properties": { "sid": "1995235N13311", "name": "Iris", "season": 1995, "cat": 0, "wind": 40 }, "geometry": { "type": "LineString", "coordinates": [ [ -61.2, 15.6 ], [ -61.1, 15.9 ] ] } },
{ "type": "Feature", "properties": { "sid": "1995235N13311", "name": "Iris", "season": 1995, "cat": 0, "wind": 43 }, "geometry": { "type": "LineString", "coordinates": [ [ -61.1, 15.9 ], [ -61.2, 16.2 ] ] } },
{ "type": "Feature", "properties": { "sid": "1995235N13311", "name": "Iris", "season": 1995, "cat": 0, "wind": 45 }, "geometry": { "type": "LineString", "coordinates": [ [ -61.2, 16.2 ], [ -61.5, 16.6 ] ] } },
{ "type": "Feature", "properties": { "sid": "1995235N13311", "name": "Iris", "season": 1995, "cat": 0, "wind": 48 }, "geometry": { "type": "LineString", "coordinates": [ [ -61.5, 16.6 ], [ -61.9, 17.0 ] ] } },
{ "type": "Feature", "properties": { "sid": "1995235N13311", "name": "Iris", "season": 1995, "cat": 0, "wind": 50 }, "geometry": { "type": "LineString", "coordinates": [ [ -61.9, 17.0 ], [ -62.0, 17.4 ] ] } },
{ "type": "Feature", "properties": { "sid": "1995235N13311", "name": "Iris", "season": 1995, "cat": 0, "wind": 53 }, "geometry": { "type": "LineString", "coordinates": [ [ -62.0, 17.4 ], [ -62.0, 17.7 ] ] } },
{ "type": "Feature", "properties": { "sid": "1995235N13311", "name": "Iris", "season": 1995, "cat": 0, "wind": 55 }, "geometry": { "type": "LineString", "coordinates": [ [ -62.0, 17.7 ], [ -62.0, 17.8 ] ] } },
{ "type": "Feature", "properties": { "sid": "1995235N13311", "name": "Iris", "season": 1995, "cat": 0, "wind": 55 }, "geometry": { "type": "LineString", "coordinates": [ [ -62.0, 17.8 ], [ -62.0, 18.2 ] ] } },
{ "type": "Feature", "properties": { "sid": "1995235N13311", "name": "Iris", "season": 1995, "cat": 0, "wind": 55 }, "geometry": { "type": "LineString", "coordinates": [ [ -62.0, 18.2 ], [ -62.0, 18.6 ] ] } },
{ "type": "Feature", "properties": { "sid": "1995235N13311", "name": "Iris", "season": 1995, "cat": 0, "wind": 55 }, "geometry": { "type": "LineString", "coordinates": [ [ -62.0, 18.6 ], [ -62.0, 19.0 ] ] } },
{ "type": "Feature", "properties": { "sid": "1995235N13311", "name": "Iris", "season": 1995, "cat": 0, "wind": 58 }, "geometry": { "type": "LineString", "coordinates": [ [ -62.0, 19.0 ], [ -62.1, 19.4 ] ] } },
{ "type": "Feature", "properties": { "sid": "1995235N13311", "name": "Iris", "season": 1995, "cat": 0, "wind": 60 }, "geometry": { "type": "LineString", "coordinates": [ [ -62.1, 19.4 ], [ -62.2, 19.9 ] ] } },
{ "type": "Feature", "properties": { "sid": "1995235N13311", "name": "Iris", "season": 1995, "cat": 0, "wind": 63 }, "geometry": { "type": "LineString", "coordinates": [ [ -62.2, 19.9 ], [ -62.4, 20.4 ] ] } },
{ "type": "Feature", "properties": { "sid": "1995235N13311", "name": "Iris", "season": 1995, "cat": 1, "wind": 65 }, "geometry": { "type": "LineString", "coordinates": [ [ -62.4, 20.4 ], [ -62.5, 20.9 ] ] } },
{ "type": "Feature", "properties": { "sid": "1995235N13311", "name": "Iris", "season": 1995, "cat": 1, "wind": 68 }, "geometry": { "type": "LineString", "coordinates": [ [ -62.5, 20.9 ], [ -62.5, 21.3 ] ] } },
{ "type": "Feature", "properties": { "sid": "1995235N13311", "name": "Iris", "season": 1995, "cat": 1, "wind": 70 }, "geometry": { "type": "LineString", "coordinates": [ [ -62.5, 21.3 ], [ -62.5, 21.7 ] ] } },
{ "type": "Feature", "properties": { "sid": "1995235N13311", "name": "Iris", "season": 1995, "cat": 1, "wind": 75 }, "geometry": { "type": "LineString", "coordinates": [ [ -62.5, 21.7 ], [ -62.5, 22.0 ] ] } },
{ "type": "Feature", "properties": { "sid": "1995235N13311", "name": "Iris", "season": 1995, "cat": 1, "wind": 80 }, "geometry": { "type": "LineString", "coordinates": [ [ -62.5, 22.0 ], [ -62.5, 22.3 ] ] } },
{ "type": "Feature", "properties": { "sid": "1995235N13311", "name": "Iris", "season": 1995, "cat": 1, "wind": 78 }, "geometry": { "type": "LineString", "coordinates": [ [ -62.5, 22.3 ], [ -62.5, 22.6 ] ] } },
{ "type": "Feature", "properties": { "sid": "1995235N13311", "name": "Iris", "season": 1995, "cat": 1, "wind": 75 }, "geometry": { "type": "LineString", "coordinates": [ [ -62.5, 22.6 ], [ -62.4, 22.9 ] ] } },
{ "type": "Feature", "properties": { "sid": "1995235N13311", "name": "Iris", "season": 1995, "cat": 1, "wind": 73 }, "geometry": { "type": "LineString", "coordinates": [ [ -62.4, 22.9 ], [ -62.3, 23.1 ] ] } },
{ "type": "Feature", "properties": { "sid": "1995235N13311", "name": "Iris", "season": 1995, "cat": 1, "wind": 70 }, "geometry": { "type": "LineString", "coordinates": [ [ -62.3, 23.1 ], [ -62.2, 23.4 ] ] } },
{ "type": "Feature", "properties": { "sid": "1995235N13311", "name": "Iris", "season": 1995, "cat": 1, "wind": 70 }, "geometry": { "type": "LineString", "coordinates": [ [ -62.2, 23.4 ], [ -62.1, 23.6 ] ] } },
{ "type": "Feature", "properties": { "sid": "1995235N13311", "name": "Iris", "season": 1995, "cat": 1, "wind": 70 }, "geometry": { "type": "LineString", "coordinates": [ [ -62.1, 23.6 ], [ -62.0, 23.7 ] ] } },
{ "type": "Feature", "properties": { "sid": "1995235N13311", "name": "Iris", "season": 1995, "cat": 1, "wind": 70 }, "geometry": { "type": "LineString", "coordinates": [ [ -62.0, 23.7 ], [ -61.8, 23.8 ] ] } },
{ "type": "Feature", "properties": { "sid": "1995235N13311", "name": "Iris", "season": 1995, "cat": 1, "wind": 70 }, "geometry": { "type": "LineString", "coordinates": [ [ -61.8, 23.8 ], [ -61.6, 23.9 ] ] } },
{ "type": "Feature", "properties": { "sid": "1995235N13311", "name": "Iris", "season": 1995, "cat": 1, "wind": 73 }, "geometry": { "type": "LineString", "coordinates": [ [ -61.6, 23.9 ], [ -61.4, 24.0 ] ] } },
{ "type": "Feature", "properties": { "sid": "1995235N13311", "name": "Iris", "season": 1995, "cat": 1, "wind": 75 }, "geometry": { "type": "LineString", "coordinates": [ [ -61.4, 24.0 ], [ -61.1, 24.1 ] ] } },
{ "type": "Feature", "properties": { "sid": "1995235N13311", "name": "Iris", "season": 1995, "cat": 1, "wind": 75 }, "geometry": { "type": "LineString", "coordinates": [ [ -61.1, 24.1 ], [ -60.8, 24.2 ] ] } },
{ "type": "Feature", "properties": { "sid": "1995235N13311", "name": "Iris", "season": 1995, "cat": 1, "wind": 75 }, "geometry": { "type": "LineString", "coordinates": [ [ -60.8, 24.2 ], [ -60.4, 24.4 ] ] } },
{ "type": "Feature", "properties": { "sid": "1995241N11333", "name": "Luis", "season": 1995, "cat": 4, "wind": 130 }, "geometry": { "type": "LineString", "coordinates": [ [ -57.4, 17.0 ], [ -58.0, 17.0 ] ] } },
{ "type": "Feature", "properties": { "sid": "1995241N11333", "name": "Luis", "season": 1995, "cat": 4, "wind": 130 }, "geometry": { "type": "LineString", "coordinates": [ [ -58.0, 17.0 ], [ -58.6, 17.0 ] ] } },
{ "type": "Feature", "properties": { "sid": "1995241N11333", "name": "Luis", "season": 1995, "cat": 4, "wind": 128 }, "geometry": { "type": "LineString", "coordinates": [ [ -58.6, 17.0 ], [ -59.1, 17.0 ] ] } },
{ "type": "Feature", "properties": { "sid": "1995241N11333", "name": "Luis", "season": 1995, "cat": 4, "wind": 125 }, "geometry": { "type": "LineString", "coordinates": [ [ -59.1, 17.0 ], [ -59.6, 17.0 ] ] } },
{ "type": "Feature", "properties": { "sid": "1995241N11333", "name": "Luis", "season": 1995, "cat": 4, "wind": 125 }, "geometry": { "type": "LineString", "coordinates": [ [ -59.6, 17.0 ], [ -60.1, 17.1 ] ] } },
{ "type": "Feature", "properties": { "sid": "1995241N11333", "name": "Luis", "season": 1995, "cat": 4, "wind": 125 }, "geometry": { "type": "LineString", "coordinates": [ [ -60.1, 17.1 ], [ -60.6, 17.2 ] ] } },
{ "type": "Feature", "properties": { "sid": "1995241N11333", "name": "Luis", "season": 1995, "cat": 4, "wind": 123 }, "geometry": { "type": "LineString", "coordinates": [ [ -60.6, 17.2 ], [ -61.0, 17.3 ] ] } },
{ "type": "Feature", "properties": { "sid": "1995241N11333", "name": "Luis", "season": 1995, "cat": 4, "wind": 120 }, "geometry": { "type": "LineString", "coordinates": [ [ -61.0, 17.3 ], [ -61.4, 17.4 ] ] } },
{ "type": "Feature", "properties": { "sid": "1995241N11333", "name": "Luis", "season": 1995, "cat": 4, "wind": 118 }, "geometry": { "type": "LineString", "coordinates": [ [ -61.4, 17.4 ], [ -61.7, 17.5 ] ] } },
{ "type": "Feature", "properties": { "sid": "1995241N11333", "name": "Luis", "season": 1995, "cat": 4, "wind": 115 }, "geometry": { "type": "LineString", "coordinates": [ [ -61.7, 17.5 ], [ -62.1, 17.7 ] ] } },
{ "type": "Feature", "properties": { "sid": "1995241N11333", "name": "Luis", "season": 1995, "cat": 4, "wind": 115 }, "geometry": { "type": "LineString", "coordinates": [ [ -62.1, 17.7 ], [ -62.4, 18.0 ] ] } },
{ "type": "Feature", "properties": { "sid": "1995241N11333", "name": "Luis", "season": 1995, "cat": 4, "wind": 115 }, "geometry": { "type": "LineString", "coordinates": [ [ -62.4, 18.0 ], [ -62.7, 18.2 ] ] } },
{ "type": "Feature", "properties": { "sid": "1995241N11333", "name": "Luis", "season": 1995, "cat": 4, "wind": 115 }, "geometry": { "type": "LineString", "coordinates": [ [ -62.7, 18.2 ], [ -63.0, 18.4 ] ] } },
{ "type": "Feature", "properties": { "sid": "1995241N11333", "name": "Luis", "season": 1995, "cat": 4, "wind": 115 }, "geometry": { "type": "LineString", "coordinates": [ [ -63.0, 18.4 ], [ -63.3, 18.6 ] ] } },
{ "type": "Feature", "properties": { "sid": "1995241N11333", "name": "Luis", "season": 1995, "cat": 4, "wind": 118 }, "geometry": { "type": "LineString", "coordinates": [ [ -63.3, 18.6 ], [ -63.6, 18.9 ] ] } },
{ "type": "Feature", "properties": { "sid": "1995241N11333", "name": "Luis", "season": 1995, "cat": 4, "wind": 120 }, "geometry": { "type": "LineString", "coordinates": [ [ -63.6, 18.9 ], [ -63.9, 19.1 ] ] } },
{ "type": "Feature", "properties": { "sid": "1995241N11333", "name": "Luis", "season": 1995, "cat": 4, "wind": 120 }, "geometry": { "type": "LineString", "coordinates": [ [ -63.9, 19.1 ], [ -64.2, 19.4 ] ] } },
{ "type": "Feature", "properties": { "sid": "1995241N11333", "name": "Luis", "season": 1995, "cat": 4, "wind": 120 }, "geometry": { "type": "LineString", "coordinates": [ [ -64.2, 19.4 ], [ -64.6, 19.7 ] ] } },
{ "type": "Feature", "properties": { "sid": "1995241N11333", "name": "Luis", "season": 1995, "cat": 4, "wind": 123 }, "geometry": { "type": "LineString", "coordinates": [ [ -64.6, 19.7 ], [ -64.9, 20.1 ] ] } },
{ "type": "Feature", "properties": { "sid": "1995241N11333", "name": "Luis", "season": 1995, "cat": 4, "wind": 125 }, "geometry": { "type": "LineString", "coordinates": [ [ -64.9, 20.1 ], [ -65.2, 20.4 ] ] } },
{ "type": "Feature", "properties": { "sid": "1995241N11333", "name": "Luis", "season": 1995, "cat": 4, "wind": 125 }, "geometry": { "type": "LineString", "coordinates": [ [ -65.2, 20.4 ], [ -65.4, 20.7 ] ] } },
{ "type": "Feature", "properties": { "sid": "1995241N11333", "name": "Luis", "season": 1995, "cat": 4, "wind": 125 }, "geometry": { "type": "LineString", "coordinates": [ [ -65.4, 20.7 ], [ -65.7, 21.0 ] ] } },
{ "type": "Feature", "properties": { "sid": "1995241N11333", "name": "Luis", "season": 1995, "cat": 4, "wind": 123 }, "geometry": { "type": "LineString", "coordinates": [ [ -65.7, 21.0 ], [ -66.0, 21.3 ] ] } },
{ "type": "Feature", "properties": { "sid": "1995241N11333", "name": "Luis", "season": 1995, "cat": 4, "wind": 120 }, "geometry": { "type": "LineString", "coordinates": [ [ -66.0, 21.3 ], [ -66.3, 21.6 ] ] } },
{ "type": "Feature", "properties": { "sid": "1995241N11333", "name": "Luis", "season": 1995, "cat": 4, "wind": 118 }, "geometry": { "type": "LineString", "coordinates": [ [ -66.3, 21.6 ], [ -66.6, 22.0 ] ] } },
{ "type": "Feature", "properties": { "sid": "1995241N11333", "name": "Luis", "season": 1995, "cat": 4, "wind": 115 }, "geometry": { "type": "LineString", "coordinates": [ [ -66.6, 22.0 ], [ -66.9, 22.3 ] ] } },
{ "type": "Feature", "properties": { "sid": "1995241N11333", "name": "Luis", "season": 1995, "cat": 4, "wind": 115 }, "geometry": { "type": "LineString", "coordinates": [ [ -66.9, 22.3 ], [ -67.2, 22.8 ] ] } },
{ "type": "Feature", "properties": { "sid": "1995241N11333", "name": "Luis", "season": 1995, "cat": 4, "wind": 115 }, "geometry": { "type": "LineString", "coordinates": [ [ -67.2, 22.8 ], [ -67.6, 23.5 ] ] } },
{ "type": "Feature", "properties": { "sid": "1995241N11333", "name": "Luis", "season": 1995, "cat": 4, "wind": 115 }, "geometry": { "type": "LineString", "coordinates": [ [ -67.6, 23.5 ], [ -68.0, 24.3 ] ] } },
{ "type": "Feature", "properties": { "sid": "1995241N11333", "name": "Luis", "season": 1995, "cat": 4, "wind": 115 }, "geometry": { "type": "LineString", "coordinates": [ [ -68.0, 24.3 ], [ -68.4, 25.1 ] ] } },
{ "type": "Feature", "properties": { "sid": "1995241N11333", "name": "Luis", "season": 1995, "cat": 4, "wind": 115 }, "geometry": { "type": "LineString", "coordinates": [ [ -68.4, 25.1 ], [ -68.8, 25.8 ] ] } },
{ "type": "Feature", "properties": { "sid": "1995256N12309", "name": "Marilyn", "season": 1995, "cat": 1, "wind": 70 }, "geometry": { "type": "LineString", "coordinates": [ [ -58.8, 13.5 ], [ -59.3, 13.8 ] ] } },
{ "type": "Feature", "properties": { "sid": "1995256N12309", "name": "Marilyn", "season": 1995, "cat": 1, "wind": 70 }, "geometry": { "type": "LineString", "coordinates": [ [ -59.3, 13.8 ], [ -59.8, 14.2 ] ] } },
{ "type": "Feature", "properties": { "sid": "1995256N12309", "name": "Marilyn", "season": 1995, "cat": 1, "wind": 70 }, "geometry": { "type": "LineString", "coordinates": [ [ -59.8, 14.2 ], [ -60.3, 14.6 ] ] } },
{ "type": "Feature", "properties": { "sid": "1995256N12309", "name": "Marilyn", "season": 1995, "cat": 1, "wind": 70 }, "geometry": { "type": "LineString", "coordinates": [ [ -60.3, 14.6 ], [ -60.8, 15.0 ] ] } },
{ "type": "Feature", "properties": { "sid": "1995256N12309", "name": "Marilyn", "season": 1995, "cat": 1, "wind": 70 }, "geometry": { "type": "LineString", "coordinates": [ [ -60.8, 15.0 ], [ -61.3, 15.5 ] ] } },
{ "type": "Feature", "properties": { "sid": "1995256N12309", "name": "Marilyn", "season": 1995, "cat": 1, "wind": 70 }, "geometry": { "type": "LineString", "coordinates": [ [ -61.3, 15.5 ], [ -61.7, 15.8 ] ] } },
{ "type": "Feature", "properties": { "sid": "1995256N12309", "name": "Marilyn", "season": 1995, "cat": 1, "wind": 75 }, "geometry": { "type": "LineString", "coordinates": [ [ -61.7, 15.8 ], [ -62.2, 16.2 ] ] } },
{ "type": "Feature", "properties": { "sid": "1995256N12309", "name": "Marilyn", "season": 1995, "cat": 1, "wind": 78 }, "geometry": { "type": "LineString", "coordinates": [ [ -62.2, 16.2 ], [ -62.8, 16.5 ] ] } },
{ "type": "Feature", "properties": { "sid": "1995256N12309", "name": "Marilyn", "season": 1995, "cat": 1, "wind": 80 }, "geometry": { "type": "LineString", "coordinates": [ [ -62.8, 16.5 ], [ -63.2, 16.7 ] ] } },
{ "type": "Feature", "properties": { "sid": "1995256N12309", "name": "Marilyn", "season": 1995, "cat": 1, "wind": 80 }, "geometry": { "type": "LineString", "coordinates": [ [ -63.2, 16.7 ], [ -63.5, 16.8 ] ] } },
{ "type": "Feature", "properties": { "sid": "1995256N12309", "name": "Marilyn", "season": 1995, "cat": 1, "wind": 80 }, "geometry": { "type": "LineString", "coordinates": [ [ -63.5, 16.8 ], [ -63.9, 17.1 ] ] } },
{ "type": "Feature", "properties": { "sid": "1995256N12309", "name": "Marilyn", "season": 1995, "cat": 2, "wind": 83 }, "geometry": { "type": "LineString", "coordinates": [ [ -63.9, 17.1 ], [ -64.2, 17.4 ] ] } },
{ "type": "Feature", "properties": { "sid": "1995256N12309", "name": "Marilyn", "season": 1995, "cat": 2, "wind": 85 }, "geometry": { "type": "LineString", "coordinates": [ [ -64.2, 17.4 ], [ -64.5, 17.6 ] ] } },
{ "type": "Feature", "properties": { "sid": "1995256N12309", "name": "Marilyn", "season": 1995, "cat": 2, "wind": 88 }, "geometry": { "type": "LineString", "coordinates": [ [ -64.5, 17.6 ], [ -64.7, 17.9 ] ] } },
{ "type": "Feature", "properties": { "sid": "1995256N12309", "name": "Marilyn", "season": 1995, "cat": 2, "wind": 90 }, "geometry": { "type": "LineString", "coordinates": [ [ -64.7, 17.9 ], [ -64.9, 18.2 ] ] } },
{ "type": "Feature", "properties": { "sid": "1995256N12309", "name": "Marilyn", "season": 1995, "cat": 2, "wind": 93 }, "geometry": { "type": "LineString", "coordinates": [ [ -64.9, 18.2 ], [ -65.2, 18.5 ] ] } },
{ "type": "Feature", "properties": { "sid": "1995256N12309", "name": "Marilyn", "season": 1995, "cat": 2, "wind": 95 }, "geometry": { "type": "LineString", "coordinates": [ [ -65.2, 18.5 ], [ -65.5, 18.7 ] ] } },
{ "type": "Feature", "properties": { "sid": "1995256N12309", "name": "Marilyn", "season": 1995, "cat": 2, "wind": 95 }, "geometry": { "type": "LineString", "coordinates": [ [ -65.5, 18.7 ], [ -65.8, 19.0 ] ] } },
{ "type": "Feature", "properties": { "sid": "1995256N12309", "name": "Marilyn", "season": 1995, "cat": 2, "wind": 95 }, "geometry": { "type": "LineString", "coordinates": [ [ -65.8, 19.0 ], [ -66.1, 19.3 ] ] } },
{ "type": "Feature", "properties": { "sid": "1995256N12309", "name": "Marilyn", "season": 1995, "cat": 3, "wind": 98 }, "geometry": { "type": "LineString", "coordinates": [ [ -66.1, 19.3 ], [ -66.4, 19.7 ] ] } },
{ "type": "Feature", "properties": { "sid": "1995256N12309", "name": "Marilyn", "season": 1995, "cat": 3, "wind": 100 }, "geometry": { "type": "LineString", "coordinates": [ [ -66.4, 19.7 ], [ -66.7, 20.1 ] ] } },
{ "type": "Feature", "properties": { "sid": "1995256N12309", "name": "Marilyn", "season": 1995, "cat": 3, "wind": 100 }, "geometry": { "type": "LineString", "coordinates": [ [ -66.7, 20.1 ], [ -67.0, 20.4 ] ] } },
{ "type": "Feature", "properties": { "sid": "1995256N12309", "name": "Marilyn", "season": 1995, "cat": 3, "wind": 100 }, "geometry": { "type": "LineString", "coordinates": [ [ -67.0, 20.4 ], [ -67.1, 20.7 ] ] } },
{ "type": "Feature", "properties": { "sid": "1995256N12309", "name": "Marilyn", "season": 1995, "cat": 3, "wind": 100 }, "geometry": { "type": "LineString", "coordinates": [ [ -67.1, 20.7 ], [ -67.5, 21.2 ] ] } },
{ "type": "Feature", "properties": { "sid": "1995256N12309", "name": "Marilyn", "season": 1995, "cat": 2, "wind": 95 }, "geometry": { "type": "LineString", "coordinates": [ [ -67.5, 21.2 ], [ -67.9, 21.6 ] ] } },
{ "type": "Feature", "properties": { "sid": "1995256N12309", "name": "Marilyn", "season": 1995, "cat": 2, "wind": 88 }, "geometry": { "type": "LineString", "coordinates": [ [ -67.9, 21.6 ], [ -68.2, 22.0 ] ] } },
{ "type": "Feature", "properties": { "sid": "1995256N12309", "name": "Marilyn", "season": 1995, "cat": 1, "wind": 80 }, "geometry": { "type": "LineString", "coordinates": [ [ -68.2, 22.0 ], [ -68.5, 22.4 ] ] } },
{ "type": "Feature", "properties": { "sid": "1995256N12309", "name": "Marilyn", "season": 1995, "cat": 1, "wind": 80 }, "geometry": { "type": "LineString", "coordinates": [ [ -68.5, 22.4 ], [ -68.8, 22.9 ] ] } },
{ "type": "Feature", "properties": { "sid": "1995256N12309", "name": "Marilyn", "season": 1995, "cat": 1, "wind": 80 }, "geometry": { "type": "LineString", "coordinates": [ [ -68.8, 22.9 ], [ -69.0, 23.4 ] ] } },
{ "type": "Feature", "properties": { "sid": "1995256N12309", "name": "Marilyn", "season": 1995, "cat": 2, "wind": 83 }, "geometry": { "type": "LineString", "coordinates": [ [ -69.0, 23.4 ], [ -69.1, 24.0 ] ] } },
{ "type": "Feature", "properties": { "sid": "1995256N12309", "name": "Marilyn", "season": 1995, "cat": 2, "wind": 85 }, "geometry": { "type": "LineString", "coordinates": [ [ -69.1, 24.0 ], [ -69.3, 24.5 ] ] } },
{ "type": "Feature", "properties": { "sid": "1995256N12309", "name": "Marilyn", "season": 1995, "cat": 2, "wind": 85 }, "geometry": { "type": "LineString", "coordinates": [ [ -69.3, 24.5 ], [ -69.4, 25.0 ] ] } },
{ "type": "Feature", "properties": { "sid": "1995256N12309", "name": "Marilyn", "season": 1995, "cat": 2, "wind": 85 }, "geometry": { "type": "LineString", "coordinates": [ [ -69.4, 25.0 ], [ -69.5, 25.5 ] ] } },
{ "type": "Feature", "properties": { "sid": "1995294N14306", "name": "Sebastien", "season": 1995, "cat": 0, "wind": 50 }, "geometry": { "type": "LineString", "coordinates": [ [ -58.1, 21.8 ], [ -58.5, 21.5 ] ] } },
{ "type": "Feature", "properties": { "sid": "1995294N14306", "name": "Sebastien", "season": 1995, "cat": 0, "wind": 55 }, "geometry": { "type": "LineString", "coordinates": [ [ -58.5, 21.5 ], [ -59.0, 21.2 ] ] } },
{ "type": "Feature", "properties": { "sid": "1995294N14306", "name": "Sebastien", "season": 1995, "cat": 0, "wind": 53 }, "geometry": { "type": "LineString", "coordinates": [ [ -59.0, 21.2 ], [ -59.5, 20.9 ] ] } },
{ "type": "Feature", "properties": { "sid": "1995294N14306", "name": "Sebastien", "season": 1995, "cat": 0, "wind": 50 }, "geometry": { "type": "LineString", "coordinates": [ [ -59.5, 20.9 ], [ -60.0, 20.5 ] ] } },
{ "type": "Feature", "properties": { "sid": "1995294N14306", "name": "Sebastien", "season": 1995, "cat": 0, "wind": 48 }, "geometry": { "type": "LineString", "coordinates": [ [ -60.0, 20.5 ], [ -60.4, 20.1 ] ] } },
{ "type": "Feature", "properties": { "sid": "1995294N14306", "name": "Sebastien", "season": 1995, "cat": 0, "wind": 45 }, "geometry": { "type": "LineString", "coordinates": [ [ -60.4, 20.1 ], [ -60.7, 19.7 ] ] } },
{ "type": "Feature", "properties": { "sid": "1995294N14306", "name": "Sebastien", "season": 1995, "cat": 0, "wind": 43 }, "geometry": { "type": "LineString", "coordinates": [ [ -60.7, 19.7 ], [ -61.0, 19.4 ] ] } },
{ "type": "Feature", "properties": { "sid": "1995294N14306", "name": "Sebastien", "season": 1995, "cat": 0, "wind": 40 }, "geometry": { "type": "LineString", "coordinates": [ [ -61.0, 19.4 ], [ -61.3, 19.2 ] ] } },
{ "type": "Feature", "properties": { "sid": "1995294N14306", "name": "Sebastien", "season": 1995, "cat": 0, "wind": 38 }, "geometry": { "type": "LineString", "coordinates": [ [ -61.3, 19.2 ], [ -61.7, 19.0 ] ] } },
{ "type": "Feature", "properties": { "sid": "1995294N14306", "name": "Sebastien", "season": 1995, "cat": 0, "wind": 35 }, "geometry": { "type": "LineString", "coordinates": [ [ -61.7, 19.0 ], [ -62.0, 18.8 ] ] } },
{ "type": "Feature", "properties": { "sid": "1995294N14306", "name": "Sebastien", "season": 1995, "cat": -1, "wind": 33 }, "geometry": { "type": "LineString", "coordinates": [ [ -62.0, 18.8 ], [ -62.3, 18.6 ] ] } },
{ "type": "Feature", "properties": { "sid": "1995294N14306", "name": "Sebastien", "season": 1995, "cat": -1, "wind": 30 }, "geometry": { "type": "LineString", "coordinates": [ [ -62.3, 18.6 ], [ -62.6, 18.4 ] ] } },
{ "type": "Feature", "properties": { "sid": "1995294N14306", "name": "Sebastien", "season": 1995, "cat": -1, "wind": 30 }, "geometry": { "type": "LineString", "coordinates": [ [ -62.6, 18.4 ], [ -63.0, 18.3 ] ] } },
{ "type": "Feature", "properties": { "sid": "1995294N14306", "name": "Sebastien", "season": 1995, "cat": -1, "wind": 30 }, "geometry": { "type": "LineString", "coordinates": [ [ -63.0, 18.3 ], [ -63.4, 18.1 ] ] } },
{ "type": "Feature", "properties": { "sid": "1995294N14306", "name": "Sebastien", "season": 1995, "cat": -1, "wind": 30 }, "geometry": { "type": "LineString", "coordinates": [ [ -63.4, 18.1 ], [ -63.7, 18.0 ] ] } },
{ "type": "Feature", "properties": { "sid": "1995294N14306", "name": "Sebastien", "season": 1995, "cat": -1, "wind": 30 }, "geometry": { "type": "LineString", "coordinates": [ [ -63.7, 18.0 ], [ -64.0, 17.8 ] ] } },
{ "type": "Feature", "properties": { "sid": "1995294N14306", "name": "Sebastien", "season": 1995, "cat": -1, "wind": 28 }, "geometry": { "type": "LineString", "coordinates": [ [ -64.0, 17.8 ], [ -64.3, 17.7 ] ] } },
{ "type": "Feature", "properties": { "sid": "1995294N14306", "name": "Sebastien", "season": 1995, "cat": -1, "wind": 25 }, "geometry": { "type": "LineString", "coordinates": [ [ -64.3, 17.7 ], [ -64.4, 17.6 ] ] } },
{ "type": "Feature", "properties": { "sid": "1995294N14306", "name": "Sebastien", "season": 1995, "cat": -1, "wind": 23 }, "geometry": { "type": "LineString", "coordinates": [ [ -64.4, 17.6 ], [ -64.5, 17.5 ] ] } },
{ "type": "Feature", "properties": { "sid": "1996187N10326", "name": "Bertha", "season": 1996, "cat": 1, "wind": 65 }, "geometry": { "type": "LineString", "coordinates": [ [ -57.7, 16.5 ], [ -58.4, 16.5 ] ] } },
{ "type": "Feature", "properties": { "sid": "1996187N10326", "name": "Bertha", "season": 1996, "cat": 1, "wind": 70 }, "geometry": { "type": "LineString", "coordinates": [ [ -58.4, 16.5 ], [ -59.2, 16.7 ] ] } },
{ "type": "Feature", "properties": { "sid": "1996187N10326", "name": "Bertha", "season": 1996, "cat": 1, "wind": 73 }, "geometry": { "type": "LineString", "coordinates": [ [ -59.2, 16.7 ], [ -60.1, 17.0 ] ] } },
{ "type": "Feature", "properties": { "sid": "1996187N10326", "name": "Bertha", "season": 1996, "cat": 1, "wind": 75 }, "geometry": { "type": "LineString", "coordinates": [ [ -60.1, 17.0 ], [ -61.0, 17.2 ] ] } },
{ "type": "Feature", "properties": { "sid": "1996187N10326", "name": "Bertha", "season": 1996, "cat": 1, "wind": 75 }, "geometry": { "type": "LineString", "coordinates": [ [ -61.0, 17.2 ], [ -61.8, 17.5 ] ] } },
{ "type": "Feature", "properties": { "sid": "1996187N10326", "name": "Bertha", "season": 1996, "cat": 1, "wind": 75 }, "geometry": { "type": "LineString", "coordinates": [ [ -61.8, 17.5 ], [ -62.7, 17.7 ] ] } },
{ "type": "Feature", "properties": { "sid": "1996187N10326", "name": "Bertha", "season": 1996, "cat": 1, "wind": 73 }, "geometry": { "type": "LineString", "coordinates": [ [ -62.7, 17.7 ], [ -63.5, 18.0 ] ] } },
{ "type": "Feature", "properties": { "sid": "1996187N10326", "name": "Bertha", "season": 1996, "cat": 1, "wind": 70 }, "geometry": { "type": "LineString", "coordinates": [ [ -63.5, 18.0 ], [ -64.2, 18.3 ] ] } },
{ "type": "Feature", "properties": { "sid": "1996187N10326", "name": "Bertha", "season": 1996, "cat": 1, "wind": 73 }, "geometry": { "type": "LineString", "coordinates": [ [ -64.2, 18.3 ], [ -64.9, 18.6 ] ] } },
{ "type": "Feature", "properties": { "sid": "1996187N10326", "name": "Bertha", "season": 1996, "cat": 1, "wind": 75 }, "geometry": { "type": "LineString", "coordinates": [ [ -64.9, 18.6 ], [ -65.5, 19.0 ] ] } },
{ "type": "Feature", "properties": { "sid": "1996187N10326", "name": "Bertha", "season": 1996, "cat": 1, "wind": 78 }, "geometry": { "type": "LineString", "coordinates": [ [ -65.5, 19.0 ], [ -66.1, 19.4 ] ] } },
{ "type": "Feature", "properties": { "sid": "1996187N10326", "name": "Bertha", "season": 1996, "cat": 1, "wind": 80 }, "geometry": { "type": "LineString", "coordinates": [ [ -66.1, 19.4 ], [ -66.9, 19.8 ] ] } },
{ "type": "Feature", "properties": { "sid": "1996187N10326", "name": "Bertha", "season": 1996, "cat": 2, "wind": 90 }, "geometry": { "type": "LineString", "coordinates": [ [ -66.9, 19.8 ], [ -67.7, 20.3 ] ] } },
{ "type": "Feature", "properties": { "sid": "1996187N10326", "name": "Bertha", "season": 1996, "cat": 3, "wind": 100 }, "geometry": { "type": "LineString", "coordinates": [ [ -67.7, 20.3 ], [ -68.5, 20.8 ] ] } },
{ "type": "Feature", "properties": { "sid": "1996187N10326", "name": "Bertha", "season": 1996, "cat": 3, "wind": 100 }, "geometry": { "type": "LineString", "coordinates": [ [ -68.5, 20.8 ], [ -69.4, 21.4 ] ] } },
{ "type": "Feature", "properties": { "sid": "1996187N10326", "name": "Bertha", "season": 1996, "cat": 3, "wind": 100 }, "geometry": { "type": "LineString", "coordinates": [ [ -69.4, 21.4 ], [ -70.3, 21.9 ] ] } },
{ "type": "Feature", "properties": { "sid": "1996187N10326", "name": "Bertha", "season": 1996, "cat": 2, "wind": 95 }, "geometry": { "type": "LineString", "coordinates": [ [ -70.3, 21.9 ], [ -71.1, 22.5 ] ] } },
{ "type": "Feature", "properties": { "sid": "1996187N10326", "name": "Bertha", "season": 1996, "cat": 2, "wind": 90 }, "geometry": { "type": "LineString", "coordinates": [ [ -71.1, 22.5 ], [ -71.9, 23.1 ] ] } },
{ "type": "Feature", "properties": { "sid": "1996187N10326", "name": "Bertha", "season": 1996, "cat": 2, "wind": 88 }, "geometry": { "type": "LineString", "coordinates": [ [ -71.9, 23.1 ], [ -72.6, 23.6 ] ] } },
{ "type": "Feature", "properties": { "sid": "1996187N10326", "name": "Bertha", "season": 1996, "cat": 2, "wind": 85 }, "geometry": { "type": "LineString", "coordinates": [ [ -72.6, 23.6 ], [ -73.3, 24.1 ] ] } },
{ "type": "Feature", "properties": { "sid": "1996233N12340", "name": "Edouard", "season": 1996, "cat": 4, "wind": 118 }, "geometry": { "type": "LineString", "coordinates": [ [ -57.5, 19.8 ], [ -58.1, 20.0 ] ] } },
{ "type": "Feature", "properties": { "sid": "1996233N12340", "name": "Edouard", "season": 1996, "cat": 4, "wind": 115 }, "geometry": { "type": "LineString", "coordinates": [ [ -58.1, 20.0 ], [ -58.7, 20.2 ] ] } },
{ "type": "Feature", "properties": { "sid": "1996233N12340", "name": "Edouard", "season": 1996, "cat": 4, "wind": 115 }, "geometry": { "type": "LineString", "coordinates": [ [ -58.7, 20.2 ], [ -59.3, 20.4 ] ] } },
{ "type": "Feature", "properties": { "sid": "1996233N12340", "name": "Edouard", "season": 1996, "cat": 4, "wind": 115 }, "geometry": { "type": "LineString", "coordinates": [ [ -59.3, 20.4 ], [ -59.8, 20.6 ] ] } },
{ "type": "Feature", "properties": { "sid": "1996233N12340", "name": "Edouard", "season": 1996, "cat": 4, "wind": 120 }, "geometry": { "type": "LineString", "coordinates": [ [ -59.8, 20.6 ], [ -60.4, 20.9 ] ] } },
{ "type": "Feature", "properties": { "sid": "1996233N12340", "name": "Edouard", "season": 1996, "cat": 4, "wind": 125 }, "geometry": { "type": "LineString", "coordinates": [ [ -60.4, 20.9 ], [ -61.0, 21.1 ] ] } },
{ "type": "Feature", "properties": { "sid": "1996233N12340", "name": "Edouard", "season": 1996, "cat": 4, "wind": 120 }, "geometry": { "type": "LineString", "coordinates": [ [ -61.0, 21.1 ], [ -61.7, 21.3 ] ] } },
{ "type": "Feature", "properties": { "sid": "1996233N12340", "name": "Edouard", "season": 1996, "cat": 4, "wind": 115 }, "geometry": { "type": "LineString", "coordinates": [ [ -61.7, 21.3 ], [ -62.4, 21.6 ] ] } },
{ "type": "Feature", "properties": { "sid": "1996233N12340", "name": "Edouard", "season": 1996, "cat": 4, "wind": 113 }, "geometry": { "type": "LineString", "coordinates": [ [ -62.4, 21.6 ], [ -63.2, 21.9 ] ] } },
{ "type": "Feature", "properties": { "sid": "1996233N12340", "name": "Edouard", "season": 1996, "cat": 3, "wind": 110 }, "geometry": { "type": "LineString", "coordinates": [ [ -63.2, 21.9 ], [ -63.9, 22.1 ] ] } },
{ "type": "Feature", "properties": { "sid": "1996233N12340", "name": "Edouard", "season": 1996, "cat": 3, "wind": 110 }, "geometry": { "type": "LineString", "coordinates": [ [ -63.9, 22.1 ], [ -64.6, 22.3 ] ] } },
{ "type": "Feature", "properties": { "sid": "1996233N12340", "name": "Edouard", "season": 1996, "cat": 3, "wind": 110 }, "geometry": { "type": "LineString", "coordinates": [ [ -64.6, 22.3 ], [ -65.3, 22.6 ] ] } },
{ "type": "Feature", "properties": { "sid": "1996233N12340", "name": "Edouard", "season": 1996, "cat": 3, "wind": 110 }, "geometry": { "type": "LineString", "coordinates": [ [ -65.3, 22.6 ], [ -65.9, 22.9 ] ] } },
{ "type": "Feature", "properties": { "sid": "1996233N12340", "name": "Edouard", "season": 1996, "cat": 3, "wind": 110 }, "geometry": { "type": "LineString", "coordinates": [ [ -65.9, 22.9 ], [ -66.5, 23.1 ] ] } },
{ "type": "Feature", "properties": { "sid": "1996233N12340", "name": "Edouard", "season": 1996, "cat": 3, "wind": 110 }, "geometry": { "type": "LineString", "coordinates": [ [ -66.5, 23.1 ], [ -67.1, 23.4 ] ] } },
{ "type": "Feature", "properties": { "sid": "1996233N12340", "name": "Edouard", "season": 1996, "cat": 3, "wind": 110 }, "geometry": { "type": "LineString", "coordinates": [ [ -67.1, 23.4 ], [ -67.6, 23.7 ] ] } },
{ "type": "Feature", "properties": { "sid": "1996233N12340", "name": "Edouard", "season": 1996, "cat": 4, "wind": 113 }, "geometry": { "type": "LineString", "coordinates": [ [ -67.6, 23.7 ], [ -68.1, 24.0 ] ] } },
{ "type": "Feature", "properties": { "sid": "1996233N12340", "name": "Edouard", "season": 1996, "cat": 4, "wind": 115 }, "geometry": { "type": "LineString", "coordinates": [ [ -68.1, 24.0 ], [ -68.6, 24.3 ] ] } },
{ "type": "Feature", "properties": { "sid": "1996233N12340", "name": "Edouard", "season": 1996, "cat": 4, "wind": 118 }, "geometry": { "type": "LineString", "coordinates": [ [ -68.6, 24.3 ], [ -69.0, 24.7 ] ] } },
{ "type": "Feature", "properties": { "sid": "1996233N12340", "name": "Edouard", "season": 1996, "cat": 4, "wind": 120 }, "geometry": { "type": "LineString", "coordinates": [ [ -69.0, 24.7 ], [ -69.3, 25.1 ] ] } },
{ "type": "Feature", "properties": { "sid": "1996233N12340", "name": "Edouard", "season": 1996, "cat": 4, "wind": 120 }, "geometry": { "type": "LineString", "coordinates": [ [ -69.3, 25.1 ], [ -69.5, 25.5 ] ] } },
{ "type": "Feature", "properties": { "sid": "1996237N14339", "name": "Fran", "season": 1996, "cat": 1, "wind": 65 }, "geometry": { "type": "LineString", "coordinates": [ [ -57.5, 18.6 ], [ -58.0, 18.9 ] ] } },
{ "type": "Feature", "properties": { "sid": "1996237N14339", "name": "Fran", "season": 1996, "cat": 1, "wind": 65 }, "geometry": { "type": "LineString", "coordinates": [ [ -58.0, 18.9 ], [ -58.5, 19.1 ] ] } },
{ "type": "Feature", "properties": { "sid": "1996237N14339", "name": "Fran", "season": 1996, "cat": 1, "wind": 65 }, "geometry": { "type": "LineString", "coordinates": [ [ -58.5, 19.1 ], [ -59.0, 19.3 ] ] } },
{ "type": "Feature", "properties": { "sid": "1996237N14339", "name": "Fran", "season": 1996, "cat": 1, "wind": 65 }, "geometry": { "type": "LineString", "coordinates": [ [ -59.0, 19.3 ], [ -59.4, 19.4 ] ] } },
{ "type": "Feature", "properties": { "sid": "1996237N14339", "name": "Fran", "season": 1996, "cat": 1, "wind": 65 }, "geometry": { "type": "LineString", "coordinates": [ [ -59.4, 19.4 ], [ -59.8, 19.6 ] ] } },
{ "type": "Feature", "properties": { "sid": "1996237N14339", "name": "Fran", "season": 1996, "cat": 1, "wind": 65 }, "geometry": { "type": "LineString", "coordinates": [ [ -59.8, 19.6 ], [ -60.1, 19.8 ] ] } },
{ "type": "Feature", "properties": { "sid": "1996237N14339", "name": "Fran", "season": 1996, "cat": 1, "wind": 65 }, "geometry": { "type": "LineString", "coordinates": [ [ -60.1, 19.8 ], [ -60.4, 20.0 ] ] } },
{ "type": "Feature", "properties": { "sid": "1996237N14339", "name": "Fran", "season": 1996, "cat": 0, "wind": 63 }, "geometry": { "type": "LineString", "coordinates": [ [ -60.4, 20.0 ], [ -60.6, 20.2 ] ] } },
{ "type": "Feature", "properties": { "sid": "1996237N14339", "name": "Fran", "season": 1996, "cat": 0, "wind": 60 }, "geometry": { "type": "LineString", "coordinates": [ [ -60.6, 20.2 ], [ -60.8, 20.4 ] ] } },
{ "type": "Feature", "properties": { "sid": "1996237N14339", "name": "Fran", "season": 1996, "cat": 0, "wind": 60 }, "geometry": { "type": "LineString", "coordinates": [ [ -60.8, 20.4 ], [ -60.9, 20.5 ] ] } },
{ "type": "Feature", "properties": { "sid": "1996237N14339", "name": "Fran", "season": 1996, "cat": 0, "wind": 60 }, "geometry": { "type": "LineString", "coordinates": [ [ -60.9, 20.5 ], [ -61.1, 20.7 ] ] } },
{ "type": "Feature", "properties": { "sid": "1996237N14339", "name": "Fran", "season": 1996, "cat": 0, "wind": 60 }, "geometry": { "type": "LineString", "coordinates": [ [ -61.1, 20.7 ], [ -61.2, 20.8 ] ] } },
{ "type": "Feature", "properties": { "sid": "1996237N14339", "name": "Fran", "season": 1996, "cat": 0, "wind": 60 }, "geometry": { "type": "LineString", "coordinates": [ [ -61.2, 20.8 ], [ -61.3, 20.9 ] ] } },
{ "type": "Feature", "properties": { "sid": "1996237N14339", "name": "Fran", "season": 1996, "cat": 0, "wind": 63 }, "geometry": { "type": "LineString", "coordinates": [ [ -61.3, 20.9 ], [ -61.4, 21.1 ] ] } },
{ "type": "Feature", "properties": { "sid": "1996237N14339", "name": "Fran", "season": 1996, "cat": 1, "wind": 65 }, "geometry": { "type": "LineString", "coordinates": [ [ -61.4, 21.1 ], [ -61.5, 21.3 ] ] } },
{ "type": "Feature", "properties": { "sid": "1996237N14339", "name": "Fran", "season": 1996, "cat": 1, "wind": 65 }, "geometry": { "type": "LineString", "coordinates": [ [ -61.5, 21.3 ], [ -61.7, 21.5 ] ] } },
{ "type": "Feature", "properties": { "sid": "1996237N14339", "name": "Fran", "season": 1996, "cat": 1, "wind": 65 }, "geometry": { "type": "LineString", "coordinates": [ [ -61.7, 21.5 ], [ -61.9, 21.6 ] ] } },
{ "type": "Feature", "properties": { "sid": "1996237N14339", "name": "Fran", "season": 1996, "cat": 1, "wind": 65 }, "geometry": { "type": "LineString", "coordinates": [ [ -61.9, 21.6 ], [ -62.1, 21.7 ] ] } },
{ "type": "Feature", "properties": { "sid": "1996237N14339", "name": "Fran", "season": 1996, "cat": 1, "wind": 65 }, "geometry": { "type": "LineString", "coordinates": [ [ -62.1, 21.7 ], [ -62.3, 21.8 ] ] } },
{ "type": "Feature", "properties": { "sid": "1996237N14339", "name": "Fran", "season": 1996, "cat": 1, "wind": 65 }, "geometry": { "type": "LineString", "coordinates": [ [ -62.3, 21.8 ], [ -62.6, 21.9 ] ] } },
{ "type": "Feature", "properties": { "sid": "1996237N14339", "name": "Fran", "season": 1996, "cat": 1, "wind": 65 }, "geometry": { "type": "LineString", "coordinates": [ [ -62.6, 21.9 ], [ -62.9, 22.0 ] ] } },
{ "type": "Feature", "properties": { "sid": "1996237N14339", "name": "Fran", "season": 1996, "cat": 1, "wind": 68 }, "geometry": { "type": "LineString", "coordinates": [ [ -62.9, 22.0 ], [ -63.2, 22.2 ] ] } },
{ "type": "Feature", "properties": { "sid": "1996237N14339", "name": "Fran", "season": 1996, "cat": 1, "wind": 70 }, "geometry": { "type": "LineString", "coordinates": [ [ -63.2, 22.2 ], [ -63.5, 22.3 ] ] } },
{ "type": "Feature", "properties": { "sid": "1996237N14339", "name": "Fran", "season": 1996, "cat": 1, "wind": 73 }, "geometry": { "type": "LineString", "coordinates": [ [ -63.5, 22.3 ], [ -63.9, 22.5 ] ] } },
{ "type": "Feature", "properties": { "sid": "1996237N14339", "name": "Fran", "season": 1996, "cat": 1, "wind": 75 }, "geometry": { "type": "LineString", "coordinates": [ [ -63.9, 22.5 ], [ -64.3, 22.7 ] ] } },
{ "type": "Feature", "properties": { "sid": "1996237N14339", "name": "Fran", "season": 1996, "cat": 1, "wind": 75 }, "geometry": { "type": "LineString", "coordinates": [ [ -64.3, 22.7 ], [ -64.7, 22.9 ] ] } },
{ "type": "Feature", "properties": { "sid": "1996237N14339", "name": "Fran", "season": 1996, "cat": 1, "wind": 75 }, "geometry": { "type": "LineString", "coordinates": [ [ -64.7, 22.9 ], [ -65.2, 23.1 ] ] } },
{ "type": "Feature", "properties": { "sid": "1996237N14339", "name": "Fran", "season": 1996, "cat": 1, "wind": 75 }, "geometry": { "type": "LineString", "coordinates": [ [ -65.2, 23.1 ], [ -65.7, 23.3 ] ] } },
{ "type": "Feature", "properties": { "sid": "1996237N14339", "name": "Fran", "season": 1996, "cat": 1, "wind": 75 }, "geometry": { "type": "LineString", "coordinates": [ [ -65.7, 23.3 ], [ -66.2, 23.5 ] ] } },
{ "type": "Feature", "properties": { "sid": "1996237N14339", "name": "Fran", "season": 1996, "cat": 1, "wind": 75 }, "geometry": { "type": "LineString", "coordinates": [ [ -66.2, 23.5 ], [ -66.7, 23.6 ] ] } },
{ "type": "Feature", "properties": { "sid": "1996237N14339", "name": "Fran", "season": 1996, "cat": 1, "wind": 75 }, "geometry": { "type": "LineString", "coordinates": [ [ -66.7, 23.6 ], [ -67.3, 23.8 ] ] } },
{ "type": "Feature", "properties": { "sid": "1996237N14339", "name": "Fran", "season": 1996, "cat": 1, "wind": 75 }, "geometry": { "type": "LineString", "coordinates": [ [ -67.3, 23.8 ], [ -67.9, 23.9 ] ] } },
{ "type": "Feature", "properties": { "sid": "1996237N14339", "name": "Fran", "season": 1996, "cat": 1, "wind": 75 }, "geometry": { "type": "LineString", "coordinates": [ [ -67.9, 23.9 ], [ -68.5, 24.1 ] ] } },
{ "type": "Feature", "properties": { "sid": "1996237N14339", "name": "Fran", "season": 1996, "cat": 1, "wind": 75 }, "geometry": { "type": "LineString", "coordinates": [ [ -68.5, 24.1 ], [ -69.0, 24.2 ] ] } },
{ "type": "Feature", "properties": { "sid": "1996237N14339", "name": "Fran", "season": 1996, "cat": 1, "wind": 75 }, "geometry": { "type": "LineString", "coordinates": [ [ -69.0, 24.2 ], [ -69.6, 24.3 ] ] } },
{ "type": "Feature", "properties": { "sid": "1996237N14339", "name": "Fran", "season": 1996, "cat": 1, "wind": 78 }, "geometry": { "type": "LineString", "coordinates": [ [ -69.6, 24.3 ], [ -70.1, 24.4 ] ] } },
{ "type": "Feature", "properties": { "sid": "1996237N14339", "name": "Fran", "season": 1996, "cat": 1, "wind": 80 }, "geometry": { "type": "LineString", "coordinates": [ [ -70.1, 24.4 ], [ -70.7, 24.5 ] ] } },
{ "type": "Feature", "properties": { "sid": "1996237N14339", "name": "Fran", "season": 1996, "cat": 1, "wind": 80 }, "geometry": { "type": "LineString", "coordinates": [ [ -70.7, 24.5 ], [ -71.2, 24.7 ] ] } },
{ "type": "Feature", "properties": { "sid": "1996237N14339", "name": "Fran", "season": 1996, "cat": 1, "wind": 80 }, "geometry": { "type": "LineString", "coordinates": [ [ -71.2, 24.7 ], [ -71.7, 24.9 ] ] } },
{ "type": "Feature", "properties": { "sid": "1996248N15319", "name": "Hortense", "season": 1996, "cat": -1, "wind": 33 }, "geometry": { "type": "LineString", "coordinates": [ [ -57.7, 15.3 ], [ -58.3, 15.4 ] ] } },
{ "type": "Feature", "properties": { "sid": "1996248N15319", "name": "Hortense", "season": 1996, "cat": 0, "wind": 35 }, "geometry": { "type": "LineString", "coordinates": [ [ -58.3, 15.4 ], [ -59.0, 15.5 ] ] } },
{ "type": "Feature", "properties": { "sid": "1996248N15319", "name": "Hortense", "season": 1996, "cat": 0, "wind": 38 }, "geometry": { "type": "LineString", "coordinates": [ [ -59.0, 15.5 ], [ -59.6, 15.6 ] ] } },
{ "type": "Feature", "properties": { "sid": "1996248N15319", "name": "Hortense", "season": 1996, "cat": 0, "wind": 40 }, "geometry": { "type": "LineString", "coordinates": [ [ -59.6, 15.6 ], [ -60.0, 15.7 ] ] } },
{ "type": "Feature", "properties": { "sid": "1996248N15319", "name": "Hortense", "season": 1996, "cat": 0, "wind": 40 }, "geometry": { "type": "LineString", "coordinates": [ [ -60.0, 15.7 ], [ -60.4, 15.8 ] ] } },
{ "type": "Feature", "properties": { "sid": "1996248N15319", "name": "Hortense", "season": 1996, "cat": 0, "wind": 40 }, "geometry": { "type": "LineString", "coordinates": [ [ -60.4, 15.8 ], [ -60.8, 16.0 ] ] } },
{ "type": "Feature", "properties": { "sid": "1996248N15319", "name": "Hortense", "season": 1996, "cat": 0, "wind": 45 }, "geometry": { "type": "LineString", "coordinates": [ [ -60.8, 16.0 ], [ -61.2, 16.1 ] ] } },
{ "type": "Feature", "properties": { "sid": "1996248N15319", "name": "Hortense", "season": 1996, "cat": 0, "wind": 50 }, "geometry": { "type": "LineString", "coordinates": [ [ -61.2, 16.1 ], [ -61.6, 16.1 ] ] } },
{ "type": "Feature", "properties": { "sid": "1996248N15319", "name": "Hortense", "season": 1996, "cat": 0, "wind": 53 }, "geometry": { "type": "LineString", "coordinates": [ [ -61.6, 16.1 ], [ -62.0, 16.1 ] ] } },
{ "type": "Feature", "properties": { "sid": "1996248N15319", "name": "Hortense", "season": 1996, "cat": 0, "wind": 55 }, "geometry": { "type": "LineString", "coordinates": [ [ -62.0, 16.1 ], [ -62.4, 16.1 ] ] } },
{ "type": "Feature", "properties": { "sid": "1996248N15319", "name": "Hortense", "season": 1996, "cat": 0, "wind": 58 }, "geometry": { "type": "LineString", "coordinates": [ [ -62.4, 16.1 ], [ -62.8, 16.1 ] ] } },
{ "type": "Feature", "properties": { "sid": "1996248N15319", "name": "Hortense", "season": 1996, "cat": 0, "wind": 60 }, "geometry": { "type": "LineString", "coordinates": [ [ -62.8, 16.1 ], [ -63.2, 16.1 ] ] } },
{ "type": "Feature", "properties": { "sid": "1996248N15319", "name": "Hortense", "season": 1996, "cat": 0, "wind": 60 }, "geometry": { "type": "LineString", "coordinates": [ [ -63.2, 16.1 ], [ -63.6, 16.1 ] ] } },
{ "type": "Feature", "properties": { "sid": "1996248N15319", "name": "Hortense", "season": 1996, "cat": 0, "wind": 60 }, "geometry": { "type": "LineString", "coordinates": [ [ -63.6, 16.1 ], [ -63.9, 16.1 ] ] } },
{ "type": "Feature", "properties": { "sid": "1996248N15319", "name": "Hortense", "season": 1996, "cat": 0, "wind": 60 }, "geometry": { "type": "LineString", "coordinates": [ [ -63.9, 16.1 ], [ -64.1, 16.1 ] ] } },
{ "type": "Feature", "properties": { "sid": "1996248N15319", "name": "Hortense", "season": 1996, "cat": 0, "wind": 60 }, "geometry": { "type": "LineString", "coordinates": [ [ -64.1, 16.1 ], [ -64.3, 16.1 ] ] } },
{ "type": "Feature", "properties": { "sid": "1996248N15319", "name": "Hortense", "season": 1996, "cat": 1, "wind": 65 }, "geometry": { "type": "LineString", "coordinates": [ [ -64.3, 16.1 ], [ -64.5, 16.1 ] ] } },
{ "type": "Feature", "properties": { "sid": "1996248N15319", "name": "Hortense", "season": 1996, "cat": 1, "wind": 70 }, "geometry": { "type": "LineString", "coordinates": [ [ -64.5, 16.1 ], [ -64.7, 16.2 ] ] } },
{ "type": "Feature", "properties": { "sid": "1996248N15319", "name": "Hortense", "season": 1996, "cat": 1, "wind": 70 }, "geometry": { "type": "LineString", "coordinates": [ [ -64.7, 16.2 ], [ -65.0, 16.3 ] ] } },
{ "type": "Feature", "properties": { "sid": "1996248N15319", "name": "Hortense", "season": 1996, "cat": 1, "wind": 70 }, "geometry": { "type": "LineString", "coordinates": [ [ -65.0, 16.3 ], [ -65.3, 16.4 ] ] } },
{ "type": "Feature", "properties": { "sid": "1996248N15319", "name": "Hortense", "season": 1996, "cat": 1, "wind": 70 }, "geometry": { "type": "LineString", "coordinates": [ [ -65.3, 16.4 ], [ -65.6, 16.6 ] ] } },
{ "type": "Feature", "properties": { "sid": "1996248N15319", "name": "Hortense", "season": 1996, "cat": 1, "wind": 70 }, "geometry": { "type": "LineString", "coordinates": [ [ -65.6, 16.6 ], [ -65.8, 16.8 ] ] } },
{ "type": "Feature", "properties": { "sid": "1996248N15319", "name": "Hortense", "season": 1996, "cat": 1, "wind": 70 }, "geometry": { "type": "LineString", "coordinates": [ [ -65.8, 16.8 ], [ -66.1, 17.1 ] ] } },
{ "type": "Feature", "properties": { "sid": "1996248N15319", "name": "Hortense", "season": 1996, "cat": 1, "wind": 70 }, "geometry": { "type": "LineString", "coordinates": [ [ -66.1, 17.1 ], [ -66.5, 17.6 ] ] } },
{ "type": "Feature", "properties": { "sid": "1996248N15319", "name": "Hortense", "season": 1996, "cat": 1, "wind": 70 }, "geometry": { "type": "LineString", "coordinates": [ [ -66.5, 17.6 ], [ -66.9, 18.0 ] ] } },
{ "type": "Feature", "properties": { "sid": "1996248N15319", "name": "Hortense", "season": 1996, "cat": 1, "wind": 70 }, "geometry": { "type": "LineString", "coordinates": [ [ -66.9, 18.0 ], [ -67.4, 18.2 ] ] } },
{ "type": "Feature", "properties": { "sid": "1996248N15319", "name": "Hortense", "season": 1996, "cat": 1, "wind": 68 }, "geometry": { "type": "LineString", "coordinates": [ [ -67.4, 18.2 ], [ -67.8, 18.3 ] ] } },
{ "type": "Feature", "properties": { "sid": "1996248N15319", "name": "Hortense", "season": 1996, "cat": 1, "wind": 65 }, "geometry": { "type": "LineString", "coordinates": [ [ -67.8, 18.3 ], [ -68.1, 18.6 ] ] } },
{ "type": "Feature", "properties": { "sid": "1996248N15319", "name": "Hortense", "season": 1996, "cat": 1, "wind": 65 }, "geometry": { "type": "LineString", "coordinates": [ [ -68.1, 18.6 ], [ -68.4, 18.9 ] ] } },
{ "type": "Feature", "properties": { "sid": "1996248N15319", "name": "Hortense", "season": 1996, "cat": 1, "wind": 65 }, "geometry": { "type": "LineString", "coordinates": [ [ -68.4, 18.9 ], [ -68.7, 19.2 ] ] } },
{ "type": "Feature", "properties": { "sid": "1996248N15319", "name": "Hortense", "season": 1996, "cat": 1, "wind": 68 }, "geometry": { "type": "LineString", "coordinates": [ [ -68.7, 19.2 ], [ -68.9, 19.5 ] ] } },
{ "type": "Feature", "properties": { "sid": "1996248N15319", "name": "Hortense", "season": 1996, "cat": 1, "wind": 70 }, "geometry": { "type": "LineString", "coordinates": [ [ -68.9, 19.5 ], [ -69.2, 19.8 ] ] } },
{ "type": "Feature", "properties": { "sid": "1996248N15319", "name": "Hortense", "season": 1996, "cat": 1, "wind": 73 }, "geometry": { "type": "LineString", "coordinates": [ [ -69.2, 19.8 ], [ -69.5, 20.1 ] ] } },
{ "type": "Feature", "properties": { "sid": "1996248N15319", "name": "Hortense", "season": 1996, "cat": 1, "wind": 75 }, "geometry": { "type": "LineString", "coordinates": [ [ -69.5, 20.1 ], [ -69.8, 20.5 ] ] } },
{ "type": "Feature", "properties": { "sid": "1996248N15319", "name": "Hortense", "season": 1996, "cat": 2, "wind": 83 }, "geometry": { "type": "LineString", "coordinates": [ [ -69.8, 20.5 ], [ -70.1, 20.9 ] ] } },
{ "type": "Feature", "properties": { "sid": "1996248N15319", "name": "Hortense", "season": 1996, "cat": 2, "wind": 90 }, "geometry": { "type": "LineString", "coordinates": [ [ -70.1, 20.9 ], [ -70.4, 21.3 ] ] } },
{ "type": "Feature", "properties": { "sid": "1996248N15319", "name": "Hortense", "season": 1996, "cat": 2, "wind": 93 }, "geometry": { "type": "LineString", "coordinates": [ [ -70.4, 21.3 ], [ -70.6, 21.6 ] ] } },
{ "type": "Feature", "properties": { "sid": "1996248N15319", "name": "Hortense", "season": 1996, "cat": 2, "wind": 95 }, "geometry": { "type": "LineString", "coordinates": [ [ -70.6, 21.6 ], [ -70.9, 22.0 ] ] } },
{ "type": "Feature", "properties": { "sid": "1996248N15319", "name": "Hortense", "season": 1996, "cat": 3, "wind": 98 }, "geometry": { "type": "LineString", "coordinates": [ [ -70.9, 22.0 ], [ -71.1, 22.3 ] ] } },
{ "type": "Feature", "properties": { "sid": "1996248N15319", "name": "Hortense", "season": 1996, "cat": 3, "wind": 100 }, "geometry": { "type": "LineString", "coordinates": [ [ -71.1, 22.3 ], [ -71.3, 22.6 ] ] } },
{ "type": "Feature", "properties": { "sid": "1996248N15319", "name": "Hortense", "season": 1996, "cat": 3, "wind": 103 }, "geometry": { "type": "LineString", "coordinates": [ [ -71.3, 22.6 ], [ -71.4, 23.0 ] ] } },
{ "type": "Feature", "properties": { "sid": "1996248N15319", "name": "Hortense", "season": 1996, "cat": 3, "wind": 105 }, "geometry": { "type": "LineString", "coordinates": [ [ -71.4, 23.0 ], [ -71.6, 23.4 ] ] } },
{ "type": "Feature", "properties": { "sid": "1996248N15319", "name": "Hortense", "season": 1996, "cat": 3, "wind": 110 }, "geometry": { "type": "LineString", "coordinates": [ [ -71.6, 23.4 ], [ -71.8, 23.9 ] ] } },
{ "type": "Feature", "properties": { "sid": "1996248N15319", "name": "Hortense", "season": 1996, "cat": 4, "wind": 115 }, "geometry": { "type": "LineString", "coordinates": [ [ -71.8, 23.9 ], [ -71.9, 24.3 ] ] } },
{ "type": "Feature", "properties": { "sid": "1996248N15319", "name": "Hortense", "season": 1996, "cat": 4, "wind": 115 }, "geometry": { "type": "LineString", "coordinates": [ [ -71.9, 24.3 ], [ -71.8, 24.7 ] ] } },
{ "type": "Feature", "properties": { "sid": "1997246N11316", "name": "Erika", "season": 1997, "cat": 1, "wind": 65 }, "geometry": { "type": "LineString", "coordinates": [ [ -57.4, 16.4 ], [ -57.9, 16.7 ] ] } },
{ "type": "Feature", "properties": { "sid": "1997246N11316", "name": "Erika", "season": 1997, "cat": 1, "wind": 65 }, "geometry": { "type": "LineString", "coordinates": [ [ -57.9, 16.7 ], [ -58.3, 17.0 ] ] } },
{ "type": "Feature", "properties": { "sid": "1997246N11316", "name": "Erika", "season": 1997, "cat": 1, "wind": 65 }, "geometry": { "type": "LineString", "coordinates": [ [ -58.3, 17.0 ], [ -58.8, 17.2 ] ] } },
{ "type": "Feature", "properties": { "sid": "1997246N11316", "name": "Erika", "season": 1997, "cat": 1, "wind": 65 }, "geometry": { "type": "LineString", "coordinates": [ [ -58.8, 17.2 ], [ -59.2, 17.5 ] ] } },
{ "type": "Feature", "properties": { "sid": "1997246N11316", "name": "Erika", "season": 1997, "cat": 1, "wind": 65 }, "geometry": { "type": "LineString", "coordinates": [ [ -59.2, 17.5 ], [ -59.6, 17.8 ] ] } },
{ "type": "Feature", "properties": { "sid": "1997246N11316", "name": "Erika", "season": 1997, "cat": 1, "wind": 68 }, "geometry": { "type": "LineString", "coordinates": [ [ -59.6, 17.8 ], [ -60.0, 18.1 ] ] } },
{ "type": "Feature", "properties": { "sid": "1997246N11316", "name": "Erika", "season": 1997, "cat": 1, "wind": 70 }, "geometry": { "type": "LineString", "coordinates": [ [ -60.0, 18.1 ], [ -60.5, 18.4 ] ] } },
{ "type": "Feature", "properties": { "sid": "1997246N11316", "name": "Erika", "season": 1997, "cat": 1, "wind": 70 }, "geometry": { "type": "LineString", "coordinates": [ [ -60.5, 18.4 ], [ -60.9, 18.6 ] ] } },
{ "type": "Feature", "properties": { "sid": "1997246N11316", "name": "Erika", "season": 1997, "cat": 1, "wind": 70 }, "geometry": { "type": "LineString", "coordinates": [ [ -60.9, 18.6 ], [ -61.3, 18.8 ] ] } },
{ "type": "Feature", "properties": { "sid": "1997246N11316", "name": "Erika", "season": 1997, "cat": 1, "wind": 73 }, "geometry": { "type": "LineString", "coordinates": [ [ -61.3, 18.8 ], [ -61.7, 19.0 ] ] } },
{ "type": "Feature", "properties": { "sid": "1997246N11316", "name": "Erika", "season": 1997, "cat": 1, "wind": 75 }, "geometry": { "type": "LineString", "coordinates": [ [ -61.7, 19.0 ], [ -62.1, 19.2 ] ] } },
{ "type": "Feature", "properties": { "sid": "1997246N11316", "name": "Erika", "season": 1997, "cat": 1, "wind": 75 }, "geometry": { "type": "LineString", "coordinates": [ [ -62.1, 19.2 ], [ -62.4, 19.4 ] ] } },
{ "type": "Feature", "properties": { "sid": "1997246N11316", "name": "Erika", "season": 1997, "cat": 1, "wind": 75 }, "geometry": { "type": "LineString", "coordinates": [ [ -62.4, 19.4 ], [ -62.6, 19.5 ] ] } },
{ "type": "Feature", "properties": { "sid": "1997246N11316", "name": "Erika", "season": 1997, "cat": 1, "wind": 75 }, "geometry": { "type": "LineString", "coordinates": [ [ -62.6, 19.5 ], [ -62.8, 19.7 ] ] } },
{ "type": "Feature", "properties": { "sid": "1997246N11316", "name": "Erika", "season": 1997, "cat": 1, "wind": 75 }, "geometry": { "type": "LineString", "coordinates": [ [ -62.8, 19.7 ], [ -63.0, 19.9 ] ] } },
{ "type": "Feature", "properties": { "sid": "1997246N11316", "name": "Erika", "season": 1997, "cat": 1, "wind": 75 }, "geometry": { "type": "LineString", "coordinates": [ [ -63.0, 19.9 ], [ -63.1, 20.2 ] ] } },
{ "type": "Feature", "properties": { "sid": "1997246N11316", "name": "Erika", "season": 1997, "cat": 1, "wind": 75 }, "geometry": { "type": "LineString", "coordinates": [ [ -63.1, 20.2 ], [ -63.2, 20.4 ] ] } },
{ "type": "Feature", "properties": { "sid": "1997246N11316", "name": "Erika", "season": 1997, "cat": 2, "wind": 83 }, "geometry": { "type": "LineString", "coordinates": [ [ -63.2, 20.4 ], [ -63.2, 20.6 ] ] } },
{ "type": "Feature", "properties": { "sid": "1997246N11316", "name": "Erika", "season": 1997, "cat": 2, "wind": 90 }, "geometry": { "type": "LineString", "coordinates": [ [ -63.2, 20.6 ], [ -63.2, 20.9 ] ] } },
{ "type": "Feature", "properties": { "sid": "1997246N11316", "name": "Erika", "season": 1997, "cat": 2, "wind": 93 }, "geometry": { "type": "LineString", "coordinates": [ [ -63.2, 20.9 ], [ -63.2, 21.2 ] ] } },
{ "type": "Feature", "properties": { "sid": "1997246N11316", "name": "Erika", "season": 1997, "cat": 2, "wind": 95 }, "geometry": { "type": "LineString", "coordinates": [ [ -63.2, 21.2 ], [ -63.2, 21.5 ] ] } },
{ "type": "Feature", "properties": { "sid": "1997246N11316", "name": "Erika", "season": 1997, "cat": 3, "wind": 98 }, "geometry": { "type": "LineString", "coordinates": [ [ -63.2, 21.5 ], [ -63.2, 21.8 ] ] } },
{ "type": "Feature", "properties": { "sid": "1997246N11316", "name": "Erika", "season": 1997, "cat": 3, "wind": 100 }, "geometry": { "type": "LineString", "coordinates": [ [ -63.2, 21.8 ], [ -63.1, 22.1 ] ] } },
{ "type": "Feature", "properties": { "sid": "1997246N11316", "name": "Erika", "season": 1997, "cat": 3, "wind": 103 }, "geometry": { "type": "LineString", "coordinates": [ [ -63.1, 22.1 ], [ -62.9, 22.5 ] ] } },
{ "type": "Feature", "properties": { "sid": "1997246N11316", "name": "Erika", "season": 1997, "cat": 3, "wind": 105 }, "geometry": { "type": "LineString", "coordinates": [ [ -62.9, 22.5 ], [ -62.7, 22.8 ] ] } },
{ "type": "Feature", "properties": { "sid": "1997246N11316", "name": "Erika", "season": 1997, "cat": 3, "wind": 108 }, "geometry": { "type": "LineString", "coordinates": [ [ -62.7, 22.8 ], [ -62.5, 23.2 ] ] } },
{ "type": "Feature", "properties": { "sid": "1997246N11316", "name": "Erika", "season": 1997, "cat": 3, "wind": 110 }, "geometry": { "type": "LineString", "coordinates": [ [ -62.5, 23.2 ], [ -62.3, 23.6 ] ] } },
{ "type": "Feature", "properties": { "sid": "1997246N11316", "name": "Erika", "season": 1997, "cat": 3, "wind": 110 }, "geometry": { "type": "LineString", "coordinates": [ [ -62.3, 23.6 ], [ -62.0, 24.1 ] ] } },
{ "type": "Feature", "properties": { "sid": "1997246N11316", "name": "Erika", "season": 1997, "cat": 3, "wind": 110 }, "geometry": { "type": "LineString", "coordinates": [ [ -62.0, 24.1 ], [ -61.7, 24.6 ] ] } },
{ "type": "Feature", "properties": { "sid": "1997246N11316", "name": "Erika", "season": 1997, "cat": 3, "wind": 110 }, "geometry": { "type": "LineString", "coordinates": [ [ -61.7, 24.6 ], [ -61.4, 25.2 ] ] } },
{ "type": "Feature", "properties": { "sid": "1997288N20291", "name": "Grace", "season": 1997, "cat": -1, "wind": 30 }, "geometry": { "type": "LineString", "coordinates": [ [ -68.7, 20.0 ], [ -69.4, 20.2 ] ] } },
{ "type": "Feature", "properties": { "sid": "1997288N20291", "name": "Grace", "season": 1997, "cat": -1, "wind": 30 }, "geometry": { "type": "LineString", "coordinates": [ [ -69.4, 20.2 ], [ -69.8, 20.3 ] ] } },
{ "type": "Feature", "properties": { "sid": "1997288N20291", "name": "Grace", "season": 1997, "cat": -4, "wind": 30 }, "geometry": { "type": "LineString", "coordinates": [ [ -69.8, 20.3 ], [ -69.8, 20.3 ] ] } },
{ "type": "Feature", "properties": { "sid": "1997288N20291", "name": "Grace", "season": 1997, "cat": -4, "wind": 33 }, "geometry": { "type": "LineString", "coordinates": [ [ -69.8, 20.3 ], [ -69.6, 20.3 ] ] } },
{ "type": "Feature", "properties": { "sid": "1997288N20291", "name": "Grace", "season": 1997, "cat": 0, "wind": 35 }, "geometry": { "type": "LineString", "coordinates": [ [ -69.6, 20.3 ], [ -69.3, 20.3 ] ] } },
{ "type": "Feature", "properties": { "sid": "1997288N20291", "name": "Grace", "season": 1997, "cat": 0, "wind": 35 }, "geometry": { "type": "LineString", "coordinates": [ [ -69.3, 20.3 ], [ -68.9, 20.3 ] ] } },
{ "type": "Feature", "properties": { "sid": "1997288N20291", "name": "Grace", "season": 1997, "cat": -4, "wind": 35 }, "geometry": { "type": "LineString", "coordinates": [ [ -68.9, 20.3 ], [ -68.5, 20.4 ] ] } },
{ "type": "Feature", "properties": { "sid": "1997288N20291", "name": "Grace", "season": 1997, "cat": -4, "wind": 38 }, "geometry": { "type": "LineString", "coordinates": [ [ -68.5, 20.4 ], [ -68.0, 20.6 ] ] } },
{ "type": "Feature", "properties": { "sid": "1997288N20291", "name": "Grace", "season": 1997, "cat": -4, "wind": 40 }, "geometry": { "type": "LineString", "coordinates": [ [ -68.0, 20.6 ], [ -67.3, 20.7 ] ] } },
{ "type": "Feature", "properties": { "sid": "1997288N20291", "name": "Grace", "season": 1997, "cat": -4, "wind": 40 }, "geometry": { "type": "LineString", "coordinates": [ [ -67.3, 20.7 ], [ -66.5, 20.8 ] ] } },
{ "type": "Feature", "properties": { "sid": "1997288N20291", "name": "Grace", "season": 1997, "cat": -4, "wind": 40 }, "geometry": { "type": "LineString", "coordinates": [ [ -66.5, 20.8 ], [ -65.5, 21.0 ] ] } },
{ "type": "Feature", "properties": { "sid": "1997288N20291", "name": "Grace", "season": 1997, "cat": -4, "wind": 40 }, "geometry": { "type": "LineString", "coordinates": [ [ -65.5, 21.0 ], [ -64.4, 21.2 ] ] } },
{ "type": "Feature", "properties": { "sid": "1997288N20291", "name": "Grace", "season": 1997, "cat": 0, "wind": 40 }, "geometry": { "type": "LineString", "coordinates": [ [ -64.4, 21.2 ], [ -63.1, 21.4 ] ] } },
{ "type": "Feature", "properties": { "sid": "1997288N20291", "name": "Grace", "season": 1997, "cat": 0, "wind": 38 }, "geometry": { "type": "LineString", "coordinates": [ [ -63.1, 21.4 ], [ -61.6, 21.6 ] ] } },
{ "type": "Feature", "properties": { "sid": "1997288N20291", "name": "Grace", "season": 1997, "cat": 0, "wind": 35 }, "geometry": { "type": "LineString", "coordinates": [ [ -61.6, 21.6 ], [ -60.2, 21.9 ] ] } },
{ "type": "Feature", "properties": { "sid": "1997288N20291", "name": "Grace", "season": 1997, "cat": 0, "wind": 35 }, "geometry": { "type": "LineString", "coordinates": [ [ -60.2, 21.9 ], [ -58.8, 22.4 ] ] } },
{ "type": "Feature", "properties": { "sid": "1997288N20291", "name": "Grace", "season": 1997, "cat": 0, "wind": 35 }, "geometry": { "type": "LineString", "coordinates": [ [ -58.8, 22.4 ], [ -57.5, 23.0 ] ] } },
{ "type": "Feature", "properties": { "sid": "1998232N15312", "name": "Bonnie", "season": 1998, "cat": 0, "wind": 35 }, "geometry": { "type": "LineString", "coordinates": [ [ -57.3, 17.3 ], [ -58.5, 17.7 ] ] } },
{ "type": "Feature", "properties": { "sid": "1998232N15312", "name": "Bonnie", "season": 1998, "cat": 0, "wind": 35 }, "geometry": { "type": "LineString", "coordinates": [ [ -58.5, 17.7 ], [ -59.6, 18.2 ] ] } },
{ "type": "Feature", "properties": { "sid": "1998232N15312", "name": "Bonnie", "season": 1998, "cat": 0, "wind": 35 }, "geometry": { "type": "LineString", "coordinates": [ [ -59.6, 18.2 ], [ -60.5, 18.5 ] ] } },
{ "type": "Feature", "properties": { "sid": "1998232N15312", "name": "Bonnie", "season": 1998, "cat": 0, "wind": 38 }, "geometry": { "type": "LineString", "coordinates": [ [ -60.5, 18.5 ], [ -61.3, 18.7 ] ] } },
{ "type": "Feature", "properties": { "sid": "1998232N15312", "name": "Bonnie", "season": 1998, "cat": 0, "wind": 40 }, "geometry": { "type": "LineString", "coordinates": [ [ -61.3, 18.7 ], [ -62.1, 18.9 ] ] } },
{ "type": "Feature", "properties": { "sid": "1998232N15312", "name": "Bonnie", "season": 1998, "cat": 0, "wind": 43 }, "geometry": { "type": "LineString", "coordinates": [ [ -62.1, 18.9 ], [ -62.9, 19.1 ] ] } },
{ "type": "Feature", "properties": { "sid": "1998232N15312", "name": "Bonnie", "season": 1998, "cat": 0, "wind": 45 }, "geometry": { "type": "LineString", "coordinates": [ [ -62.9, 19.1 ], [ -63.7, 19.3 ] ] } },
{ "type": "Feature", "properties": { "sid": "1998232N15312", "name": "Bonnie", "season": 1998, "cat": 0, "wind": 48 }, "geometry": { "type": "LineString", "coordinates": [ [ -63.7, 19.3 ], [ -64.5, 19.5 ] ] } },
{ "type": "Feature", "properties": { "sid": "1998232N15312", "name": "Bonnie", "season": 1998, "cat": 0, "wind": 50 }, "geometry": { "type": "LineString", "coordinates": [ [ -64.5, 19.5 ], [ -65.2, 19.9 ] ] } },
{ "type": "Feature", "properties": { "sid": "1998232N15312", "name": "Bonnie", "season": 1998, "cat": 0, "wind": 53 }, "geometry": { "type": "LineString", "coordinates": [ [ -65.2, 19.9 ], [ -65.9, 20.3 ] ] } },
{ "type": "Feature", "properties": { "sid": "1998232N15312", "name": "Bonnie", "season": 1998, "cat": 0, "wind": 55 }, "geometry": { "type": "LineString", "coordinates": [ [ -65.9, 20.3 ], [ -66.6, 20.7 ] ] } },
{ "type": "Feature", "properties": { "sid": "1998232N15312", "name": "Bonnie", "season": 1998, "cat": 0, "wind": 60 }, "geometry": { "type": "LineString", "coordinates": [ [ -66.6, 20.7 ], [ -67.3, 21.1 ] ] } },
{ "type": "Feature", "properties": { "sid": "1998232N15312", "name": "Bonnie", "season": 1998, "cat": 1, "wind": 65 }, "geometry": { "type": "LineString", "coordinates": [ [ -67.3, 21.1 ], [ -68.0, 21.5 ] ] } },
{ "type": "Feature", "properties": { "sid": "1998232N15312", "name": "Bonnie", "season": 1998, "cat": 1, "wind": 68 }, "geometry": { "type": "LineString", "coordinates": [ [ -68.0, 21.5 ], [ -68.7, 21.8 ] ] } },
{ "type": "Feature", "properties": { "sid": "1998232N15312", "name": "Bonnie", "season": 1998, "cat": 1, "wind": 70 }, "geometry": { "type": "LineString", "coordinates": [ [ -68.7, 21.8 ], [ -69.3, 22.0 ] ] } },
{ "type": "Feature", "properties": { "sid": "1998232N15312", "name": "Bonnie", "season": 1998, "cat": 1, "wind": 73 }, "geometry": { "type": "LineString", "coordinates": [ [ -69.3, 22.0 ], [ -69.8, 22.3 ] ] } },
{ "type": "Feature", "properties": { "sid": "1998232N15312", "name": "Bonnie", "season": 1998, "cat": 1, "wind": 75 }, "geometry": { "type": "LineString", "coordinates": [ [ -69.8, 22.3 ], [ -70.2, 22.7 ] ] } },
{ "type": "Feature", "properties": { "sid": "1998232N15312", "name": "Bonnie", "season": 1998, "cat": 1, "wind": 80 }, "geometry": { "type": "LineString", "coordinates": [ [ -70.2, 22.7 ], [ -70.5, 23.0 ] ] } },
{ "type": "Feature", "properties": { "sid": "1998232N15312", "name": "Bonnie", "season": 1998, "cat": 2, "wind": 85 }, "geometry": { "type": "LineString", "coordinates": [ [ -70.5, 23.0 ], [ -70.8, 23.2 ] ] } },
{ "type": "Feature", "properties": { "sid": "1998232N15312", "name": "Bonnie", "season": 1998, "cat": 2, "wind": 88 }, "geometry": { "type": "LineString", "coordinates": [ [ -70.8, 23.2 ], [ -71.0, 23.4 ] ] } },
{ "type": "Feature", "properties": { "sid": "1998232N15312", "name": "Bonnie", "season": 1998, "cat": 2, "wind": 90 }, "geometry": { "type": "LineString", "coordinates": [ [ -71.0, 23.4 ], [ -71.2, 23.6 ] ] } },
{ "type": "Feature", "properties": { "sid": "1998232N15312", "name": "Bonnie", "season": 1998, "cat": 2, "wind": 93 }, "geometry": { "type": "LineString", "coordinates": [ [ -71.2, 23.6 ], [ -71.3, 23.8 ] ] } },
{ "type": "Feature", "properties": { "sid": "1998232N15312", "name": "Bonnie", "season": 1998, "cat": 2, "wind": 95 }, "geometry": { "type": "LineString", "coordinates": [ [ -71.3, 23.8 ], [ -71.4, 24.0 ] ] } },
{ "type": "Feature", "properties": { "sid": "1998232N15312", "name": "Bonnie", "season": 1998, "cat": 3, "wind": 98 }, "geometry": { "type": "LineString", "coordinates": [ [ -71.4, 24.0 ], [ -71.5, 24.1 ] ] } },
{ "type": "Feature", "properties": { "sid": "1998232N15312", "name": "Bonnie", "season": 1998, "cat": 3, "wind": 100 }, "geometry": { "type": "LineString", "coordinates": [ [ -71.5, 24.1 ], [ -71.6, 24.2 ] ] } },
{ "type": "Feature", "properties": { "sid": "1998232N15312", "name": "Bonnie", "season": 1998, "cat": 3, "wind": 100 }, "geometry": { "type": "LineString", "coordinates": [ [ -71.6, 24.2 ], [ -71.7, 24.4 ] ] } },
{ "type": "Feature", "properties": { "sid": "1998232N15312", "name": "Bonnie", "season": 1998, "cat": 3, "wind": 100 }, "geometry": { "type": "LineString", "coordinates": [ [ -71.7, 24.4 ], [ -71.7, 24.6 ] ] } },
{ "type": "Feature", "properties": { "sid": "1998236N13326", "name": "Danielle", "season": 1998, "cat": 2, "wind": 88 }, "geometry": { "type": "LineString", "coordinates": [ [ -57.6, 20.9 ], [ -58.5, 21.2 ] ] } },
{ "type": "Feature", "properties": { "sid": "1998236N13326", "name": "Danielle", "season": 1998, "cat": 2, "wind": 90 }, "geometry": { "type": "LineString", "coordinates": [ [ -58.5, 21.2 ], [ -59.3, 21.5 ] ] } },
{ "type": "Feature", "properties": { "sid": "1998236N13326", "name": "Danielle", "season": 1998, "cat": 2, "wind": 88 }, "geometry": { "type": "LineString", "coordinates": [ [ -59.3, 21.5 ], [ -60.1, 21.8 ] ] } },
{ "type": "Feature", "properties": { "sid": "1998236N13326", "name": "Danielle", "season": 1998, "cat": 2, "wind": 85 }, "geometry": { "type": "LineString", "coordinates": [ [ -60.1, 21.8 ], [ -60.9, 22.1 ] ] } },
{ "type": "Feature", "properties": { "sid": "1998236N13326", "name": "Danielle", "season": 1998, "cat": 2, "wind": 83 }, "geometry": { "type": "LineString", "coordinates": [ [ -60.9, 22.1 ], [ -61.7, 22.4 ] ] } },
{ "type": "Feature", "properties": { "sid": "1998236N13326", "name": "Danielle", "season": 1998, "cat": 1, "wind": 80 }, "geometry": { "type": "LineString", "coordinates": [ [ -61.7, 22.4 ], [ -62.5, 22.6 ] ] } },
{ "type": "Feature", "properties": { "sid": "1998236N13326", "name": "Danielle", "season": 1998, "cat": 1, "wind": 80 }, "geometry": { "type": "LineString", "coordinates": [ [ -62.5, 22.6 ], [ -63.2, 22.7 ] ] } },
{ "type": "Feature", "properties": { "sid": "1998236N13326", "name": "Danielle", "season": 1998, "cat": 1, "wind": 80 }, "geometry": { "type": "LineString", "coordinates": [ [ -63.2, 22.7 ], [ -63.8, 22.8 ] ] } },
{ "type": "Feature", "properties": { "sid": "1998236N13326", "name": "Danielle", "season": 1998, "cat": 1, "wind": 80 }, "geometry": { "type": "LineString", "coordinates": [ [ -63.8, 22.8 ], [ -64.4, 23.0 ] ] } },
{ "type": "Feature", "properties": { "sid": "1998236N13326", "name": "Danielle", "season": 1998, "cat": 1, "wind": 80 }, "geometry": { "type": "LineString", "coordinates": [ [ -64.4, 23.0 ], [ -65.1, 23.2 ] ] } },
{ "type": "Feature", "properties": { "sid": "1998236N13326", "name": "Danielle", "season": 1998, "cat": 1, "wind": 80 }, "geometry": { "type": "LineString", "coordinates": [ [ -65.1, 23.2 ], [ -65.7, 23.4 ] ] } },
{ "type": "Feature", "properties": { "sid": "1998236N13326", "name": "Danielle", "season": 1998, "cat": 1, "wind": 80 }, "geometry": { "type": "LineString", "coordinates": [ [ -65.7, 23.4 ], [ -66.3, 23.6 ] ] } },
{ "type": "Feature", "properties": { "sid": "1998236N13326", "name": "Danielle", "season": 1998, "cat": 1, "wind": 78 }, "geometry": { "type": "LineString", "coordinates": [ [ -66.3, 23.6 ], [ -66.9, 23.9 ] ] } },
{ "type": "Feature", "properties": { "sid": "1998236N13326", "name": "Danielle", "season": 1998, "cat": 1, "wind": 75 }, "geometry": { "type": "LineString", "coordinates": [ [ -66.9, 23.9 ], [ -67.6, 24.1 ] ] } },
{ "type": "Feature", "properties": { "sid": "1998236N13326", "name": "Danielle", "season": 1998, "cat": 1, "wind": 73 }, "geometry": { "type": "LineString", "coordinates": [ [ -67.6, 24.1 ], [ -68.2, 24.3 ] ] } },
{ "type": "Feature", "properties": { "sid": "1998236N13326", "name": "Danielle", "season": 1998, "cat": 1, "wind": 70 }, "geometry": { "type": "LineString", "coordinates": [ [ -68.2, 24.3 ], [ -68.8, 24.5 ] ] } },
{ "type": "Feature", "properties": { "sid": "1998236N13326", "name": "Danielle", "season": 1998, "cat": 1, "wind": 70 }, "geometry": { "type": "LineString", "coordinates": [ [ -68.8, 24.5 ], [ -69.4, 24.8 ] ] } },
{ "type": "Feature", "properties": { "sid": "1998236N13326", "name": "Danielle", "season": 1998, "cat": 1, "wind": 70 }, "geometry": { "type": "LineString", "coordinates": [ [ -69.4, 24.8 ], [ -70.0, 25.1 ] ] } },
{ "type": "Feature", "properties": { "sid": "1998236N13326", "name": "Danielle", "season": 1998, "cat": 1, "wind": 70 }, "geometry": { "type": "LineString", "coordinates": [ [ -70.0, 25.1 ], [ -70.5, 25.4 ] ] } },
{ "type": "Feature", "properties": { "sid": "1998259N10335", "name": "Georges", "season": 1998, "cat": 4, "wind": 130 }, "geometry": { "type": "LineString", "coordinates": [ [ -57.7, 16.2 ], [ -58.5, 16.3 ] ] } },
{ "type": "Feature", "properties": { "sid": "1998259N10335", "name": "Georges", "season": 1998, "cat": 4, "wind": 123 }, "geometry": { "type": "LineString", "coordinates": [ [ -58.5, 16.3 ], [ -59.2, 16.4 ] ] } },
{ "type": "Feature", "properties": { "sid": "1998259N10335", "name": "Georges", "season": 1998, "cat": 4, "wind": 115 }, "geometry": { "type": "LineString", "coordinates": [ [ -59.2, 16.4 ], [ -59.9, 16.5 ] ] } },
{ "type": "Feature", "properties": { "sid": "1998259N10335", "name": "Georges", "season": 1998, "cat": 3, "wind": 108 }, "geometry": { "type": "LineString", "coordinates": [ [ -59.9, 16.5 ], [ -60.6, 16.7 ] ] } },
{ "type": "Feature", "properties": { "sid": "1998259N10335", "name": "Georges", "season": 1998, "cat": 3, "wind": 100 }, "geometry": { "type": "LineString", "coordinates": [ [ -60.6, 16.7 ], [ -61.3, 16.9 ] ] } },
{ "type": "Feature", "properties": { "sid": "1998259N10335", "name": "Georges", "season": 1998, "cat": 3, "wind": 100 }, "geometry": { "type": "LineString", "coordinates": [ [ -61.3, 16.9 ], [ -61.7, 17.0 ] ] } },
{ "type": "Feature", "properties": { "sid": "1998259N10335", "name": "Georges", "season": 1998, "cat": 3, "wind": 100 }, "geometry": { "type": "LineString", "coordinates": [ [ -61.7, 17.0 ], [ -62.1, 17.1 ] ] } },
{ "type": "Feature", "properties": { "sid": "1998259N10335", "name": "Georges", "season": 1998, "cat": 3, "wind": 100 }, "geometry": { "type": "LineString", "coordinates": [ [ -62.1, 17.1 ], [ -62.6, 17.2 ] ] } },
{ "type": "Feature", "properties": { "sid": "1998259N10335", "name": "Georges", "season": 1998, "cat": 3, "wind": 100 }, "geometry": { "type": "LineString", "coordinates": [ [ -62.6, 17.2 ], [ -62.9, 17.2 ] ] } },
{ "type": "Feature", "properties": { "sid": "1998259N10335", "name": "Georges", "season": 1998, "cat": 3, "wind": 99 }, "geometry": { "type": "LineString", "coordinates": [ [ -62.9, 17.2 ], [ -63.6, 17.4 ] ] } },
{ "type": "Feature", "properties": { "sid": "1998259N10335", "name": "Georges", "season": 1998, "cat": 2, "wind": 95 }, "geometry": { "type": "LineString", "coordinates": [ [ -63.6, 17.4 ], [ -64.3, 17.6 ] ] } },
{ "type": "Feature", "properties": { "sid": "1998259N10335", "name": "Georges", "season": 1998, "cat": 2, "wind": 93 }, "geometry": { "type": "LineString", "coordinates": [ [ -64.3, 17.6 ], [ -65.0, 17.8 ] ] } },
{ "type": "Feature", "properties": { "sid": "1998259N10335", "name": "Georges", "season": 1998, "cat": 2, "wind": 90 }, "geometry": { "type": "LineString", "coordinates": [ [ -65.0, 17.8 ], [ -65.6, 18.0 ] ] } },
{ "type": "Feature", "properties": { "sid": "1998259N10335", "name": "Georges", "season": 1998, "cat": 3, "wind": 97 }, "geometry": { "type": "LineString", "coordinates": [ [ -65.6, 18.0 ], [ -65.8, 18.1 ] ] } },
{ "type": "Feature", "properties": { "sid": "1998259N10335", "name": "Georges", "season": 1998, "cat": 3, "wind": 100 }, "geometry": { "type": "LineString", "coordinates": [ [ -65.8, 18.1 ], [ -66.3, 18.2 ] ] } },
{ "type": "Feature", "properties": { "sid": "1998259N10335", "name": "Georges", "season": 1998, "cat": 2, "wind": 90 }, "geometry": { "type": "LineString", "coordinates": [ [ -66.3, 18.2 ], [ -66.9, 18.1 ] ] } },
{ "type": "Feature", "properties": { "sid": "1998259N10335", "name": "Georges", "season": 1998, "cat": 2, "wind": 93 }, "geometry": { "type": "LineString", "coordinates": [ [ -66.9, 18.1 ], [ -67.4, 18.0 ] ] } },
{ "type": "Feature", "properties": { "sid": "1998259N10335", "name": "Georges", "season": 1998, "cat": 2, "wind": 95 }, "geometry": { "type": "LineString", "coordinates": [ [ -67.4, 18.0 ], [ -67.8, 18.1 ] ] } },
{ "type": "Feature", "properties": { "sid": "1998259N10335", "name": "Georges", "season": 1998, "cat": 3, "wind": 100 }, "geometry": { "type": "LineString", "coordinates": [ [ -67.8, 18.1 ], [ -68.5, 18.2 ] ] } },
{ "type": "Feature", "properties": { "sid": "1998259N10335", "name": "Georges", "season": 1998, "cat": 3, "wind": 105 }, "geometry": { "type": "LineString", "coordinates": [ [ -68.5, 18.2 ], [ -68.7, 18.2 ] ] } },
{ "type": "Feature", "properties": { "sid": "1998259N10335", "name": "Georges", "season": 1998, "cat": 3, "wind": 105 }, "geometry": { "type": "LineString", "coordinates": [ [ -68.7, 18.2 ], [ -69.3, 18.3 ] ] } },
{ "type": "Feature", "properties": { "sid": "1998259N10335", "name": "Georges", "season": 1998, "cat": 3, "wind": 100 }, "geometry": { "type": "LineString", "coordinates": [ [ -69.3, 18.3 ], [ -69.7, 18.6 ] ] } },
{ "type": "Feature", "properties": { "sid": "1998259N10335", "name": "Georges", "season": 1998, "cat": 2, "wind": 95 }, "geometry": { "type": "LineString", "coordinates": [ [ -69.7, 18.6 ], [ -70.2, 18.7 ] ] } },
{ "type": "Feature", "properties": { "sid": "1998259N10335", "name": "Georges", "season": 1998, "cat": 2, "wind": 83 }, "geometry": { "type": "LineString", "coordinates": [ [ -70.2, 18.7 ], [ -70.8, 18.8 ] ] } },
{ "type": "Feature", "properties": { "sid": "1998259N10335", "name": "Georges", "season": 1998, "cat": 1, "wind": 70 }, "geometry": { "type": "LineString", "coordinates": [ [ -70.8, 18.8 ], [ -71.4, 18.9 ] ] } },
{ "type": "Feature", "properties": { "sid": "1998259N10335", "name": "Georges", "season": 1998, "cat": 1, "wind": 68 }, "geometry": { "type": "LineString", "coordinates": [ [ -71.4, 18.9 ], [ -72.1, 19.0 ] ] } },
{ "type": "Feature", "properties": { "sid": "1998259N10335", "name": "Georges", "season": 1998, "cat": 1, "wind": 65 }, "geometry": { "type": "LineString", "coordinates": [ [ -72.1, 19.0 ], [ -72.7, 19.1 ] ] } },
{ "type": "Feature", "properties": { "sid": "1998259N10335", "name": "Georges", "season": 1998, "cat": 1, "wind": 65 }, "geometry": { "type": "LineString", "coordinates": [ [ -72.7, 19.1 ], [ -73.3, 19.3 ] ] } },
{ "type": "Feature", "properties": { "sid": "1998259N10335", "name": "Georges", "season": 1998, "cat": 1, "wind": 65 }, "geometry": { "type": "LineString", "coordinates": [ [ -73.3, 19.3 ], [ -73.9, 19.5 ] ] } },
{ "type": "Feature", "properties": { "sid": "1998259N10335", "name": "Georges", "season": 1998, "cat": 1, "wind": 65 }, "geometry": { "type": "LineString", "coordinates": [ [ -73.9, 19.5 ], [ -74.3, 19.8 ] ] } },
{ "type": "Feature", "properties": { "sid": "1998259N10335", "name": "Georges", "season": 1998, "cat": 1, "wind": 65 }, "geometry": { "type": "LineString", "coordinates": [ [ -74.3, 19.8 ], [ -74.5, 20.0 ] ] } },
{ "type": "Feature", "properties": { "sid": "1998259N10335", "name": "Georges", "season": 1998, "cat": 1, "wind": 65 }, "geometry": { "type": "LineString", "coordinates": [ [ -74.5, 20.0 ], [ -74.5, 20.1 ] ] } },
{ "type": "Feature", "properties": { "sid": "1998259N10335", "name": "Georges", "season": 1998, "cat": 1, "wind": 65 }, "geometry": { "type": "LineString", "coordinates": [ [ -74.5, 20.1 ], [ -74.9, 20.5 ] ] } },
{ "type": "Feature", "properties": { "sid": "1999236N22292", "name": "Dennis", "season": 1999, "cat": -1, "wind": 30 }, "geometry": { "type": "LineString", "coordinates": [ [ -67.7, 21.5 ], [ -68.3, 21.8 ] ] } },
{ "type": "Feature", "properties": { "sid": "1999236N22292", "name": "Dennis", "season": 1999, "cat": -1, "wind": 30 }, "geometry": { "type": "LineString", "coordinates": [ [ -68.3, 21.8 ], [ -68.9, 22.0 ] ] } },
{ "type": "Feature", "properties": { "sid": "1999236N22292", "name": "Dennis", "season": 1999, "cat": -1, "wind": 30 }, "geometry": { "type": "LineString", "coordinates": [ [ -68.9, 22.0 ], [ -69.5, 22.2 ] ] } },
{ "type": "Feature", "properties": { "sid": "1999236N22292", "name": "Dennis", "season": 1999, "cat": -1, "wind": 33 }, "geometry": { "type": "LineString", "coordinates": [ [ -69.5, 22.2 ], [ -70.0, 22.4 ] ] } },
{ "type": "Feature", "properties": { "sid": "1999236N22292", "name": "Dennis", "season": 1999, "cat": 0, "wind": 35 }, "geometry": { "type": "LineString", "coordinates": [ [ -70.0, 22.4 ], [ -70.5, 22.6 ] ] } },
{ "type": "Feature", "properties": { "sid": "1999236N22292", "name": "Dennis", "season": 1999, "cat": 0, "wind": 38 }, "geometry": { "type": "LineString", "coordinates": [ [ -70.5, 22.6 ], [ -70.9, 22.7 ] ] } },
{ "type": "Feature", "properties": { "sid": "1999236N22292", "name": "Dennis", "season": 1999, "cat": 0, "wind": 40 }, "geometry": { "type": "LineString", "coordinates": [ [ -70.9, 22.7 ], [ -71.2, 22.8 ] ] } },
{ "type": "Feature", "properties": { "sid": "1999236N22292", "name": "Dennis", "season": 1999, "cat": 0, "wind": 40 }, "geometry": { "type": "LineString", "coordinates": [ [ -71.2, 22.8 ], [ -71.5, 22.8 ] ] } },
{ "type": "Feature", "properties": { "sid": "1999236N22292", "name": "Dennis", "season": 1999, "cat": 0, "wind": 40 }, "geometry": { "type": "LineString", "coordinates": [ [ -71.5, 22.8 ], [ -71.7, 22.9 ] ] } },
{ "type": "Feature", "properties": { "sid": "1999236N22292", "name": "Dennis", "season": 1999, "cat": 0, "wind": 40 }, "geometry": { "type": "LineString", "coordinates": [ [ -71.7, 22.9 ], [ -71.9, 23.0 ] ] } },
{ "type": "Feature", "properties": { "sid": "1999236N22292", "name": "Dennis", "season": 1999, "cat": 0, "wind": 40 }, "geometry": { "type": "LineString", "coordinates": [ [ -71.9, 23.0 ], [ -72.0, 23.1 ] ] } },
{ "type": "Feature", "properties": { "sid": "1999236N22292", "name": "Dennis", "season": 1999, "cat": 0, "wind": 43 }, "geometry": { "type": "LineString", "coordinates": [ [ -72.0, 23.1 ], [ -72.1, 23.2 ] ] } },
{ "type": "Feature", "properties": { "sid": "1999236N22292", "name": "Dennis", "season": 1999, "cat": 0, "wind": 45 }, "geometry": { "type": "LineString", "coordinates": [ [ -72.1, 23.2 ], [ -72.2, 23.3 ] ] } },
{ "type": "Feature", "properties": { "sid": "1999236N22292", "name": "Dennis", "season": 1999, "cat": 0, "wind": 50 }, "geometry": { "type": "LineString", "coordinates": [ [ -72.2, 23.3 ], [ -72.3, 23.4 ] ] } },
{ "type": "Feature", "properties": { "sid": "1999236N22292", "name": "Dennis", "season": 1999, "cat": 0, "wind": 55 }, "geometry": { "type": "LineString", "coordinates": [ [ -72.3, 23.4 ], [ -72.4, 23.5 ] ] } },
{ "type": "Feature", "properties": { "sid": "1999236N22292", "name": "Dennis", "season": 1999, "cat": 0, "wind": 58 }, "geometry": { "type": "LineString", "coordinates": [ [ -72.4, 23.5 ], [ -72.5, 23.6 ] ] } },
{ "type": "Feature", "properties": { "sid": "1999236N22292", "name": "Dennis", "season": 1999, "cat": 0, "wind": 60 }, "geometry": { "type": "LineString", "coordinates": [ [ -72.5, 23.6 ], [ -72.8, 23.7 ] ] } },
{ "type": "Feature", "properties": { "sid": "1999251N15314", "name": "Floyd", "season": 1999, "cat": 0, "wind": 60 }, "geometry": { "type": "LineString", "coordinates": [ [ -57.2, 18.3 ], [ -57.7, 18.4 ] ] } },
{ "type": "Feature", "properties": { "sid": "1999251N15314", "name": "Floyd", "season": 1999, "cat": 0, "wind": 60 }, "geometry": { "type": "LineString", "coordinates": [ [ -57.7, 18.4 ], [ -58.2, 18.6 ] ] } },
{ "type": "Feature", "properties": { "sid": "1999251N15314", "name": "Floyd", "season": 1999, "cat": 0, "wind": 60 }, "geometry": { "type": "LineString", "coordinates": [ [ -58.2, 18.6 ], [ -58.5, 18.9 ] ] } },
{ "type": "Feature", "properties": { "sid": "1999251N15314", "name": "Floyd", "season": 1999, "cat": 1, "wind": 65 }, "geometry": { "type": "LineString", "coordinates": [ [ -58.5, 18.9 ], [ -58.8, 19.3 ] ] } },
{ "type": "Feature", "properties": { "sid": "1999251N15314", "name": "Floyd", "season": 1999, "cat": 1, "wind": 70 }, "geometry": { "type": "LineString", "coordinates": [ [ -58.8, 19.3 ], [ -59.2, 19.8 ] ] } },
{ "type": "Feature", "properties": { "sid": "1999251N15314", "name": "Floyd", "season": 1999, "cat": 1, "wind": 70 }, "geometry": { "type": "LineString", "coordinates": [ [ -59.2, 19.8 ], [ -59.6, 20.2 ] ] } },
{ "type": "Feature", "properties": { "sid": "1999251N15314", "name": "Floyd", "season": 1999, "cat": 1, "wind": 70 }, "geometry": { "type": "LineString", "coordinates": [ [ -59.6, 20.2 ], [ -60.0, 20.5 ] ] } },
{ "type": "Feature", "properties": { "sid": "1999251N15314", "name": "Floyd", "season": 1999, "cat": 1, "wind": 75 }, "geometry": { "type": "LineString", "coordinates": [ [ -60.0, 20.5 ], [ -60.4, 20.8 ] ] } },
{ "type": "Feature", "properties": { "sid": "1999251N15314", "name": "Floyd", "season": 1999, "cat": 1, "wind": 80 }, "geometry": { "type": "LineString", "coordinates": [ [ -60.4, 20.8 ], [ -60.7, 21.1 ] ] } },
{ "type": "Feature", "properties": { "sid": "1999251N15314", "name": "Floyd", "season": 1999, "cat": 2, "wind": 88 }, "geometry": { "type": "LineString", "coordinates": [ [ -60.7, 21.1 ], [ -61.1, 21.4 ] ] } },
{ "type": "Feature", "properties": { "sid": "1999251N15314", "name": "Floyd", "season": 1999, "cat": 2, "wind": 95 }, "geometry": { "type": "LineString", "coordinates": [ [ -61.1, 21.4 ], [ -61.5, 21.6 ] ] } },
{ "type": "Feature", "properties": { "sid": "1999251N15314", "name": "Floyd", "season": 1999, "cat": 2, "wind": 95 }, "geometry": { "type": "LineString", "coordinates": [ [ -61.5, 21.6 ], [ -62.0, 21.9 ] ] } },
{ "type": "Feature", "properties": { "sid": "1999251N15314", "name": "Floyd", "season": 1999, "cat": 2, "wind": 95 }, "geometry": { "type": "LineString", "coordinates": [ [ -62.0, 21.9 ], [ -62.5, 22.2 ] ] } },
{ "type": "Feature", "properties": { "sid": "1999251N15314", "name": "Floyd", "season": 1999, "cat": 2, "wind": 93 }, "geometry": { "type": "LineString", "coordinates": [ [ -62.5, 22.2 ], [ -63.0, 22.5 ] ] } },
{ "type": "Feature", "properties": { "sid": "1999251N15314", "name": "Floyd", "season": 1999, "cat": 2, "wind": 90 }, "geometry": { "type": "LineString", "coordinates": [ [ -63.0, 22.5 ], [ -63.5, 22.6 ] ] } },
{ "type": "Feature", "properties": { "sid": "1999251N15314", "name": "Floyd", "season": 1999, "cat": 2, "wind": 88 }, "geometry": { "type": "LineString", "coordinates": [ [ -63.5, 22.6 ], [ -64.1, 22.7 ] ] } },
{ "type": "Feature", "properties": { "sid": "1999251N15314", "name": "Floyd", "season": 1999, "cat": 2, "wind": 85 }, "geometry": { "type": "LineString", "coordinates": [ [ -64.1, 22.7 ], [ -64.7, 22.7 ] ] } },
{ "type": "Feature", "properties": { "sid": "1999251N15314", "name": "Floyd", "season": 1999, "cat": 2, "wind": 90 }, "geometry": { "type": "LineString", "coordinates": [ [ -64.7, 22.7 ], [ -65.2, 22.8 ] ] } },
{ "type": "Feature", "properties": { "sid": "1999251N15314", "name": "Floyd", "season": 1999, "cat": 2, "wind": 95 }, "geometry": { "type": "LineString", "coordinates": [ [ -65.2, 22.8 ], [ -65.7, 22.9 ] ] } },
{ "type": "Feature", "properties": { "sid": "1999251N15314", "name": "Floyd", "season": 1999, "cat": 3, "wind": 100 }, "geometry": { "type": "LineString", "coordinates": [ [ -65.7, 22.9 ], [ -66.2, 23.0 ] ] } },
{ "type": "Feature", "properties": { "sid": "1999251N15314", "name": "Floyd", "season": 1999, "cat": 3, "wind": 105 }, "geometry": { "type": "LineString", "coordinates": [ [ -66.2, 23.0 ], [ -66.8, 23.1 ] ] } },
{ "type": "Feature", "properties": { "sid": "1999251N15314", "name": "Floyd", "season": 1999, "cat": 3, "wind": 110 }, "geometry": { "type": "LineString", "coordinates": [ [ -66.8, 23.1 ], [ -67.4, 23.2 ] ] } },
{ "type": "Feature", "properties": { "sid": "1999251N15314", "name": "Floyd", "season": 1999, "cat": 4, "wind": 115 }, "geometry": { "type": "LineString", "coordinates": [ [ -67.4, 23.2 ], [ -68.0, 23.3 ] ] } },
{ "type": "Feature", "properties": { "sid": "1999251N15314", "name": "Floyd", "season": 1999, "cat": 4, "wind": 120 }, "geometry": { "type": "LineString", "coordinates": [ [ -68.0, 23.3 ], [ -68.7, 23.4 ] ] } },
{ "type": "Feature", "properties": { "sid": "1999251N15314", "name": "Floyd", "season": 1999, "cat": 4, "wind": 125 }, "geometry": { "type": "LineString", "coordinates": [ [ -68.7, 23.4 ], [ -69.3, 23.5 ] ] } },
{ "type": "Feature", "properties": { "sid": "1999251N15314", "name": "Floyd", "season": 1999, "cat": 4, "wind": 130 }, "geometry": { "type": "LineString", "coordinates": [ [ -69.3, 23.5 ], [ -70.0, 23.6 ] ] } },
{ "type": "Feature", "properties": { "sid": "1999251N15314", "name": "Floyd", "season": 1999, "cat": 4, "wind": 135 }, "geometry": { "type": "LineString", "coordinates": [ [ -70.0, 23.6 ], [ -70.7, 23.7 ] ] } },
{ "type": "Feature", "properties": { "sid": "1999251N15314", "name": "Floyd", "season": 1999, "cat": 4, "wind": 135 }, "geometry": { "type": "LineString", "coordinates": [ [ -70.7, 23.7 ], [ -71.4, 23.9 ] ] } },
{ "type": "Feature", "properties": { "sid": "1999251N15314", "name": "Floyd", "season": 1999, "cat": 4, "wind": 135 }, "geometry": { "type": "LineString", "coordinates": [ [ -71.4, 23.9 ], [ -72.2, 24.0 ] ] } },
{ "type": "Feature", "properties": { "sid": "1999251N15314", "name": "Floyd", "season": 1999, "cat": 4, "wind": 130 }, "geometry": { "type": "LineString", "coordinates": [ [ -72.2, 24.0 ], [ -72.9, 24.1 ] ] } },
{ "type": "Feature", "properties": { "sid": "1999291N10309", "name": "Jose", "season": 1999, "cat": 0, "wind": 63 }, "geometry": { "type": "LineString", "coordinates": [ [ -58.5, 14.5 ], [ -58.9, 14.9 ] ] } },
{ "type": "Feature", "properties": { "sid": "1999291N10309", "name": "Jose", "season": 1999, "cat": 1, "wind": 65 }, "geometry": { "type": "LineString", "coordinates": [ [ -58.9, 14.9 ], [ -59.2, 15.3 ] ] } },
{ "type": "Feature", "properties": { "sid": "1999291N10309", "name": "Jose", "season": 1999, "cat": 1, "wind": 68 }, "geometry": { "type": "LineString", "coordinates": [ [ -59.2, 15.3 ], [ -59.5, 15.7 ] ] } },
{ "type": "Feature", "properties": { "sid": "1999291N10309", "name": "Jose", "season": 1999, "cat": 1, "wind": 70 }, "geometry": { "type": "LineString", "coordinates": [ [ -59.5, 15.7 ], [ -59.8, 16.0 ] ] } },
{ "type": "Feature", "properties": { "sid": "1999291N10309", "name": "Jose", "season": 1999, "cat": 1, "wind": 75 }, "geometry": { "type": "LineString", "coordinates": [ [ -59.8, 16.0 ], [ -60.2, 16.3 ] ] } },
{ "type": "Feature", "properties": { "sid": "1999291N10309", "name": "Jose", "season": 1999, "cat": 1, "wind": 80 }, "geometry": { "type": "LineString", "coordinates": [ [ -60.2, 16.3 ], [ -60.6, 16.6 ] ] } },
{ "type": "Feature", "properties": { "sid": "1999291N10309", "name": "Jose", "season": 1999, "cat": 2, "wind": 83 }, "geometry": { "type": "LineString", "coordinates": [ [ -60.6, 16.6 ], [ -61.1, 16.8 ] ] } },
{ "type": "Feature", "properties": { "sid": "1999291N10309", "name": "Jose", "season": 1999, "cat": 2, "wind": 85 }, "geometry": { "type": "LineString", "coordinates": [ [ -61.1, 16.8 ], [ -61.6, 17.0 ] ] } },
{ "type": "Feature", "properties": { "sid": "1999291N10309", "name": "Jose", "season": 1999, "cat": 1, "wind": 81 }, "geometry": { "type": "LineString", "coordinates": [ [ -61.6, 17.0 ], [ -61.7, 17.1 ] ] } },
{ "type": "Feature", "properties": { "sid": "1999291N10309", "name": "Jose", "season": 1999, "cat": 1, "wind": 80 }, "geometry": { "type": "LineString", "coordinates": [ [ -61.7, 17.1 ], [ -62.0, 17.2 ] ] } },
{ "type": "Feature", "properties": { "sid": "1999291N10309", "name": "Jose", "season": 1999, "cat": 1, "wind": 80 }, "geometry": { "type": "LineString", "coordinates": [ [ -62.0, 17.2 ], [ -62.3, 17.4 ] ] } },
{ "type": "Feature", "properties": { "sid": "1999291N10309", "name": "Jose", "season": 1999, "cat": 1, "wind": 78 }, "geometry": { "type": "LineString", "coordinates": [ [ -62.3, 17.4 ], [ -62.7, 17.6 ] ] } },
{ "type": "Feature", "properties": { "sid": "1999291N10309", "name": "Jose", "season": 1999, "cat": 1, "wind": 75 }, "geometry": { "type": "LineString", "coordinates": [ [ -62.7, 17.6 ], [ -63.2, 17.9 ] ] } },
{ "type": "Feature", "properties": { "sid": "1999291N10309", "name": "Jose", "season": 1999, "cat": 1, "wind": 70 }, "geometry": { "type": "LineString", "coordinates": [ [ -63.2, 17.9 ], [ -63.8, 18.1 ] ] } },
{ "type": "Feature", "properties": { "sid": "1999291N10309", "name": "Jose", "season": 1999, "cat": 1, "wind": 65 }, "geometry": { "type": "LineString", "coordinates": [ [ -63.8, 18.1 ], [ -64.2, 18.2 ] ] } },
{ "type": "Feature", "properties": { "sid": "1999291N10309", "name": "Jose", "season": 1999, "cat": 0, "wind": 62 }, "geometry": { "type": "LineString", "coordinates": [ [ -64.2, 18.2 ], [ -64.6, 18.4 ] ] } },
{ "type": "Feature", "properties": { "sid": "1999291N10309", "name": "Jose", "season": 1999, "cat": 0, "wind": 60 }, "geometry": { "type": "LineString", "coordinates": [ [ -64.6, 18.4 ], [ -64.8, 18.5 ] ] } },
{ "type": "Feature", "properties": { "sid": "1999291N10309", "name": "Jose", "season": 1999, "cat": 0, "wind": 60 }, "geometry": { "type": "LineString", "coordinates": [ [ -64.8, 18.5 ], [ -65.2, 18.8 ] ] } },
{ "type": "Feature", "properties": { "sid": "1999291N10309", "name": "Jose", "season": 1999, "cat": 0, "wind": 58 }, "geometry": { "type": "LineString", "coordinates": [ [ -65.2, 18.8 ], [ -65.3, 19.0 ] ] } },
{ "type": "Feature", "properties": { "sid": "1999291N10309", "name": "Jose", "season": 1999, "cat": 0, "wind": 55 }, "geometry": { "type": "LineString", "coordinates": [ [ -65.3, 19.0 ], [ -65.6, 19.2 ] ] } },
{ "type": "Feature", "properties": { "sid": "1999291N10309", "name": "Jose", "season": 1999, "cat": 0, "wind": 53 }, "geometry": { "type": "LineString", "coordinates": [ [ -65.6, 19.2 ], [ -65.8, 19.4 ] ] } },
{ "type": "Feature", "properties": { "sid": "1999291N10309", "name": "Jose", "season": 1999, "cat": 0, "wind": 50 }, "geometry": { "type": "LineString", "coordinates": [ [ -65.8, 19.4 ], [ -66.0, 19.6 ] ] } },
{ "type": "Feature", "properties": { "sid": "1999291N10309", "name": "Jose", "season": 1999, "cat": 0, "wind": 50 }, "geometry": { "type": "LineString", "coordinates": [ [ -66.0, 19.6 ], [ -66.1, 19.9 ] ] } },
{ "type": "Feature", "properties": { "sid": "1999291N10309", "name": "Jose", "season": 1999, "cat": 0, "wind": 50 }, "geometry": { "type": "LineString", "coordinates": [ [ -66.1, 19.9 ], [ -66.0, 20.2 ] ] } },
{ "type": "Feature", "properties": { "sid": "1999291N10309", "name": "Jose", "season": 1999, "cat": 0, "wind": 50 }, "geometry": { "type": "LineString", "coordinates": [ [ -66.0, 20.2 ], [ -65.9, 20.5 ] ] } },
{ "type": "Feature", "properties": { "sid": "1999291N10309", "name": "Jose", "season": 1999, "cat": 0, "wind": 50 }, "geometry": { "type": "LineString", "coordinates": [ [ -65.9, 20.5 ], [ -65.8, 20.8 ] ] } },
{ "type": "Feature", "properties": { "sid": "1999291N10309", "name": "Jose", "season": 1999, "cat": 0, "wind": 50 }, "geometry": { "type": "LineString", "coordinates": [ [ -65.8, 20.8 ], [ -65.6, 21.1 ] ] } },
{ "type": "Feature", "properties": { "sid": "1999291N10309", "name": "Jose", "season": 1999, "cat": 0, "wind": 50 }, "geometry": { "type": "LineString", "coordinates": [ [ -65.6, 21.1 ], [ -65.4, 21.5 ] ] } },
{ "type": "Feature", "properties": { "sid": "1999291N10309", "name": "Jose", "season": 1999, "cat": 0, "wind": 50 }, "geometry": { "type": "LineString", "coordinates": [ [ -65.4, 21.5 ], [ -65.2, 22.0 ] ] } },
{ "type": "Feature", "properties": { "sid": "1999291N10309", "name": "Jose", "season": 1999, "cat": 0, "wind": 50 }, "geometry": { "type": "LineString", "coordinates": [ [ -65.2, 22.0 ], [ -65.0, 22.5 ] ] } },
{ "type": "Feature", "properties": { "sid": "1999291N10309", "name": "Jose", "season": 1999, "cat": 0, "wind": 50 }, "geometry": { "type": "LineString", "coordinates": [ [ -65.0, 22.5 ], [ -64.8, 23.0 ] ] } },
{ "type": "Feature", "properties": { "sid": "1999291N10309", "name": "Jose", "season": 1999, "cat": 0, "wind": 50 }, "geometry": { "type": "LineString", "coordinates": [ [ -64.8, 23.0 ], [ -64.6, 23.5 ] ] } },
{ "type": "Feature", "properties": { "sid": "1999291N10309", "name": "Jose", "season": 1999, "cat": 0, "wind": 53 }, "geometry": { "type": "LineString", "coordinates": [ [ -64.6, 23.5 ], [ -64.3, 24.0 ] ] } },
{ "type": "Feature", "properties": { "sid": "1999291N10309", "name": "Jose", "season": 1999, "cat": 0, "wind": 55 }, "geometry": { "type": "LineString", "coordinates": [ [ -64.3, 24.0 ], [ -64.1, 24.6 ] ] } },
{ "type": "Feature", "properties": { "sid": "1999291N10309", "name": "Jose", "season": 1999, "cat": 0, "wind": 55 }, "geometry": { "type": "LineString", "coordinates": [ [ -64.1, 24.6 ], [ -63.8, 25.2 ] ] } },
{ "type": "Feature", "properties": { "sid": "1999291N10309", "name": "Jose", "season": 1999, "cat": 0, "wind": 55 }, "geometry": { "type": "LineString", "coordinates": [ [ -63.8, 25.2 ], [ -63.5, 25.9 ] ] } },
{ "type": "Feature", "properties": { "sid": "1999318N17278", "name": "Lenny", "season": 1999, "cat": 1, "wind": 75 }, "geometry": { "type": "LineString", "coordinates": [ [ -74.1, 14.9 ], [ -73.4, 15.1 ] ] } },
{ "type": "Feature", "properties": { "sid": "1999318N17278", "name": "Lenny", "season": 1999, "cat": 1, "wind": 75 }, "geometry": { "type": "LineString", "coordinates": [ [ -73.4, 15.1 ], [ -72.7, 15.1 ] ] } },
{ "type": "Feature", "properties": { "sid": "1999318N17278", "name": "Lenny", "season": 1999, "cat": 1, "wind": 75 }, "geometry": { "type": "LineString", "coordinates": [ [ -72.7, 15.1 ], [ -72.0, 15.1 ] ] } },
{ "type": "Feature", "properties": { "sid": "1999318N17278", "name": "Lenny", "season": 1999, "cat": 1, "wind": 75 }, "geometry": { "type": "LineString", "coordinates": [ [ -72.0, 15.1 ], [ -71.3, 15.1 ] ] } },
{ "type": "Feature", "properties": { "sid": "1999318N17278", "name": "Lenny", "season": 1999, "cat": 1, "wind": 80 }, "geometry": { "type": "LineString", "coordinates": [ [ -71.3, 15.1 ], [ -70.5, 15.1 ] ] } },
{ "type": "Feature", "properties": { "sid": "1999318N17278", "name": "Lenny", "season": 1999, "cat": 2, "wind": 85 }, "geometry": { "type": "LineString", "coordinates": [ [ -70.5, 15.1 ], [ -69.7, 15.3 ] ] } },
{ "type": "Feature", "properties": { "sid": "1999318N17278", "name": "Lenny", "season": 1999, "cat": 2, "wind": 85 }, "geometry": { "type": "LineString", "coordinates": [ [ -69.7, 15.3 ], [ -69.0, 15.5 ] ] } },
{ "type": "Feature", "properties": { "sid": "1999318N17278", "name": "Lenny", "season": 1999, "cat": 2, "wind": 85 }, "geometry": { "type": "LineString", "coordinates": [ [ -69.0, 15.5 ], [ -68.3, 15.7 ] ] } },
{ "type": "Feature", "properties": { "sid": "1999318N17278", "name": "Lenny", "season": 1999, "cat": 2, "wind": 93 }, "geometry": { "type": "LineString", "coordinates": [ [ -68.3, 15.7 ], [ -67.6, 15.9 ] ] } },
{ "type": "Feature", "properties": { "sid": "1999318N17278", "name": "Lenny", "season": 1999, "cat": 3, "wind": 100 }, "geometry": { "type": "LineString", "coordinates": [ [ -67.6, 15.9 ], [ -67.0, 16.1 ] ] } },
{ "type": "Feature", "properties": { "sid": "1999318N17278", "name": "Lenny", "season": 1999, "cat": 3, "wind": 103 }, "geometry": { "type": "LineString", "coordinates": [ [ -67.0, 16.1 ], [ -66.5, 16.4 ] ] } },
{ "type": "Feature", "properties": { "sid": "1999318N17278", "name": "Lenny", "season": 1999, "cat": 3, "wind": 105 }, "geometry": { "type": "LineString", "coordinates": [ [ -66.5, 16.4 ], [ -66.0, 16.6 ] ] } },
{ "type": "Feature", "properties": { "sid": "1999318N17278", "name": "Lenny", "season": 1999, "cat": 3, "wind": 110 }, "geometry": { "type": "LineString", "coordinates": [ [ -66.0, 16.6 ], [ -65.5, 16.8 ] ] } },
{ "type": "Feature", "properties": { "sid": "1999318N17278", "name": "Lenny", "season": 1999, "cat": 4, "wind": 115 }, "geometry": { "type": "LineString", "coordinates": [ [ -65.5, 16.8 ], [ -65.1, 17.1 ] ] } },
{ "type": "Feature", "properties": { "sid": "1999318N17278", "name": "Lenny", "season": 1999, "cat": 4, "wind": 125 }, "geometry": { "type": "LineString", "coordinates": [ [ -65.1, 17.1 ], [ -64.8, 17.4 ] ] } },
{ "type": "Feature", "properties": { "sid": "1999318N17278", "name": "Lenny", "season": 1999, "cat": 4, "wind": 135 }, "geometry": { "type": "LineString", "coordinates": [ [ -64.8, 17.4 ], [ -64.5, 17.5 ] ] } },
{ "type": "Feature", "properties": { "sid": "1999318N17278", "name": "Lenny", "season": 1999, "cat": 4, "wind": 133 }, "geometry": { "type": "LineString", "coordinates": [ [ -64.5, 17.5 ], [ -64.2, 17.6 ] ] } },
{ "type": "Feature", "properties": { "sid": "1999318N17278", "name": "Lenny", "season": 1999, "cat": 4, "wind": 130 }, "geometry": { "type": "LineString", "coordinates": [ [ -64.2, 17.6 ], [ -64.0, 17.7 ] ] } },
{ "type": "Feature", "properties": { "sid": "1999318N17278", "name": "Lenny", "season": 1999, "cat": 4, "wind": 128 }, "geometry": { "type": "LineString", "coordinates": [ [ -64.0, 17.7 ], [ -63.9, 17.8 ] ] } },
{ "type": "Feature", "properties": { "sid": "1999318N17278", "name": "Lenny", "season": 1999, "cat": 4, "wind": 125 }, "geometry": { "type": "LineString", "coordinates": [ [ -63.9, 17.8 ], [ -63.7, 17.9 ] ] } },
{ "type": "Feature", "properties": { "sid": "1999318N17278", "name": "Lenny", "season": 1999, "cat": 4, "wind": 123 }, "geometry": { "type": "LineString", "coordinates": [ [ -63.7, 17.9 ], [ -63.6, 17.9 ] ] } },
{ "type": "Feature", "properties": { "sid": "1999318N17278", "name": "Lenny", "season": 1999, "cat": 4, "wind": 120 }, "geometry": { "type": "LineString", "coordinates": [ [ -63.6, 17.9 ], [ -63.4, 18.0 ] ] } },
{ "type": "Feature", "properties": { "sid": "1999318N17278", "name": "Lenny", "season": 1999, "cat": 4, "wind": 115 }, "geometry": { "type": "LineString", "coordinates": [ [ -63.4, 18.0 ], [ -63.3, 18.0 ] ] } },
{ "type": "Feature", "properties": { "sid": "1999318N17278", "name": "Lenny", "season": 1999, "cat": 3, "wind": 110 }, "geometry": { "type": "LineString", "coordinates": [ [ -63.3, 18.0 ], [ -63.2, 18.1 ] ] } },
{ "type": "Feature", "properties": { "sid": "1999318N17278", "name": "Lenny", "season": 1999, "cat": 3, "wind": 98 }, "geometry": { "type": "LineString", "coordinates": [ [ -63.2, 18.1 ], [ -63.1, 18.1 ] ] } },
{ "type": "Feature", "properties": { "sid": "1999318N17278", "name": "Lenny", "season": 1999, "cat": 2, "wind": 85 }, "geometry": { "type": "LineString", "coordinates": [ [ -63.1, 18.1 ], [ -63.0, 18.1 ] ] } },
{ "type": "Feature", "properties": { "sid": "1999318N17278", "name": "Lenny", "season": 1999, "cat": 1, "wind": 80 }, "geometry": { "type": "LineString", "coordinates": [ [ -63.0, 18.1 ], [ -62.9, 18.0 ] ] } },
{ "type": "Feature", "properties": { "sid": "1999318N17278", "name": "Lenny", "season": 1999, "cat": 1, "wind": 75 }, "geometry": { "type": "LineString", "coordinates": [ [ -62.9, 18.0 ], [ -62.9, 18.0 ] ] } },
{ "type": "Feature", "properties": { "sid": "1999318N17278", "name": "Lenny", "season": 1999, "cat": 1, "wind": 73 }, "geometry": { "type": "LineString", "coordinates": [ [ -62.9, 18.0 ], [ -62.8, 17.9 ] ] } },
{ "type": "Feature", "properties": { "sid": "1999318N17278", "name": "Lenny", "season": 1999, "cat": 1, "wind": 70 }, "geometry": { "type": "LineString", "coordinates": [ [ -62.8, 17.9 ], [ -62.7, 17.8 ] ] } },
{ "type": "Feature", "properties": { "sid": "1999318N17278", "name": "Lenny", "season": 1999, "cat": 1, "wind": 65 }, "geometry": { "type": "LineString", "coordinates": [ [ -62.7, 17.8 ], [ -62.5, 17.6 ] ] } },
{ "type": "Feature", "properties": { "sid": "1999318N17278", "name": "Lenny", "season": 1999, "cat": 0, "wind": 60 }, "geometry": { "type": "LineString", "coordinates": [ [ -62.5, 17.6 ], [ -62.2, 17.5 ] ] } },
{ "type": "Feature", "properties": { "sid": "1999318N17278", "name": "Lenny", "season": 1999, "cat": 0, "wind": 58 }, "geometry": { "type": "LineString", "coordinates": [ [ -62.2, 17.5 ], [ -61.8, 17.3 ] ] } },
{ "type": "Feature", "properties": { "sid": "1999318N17278", "name": "Lenny", "season": 1999, "cat": 0, "wind": 55 }, "geometry": { "type": "LineString", "coordinates": [ [ -61.8, 17.3 ], [ -61.5, 17.2 ] ] } },
{ "type": "Feature", "properties": { "sid": "1999318N17278", "name": "Lenny", "season": 1999, "cat": 0, "wind": 55 }, "geometry": { "type": "LineString", "coordinates": [ [ -61.5, 17.2 ], [ -61.1, 17.0 ] ] } },
{ "type": "Feature", "properties": { "sid": "1999318N17278", "name": "Lenny", "season": 1999, "cat": 0, "wind": 55 }, "geometry": { "type": "LineString", "coordinates": [ [ -61.1, 17.0 ], [ -60.7, 16.8 ] ] } },
{ "type": "Feature", "properties": { "sid": "1999318N17278", "name": "Lenny", "season": 1999, "cat": 0, "wind": 53 }, "geometry": { "type": "LineString", "coordinates": [ [ -60.7, 16.8 ], [ -60.4, 16.5 ] ] } },
{ "type": "Feature", "properties": { "sid": "1999318N17278", "name": "Lenny", "season": 1999, "cat": 0, "wind": 50 }, "geometry": { "type": "LineString", "coordinates": [ [ -60.4, 16.5 ], [ -60.1, 16.2 ] ] } },
{ "type": "Feature", "properties": { "sid": "1999318N17278", "name": "Lenny", "season": 1999, "cat": 0, "wind": 48 }, "geometry": { "type": "LineString", "coordinates": [ [ -60.1, 16.2 ], [ -59.8, 15.9 ] ] } },
{ "type": "Feature", "properties": { "sid": "1999318N17278", "name": "Lenny", "season": 1999, "cat": 0, "wind": 45 }, "geometry": { "type": "LineString", "coordinates": [ [ -59.8, 15.9 ], [ -59.4, 15.9 ] ] } },
{ "type": "Feature", "properties": { "sid": "1999318N17278", "name": "Lenny", "season": 1999, "cat": 0, "wind": 43 }, "geometry": { "type": "LineString", "coordinates": [ [ -59.4, 15.9 ], [ -59.0, 16.0 ] ] } },
{ "type": "Feature", "properties": { "sid": "1999318N17278", "name": "Lenny", "season": 1999, "cat": 0, "wind": 40 }, "geometry": { "type": "LineString", "coordinates": [ [ -59.0, 16.0 ], [ -58.6, 16.2 ] ] } },
{ "type": "Feature", "properties": { "sid": "1999318N17278", "name": "Lenny", "season": 1999, "cat": 0, "wind": 35 }, "geometry": { "type": "LineString", "coordinates": [ [ -58.6, 16.2 ], [ -58.1, 16.5 ] ] } },
{ "type": "Feature", "properties": { "sid": "1999318N17278", "name": "Lenny", "season": 1999, "cat": -1, "wind": 30 }, "geometry": { "type": "LineString", "coordinates": [ [ -58.1, 16.5 ], [ -57.6, 16.8 ] ] } },
{ "type": "Feature", "properties": { "sid": "2000233N12316", "name": "Debby", "season": 2000, "cat": 1, "wind": 75 }, "geometry": { "type": "LineString", "coordinates": [ [ -57.5, 15.9 ], [ -58.5, 16.1 ] ] } },
{ "type": "Feature", "properties": { "sid": "2000233N12316", "name": "Debby", "season": 2000, "cat": 1, "wind": 75 }, "geometry": { "type": "LineString", "coordinates": [ [ -58.5, 16.1 ], [ -59.3, 16.4 ] ] } },
{ "type": "Feature", "properties": { "sid": "2000233N12316", "name": "Debby", "season": 2000, "cat": 1, "wind": 73 }, "geometry": { "type": "LineString", "coordinates": [ [ -59.3, 16.4 ], [ -60.1, 16.8 ] ] } },
{ "type": "Feature", "properties": { "sid": "2000233N12316", "name": "Debby", "season": 2000, "cat": 1, "wind": 70 }, "geometry": { "type": "LineString", "coordinates": [ [ -60.1, 16.8 ], [ -60.9, 17.1 ] ] } },
{ "type": "Feature", "properties": { "sid": "2000233N12316", "name": "Debby", "season": 2000, "cat": 1, "wind": 70 }, "geometry": { "type": "LineString", "coordinates": [ [ -60.9, 17.1 ], [ -61.7, 17.5 ] ] } },
{ "type": "Feature", "properties": { "sid": "2000233N12316", "name": "Debby", "season": 2000, "cat": 1, "wind": 65 }, "geometry": { "type": "LineString", "coordinates": [ [ -61.7, 17.5 ], [ -62.7, 17.9 ] ] } },
{ "type": "Feature", "properties": { "sid": "2000233N12316", "name": "Debby", "season": 2000, "cat": 1, "wind": 65 }, "geometry": { "type": "LineString", "coordinates": [ [ -62.7, 17.9 ], [ -62.8, 17.9 ] ] } },
{ "type": "Feature", "properties": { "sid": "2000233N12316", "name": "Debby", "season": 2000, "cat": 1, "wind": 65 }, "geometry": { "type": "LineString", "coordinates": [ [ -62.8, 17.9 ], [ -63.5, 18.1 ] ] } },
{ "type": "Feature", "properties": { "sid": "2000233N12316", "name": "Debby", "season": 2000, "cat": 1, "wind": 65 }, "geometry": { "type": "LineString", "coordinates": [ [ -63.5, 18.1 ], [ -64.4, 18.5 ] ] } },
{ "type": "Feature", "properties": { "sid": "2000233N12316", "name": "Debby", "season": 2000, "cat": 1, "wind": 65 }, "geometry": { "type": "LineString", "coordinates": [ [ -64.4, 18.5 ], [ -65.4, 18.8 ] ] } },
{ "type": "Feature", "properties": { "sid": "2000233N12316", "name": "Debby", "season": 2000, "cat": 1, "wind": 65 }, "geometry": { "type": "LineString", "coordinates": [ [ -65.4, 18.8 ], [ -66.1, 19.0 ] ] } },
{ "type": "Feature", "properties": { "sid": "2000233N12316", "name": "Debby", "season": 2000, "cat": 1, "wind": 65 }, "geometry": { "type": "LineString", "coordinates": [ [ -66.1, 19.0 ], [ -66.7, 19.2 ] ] } },
{ "type": "Feature", "properties": { "sid": "2000233N12316", "name": "Debby", "season": 2000, "cat": 1, "wind": 65 }, "geometry": { "type": "LineString", "coordinates": [ [ -66.7, 19.2 ], [ -67.4, 19.4 ] ] } },
{ "type": "Feature", "properties": { "sid": "2000233N12316", "name": "Debby", "season": 2000, "cat": 1, "wind": 65 }, "geometry": { "type": "LineString", "coordinates": [ [ -67.4, 19.4 ], [ -68.1, 19.5 ] ] } },
{ "type": "Feature", "properties": { "sid": "2000233N12316", "name": "Debby", "season": 2000, "cat": 1, "wind": 65 }, "geometry": { "type": "LineString", "coordinates": [ [ -68.1, 19.5 ], [ -68.9, 19.7 ] ] } },
{ "type": "Feature", "properties": { "sid": "2000233N12316", "name": "Debby", "season": 2000, "cat": 0, "wind": 63 }, "geometry": { "type": "LineString", "coordinates": [ [ -68.9, 19.7 ], [ -69.7, 19.8 ] ] } },
{ "type": "Feature", "properties": { "sid": "2000233N12316", "name": "Debby", "season": 2000, "cat": 0, "wind": 60 }, "geometry": { "type": "LineString", "coordinates": [ [ -69.7, 19.8 ], [ -70.6, 19.9 ] ] } },
{ "type": "Feature", "properties": { "sid": "2000233N12316", "name": "Debby", "season": 2000, "cat": 0, "wind": 55 }, "geometry": { "type": "LineString", "coordinates": [ [ -70.6, 19.9 ], [ -71.5, 20.0 ] ] } },
{ "type": "Feature", "properties": { "sid": "2000233N12316", "name": "Debby", "season": 2000, "cat": 0, "wind": 50 }, "geometry": { "type": "LineString", "coordinates": [ [ -71.5, 20.0 ], [ -72.4, 20.0 ] ] } },
{ "type": "Feature", "properties": { "sid": "2000233N12316", "name": "Debby", "season": 2000, "cat": 0, "wind": 45 }, "geometry": { "type": "LineString", "coordinates": [ [ -72.4, 20.0 ], [ -73.3, 19.9 ] ] } },
{ "type": "Feature", "properties": { "sid": "2000233N12316", "name": "Debby", "season": 2000, "cat": 0, "wind": 40 }, "geometry": { "type": "LineString", "coordinates": [ [ -73.3, 19.9 ], [ -74.2, 19.7 ] ] } },
{ "type": "Feature", "properties": { "sid": "2000233N12316", "name": "Debby", "season": 2000, "cat": 0, "wind": 38 }, "geometry": { "type": "LineString", "coordinates": [ [ -74.2, 19.7 ], [ -75.1, 19.6 ] ] } },
{ "type": "Feature", "properties": { "sid": "2000260N15308", "name": "Helene", "season": 2000, "cat": -1, "wind": 30 }, "geometry": { "type": "LineString", "coordinates": [ [ -56.9, 16.3 ], [ -58.0, 16.4 ] ] } },
{ "type": "Feature", "properties": { "sid": "2000260N15308", "name": "Helene", "season": 2000, "cat": -3, "wind": 30 }, "geometry": { "type": "LineString", "coordinates": [ [ -58.0, 16.4 ], [ -59.0, 16.5 ] ] } },
{ "type": "Feature", "properties": { "sid": "2000260N15308", "name": "Helene", "season": 2000, "cat": -3, "wind": 30 }, "geometry": { "type": "LineString", "coordinates": [ [ -59.0, 16.5 ], [ -59.9, 16.6 ] ] } },
{ "type": "Feature", "properties": { "sid": "2000260N15308", "name": "Helene", "season": 2000, "cat": -3, "wind": 30 }, "geometry": { "type": "LineString", "coordinates": [ [ -59.9, 16.6 ], [ -60.8, 16.6 ] ] } },
{ "type": "Feature", "properties": { "sid": "2000260N15308", "name": "Helene", "season": 2000, "cat": -3, "wind": 30 }, "geometry": { "type": "LineString", "coordinates": [ [ -60.8, 16.6 ], [ -61.7, 16.6 ] ] } },
{ "type": "Feature", "properties": { "sid": "2000260N15308", "name": "Helene", "season": 2000, "cat": -3, "wind": 30 }, "geometry": { "type": "LineString", "coordinates": [ [ -61.7, 16.6 ], [ -62.6, 16.5 ] ] } },
{ "type": "Feature", "properties": { "sid": "2000260N15308", "name": "Helene", "season": 2000, "cat": -3, "wind": 30 }, "geometry": { "type": "LineString", "coordinates": [ [ -62.6, 16.5 ], [ -63.6, 16.4 ] ] } },
{ "type": "Feature", "properties": { "sid": "2000260N15308", "name": "Helene", "season": 2000, "cat": -3, "wind": 30 }, "geometry": { "type": "LineString", "coordinates": [ [ -63.6, 16.4 ], [ -64.6, 16.5 ] ] } },
{ "type": "Feature", "properties": { "sid": "2000260N15308", "name": "Helene", "season": 2000, "cat": -3, "wind": 30 }, "geometry": { "type": "LineString", "coordinates": [ [ -64.6, 16.5 ], [ -65.6, 16.7 ] ] } },
{ "type": "Feature", "properties": { "sid": "2000260N15308", "name": "Helene", "season": 2000, "cat": -3, "wind": 30 }, "geometry": { "type": "LineString", "coordinates": [ [ -65.6, 16.7 ], [ -66.4, 16.9 ] ] } },
{ "type": "Feature", "properties": { "sid": "2000260N15308", "name": "Helene", "season": 2000, "cat": -3, "wind": 30 }, "geometry": { "type": "LineString", "coordinates": [ [ -66.4, 16.9 ], [ -67.1, 17.0 ] ] } },
{ "type": "Feature", "properties": { "sid": "2000260N15308", "name": "Helene", "season": 2000, "cat": -3, "wind": 30 }, "geometry": { "type": "LineString", "coordinates": [ [ -67.1, 17.0 ], [ -67.9, 17.1 ] ] } },
{ "type": "Feature", "properties": { "sid": "2000260N15308", "name": "Helene", "season": 2000, "cat": -3, "wind": 30 }, "geometry": { "type": "LineString", "coordinates": [ [ -67.9, 17.1 ], [ -68.7, 17.1 ] ] } },
{ "type": "Feature", "properties": { "sid": "2000260N15308", "name": "Helene", "season": 2000, "cat": -3, "wind": 30 }, "geometry": { "type": "LineString", "coordinates": [ [ -68.7, 17.1 ], [ -69.6, 17.1 ] ] } },
{ "type": "Feature", "properties": { "sid": "2000260N15308", "name": "Helene", "season": 2000, "cat": -3, "wind": 30 }, "geometry": { "type": "LineString", "coordinates": [ [ -69.6, 17.1 ], [ -70.6, 17.2 ] ] } },
{ "type": "Feature", "properties": { "sid": "2000260N15308", "name": "Helene", "season": 2000, "cat": -3, "wind": 30 }, "geometry": { "type": "LineString", "coordinates": [ [ -70.6, 17.2 ], [ -71.5, 17.3 ] ] } },
{ "type": "Feature", "properties": { "sid": "2000260N15308", "name": "Helene", "season": 2000, "cat": -3, "wind": 30 }, "geometry": { "type": "LineString", "coordinates": [ [ -71.5, 17.3 ], [ -72.5, 17.4 ] ] } },
{ "type": "Feature", "properties": { "sid": "2000260N15308", "name": "Helene", "season": 2000, "cat": -3, "wind": 30 }, "geometry": { "type": "LineString", "coordinates": [ [ -72.5, 17.4 ], [ -73.5, 17.5 ] ] } },
{ "type": "Feature", "properties": { "sid": "2000260N15308", "name": "Helene", "season": 2000, "cat": -3, "wind": 30 }, "geometry": { "type": "LineString", "coordinates": [ [ -73.5, 17.5 ], [ -74.4, 17.6 ] ] } },
{ "type": "Feature", "properties": { "sid": "2000260N15308", "name": "Helene", "season": 2000, "cat": -3, "wind": 30 }, "geometry": { "type": "LineString", "coordinates": [ [ -74.4, 17.6 ], [ -75.3, 17.9 ] ] } },
{ "type": "Feature", "properties": { "sid": "2000299N22291", "name": "Unnamed", "season": 2000, "cat": -4, "wind": 30 }, "geometry": { "type": "LineString", "coordinates": [ [ -69.5, 21.5 ], [ -69.7, 22.0 ] ] } },
{ "type": "Feature", "properties": { "sid": "2000299N22291", "name": "Unnamed", "season": 2000, "cat": -4, "wind": 33 }, "geometry": { "type": "LineString", "coordinates": [ [ -69.7, 22.0 ], [ -70.0, 22.5 ] ] } },
{ "type": "Feature", "properties": { "sid": "2000299N22291", "name": "Unnamed", "season": 2000, "cat": -4, "wind": 35 }, "geometry": { "type": "LineString", "coordinates": [ [ -70.0, 22.5 ], [ -70.4, 23.0 ] ] } },
{ "type": "Feature", "properties": { "sid": "2000299N22291", "name": "Unnamed", "season": 2000, "cat": -4, "wind": 35 }, "geometry": { "type": "LineString", "coordinates": [ [ -70.4, 23.0 ], [ -70.9, 23.5 ] ] } },
{ "type": "Feature", "properties": { "sid": "2000299N22291", "name": "Unnamed", "season": 2000, "cat": -4, "wind": 35 }, "geometry": { "type": "LineString", "coordinates": [ [ -70.9, 23.5 ], [ -71.4, 24.0 ] ] } },
{ "type": "Feature", "properties": { "sid": "2000299N22291", "name": "Unnamed", "season": 2000, "cat": -4, "wind": 35 }, "geometry": { "type": "LineString", "coordinates": [ [ -71.4, 24.0 ], [ -71.7, 24.5 ] ] } },
{ "type": "Feature", "properties": { "sid": "2001227N13323", "name": "Chantal", "season": 2001, "cat": -3, "wind": 33 }, "geometry": { "type": "LineString", "coordinates": [ [ -59.0, 12.9 ], [ -60.6, 13.1 ] ] } },
{ "type": "Feature", "properties": { "sid": "2001227N13323", "name": "Chantal", "season": 2001, "cat": -3, "wind": 35 }, "geometry": { "type": "LineString", "coordinates": [ [ -60.6, 13.1 ], [ -61.8, 13.2 ] ] } },
{ "type": "Feature", "properties": { "sid": "2001227N13323", "name": "Chantal", "season": 2001, "cat": -3, "wind": 35 }, "geometry": { "type": "LineString", "coordinates": [ [ -61.8, 13.2 ], [ -62.8, 13.3 ] ] } },
{ "type": "Feature", "properties": { "sid": "2001227N13323", "name": "Chantal", "season": 2001, "cat": -3, "wind": 35 }, "geometry": { "type": "LineString", "coordinates": [ [ -62.8, 13.3 ], [ -63.7, 13.5 ] ] } },
{ "type": "Feature", "properties": { "sid": "2001227N13323", "name": "Chantal", "season": 2001, "cat": -3, "wind": 35 }, "geometry": { "type": "LineString", "coordinates": [ [ -63.7, 13.5 ], [ -64.6, 13.7 ] ] } },
{ "type": "Feature", "properties": { "sid": "2001227N13323", "name": "Chantal", "season": 2001, "cat": 0, "wind": 35 }, "geometry": { "type": "LineString", "coordinates": [ [ -64.6, 13.7 ], [ -65.5, 14.0 ] ] } },
{ "type": "Feature", "properties": { "sid": "2001227N13323", "name": "Chantal", "season": 2001, "cat": 0, "wind": 35 }, "geometry": { "type": "LineString", "coordinates": [ [ -65.5, 14.0 ], [ -66.4, 14.2 ] ] } },
{ "type": "Feature", "properties": { "sid": "2001227N13323", "name": "Chantal", "season": 2001, "cat": 0, "wind": 35 }, "geometry": { "type": "LineString", "coordinates": [ [ -66.4, 14.2 ], [ -67.3, 14.3 ] ] } },
{ "type": "Feature", "properties": { "sid": "2001227N13323", "name": "Chantal", "season": 2001, "cat": 0, "wind": 40 }, "geometry": { "type": "LineString", "coordinates": [ [ -67.3, 14.3 ], [ -68.2, 14.4 ] ] } },
{ "type": "Feature", "properties": { "sid": "2001227N13323", "name": "Chantal", "season": 2001, "cat": 0, "wind": 45 }, "geometry": { "type": "LineString", "coordinates": [ [ -68.2, 14.4 ], [ -69.2, 14.5 ] ] } },
{ "type": "Feature", "properties": { "sid": "2001227N13323", "name": "Chantal", "season": 2001, "cat": 0, "wind": 50 }, "geometry": { "type": "LineString", "coordinates": [ [ -69.2, 14.5 ], [ -70.4, 14.6 ] ] } },
{ "type": "Feature", "properties": { "sid": "2001227N13323", "name": "Chantal", "season": 2001, "cat": 0, "wind": 55 }, "geometry": { "type": "LineString", "coordinates": [ [ -70.4, 14.6 ], [ -71.6, 14.7 ] ] } },
{ "type": "Feature", "properties": { "sid": "2001227N13323", "name": "Chantal", "season": 2001, "cat": 0, "wind": 53 }, "geometry": { "type": "LineString", "coordinates": [ [ -71.6, 14.7 ], [ -72.9, 14.8 ] ] } },
{ "type": "Feature", "properties": { "sid": "2001227N13323", "name": "Chantal", "season": 2001, "cat": 0, "wind": 50 }, "geometry": { "type": "LineString", "coordinates": [ [ -72.9, 14.8 ], [ -74.1, 15.1 ] ] } },
{ "type": "Feature", "properties": { "sid": "2001227N13323", "name": "Chantal", "season": 2001, "cat": 0, "wind": 50 }, "geometry": { "type": "LineString", "coordinates": [ [ -74.1, 15.1 ], [ -75.2, 15.3 ] ] } },
{ "type": "Feature", "properties": { "sid": "2001235N18296", "name": "Dean", "season": 2001, "cat": 0, "wind": 45 }, "geometry": { "type": "LineString", "coordinates": [ [ -64.3, 17.9 ], [ -65.1, 18.6 ] ] } },
{ "type": "Feature", "properties": { "sid": "2001235N18296", "name": "Dean", "season": 2001, "cat": 0, "wind": 48 }, "geometry": { "type": "LineString", "coordinates": [ [ -65.1, 18.6 ], [ -65.9, 19.1 ] ] } },
{ "type": "Feature", "properties": { "sid": "2001235N18296", "name": "Dean", "season": 2001, "cat": 0, "wind": 50 }, "geometry": { "type": "LineString", "coordinates": [ [ -65.9, 19.1 ], [ -66.7, 19.5 ] ] } },
{ "type": "Feature", "properties": { "sid": "2001235N18296", "name": "Dean", "season": 2001, "cat": 0, "wind": 50 }, "geometry": { "type": "LineString", "coordinates": [ [ -66.7, 19.5 ], [ -67.4, 19.8 ] ] } },
{ "type": "Feature", "properties": { "sid": "2001235N18296", "name": "Dean", "season": 2001, "cat": 0, "wind": 50 }, "geometry": { "type": "LineString", "coordinates": [ [ -67.4, 19.8 ], [ -68.2, 20.2 ] ] } },
{ "type": "Feature", "properties": { "sid": "2001235N18296", "name": "Dean", "season": 2001, "cat": 0, "wind": 50 }, "geometry": { "type": "LineString", "coordinates": [ [ -68.2, 20.2 ], [ -68.9, 20.7 ] ] } },
{ "type": "Feature", "properties": { "sid": "2001235N18296", "name": "Dean", "season": 2001, "cat": 0, "wind": 50 }, "geometry": { "type": "LineString", "coordinates": [ [ -68.9, 20.7 ], [ -69.4, 21.1 ] ] } },
{ "type": "Feature", "properties": { "sid": "2001235N18296", "name": "Dean", "season": 2001, "cat": 0, "wind": 40 }, "geometry": { "type": "LineString", "coordinates": [ [ -69.4, 21.1 ], [ -69.8, 21.6 ] ] } },
{ "type": "Feature", "properties": { "sid": "2001235N18296", "name": "Dean", "season": 2001, "cat": -1, "wind": 30 }, "geometry": { "type": "LineString", "coordinates": [ [ -69.8, 21.6 ], [ -70.0, 22.2 ] ] } },
{ "type": "Feature", "properties": { "sid": "2001235N18296", "name": "Dean", "season": 2001, "cat": -1, "wind": 28 }, "geometry": { "type": "LineString", "coordinates": [ [ -70.0, 22.2 ], [ -70.2, 23.0 ] ] } },
{ "type": "Feature", "properties": { "sid": "2001235N18296", "name": "Dean", "season": 2001, "cat": -3, "wind": 25 }, "geometry": { "type": "LineString", "coordinates": [ [ -70.2, 23.0 ], [ -70.5, 23.8 ] ] } },
{ "type": "Feature", "properties": { "sid": "2001235N18296", "name": "Dean", "season": 2001, "cat": -3, "wind": 25 }, "geometry": { "type": "LineString", "coordinates": [ [ -70.5, 23.8 ], [ -70.8, 24.6 ] ] } },
{ "type": "Feature", "properties": { "sid": "2001235N18296", "name": "Dean", "season": 2001, "cat": -3, "wind": 25 }, "geometry": { "type": "LineString", "coordinates": [ [ -70.8, 24.6 ], [ -70.8, 25.6 ] ] } },
{ "type": "Feature", "properties": { "sid": "2001278N12302", "name": "Iris", "season": 2001, "cat": -1, "wind": 30 }, "geometry": { "type": "LineString", "coordinates": [ [ -59.9, 12.8 ], [ -60.7, 13.1 ] ] } },
{ "type": "Feature", "properties": { "sid": "2001278N12302", "name": "Iris", "season": 2001, "cat": -1, "wind": 30 }, "geometry": { "type": "LineString", "coordinates": [ [ -60.7, 13.1 ], [ -61.4, 13.4 ] ] } },
{ "type": "Feature", "properties": { "sid": "2001278N12302", "name": "Iris", "season": 2001, "cat": -1, "wind": 30 }, "geometry": { "type": "LineString", "coordinates": [ [ -61.4, 13.4 ], [ -62.2, 13.7 ] ] } },
{ "type": "Feature", "properties": { "sid": "2001278N12302", "name": "Iris", "season": 2001, "cat": -1, "wind": 30 }, "geometry": { "type": "LineString", "coordinates": [ [ -62.2, 13.7 ], [ -63.0, 14.0 ] ] } },
{ "type": "Feature", "properties": { "sid": "2001278N12302", "name": "Iris", "season": 2001, "cat": -1, "wind": 30 }, "geometry": { "type": "LineString", "coordinates": [ [ -63.0, 14.0 ], [ -63.8, 14.4 ] ] } },
{ "type": "Feature", "properties": { "sid": "2001278N12302", "name": "Iris", "season": 2001, "cat": -1, "wind": 33 }, "geometry": { "type": "LineString", "coordinates": [ [ -63.8, 14.4 ], [ -64.5, 14.8 ] ] } },
{ "type": "Feature", "properties": { "sid": "2001278N12302", "name": "Iris", "season": 2001, "cat": 0, "wind": 35 }, "geometry": { "type": "LineString", "coordinates": [ [ -64.5, 14.8 ], [ -65.2, 15.2 ] ] } },
{ "type": "Feature", "properties": { "sid": "2001278N12302", "name": "Iris", "season": 2001, "cat": 0, "wind": 40 }, "geometry": { "type": "LineString", "coordinates": [ [ -65.2, 15.2 ], [ -66.0, 15.5 ] ] } },
{ "type": "Feature", "properties": { "sid": "2001278N12302", "name": "Iris", "season": 2001, "cat": 0, "wind": 45 }, "geometry": { "type": "LineString", "coordinates": [ [ -66.0, 15.5 ], [ -66.9, 15.6 ] ] } },
{ "type": "Feature", "properties": { "sid": "2001278N12302", "name": "Iris", "season": 2001, "cat": 0, "wind": 48 }, "geometry": { "type": "LineString", "coordinates": [ [ -66.9, 15.6 ], [ -67.7, 15.7 ] ] } },
{ "type": "Feature", "properties": { "sid": "2001278N12302", "name": "Iris", "season": 2001, "cat": 0, "wind": 50 }, "geometry": { "type": "LineString", "coordinates": [ [ -67.7, 15.7 ], [ -68.4, 15.8 ] ] } },
{ "type": "Feature", "properties": { "sid": "2001278N12302", "name": "Iris", "season": 2001, "cat": 0, "wind": 53 }, "geometry": { "type": "LineString", "coordinates": [ [ -68.4, 15.8 ], [ -69.0, 16.0 ] ] } },
{ "type": "Feature", "properties": { "sid": "2001278N12302", "name": "Iris", "season": 2001, "cat": 0, "wind": 55 }, "geometry": { "type": "LineString", "coordinates": [ [ -69.0, 16.0 ], [ -69.7, 16.2 ] ] } },
{ "type": "Feature", "properties": { "sid": "2001278N12302", "name": "Iris", "season": 2001, "cat": 0, "wind": 55 }, "geometry": { "type": "LineString", "coordinates": [ [ -69.7, 16.2 ], [ -70.5, 16.5 ] ] } },
{ "type": "Feature", "properties": { "sid": "2001278N12302", "name": "Iris", "season": 2001, "cat": 0, "wind": 55 }, "geometry": { "type": "LineString", "coordinates": [ [ -70.5, 16.5 ], [ -71.3, 16.7 ] ] } },
{ "type": "Feature", "properties": { "sid": "2001278N12302", "name": "Iris", "season": 2001, "cat": 0, "wind": 60 }, "geometry": { "type": "LineString", "coordinates": [ [ -71.3, 16.7 ], [ -72.2, 16.9 ] ] } },
{ "type": "Feature", "properties": { "sid": "2001278N12302", "name": "Iris", "season": 2001, "cat": 1, "wind": 65 }, "geometry": { "type": "LineString", "coordinates": [ [ -72.2, 16.9 ], [ -73.1, 16.9 ] ] } },
{ "type": "Feature", "properties": { "sid": "2001278N12302", "name": "Iris", "season": 2001, "cat": 1, "wind": 70 }, "geometry": { "type": "LineString", "coordinates": [ [ -73.1, 16.9 ], [ -74.0, 16.9 ] ] } },
{ "type": "Feature", "properties": { "sid": "2001278N12302", "name": "Iris", "season": 2001, "cat": 1, "wind": 75 }, "geometry": { "type": "LineString", "coordinates": [ [ -74.0, 16.9 ], [ -74.7, 16.9 ] ] } },
{ "type": "Feature", "properties": { "sid": "2001278N12302", "name": "Iris", "season": 2001, "cat": 1, "wind": 75 }, "geometry": { "type": "LineString", "coordinates": [ [ -74.7, 16.9 ], [ -75.3, 16.9 ] ] } },
{ "type": "Feature", "properties": { "sid": "2001280N11309", "name": "Jerry", "season": 2001, "cat": 0, "wind": 45 }, "geometry": { "type": "LineString", "coordinates": [ [ -59.9, 12.8 ], [ -60.2, 13.1 ] ] } },
{ "type": "Feature", "properties": { "sid": "2001280N11309", "name": "Jerry", "season": 2001, "cat": 0, "wind": 45 }, "geometry": { "type": "LineString", "coordinates": [ [ -60.2, 13.1 ], [ -61.0, 13.5 ] ] } },
{ "type": "Feature", "properties": { "sid": "2001280N11309", "name": "Jerry", "season": 2001, "cat": 0, "wind": 45 }, "geometry": { "type": "LineString", "coordinates": [ [ -61.0, 13.5 ], [ -62.0, 13.8 ] ] } },
{ "type": "Feature", "properties": { "sid": "2001280N11309", "name": "Jerry", "season": 2001, "cat": 0, "wind": 45 }, "geometry": { "type": "LineString", "coordinates": [ [ -62.0, 13.8 ], [ -63.0, 14.0 ] ] } },
{ "type": "Feature", "properties": { "sid": "2001280N11309", "name": "Jerry", "season": 2001, "cat": 0, "wind": 40 }, "geometry": { "type": "LineString", "coordinates": [ [ -63.0, 14.0 ], [ -64.0, 14.2 ] ] } },
{ "type": "Feature", "properties": { "sid": "2001280N11309", "name": "Jerry", "season": 2001, "cat": 0, "wind": 35 }, "geometry": { "type": "LineString", "coordinates": [ [ -64.0, 14.2 ], [ -65.0, 14.4 ] ] } },
{ "type": "Feature", "properties": { "sid": "2001280N11309", "name": "Jerry", "season": 2001, "cat": -1, "wind": 30 }, "geometry": { "type": "LineString", "coordinates": [ [ -65.0, 14.4 ], [ -66.0, 14.5 ] ] } },
{ "type": "Feature", "properties": { "sid": "2001327N31309", "name": "Olga", "season": 2001, "cat": 0, "wind": 40 }, "geometry": { "type": "LineString", "coordinates": [ [ -63.9, 25.7 ], [ -64.7, 25.3 ] ] } },
{ "type": "Feature", "properties": { "sid": "2001327N31309", "name": "Olga", "season": 2001, "cat": 0, "wind": 35 }, "geometry": { "type": "LineString", "coordinates": [ [ -64.7, 25.3 ], [ -65.5, 24.9 ] ] } },
{ "type": "Feature", "properties": { "sid": "2001327N31309", "name": "Olga", "season": 2001, "cat": -1, "wind": 33 }, "geometry": { "type": "LineString", "coordinates": [ [ -65.5, 24.9 ], [ -66.2, 24.5 ] ] } },
{ "type": "Feature", "properties": { "sid": "2001327N31309", "name": "Olga", "season": 2001, "cat": -1, "wind": 30 }, "geometry": { "type": "LineString", "coordinates": [ [ -66.2, 24.5 ], [ -66.7, 24.1 ] ] } },
{ "type": "Feature", "properties": { "sid": "2001327N31309", "name": "Olga", "season": 2001, "cat": -1, "wind": 30 }, "geometry": { "type": "LineString", "coordinates": [ [ -66.7, 24.1 ], [ -67.1, 23.7 ] ] } },
{ "type": "Feature", "properties": { "sid": "2001327N31309", "name": "Olga", "season": 2001, "cat": -1, "wind": 30 }, "geometry": { "type": "LineString", "coordinates": [ [ -67.1, 23.7 ], [ -67.4, 23.5 ] ] } },
{ "type": "Feature", "properties": { "sid": "2001327N31309", "name": "Olga", "season": 2001, "cat": -1, "wind": 30 }, "geometry": { "type": "LineString", "coordinates": [ [ -67.4, 23.5 ], [ -67.7, 23.4 ] ] } },
{ "type": "Feature", "properties": { "sid": "2001327N31309", "name": "Olga", "season": 2001, "cat": -1, "wind": 30 }, "geometry": { "type": "LineString", "coordinates": [ [ -67.7, 23.4 ], [ -67.9, 23.2 ] ] } },
{ "type": "Feature", "properties": { "sid": "2001327N31309", "name": "Olga", "season": 2001, "cat": -1, "wind": 30 }, "geometry": { "type": "LineString", "coordinates": [ [ -67.9, 23.2 ], [ -68.0, 23.1 ] ] } },
{ "type": "Feature", "properties": { "sid": "2001327N31309", "name": "Olga", "season": 2001, "cat": -1, "wind": 30 }, "geometry": { "type": "LineString", "coordinates": [ [ -68.0, 23.1 ], [ -68.2, 22.9 ] ] } },
{ "type": "Feature", "properties": { "sid": "2001327N31309", "name": "Olga", "season": 2001, "cat": -1, "wind": 30 }, "geometry": { "type": "LineString", "coordinates": [ [ -68.2, 22.9 ], [ -68.3, 22.8 ] ] } },
{ "type": "Feature", "properties": { "sid": "2001327N31309", "name": "Olga", "season": 2001, "cat": -1, "wind": 30 }, "geometry": { "type": "LineString", "coordinates": [ [ -68.3, 22.8 ], [ -68.4, 22.8 ] ] } },
{ "type": "Feature", "properties": { "sid": "2001327N31309", "name": "Olga", "season": 2001, "cat": -1, "wind": 30 }, "geometry": { "type": "LineString", "coordinates": [ [ -68.4, 22.8 ], [ -68.6, 23.0 ] ] } },
{ "type": "Feature", "properties": { "sid": "2001327N31309", "name": "Olga", "season": 2001, "cat": -1, "wind": 30 }, "geometry": { "type": "LineString", "coordinates": [ [ -68.6, 23.0 ], [ -68.8, 23.1 ] ] } },
{ "type": "Feature", "properties": { "sid": "2001327N31309", "name": "Olga", "season": 2001, "cat": -1, "wind": 33 }, "geometry": { "type": "LineString", "coordinates": [ [ -68.8, 23.1 ], [ -68.9, 23.4 ] ] } },
{ "type": "Feature", "properties": { "sid": "2001327N31309", "name": "Olga", "season": 2001, "cat": 0, "wind": 35 }, "geometry": { "type": "LineString", "coordinates": [ [ -68.9, 23.4 ], [ -68.9, 23.8 ] ] } },
{ "type": "Feature", "properties": { "sid": "2001327N31309", "name": "Olga", "season": 2001, "cat": 0, "wind": 35 }, "geometry": { "type": "LineString", "coordinates": [ [ -68.9, 23.8 ], [ -68.9, 24.3 ] ] } },
{ "type": "Feature", "properties": { "sid": "2001327N31309", "name": "Olga", "season": 2001, "cat": 0, "wind": 35 }, "geometry": { "type": "LineString", "coordinates": [ [ -68.9, 24.3 ], [ -69.0, 24.9 ] ] } },
{ "type": "Feature", "properties": { "sid": "2001327N31309", "name": "Olga", "season": 2001, "cat": 0, "wind": 38 }, "geometry": { "type": "LineString", "coordinates": [ [ -69.0, 24.9 ], [ -69.2, 25.5 ] ] } },
{ "type": "Feature", "properties": { "sid": "2001327N31309", "name": "Olga", "season": 2001, "cat": 0, "wind": 40 }, "geometry": { "type": "LineString", "coordinates": [ [ -69.2, 25.5 ], [ -69.4, 26.0 ] ] } },
{ "type": "Feature", "properties": { "sid": "2002265N10315", "name": "Lili", "season": 2002, "cat": 0, "wind": 48 }, "geometry": { "type": "LineString", "coordinates": [ [ -59.6, 12.4 ], [ -60.4, 12.5 ] ] } },
{ "type": "Feature", "properties": { "sid": "2002265N10315", "name": "Lili", "season": 2002, "cat": 0, "wind": 50 }, "geometry": { "type": "LineString", "coordinates": [ [ -60.4, 12.5 ], [ -61.3, 12.6 ] ] } },
{ "type": "Feature", "properties": { "sid": "2002265N10315", "name": "Lili", "season": 2002, "cat": 0, "wind": 50 }, "geometry": { "type": "LineString", "coordinates": [ [ -61.3, 12.6 ], [ -62.1, 12.7 ] ] } },
{ "type": "Feature", "properties": { "sid": "2002265N10315", "name": "Lili", "season": 2002, "cat": 0, "wind": 50 }, "geometry": { "type": "LineString", "coordinates": [ [ -62.1, 12.7 ], [ -62.9, 12.7 ] ] } },
{ "type": "Feature", "properties": { "sid": "2002265N10315", "name": "Lili", "season": 2002, "cat": 0, "wind": 50 }, "geometry": { "type": "LineString", "coordinates": [ [ -62.9, 12.7 ], [ -63.7, 12.8 ] ] } },
{ "type": "Feature", "properties": { "sid": "2002265N10315", "name": "Lili", "season": 2002, "cat": 0, "wind": 50 }, "geometry": { "type": "LineString", "coordinates": [ [ -63.7, 12.8 ], [ -64.3, 12.9 ] ] } },
{ "type": "Feature", "properties": { "sid": "2002265N10315", "name": "Lili", "season": 2002, "cat": 0, "wind": 55 }, "geometry": { "type": "LineString", "coordinates": [ [ -64.3, 12.9 ], [ -64.9, 13.0 ] ] } },
{ "type": "Feature", "properties": { "sid": "2002265N10315", "name": "Lili", "season": 2002, "cat": 0, "wind": 60 }, "geometry": { "type": "LineString", "coordinates": [ [ -64.9, 13.0 ], [ -65.5, 13.1 ] ] } },
{ "type": "Feature", "properties": { "sid": "2002265N10315", "name": "Lili", "season": 2002, "cat": 0, "wind": 55 }, "geometry": { "type": "LineString", "coordinates": [ [ -65.5, 13.1 ], [ -66.0, 13.2 ] ] } },
{ "type": "Feature", "properties": { "sid": "2002265N10315", "name": "Lili", "season": 2002, "cat": 0, "wind": 50 }, "geometry": { "type": "LineString", "coordinates": [ [ -66.0, 13.2 ], [ -66.5, 13.3 ] ] } },
{ "type": "Feature", "properties": { "sid": "2002265N10315", "name": "Lili", "season": 2002, "cat": 0, "wind": 43 }, "geometry": { "type": "LineString", "coordinates": [ [ -66.5, 13.3 ], [ -66.9, 13.5 ] ] } },
{ "type": "Feature", "properties": { "sid": "2002265N10315", "name": "Lili", "season": 2002, "cat": 0, "wind": 35 }, "geometry": { "type": "LineString", "coordinates": [ [ -66.9, 13.5 ], [ -67.2, 13.6 ] ] } },
{ "type": "Feature", "properties": { "sid": "2002265N10315", "name": "Lili", "season": 2002, "cat": 0, "wind": 35 }, "geometry": { "type": "LineString", "coordinates": [ [ -67.2, 13.6 ], [ -67.5, 13.7 ] ] } },
{ "type": "Feature", "properties": { "sid": "2002265N10315", "name": "Lili", "season": 2002, "cat": 0, "wind": 35 }, "geometry": { "type": "LineString", "coordinates": [ [ -67.5, 13.7 ], [ -67.8, 13.8 ] ] } },
{ "type": "Feature", "properties": { "sid": "2002265N10315", "name": "Lili", "season": 2002, "cat": 0, "wind": 38 }, "geometry": { "type": "LineString", "coordinates": [ [ -67.8, 13.8 ], [ -68.2, 14.0 ] ] } },
{ "type": "Feature", "properties": { "sid": "2002265N10315", "name": "Lili", "season": 2002, "cat": -3, "wind": 40 }, "geometry": { "type": "LineString", "coordinates": [ [ -68.2, 14.0 ], [ -68.5, 14.1 ] ] } },
{ "type": "Feature", "properties": { "sid": "2002265N10315", "name": "Lili", "season": 2002, "cat": -3, "wind": 40 }, "geometry": { "type": "LineString", "coordinates": [ [ -68.5, 14.1 ], [ -68.9, 14.2 ] ] } },
{ "type": "Feature", "properties": { "sid": "2002265N10315", "name": "Lili", "season": 2002, "cat": -3, "wind": 40 }, "geometry": { "type": "LineString", "coordinates": [ [ -68.9, 14.2 ], [ -69.3, 14.3 ] ] } },
{ "type": "Feature", "properties": { "sid": "2002265N10315", "name": "Lili", "season": 2002, "cat": -3, "wind": 38 }, "geometry": { "type": "LineString", "coordinates": [ [ -69.3, 14.3 ], [ -69.8, 14.5 ] ] } },
{ "type": "Feature", "properties": { "sid": "2002265N10315", "name": "Lili", "season": 2002, "cat": -3, "wind": 35 }, "geometry": { "type": "LineString", "coordinates": [ [ -69.8, 14.5 ], [ -70.4, 14.7 ] ] } },
{ "type": "Feature", "properties": { "sid": "2002265N10315", "name": "Lili", "season": 2002, "cat": -3, "wind": 35 }, "geometry": { "type": "LineString", "coordinates": [ [ -70.4, 14.7 ], [ -71.0, 14.9 ] ] } },
{ "type": "Feature", "properties": { "sid": "2002265N10315", "name": "Lili", "season": 2002, "cat": -3, "wind": 35 }, "geometry": { "type": "LineString", "coordinates": [ [ -71.0, 14.9 ], [ -71.6, 15.1 ] ] } },
{ "type": "Feature", "properties": { "sid": "2002265N10315", "name": "Lili", "season": 2002, "cat": -3, "wind": 33 }, "geometry": { "type": "LineString", "coordinates": [ [ -71.6, 15.1 ], [ -72.2, 15.3 ] ] } },
{ "type": "Feature", "properties": { "sid": "2002265N10315", "name": "Lili", "season": 2002, "cat": -3, "wind": 30 }, "geometry": { "type": "LineString", "coordinates": [ [ -72.2, 15.3 ], [ -72.7, 15.5 ] ] } },
{ "type": "Feature", "properties": { "sid": "2002265N10315", "name": "Lili", "season": 2002, "cat": -3, "wind": 30 }, "geometry": { "type": "LineString", "coordinates": [ [ -72.7, 15.5 ], [ -73.0, 15.6 ] ] } },
{ "type": "Feature", "properties": { "sid": "2002265N10315", "name": "Lili", "season": 2002, "cat": -3, "wind": 30 }, "geometry": { "type": "LineString", "coordinates": [ [ -73.0, 15.6 ], [ -73.3, 15.7 ] ] } },
{ "type": "Feature", "properties": { "sid": "2002265N10315", "name": "Lili", "season": 2002, "cat": -3, "wind": 30 }, "geometry": { "type": "LineString", "coordinates": [ [ -73.3, 15.7 ], [ -73.5, 15.7 ] ] } },
{ "type": "Feature", "properties": { "sid": "2002265N10315", "name": "Lili", "season": 2002, "cat": -1, "wind": 30 }, "geometry": { "type": "LineString", "coordinates": [ [ -73.5, 15.7 ], [ -73.7, 15.8 ] ] } },
{ "type": "Feature", "properties": { "sid": "2002265N10315", "name": "Lili", "season": 2002, "cat": -1, "wind": 30 }, "geometry": { "type": "LineString", "coordinates": [ [ -73.7, 15.8 ], [ -74.0, 15.9 ] ] } },
{ "type": "Feature", "properties": { "sid": "2002265N10315", "name": "Lili", "season": 2002, "cat": -1, "wind": 30 }, "geometry": { "type": "LineString", "coordinates": [ [ -74.0, 15.9 ], [ -74.3, 16.0 ] ] } },
{ "type": "Feature", "properties": { "sid": "2002265N10315", "name": "Lili", "season": 2002, "cat": -1, "wind": 33 }, "geometry": { "type": "LineString", "coordinates": [ [ -74.3, 16.0 ], [ -74.6, 16.1 ] ] } },
{ "type": "Feature", "properties": { "sid": "2003188N11307", "name": "Claudette", "season": 2003, "cat": -3, "wind": 33 }, "geometry": { "type": "LineString", "coordinates": [ [ -58.7, 12.9 ], [ -59.8, 13.2 ] ] } },
{ "type": "Feature", "properties": { "sid": "2003188N11307", "name": "Claudette", "season": 2003, "cat": -3, "wind": 35 }, "geometry": { "type": "LineString", "coordinates": [ [ -59.8, 13.2 ], [ -60.9, 13.5 ] ] } },
{ "type": "Feature", "properties": { "sid": "2003188N11307", "name": "Claudette", "season": 2003, "cat": -3, "wind": 35 }, "geometry": { "type": "LineString", "coordinates": [ [ -60.9, 13.5 ], [ -62.0, 13.7 ] ] } },
{ "type": "Feature", "properties": { "sid": "2003188N11307", "name": "Claudette", "season": 2003, "cat": -3, "wind": 35 }, "geometry": { "type": "LineString", "coordinates": [ [ -62.0, 13.7 ], [ -63.4, 13.9 ] ] } },
{ "type": "Feature", "properties": { "sid": "2003188N11307", "name": "Claudette", "season": 2003, "cat": -3, "wind": 38 }, "geometry": { "type": "LineString", "coordinates": [ [ -63.4, 13.9 ], [ -64.8, 14.0 ] ] } },
{ "type": "Feature", "properties": { "sid": "2003188N11307", "name": "Claudette", "season": 2003, "cat": -3, "wind": 40 }, "geometry": { "type": "LineString", "coordinates": [ [ -64.8, 14.0 ], [ -66.2, 14.2 ] ] } },
{ "type": "Feature", "properties": { "sid": "2003188N11307", "name": "Claudette", "season": 2003, "cat": -3, "wind": 40 }, "geometry": { "type": "LineString", "coordinates": [ [ -66.2, 14.2 ], [ -67.6, 14.4 ] ] } },
{ "type": "Feature", "properties": { "sid": "2003188N11307", "name": "Claudette", "season": 2003, "cat": -3, "wind": 40 }, "geometry": { "type": "LineString", "coordinates": [ [ -67.6, 14.4 ], [ -68.9, 14.6 ] ] } },
{ "type": "Feature", "properties": { "sid": "2003188N11307", "name": "Claudette", "season": 2003, "cat": -3, "wind": 43 }, "geometry": { "type": "LineString", "coordinates": [ [ -68.9, 14.6 ], [ -70.0, 14.8 ] ] } },
{ "type": "Feature", "properties": { "sid": "2003188N11307", "name": "Claudette", "season": 2003, "cat": 0, "wind": 45 }, "geometry": { "type": "LineString", "coordinates": [ [ -70.0, 14.8 ], [ -71.0, 14.9 ] ] } },
{ "type": "Feature", "properties": { "sid": "2003188N11307", "name": "Claudette", "season": 2003, "cat": 0, "wind": 48 }, "geometry": { "type": "LineString", "coordinates": [ [ -71.0, 14.9 ], [ -72.0, 15.0 ] ] } },
{ "type": "Feature", "properties": { "sid": "2003188N11307", "name": "Claudette", "season": 2003, "cat": 0, "wind": 50 }, "geometry": { "type": "LineString", "coordinates": [ [ -72.0, 15.0 ], [ -73.2, 15.1 ] ] } },
{ "type": "Feature", "properties": { "sid": "2003188N11307", "name": "Claudette", "season": 2003, "cat": 0, "wind": 55 }, "geometry": { "type": "LineString", "coordinates": [ [ -73.2, 15.1 ], [ -74.4, 15.1 ] ] } },
{ "type": "Feature", "properties": { "sid": "2003234N15295", "name": "Unnamed", "season": 2003, "cat": -1, "wind": 30 }, "geometry": { "type": "LineString", "coordinates": [ [ -65.5, 14.5 ], [ -66.0, 14.9 ] ] } },
{ "type": "Feature", "properties": { "sid": "2003234N15295", "name": "Unnamed", "season": 2003, "cat": -1, "wind": 30 }, "geometry": { "type": "LineString", "coordinates": [ [ -66.0, 14.9 ], [ -66.5, 15.2 ] ] } },
{ "type": "Feature", "properties": { "sid": "2003234N15295", "name": "Unnamed", "season": 2003, "cat": -1, "wind": 30 }, "geometry": { "type": "LineString", "coordinates": [ [ -66.5, 15.2 ], [ -67.0, 15.5 ] ] } },
{ "type": "Feature", "properties": { "sid": "2003234N15295", "name": "Unnamed", "season": 2003, "cat": -1, "wind": 30 }, "geometry": { "type": "LineString", "coordinates": [ [ -67.0, 15.5 ], [ -67.5, 15.7 ] ] } },
{ "type": "Feature", "properties": { "sid": "2003234N15295", "name": "Unnamed", "season": 2003, "cat": -1, "wind": 30 }, "geometry": { "type": "LineString", "coordinates": [ [ -67.5, 15.7 ], [ -67.9, 15.9 ] ] } },
{ "type": "Feature", "properties": { "sid": "2003234N15295", "name": "Unnamed", "season": 2003, "cat": -1, "wind": 30 }, "geometry": { "type": "LineString", "coordinates": [ [ -67.9, 15.9 ], [ -68.2, 16.2 ] ] } },
{ "type": "Feature", "properties": { "sid": "2003240N15329", "name": "Fabian", "season": 2003, "cat": 4, "wind": 125 }, "geometry": { "type": "LineString", "coordinates": [ [ -57.3, 19.0 ], [ -57.8, 19.1 ] ] } },
{ "type": "Feature", "properties": { "sid": "2003240N15329", "name": "Fabian", "season": 2003, "cat": 4, "wind": 125 }, "geometry": { "type": "LineString", "coordinates": [ [ -57.8, 19.1 ], [ -58.3, 19.3 ] ] } },
{ "type": "Feature", "properties": { "sid": "2003240N15329", "name": "Fabian", "season": 2003, "cat": 4, "wind": 125 }, "geometry": { "type": "LineString", "coordinates": [ [ -58.3, 19.3 ], [ -58.8, 19.4 ] ] } },
{ "type": "Feature", "properties": { "sid": "2003240N15329", "name": "Fabian", "season": 2003, "cat": 4, "wind": 123 }, "geometry": { "type": "LineString", "coordinates": [ [ -58.8, 19.4 ], [ -59.2, 19.6 ] ] } },
{ "type": "Feature", "properties": { "sid": "2003240N15329", "name": "Fabian", "season": 2003, "cat": 4, "wind": 120 }, "geometry": { "type": "LineString", "coordinates": [ [ -59.2, 19.6 ], [ -59.6, 19.8 ] ] } },
{ "type": "Feature", "properties": { "sid": "2003240N15329", "name": "Fabian", "season": 2003, "cat": 4, "wind": 120 }, "geometry": { "type": "LineString", "coordinates": [ [ -59.6, 19.8 ], [ -59.9, 20.1 ] ] } },
{ "type": "Feature", "properties": { "sid": "2003240N15329", "name": "Fabian", "season": 2003, "cat": 4, "wind": 120 }, "geometry": { "type": "LineString", "coordinates": [ [ -59.9, 20.1 ], [ -60.3, 20.3 ] ] } },
{ "type": "Feature", "properties": { "sid": "2003240N15329", "name": "Fabian", "season": 2003, "cat": 4, "wind": 120 }, "geometry": { "type": "LineString", "coordinates": [ [ -60.3, 20.3 ], [ -60.7, 20.5 ] ] } },
{ "type": "Feature", "properties": { "sid": "2003240N15329", "name": "Fabian", "season": 2003, "cat": 4, "wind": 120 }, "geometry": { "type": "LineString", "coordinates": [ [ -60.7, 20.5 ], [ -61.0, 20.7 ] ] } },
{ "type": "Feature", "properties": { "sid": "2003240N15329", "name": "Fabian", "season": 2003, "cat": 4, "wind": 118 }, "geometry": { "type": "LineString", "coordinates": [ [ -61.0, 20.7 ], [ -61.3, 20.9 ] ] } },
{ "type": "Feature", "properties": { "sid": "2003240N15329", "name": "Fabian", "season": 2003, "cat": 4, "wind": 115 }, "geometry": { "type": "LineString", "coordinates": [ [ -61.3, 20.9 ], [ -61.6, 21.1 ] ] } },
{ "type": "Feature", "properties": { "sid": "2003240N15329", "name": "Fabian", "season": 2003, "cat": 4, "wind": 113 }, "geometry": { "type": "LineString", "coordinates": [ [ -61.6, 21.1 ], [ -61.8, 21.3 ] ] } },
{ "type": "Feature", "properties": { "sid": "2003240N15329", "name": "Fabian", "season": 2003, "cat": 3, "wind": 110 }, "geometry": { "type": "LineString", "coordinates": [ [ -61.8, 21.3 ], [ -62.1, 21.6 ] ] } },
{ "type": "Feature", "properties": { "sid": "2003240N15329", "name": "Fabian", "season": 2003, "cat": 3, "wind": 110 }, "geometry": { "type": "LineString", "coordinates": [ [ -62.1, 21.6 ], [ -62.3, 21.9 ] ] } },
{ "type": "Feature", "properties": { "sid": "2003240N15329", "name": "Fabian", "season": 2003, "cat": 3, "wind": 110 }, "geometry": { "type": "LineString", "coordinates": [ [ -62.3, 21.9 ], [ -62.6, 22.2 ] ] } },
{ "type": "Feature", "properties": { "sid": "2003240N15329", "name": "Fabian", "season": 2003, "cat": 3, "wind": 110 }, "geometry": { "type": "LineString", "coordinates": [ [ -62.6, 22.2 ], [ -62.8, 22.5 ] ] } },
{ "type": "Feature", "properties": { "sid": "2003240N15329", "name": "Fabian", "season": 2003, "cat": 3, "wind": 110 }, "geometry": { "type": "LineString", "coordinates": [ [ -62.8, 22.5 ], [ -62.9, 22.8 ] ] } },
{ "type": "Feature", "properties": { "sid": "2003240N15329", "name": "Fabian", "season": 2003, "cat": 4, "wind": 113 }, "geometry": { "type": "LineString", "coordinates": [ [ -62.9, 22.8 ], [ -63.0, 23.2 ] ] } },
{ "type": "Feature", "properties": { "sid": "2003240N15329", "name": "Fabian", "season": 2003, "cat": 4, "wind": 115 }, "geometry": { "type": "LineString", "coordinates": [ [ -63.0, 23.2 ], [ -63.1, 23.5 ] ] } },
{ "type": "Feature", "properties": { "sid": "2003240N15329", "name": "Fabian", "season": 2003, "cat": 3, "wind": 110 }, "geometry": { "type": "LineString", "coordinates": [ [ -63.1, 23.5 ], [ -63.3, 23.8 ] ] } },
{ "type": "Feature", "properties": { "sid": "2003240N15329", "name": "Fabian", "season": 2003, "cat": 3, "wind": 105 }, "geometry": { "type": "LineString", "coordinates": [ [ -63.3, 23.8 ], [ -63.5, 24.3 ] ] } },
{ "type": "Feature", "properties": { "sid": "2003240N15329", "name": "Fabian", "season": 2003, "cat": 3, "wind": 105 }, "geometry": { "type": "LineString", "coordinates": [ [ -63.5, 24.3 ], [ -63.8, 24.8 ] ] } },
{ "type": "Feature", "properties": { "sid": "2003240N15329", "name": "Fabian", "season": 2003, "cat": 3, "wind": 105 }, "geometry": { "type": "LineString", "coordinates": [ [ -63.8, 24.8 ], [ -64.1, 25.3 ] ] } },
{ "type": "Feature", "properties": { "sid": "2003240N15329", "name": "Fabian", "season": 2003, "cat": 3, "wind": 108 }, "geometry": { "type": "LineString", "coordinates": [ [ -64.1, 25.3 ], [ -64.3, 25.8 ] ] } },
{ "type": "Feature", "properties": { "sid": "2003284N19291", "name": "Mindy", "season": 2003, "cat": 0, "wind": 40 }, "geometry": { "type": "LineString", "coordinates": [ [ -68.8, 19.1 ], [ -69.3, 19.6 ] ] } },
{ "type": "Feature", "properties": { "sid": "2003284N19291", "name": "Mindy", "season": 2003, "cat": 0, "wind": 40 }, "geometry": { "type": "LineString", "coordinates": [ [ -69.3, 19.6 ], [ -69.7, 20.1 ] ] } },
{ "type": "Feature", "properties": { "sid": "2003284N19291", "name": "Mindy", "season": 2003, "cat": 0, "wind": 40 }, "geometry": { "type": "LineString", "coordinates": [ [ -69.7, 20.1 ], [ -70.1, 20.5 ] ] } },
{ "type": "Feature", "properties": { "sid": "2003284N19291", "name": "Mindy", "season": 2003, "cat": 0, "wind": 40 }, "geometry": { "type": "LineString", "coordinates": [ [ -70.1, 20.5 ], [ -70.4, 20.9 ] ] } },
{ "type": "Feature", "properties": { "sid": "2003284N19291", "name": "Mindy", "season": 2003, "cat": 0, "wind": 40 }, "geometry": { "type": "LineString", "coordinates": [ [ -70.4, 20.9 ], [ -70.9, 21.3 ] ] } },
{ "type": "Feature", "properties": { "sid": "2003284N19291", "name": "Mindy", "season": 2003, "cat": 0, "wind": 38 }, "geometry": { "type": "LineString", "coordinates": [ [ -70.9, 21.3 ], [ -71.3, 21.8 ] ] } },
{ "type": "Feature", "properties": { "sid": "2003284N19291", "name": "Mindy", "season": 2003, "cat": 0, "wind": 35 }, "geometry": { "type": "LineString", "coordinates": [ [ -71.3, 21.8 ], [ -71.4, 22.2 ] ] } },
{ "type": "Feature", "properties": { "sid": "2003284N19291", "name": "Mindy", "season": 2003, "cat": 0, "wind": 35 }, "geometry": { "type": "LineString", "coordinates": [ [ -71.4, 22.2 ], [ -71.5, 22.7 ] ] } },
{ "type": "Feature", "properties": { "sid": "2003284N19291", "name": "Mindy", "season": 2003, "cat": 0, "wind": 35 }, "geometry": { "type": "LineString", "coordinates": [ [ -71.5, 22.7 ], [ -71.7, 23.2 ] ] } },
{ "type": "Feature", "properties": { "sid": "2003284N19291", "name": "Mindy", "season": 2003, "cat": 0, "wind": 35 }, "geometry": { "type": "LineString", "coordinates": [ [ -71.7, 23.2 ], [ -71.9, 23.6 ] ] } },
{ "type": "Feature", "properties": { "sid": "2003284N19291", "name": "Mindy", "season": 2003, "cat": 0, "wind": 35 }, "geometry": { "type": "LineString", "coordinates": [ [ -71.9, 23.6 ], [ -72.2, 23.8 ] ] } },
{ "type": "Feature", "properties": { "sid": "2003284N19291", "name": "Mindy", "season": 2003, "cat": -1, "wind": 33 }, "geometry": { "type": "LineString", "coordinates": [ [ -72.2, 23.8 ], [ -72.4, 24.0 ] ] } },
{ "type": "Feature", "properties": { "sid": "2003339N13284", "name": "Odette", "season": 2003, "cat": 0, "wind": 50 }, "geometry": { "type": "LineString", "coordinates": [ [ -73.8, 14.3 ], [ -73.4, 14.6 ] ] } },
{ "type": "Feature", "properties": { "sid": "2003339N13284", "name": "Odette", "season": 2003, "cat": 0, "wind": 50 }, "geometry": { "type": "LineString", "coordinates": [ [ -73.4, 14.6 ], [ -73.0, 15.0 ] ] } },
{ "type": "Feature", "properties": { "sid": "2003339N13284", "name": "Odette", "season": 2003, "cat": 0, "wind": 50 }, "geometry": { "type": "LineString", "coordinates": [ [ -73.0, 15.0 ], [ -72.7, 15.4 ] ] } },
{ "type": "Feature", "properties": { "sid": "2003339N13284", "name": "Odette", "season": 2003, "cat": 0, "wind": 53 }, "geometry": { "type": "LineString", "coordinates": [ [ -72.7, 15.4 ], [ -72.5, 15.9 ] ] } },
{ "type": "Feature", "properties": { "sid": "2003339N13284", "name": "Odette", "season": 2003, "cat": 0, "wind": 55 }, "geometry": { "type": "LineString", "coordinates": [ [ -72.5, 15.9 ], [ -72.3, 16.3 ] ] } },
{ "type": "Feature", "properties": { "sid": "2003339N13284", "name": "Odette", "season": 2003, "cat": 0, "wind": 55 }, "geometry": { "type": "LineString", "coordinates": [ [ -72.3, 16.3 ], [ -72.2, 16.6 ] ] } },
{ "type": "Feature", "properties": { "sid": "2003339N13284", "name": "Odette", "season": 2003, "cat": 0, "wind": 55 }, "geometry": { "type": "LineString", "coordinates": [ [ -72.2, 16.6 ], [ -72.1, 16.9 ] ] } },
{ "type": "Feature", "properties": { "sid": "2003339N13284", "name": "Odette", "season": 2003, "cat": 0, "wind": 55 }, "geometry": { "type": "LineString", "coordinates": [ [ -72.1, 16.9 ], [ -72.0, 17.2 ] ] } },
{ "type": "Feature", "properties": { "sid": "2003339N13284", "name": "Odette", "season": 2003, "cat": 0, "wind": 55 }, "geometry": { "type": "LineString", "coordinates": [ [ -72.0, 17.2 ], [ -71.7, 17.6 ] ] } },
{ "type": "Feature", "properties": { "sid": "2003339N13284", "name": "Odette", "season": 2003, "cat": 0, "wind": 52 }, "geometry": { "type": "LineString", "coordinates": [ [ -71.7, 17.6 ], [ -71.5, 17.8 ] ] } },
{ "type": "Feature", "properties": { "sid": "2003339N13284", "name": "Odette", "season": 2003, "cat": 0, "wind": 50 }, "geometry": { "type": "LineString", "coordinates": [ [ -71.5, 17.8 ], [ -71.4, 17.9 ] ] } },
{ "type": "Feature", "properties": { "sid": "2003339N13284", "name": "Odette", "season": 2003, "cat": 0, "wind": 45 }, "geometry": { "type": "LineString", "coordinates": [ [ -71.4, 17.9 ], [ -71.0, 18.3 ] ] } },
{ "type": "Feature", "properties": { "sid": "2003339N13284", "name": "Odette", "season": 2003, "cat": 0, "wind": 43 }, "geometry": { "type": "LineString", "coordinates": [ [ -71.0, 18.3 ], [ -70.6, 18.9 ] ] } },
{ "type": "Feature", "properties": { "sid": "2003339N13284", "name": "Odette", "season": 2003, "cat": 0, "wind": 40 }, "geometry": { "type": "LineString", "coordinates": [ [ -70.6, 18.9 ], [ -70.1, 19.6 ] ] } },
{ "type": "Feature", "properties": { "sid": "2003339N13284", "name": "Odette", "season": 2003, "cat": 0, "wind": 40 }, "geometry": { "type": "LineString", "coordinates": [ [ -70.1, 19.6 ], [ -69.5, 20.5 ] ] } },
{ "type": "Feature", "properties": { "sid": "2003339N13284", "name": "Odette", "season": 2003, "cat": 0, "wind": 40 }, "geometry": { "type": "LineString", "coordinates": [ [ -69.5, 20.5 ], [ -68.9, 21.5 ] ] } },
{ "type": "Feature", "properties": { "sid": "2003339N13284", "name": "Odette", "season": 2003, "cat": 0, "wind": 43 }, "geometry": { "type": "LineString", "coordinates": [ [ -68.9, 21.5 ], [ -68.1, 22.4 ] ] } },
{ "type": "Feature", "properties": { "sid": "2003339N13284", "name": "Odette", "season": 2003, "cat": -4, "wind": 45 }, "geometry": { "type": "LineString", "coordinates": [ [ -68.1, 22.4 ], [ -67.1, 23.0 ] ] } },
{ "type": "Feature", "properties": { "sid": "2003339N13284", "name": "Odette", "season": 2003, "cat": -4, "wind": 45 }, "geometry": { "type": "LineString", "coordinates": [ [ -67.1, 23.0 ], [ -65.9, 23.5 ] ] } },
{ "type": "Feature", "properties": { "sid": "2003339N13284", "name": "Odette", "season": 2003, "cat": -4, "wind": 45 }, "geometry": { "type": "LineString", "coordinates": [ [ -65.9, 23.5 ], [ -64.8, 24.0 ] ] } },
{ "type": "Feature", "properties": { "sid": "2003339N13284", "name": "Odette", "season": 2003, "cat": -4, "wind": 45 }, "geometry": { "type": "LineString", "coordinates": [ [ -64.8, 24.0 ], [ -63.7, 24.4 ] ] } },
{ "type": "Feature", "properties": { "sid": "2003339N13284", "name": "Odette", "season": 2003, "cat": -4, "wind": 45 }, "geometry": { "type": "LineString", "coordinates": [ [ -63.7, 24.4 ], [ -62.6, 24.9 ] ] } },
{ "type": "Feature", "properties": { "sid": "2003339N13284", "name": "Odette", "season": 2003, "cat": -4, "wind": 43 }, "geometry": { "type": "LineString", "coordinates": [ [ -62.6, 24.9 ], [ -61.6, 25.4 ] ] } },
{ "type": "Feature", "properties": { "sid": "2004217N13306", "name": "Bonnie", "season": 2004, "cat": -1, "wind": 30 }, "geometry": { "type": "LineString", "coordinates": [ [ -58.4, 13.6 ], [ -59.5, 13.6 ] ] } },
{ "type": "Feature", "properties": { "sid": "2004217N13306", "name": "Bonnie", "season": 2004, "cat": -1, "wind": 30 }, "geometry": { "type": "LineString", "coordinates": [ [ -59.5, 13.6 ], [ -60.6, 13.6 ] ] } },
{ "type": "Feature", "properties": { "sid": "2004217N13306", "name": "Bonnie", "season": 2004, "cat": -1, "wind": 30 }, "geometry": { "type": "LineString", "coordinates": [ [ -60.6, 13.6 ], [ -61.6, 13.6 ] ] } },
{ "type": "Feature", "properties": { "sid": "2004217N13306", "name": "Bonnie", "season": 2004, "cat": -1, "wind": 30 }, "geometry": { "type": "LineString", "coordinates": [ [ -61.6, 13.6 ], [ -62.7, 13.6 ] ] } },
{ "type": "Feature", "properties": { "sid": "2004217N13306", "name": "Bonnie", "season": 2004, "cat": -1, "wind": 30 }, "geometry": { "type": "LineString", "coordinates": [ [ -62.7, 13.6 ], [ -63.7, 13.7 ] ] } },
{ "type": "Feature", "properties": { "sid": "2004217N13306", "name": "Bonnie", "season": 2004, "cat": -3, "wind": 30 }, "geometry": { "type": "LineString", "coordinates": [ [ -63.7, 13.7 ], [ -64.7, 13.8 ] ] } },
{ "type": "Feature", "properties": { "sid": "2004217N13306", "name": "Bonnie", "season": 2004, "cat": -3, "wind": 28 }, "geometry": { "type": "LineString", "coordinates": [ [ -64.7, 13.8 ], [ -65.7, 14.0 ] ] } },
{ "type": "Feature", "properties": { "sid": "2004217N13306", "name": "Bonnie", "season": 2004, "cat": -3, "wind": 25 }, "geometry": { "type": "LineString", "coordinates": [ [ -65.7, 14.0 ], [ -66.7, 14.4 ] ] } },
{ "type": "Feature", "properties": { "sid": "2004217N13306", "name": "Bonnie", "season": 2004, "cat": -3, "wind": 25 }, "geometry": { "type": "LineString", "coordinates": [ [ -66.7, 14.4 ], [ -67.7, 14.9 ] ] } },
{ "type": "Feature", "properties": { "sid": "2004217N13306", "name": "Bonnie", "season": 2004, "cat": -3, "wind": 25 }, "geometry": { "type": "LineString", "coordinates": [ [ -67.7, 14.9 ], [ -68.7, 15.5 ] ] } },
{ "type": "Feature", "properties": { "sid": "2004217N13306", "name": "Bonnie", "season": 2004, "cat": -3, "wind": 25 }, "geometry": { "type": "LineString", "coordinates": [ [ -68.7, 15.5 ], [ -69.7, 16.0 ] ] } },
{ "type": "Feature", "properties": { "sid": "2004217N13306", "name": "Bonnie", "season": 2004, "cat": -3, "wind": 25 }, "geometry": { "type": "LineString", "coordinates": [ [ -69.7, 16.0 ], [ -70.6, 16.3 ] ] } },
{ "type": "Feature", "properties": { "sid": "2004217N13306", "name": "Bonnie", "season": 2004, "cat": -3, "wind": 25 }, "geometry": { "type": "LineString", "coordinates": [ [ -70.6, 16.3 ], [ -71.5, 16.5 ] ] } },
{ "type": "Feature", "properties": { "sid": "2004217N13306", "name": "Bonnie", "season": 2004, "cat": -3, "wind": 25 }, "geometry": { "type": "LineString", "coordinates": [ [ -71.5, 16.5 ], [ -72.3, 16.8 ] ] } },
{ "type": "Feature", "properties": { "sid": "2004217N13306", "name": "Bonnie", "season": 2004, "cat": -3, "wind": 25 }, "geometry": { "type": "LineString", "coordinates": [ [ -72.3, 16.8 ], [ -73.0, 17.0 ] ] } },
{ "type": "Feature", "properties": { "sid": "2004217N13306", "name": "Bonnie", "season": 2004, "cat": -3, "wind": 25 }, "geometry": { "type": "LineString", "coordinates": [ [ -73.0, 17.0 ], [ -73.8, 17.1 ] ] } },
{ "type": "Feature", "properties": { "sid": "2004217N13306", "name": "Bonnie", "season": 2004, "cat": -3, "wind": 25 }, "geometry": { "type": "LineString", "coordinates": [ [ -73.8, 17.1 ], [ -74.6, 17.1 ] ] } },
{ "type": "Feature", "properties": { "sid": "2004217N13306", "name": "Bonnie", "season": 2004, "cat": -3, "wind": 25 }, "geometry": { "type": "LineString", "coordinates": [ [ -74.6, 17.1 ], [ -75.4, 17.2 ] ] } },
{ "type": "Feature", "properties": { "sid": "2004223N11301", "name": "Charley", "season": 2004, "cat": -1, "wind": 30 }, "geometry": { "type": "LineString", "coordinates": [ [ -61.1, 11.7 ], [ -62.1, 11.9 ] ] } },
{ "type": "Feature", "properties": { "sid": "2004223N11301", "name": "Charley", "season": 2004, "cat": -1, "wind": 30 }, "geometry": { "type": "LineString", "coordinates": [ [ -62.1, 11.9 ], [ -63.2, 12.2 ] ] } },
{ "type": "Feature", "properties": { "sid": "2004223N11301", "name": "Charley", "season": 2004, "cat": -1, "wind": 30 }, "geometry": { "type": "LineString", "coordinates": [ [ -63.2, 12.2 ], [ -64.2, 12.5 ] ] } },
{ "type": "Feature", "properties": { "sid": "2004223N11301", "name": "Charley", "season": 2004, "cat": -1, "wind": 33 }, "geometry": { "type": "LineString", "coordinates": [ [ -64.2, 12.5 ], [ -65.3, 12.9 ] ] } },
{ "type": "Feature", "properties": { "sid": "2004223N11301", "name": "Charley", "season": 2004, "cat": 0, "wind": 35 }, "geometry": { "type": "LineString", "coordinates": [ [ -65.3, 12.9 ], [ -66.4, 13.3 ] ] } },
{ "type": "Feature", "properties": { "sid": "2004223N11301", "name": "Charley", "season": 2004, "cat": 0, "wind": 38 }, "geometry": { "type": "LineString", "coordinates": [ [ -66.4, 13.3 ], [ -67.6, 13.8 ] ] } },
{ "type": "Feature", "properties": { "sid": "2004223N11301", "name": "Charley", "season": 2004, "cat": 0, "wind": 40 }, "geometry": { "type": "LineString", "coordinates": [ [ -67.6, 13.8 ], [ -68.7, 14.4 ] ] } },
{ "type": "Feature", "properties": { "sid": "2004223N11301", "name": "Charley", "season": 2004, "cat": 0, "wind": 43 }, "geometry": { "type": "LineString", "coordinates": [ [ -68.7, 14.4 ], [ -69.8, 14.9 ] ] } },
{ "type": "Feature", "properties": { "sid": "2004223N11301", "name": "Charley", "season": 2004, "cat": 0, "wind": 45 }, "geometry": { "type": "LineString", "coordinates": [ [ -69.8, 14.9 ], [ -70.8, 15.3 ] ] } },
{ "type": "Feature", "properties": { "sid": "2004223N11301", "name": "Charley", "season": 2004, "cat": 0, "wind": 50 }, "geometry": { "type": "LineString", "coordinates": [ [ -70.8, 15.3 ], [ -71.8, 15.6 ] ] } },
{ "type": "Feature", "properties": { "sid": "2004223N11301", "name": "Charley", "season": 2004, "cat": 0, "wind": 55 }, "geometry": { "type": "LineString", "coordinates": [ [ -71.8, 15.6 ], [ -72.8, 15.8 ] ] } },
{ "type": "Feature", "properties": { "sid": "2004223N11301", "name": "Charley", "season": 2004, "cat": 0, "wind": 55 }, "geometry": { "type": "LineString", "coordinates": [ [ -72.8, 15.8 ], [ -73.7, 16.0 ] ] } },
{ "type": "Feature", "properties": { "sid": "2004223N11301", "name": "Charley", "season": 2004, "cat": 0, "wind": 55 }, "geometry": { "type": "LineString", "coordinates": [ [ -73.7, 16.0 ], [ -74.6, 16.1 ] ] } },
{ "type": "Feature", "properties": { "sid": "2004238N11325", "name": "Frances", "season": 2004, "cat": 3, "wind": 100 }, "geometry": { "type": "LineString", "coordinates": [ [ -57.4, 19.1 ], [ -58.1, 19.2 ] ] } },
{ "type": "Feature", "properties": { "sid": "2004238N11325", "name": "Frances", "season": 2004, "cat": 3, "wind": 100 }, "geometry": { "type": "LineString", "coordinates": [ [ -58.1, 19.2 ], [ -58.7, 19.3 ] ] } },
{ "type": "Feature", "properties": { "sid": "2004238N11325", "name": "Frances", "season": 2004, "cat": 3, "wind": 105 }, "geometry": { "type": "LineString", "coordinates": [ [ -58.7, 19.3 ], [ -59.3, 19.4 ] ] } },
{ "type": "Feature", "properties": { "sid": "2004238N11325", "name": "Frances", "season": 2004, "cat": 3, "wind": 110 }, "geometry": { "type": "LineString", "coordinates": [ [ -59.3, 19.4 ], [ -60.0, 19.5 ] ] } },
{ "type": "Feature", "properties": { "sid": "2004238N11325", "name": "Frances", "season": 2004, "cat": 3, "wind": 110 }, "geometry": { "type": "LineString", "coordinates": [ [ -60.0, 19.5 ], [ -60.7, 19.6 ] ] } },
{ "type": "Feature", "properties": { "sid": "2004238N11325", "name": "Frances", "season": 2004, "cat": 3, "wind": 110 }, "geometry": { "type": "LineString", "coordinates": [ [ -60.7, 19.6 ], [ -61.4, 19.7 ] ] } },
{ "type": "Feature", "properties": { "sid": "2004238N11325", "name": "Frances", "season": 2004, "cat": 4, "wind": 113 }, "geometry": { "type": "LineString", "coordinates": [ [ -61.4, 19.7 ], [ -62.1, 19.8 ] ] } },
{ "type": "Feature", "properties": { "sid": "2004238N11325", "name": "Frances", "season": 2004, "cat": 4, "wind": 115 }, "geometry": { "type": "LineString", "coordinates": [ [ -62.1, 19.8 ], [ -62.8, 19.9 ] ] } },
{ "type": "Feature", "properties": { "sid": "2004238N11325", "name": "Frances", "season": 2004, "cat": 4, "wind": 118 }, "geometry": { "type": "LineString", "coordinates": [ [ -62.8, 19.9 ], [ -63.5, 20.0 ] ] } },
{ "type": "Feature", "properties": { "sid": "2004238N11325", "name": "Frances", "season": 2004, "cat": 4, "wind": 120 }, "geometry": { "type": "LineString", "coordinates": [ [ -63.5, 20.0 ], [ -64.3, 20.1 ] ] } },
{ "type": "Feature", "properties": { "sid": "2004238N11325", "name": "Frances", "season": 2004, "cat": 4, "wind": 123 }, "geometry": { "type": "LineString", "coordinates": [ [ -64.3, 20.1 ], [ -65.0, 20.3 ] ] } },
{ "type": "Feature", "properties": { "sid": "2004238N11325", "name": "Frances", "season": 2004, "cat": 4, "wind": 125 }, "geometry": { "type": "LineString", "coordinates": [ [ -65.0, 20.3 ], [ -65.7, 20.4 ] ] } },
{ "type": "Feature", "properties": { "sid": "2004238N11325", "name": "Frances", "season": 2004, "cat": 4, "wind": 123 }, "geometry": { "type": "LineString", "coordinates": [ [ -65.7, 20.4 ], [ -66.4, 20.6 ] ] } },
{ "type": "Feature", "properties": { "sid": "2004238N11325", "name": "Frances", "season": 2004, "cat": 4, "wind": 120 }, "geometry": { "type": "LineString", "coordinates": [ [ -66.4, 20.6 ], [ -67.2, 20.8 ] ] } },
{ "type": "Feature", "properties": { "sid": "2004238N11325", "name": "Frances", "season": 2004, "cat": 4, "wind": 120 }, "geometry": { "type": "LineString", "coordinates": [ [ -67.2, 20.8 ], [ -67.9, 21.0 ] ] } },
{ "type": "Feature", "properties": { "sid": "2004238N11325", "name": "Frances", "season": 2004, "cat": 4, "wind": 120 }, "geometry": { "type": "LineString", "coordinates": [ [ -67.9, 21.0 ], [ -68.1, 21.1 ] ] } },
{ "type": "Feature", "properties": { "sid": "2004238N11325", "name": "Frances", "season": 2004, "cat": 4, "wind": 120 }, "geometry": { "type": "LineString", "coordinates": [ [ -68.1, 21.1 ], [ -68.5, 21.2 ] ] } },
{ "type": "Feature", "properties": { "sid": "2004238N11325", "name": "Frances", "season": 2004, "cat": 4, "wind": 120 }, "geometry": { "type": "LineString", "coordinates": [ [ -68.5, 21.2 ], [ -69.1, 21.4 ] ] } },
{ "type": "Feature", "properties": { "sid": "2004238N11325", "name": "Frances", "season": 2004, "cat": 4, "wind": 120 }, "geometry": { "type": "LineString", "coordinates": [ [ -69.1, 21.4 ], [ -69.8, 21.6 ] ] } },
{ "type": "Feature", "properties": { "sid": "2004238N11325", "name": "Frances", "season": 2004, "cat": 4, "wind": 120 }, "geometry": { "type": "LineString", "coordinates": [ [ -69.8, 21.6 ], [ -70.4, 21.8 ] ] } },
{ "type": "Feature", "properties": { "sid": "2004238N11325", "name": "Frances", "season": 2004, "cat": 4, "wind": 120 }, "geometry": { "type": "LineString", "coordinates": [ [ -70.4, 21.8 ], [ -70.9, 22.0 ] ] } },
{ "type": "Feature", "properties": { "sid": "2004238N11325", "name": "Frances", "season": 2004, "cat": 4, "wind": 120 }, "geometry": { "type": "LineString", "coordinates": [ [ -70.9, 22.0 ], [ -71.4, 22.2 ] ] } },
{ "type": "Feature", "properties": { "sid": "2004238N11325", "name": "Frances", "season": 2004, "cat": 4, "wind": 120 }, "geometry": { "type": "LineString", "coordinates": [ [ -71.4, 22.2 ], [ -71.9, 22.5 ] ] } },
{ "type": "Feature", "properties": { "sid": "2004238N11325", "name": "Frances", "season": 2004, "cat": 4, "wind": 123 }, "geometry": { "type": "LineString", "coordinates": [ [ -71.9, 22.5 ], [ -72.5, 22.7 ] ] } },
{ "type": "Feature", "properties": { "sid": "2004238N11325", "name": "Frances", "season": 2004, "cat": 4, "wind": 125 }, "geometry": { "type": "LineString", "coordinates": [ [ -72.5, 22.7 ], [ -72.8, 22.8 ] ] } },
{ "type": "Feature", "properties": { "sid": "2004238N11325", "name": "Frances", "season": 2004, "cat": 4, "wind": 125 }, "geometry": { "type": "LineString", "coordinates": [ [ -72.8, 22.8 ], [ -73.1, 22.9 ] ] } },
{ "type": "Feature", "properties": { "sid": "2004238N11325", "name": "Frances", "season": 2004, "cat": 4, "wind": 123 }, "geometry": { "type": "LineString", "coordinates": [ [ -73.1, 22.9 ], [ -73.5, 23.2 ] ] } },
{ "type": "Feature", "properties": { "sid": "2004258N16300", "name": "Jeanne", "season": 2004, "cat": -1, "wind": 25 }, "geometry": { "type": "LineString", "coordinates": [ [ -60.0, 15.9 ], [ -60.3, 15.9 ] ] } },
{ "type": "Feature", "properties": { "sid": "2004258N16300", "name": "Jeanne", "season": 2004, "cat": -1, "wind": 25 }, "geometry": { "type": "LineString", "coordinates": [ [ -60.3, 15.9 ], [ -60.7, 16.0 ] ] } },
{ "type": "Feature", "properties": { "sid": "2004258N16300", "name": "Jeanne", "season": 2004, "cat": -1, "wind": 25 }, "geometry": { "type": "LineString", "coordinates": [ [ -60.7, 16.0 ], [ -61.2, 16.1 ] ] } },
{ "type": "Feature", "properties": { "sid": "2004258N16300", "name": "Jeanne", "season": 2004, "cat": -1, "wind": 29 }, "geometry": { "type": "LineString", "coordinates": [ [ -61.2, 16.1 ], [ -61.3, 16.2 ] ] } },
{ "type": "Feature", "properties": { "sid": "2004258N16300", "name": "Jeanne", "season": 2004, "cat": -1, "wind": 30 }, "geometry": { "type": "LineString", "coordinates": [ [ -61.3, 16.2 ], [ -61.5, 16.3 ] ] } },
{ "type": "Feature", "properties": { "sid": "2004258N16300", "name": "Jeanne", "season": 2004, "cat": -1, "wind": 30 }, "geometry": { "type": "LineString", "coordinates": [ [ -61.5, 16.3 ], [ -62.0, 16.4 ] ] } },
{ "type": "Feature", "properties": { "sid": "2004258N16300", "name": "Jeanne", "season": 2004, "cat": -1, "wind": 33 }, "geometry": { "type": "LineString", "coordinates": [ [ -62.0, 16.4 ], [ -62.6, 16.4 ] ] } },
{ "type": "Feature", "properties": { "sid": "2004258N16300", "name": "Jeanne", "season": 2004, "cat": 0, "wind": 35 }, "geometry": { "type": "LineString", "coordinates": [ [ -62.6, 16.4 ], [ -63.1, 16.5 ] ] } },
{ "type": "Feature", "properties": { "sid": "2004258N16300", "name": "Jeanne", "season": 2004, "cat": 0, "wind": 43 }, "geometry": { "type": "LineString", "coordinates": [ [ -63.1, 16.5 ], [ -63.5, 16.7 ] ] } },
{ "type": "Feature", "properties": { "sid": "2004258N16300", "name": "Jeanne", "season": 2004, "cat": 0, "wind": 50 }, "geometry": { "type": "LineString", "coordinates": [ [ -63.5, 16.7 ], [ -63.8, 16.9 ] ] } },
{ "type": "Feature", "properties": { "sid": "2004258N16300", "name": "Jeanne", "season": 2004, "cat": 0, "wind": 53 }, "geometry": { "type": "LineString", "coordinates": [ [ -63.8, 16.9 ], [ -64.0, 17.1 ] ] } },
{ "type": "Feature", "properties": { "sid": "2004258N16300", "name": "Jeanne", "season": 2004, "cat": 0, "wind": 55 }, "geometry": { "type": "LineString", "coordinates": [ [ -64.0, 17.1 ], [ -64.4, 17.2 ] ] } },
{ "type": "Feature", "properties": { "sid": "2004258N16300", "name": "Jeanne", "season": 2004, "cat": 0, "wind": 55 }, "geometry": { "type": "LineString", "coordinates": [ [ -64.4, 17.2 ], [ -64.8, 17.2 ] ] } },
{ "type": "Feature", "properties": { "sid": "2004258N16300", "name": "Jeanne", "season": 2004, "cat": 0, "wind": 55 }, "geometry": { "type": "LineString", "coordinates": [ [ -64.8, 17.2 ], [ -65.1, 17.4 ] ] } },
{ "type": "Feature", "properties": { "sid": "2004258N16300", "name": "Jeanne", "season": 2004, "cat": 0, "wind": 58 }, "geometry": { "type": "LineString", "coordinates": [ [ -65.1, 17.4 ], [ -65.4, 17.6 ] ] } },
{ "type": "Feature", "properties": { "sid": "2004258N16300", "name": "Jeanne", "season": 2004, "cat": 0, "wind": 60 }, "geometry": { "type": "LineString", "coordinates": [ [ -65.4, 17.6 ], [ -65.9, 17.9 ] ] } },
{ "type": "Feature", "properties": { "sid": "2004258N16300", "name": "Jeanne", "season": 2004, "cat": 0, "wind": 60 }, "geometry": { "type": "LineString", "coordinates": [ [ -65.9, 17.9 ], [ -66.0, 18.0 ] ] } },
{ "type": "Feature", "properties": { "sid": "2004258N16300", "name": "Jeanne", "season": 2004, "cat": 0, "wind": 60 }, "geometry": { "type": "LineString", "coordinates": [ [ -66.0, 18.0 ], [ -66.2, 18.1 ] ] } },
{ "type": "Feature", "properties": { "sid": "2004258N16300", "name": "Jeanne", "season": 2004, "cat": 0, "wind": 60 }, "geometry": { "type": "LineString", "coordinates": [ [ -66.2, 18.1 ], [ -66.6, 18.3 ] ] } },
{ "type": "Feature", "properties": { "sid": "2004258N16300", "name": "Jeanne", "season": 2004, "cat": 0, "wind": 60 }, "geometry": { "type": "LineString", "coordinates": [ [ -66.6, 18.3 ], [ -67.1, 18.5 ] ] } },
{ "type": "Feature", "properties": { "sid": "2004258N16300", "name": "Jeanne", "season": 2004, "cat": 0, "wind": 60 }, "geometry": { "type": "LineString", "coordinates": [ [ -67.1, 18.5 ], [ -67.5, 18.6 ] ] } },
{ "type": "Feature", "properties": { "sid": "2004258N16300", "name": "Jeanne", "season": 2004, "cat": 0, "wind": 60 }, "geometry": { "type": "LineString", "coordinates": [ [ -67.5, 18.6 ], [ -67.8, 18.6 ] ] } },
{ "type": "Feature", "properties": { "sid": "2004258N16300", "name": "Jeanne", "season": 2004, "cat": 0, "wind": 60 }, "geometry": { "type": "LineString", "coordinates": [ [ -67.8, 18.6 ], [ -68.0, 18.6 ] ] } },
{ "type": "Feature", "properties": { "sid": "2004258N16300", "name": "Jeanne", "season": 2004, "cat": 1, "wind": 66 }, "geometry": { "type": "LineString", "coordinates": [ [ -68.0, 18.6 ], [ -68.3, 18.6 ] ] } },
{ "type": "Feature", "properties": { "sid": "2004258N16300", "name": "Jeanne", "season": 2004, "cat": 1, "wind": 70 }, "geometry": { "type": "LineString", "coordinates": [ [ -68.3, 18.6 ], [ -68.5, 18.6 ] ] } },
{ "type": "Feature", "properties": { "sid": "2004258N16300", "name": "Jeanne", "season": 2004, "cat": 1, "wind": 70 }, "geometry": { "type": "LineString", "coordinates": [ [ -68.5, 18.6 ], [ -68.9, 18.7 ] ] } },
{ "type": "Feature", "properties": { "sid": "2004258N16300", "name": "Jeanne", "season": 2004, "cat": 1, "wind": 68 }, "geometry": { "type": "LineString", "coordinates": [ [ -68.9, 18.7 ], [ -69.0, 18.8 ] ] } },
{ "type": "Feature", "properties": { "sid": "2004258N16300", "name": "Jeanne", "season": 2004, "cat": 1, "wind": 65 }, "geometry": { "type": "LineString", "coordinates": [ [ -69.0, 18.8 ], [ -69.2, 19.0 ] ] } },
{ "type": "Feature", "properties": { "sid": "2004258N16300", "name": "Jeanne", "season": 2004, "cat": 0, "wind": 63 }, "geometry": { "type": "LineString", "coordinates": [ [ -69.2, 19.0 ], [ -69.4, 19.2 ] ] } },
{ "type": "Feature", "properties": { "sid": "2004258N16300", "name": "Jeanne", "season": 2004, "cat": 0, "wind": 60 }, "geometry": { "type": "LineString", "coordinates": [ [ -69.4, 19.2 ], [ -69.6, 19.3 ] ] } },
{ "type": "Feature", "properties": { "sid": "2004258N16300", "name": "Jeanne", "season": 2004, "cat": 0, "wind": 58 }, "geometry": { "type": "LineString", "coordinates": [ [ -69.6, 19.3 ], [ -69.9, 19.4 ] ] } },
{ "type": "Feature", "properties": { "sid": "2004258N16300", "name": "Jeanne", "season": 2004, "cat": 0, "wind": 55 }, "geometry": { "type": "LineString", "coordinates": [ [ -69.9, 19.4 ], [ -70.3, 19.5 ] ] } },
{ "type": "Feature", "properties": { "sid": "2004258N16300", "name": "Jeanne", "season": 2004, "cat": 0, "wind": 53 }, "geometry": { "type": "LineString", "coordinates": [ [ -70.3, 19.5 ], [ -70.7, 19.7 ] ] } },
{ "type": "Feature", "properties": { "sid": "2004258N16300", "name": "Jeanne", "season": 2004, "cat": 0, "wind": 50 }, "geometry": { "type": "LineString", "coordinates": [ [ -70.7, 19.7 ], [ -71.2, 19.9 ] ] } },
{ "type": "Feature", "properties": { "sid": "2004258N16300", "name": "Jeanne", "season": 2004, "cat": 0, "wind": 40 }, "geometry": { "type": "LineString", "coordinates": [ [ -71.2, 19.9 ], [ -71.6, 20.0 ] ] } },
{ "type": "Feature", "properties": { "sid": "2004258N16300", "name": "Jeanne", "season": 2004, "cat": -1, "wind": 30 }, "geometry": { "type": "LineString", "coordinates": [ [ -71.6, 20.0 ], [ -71.8, 20.1 ] ] } },
{ "type": "Feature", "properties": { "sid": "2004258N16300", "name": "Jeanne", "season": 2004, "cat": 0, "wind": 35 }, "geometry": { "type": "LineString", "coordinates": [ [ -71.8, 20.1 ], [ -72.0, 20.2 ] ] } },
{ "type": "Feature", "properties": { "sid": "2004258N16300", "name": "Jeanne", "season": 2004, "cat": 0, "wind": 40 }, "geometry": { "type": "LineString", "coordinates": [ [ -72.0, 20.2 ], [ -72.3, 20.3 ] ] } },
{ "type": "Feature", "properties": { "sid": "2004258N16300", "name": "Jeanne", "season": 2004, "cat": 0, "wind": 43 }, "geometry": { "type": "LineString", "coordinates": [ [ -72.3, 20.3 ], [ -72.5, 20.4 ] ] } },
{ "type": "Feature", "properties": { "sid": "2004258N16300", "name": "Jeanne", "season": 2004, "cat": 0, "wind": 45 }, "geometry": { "type": "LineString", "coordinates": [ [ -72.5, 20.4 ], [ -72.7, 20.8 ] ] } },
{ "type": "Feature", "properties": { "sid": "2004258N16300", "name": "Jeanne", "season": 2004, "cat": 0, "wind": 45 }, "geometry": { "type": "LineString", "coordinates": [ [ -72.7, 20.8 ], [ -72.8, 21.2 ] ] } },
{ "type": "Feature", "properties": { "sid": "2004258N16300", "name": "Jeanne", "season": 2004, "cat": 0, "wind": 45 }, "geometry": { "type": "LineString", "coordinates": [ [ -72.8, 21.2 ], [ -72.6, 21.5 ] ] } },
{ "type": "Feature", "properties": { "sid": "2004258N16300", "name": "Jeanne", "season": 2004, "cat": 0, "wind": 43 }, "geometry": { "type": "LineString", "coordinates": [ [ -72.6, 21.5 ], [ -72.3, 21.7 ] ] } },
{ "type": "Feature", "properties": { "sid": "2004258N16300", "name": "Jeanne", "season": 2004, "cat": 0, "wind": 40 }, "geometry": { "type": "LineString", "coordinates": [ [ -72.3, 21.7 ], [ -72.2, 21.9 ] ] } },
{ "type": "Feature", "properties": { "sid": "2004258N16300", "name": "Jeanne", "season": 2004, "cat": 0, "wind": 40 }, "geometry": { "type": "LineString", "coordinates": [ [ -72.2, 21.9 ], [ -72.2, 22.2 ] ] } },
{ "type": "Feature", "properties": { "sid": "2004258N16300", "name": "Jeanne", "season": 2004, "cat": 0, "wind": 40 }, "geometry": { "type": "LineString", "coordinates": [ [ -72.2, 22.2 ], [ -72.2, 22.5 ] ] } },
{ "type": "Feature", "properties": { "sid": "2004258N16300", "name": "Jeanne", "season": 2004, "cat": 0, "wind": 40 }, "geometry": { "type": "LineString", "coordinates": [ [ -72.2, 22.5 ], [ -72.3, 22.8 ] ] } },
{ "type": "Feature", "properties": { "sid": "2004258N16300", "name": "Jeanne", "season": 2004, "cat": 0, "wind": 40 }, "geometry": { "type": "LineString", "coordinates": [ [ -72.3, 22.8 ], [ -72.4, 23.1 ] ] } },
{ "type": "Feature", "properties": { "sid": "2004258N16300", "name": "Jeanne", "season": 2004, "cat": 0, "wind": 40 }, "geometry": { "type": "LineString", "coordinates": [ [ -72.4, 23.1 ], [ -72.5, 23.5 ] ] } },
{ "type": "Feature", "properties": { "sid": "2004258N16300", "name": "Jeanne", "season": 2004, "cat": 0, "wind": 40 }, "geometry": { "type": "LineString", "coordinates": [ [ -72.5, 23.5 ], [ -72.4, 23.9 ] ] } },
{ "type": "Feature", "properties": { "sid": "2004258N16300", "name": "Jeanne", "season": 2004, "cat": 0, "wind": 43 }, "geometry": { "type": "LineString", "coordinates": [ [ -72.4, 23.9 ], [ -72.3, 24.2 ] ] } },
{ "type": "Feature", "properties": { "sid": "2004258N16300", "name": "Jeanne", "season": 2004, "cat": 2, "wind": 85 }, "geometry": { "type": "LineString", "coordinates": [ [ -69.1, 25.6 ], [ -69.3, 25.5 ] ] } },
{ "type": "Feature", "properties": { "sid": "2004258N16300", "name": "Jeanne", "season": 2004, "cat": 2, "wind": 85 }, "geometry": { "type": "LineString", "coordinates": [ [ -69.3, 25.5 ], [ -69.4, 25.5 ] ] } },
{ "type": "Feature", "properties": { "sid": "2005186N12299", "name": "Dennis", "season": 2005, "cat": -1, "wind": 25 }, "geometry": { "type": "LineString", "coordinates": [ [ -60.8, 12.0 ], [ -61.6, 12.1 ] ] } },
{ "type": "Feature", "properties": { "sid": "2005186N12299", "name": "Dennis", "season": 2005, "cat": -1, "wind": 30 }, "geometry": { "type": "LineString", "coordinates": [ [ -61.6, 12.1 ], [ -62.5, 12.2 ] ] } },
{ "type": "Feature", "properties": { "sid": "2005186N12299", "name": "Dennis", "season": 2005, "cat": -1, "wind": 30 }, "geometry": { "type": "LineString", "coordinates": [ [ -62.5, 12.2 ], [ -63.4, 12.3 ] ] } },
{ "type": "Feature", "properties": { "sid": "2005186N12299", "name": "Dennis", "season": 2005, "cat": -1, "wind": 30 }, "geometry": { "type": "LineString", "coordinates": [ [ -63.4, 12.3 ], [ -64.2, 12.5 ] ] } },
{ "type": "Feature", "properties": { "sid": "2005186N12299", "name": "Dennis", "season": 2005, "cat": -1, "wind": 30 }, "geometry": { "type": "LineString", "coordinates": [ [ -64.2, 12.5 ], [ -65.1, 12.7 ] ] } },
{ "type": "Feature", "properties": { "sid": "2005186N12299", "name": "Dennis", "season": 2005, "cat": -1, "wind": 33 }, "geometry": { "type": "LineString", "coordinates": [ [ -65.1, 12.7 ], [ -65.9, 13.0 ] ] } },
{ "type": "Feature", "properties": { "sid": "2005186N12299", "name": "Dennis", "season": 2005, "cat": 0, "wind": 35 }, "geometry": { "type": "LineString", "coordinates": [ [ -65.9, 13.0 ], [ -66.6, 13.3 ] ] } },
{ "type": "Feature", "properties": { "sid": "2005186N12299", "name": "Dennis", "season": 2005, "cat": 0, "wind": 38 }, "geometry": { "type": "LineString", "coordinates": [ [ -66.6, 13.3 ], [ -67.3, 13.6 ] ] } },
{ "type": "Feature", "properties": { "sid": "2005186N12299", "name": "Dennis", "season": 2005, "cat": 0, "wind": 40 }, "geometry": { "type": "LineString", "coordinates": [ [ -67.3, 13.6 ], [ -67.9, 14.0 ] ] } },
{ "type": "Feature", "properties": { "sid": "2005186N12299", "name": "Dennis", "season": 2005, "cat": 0, "wind": 43 }, "geometry": { "type": "LineString", "coordinates": [ [ -67.9, 14.0 ], [ -68.5, 14.3 ] ] } },
{ "type": "Feature", "properties": { "sid": "2005186N12299", "name": "Dennis", "season": 2005, "cat": 0, "wind": 45 }, "geometry": { "type": "LineString", "coordinates": [ [ -68.5, 14.3 ], [ -69.1, 14.5 ] ] } },
{ "type": "Feature", "properties": { "sid": "2005186N12299", "name": "Dennis", "season": 2005, "cat": 0, "wind": 48 }, "geometry": { "type": "LineString", "coordinates": [ [ -69.1, 14.5 ], [ -69.7, 14.7 ] ] } },
{ "type": "Feature", "properties": { "sid": "2005186N12299", "name": "Dennis", "season": 2005, "cat": 0, "wind": 50 }, "geometry": { "type": "LineString", "coordinates": [ [ -69.7, 14.7 ], [ -70.3, 14.9 ] ] } },
{ "type": "Feature", "properties": { "sid": "2005186N12299", "name": "Dennis", "season": 2005, "cat": 0, "wind": 53 }, "geometry": { "type": "LineString", "coordinates": [ [ -70.3, 14.9 ], [ -70.9, 15.1 ] ] } },
{ "type": "Feature", "properties": { "sid": "2005186N12299", "name": "Dennis", "season": 2005, "cat": 0, "wind": 55 }, "geometry": { "type": "LineString", "coordinates": [ [ -70.9, 15.1 ], [ -71.4, 15.3 ] ] } },
{ "type": "Feature", "properties": { "sid": "2005186N12299", "name": "Dennis", "season": 2005, "cat": 0, "wind": 58 }, "geometry": { "type": "LineString", "coordinates": [ [ -71.4, 15.3 ], [ -71.9, 15.6 ] ] } },
{ "type": "Feature", "properties": { "sid": "2005186N12299", "name": "Dennis", "season": 2005, "cat": 0, "wind": 60 }, "geometry": { "type": "LineString", "coordinates": [ [ -71.9, 15.6 ], [ -72.4, 15.9 ] ] } },
{ "type": "Feature", "properties": { "sid": "2005186N12299", "name": "Dennis", "season": 2005, "cat": 1, "wind": 65 }, "geometry": { "type": "LineString", "coordinates": [ [ -72.4, 15.9 ], [ -73.0, 16.2 ] ] } },
{ "type": "Feature", "properties": { "sid": "2005186N12299", "name": "Dennis", "season": 2005, "cat": 1, "wind": 70 }, "geometry": { "type": "LineString", "coordinates": [ [ -73.0, 16.2 ], [ -73.6, 16.4 ] ] } },
{ "type": "Feature", "properties": { "sid": "2005186N12299", "name": "Dennis", "season": 2005, "cat": 1, "wind": 75 }, "geometry": { "type": "LineString", "coordinates": [ [ -73.6, 16.4 ], [ -74.1, 16.7 ] ] } },
{ "type": "Feature", "properties": { "sid": "2005186N12299", "name": "Dennis", "season": 2005, "cat": 1, "wind": 80 }, "geometry": { "type": "LineString", "coordinates": [ [ -74.1, 16.7 ], [ -74.5, 17.1 ] ] } },
{ "type": "Feature", "properties": { "sid": "2005186N12299", "name": "Dennis", "season": 2005, "cat": 2, "wind": 85 }, "geometry": { "type": "LineString", "coordinates": [ [ -74.5, 17.1 ], [ -74.9, 17.6 ] ] } },
{ "type": "Feature", "properties": { "sid": "2005192N11318", "name": "Emily", "season": 2005, "cat": 1, "wind": 73 }, "geometry": { "type": "LineString", "coordinates": [ [ -60.8, 11.7 ], [ -61.5, 11.9 ] ] } },
{ "type": "Feature", "properties": { "sid": "2005192N11318", "name": "Emily", "season": 2005, "cat": 1, "wind": 75 }, "geometry": { "type": "LineString", "coordinates": [ [ -61.5, 11.9 ], [ -61.8, 12.0 ] ] } },
{ "type": "Feature", "properties": { "sid": "2005192N11318", "name": "Emily", "season": 2005, "cat": 1, "wind": 75 }, "geometry": { "type": "LineString", "coordinates": [ [ -61.8, 12.0 ], [ -62.4, 12.2 ] ] } },
{ "type": "Feature", "properties": { "sid": "2005192N11318", "name": "Emily", "season": 2005, "cat": 1, "wind": 79 }, "geometry": { "type": "LineString", "coordinates": [ [ -62.4, 12.2 ], [ -63.2, 12.4 ] ] } },
{ "type": "Feature", "properties": { "sid": "2005192N11318", "name": "Emily", "season": 2005, "cat": 2, "wind": 85 }, "geometry": { "type": "LineString", "coordinates": [ [ -63.2, 12.4 ], [ -64.0, 12.7 ] ] } },
{ "type": "Feature", "properties": { "sid": "2005192N11318", "name": "Emily", "season": 2005, "cat": 2, "wind": 93 }, "geometry": { "type": "LineString", "coordinates": [ [ -64.0, 12.7 ], [ -64.9, 12.9 ] ] } },
{ "type": "Feature", "properties": { "sid": "2005192N11318", "name": "Emily", "season": 2005, "cat": 3, "wind": 100 }, "geometry": { "type": "LineString", "coordinates": [ [ -64.9, 12.9 ], [ -65.8, 13.1 ] ] } },
{ "type": "Feature", "properties": { "sid": "2005192N11318", "name": "Emily", "season": 2005, "cat": 3, "wind": 105 }, "geometry": { "type": "LineString", "coordinates": [ [ -65.8, 13.1 ], [ -66.7, 13.3 ] ] } },
{ "type": "Feature", "properties": { "sid": "2005192N11318", "name": "Emily", "season": 2005, "cat": 3, "wind": 110 }, "geometry": { "type": "LineString", "coordinates": [ [ -66.7, 13.3 ], [ -67.6, 13.5 ] ] } },
{ "type": "Feature", "properties": { "sid": "2005192N11318", "name": "Emily", "season": 2005, "cat": 4, "wind": 113 }, "geometry": { "type": "LineString", "coordinates": [ [ -67.6, 13.5 ], [ -68.4, 13.7 ] ] } },
{ "type": "Feature", "properties": { "sid": "2005192N11318", "name": "Emily", "season": 2005, "cat": 4, "wind": 115 }, "geometry": { "type": "LineString", "coordinates": [ [ -68.4, 13.7 ], [ -69.3, 13.9 ] ] } },
{ "type": "Feature", "properties": { "sid": "2005192N11318", "name": "Emily", "season": 2005, "cat": 4, "wind": 115 }, "geometry": { "type": "LineString", "coordinates": [ [ -69.3, 13.9 ], [ -70.1, 14.1 ] ] } },
{ "type": "Feature", "properties": { "sid": "2005192N11318", "name": "Emily", "season": 2005, "cat": 4, "wind": 115 }, "geometry": { "type": "LineString", "coordinates": [ [ -70.1, 14.1 ], [ -71.0, 14.3 ] ] } },
{ "type": "Feature", "properties": { "sid": "2005192N11318", "name": "Emily", "season": 2005, "cat": 3, "wind": 105 }, "geometry": { "type": "LineString", "coordinates": [ [ -71.0, 14.3 ], [ -71.8, 14.5 ] ] } },
{ "type": "Feature", "properties": { "sid": "2005192N11318", "name": "Emily", "season": 2005, "cat": 2, "wind": 95 }, "geometry": { "type": "LineString", "coordinates": [ [ -71.8, 14.5 ], [ -72.6, 14.7 ] ] } },
{ "type": "Feature", "properties": { "sid": "2005192N11318", "name": "Emily", "season": 2005, "cat": 3, "wind": 103 }, "geometry": { "type": "LineString", "coordinates": [ [ -72.6, 14.7 ], [ -73.4, 14.9 ] ] } },
{ "type": "Feature", "properties": { "sid": "2005192N11318", "name": "Emily", "season": 2005, "cat": 3, "wind": 110 }, "geometry": { "type": "LineString", "coordinates": [ [ -73.4, 14.9 ], [ -74.2, 15.1 ] ] } },
{ "type": "Feature", "properties": { "sid": "2005261N21290", "name": "Rita", "season": 2005, "cat": -1, "wind": 25 }, "geometry": { "type": "LineString", "coordinates": [ [ -69.9, 21.3 ], [ -70.3, 21.5 ] ] } },
{ "type": "Feature", "properties": { "sid": "2005261N21290", "name": "Rita", "season": 2005, "cat": -1, "wind": 25 }, "geometry": { "type": "LineString", "coordinates": [ [ -70.3, 21.5 ], [ -70.7, 21.6 ] ] } },
{ "type": "Feature", "properties": { "sid": "2005261N21290", "name": "Rita", "season": 2005, "cat": -1, "wind": 25 }, "geometry": { "type": "LineString", "coordinates": [ [ -70.7, 21.6 ], [ -71.1, 21.7 ] ] } },
{ "type": "Feature", "properties": { "sid": "2005261N21290", "name": "Rita", "season": 2005, "cat": -1, "wind": 28 }, "geometry": { "type": "LineString", "coordinates": [ [ -71.1, 21.7 ], [ -71.5, 21.9 ] ] } },
{ "type": "Feature", "properties": { "sid": "2005261N21290", "name": "Rita", "season": 2005, "cat": -1, "wind": 30 }, "geometry": { "type": "LineString", "coordinates": [ [ -71.5, 21.9 ], [ -71.9, 22.1 ] ] } },
{ "type": "Feature", "properties": { "sid": "2005261N21290", "name": "Rita", "season": 2005, "cat": -1, "wind": 33 }, "geometry": { "type": "LineString", "coordinates": [ [ -71.9, 22.1 ], [ -72.3, 22.2 ] ] } },
{ "type": "Feature", "properties": { "sid": "2005261N21290", "name": "Rita", "season": 2005, "cat": 0, "wind": 35 }, "geometry": { "type": "LineString", "coordinates": [ [ -72.3, 22.2 ], [ -72.7, 22.3 ] ] } },
{ "type": "Feature", "properties": { "sid": "2005261N21290", "name": "Rita", "season": 2005, "cat": 0, "wind": 40 }, "geometry": { "type": "LineString", "coordinates": [ [ -72.7, 22.3 ], [ -73.0, 22.4 ] ] } },
{ "type": "Feature", "properties": { "sid": "2005261N21290", "name": "Rita", "season": 2005, "cat": 0, "wind": 45 }, "geometry": { "type": "LineString", "coordinates": [ [ -73.0, 22.4 ], [ -73.4, 22.5 ] ] } },
{ "type": "Feature", "properties": { "sid": "2005261N21290", "name": "Rita", "season": 2005, "cat": 0, "wind": 48 }, "geometry": { "type": "LineString", "coordinates": [ [ -73.4, 22.5 ], [ -73.8, 22.6 ] ] } },
{ "type": "Feature", "properties": { "sid": "2005296N16293", "name": "Alpha", "season": 2005, "cat": -1, "wind": 30 }, "geometry": { "type": "LineString", "coordinates": [ [ -67.5, 15.8 ], [ -68.0, 16.1 ] ] } },
{ "type": "Feature", "properties": { "sid": "2005296N16293", "name": "Alpha", "season": 2005, "cat": -1, "wind": 33 }, "geometry": { "type": "LineString", "coordinates": [ [ -68.0, 16.1 ], [ -68.5, 16.5 ] ] } },
{ "type": "Feature", "properties": { "sid": "2005296N16293", "name": "Alpha", "season": 2005, "cat": 0, "wind": 35 }, "geometry": { "type": "LineString", "coordinates": [ [ -68.5, 16.5 ], [ -69.1, 16.9 ] ] } },
{ "type": "Feature", "properties": { "sid": "2005296N16293", "name": "Alpha", "season": 2005, "cat": 0, "wind": 40 }, "geometry": { "type": "LineString", "coordinates": [ [ -69.1, 16.9 ], [ -69.6, 17.3 ] ] } },
{ "type": "Feature", "properties": { "sid": "2005296N16293", "name": "Alpha", "season": 2005, "cat": 0, "wind": 45 }, "geometry": { "type": "LineString", "coordinates": [ [ -69.6, 17.3 ], [ -70.0, 17.5 ] ] } },
{ "type": "Feature", "properties": { "sid": "2005296N16293", "name": "Alpha", "season": 2005, "cat": 0, "wind": 45 }, "geometry": { "type": "LineString", "coordinates": [ [ -70.0, 17.5 ], [ -70.5, 17.8 ] ] } },
{ "type": "Feature", "properties": { "sid": "2005296N16293", "name": "Alpha", "season": 2005, "cat": 0, "wind": 45 }, "geometry": { "type": "LineString", "coordinates": [ [ -70.5, 17.8 ], [ -71.0, 18.2 ] ] } },
{ "type": "Feature", "properties": { "sid": "2005296N16293", "name": "Alpha", "season": 2005, "cat": 0, "wind": 45 }, "geometry": { "type": "LineString", "coordinates": [ [ -71.0, 18.2 ], [ -71.3, 18.3 ] ] } },
{ "type": "Feature", "properties": { "sid": "2005296N16293", "name": "Alpha", "season": 2005, "cat": 0, "wind": 45 }, "geometry": { "type": "LineString", "coordinates": [ [ -71.3, 18.3 ], [ -72.2, 18.6 ] ] } },
{ "type": "Feature", "properties": { "sid": "2005296N16293", "name": "Alpha", "season": 2005, "cat": 0, "wind": 35 }, "geometry": { "type": "LineString", "coordinates": [ [ -72.2, 18.6 ], [ -72.7, 19.1 ] ] } },
{ "type": "Feature", "properties": { "sid": "2005296N16293", "name": "Alpha", "season": 2005, "cat": -1, "wind": 33 }, "geometry": { "type": "LineString", "coordinates": [ [ -72.7, 19.1 ], [ -72.7, 19.8 ] ] } },
{ "type": "Feature", "properties": { "sid": "2005296N16293", "name": "Alpha", "season": 2005, "cat": -1, "wind": 30 }, "geometry": { "type": "LineString", "coordinates": [ [ -72.7, 19.8 ], [ -72.8, 20.6 ] ] } },
{ "type": "Feature", "properties": { "sid": "2005296N16293", "name": "Alpha", "season": 2005, "cat": -1, "wind": 30 }, "geometry": { "type": "LineString", "coordinates": [ [ -72.8, 20.6 ], [ -72.9, 21.6 ] ] } },
{ "type": "Feature", "properties": { "sid": "2005296N16293", "name": "Alpha", "season": 2005, "cat": -1, "wind": 30 }, "geometry": { "type": "LineString", "coordinates": [ [ -72.9, 21.6 ], [ -73.0, 22.6 ] ] } },
{ "type": "Feature", "properties": { "sid": "2005296N16293", "name": "Alpha", "season": 2005, "cat": -1, "wind": 30 }, "geometry": { "type": "LineString", "coordinates": [ [ -73.0, 22.6 ], [ -73.0, 23.5 ] ] } },
{ "type": "Feature", "properties": { "sid": "2005318N13298", "name": "Gamma", "season": 2005, "cat": -1, "wind": 30 }, "geometry": { "type": "LineString", "coordinates": [ [ -62.1, 13.2 ], [ -62.5, 13.4 ] ] } },
{ "type": "Feature", "properties": { "sid": "2005318N13298", "name": "Gamma", "season": 2005, "cat": -1, "wind": 30 }, "geometry": { "type": "LineString", "coordinates": [ [ -62.5, 13.4 ], [ -62.8, 13.6 ] ] } },
{ "type": "Feature", "properties": { "sid": "2005318N13298", "name": "Gamma", "season": 2005, "cat": -1, "wind": 30 }, "geometry": { "type": "LineString", "coordinates": [ [ -62.8, 13.6 ], [ -63.1, 13.7 ] ] } },
{ "type": "Feature", "properties": { "sid": "2005318N13298", "name": "Gamma", "season": 2005, "cat": -1, "wind": 30 }, "geometry": { "type": "LineString", "coordinates": [ [ -63.1, 13.7 ], [ -63.4, 13.8 ] ] } },
{ "type": "Feature", "properties": { "sid": "2005318N13298", "name": "Gamma", "season": 2005, "cat": -1, "wind": 30 }, "geometry": { "type": "LineString", "coordinates": [ [ -63.4, 13.8 ], [ -63.8, 14.0 ] ] } },
{ "type": "Feature", "properties": { "sid": "2005318N13298", "name": "Gamma", "season": 2005, "cat": -1, "wind": 30 }, "geometry": { "type": "LineString", "coordinates": [ [ -63.8, 14.0 ], [ -64.2, 14.1 ] ] } },
{ "type": "Feature", "properties": { "sid": "2005318N13298", "name": "Gamma", "season": 2005, "cat": -1, "wind": 30 }, "geometry": { "type": "LineString", "coordinates": [ [ -64.2, 14.1 ], [ -64.6, 14.2 ] ] } },
{ "type": "Feature", "properties": { "sid": "2005318N13298", "name": "Gamma", "season": 2005, "cat": -1, "wind": 30 }, "geometry": { "type": "LineString", "coordinates": [ [ -64.6, 14.2 ], [ -65.0, 14.2 ] ] } },
{ "type": "Feature", "properties": { "sid": "2005318N13298", "name": "Gamma", "season": 2005, "cat": -1, "wind": 30 }, "geometry": { "type": "LineString", "coordinates": [ [ -65.0, 14.2 ], [ -65.5, 14.2 ] ] } },
{ "type": "Feature", "properties": { "sid": "2005318N13298", "name": "Gamma", "season": 2005, "cat": -1, "wind": 33 }, "geometry": { "type": "LineString", "coordinates": [ [ -65.5, 14.2 ], [ -66.0, 14.3 ] ] } },
{ "type": "Feature", "properties": { "sid": "2005318N13298", "name": "Gamma", "season": 2005, "cat": 0, "wind": 35 }, "geometry": { "type": "LineString", "coordinates": [ [ -66.0, 14.3 ], [ -66.5, 14.3 ] ] } },
{ "type": "Feature", "properties": { "sid": "2005318N13298", "name": "Gamma", "season": 2005, "cat": 0, "wind": 35 }, "geometry": { "type": "LineString", "coordinates": [ [ -66.5, 14.3 ], [ -67.1, 14.4 ] ] } },
{ "type": "Feature", "properties": { "sid": "2005318N13298", "name": "Gamma", "season": 2005, "cat": 0, "wind": 35 }, "geometry": { "type": "LineString", "coordinates": [ [ -67.1, 14.4 ], [ -67.7, 14.5 ] ] } },
{ "type": "Feature", "properties": { "sid": "2005318N13298", "name": "Gamma", "season": 2005, "cat": -1, "wind": 33 }, "geometry": { "type": "LineString", "coordinates": [ [ -67.7, 14.5 ], [ -68.4, 14.7 ] ] } },
{ "type": "Feature", "properties": { "sid": "2005318N13298", "name": "Gamma", "season": 2005, "cat": -1, "wind": 30 }, "geometry": { "type": "LineString", "coordinates": [ [ -68.4, 14.7 ], [ -69.1, 14.8 ] ] } },
{ "type": "Feature", "properties": { "sid": "2005318N13298", "name": "Gamma", "season": 2005, "cat": -1, "wind": 30 }, "geometry": { "type": "LineString", "coordinates": [ [ -69.1, 14.8 ], [ -69.9, 14.8 ] ] } },
{ "type": "Feature", "properties": { "sid": "2005318N13298", "name": "Gamma", "season": 2005, "cat": -1, "wind": 30 }, "geometry": { "type": "LineString", "coordinates": [ [ -69.9, 14.8 ], [ -70.7, 14.8 ] ] } },
{ "type": "Feature", "properties": { "sid": "2005318N13298", "name": "Gamma", "season": 2005, "cat": -1, "wind": 30 }, "geometry": { "type": "LineString", "coordinates": [ [ -70.7, 14.8 ], [ -71.5, 14.8 ] ] } },
{ "type": "Feature", "properties": { "sid": "2005318N13298", "name": "Gamma", "season": 2005, "cat": -1, "wind": 30 }, "geometry": { "type": "LineString", "coordinates": [ [ -71.5, 14.8 ], [ -72.2, 14.7 ] ] } },
{ "type": "Feature", "properties": { "sid": "2005318N13298", "name": "Gamma", "season": 2005, "cat": -1, "wind": 28 }, "geometry": { "type": "LineString", "coordinates": [ [ -72.2, 14.7 ], [ -73.1, 14.7 ] ] } },
{ "type": "Feature", "properties": { "sid": "2005318N13298", "name": "Gamma", "season": 2005, "cat": -1, "wind": 25 }, "geometry": { "type": "LineString", "coordinates": [ [ -73.1, 14.7 ], [ -74.2, 14.7 ] ] } },
{ "type": "Feature", "properties": { "sid": "2006213N16302", "name": "Chris", "season": 2006, "cat": -1, "wind": 30 }, "geometry": { "type": "LineString", "coordinates": [ [ -58.1, 16.3 ], [ -58.5, 16.6 ] ] } },
{ "type": "Feature", "properties": { "sid": "2006213N16302", "name": "Chris", "season": 2006, "cat": -1, "wind": 33 }, "geometry": { "type": "LineString", "coordinates": [ [ -58.5, 16.6 ], [ -58.9, 16.8 ] ] } },
{ "type": "Feature", "properties": { "sid": "2006213N16302", "name": "Chris", "season": 2006, "cat": 0, "wind": 35 }, "geometry": { "type": "LineString", "coordinates": [ [ -58.9, 16.8 ], [ -59.4, 17.0 ] ] } },
{ "type": "Feature", "properties": { "sid": "2006213N16302", "name": "Chris", "season": 2006, "cat": 0, "wind": 38 }, "geometry": { "type": "LineString", "coordinates": [ [ -59.4, 17.0 ], [ -59.8, 17.2 ] ] } },
{ "type": "Feature", "properties": { "sid": "2006213N16302", "name": "Chris", "season": 2006, "cat": 0, "wind": 40 }, "geometry": { "type": "LineString", "coordinates": [ [ -59.8, 17.2 ], [ -60.2, 17.4 ] ] } },
{ "type": "Feature", "properties": { "sid": "2006213N16302", "name": "Chris", "season": 2006, "cat": 0, "wind": 45 }, "geometry": { "type": "LineString", "coordinates": [ [ -60.2, 17.4 ], [ -60.6, 17.7 ] ] } },
{ "type": "Feature", "properties": { "sid": "2006213N16302", "name": "Chris", "season": 2006, "cat": 0, "wind": 50 }, "geometry": { "type": "LineString", "coordinates": [ [ -60.6, 17.7 ], [ -61.0, 17.9 ] ] } },
{ "type": "Feature", "properties": { "sid": "2006213N16302", "name": "Chris", "season": 2006, "cat": 0, "wind": 50 }, "geometry": { "type": "LineString", "coordinates": [ [ -61.0, 17.9 ], [ -61.4, 18.1 ] ] } },
{ "type": "Feature", "properties": { "sid": "2006213N16302", "name": "Chris", "season": 2006, "cat": 0, "wind": 50 }, "geometry": { "type": "LineString", "coordinates": [ [ -61.4, 18.1 ], [ -61.8, 18.3 ] ] } },
{ "type": "Feature", "properties": { "sid": "2006213N16302", "name": "Chris", "season": 2006, "cat": 0, "wind": 53 }, "geometry": { "type": "LineString", "coordinates": [ [ -61.8, 18.3 ], [ -62.2, 18.5 ] ] } },
{ "type": "Feature", "properties": { "sid": "2006213N16302", "name": "Chris", "season": 2006, "cat": 0, "wind": 55 }, "geometry": { "type": "LineString", "coordinates": [ [ -62.2, 18.5 ], [ -62.6, 18.7 ] ] } },
{ "type": "Feature", "properties": { "sid": "2006213N16302", "name": "Chris", "season": 2006, "cat": 0, "wind": 55 }, "geometry": { "type": "LineString", "coordinates": [ [ -62.6, 18.7 ], [ -63.0, 19.0 ] ] } },
{ "type": "Feature", "properties": { "sid": "2006213N16302", "name": "Chris", "season": 2006, "cat": 0, "wind": 55 }, "geometry": { "type": "LineString", "coordinates": [ [ -63.0, 19.0 ], [ -63.4, 19.3 ] ] } },
{ "type": "Feature", "properties": { "sid": "2006213N16302", "name": "Chris", "season": 2006, "cat": 0, "wind": 53 }, "geometry": { "type": "LineString", "coordinates": [ [ -63.4, 19.3 ], [ -63.9, 19.6 ] ] } },
{ "type": "Feature", "properties": { "sid": "2006213N16302", "name": "Chris", "season": 2006, "cat": 0, "wind": 50 }, "geometry": { "type": "LineString", "coordinates": [ [ -63.9, 19.6 ], [ -64.3, 19.8 ] ] } },
{ "type": "Feature", "properties": { "sid": "2006213N16302", "name": "Chris", "season": 2006, "cat": 0, "wind": 50 }, "geometry": { "type": "LineString", "coordinates": [ [ -64.3, 19.8 ], [ -64.8, 19.9 ] ] } },
{ "type": "Feature", "properties": { "sid": "2006213N16302", "name": "Chris", "season": 2006, "cat": 0, "wind": 50 }, "geometry": { "type": "LineString", "coordinates": [ [ -64.8, 19.9 ], [ -65.3, 20.1 ] ] } },
{ "type": "Feature", "properties": { "sid": "2006213N16302", "name": "Chris", "season": 2006, "cat": 0, "wind": 45 }, "geometry": { "type": "LineString", "coordinates": [ [ -65.3, 20.1 ], [ -65.8, 20.2 ] ] } },
{ "type": "Feature", "properties": { "sid": "2006213N16302", "name": "Chris", "season": 2006, "cat": 0, "wind": 40 }, "geometry": { "type": "LineString", "coordinates": [ [ -65.8, 20.2 ], [ -66.3, 20.3 ] ] } },
{ "type": "Feature", "properties": { "sid": "2006213N16302", "name": "Chris", "season": 2006, "cat": 0, "wind": 38 }, "geometry": { "type": "LineString", "coordinates": [ [ -66.3, 20.3 ], [ -66.8, 20.4 ] ] } },
{ "type": "Feature", "properties": { "sid": "2006213N16302", "name": "Chris", "season": 2006, "cat": 0, "wind": 35 }, "geometry": { "type": "LineString", "coordinates": [ [ -66.8, 20.4 ], [ -67.3, 20.5 ] ] } },
{ "type": "Feature", "properties": { "sid": "2006213N16302", "name": "Chris", "season": 2006, "cat": -1, "wind": 33 }, "geometry": { "type": "LineString", "coordinates": [ [ -67.3, 20.5 ], [ -67.7, 20.6 ] ] } },
{ "type": "Feature", "properties": { "sid": "2006213N16302", "name": "Chris", "season": 2006, "cat": -1, "wind": 30 }, "geometry": { "type": "LineString", "coordinates": [ [ -67.7, 20.6 ], [ -68.2, 20.7 ] ] } },
{ "type": "Feature", "properties": { "sid": "2006213N16302", "name": "Chris", "season": 2006, "cat": -1, "wind": 30 }, "geometry": { "type": "LineString", "coordinates": [ [ -68.2, 20.7 ], [ -68.7, 20.7 ] ] } },
{ "type": "Feature", "properties": { "sid": "2006213N16302", "name": "Chris", "season": 2006, "cat": -1, "wind": 30 }, "geometry": { "type": "LineString", "coordinates": [ [ -68.7, 20.7 ], [ -69.5, 20.7 ] ] } },
{ "type": "Feature", "properties": { "sid": "2006213N16302", "name": "Chris", "season": 2006, "cat": -1, "wind": 28 }, "geometry": { "type": "LineString", "coordinates": [ [ -69.5, 20.7 ], [ -70.2, 20.8 ] ] } },
{ "type": "Feature", "properties": { "sid": "2006213N16302", "name": "Chris", "season": 2006, "cat": -3, "wind": 25 }, "geometry": { "type": "LineString", "coordinates": [ [ -70.2, 20.8 ], [ -70.7, 21.0 ] ] } },
{ "type": "Feature", "properties": { "sid": "2006213N16302", "name": "Chris", "season": 2006, "cat": -3, "wind": 25 }, "geometry": { "type": "LineString", "coordinates": [ [ -70.7, 21.0 ], [ -71.1, 21.2 ] ] } },
{ "type": "Feature", "properties": { "sid": "2006213N16302", "name": "Chris", "season": 2006, "cat": -3, "wind": 25 }, "geometry": { "type": "LineString", "coordinates": [ [ -71.1, 21.2 ], [ -71.6, 21.3 ] ] } },
{ "type": "Feature", "properties": { "sid": "2006213N16302", "name": "Chris", "season": 2006, "cat": -3, "wind": 25 }, "geometry": { "type": "LineString", "coordinates": [ [ -71.6, 21.3 ], [ -72.2, 21.3 ] ] } },
{ "type": "Feature", "properties": { "sid": "2006213N16302", "name": "Chris", "season": 2006, "cat": -3, "wind": 25 }, "geometry": { "type": "LineString", "coordinates": [ [ -72.2, 21.3 ], [ -72.8, 21.4 ] ] } },
{ "type": "Feature", "properties": { "sid": "2006213N16302", "name": "Chris", "season": 2006, "cat": -3, "wind": 25 }, "geometry": { "type": "LineString", "coordinates": [ [ -72.8, 21.4 ], [ -73.4, 21.5 ] ] } },
{ "type": "Feature", "properties": { "sid": "2006213N16302", "name": "Chris", "season": 2006, "cat": -3, "wind": 25 }, "geometry": { "type": "LineString", "coordinates": [ [ -73.4, 21.5 ], [ -74.2, 21.6 ] ] } },
{ "type": "Feature", "properties": { "sid": "2006213N16302", "name": "Chris", "season": 2006, "cat": -3, "wind": 23 }, "geometry": { "type": "LineString", "coordinates": [ [ -74.2, 21.6 ], [ -75.0, 21.6 ] ] } },
{ "type": "Feature", "properties": { "sid": "2006237N13298", "name": "Ernesto", "season": 2006, "cat": -1, "wind": 30 }, "geometry": { "type": "LineString", "coordinates": [ [ -61.6, 12.7 ], [ -62.3, 12.9 ] ] } },
{ "type": "Feature", "properties": { "sid": "2006237N13298", "name": "Ernesto", "season": 2006, "cat": -1, "wind": 30 }, "geometry": { "type": "LineString", "coordinates": [ [ -62.3, 12.9 ], [ -63.0, 13.0 ] ] } },
{ "type": "Feature", "properties": { "sid": "2006237N13298", "name": "Ernesto", "season": 2006, "cat": -1, "wind": 30 }, "geometry": { "type": "LineString", "coordinates": [ [ -63.0, 13.0 ], [ -63.7, 13.1 ] ] } },
{ "type": "Feature", "properties": { "sid": "2006237N13298", "name": "Ernesto", "season": 2006, "cat": -1, "wind": 30 }, "geometry": { "type": "LineString", "coordinates": [ [ -63.7, 13.1 ], [ -64.4, 13.3 ] ] } },
{ "type": "Feature", "properties": { "sid": "2006237N13298", "name": "Ernesto", "season": 2006, "cat": -1, "wind": 30 }, "geometry": { "type": "LineString", "coordinates": [ [ -64.4, 13.3 ], [ -65.1, 13.5 ] ] } },
{ "type": "Feature", "properties": { "sid": "2006237N13298", "name": "Ernesto", "season": 2006, "cat": -1, "wind": 33 }, "geometry": { "type": "LineString", "coordinates": [ [ -65.1, 13.5 ], [ -65.8, 13.7 ] ] } },
{ "type": "Feature", "properties": { "sid": "2006237N13298", "name": "Ernesto", "season": 2006, "cat": 0, "wind": 35 }, "geometry": { "type": "LineString", "coordinates": [ [ -65.8, 13.7 ], [ -66.5, 13.9 ] ] } },
{ "type": "Feature", "properties": { "sid": "2006237N13298", "name": "Ernesto", "season": 2006, "cat": 0, "wind": 35 }, "geometry": { "type": "LineString", "coordinates": [ [ -66.5, 13.9 ], [ -67.1, 14.0 ] ] } },
{ "type": "Feature", "properties": { "sid": "2006237N13298", "name": "Ernesto", "season": 2006, "cat": 0, "wind": 35 }, "geometry": { "type": "LineString", "coordinates": [ [ -67.1, 14.0 ], [ -67.7, 14.1 ] ] } },
{ "type": "Feature", "properties": { "sid": "2006237N13298", "name": "Ernesto", "season": 2006, "cat": 0, "wind": 38 }, "geometry": { "type": "LineString", "coordinates": [ [ -67.7, 14.1 ], [ -68.3, 14.3 ] ] } },
{ "type": "Feature", "properties": { "sid": "2006237N13298", "name": "Ernesto", "season": 2006, "cat": 0, "wind": 40 }, "geometry": { "type": "LineString", "coordinates": [ [ -68.3, 14.3 ], [ -68.9, 14.4 ] ] } },
{ "type": "Feature", "properties": { "sid": "2006237N13298", "name": "Ernesto", "season": 2006, "cat": 0, "wind": 43 }, "geometry": { "type": "LineString", "coordinates": [ [ -68.9, 14.4 ], [ -69.5, 14.6 ] ] } },
{ "type": "Feature", "properties": { "sid": "2006237N13298", "name": "Ernesto", "season": 2006, "cat": 0, "wind": 45 }, "geometry": { "type": "LineString", "coordinates": [ [ -69.5, 14.6 ], [ -70.0, 14.8 ] ] } },
{ "type": "Feature", "properties": { "sid": "2006237N13298", "name": "Ernesto", "season": 2006, "cat": 0, "wind": 48 }, "geometry": { "type": "LineString", "coordinates": [ [ -70.0, 14.8 ], [ -70.4, 15.1 ] ] } },
{ "type": "Feature", "properties": { "sid": "2006237N13298", "name": "Ernesto", "season": 2006, "cat": 0, "wind": 50 }, "geometry": { "type": "LineString", "coordinates": [ [ -70.4, 15.1 ], [ -70.8, 15.4 ] ] } },
{ "type": "Feature", "properties": { "sid": "2006237N13298", "name": "Ernesto", "season": 2006, "cat": 0, "wind": 53 }, "geometry": { "type": "LineString", "coordinates": [ [ -70.8, 15.4 ], [ -71.2, 15.7 ] ] } },
{ "type": "Feature", "properties": { "sid": "2006237N13298", "name": "Ernesto", "season": 2006, "cat": 0, "wind": 55 }, "geometry": { "type": "LineString", "coordinates": [ [ -71.2, 15.7 ], [ -71.6, 16.0 ] ] } },
{ "type": "Feature", "properties": { "sid": "2006237N13298", "name": "Ernesto", "season": 2006, "cat": 0, "wind": 55 }, "geometry": { "type": "LineString", "coordinates": [ [ -71.6, 16.0 ], [ -72.0, 16.3 ] ] } },
{ "type": "Feature", "properties": { "sid": "2006237N13298", "name": "Ernesto", "season": 2006, "cat": 0, "wind": 55 }, "geometry": { "type": "LineString", "coordinates": [ [ -72.0, 16.3 ], [ -72.4, 16.6 ] ] } },
{ "type": "Feature", "properties": { "sid": "2006237N13298", "name": "Ernesto", "season": 2006, "cat": 0, "wind": 60 }, "geometry": { "type": "LineString", "coordinates": [ [ -72.4, 16.6 ], [ -72.7, 16.9 ] ] } },
{ "type": "Feature", "properties": { "sid": "2006237N13298", "name": "Ernesto", "season": 2006, "cat": 1, "wind": 65 }, "geometry": { "type": "LineString", "coordinates": [ [ -72.7, 16.9 ], [ -73.1, 17.2 ] ] } },
{ "type": "Feature", "properties": { "sid": "2006237N13298", "name": "Ernesto", "season": 2006, "cat": 0, "wind": 60 }, "geometry": { "type": "LineString", "coordinates": [ [ -73.1, 17.2 ], [ -73.4, 17.4 ] ] } },
{ "type": "Feature", "properties": { "sid": "2006237N13298", "name": "Ernesto", "season": 2006, "cat": 0, "wind": 55 }, "geometry": { "type": "LineString", "coordinates": [ [ -73.4, 17.4 ], [ -73.7, 17.6 ] ] } },
{ "type": "Feature", "properties": { "sid": "2006237N13298", "name": "Ernesto", "season": 2006, "cat": 0, "wind": 50 }, "geometry": { "type": "LineString", "coordinates": [ [ -73.7, 17.6 ], [ -74.0, 17.8 ] ] } },
{ "type": "Feature", "properties": { "sid": "2006237N13298", "name": "Ernesto", "season": 2006, "cat": 0, "wind": 45 }, "geometry": { "type": "LineString", "coordinates": [ [ -74.0, 17.8 ], [ -74.3, 18.0 ] ] } },
{ "type": "Feature", "properties": { "sid": "2006237N13298", "name": "Ernesto", "season": 2006, "cat": 0, "wind": 43 }, "geometry": { "type": "LineString", "coordinates": [ [ -74.3, 18.0 ], [ -74.6, 18.3 ] ] } },
{ "type": "Feature", "properties": { "sid": "2006237N13298", "name": "Ernesto", "season": 2006, "cat": 0, "wind": 40 }, "geometry": { "type": "LineString", "coordinates": [ [ -74.6, 18.3 ], [ -74.9, 18.7 ] ] } },
{ "type": "Feature", "properties": { "sid": "2007225N12331", "name": "Dean", "season": 2007, "cat": 1, "wind": 80 }, "geometry": { "type": "LineString", "coordinates": [ [ -58.8, 14.1 ], [ -59.8, 14.2 ] ] } },
{ "type": "Feature", "properties": { "sid": "2007225N12331", "name": "Dean", "season": 2007, "cat": 1, "wind": 80 }, "geometry": { "type": "LineString", "coordinates": [ [ -59.8, 14.2 ], [ -60.8, 14.3 ] ] } },
{ "type": "Feature", "properties": { "sid": "2007225N12331", "name": "Dean", "season": 2007, "cat": 2, "wind": 85 }, "geometry": { "type": "LineString", "coordinates": [ [ -60.8, 14.3 ], [ -61.7, 14.4 ] ] } },
{ "type": "Feature", "properties": { "sid": "2007225N12331", "name": "Dean", "season": 2007, "cat": 2, "wind": 90 }, "geometry": { "type": "LineString", "coordinates": [ [ -61.7, 14.4 ], [ -62.6, 14.6 ] ] } },
{ "type": "Feature", "properties": { "sid": "2007225N12331", "name": "Dean", "season": 2007, "cat": 3, "wind": 100 }, "geometry": { "type": "LineString", "coordinates": [ [ -62.6, 14.6 ], [ -63.5, 14.8 ] ] } },
{ "type": "Feature", "properties": { "sid": "2007225N12331", "name": "Dean", "season": 2007, "cat": 3, "wind": 110 }, "geometry": { "type": "LineString", "coordinates": [ [ -63.5, 14.8 ], [ -64.3, 14.9 ] ] } },
{ "type": "Feature", "properties": { "sid": "2007225N12331", "name": "Dean", "season": 2007, "cat": 4, "wind": 118 }, "geometry": { "type": "LineString", "coordinates": [ [ -64.3, 14.9 ], [ -65.1, 14.9 ] ] } },
{ "type": "Feature", "properties": { "sid": "2007225N12331", "name": "Dean", "season": 2007, "cat": 4, "wind": 125 }, "geometry": { "type": "LineString", "coordinates": [ [ -65.1, 14.9 ], [ -65.9, 14.9 ] ] } },
{ "type": "Feature", "properties": { "sid": "2007225N12331", "name": "Dean", "season": 2007, "cat": 4, "wind": 135 }, "geometry": { "type": "LineString", "coordinates": [ [ -65.9, 14.9 ], [ -66.6, 15.0 ] ] } },
{ "type": "Feature", "properties": { "sid": "2007225N12331", "name": "Dean", "season": 2007, "cat": 5, "wind": 145 }, "geometry": { "type": "LineString", "coordinates": [ [ -66.6, 15.0 ], [ -67.3, 15.2 ] ] } },
{ "type": "Feature", "properties": { "sid": "2007225N12331", "name": "Dean", "season": 2007, "cat": 5, "wind": 145 }, "geometry": { "type": "LineString", "coordinates": [ [ -67.3, 15.2 ], [ -68.0, 15.4 ] ] } },
{ "type": "Feature", "properties": { "sid": "2007225N12331", "name": "Dean", "season": 2007, "cat": 5, "wind": 145 }, "geometry": { "type": "LineString", "coordinates": [ [ -68.0, 15.4 ], [ -68.7, 15.7 ] ] } },
{ "type": "Feature", "properties": { "sid": "2007225N12331", "name": "Dean", "season": 2007, "cat": 5, "wind": 138 }, "geometry": { "type": "LineString", "coordinates": [ [ -68.7, 15.7 ], [ -69.5, 15.9 ] ] } },
{ "type": "Feature", "properties": { "sid": "2007225N12331", "name": "Dean", "season": 2007, "cat": 4, "wind": 130 }, "geometry": { "type": "LineString", "coordinates": [ [ -69.5, 15.9 ], [ -70.2, 16.0 ] ] } },
{ "type": "Feature", "properties": { "sid": "2007225N12331", "name": "Dean", "season": 2007, "cat": 4, "wind": 125 }, "geometry": { "type": "LineString", "coordinates": [ [ -70.2, 16.0 ], [ -71.0, 16.1 ] ] } },
{ "type": "Feature", "properties": { "sid": "2007225N12331", "name": "Dean", "season": 2007, "cat": 4, "wind": 120 }, "geometry": { "type": "LineString", "coordinates": [ [ -71.0, 16.1 ], [ -71.8, 16.2 ] ] } },
{ "type": "Feature", "properties": { "sid": "2007225N12331", "name": "Dean", "season": 2007, "cat": 4, "wind": 120 }, "geometry": { "type": "LineString", "coordinates": [ [ -71.8, 16.2 ], [ -72.6, 16.4 ] ] } },
{ "type": "Feature", "properties": { "sid": "2007225N12331", "name": "Dean", "season": 2007, "cat": 4, "wind": 120 }, "geometry": { "type": "LineString", "coordinates": [ [ -72.6, 16.4 ], [ -73.4, 16.6 ] ] } },
{ "type": "Feature", "properties": { "sid": "2007225N12331", "name": "Dean", "season": 2007, "cat": 4, "wind": 123 }, "geometry": { "type": "LineString", "coordinates": [ [ -73.4, 16.6 ], [ -74.3, 16.8 ] ] } },
{ "type": "Feature", "properties": { "sid": "2007225N12331", "name": "Dean", "season": 2007, "cat": 4, "wind": 125 }, "geometry": { "type": "LineString", "coordinates": [ [ -74.3, 16.8 ], [ -75.1, 16.9 ] ] } },
{ "type": "Feature", "properties": { "sid": "2007255N13316", "name": "Ingrid", "season": 2007, "cat": -1, "wind": 30 }, "geometry": { "type": "LineString", "coordinates": [ [ -57.7, 17.2 ], [ -58.1, 17.2 ] ] } },
{ "type": "Feature", "properties": { "sid": "2007255N13316", "name": "Ingrid", "season": 2007, "cat": -1, "wind": 30 }, "geometry": { "type": "LineString", "coordinates": [ [ -58.1, 17.2 ], [ -58.6, 17.2 ] ] } },
{ "type": "Feature", "properties": { "sid": "2007255N13316", "name": "Ingrid", "season": 2007, "cat": -1, "wind": 28 }, "geometry": { "type": "LineString", "coordinates": [ [ -58.6, 17.2 ], [ -59.0, 17.3 ] ] } },
{ "type": "Feature", "properties": { "sid": "2007255N13316", "name": "Ingrid", "season": 2007, "cat": -1, "wind": 25 }, "geometry": { "type": "LineString", "coordinates": [ [ -59.0, 17.3 ], [ -59.5, 17.4 ] ] } },
{ "type": "Feature", "properties": { "sid": "2007255N13316", "name": "Ingrid", "season": 2007, "cat": -1, "wind": 25 }, "geometry": { "type": "LineString", "coordinates": [ [ -59.5, 17.4 ], [ -59.9, 17.5 ] ] } },
{ "type": "Feature", "properties": { "sid": "2007255N13316", "name": "Ingrid", "season": 2007, "cat": -3, "wind": 25 }, "geometry": { "type": "LineString", "coordinates": [ [ -59.9, 17.5 ], [ -60.3, 17.7 ] ] } },
{ "type": "Feature", "properties": { "sid": "2007255N13316", "name": "Ingrid", "season": 2007, "cat": -3, "wind": 25 }, "geometry": { "type": "LineString", "coordinates": [ [ -60.3, 17.7 ], [ -60.6, 18.0 ] ] } },
{ "type": "Feature", "properties": { "sid": "2007255N13316", "name": "Ingrid", "season": 2007, "cat": -3, "wind": 25 }, "geometry": { "type": "LineString", "coordinates": [ [ -60.6, 18.0 ], [ -60.8, 18.2 ] ] } },
{ "type": "Feature", "properties": { "sid": "2007255N13316", "name": "Ingrid", "season": 2007, "cat": -3, "wind": 25 }, "geometry": { "type": "LineString", "coordinates": [ [ -60.8, 18.2 ], [ -61.0, 18.4 ] ] } },
{ "type": "Feature", "properties": { "sid": "2007255N13316", "name": "Ingrid", "season": 2007, "cat": -3, "wind": 25 }, "geometry": { "type": "LineString", "coordinates": [ [ -61.0, 18.4 ], [ -61.2, 18.6 ] ] } },
{ "type": "Feature", "properties": { "sid": "2007255N13316", "name": "Ingrid", "season": 2007, "cat": -3, "wind": 23 }, "geometry": { "type": "LineString", "coordinates": [ [ -61.2, 18.6 ], [ -61.4, 18.8 ] ] } },
{ "type": "Feature", "properties": { "sid": "2007255N13316", "name": "Ingrid", "season": 2007, "cat": -3, "wind": 20 }, "geometry": { "type": "LineString", "coordinates": [ [ -61.4, 18.8 ], [ -61.6, 18.9 ] ] } },
{ "type": "Feature", "properties": { "sid": "2007255N13316", "name": "Ingrid", "season": 2007, "cat": -3, "wind": 20 }, "geometry": { "type": "LineString", "coordinates": [ [ -61.6, 18.9 ], [ -61.7, 19.0 ] ] } },
{ "type": "Feature", "properties": { "sid": "2007255N13316", "name": "Ingrid", "season": 2007, "cat": -3, "wind": 20 }, "geometry": { "type": "LineString", "coordinates": [ [ -61.7, 19.0 ], [ -61.8, 19.1 ] ] } },
{ "type": "Feature", "properties": { "sid": "2007255N13316", "name": "Ingrid", "season": 2007, "cat": -3, "wind": 20 }, "geometry": { "type": "LineString", "coordinates": [ [ -61.8, 19.1 ], [ -62.0, 19.1 ] ] } },
{ "type": "Feature", "properties": { "sid": "2007297N18300", "name": "Noel", "season": 2007, "cat": -3, "wind": 20 }, "geometry": { "type": "LineString", "coordinates": [ [ -60.2, 18.0 ], [ -60.5, 18.0 ] ] } },
{ "type": "Feature", "properties": { "sid": "2007297N18300", "name": "Noel", "season": 2007, "cat": -3, "wind": 23 }, "geometry": { "type": "LineString", "coordinates": [ [ -60.5, 18.0 ], [ -60.7, 18.0 ] ] } },
{ "type": "Feature", "properties": { "sid": "2007297N18300", "name": "Noel", "season": 2007, "cat": -3, "wind": 25 }, "geometry": { "type": "LineString", "coordinates": [ [ -60.7, 18.0 ], [ -61.0, 18.0 ] ] } },
{ "type": "Feature", "properties": { "sid": "2007297N18300", "name": "Noel", "season": 2007, "cat": -3, "wind": 25 }, "geometry": { "type": "LineString", "coordinates": [ [ -61.0, 18.0 ], [ -61.2, 18.1 ] ] } },
{ "type": "Feature", "properties": { "sid": "2007297N18300", "name": "Noel", "season": 2007, "cat": -3, "wind": 25 }, "geometry": { "type": "LineString", "coordinates": [ [ -61.2, 18.1 ], [ -61.4, 18.2 ] ] } },
{ "type": "Feature", "properties": { "sid": "2007297N18300", "name": "Noel", "season": 2007, "cat": -3, "wind": 25 }, "geometry": { "type": "LineString", "coordinates": [ [ -61.4, 18.2 ], [ -61.7, 18.4 ] ] } },
{ "type": "Feature", "properties": { "sid": "2007297N18300", "name": "Noel", "season": 2007, "cat": -3, "wind": 25 }, "geometry": { "type": "LineString", "coordinates": [ [ -61.7, 18.4 ], [ -62.0, 18.6 ] ] } },
{ "type": "Feature", "properties": { "sid": "2007297N18300", "name": "Noel", "season": 2007, "cat": -3, "wind": 25 }, "geometry": { "type": "LineString", "coordinates": [ [ -62.0, 18.6 ], [ -62.3, 18.8 ] ] } },
{ "type": "Feature", "properties": { "sid": "2007297N18300", "name": "Noel", "season": 2007, "cat": -3, "wind": 25 }, "geometry": { "type": "LineString", "coordinates": [ [ -62.3, 18.8 ], [ -62.6, 19.0 ] ] } },
{ "type": "Feature", "properties": { "sid": "2007297N18300", "name": "Noel", "season": 2007, "cat": -3, "wind": 25 }, "geometry": { "type": "LineString", "coordinates": [ [ -62.6, 19.0 ], [ -62.9, 19.1 ] ] } },
{ "type": "Feature", "properties": { "sid": "2007297N18300", "name": "Noel", "season": 2007, "cat": -3, "wind": 25 }, "geometry": { "type": "LineString", "coordinates": [ [ -62.9, 19.1 ], [ -63.2, 19.2 ] ] } },
{ "type": "Feature", "properties": { "sid": "2007297N18300", "name": "Noel", "season": 2007, "cat": -3, "wind": 25 }, "geometry": { "type": "LineString", "coordinates": [ [ -63.2, 19.2 ], [ -63.5, 19.2 ] ] } },
{ "type": "Feature", "properties": { "sid": "2007297N18300", "name": "Noel", "season": 2007, "cat": -3, "wind": 25 }, "geometry": { "type": "LineString", "coordinates": [ [ -63.5, 19.2 ], [ -63.8, 19.2 ] ] } },
{ "type": "Feature", "properties": { "sid": "2007297N18300", "name": "Noel", "season": 2007, "cat": -3, "wind": 25 }, "geometry": { "type": "LineString", "coordinates": [ [ -63.8, 19.2 ], [ -64.1, 19.1 ] ] } },
{ "type": "Feature", "properties": { "sid": "2007297N18300", "name": "Noel", "season": 2007, "cat": -3, "wind": 25 }, "geometry": { "type": "LineString", "coordinates": [ [ -64.1, 19.1 ], [ -64.4, 19.0 ] ] } },
{ "type": "Feature", "properties": { "sid": "2007297N18300", "name": "Noel", "season": 2007, "cat": -3, "wind": 25 }, "geometry": { "type": "LineString", "coordinates": [ [ -64.4, 19.0 ], [ -64.8, 18.8 ] ] } },
{ "type": "Feature", "properties": { "sid": "2007297N18300", "name": "Noel", "season": 2007, "cat": -3, "wind": 25 }, "geometry": { "type": "LineString", "coordinates": [ [ -64.8, 18.8 ], [ -65.2, 18.4 ] ] } },
{ "type": "Feature", "properties": { "sid": "2007297N18300", "name": "Noel", "season": 2007, "cat": -3, "wind": 25 }, "geometry": { "type": "LineString", "coordinates": [ [ -65.2, 18.4 ], [ -65.7, 18.0 ] ] } },
{ "type": "Feature", "properties": { "sid": "2007297N18300", "name": "Noel", "season": 2007, "cat": -3, "wind": 25 }, "geometry": { "type": "LineString", "coordinates": [ [ -65.7, 18.0 ], [ -66.2, 17.6 ] ] } },
{ "type": "Feature", "properties": { "sid": "2007297N18300", "name": "Noel", "season": 2007, "cat": -3, "wind": 25 }, "geometry": { "type": "LineString", "coordinates": [ [ -66.2, 17.6 ], [ -66.7, 17.2 ] ] } },
{ "type": "Feature", "properties": { "sid": "2007297N18300", "name": "Noel", "season": 2007, "cat": -3, "wind": 25 }, "geometry": { "type": "LineString", "coordinates": [ [ -66.7, 17.2 ], [ -67.2, 16.8 ] ] } },
{ "type": "Feature", "properties": { "sid": "2007297N18300", "name": "Noel", "season": 2007, "cat": -3, "wind": 25 }, "geometry": { "type": "LineString", "coordinates": [ [ -67.2, 16.8 ], [ -67.7, 16.5 ] ] } },
{ "type": "Feature", "properties": { "sid": "2007297N18300", "name": "Noel", "season": 2007, "cat": -3, "wind": 25 }, "geometry": { "type": "LineString", "coordinates": [ [ -67.7, 16.5 ], [ -68.1, 16.3 ] ] } },
{ "type": "Feature", "properties": { "sid": "2007297N18300", "name": "Noel", "season": 2007, "cat": -3, "wind": 25 }, "geometry": { "type": "LineString", "coordinates": [ [ -68.1, 16.3 ], [ -68.5, 16.1 ] ] } },
{ "type": "Feature", "properties": { "sid": "2007297N18300", "name": "Noel", "season": 2007, "cat": -3, "wind": 25 }, "geometry": { "type": "LineString", "coordinates": [ [ -68.5, 16.1 ], [ -68.9, 15.9 ] ] } },
{ "type": "Feature", "properties": { "sid": "2007297N18300", "name": "Noel", "season": 2007, "cat": -3, "wind": 25 }, "geometry": { "type": "LineString", "coordinates": [ [ -68.9, 15.9 ], [ -69.3, 15.7 ] ] } },
{ "type": "Feature", "properties": { "sid": "2007297N18300", "name": "Noel", "season": 2007, "cat": -3, "wind": 25 }, "geometry": { "type": "LineString", "coordinates": [ [ -69.3, 15.7 ], [ -69.7, 15.5 ] ] } },
{ "type": "Feature", "properties": { "sid": "2007297N18300", "name": "Noel", "season": 2007, "cat": -3, "wind": 25 }, "geometry": { "type": "LineString", "coordinates": [ [ -69.7, 15.5 ], [ -70.1, 15.3 ] ] } },
{ "type": "Feature", "properties": { "sid": "2007297N18300", "name": "Noel", "season": 2007, "cat": -3, "wind": 25 }, "geometry": { "type": "LineString", "coordinates": [ [ -70.1, 15.3 ], [ -70.6, 15.3 ] ] } },
{ "type": "Feature", "properties": { "sid": "2007297N18300", "name": "Noel", "season": 2007, "cat": -3, "wind": 25 }, "geometry": { "type": "LineString", "coordinates": [ [ -70.6, 15.3 ], [ -71.0, 15.4 ] ] } },
{ "type": "Feature", "properties": { "sid": "2007297N18300", "name": "Noel", "season": 2007, "cat": -3, "wind": 25 }, "geometry": { "type": "LineString", "coordinates": [ [ -71.0, 15.4 ], [ -71.2, 15.5 ] ] } },
{ "type": "Feature", "properties": { "sid": "2007297N18300", "name": "Noel", "season": 2007, "cat": -3, "wind": 28 }, "geometry": { "type": "LineString", "coordinates": [ [ -71.2, 15.5 ], [ -71.2, 15.7 ] ] } },
{ "type": "Feature", "properties": { "sid": "2007297N18300", "name": "Noel", "season": 2007, "cat": -1, "wind": 30 }, "geometry": { "type": "LineString", "coordinates": [ [ -71.2, 15.7 ], [ -71.3, 15.8 ] ] } },
{ "type": "Feature", "properties": { "sid": "2007297N18300", "name": "Noel", "season": 2007, "cat": -1, "wind": 30 }, "geometry": { "type": "LineString", "coordinates": [ [ -71.3, 15.8 ], [ -71.4, 16.0 ] ] } },
{ "type": "Feature", "properties": { "sid": "2007297N18300", "name": "Noel", "season": 2007, "cat": -1, "wind": 30 }, "geometry": { "type": "LineString", "coordinates": [ [ -71.4, 16.0 ], [ -71.5, 16.1 ] ] } },
{ "type": "Feature", "properties": { "sid": "2007297N18300", "name": "Noel", "season": 2007, "cat": 0, "wind": 35 }, "geometry": { "type": "LineString", "coordinates": [ [ -71.5, 16.1 ], [ -71.6, 16.3 ] ] } },
{ "type": "Feature", "properties": { "sid": "2007297N18300", "name": "Noel", "season": 2007, "cat": 0, "wind": 40 }, "geometry": { "type": "LineString", "coordinates": [ [ -71.6, 16.3 ], [ -71.7, 16.4 ] ] } },
{ "type": "Feature", "properties": { "sid": "2007297N18300", "name": "Noel", "season": 2007, "cat": 0, "wind": 45 }, "geometry": { "type": "LineString", "coordinates": [ [ -71.7, 16.4 ], [ -71.8, 16.6 ] ] } },
{ "type": "Feature", "properties": { "sid": "2007297N18300", "name": "Noel", "season": 2007, "cat": 0, "wind": 50 }, "geometry": { "type": "LineString", "coordinates": [ [ -71.8, 16.6 ], [ -71.9, 16.8 ] ] } },
{ "type": "Feature", "properties": { "sid": "2007297N18300", "name": "Noel", "season": 2007, "cat": 0, "wind": 50 }, "geometry": { "type": "LineString", "coordinates": [ [ -71.9, 16.8 ], [ -72.1, 17.1 ] ] } },
{ "type": "Feature", "properties": { "sid": "2007297N18300", "name": "Noel", "season": 2007, "cat": 0, "wind": 50 }, "geometry": { "type": "LineString", "coordinates": [ [ -72.1, 17.1 ], [ -72.2, 17.6 ] ] } },
{ "type": "Feature", "properties": { "sid": "2007297N18300", "name": "Noel", "season": 2007, "cat": 0, "wind": 48 }, "geometry": { "type": "LineString", "coordinates": [ [ -72.2, 17.6 ], [ -72.4, 18.0 ] ] } },
{ "type": "Feature", "properties": { "sid": "2007297N18300", "name": "Noel", "season": 2007, "cat": 0, "wind": 45 }, "geometry": { "type": "LineString", "coordinates": [ [ -72.4, 18.0 ], [ -72.5, 18.1 ] ] } },
{ "type": "Feature", "properties": { "sid": "2007297N18300", "name": "Noel", "season": 2007, "cat": 0, "wind": 45 }, "geometry": { "type": "LineString", "coordinates": [ [ -72.5, 18.1 ], [ -72.7, 18.5 ] ] } },
{ "type": "Feature", "properties": { "sid": "2007297N18300", "name": "Noel", "season": 2007, "cat": 0, "wind": 43 }, "geometry": { "type": "LineString", "coordinates": [ [ -72.7, 18.5 ], [ -72.9, 19.2 ] ] } },
{ "type": "Feature", "properties": { "sid": "2007297N18300", "name": "Noel", "season": 2007, "cat": 0, "wind": 40 }, "geometry": { "type": "LineString", "coordinates": [ [ -72.9, 19.2 ], [ -73.2, 19.7 ] ] } },
{ "type": "Feature", "properties": { "sid": "2007297N18300", "name": "Noel", "season": 2007, "cat": 0, "wind": 43 }, "geometry": { "type": "LineString", "coordinates": [ [ -73.2, 19.7 ], [ -73.6, 20.2 ] ] } },
{ "type": "Feature", "properties": { "sid": "2007297N18300", "name": "Noel", "season": 2007, "cat": 0, "wind": 45 }, "geometry": { "type": "LineString", "coordinates": [ [ -73.6, 20.2 ], [ -74.1, 20.7 ] ] } },
{ "type": "Feature", "properties": { "sid": "2007297N18300", "name": "Noel", "season": 2007, "cat": 0, "wind": 45 }, "geometry": { "type": "LineString", "coordinates": [ [ -74.1, 20.7 ], [ -74.6, 21.0 ] ] } },
{ "type": "Feature", "properties": { "sid": "2007345N18298", "name": "Olga", "season": 2007, "cat": -3, "wind": 35 }, "geometry": { "type": "LineString", "coordinates": [ [ -61.8, 18.3 ], [ -62.5, 18.3 ] ] } },
{ "type": "Feature", "properties": { "sid": "2007345N18298", "name": "Olga", "season": 2007, "cat": -3, "wind": 35 }, "geometry": { "type": "LineString", "coordinates": [ [ -62.5, 18.3 ], [ -63.2, 18.3 ] ] } },
{ "type": "Feature", "properties": { "sid": "2007345N18298", "name": "Olga", "season": 2007, "cat": -3, "wind": 35 }, "geometry": { "type": "LineString", "coordinates": [ [ -63.2, 18.3 ], [ -63.9, 18.3 ] ] } },
{ "type": "Feature", "properties": { "sid": "2007345N18298", "name": "Olga", "season": 2007, "cat": -3, "wind": 35 }, "geometry": { "type": "LineString", "coordinates": [ [ -63.9, 18.3 ], [ -64.7, 18.4 ] ] } },
{ "type": "Feature", "properties": { "sid": "2007345N18298", "name": "Olga", "season": 2007, "cat": -2, "wind": 35 }, "geometry": { "type": "LineString", "coordinates": [ [ -64.7, 18.4 ], [ -65.5, 18.5 ] ] } },
{ "type": "Feature", "properties": { "sid": "2007345N18298", "name": "Olga", "season": 2007, "cat": -2, "wind": 38 }, "geometry": { "type": "LineString", "coordinates": [ [ -65.5, 18.5 ], [ -66.3, 18.5 ] ] } },
{ "type": "Feature", "properties": { "sid": "2007345N18298", "name": "Olga", "season": 2007, "cat": -2, "wind": 40 }, "geometry": { "type": "LineString", "coordinates": [ [ -66.3, 18.5 ], [ -66.5, 18.4 ] ] } },
{ "type": "Feature", "properties": { "sid": "2007345N18298", "name": "Olga", "season": 2007, "cat": -2, "wind": 40 }, "geometry": { "type": "LineString", "coordinates": [ [ -66.5, 18.4 ], [ -66.9, 18.3 ] ] } },
{ "type": "Feature", "properties": { "sid": "2007345N18298", "name": "Olga", "season": 2007, "cat": -2, "wind": 42 }, "geometry": { "type": "LineString", "coordinates": [ [ -66.9, 18.3 ], [ -67.4, 18.3 ] ] } },
{ "type": "Feature", "properties": { "sid": "2007345N18298", "name": "Olga", "season": 2007, "cat": -2, "wind": 45 }, "geometry": { "type": "LineString", "coordinates": [ [ -67.4, 18.3 ], [ -67.9, 18.4 ] ] } },
{ "type": "Feature", "properties": { "sid": "2007345N18298", "name": "Olga", "season": 2007, "cat": -2, "wind": 48 }, "geometry": { "type": "LineString", "coordinates": [ [ -67.9, 18.4 ], [ -68.4, 18.5 ] ] } },
{ "type": "Feature", "properties": { "sid": "2007345N18298", "name": "Olga", "season": 2007, "cat": 0, "wind": 50 }, "geometry": { "type": "LineString", "coordinates": [ [ -68.4, 18.5 ], [ -69.1, 18.8 ] ] } },
{ "type": "Feature", "properties": { "sid": "2007345N18298", "name": "Olga", "season": 2007, "cat": 0, "wind": 50 }, "geometry": { "type": "LineString", "coordinates": [ [ -69.1, 18.8 ], [ -70.0, 19.0 ] ] } },
{ "type": "Feature", "properties": { "sid": "2007345N18298", "name": "Olga", "season": 2007, "cat": 0, "wind": 50 }, "geometry": { "type": "LineString", "coordinates": [ [ -70.0, 19.0 ], [ -70.9, 19.1 ] ] } },
{ "type": "Feature", "properties": { "sid": "2007345N18298", "name": "Olga", "season": 2007, "cat": 0, "wind": 45 }, "geometry": { "type": "LineString", "coordinates": [ [ -70.9, 19.1 ], [ -71.9, 19.1 ] ] } },
{ "type": "Feature", "properties": { "sid": "2007345N18298", "name": "Olga", "season": 2007, "cat": 0, "wind": 40 }, "geometry": { "type": "LineString", "coordinates": [ [ -71.9, 19.1 ], [ -72.9, 19.1 ] ] } },
{ "type": "Feature", "properties": { "sid": "2007345N18298", "name": "Olga", "season": 2007, "cat": 0, "wind": 38 }, "geometry": { "type": "LineString", "coordinates": [ [ -72.9, 19.1 ], [ -73.8, 19.1 ] ] } },
{ "type": "Feature", "properties": { "sid": "2007345N18298", "name": "Olga", "season": 2007, "cat": 0, "wind": 35 }, "geometry": { "type": "LineString", "coordinates": [ [ -73.8, 19.1 ], [ -74.8, 19.1 ] ] } },
{ "type": "Feature", "properties": { "sid": "2007345N18298", "name": "Olga", "season": 2007, "cat": -1, "wind": 33 }, "geometry": { "type": "LineString", "coordinates": [ [ -74.8, 19.1 ], [ -75.7, 19.0 ] ] } },
{ "type": "Feature", "properties": { "sid": "2008229N18293", "name": "Fay", "season": 2008, "cat": -1, "wind": 30 }, "geometry": { "type": "LineString", "coordinates": [ [ -67.4, 18.4 ], [ -68.4, 18.5 ] ] } },
{ "type": "Feature", "properties": { "sid": "2008229N18293", "name": "Fay", "season": 2008, "cat": 0, "wind": 35 }, "geometry": { "type": "LineString", "coordinates": [ [ -68.4, 18.5 ], [ -68.5, 18.5 ] ] } },
{ "type": "Feature", "properties": { "sid": "2008229N18293", "name": "Fay", "season": 2008, "cat": 0, "wind": 35 }, "geometry": { "type": "LineString", "coordinates": [ [ -68.5, 18.5 ], [ -68.8, 18.5 ] ] } },
{ "type": "Feature", "properties": { "sid": "2008229N18293", "name": "Fay", "season": 2008, "cat": 0, "wind": 35 }, "geometry": { "type": "LineString", "coordinates": [ [ -68.8, 18.5 ], [ -69.4, 18.5 ] ] } },
{ "type": "Feature", "properties": { "sid": "2008229N18293", "name": "Fay", "season": 2008, "cat": 0, "wind": 38 }, "geometry": { "type": "LineString", "coordinates": [ [ -69.4, 18.5 ], [ -70.2, 18.6 ] ] } },
{ "type": "Feature", "properties": { "sid": "2008229N18293", "name": "Fay", "season": 2008, "cat": 0, "wind": 40 }, "geometry": { "type": "LineString", "coordinates": [ [ -70.2, 18.6 ], [ -70.8, 18.6 ] ] } },
{ "type": "Feature", "properties": { "sid": "2008229N18293", "name": "Fay", "season": 2008, "cat": 0, "wind": 40 }, "geometry": { "type": "LineString", "coordinates": [ [ -70.8, 18.6 ], [ -71.4, 18.7 ] ] } },
{ "type": "Feature", "properties": { "sid": "2008229N18293", "name": "Fay", "season": 2008, "cat": 0, "wind": 40 }, "geometry": { "type": "LineString", "coordinates": [ [ -71.4, 18.7 ], [ -72.0, 18.8 ] ] } },
{ "type": "Feature", "properties": { "sid": "2008229N18293", "name": "Fay", "season": 2008, "cat": 0, "wind": 40 }, "geometry": { "type": "LineString", "coordinates": [ [ -72.0, 18.8 ], [ -72.8, 18.8 ] ] } },
{ "type": "Feature", "properties": { "sid": "2008229N18293", "name": "Fay", "season": 2008, "cat": 0, "wind": 40 }, "geometry": { "type": "LineString", "coordinates": [ [ -72.8, 18.8 ], [ -72.9, 18.8 ] ] } },
{ "type": "Feature", "properties": { "sid": "2008229N18293", "name": "Fay", "season": 2008, "cat": 0, "wind": 40 }, "geometry": { "type": "LineString", "coordinates": [ [ -72.9, 18.8 ], [ -73.9, 18.9 ] ] } },
{ "type": "Feature", "properties": { "sid": "2008229N18293", "name": "Fay", "season": 2008, "cat": 0, "wind": 40 }, "geometry": { "type": "LineString", "coordinates": [ [ -73.9, 18.9 ], [ -74.6, 19.1 ] ] } },
{ "type": "Feature", "properties": { "sid": "2008229N18293", "name": "Fay", "season": 2008, "cat": 0, "wind": 40 }, "geometry": { "type": "LineString", "coordinates": [ [ -74.6, 19.1 ], [ -75.2, 19.2 ] ] } },
{ "type": "Feature", "properties": { "sid": "2008238N13293", "name": "Gustav", "season": 2008, "cat": -1, "wind": 25 }, "geometry": { "type": "LineString", "coordinates": [ [ -67.4, 13.5 ], [ -67.9, 14.0 ] ] } },
{ "type": "Feature", "properties": { "sid": "2008238N13293", "name": "Gustav", "season": 2008, "cat": -1, "wind": 28 }, "geometry": { "type": "LineString", "coordinates": [ [ -67.9, 14.0 ], [ -68.5, 14.4 ] ] } },
{ "type": "Feature", "properties": { "sid": "2008238N13293", "name": "Gustav", "season": 2008, "cat": -1, "wind": 30 }, "geometry": { "type": "LineString", "coordinates": [ [ -68.5, 14.4 ], [ -69.1, 14.8 ] ] } },
{ "type": "Feature", "properties": { "sid": "2008238N13293", "name": "Gustav", "season": 2008, "cat": -1, "wind": 33 }, "geometry": { "type": "LineString", "coordinates": [ [ -69.1, 14.8 ], [ -69.6, 15.1 ] ] } },
{ "type": "Feature", "properties": { "sid": "2008238N13293", "name": "Gustav", "season": 2008, "cat": 0, "wind": 35 }, "geometry": { "type": "LineString", "coordinates": [ [ -69.6, 15.1 ], [ -70.1, 15.5 ] ] } },
{ "type": "Feature", "properties": { "sid": "2008238N13293", "name": "Gustav", "season": 2008, "cat": 0, "wind": 43 }, "geometry": { "type": "LineString", "coordinates": [ [ -70.1, 15.5 ], [ -70.5, 15.8 ] ] } },
{ "type": "Feature", "properties": { "sid": "2008238N13293", "name": "Gustav", "season": 2008, "cat": 0, "wind": 50 }, "geometry": { "type": "LineString", "coordinates": [ [ -70.5, 15.8 ], [ -70.9, 16.1 ] ] } },
{ "type": "Feature", "properties": { "sid": "2008238N13293", "name": "Gustav", "season": 2008, "cat": 0, "wind": 55 }, "geometry": { "type": "LineString", "coordinates": [ [ -70.9, 16.1 ], [ -71.2, 16.4 ] ] } },
{ "type": "Feature", "properties": { "sid": "2008238N13293", "name": "Gustav", "season": 2008, "cat": 0, "wind": 60 }, "geometry": { "type": "LineString", "coordinates": [ [ -71.2, 16.4 ], [ -71.5, 16.6 ] ] } },
{ "type": "Feature", "properties": { "sid": "2008238N13293", "name": "Gustav", "season": 2008, "cat": 1, "wind": 68 }, "geometry": { "type": "LineString", "coordinates": [ [ -71.5, 16.6 ], [ -71.7, 16.9 ] ] } },
{ "type": "Feature", "properties": { "sid": "2008238N13293", "name": "Gustav", "season": 2008, "cat": 1, "wind": 75 }, "geometry": { "type": "LineString", "coordinates": [ [ -71.7, 16.9 ], [ -71.9, 17.2 ] ] } },
{ "type": "Feature", "properties": { "sid": "2008238N13293", "name": "Gustav", "season": 2008, "cat": 1, "wind": 78 }, "geometry": { "type": "LineString", "coordinates": [ [ -71.9, 17.2 ], [ -72.1, 17.5 ] ] } },
{ "type": "Feature", "properties": { "sid": "2008238N13293", "name": "Gustav", "season": 2008, "cat": 1, "wind": 80 }, "geometry": { "type": "LineString", "coordinates": [ [ -72.1, 17.5 ], [ -72.5, 17.8 ] ] } },
{ "type": "Feature", "properties": { "sid": "2008238N13293", "name": "Gustav", "season": 2008, "cat": 1, "wind": 75 }, "geometry": { "type": "LineString", "coordinates": [ [ -72.5, 17.8 ], [ -72.8, 18.1 ] ] } },
{ "type": "Feature", "properties": { "sid": "2008238N13293", "name": "Gustav", "season": 2008, "cat": 1, "wind": 70 }, "geometry": { "type": "LineString", "coordinates": [ [ -72.8, 18.1 ], [ -73.0, 18.3 ] ] } },
{ "type": "Feature", "properties": { "sid": "2008238N13293", "name": "Gustav", "season": 2008, "cat": 0, "wind": 60 }, "geometry": { "type": "LineString", "coordinates": [ [ -73.0, 18.3 ], [ -73.1, 18.4 ] ] } },
{ "type": "Feature", "properties": { "sid": "2008238N13293", "name": "Gustav", "season": 2008, "cat": 0, "wind": 50 }, "geometry": { "type": "LineString", "coordinates": [ [ -73.1, 18.4 ], [ -73.3, 18.5 ] ] } },
{ "type": "Feature", "properties": { "sid": "2008238N13293", "name": "Gustav", "season": 2008, "cat": 0, "wind": 48 }, "geometry": { "type": "LineString", "coordinates": [ [ -73.3, 18.5 ], [ -73.4, 18.6 ] ] } },
{ "type": "Feature", "properties": { "sid": "2008238N13293", "name": "Gustav", "season": 2008, "cat": 0, "wind": 45 }, "geometry": { "type": "LineString", "coordinates": [ [ -73.4, 18.6 ], [ -73.6, 18.6 ] ] } },
{ "type": "Feature", "properties": { "sid": "2008238N13293", "name": "Gustav", "season": 2008, "cat": 0, "wind": 45 }, "geometry": { "type": "LineString", "coordinates": [ [ -73.6, 18.6 ], [ -73.7, 18.7 ] ] } },
{ "type": "Feature", "properties": { "sid": "2008238N13293", "name": "Gustav", "season": 2008, "cat": 0, "wind": 45 }, "geometry": { "type": "LineString", "coordinates": [ [ -73.7, 18.7 ], [ -73.8, 18.8 ] ] } },
{ "type": "Feature", "properties": { "sid": "2008238N13293", "name": "Gustav", "season": 2008, "cat": 0, "wind": 45 }, "geometry": { "type": "LineString", "coordinates": [ [ -73.8, 18.8 ], [ -74.0, 18.9 ] ] } },
{ "type": "Feature", "properties": { "sid": "2008238N13293", "name": "Gustav", "season": 2008, "cat": 0, "wind": 45 }, "geometry": { "type": "LineString", "coordinates": [ [ -74.0, 18.9 ], [ -74.5, 18.9 ] ] } },
{ "type": "Feature", "properties": { "sid": "2008238N13293", "name": "Gustav", "season": 2008, "cat": 0, "wind": 43 }, "geometry": { "type": "LineString", "coordinates": [ [ -74.5, 18.9 ], [ -75.1, 18.8 ] ] } },
{ "type": "Feature", "properties": { "sid": "2008241N19303", "name": "Hanna", "season": 2008, "cat": -1, "wind": 30 }, "geometry": { "type": "LineString", "coordinates": [ [ -57.5, 19.5 ], [ -57.8, 19.7 ] ] } },
{ "type": "Feature", "properties": { "sid": "2008241N19303", "name": "Hanna", "season": 2008, "cat": -1, "wind": 30 }, "geometry": { "type": "LineString", "coordinates": [ [ -57.8, 19.7 ], [ -58.2, 19.9 ] ] } },
{ "type": "Feature", "properties": { "sid": "2008241N19303", "name": "Hanna", "season": 2008, "cat": -1, "wind": 33 }, "geometry": { "type": "LineString", "coordinates": [ [ -58.2, 19.9 ], [ -58.6, 20.1 ] ] } },
{ "type": "Feature", "properties": { "sid": "2008241N19303", "name": "Hanna", "season": 2008, "cat": 0, "wind": 35 }, "geometry": { "type": "LineString", "coordinates": [ [ -58.6, 20.1 ], [ -59.1, 20.3 ] ] } },
{ "type": "Feature", "properties": { "sid": "2008241N19303", "name": "Hanna", "season": 2008, "cat": 0, "wind": 35 }, "geometry": { "type": "LineString", "coordinates": [ [ -59.1, 20.3 ], [ -59.6, 20.5 ] ] } },
{ "type": "Feature", "properties": { "sid": "2008241N19303", "name": "Hanna", "season": 2008, "cat": 0, "wind": 35 }, "geometry": { "type": "LineString", "coordinates": [ [ -59.6, 20.5 ], [ -60.1, 20.7 ] ] } },
{ "type": "Feature", "properties": { "sid": "2008241N19303", "name": "Hanna", "season": 2008, "cat": 0, "wind": 38 }, "geometry": { "type": "LineString", "coordinates": [ [ -60.1, 20.7 ], [ -60.5, 20.8 ] ] } },
{ "type": "Feature", "properties": { "sid": "2008241N19303", "name": "Hanna", "season": 2008, "cat": 0, "wind": 40 }, "geometry": { "type": "LineString", "coordinates": [ [ -60.5, 20.8 ], [ -61.0, 20.9 ] ] } },
{ "type": "Feature", "properties": { "sid": "2008241N19303", "name": "Hanna", "season": 2008, "cat": 0, "wind": 43 }, "geometry": { "type": "LineString", "coordinates": [ [ -61.0, 20.9 ], [ -61.5, 20.9 ] ] } },
{ "type": "Feature", "properties": { "sid": "2008241N19303", "name": "Hanna", "season": 2008, "cat": 0, "wind": 45 }, "geometry": { "type": "LineString", "coordinates": [ [ -61.5, 20.9 ], [ -62.0, 21.0 ] ] } },
{ "type": "Feature", "properties": { "sid": "2008241N19303", "name": "Hanna", "season": 2008, "cat": 0, "wind": 45 }, "geometry": { "type": "LineString", "coordinates": [ [ -62.0, 21.0 ], [ -62.4, 21.1 ] ] } },
{ "type": "Feature", "properties": { "sid": "2008241N19303", "name": "Hanna", "season": 2008, "cat": 0, "wind": 45 }, "geometry": { "type": "LineString", "coordinates": [ [ -62.4, 21.1 ], [ -62.9, 21.3 ] ] } },
{ "type": "Feature", "properties": { "sid": "2008241N19303", "name": "Hanna", "season": 2008, "cat": 0, "wind": 45 }, "geometry": { "type": "LineString", "coordinates": [ [ -62.9, 21.3 ], [ -63.4, 21.5 ] ] } },
{ "type": "Feature", "properties": { "sid": "2008241N19303", "name": "Hanna", "season": 2008, "cat": 0, "wind": 45 }, "geometry": { "type": "LineString", "coordinates": [ [ -63.4, 21.5 ], [ -64.0, 21.6 ] ] } },
{ "type": "Feature", "properties": { "sid": "2008241N19303", "name": "Hanna", "season": 2008, "cat": 0, "wind": 45 }, "geometry": { "type": "LineString", "coordinates": [ [ -64.0, 21.6 ], [ -64.5, 21.7 ] ] } },
{ "type": "Feature", "properties": { "sid": "2008241N19303", "name": "Hanna", "season": 2008, "cat": 0, "wind": 45 }, "geometry": { "type": "LineString", "coordinates": [ [ -64.5, 21.7 ], [ -65.0, 21.8 ] ] } },
{ "type": "Feature", "properties": { "sid": "2008241N19303", "name": "Hanna", "season": 2008, "cat": 0, "wind": 45 }, "geometry": { "type": "LineString", "coordinates": [ [ -65.0, 21.8 ], [ -65.5, 21.8 ] ] } },
{ "type": "Feature", "properties": { "sid": "2008241N19303", "name": "Hanna", "season": 2008, "cat": 0, "wind": 45 }, "geometry": { "type": "LineString", "coordinates": [ [ -65.5, 21.8 ], [ -65.9, 21.8 ] ] } },
{ "type": "Feature", "properties": { "sid": "2008241N19303", "name": "Hanna", "season": 2008, "cat": 0, "wind": 45 }, "geometry": { "type": "LineString", "coordinates": [ [ -65.9, 21.8 ], [ -66.2, 21.9 ] ] } },
{ "type": "Feature", "properties": { "sid": "2008241N19303", "name": "Hanna", "season": 2008, "cat": 0, "wind": 45 }, "geometry": { "type": "LineString", "coordinates": [ [ -66.2, 21.9 ], [ -66.6, 22.0 ] ] } },
{ "type": "Feature", "properties": { "sid": "2008241N19303", "name": "Hanna", "season": 2008, "cat": 0, "wind": 45 }, "geometry": { "type": "LineString", "coordinates": [ [ -66.6, 22.0 ], [ -66.9, 22.2 ] ] } },
{ "type": "Feature", "properties": { "sid": "2008241N19303", "name": "Hanna", "season": 2008, "cat": 0, "wind": 45 }, "geometry": { "type": "LineString", "coordinates": [ [ -66.9, 22.2 ], [ -67.2, 22.4 ] ] } },
{ "type": "Feature", "properties": { "sid": "2008241N19303", "name": "Hanna", "season": 2008, "cat": 0, "wind": 48 }, "geometry": { "type": "LineString", "coordinates": [ [ -67.2, 22.4 ], [ -67.5, 22.6 ] ] } },
{ "type": "Feature", "properties": { "sid": "2008241N19303", "name": "Hanna", "season": 2008, "cat": 0, "wind": 50 }, "geometry": { "type": "LineString", "coordinates": [ [ -67.5, 22.6 ], [ -67.9, 22.8 ] ] } },
{ "type": "Feature", "properties": { "sid": "2008241N19303", "name": "Hanna", "season": 2008, "cat": 0, "wind": 48 }, "geometry": { "type": "LineString", "coordinates": [ [ -67.9, 22.8 ], [ -68.5, 23.1 ] ] } },
{ "type": "Feature", "properties": { "sid": "2008241N19303", "name": "Hanna", "season": 2008, "cat": 0, "wind": 45 }, "geometry": { "type": "LineString", "coordinates": [ [ -68.5, 23.1 ], [ -69.1, 23.3 ] ] } },
{ "type": "Feature", "properties": { "sid": "2008241N19303", "name": "Hanna", "season": 2008, "cat": 0, "wind": 43 }, "geometry": { "type": "LineString", "coordinates": [ [ -69.1, 23.3 ], [ -69.8, 23.5 ] ] } },
{ "type": "Feature", "properties": { "sid": "2008241N19303", "name": "Hanna", "season": 2008, "cat": 0, "wind": 40 }, "geometry": { "type": "LineString", "coordinates": [ [ -69.8, 23.5 ], [ -70.4, 23.6 ] ] } },
{ "type": "Feature", "properties": { "sid": "2008241N19303", "name": "Hanna", "season": 2008, "cat": 0, "wind": 40 }, "geometry": { "type": "LineString", "coordinates": [ [ -70.4, 23.6 ], [ -71.0, 23.6 ] ] } },
{ "type": "Feature", "properties": { "sid": "2008241N19303", "name": "Hanna", "season": 2008, "cat": 0, "wind": 40 }, "geometry": { "type": "LineString", "coordinates": [ [ -71.0, 23.6 ], [ -71.4, 23.6 ] ] } },
{ "type": "Feature", "properties": { "sid": "2008241N19303", "name": "Hanna", "season": 2008, "cat": 0, "wind": 43 }, "geometry": { "type": "LineString", "coordinates": [ [ -71.4, 23.6 ], [ -71.7, 23.5 ] ] } },
{ "type": "Feature", "properties": { "sid": "2008241N19303", "name": "Hanna", "season": 2008, "cat": 0, "wind": 45 }, "geometry": { "type": "LineString", "coordinates": [ [ -71.7, 23.5 ], [ -71.9, 23.4 ] ] } },
{ "type": "Feature", "properties": { "sid": "2008241N19303", "name": "Hanna", "season": 2008, "cat": 0, "wind": 48 }, "geometry": { "type": "LineString", "coordinates": [ [ -71.9, 23.4 ], [ -72.0, 23.2 ] ] } },
{ "type": "Feature", "properties": { "sid": "2008241N19303", "name": "Hanna", "season": 2008, "cat": 0, "wind": 50 }, "geometry": { "type": "LineString", "coordinates": [ [ -72.0, 23.2 ], [ -72.1, 23.0 ] ] } },
{ "type": "Feature", "properties": { "sid": "2008241N19303", "name": "Hanna", "season": 2008, "cat": 0, "wind": 55 }, "geometry": { "type": "LineString", "coordinates": [ [ -72.1, 23.0 ], [ -72.2, 22.8 ] ] } },
{ "type": "Feature", "properties": { "sid": "2008241N19303", "name": "Hanna", "season": 2008, "cat": 0, "wind": 60 }, "geometry": { "type": "LineString", "coordinates": [ [ -72.2, 22.8 ], [ -72.3, 22.6 ] ] } },
{ "type": "Feature", "properties": { "sid": "2008241N19303", "name": "Hanna", "season": 2008, "cat": 1, "wind": 65 }, "geometry": { "type": "LineString", "coordinates": [ [ -72.3, 22.6 ], [ -72.4, 22.3 ] ] } },
{ "type": "Feature", "properties": { "sid": "2008241N19303", "name": "Hanna", "season": 2008, "cat": 1, "wind": 70 }, "geometry": { "type": "LineString", "coordinates": [ [ -72.4, 22.3 ], [ -72.3, 22.0 ] ] } },
{ "type": "Feature", "properties": { "sid": "2008241N19303", "name": "Hanna", "season": 2008, "cat": 1, "wind": 73 }, "geometry": { "type": "LineString", "coordinates": [ [ -72.3, 22.0 ], [ -72.3, 21.8 ] ] } },
{ "type": "Feature", "properties": { "sid": "2008241N19303", "name": "Hanna", "season": 2008, "cat": 1, "wind": 75 }, "geometry": { "type": "LineString", "coordinates": [ [ -72.3, 21.8 ], [ -72.5, 21.6 ] ] } },
{ "type": "Feature", "properties": { "sid": "2008241N19303", "name": "Hanna", "season": 2008, "cat": 1, "wind": 70 }, "geometry": { "type": "LineString", "coordinates": [ [ -72.5, 21.6 ], [ -72.7, 21.4 ] ] } },
{ "type": "Feature", "properties": { "sid": "2008241N19303", "name": "Hanna", "season": 2008, "cat": 1, "wind": 65 }, "geometry": { "type": "LineString", "coordinates": [ [ -72.7, 21.4 ], [ -72.9, 21.2 ] ] } },
{ "type": "Feature", "properties": { "sid": "2008241N19303", "name": "Hanna", "season": 2008, "cat": 0, "wind": 63 }, "geometry": { "type": "LineString", "coordinates": [ [ -72.9, 21.2 ], [ -73.0, 21.0 ] ] } },
{ "type": "Feature", "properties": { "sid": "2008241N19303", "name": "Hanna", "season": 2008, "cat": 0, "wind": 60 }, "geometry": { "type": "LineString", "coordinates": [ [ -73.0, 21.0 ], [ -73.0, 20.8 ] ] } },
{ "type": "Feature", "properties": { "sid": "2008241N19303", "name": "Hanna", "season": 2008, "cat": 0, "wind": 58 }, "geometry": { "type": "LineString", "coordinates": [ [ -73.0, 20.8 ], [ -72.9, 20.6 ] ] } },
{ "type": "Feature", "properties": { "sid": "2008241N19303", "name": "Hanna", "season": 2008, "cat": 0, "wind": 55 }, "geometry": { "type": "LineString", "coordinates": [ [ -72.9, 20.6 ], [ -72.8, 20.5 ] ] } },
{ "type": "Feature", "properties": { "sid": "2008241N19303", "name": "Hanna", "season": 2008, "cat": 0, "wind": 55 }, "geometry": { "type": "LineString", "coordinates": [ [ -72.8, 20.5 ], [ -72.6, 20.4 ] ] } },
{ "type": "Feature", "properties": { "sid": "2008241N19303", "name": "Hanna", "season": 2008, "cat": 0, "wind": 55 }, "geometry": { "type": "LineString", "coordinates": [ [ -72.6, 20.4 ], [ -72.5, 20.3 ] ] } },
{ "type": "Feature", "properties": { "sid": "2008241N19303", "name": "Hanna", "season": 2008, "cat": 0, "wind": 53 }, "geometry": { "type": "LineString", "coordinates": [ [ -72.5, 20.3 ], [ -72.4, 20.2 ] ] } },
{ "type": "Feature", "properties": { "sid": "2008241N19303", "name": "Hanna", "season": 2008, "cat": 0, "wind": 50 }, "geometry": { "type": "LineString", "coordinates": [ [ -72.4, 20.2 ], [ -72.1, 20.3 ] ] } },
{ "type": "Feature", "properties": { "sid": "2008241N19303", "name": "Hanna", "season": 2008, "cat": 0, "wind": 48 }, "geometry": { "type": "LineString", "coordinates": [ [ -72.1, 20.3 ], [ -71.9, 20.6 ] ] } },
{ "type": "Feature", "properties": { "sid": "2008241N19303", "name": "Hanna", "season": 2008, "cat": 0, "wind": 45 }, "geometry": { "type": "LineString", "coordinates": [ [ -71.9, 20.6 ], [ -71.8, 21.1 ] ] } },
{ "type": "Feature", "properties": { "sid": "2008241N19303", "name": "Hanna", "season": 2008, "cat": 0, "wind": 48 }, "geometry": { "type": "LineString", "coordinates": [ [ -71.8, 21.1 ], [ -71.8, 21.6 ] ] } },
{ "type": "Feature", "properties": { "sid": "2008241N19303", "name": "Hanna", "season": 2008, "cat": 0, "wind": 50 }, "geometry": { "type": "LineString", "coordinates": [ [ -71.8, 21.6 ], [ -71.8, 21.7 ] ] } },
{ "type": "Feature", "properties": { "sid": "2008241N19303", "name": "Hanna", "season": 2008, "cat": 0, "wind": 50 }, "geometry": { "type": "LineString", "coordinates": [ [ -71.8, 21.7 ], [ -71.8, 22.0 ] ] } },
{ "type": "Feature", "properties": { "sid": "2008241N19303", "name": "Hanna", "season": 2008, "cat": 0, "wind": 52 }, "geometry": { "type": "LineString", "coordinates": [ [ -71.8, 22.0 ], [ -71.8, 22.7 ] ] } },
{ "type": "Feature", "properties": { "sid": "2008241N19303", "name": "Hanna", "season": 2008, "cat": 0, "wind": 55 }, "geometry": { "type": "LineString", "coordinates": [ [ -71.8, 22.7 ], [ -72.0, 23.1 ] ] } },
{ "type": "Feature", "properties": { "sid": "2008241N19303", "name": "Hanna", "season": 2008, "cat": 0, "wind": 58 }, "geometry": { "type": "LineString", "coordinates": [ [ -72.0, 23.1 ], [ -72.4, 23.4 ] ] } },
{ "type": "Feature", "properties": { "sid": "2008241N19303", "name": "Hanna", "season": 2008, "cat": 0, "wind": 60 }, "geometry": { "type": "LineString", "coordinates": [ [ -72.4, 23.4 ], [ -72.8, 23.7 ] ] } },
{ "type": "Feature", "properties": { "sid": "2008245N17323", "name": "Ike", "season": 2008, "cat": 4, "wind": 115 }, "geometry": { "type": "LineString", "coordinates": [ [ -59.7, 23.6 ], [ -60.4, 23.6 ] ] } },
{ "type": "Feature", "properties": { "sid": "2008245N17323", "name": "Ike", "season": 2008, "cat": 4, "wind": 115 }, "geometry": { "type": "LineString", "coordinates": [ [ -60.4, 23.6 ], [ -61.1, 23.6 ] ] } },
{ "type": "Feature", "properties": { "sid": "2008245N17323", "name": "Ike", "season": 2008, "cat": 3, "wind": 110 }, "geometry": { "type": "LineString", "coordinates": [ [ -61.1, 23.6 ], [ -61.9, 23.5 ] ] } },
{ "type": "Feature", "properties": { "sid": "2008245N17323", "name": "Ike", "season": 2008, "cat": 3, "wind": 105 }, "geometry": { "type": "LineString", "coordinates": [ [ -61.9, 23.5 ], [ -62.6, 23.4 ] ] } },
{ "type": "Feature", "properties": { "sid": "2008245N17323", "name": "Ike", "season": 2008, "cat": 3, "wind": 103 }, "geometry": { "type": "LineString", "coordinates": [ [ -62.6, 23.4 ], [ -63.4, 23.2 ] ] } },
{ "type": "Feature", "properties": { "sid": "2008245N17323", "name": "Ike", "season": 2008, "cat": 3, "wind": 100 }, "geometry": { "type": "LineString", "coordinates": [ [ -63.4, 23.2 ], [ -64.2, 23.0 ] ] } },
{ "type": "Feature", "properties": { "sid": "2008245N17323", "name": "Ike", "season": 2008, "cat": 3, "wind": 100 }, "geometry": { "type": "LineString", "coordinates": [ [ -64.2, 23.0 ], [ -64.9, 22.8 ] ] } },
{ "type": "Feature", "properties": { "sid": "2008245N17323", "name": "Ike", "season": 2008, "cat": 3, "wind": 100 }, "geometry": { "type": "LineString", "coordinates": [ [ -64.9, 22.8 ], [ -65.6, 22.6 ] ] } },
{ "type": "Feature", "properties": { "sid": "2008245N17323", "name": "Ike", "season": 2008, "cat": 3, "wind": 100 }, "geometry": { "type": "LineString", "coordinates": [ [ -65.6, 22.6 ], [ -66.3, 22.4 ] ] } },
{ "type": "Feature", "properties": { "sid": "2008245N17323", "name": "Ike", "season": 2008, "cat": 3, "wind": 100 }, "geometry": { "type": "LineString", "coordinates": [ [ -66.3, 22.4 ], [ -67.0, 22.1 ] ] } },
{ "type": "Feature", "properties": { "sid": "2008245N17323", "name": "Ike", "season": 2008, "cat": 3, "wind": 98 }, "geometry": { "type": "LineString", "coordinates": [ [ -67.0, 22.1 ], [ -67.7, 21.9 ] ] } },
{ "type": "Feature", "properties": { "sid": "2008245N17323", "name": "Ike", "season": 2008, "cat": 2, "wind": 95 }, "geometry": { "type": "LineString", "coordinates": [ [ -67.7, 21.9 ], [ -68.4, 21.7 ] ] } },
{ "type": "Feature", "properties": { "sid": "2008245N17323", "name": "Ike", "season": 2008, "cat": 3, "wind": 105 }, "geometry": { "type": "LineString", "coordinates": [ [ -68.4, 21.7 ], [ -69.0, 21.5 ] ] } },
{ "type": "Feature", "properties": { "sid": "2008245N17323", "name": "Ike", "season": 2008, "cat": 4, "wind": 115 }, "geometry": { "type": "LineString", "coordinates": [ [ -69.0, 21.5 ], [ -69.6, 21.3 ] ] } },
{ "type": "Feature", "properties": { "sid": "2008245N17323", "name": "Ike", "season": 2008, "cat": 4, "wind": 115 }, "geometry": { "type": "LineString", "coordinates": [ [ -69.6, 21.3 ], [ -70.3, 21.2 ] ] } },
{ "type": "Feature", "properties": { "sid": "2008245N17323", "name": "Ike", "season": 2008, "cat": 4, "wind": 115 }, "geometry": { "type": "LineString", "coordinates": [ [ -70.3, 21.2 ], [ -71.0, 21.1 ] ] } },
{ "type": "Feature", "properties": { "sid": "2008245N17323", "name": "Ike", "season": 2008, "cat": 4, "wind": 115 }, "geometry": { "type": "LineString", "coordinates": [ [ -71.0, 21.1 ], [ -71.6, 21.1 ] ] } },
{ "type": "Feature", "properties": { "sid": "2008245N17323", "name": "Ike", "season": 2008, "cat": 4, "wind": 115 }, "geometry": { "type": "LineString", "coordinates": [ [ -71.6, 21.1 ], [ -72.0, 21.0 ] ] } },
{ "type": "Feature", "properties": { "sid": "2008245N17323", "name": "Ike", "season": 2008, "cat": 4, "wind": 113 }, "geometry": { "type": "LineString", "coordinates": [ [ -72.0, 21.0 ], [ -72.8, 21.0 ] ] } },
{ "type": "Feature", "properties": { "sid": "2008245N17323", "name": "Ike", "season": 2008, "cat": 3, "wind": 110 }, "geometry": { "type": "LineString", "coordinates": [ [ -72.8, 21.0 ], [ -73.2, 21.0 ] ] } },
{ "type": "Feature", "properties": { "sid": "2008245N17323", "name": "Ike", "season": 2008, "cat": 3, "wind": 110 }, "geometry": { "type": "LineString", "coordinates": [ [ -73.2, 21.0 ], [ -73.7, 21.0 ] ] } },
{ "type": "Feature", "properties": { "sid": "2008245N17323", "name": "Ike", "season": 2008, "cat": 3, "wind": 108 }, "geometry": { "type": "LineString", "coordinates": [ [ -73.7, 21.0 ], [ -74.0, 21.0 ] ] } },
{ "type": "Feature", "properties": { "sid": "2008245N17323", "name": "Ike", "season": 2008, "cat": 3, "wind": 105 }, "geometry": { "type": "LineString", "coordinates": [ [ -74.0, 21.0 ], [ -74.5, 21.1 ] ] } },
{ "type": "Feature", "properties": { "sid": "2008269N21290", "name": "Kyle", "season": 2008, "cat": -1, "wind": 30 }, "geometry": { "type": "LineString", "coordinates": [ [ -70.0, 21.5 ], [ -69.7, 21.8 ] ] } },
{ "type": "Feature", "properties": { "sid": "2008269N21290", "name": "Kyle", "season": 2008, "cat": -1, "wind": 33 }, "geometry": { "type": "LineString", "coordinates": [ [ -69.7, 21.8 ], [ -69.4, 22.0 ] ] } },
{ "type": "Feature", "properties": { "sid": "2008269N21290", "name": "Kyle", "season": 2008, "cat": 0, "wind": 35 }, "geometry": { "type": "LineString", "coordinates": [ [ -69.4, 22.0 ], [ -69.0, 22.2 ] ] } },
{ "type": "Feature", "properties": { "sid": "2008269N21290", "name": "Kyle", "season": 2008, "cat": 0, "wind": 38 }, "geometry": { "type": "LineString", "coordinates": [ [ -69.0, 22.2 ], [ -68.7, 22.4 ] ] } },
{ "type": "Feature", "properties": { "sid": "2008269N21290", "name": "Kyle", "season": 2008, "cat": 0, "wind": 40 }, "geometry": { "type": "LineString", "coordinates": [ [ -68.7, 22.4 ], [ -68.5, 22.7 ] ] } },
{ "type": "Feature", "properties": { "sid": "2008269N21290", "name": "Kyle", "season": 2008, "cat": 0, "wind": 40 }, "geometry": { "type": "LineString", "coordinates": [ [ -68.5, 22.7 ], [ -68.4, 23.1 ] ] } },
{ "type": "Feature", "properties": { "sid": "2008269N21290", "name": "Kyle", "season": 2008, "cat": 0, "wind": 40 }, "geometry": { "type": "LineString", "coordinates": [ [ -68.4, 23.1 ], [ -68.2, 23.5 ] ] } },
{ "type": "Feature", "properties": { "sid": "2008269N21290", "name": "Kyle", "season": 2008, "cat": 0, "wind": 43 }, "geometry": { "type": "LineString", "coordinates": [ [ -68.2, 23.5 ], [ -68.0, 24.0 ] ] } },
{ "type": "Feature", "properties": { "sid": "2008269N21290", "name": "Kyle", "season": 2008, "cat": 0, "wind": 45 }, "geometry": { "type": "LineString", "coordinates": [ [ -68.0, 24.0 ], [ -68.0, 24.5 ] ] } },
{ "type": "Feature", "properties": { "sid": "2008269N21290", "name": "Kyle", "season": 2008, "cat": 0, "wind": 48 }, "geometry": { "type": "LineString", "coordinates": [ [ -68.0, 24.5 ], [ -68.2, 25.0 ] ] } },
{ "type": "Feature", "properties": { "sid": "2008269N21290", "name": "Kyle", "season": 2008, "cat": 0, "wind": 50 }, "geometry": { "type": "LineString", "coordinates": [ [ -68.2, 25.0 ], [ -68.4, 25.5 ] ] } },
{ "type": "Feature", "properties": { "sid": "2008269N21290", "name": "Kyle", "season": 2008, "cat": 0, "wind": 50 }, "geometry": { "type": "LineString", "coordinates": [ [ -68.4, 25.5 ], [ -68.6, 26.0 ] ] } },
{ "type": "Feature", "properties": { "sid": "2008287N15291", "name": "Omar", "season": 2008, "cat": -1, "wind": 25 }, "geometry": { "type": "LineString", "coordinates": [ [ -69.0, 15.4 ], [ -69.3, 15.3 ] ] } },
{ "type": "Feature", "properties": { "sid": "2008287N15291", "name": "Omar", "season": 2008, "cat": -1, "wind": 28 }, "geometry": { "type": "LineString", "coordinates": [ [ -69.3, 15.3 ], [ -69.6, 15.2 ] ] } },
{ "type": "Feature", "properties": { "sid": "2008287N15291", "name": "Omar", "season": 2008, "cat": -1, "wind": 30 }, "geometry": { "type": "LineString", "coordinates": [ [ -69.6, 15.2 ], [ -69.8, 15.0 ] ] } },
{ "type": "Feature", "properties": { "sid": "2008287N15291", "name": "Omar", "season": 2008, "cat": -1, "wind": 30 }, "geometry": { "type": "LineString", "coordinates": [ [ -69.8, 15.0 ], [ -69.8, 14.8 ] ] } },
{ "type": "Feature", "properties": { "sid": "2008287N15291", "name": "Omar", "season": 2008, "cat": -1, "wind": 30 }, "geometry": { "type": "LineString", "coordinates": [ [ -69.8, 14.8 ], [ -69.7, 14.6 ] ] } },
{ "type": "Feature", "properties": { "sid": "2008287N15291", "name": "Omar", "season": 2008, "cat": -1, "wind": 33 }, "geometry": { "type": "LineString", "coordinates": [ [ -69.7, 14.6 ], [ -69.6, 14.5 ] ] } },
{ "type": "Feature", "properties": { "sid": "2008287N15291", "name": "Omar", "season": 2008, "cat": 0, "wind": 35 }, "geometry": { "type": "LineString", "coordinates": [ [ -69.6, 14.5 ], [ -69.5, 14.4 ] ] } },
{ "type": "Feature", "properties": { "sid": "2008287N15291", "name": "Omar", "season": 2008, "cat": 0, "wind": 38 }, "geometry": { "type": "LineString", "coordinates": [ [ -69.5, 14.4 ], [ -69.3, 14.3 ] ] } },
{ "type": "Feature", "properties": { "sid": "2008287N15291", "name": "Omar", "season": 2008, "cat": 0, "wind": 40 }, "geometry": { "type": "LineString", "coordinates": [ [ -69.3, 14.3 ], [ -69.2, 14.3 ] ] } },
{ "type": "Feature", "properties": { "sid": "2008287N15291", "name": "Omar", "season": 2008, "cat": 0, "wind": 45 }, "geometry": { "type": "LineString", "coordinates": [ [ -69.2, 14.3 ], [ -69.1, 14.2 ] ] } },
{ "type": "Feature", "properties": { "sid": "2008287N15291", "name": "Omar", "season": 2008, "cat": 0, "wind": 50 }, "geometry": { "type": "LineString", "coordinates": [ [ -69.1, 14.2 ], [ -69.0, 14.0 ] ] } },
{ "type": "Feature", "properties": { "sid": "2008287N15291", "name": "Omar", "season": 2008, "cat": 0, "wind": 55 }, "geometry": { "type": "LineString", "coordinates": [ [ -69.0, 14.0 ], [ -68.8, 13.9 ] ] } },
{ "type": "Feature", "properties": { "sid": "2008287N15291", "name": "Omar", "season": 2008, "cat": 0, "wind": 60 }, "geometry": { "type": "LineString", "coordinates": [ [ -68.8, 13.9 ], [ -68.6, 14.0 ] ] } },
{ "type": "Feature", "properties": { "sid": "2008287N15291", "name": "Omar", "season": 2008, "cat": 0, "wind": 63 }, "geometry": { "type": "LineString", "coordinates": [ [ -68.6, 14.0 ], [ -68.3, 14.1 ] ] } },
{ "type": "Feature", "properties": { "sid": "2008287N15291", "name": "Omar", "season": 2008, "cat": 1, "wind": 65 }, "geometry": { "type": "LineString", "coordinates": [ [ -68.3, 14.1 ], [ -68.2, 14.2 ] ] } },
{ "type": "Feature", "properties": { "sid": "2008287N15291", "name": "Omar", "season": 2008, "cat": 1, "wind": 68 }, "geometry": { "type": "LineString", "coordinates": [ [ -68.2, 14.2 ], [ -68.0, 14.4 ] ] } },
{ "type": "Feature", "properties": { "sid": "2008287N15291", "name": "Omar", "season": 2008, "cat": 1, "wind": 70 }, "geometry": { "type": "LineString", "coordinates": [ [ -68.0, 14.4 ], [ -67.7, 14.6 ] ] } },
{ "type": "Feature", "properties": { "sid": "2008287N15291", "name": "Omar", "season": 2008, "cat": 1, "wind": 73 }, "geometry": { "type": "LineString", "coordinates": [ [ -67.7, 14.6 ], [ -67.4, 14.9 ] ] } },
{ "type": "Feature", "properties": { "sid": "2008287N15291", "name": "Omar", "season": 2008, "cat": 1, "wind": 75 }, "geometry": { "type": "LineString", "coordinates": [ [ -67.4, 14.9 ], [ -67.0, 15.2 ] ] } },
{ "type": "Feature", "properties": { "sid": "2008287N15291", "name": "Omar", "season": 2008, "cat": 1, "wind": 78 }, "geometry": { "type": "LineString", "coordinates": [ [ -67.0, 15.2 ], [ -66.5, 15.6 ] ] } },
{ "type": "Feature", "properties": { "sid": "2008287N15291", "name": "Omar", "season": 2008, "cat": 1, "wind": 80 }, "geometry": { "type": "LineString", "coordinates": [ [ -66.5, 15.6 ], [ -65.9, 16.1 ] ] } },
{ "type": "Feature", "properties": { "sid": "2008287N15291", "name": "Omar", "season": 2008, "cat": 2, "wind": 88 }, "geometry": { "type": "LineString", "coordinates": [ [ -65.9, 16.1 ], [ -65.2, 16.7 ] ] } },
{ "type": "Feature", "properties": { "sid": "2008287N15291", "name": "Omar", "season": 2008, "cat": 2, "wind": 95 }, "geometry": { "type": "LineString", "coordinates": [ [ -65.2, 16.7 ], [ -64.6, 17.4 ] ] } },
{ "type": "Feature", "properties": { "sid": "2008287N15291", "name": "Omar", "season": 2008, "cat": 3, "wind": 105 }, "geometry": { "type": "LineString", "coordinates": [ [ -64.6, 17.4 ], [ -63.9, 18.2 ] ] } },
{ "type": "Feature", "properties": { "sid": "2008287N15291", "name": "Omar", "season": 2008, "cat": 4, "wind": 115 }, "geometry": { "type": "LineString", "coordinates": [ [ -63.9, 18.2 ], [ -63.0, 18.9 ] ] } },
{ "type": "Feature", "properties": { "sid": "2008287N15291", "name": "Omar", "season": 2008, "cat": 3, "wind": 103 }, "geometry": { "type": "LineString", "coordinates": [ [ -63.0, 18.9 ], [ -62.1, 19.6 ] ] } },
{ "type": "Feature", "properties": { "sid": "2008287N15291", "name": "Omar", "season": 2008, "cat": 2, "wind": 90 }, "geometry": { "type": "LineString", "coordinates": [ [ -62.1, 19.6 ], [ -61.2, 20.3 ] ] } },
{ "type": "Feature", "properties": { "sid": "2008287N15291", "name": "Omar", "season": 2008, "cat": 1, "wind": 80 }, "geometry": { "type": "LineString", "coordinates": [ [ -61.2, 20.3 ], [ -60.4, 21.1 ] ] } },
{ "type": "Feature", "properties": { "sid": "2008287N15291", "name": "Omar", "season": 2008, "cat": 1, "wind": 70 }, "geometry": { "type": "LineString", "coordinates": [ [ -60.4, 21.1 ], [ -59.6, 21.9 ] ] } },
{ "type": "Feature", "properties": { "sid": "2008287N15291", "name": "Omar", "season": 2008, "cat": 1, "wind": 68 }, "geometry": { "type": "LineString", "coordinates": [ [ -59.6, 21.9 ], [ -58.8, 22.8 ] ] } },
{ "type": "Feature", "properties": { "sid": "2009245N17303", "name": "Erika", "season": 2009, "cat": 0, "wind": 45 }, "geometry": { "type": "LineString", "coordinates": [ [ -57.6, 16.8 ], [ -58.0, 16.8 ] ] } },
{ "type": "Feature", "properties": { "sid": "2009245N17303", "name": "Erika", "season": 2009, "cat": 0, "wind": 45 }, "geometry": { "type": "LineString", "coordinates": [ [ -58.0, 16.8 ], [ -58.4, 16.7 ] ] } },
{ "type": "Feature", "properties": { "sid": "2009245N17303", "name": "Erika", "season": 2009, "cat": 0, "wind": 45 }, "geometry": { "type": "LineString", "coordinates": [ [ -58.4, 16.7 ], [ -58.9, 16.5 ] ] } },
{ "type": "Feature", "properties": { "sid": "2009245N17303", "name": "Erika", "season": 2009, "cat": 0, "wind": 45 }, "geometry": { "type": "LineString", "coordinates": [ [ -58.9, 16.5 ], [ -59.4, 16.4 ] ] } },
{ "type": "Feature", "properties": { "sid": "2009245N17303", "name": "Erika", "season": 2009, "cat": 0, "wind": 40 }, "geometry": { "type": "LineString", "coordinates": [ [ -59.4, 16.4 ], [ -59.9, 16.4 ] ] } },
{ "type": "Feature", "properties": { "sid": "2009245N17303", "name": "Erika", "season": 2009, "cat": 0, "wind": 35 }, "geometry": { "type": "LineString", "coordinates": [ [ -59.9, 16.4 ], [ -60.1, 16.3 ] ] } },
{ "type": "Feature", "properties": { "sid": "2009245N17303", "name": "Erika", "season": 2009, "cat": 0, "wind": 35 }, "geometry": { "type": "LineString", "coordinates": [ [ -60.1, 16.3 ], [ -61.0, 16.3 ] ] } },
{ "type": "Feature", "properties": { "sid": "2009245N17303", "name": "Erika", "season": 2009, "cat": 0, "wind": 35 }, "geometry": { "type": "LineString", "coordinates": [ [ -61.0, 16.3 ], [ -61.3, 16.3 ] ] } },
{ "type": "Feature", "properties": { "sid": "2009245N17303", "name": "Erika", "season": 2009, "cat": 0, "wind": 35 }, "geometry": { "type": "LineString", "coordinates": [ [ -61.3, 16.3 ], [ -62.0, 16.3 ] ] } },
{ "type": "Feature", "properties": { "sid": "2009245N17303", "name": "Erika", "season": 2009, "cat": 0, "wind": 35 }, "geometry": { "type": "LineString", "coordinates": [ [ -62.0, 16.3 ], [ -61.9, 16.3 ] ] } },
{ "type": "Feature", "properties": { "sid": "2009245N17303", "name": "Erika", "season": 2009, "cat": 0, "wind": 35 }, "geometry": { "type": "LineString", "coordinates": [ [ -61.9, 16.3 ], [ -62.3, 16.3 ] ] } },
{ "type": "Feature", "properties": { "sid": "2009245N17303", "name": "Erika", "season": 2009, "cat": 0, "wind": 38 }, "geometry": { "type": "LineString", "coordinates": [ [ -62.3, 16.3 ], [ -62.7, 16.4 ] ] } },
{ "type": "Feature", "properties": { "sid": "2009245N17303", "name": "Erika", "season": 2009, "cat": 0, "wind": 40 }, "geometry": { "type": "LineString", "coordinates": [ [ -62.7, 16.4 ], [ -63.1, 16.4 ] ] } },
{ "type": "Feature", "properties": { "sid": "2009245N17303", "name": "Erika", "season": 2009, "cat": 0, "wind": 40 }, "geometry": { "type": "LineString", "coordinates": [ [ -63.1, 16.4 ], [ -63.5, 16.5 ] ] } },
{ "type": "Feature", "properties": { "sid": "2009245N17303", "name": "Erika", "season": 2009, "cat": 0, "wind": 40 }, "geometry": { "type": "LineString", "coordinates": [ [ -63.5, 16.5 ], [ -64.0, 16.5 ] ] } },
{ "type": "Feature", "properties": { "sid": "2009245N17303", "name": "Erika", "season": 2009, "cat": 0, "wind": 35 }, "geometry": { "type": "LineString", "coordinates": [ [ -64.0, 16.5 ], [ -64.5, 16.6 ] ] } },
{ "type": "Feature", "properties": { "sid": "2009245N17303", "name": "Erika", "season": 2009, "cat": -1, "wind": 30 }, "geometry": { "type": "LineString", "coordinates": [ [ -64.5, 16.6 ], [ -65.0, 16.7 ] ] } },
{ "type": "Feature", "properties": { "sid": "2009245N17303", "name": "Erika", "season": 2009, "cat": -1, "wind": 28 }, "geometry": { "type": "LineString", "coordinates": [ [ -65.0, 16.7 ], [ -65.5, 16.8 ] ] } },
{ "type": "Feature", "properties": { "sid": "2009245N17303", "name": "Erika", "season": 2009, "cat": -3, "wind": 25 }, "geometry": { "type": "LineString", "coordinates": [ [ -65.5, 16.8 ], [ -66.0, 16.9 ] ] } },
{ "type": "Feature", "properties": { "sid": "2009245N17303", "name": "Erika", "season": 2009, "cat": -3, "wind": 25 }, "geometry": { "type": "LineString", "coordinates": [ [ -66.0, 16.9 ], [ -66.5, 17.0 ] ] } },
{ "type": "Feature", "properties": { "sid": "2009279N15311", "name": "Henri", "season": 2009, "cat": 0, "wind": 43 }, "geometry": { "type": "LineString", "coordinates": [ [ -57.3, 18.9 ], [ -57.9, 19.0 ] ] } },
{ "type": "Feature", "properties": { "sid": "2009279N15311", "name": "Henri", "season": 2009, "cat": 0, "wind": 40 }, "geometry": { "type": "LineString", "coordinates": [ [ -57.9, 19.0 ], [ -58.5, 19.1 ] ] } },
{ "type": "Feature", "properties": { "sid": "2009279N15311", "name": "Henri", "season": 2009, "cat": 0, "wind": 38 }, "geometry": { "type": "LineString", "coordinates": [ [ -58.5, 19.1 ], [ -59.1, 19.3 ] ] } },
{ "type": "Feature", "properties": { "sid": "2009279N15311", "name": "Henri", "season": 2009, "cat": 0, "wind": 35 }, "geometry": { "type": "LineString", "coordinates": [ [ -59.1, 19.3 ], [ -59.7, 19.4 ] ] } },
{ "type": "Feature", "properties": { "sid": "2009279N15311", "name": "Henri", "season": 2009, "cat": -1, "wind": 33 }, "geometry": { "type": "LineString", "coordinates": [ [ -59.7, 19.4 ], [ -60.3, 19.6 ] ] } },
{ "type": "Feature", "properties": { "sid": "2009279N15311", "name": "Henri", "season": 2009, "cat": -1, "wind": 30 }, "geometry": { "type": "LineString", "coordinates": [ [ -60.3, 19.6 ], [ -60.9, 19.8 ] ] } },
{ "type": "Feature", "properties": { "sid": "2009279N15311", "name": "Henri", "season": 2009, "cat": -1, "wind": 30 }, "geometry": { "type": "LineString", "coordinates": [ [ -60.9, 19.8 ], [ -61.4, 20.0 ] ] } },
{ "type": "Feature", "properties": { "sid": "2009279N15311", "name": "Henri", "season": 2009, "cat": -1, "wind": 30 }, "geometry": { "type": "LineString", "coordinates": [ [ -61.4, 20.0 ], [ -61.8, 20.2 ] ] } },
{ "type": "Feature", "properties": { "sid": "2009279N15311", "name": "Henri", "season": 2009, "cat": -1, "wind": 28 }, "geometry": { "type": "LineString", "coordinates": [ [ -61.8, 20.2 ], [ -62.2, 20.3 ] ] } },
{ "type": "Feature", "properties": { "sid": "2009279N15311", "name": "Henri", "season": 2009, "cat": -3, "wind": 25 }, "geometry": { "type": "LineString", "coordinates": [ [ -62.2, 20.3 ], [ -62.6, 20.4 ] ] } },
{ "type": "Feature", "properties": { "sid": "2009279N15311", "name": "Henri", "season": 2009, "cat": -3, "wind": 25 }, "geometry": { "type": "LineString", "coordinates": [ [ -62.6, 20.4 ], [ -62.9, 20.5 ] ] } },
{ "type": "Feature", "properties": { "sid": "2009279N15311", "name": "Henri", "season": 2009, "cat": -3, "wind": 25 }, "geometry": { "type": "LineString", "coordinates": [ [ -62.9, 20.5 ], [ -63.2, 20.6 ] ] } },
{ "type": "Feature", "properties": { "sid": "2009279N15311", "name": "Henri", "season": 2009, "cat": -3, "wind": 23 }, "geometry": { "type": "LineString", "coordinates": [ [ -63.2, 20.6 ], [ -63.5, 20.6 ] ] } },
{ "type": "Feature", "properties": { "sid": "2009279N15311", "name": "Henri", "season": 2009, "cat": -3, "wind": 20 }, "geometry": { "type": "LineString", "coordinates": [ [ -63.5, 20.6 ], [ -63.8, 20.6 ] ] } },
{ "type": "Feature", "properties": { "sid": "2009279N15311", "name": "Henri", "season": 2009, "cat": -3, "wind": 20 }, "geometry": { "type": "LineString", "coordinates": [ [ -63.8, 20.6 ], [ -64.1, 20.7 ] ] } },
{ "type": "Feature", "properties": { "sid": "2009279N15311", "name": "Henri", "season": 2009, "cat": -3, "wind": 20 }, "geometry": { "type": "LineString", "coordinates": [ [ -64.1, 20.7 ], [ -64.5, 20.8 ] ] } },
{ "type": "Feature", "properties": { "sid": "2009279N15311", "name": "Henri", "season": 2009, "cat": -3, "wind": 20 }, "geometry": { "type": "LineString", "coordinates": [ [ -64.5, 20.8 ], [ -64.9, 20.9 ] ] } },
{ "type": "Feature", "properties": { "sid": "2009279N15311", "name": "Henri", "season": 2009, "cat": -3, "wind": 20 }, "geometry": { "type": "LineString", "coordinates": [ [ -64.9, 20.9 ], [ -65.3, 21.0 ] ] } },
{ "type": "Feature", "properties": { "sid": "2009279N15311", "name": "Henri", "season": 2009, "cat": -3, "wind": 20 }, "geometry": { "type": "LineString", "coordinates": [ [ -65.3, 21.0 ], [ -65.7, 21.0 ] ] } },
{ "type": "Feature", "properties": { "sid": "2009279N15311", "name": "Henri", "season": 2009, "cat": -3, "wind": 20 }, "geometry": { "type": "LineString", "coordinates": [ [ -65.7, 21.0 ], [ -66.2, 21.0 ] ] } },
{ "type": "Feature", "properties": { "sid": "2009279N15311", "name": "Henri", "season": 2009, "cat": -3, "wind": 20 }, "geometry": { "type": "LineString", "coordinates": [ [ -66.2, 21.0 ], [ -66.7, 20.9 ] ] } },
{ "type": "Feature", "properties": { "sid": "2009279N15311", "name": "Henri", "season": 2009, "cat": -3, "wind": 20 }, "geometry": { "type": "LineString", "coordinates": [ [ -66.7, 20.9 ], [ -67.2, 20.8 ] ] } },
{ "type": "Feature", "properties": { "sid": "2009279N15311", "name": "Henri", "season": 2009, "cat": -3, "wind": 20 }, "geometry": { "type": "LineString", "coordinates": [ [ -67.2, 20.8 ], [ -67.6, 20.6 ] ] } },
{ "type": "Feature", "properties": { "sid": "2009279N15311", "name": "Henri", "season": 2009, "cat": -3, "wind": 20 }, "geometry": { "type": "LineString", "coordinates": [ [ -67.6, 20.6 ], [ -68.1, 20.4 ] ] } },
{ "type": "Feature", "properties": { "sid": "2009279N15311", "name": "Henri", "season": 2009, "cat": -3, "wind": 20 }, "geometry": { "type": "LineString", "coordinates": [ [ -68.1, 20.4 ], [ -68.5, 20.3 ] ] } },
{ "type": "Feature", "properties": { "sid": "2009279N15311", "name": "Henri", "season": 2009, "cat": -3, "wind": 20 }, "geometry": { "type": "LineString", "coordinates": [ [ -68.5, 20.3 ], [ -68.9, 20.2 ] ] } },
{ "type": "Feature", "properties": { "sid": "2009279N15311", "name": "Henri", "season": 2009, "cat": -3, "wind": 20 }, "geometry": { "type": "LineString", "coordinates": [ [ -68.9, 20.2 ], [ -69.4, 20.2 ] ] } },
{ "type": "Feature", "properties": { "sid": "2009279N15311", "name": "Henri", "season": 2009, "cat": -3, "wind": 20 }, "geometry": { "type": "LineString", "coordinates": [ [ -69.4, 20.2 ], [ -69.9, 20.1 ] ] } },
{ "type": "Feature", "properties": { "sid": "2009279N15311", "name": "Henri", "season": 2009, "cat": -3, "wind": 20 }, "geometry": { "type": "LineString", "coordinates": [ [ -69.9, 20.1 ], [ -70.5, 20.1 ] ] } },
{ "type": "Feature", "properties": { "sid": "2009279N15311", "name": "Henri", "season": 2009, "cat": -3, "wind": 20 }, "geometry": { "type": "LineString", "coordinates": [ [ -70.5, 20.1 ], [ -71.1, 20.1 ] ] } },
{ "type": "Feature", "properties": { "sid": "2009279N15311", "name": "Henri", "season": 2009, "cat": -3, "wind": 20 }, "geometry": { "type": "LineString", "coordinates": [ [ -71.1, 20.1 ], [ -71.7, 20.2 ] ] } },
{ "type": "Feature", "properties": { "sid": "2010215N13319", "name": "Colin", "season": 2010, "cat": -3, "wind": 35 }, "geometry": { "type": "LineString", "coordinates": [ [ -57.2, 17.0 ], [ -58.4, 17.5 ] ] } },
{ "type": "Feature", "properties": { "sid": "2010215N13319", "name": "Colin", "season": 2010, "cat": -3, "wind": 35 }, "geometry": { "type": "LineString", "coordinates": [ [ -58.4, 17.5 ], [ -59.5, 18.0 ] ] } },
{ "type": "Feature", "properties": { "sid": "2010215N13319", "name": "Colin", "season": 2010, "cat": -3, "wind": 35 }, "geometry": { "type": "LineString", "coordinates": [ [ -59.5, 18.0 ], [ -60.4, 18.6 ] ] } },
{ "type": "Feature", "properties": { "sid": "2010215N13319", "name": "Colin", "season": 2010, "cat": -3, "wind": 38 }, "geometry": { "type": "LineString", "coordinates": [ [ -60.4, 18.6 ], [ -61.1, 19.2 ] ] } },
{ "type": "Feature", "properties": { "sid": "2010215N13319", "name": "Colin", "season": 2010, "cat": -3, "wind": 40 }, "geometry": { "type": "LineString", "coordinates": [ [ -61.1, 19.2 ], [ -61.8, 19.8 ] ] } },
{ "type": "Feature", "properties": { "sid": "2010215N13319", "name": "Colin", "season": 2010, "cat": -3, "wind": 40 }, "geometry": { "type": "LineString", "coordinates": [ [ -61.8, 19.8 ], [ -62.5, 20.4 ] ] } },
{ "type": "Feature", "properties": { "sid": "2010215N13319", "name": "Colin", "season": 2010, "cat": -3, "wind": 40 }, "geometry": { "type": "LineString", "coordinates": [ [ -62.5, 20.4 ], [ -63.1, 21.0 ] ] } },
{ "type": "Feature", "properties": { "sid": "2010215N13319", "name": "Colin", "season": 2010, "cat": -3, "wind": 40 }, "geometry": { "type": "LineString", "coordinates": [ [ -63.1, 21.0 ], [ -63.7, 21.7 ] ] } },
{ "type": "Feature", "properties": { "sid": "2010215N13319", "name": "Colin", "season": 2010, "cat": -3, "wind": 40 }, "geometry": { "type": "LineString", "coordinates": [ [ -63.7, 21.7 ], [ -64.3, 22.3 ] ] } },
{ "type": "Feature", "properties": { "sid": "2010215N13319", "name": "Colin", "season": 2010, "cat": -3, "wind": 40 }, "geometry": { "type": "LineString", "coordinates": [ [ -64.3, 22.3 ], [ -64.9, 23.0 ] ] } },
{ "type": "Feature", "properties": { "sid": "2010215N13319", "name": "Colin", "season": 2010, "cat": 0, "wind": 40 }, "geometry": { "type": "LineString", "coordinates": [ [ -64.9, 23.0 ], [ -65.4, 23.7 ] ] } },
{ "type": "Feature", "properties": { "sid": "2010215N13319", "name": "Colin", "season": 2010, "cat": 0, "wind": 43 }, "geometry": { "type": "LineString", "coordinates": [ [ -65.4, 23.7 ], [ -65.8, 24.4 ] ] } },
{ "type": "Feature", "properties": { "sid": "2010215N13319", "name": "Colin", "season": 2010, "cat": 0, "wind": 45 }, "geometry": { "type": "LineString", "coordinates": [ [ -65.8, 24.4 ], [ -66.1, 25.0 ] ] } },
{ "type": "Feature", "properties": { "sid": "2010215N13319", "name": "Colin", "season": 2010, "cat": 0, "wind": 50 }, "geometry": { "type": "LineString", "coordinates": [ [ -66.1, 25.0 ], [ -66.6, 25.6 ] ] } },
{ "type": "Feature", "properties": { "sid": "2010215N13319", "name": "Colin", "season": 2010, "cat": 0, "wind": 50 }, "geometry": { "type": "LineString", "coordinates": [ [ -66.6, 25.6 ], [ -67.0, 26.1 ] ] } },
{ "type": "Feature", "properties": { "sid": "2010236N12341", "name": "Earl", "season": 2010, "cat": 0, "wind": 60 }, "geometry": { "type": "LineString", "coordinates": [ [ -57.3, 16.8 ], [ -58.0, 17.0 ] ] } },
{ "type": "Feature", "properties": { "sid": "2010236N12341", "name": "Earl", "season": 2010, "cat": 1, "wind": 65 }, "geometry": { "type": "LineString", "coordinates": [ [ -58.0, 17.0 ], [ -58.7, 17.1 ] ] } },
{ "type": "Feature", "properties": { "sid": "2010236N12341", "name": "Earl", "season": 2010, "cat": 1, "wind": 70 }, "geometry": { "type": "LineString", "coordinates": [ [ -58.7, 17.1 ], [ -59.3, 17.3 ] ] } },
{ "type": "Feature", "properties": { "sid": "2010236N12341", "name": "Earl", "season": 2010, "cat": 1, "wind": 75 }, "geometry": { "type": "LineString", "coordinates": [ [ -59.3, 17.3 ], [ -60.0, 17.5 ] ] } },
{ "type": "Feature", "properties": { "sid": "2010236N12341", "name": "Earl", "season": 2010, "cat": 1, "wind": 80 }, "geometry": { "type": "LineString", "coordinates": [ [ -60.0, 17.5 ], [ -60.6, 17.7 ] ] } },
{ "type": "Feature", "properties": { "sid": "2010236N12341", "name": "Earl", "season": 2010, "cat": 2, "wind": 85 }, "geometry": { "type": "LineString", "coordinates": [ [ -60.6, 17.7 ], [ -61.3, 17.9 ] ] } },
{ "type": "Feature", "properties": { "sid": "2010236N12341", "name": "Earl", "season": 2010, "cat": 2, "wind": 90 }, "geometry": { "type": "LineString", "coordinates": [ [ -61.3, 17.9 ], [ -61.9, 18.1 ] ] } },
{ "type": "Feature", "properties": { "sid": "2010236N12341", "name": "Earl", "season": 2010, "cat": 2, "wind": 95 }, "geometry": { "type": "LineString", "coordinates": [ [ -61.9, 18.1 ], [ -62.5, 18.3 ] ] } },
{ "type": "Feature", "properties": { "sid": "2010236N12341", "name": "Earl", "season": 2010, "cat": 3, "wind": 100 }, "geometry": { "type": "LineString", "coordinates": [ [ -62.5, 18.3 ], [ -63.1, 18.5 ] ] } },
{ "type": "Feature", "properties": { "sid": "2010236N12341", "name": "Earl", "season": 2010, "cat": 3, "wind": 105 }, "geometry": { "type": "LineString", "coordinates": [ [ -63.1, 18.5 ], [ -63.7, 18.7 ] ] } },
{ "type": "Feature", "properties": { "sid": "2010236N12341", "name": "Earl", "season": 2010, "cat": 3, "wind": 110 }, "geometry": { "type": "LineString", "coordinates": [ [ -63.7, 18.7 ], [ -64.2, 19.0 ] ] } },
{ "type": "Feature", "properties": { "sid": "2010236N12341", "name": "Earl", "season": 2010, "cat": 4, "wind": 115 }, "geometry": { "type": "LineString", "coordinates": [ [ -64.2, 19.0 ], [ -64.8, 19.3 ] ] } },
{ "type": "Feature", "properties": { "sid": "2010236N12341", "name": "Earl", "season": 2010, "cat": 4, "wind": 115 }, "geometry": { "type": "LineString", "coordinates": [ [ -64.8, 19.3 ], [ -65.3, 19.6 ] ] } },
{ "type": "Feature", "properties": { "sid": "2010236N12341", "name": "Earl", "season": 2010, "cat": 4, "wind": 115 }, "geometry": { "type": "LineString", "coordinates": [ [ -65.3, 19.6 ], [ -65.9, 19.9 ] ] } },
{ "type": "Feature", "properties": { "sid": "2010236N12341", "name": "Earl", "season": 2010, "cat": 4, "wind": 115 }, "geometry": { "type": "LineString", "coordinates": [ [ -65.9, 19.9 ], [ -66.4, 20.2 ] ] } },
{ "type": "Feature", "properties": { "sid": "2010236N12341", "name": "Earl", "season": 2010, "cat": 4, "wind": 115 }, "geometry": { "type": "LineString", "coordinates": [ [ -66.4, 20.2 ], [ -67.0, 20.5 ] ] } },
{ "type": "Feature", "properties": { "sid": "2010236N12341", "name": "Earl", "season": 2010, "cat": 4, "wind": 115 }, "geometry": { "type": "LineString", "coordinates": [ [ -67.0, 20.5 ], [ -67.5, 20.9 ] ] } },
{ "type": "Feature", "properties": { "sid": "2010236N12341", "name": "Earl", "season": 2010, "cat": 4, "wind": 115 }, "geometry": { "type": "LineString", "coordinates": [ [ -67.5, 20.9 ], [ -68.0, 21.2 ] ] } },
{ "type": "Feature", "properties": { "sid": "2010236N12341", "name": "Earl", "season": 2010, "cat": 4, "wind": 115 }, "geometry": { "type": "LineString", "coordinates": [ [ -68.0, 21.2 ], [ -68.4, 21.6 ] ] } },
{ "type": "Feature", "properties": { "sid": "2010236N12341", "name": "Earl", "season": 2010, "cat": 4, "wind": 115 }, "geometry": { "type": "LineString", "coordinates": [ [ -68.4, 21.6 ], [ -68.9, 22.0 ] ] } },
{ "type": "Feature", "properties": { "sid": "2010236N12341", "name": "Earl", "season": 2010, "cat": 4, "wind": 113 }, "geometry": { "type": "LineString", "coordinates": [ [ -68.9, 22.0 ], [ -69.4, 22.5 ] ] } },
{ "type": "Feature", "properties": { "sid": "2010236N12341", "name": "Earl", "season": 2010, "cat": 3, "wind": 110 }, "geometry": { "type": "LineString", "coordinates": [ [ -69.4, 22.5 ], [ -69.9, 23.0 ] ] } },
{ "type": "Feature", "properties": { "sid": "2010236N12341", "name": "Earl", "season": 2010, "cat": 3, "wind": 108 }, "geometry": { "type": "LineString", "coordinates": [ [ -69.9, 23.0 ], [ -70.5, 23.6 ] ] } },
{ "type": "Feature", "properties": { "sid": "2010236N12341", "name": "Earl", "season": 2010, "cat": 3, "wind": 105 }, "geometry": { "type": "LineString", "coordinates": [ [ -70.5, 23.6 ], [ -71.1, 24.1 ] ] } },
{ "type": "Feature", "properties": { "sid": "2010236N12341", "name": "Earl", "season": 2010, "cat": 3, "wind": 108 }, "geometry": { "type": "LineString", "coordinates": [ [ -71.1, 24.1 ], [ -71.6, 24.7 ] ] } },
{ "type": "Feature", "properties": { "sid": "2010242N14318", "name": "Fiona", "season": 2010, "cat": 0, "wind": 43 }, "geometry": { "type": "LineString", "coordinates": [ [ -57.8, 16.4 ], [ -58.5, 16.6 ] ] } },
{ "type": "Feature", "properties": { "sid": "2010242N14318", "name": "Fiona", "season": 2010, "cat": 0, "wind": 45 }, "geometry": { "type": "LineString", "coordinates": [ [ -58.5, 16.6 ], [ -59.2, 16.8 ] ] } },
{ "type": "Feature", "properties": { "sid": "2010242N14318", "name": "Fiona", "season": 2010, "cat": 0, "wind": 48 }, "geometry": { "type": "LineString", "coordinates": [ [ -59.2, 16.8 ], [ -59.8, 17.2 ] ] } },
{ "type": "Feature", "properties": { "sid": "2010242N14318", "name": "Fiona", "season": 2010, "cat": 0, "wind": 50 }, "geometry": { "type": "LineString", "coordinates": [ [ -59.8, 17.2 ], [ -60.4, 17.6 ] ] } },
{ "type": "Feature", "properties": { "sid": "2010242N14318", "name": "Fiona", "season": 2010, "cat": 0, "wind": 50 }, "geometry": { "type": "LineString", "coordinates": [ [ -60.4, 17.6 ], [ -61.0, 18.2 ] ] } },
{ "type": "Feature", "properties": { "sid": "2010242N14318", "name": "Fiona", "season": 2010, "cat": 0, "wind": 50 }, "geometry": { "type": "LineString", "coordinates": [ [ -61.0, 18.2 ], [ -61.7, 18.8 ] ] } },
{ "type": "Feature", "properties": { "sid": "2010242N14318", "name": "Fiona", "season": 2010, "cat": 0, "wind": 53 }, "geometry": { "type": "LineString", "coordinates": [ [ -61.7, 18.8 ], [ -62.5, 19.5 ] ] } },
{ "type": "Feature", "properties": { "sid": "2010242N14318", "name": "Fiona", "season": 2010, "cat": 0, "wind": 55 }, "geometry": { "type": "LineString", "coordinates": [ [ -62.5, 19.5 ], [ -63.2, 20.2 ] ] } },
{ "type": "Feature", "properties": { "sid": "2010242N14318", "name": "Fiona", "season": 2010, "cat": 0, "wind": 53 }, "geometry": { "type": "LineString", "coordinates": [ [ -63.2, 20.2 ], [ -63.8, 21.0 ] ] } },
{ "type": "Feature", "properties": { "sid": "2010242N14318", "name": "Fiona", "season": 2010, "cat": 0, "wind": 50 }, "geometry": { "type": "LineString", "coordinates": [ [ -63.8, 21.0 ], [ -64.4, 21.7 ] ] } },
{ "type": "Feature", "properties": { "sid": "2010242N14318", "name": "Fiona", "season": 2010, "cat": 0, "wind": 48 }, "geometry": { "type": "LineString", "coordinates": [ [ -64.4, 21.7 ], [ -64.9, 22.3 ] ] } },
{ "type": "Feature", "properties": { "sid": "2010242N14318", "name": "Fiona", "season": 2010, "cat": 0, "wind": 45 }, "geometry": { "type": "LineString", "coordinates": [ [ -64.9, 22.3 ], [ -65.4, 22.9 ] ] } },
{ "type": "Feature", "properties": { "sid": "2010242N14318", "name": "Fiona", "season": 2010, "cat": 0, "wind": 45 }, "geometry": { "type": "LineString", "coordinates": [ [ -65.4, 22.9 ], [ -65.9, 23.6 ] ] } },
{ "type": "Feature", "properties": { "sid": "2010242N14318", "name": "Fiona", "season": 2010, "cat": 0, "wind": 45 }, "geometry": { "type": "LineString", "coordinates": [ [ -65.9, 23.6 ], [ -66.3, 24.3 ] ] } },
{ "type": "Feature", "properties": { "sid": "2010242N14318", "name": "Fiona", "season": 2010, "cat": 0, "wind": 45 }, "geometry": { "type": "LineString", "coordinates": [ [ -66.3, 24.3 ], [ -66.6, 25.0 ] ] } },
{ "type": "Feature", "properties": { "sid": "2010242N14318", "name": "Fiona", "season": 2010, "cat": 0, "wind": 45 }, "geometry": { "type": "LineString", "coordinates": [ [ -66.6, 25.0 ], [ -66.9, 25.7 ] ] } },
{ "type": "Feature", "properties": { "sid": "2010242N14318", "name": "Fiona", "season": 2010, "cat": 0, "wind": 43 }, "geometry": { "type": "LineString", "coordinates": [ [ -66.9, 25.7 ], [ -67.0, 26.3 ] ] } },
{ "type": "Feature", "properties": { "sid": "2010244N12328", "name": "Gaston", "season": 2010, "cat": -3, "wind": 25 }, "geometry": { "type": "LineString", "coordinates": [ [ -57.2, 17.5 ], [ -58.1, 17.5 ] ] } },
{ "type": "Feature", "properties": { "sid": "2010244N12328", "name": "Gaston", "season": 2010, "cat": -3, "wind": 25 }, "geometry": { "type": "LineString", "coordinates": [ [ -58.1, 17.5 ], [ -59.0, 17.4 ] ] } },
{ "type": "Feature", "properties": { "sid": "2010244N12328", "name": "Gaston", "season": 2010, "cat": -3, "wind": 25 }, "geometry": { "type": "LineString", "coordinates": [ [ -59.0, 17.4 ], [ -59.9, 17.3 ] ] } },
{ "type": "Feature", "properties": { "sid": "2010244N12328", "name": "Gaston", "season": 2010, "cat": -3, "wind": 25 }, "geometry": { "type": "LineString", "coordinates": [ [ -59.9, 17.3 ], [ -60.8, 17.1 ] ] } },
{ "type": "Feature", "properties": { "sid": "2010244N12328", "name": "Gaston", "season": 2010, "cat": -3, "wind": 25 }, "geometry": { "type": "LineString", "coordinates": [ [ -60.8, 17.1 ], [ -61.7, 16.9 ] ] } },
{ "type": "Feature", "properties": { "sid": "2010244N12328", "name": "Gaston", "season": 2010, "cat": -3, "wind": 25 }, "geometry": { "type": "LineString", "coordinates": [ [ -61.7, 16.9 ], [ -62.7, 16.8 ] ] } },
{ "type": "Feature", "properties": { "sid": "2010244N12328", "name": "Gaston", "season": 2010, "cat": -3, "wind": 25 }, "geometry": { "type": "LineString", "coordinates": [ [ -62.7, 16.8 ], [ -63.7, 16.8 ] ] } },
{ "type": "Feature", "properties": { "sid": "2010244N12328", "name": "Gaston", "season": 2010, "cat": -3, "wind": 25 }, "geometry": { "type": "LineString", "coordinates": [ [ -63.7, 16.8 ], [ -64.6, 16.8 ] ] } },
{ "type": "Feature", "properties": { "sid": "2010244N12328", "name": "Gaston", "season": 2010, "cat": -3, "wind": 25 }, "geometry": { "type": "LineString", "coordinates": [ [ -64.6, 16.8 ], [ -65.5, 16.9 ] ] } },
{ "type": "Feature", "properties": { "sid": "2010244N12328", "name": "Gaston", "season": 2010, "cat": -3, "wind": 25 }, "geometry": { "type": "LineString", "coordinates": [ [ -65.5, 16.9 ], [ -66.3, 17.0 ] ] } },
{ "type": "Feature", "properties": { "sid": "2010244N12328", "name": "Gaston", "season": 2010, "cat": -3, "wind": 25 }, "geometry": { "type": "LineString", "coordinates": [ [ -66.3, 17.0 ], [ -67.0, 17.2 ] ] } },
{ "type": "Feature", "properties": { "sid": "2010244N12328", "name": "Gaston", "season": 2010, "cat": -3, "wind": 25 }, "geometry": { "type": "LineString", "coordinates": [ [ -67.0, 17.2 ], [ -67.7, 17.4 ] ] } },
{ "type": "Feature", "properties": { "sid": "2010279N22293", "name": "Otto", "season": 2010, "cat": -2, "wind": 30 }, "geometry": { "type": "LineString", "coordinates": [ [ -67.2, 22.0 ], [ -67.5, 22.3 ] ] } },
{ "type": "Feature", "properties": { "sid": "2010279N22293", "name": "Otto", "season": 2010, "cat": -2, "wind": 35 }, "geometry": { "type": "LineString", "coordinates": [ [ -67.5, 22.3 ], [ -67.8, 22.6 ] ] } },
{ "type": "Feature", "properties": { "sid": "2010279N22293", "name": "Otto", "season": 2010, "cat": -2, "wind": 40 }, "geometry": { "type": "LineString", "coordinates": [ [ -67.8, 22.6 ], [ -68.0, 22.8 ] ] } },
{ "type": "Feature", "properties": { "sid": "2010279N22293", "name": "Otto", "season": 2010, "cat": -2, "wind": 45 }, "geometry": { "type": "LineString", "coordinates": [ [ -68.0, 22.8 ], [ -68.1, 23.0 ] ] } },
{ "type": "Feature", "properties": { "sid": "2010279N22293", "name": "Otto", "season": 2010, "cat": -2, "wind": 50 }, "geometry": { "type": "LineString", "coordinates": [ [ -68.1, 23.0 ], [ -68.2, 23.1 ] ] } },
{ "type": "Feature", "properties": { "sid": "2010279N22293", "name": "Otto", "season": 2010, "cat": -2, "wind": 53 }, "geometry": { "type": "LineString", "coordinates": [ [ -68.2, 23.1 ], [ -68.2, 23.2 ] ] } },
{ "type": "Feature", "properties": { "sid": "2010279N22293", "name": "Otto", "season": 2010, "cat": -2, "wind": 55 }, "geometry": { "type": "LineString", "coordinates": [ [ -68.2, 23.2 ], [ -68.3, 23.3 ] ] } },
{ "type": "Feature", "properties": { "sid": "2010279N22293", "name": "Otto", "season": 2010, "cat": -2, "wind": 53 }, "geometry": { "type": "LineString", "coordinates": [ [ -68.3, 23.3 ], [ -68.3, 23.4 ] ] } },
{ "type": "Feature", "properties": { "sid": "2010279N22293", "name": "Otto", "season": 2010, "cat": -2, "wind": 50 }, "geometry": { "type": "LineString", "coordinates": [ [ -68.3, 23.4 ], [ -68.3, 23.5 ] ] } },
{ "type": "Feature", "properties": { "sid": "2010279N22293", "name": "Otto", "season": 2010, "cat": -2, "wind": 48 }, "geometry": { "type": "LineString", "coordinates": [ [ -68.3, 23.5 ], [ -68.3, 23.6 ] ] } },
{ "type": "Feature", "properties": { "sid": "2010279N22293", "name": "Otto", "season": 2010, "cat": 0, "wind": 45 }, "geometry": { "type": "LineString", "coordinates": [ [ -68.3, 23.6 ], [ -68.1, 23.7 ] ] } },
{ "type": "Feature", "properties": { "sid": "2010279N22293", "name": "Otto", "season": 2010, "cat": 0, "wind": 48 }, "geometry": { "type": "LineString", "coordinates": [ [ -68.1, 23.7 ], [ -67.8, 23.8 ] ] } },
{ "type": "Feature", "properties": { "sid": "2010279N22293", "name": "Otto", "season": 2010, "cat": 0, "wind": 50 }, "geometry": { "type": "LineString", "coordinates": [ [ -67.8, 23.8 ], [ -67.4, 23.9 ] ] } },
{ "type": "Feature", "properties": { "sid": "2010279N22293", "name": "Otto", "season": 2010, "cat": 0, "wind": 53 }, "geometry": { "type": "LineString", "coordinates": [ [ -67.4, 23.9 ], [ -67.0, 24.0 ] ] } },
{ "type": "Feature", "properties": { "sid": "2010279N22293", "name": "Otto", "season": 2010, "cat": 0, "wind": 55 }, "geometry": { "type": "LineString", "coordinates": [ [ -67.0, 24.0 ], [ -66.6, 24.2 ] ] } },
{ "type": "Feature", "properties": { "sid": "2010279N22293", "name": "Otto", "season": 2010, "cat": 0, "wind": 58 }, "geometry": { "type": "LineString", "coordinates": [ [ -66.6, 24.2 ], [ -66.1, 24.4 ] ] } },
{ "type": "Feature", "properties": { "sid": "2010279N22293", "name": "Otto", "season": 2010, "cat": 0, "wind": 60 }, "geometry": { "type": "LineString", "coordinates": [ [ -66.1, 24.4 ], [ -65.5, 24.8 ] ] } },
{ "type": "Feature", "properties": { "sid": "2010279N22293", "name": "Otto", "season": 2010, "cat": 0, "wind": 63 }, "geometry": { "type": "LineString", "coordinates": [ [ -65.5, 24.8 ], [ -64.8, 25.2 ] ] } },
{ "type": "Feature", "properties": { "sid": "2010279N22293", "name": "Otto", "season": 2010, "cat": 1, "wind": 65 }, "geometry": { "type": "LineString", "coordinates": [ [ -64.8, 25.2 ], [ -64.1, 25.7 ] ] } },
{ "type": "Feature", "properties": { "sid": "2010302N09306", "name": "Tomas", "season": 2010, "cat": 0, "wind": 60 }, "geometry": { "type": "LineString", "coordinates": [ [ -59.5, 13.0 ], [ -60.1, 13.1 ] ] } },
{ "type": "Feature", "properties": { "sid": "2010302N09306", "name": "Tomas", "season": 2010, "cat": 1, "wind": 65 }, "geometry": { "type": "LineString", "coordinates": [ [ -60.1, 13.1 ], [ -60.6, 13.2 ] ] } },
{ "type": "Feature", "properties": { "sid": "2010302N09306", "name": "Tomas", "season": 2010, "cat": 1, "wind": 73 }, "geometry": { "type": "LineString", "coordinates": [ [ -60.6, 13.2 ], [ -61.0, 13.3 ] ] } },
{ "type": "Feature", "properties": { "sid": "2010302N09306", "name": "Tomas", "season": 2010, "cat": 1, "wind": 80 }, "geometry": { "type": "LineString", "coordinates": [ [ -61.0, 13.3 ], [ -61.2, 13.4 ] ] } },
{ "type": "Feature", "properties": { "sid": "2010302N09306", "name": "Tomas", "season": 2010, "cat": 2, "wind": 85 }, "geometry": { "type": "LineString", "coordinates": [ [ -61.2, 13.4 ], [ -61.3, 13.4 ] ] } },
{ "type": "Feature", "properties": { "sid": "2010302N09306", "name": "Tomas", "season": 2010, "cat": 2, "wind": 85 }, "geometry": { "type": "LineString", "coordinates": [ [ -61.3, 13.4 ], [ -61.7, 13.5 ] ] } },
{ "type": "Feature", "properties": { "sid": "2010302N09306", "name": "Tomas", "season": 2010, "cat": 2, "wind": 85 }, "geometry": { "type": "LineString", "coordinates": [ [ -61.7, 13.5 ], [ -62.0, 13.6 ] ] } },
{ "type": "Feature", "properties": { "sid": "2010302N09306", "name": "Tomas", "season": 2010, "cat": 2, "wind": 85 }, "geometry": { "type": "LineString", "coordinates": [ [ -62.0, 13.6 ], [ -62.4, 13.8 ] ] } },
{ "type": "Feature", "properties": { "sid": "2010302N09306", "name": "Tomas", "season": 2010, "cat": 2, "wind": 85 }, "geometry": { "type": "LineString", "coordinates": [ [ -62.4, 13.8 ], [ -62.8, 13.9 ] ] } },
{ "type": "Feature", "properties": { "sid": "2010302N09306", "name": "Tomas", "season": 2010, "cat": 2, "wind": 83 }, "geometry": { "type": "LineString", "coordinates": [ [ -62.8, 13.9 ], [ -63.3, 14.0 ] ] } },
{ "type": "Feature", "properties": { "sid": "2010302N09306", "name": "Tomas", "season": 2010, "cat": 1, "wind": 80 }, "geometry": { "type": "LineString", "coordinates": [ [ -63.3, 14.0 ], [ -63.8, 14.1 ] ] } },
{ "type": "Feature", "properties": { "sid": "2010302N09306", "name": "Tomas", "season": 2010, "cat": 1, "wind": 73 }, "geometry": { "type": "LineString", "coordinates": [ [ -63.8, 14.1 ], [ -64.4, 14.2 ] ] } },
{ "type": "Feature", "properties": { "sid": "2010302N09306", "name": "Tomas", "season": 2010, "cat": 1, "wind": 65 }, "geometry": { "type": "LineString", "coordinates": [ [ -64.4, 14.2 ], [ -65.1, 14.2 ] ] } },
{ "type": "Feature", "properties": { "sid": "2010302N09306", "name": "Tomas", "season": 2010, "cat": 0, "wind": 60 }, "geometry": { "type": "LineString", "coordinates": [ [ -65.1, 14.2 ], [ -65.8, 14.1 ] ] } },
{ "type": "Feature", "properties": { "sid": "2010302N09306", "name": "Tomas", "season": 2010, "cat": 0, "wind": 55 }, "geometry": { "type": "LineString", "coordinates": [ [ -65.8, 14.1 ], [ -66.5, 14.0 ] ] } },
{ "type": "Feature", "properties": { "sid": "2010302N09306", "name": "Tomas", "season": 2010, "cat": 0, "wind": 50 }, "geometry": { "type": "LineString", "coordinates": [ [ -66.5, 14.0 ], [ -67.1, 13.9 ] ] } },
{ "type": "Feature", "properties": { "sid": "2010302N09306", "name": "Tomas", "season": 2010, "cat": 0, "wind": 45 }, "geometry": { "type": "LineString", "coordinates": [ [ -67.1, 13.9 ], [ -67.7, 13.7 ] ] } },
{ "type": "Feature", "properties": { "sid": "2010302N09306", "name": "Tomas", "season": 2010, "cat": 0, "wind": 43 }, "geometry": { "type": "LineString", "coordinates": [ [ -67.7, 13.7 ], [ -68.2, 13.6 ] ] } },
{ "type": "Feature", "properties": { "sid": "2010302N09306", "name": "Tomas", "season": 2010, "cat": 0, "wind": 40 }, "geometry": { "type": "LineString", "coordinates": [ [ -68.2, 13.6 ], [ -68.7, 13.5 ] ] } },
{ "type": "Feature", "properties": { "sid": "2010302N09306", "name": "Tomas", "season": 2010, "cat": 0, "wind": 40 }, "geometry": { "type": "LineString", "coordinates": [ [ -68.7, 13.5 ], [ -69.2, 13.5 ] ] } },
{ "type": "Feature", "properties": { "sid": "2010302N09306", "name": "Tomas", "season": 2010, "cat": 0, "wind": 40 }, "geometry": { "type": "LineString", "coordinates": [ [ -69.2, 13.5 ], [ -69.7, 13.5 ] ] } },
{ "type": "Feature", "properties": { "sid": "2010302N09306", "name": "Tomas", "season": 2010, "cat": 0, "wind": 40 }, "geometry": { "type": "LineString", "coordinates": [ [ -69.7, 13.5 ], [ -70.3, 13.5 ] ] } },
{ "type": "Feature", "properties": { "sid": "2010302N09306", "name": "Tomas", "season": 2010, "cat": 0, "wind": 40 }, "geometry": { "type": "LineString", "coordinates": [ [ -70.3, 13.5 ], [ -70.9, 13.5 ] ] } },
{ "type": "Feature", "properties": { "sid": "2010302N09306", "name": "Tomas", "season": 2010, "cat": 0, "wind": 43 }, "geometry": { "type": "LineString", "coordinates": [ [ -70.9, 13.5 ], [ -71.4, 13.5 ] ] } },
{ "type": "Feature", "properties": { "sid": "2010302N09306", "name": "Tomas", "season": 2010, "cat": 0, "wind": 45 }, "geometry": { "type": "LineString", "coordinates": [ [ -71.4, 13.5 ], [ -72.0, 13.5 ] ] } },
{ "type": "Feature", "properties": { "sid": "2010302N09306", "name": "Tomas", "season": 2010, "cat": 0, "wind": 43 }, "geometry": { "type": "LineString", "coordinates": [ [ -72.0, 13.5 ], [ -72.5, 13.5 ] ] } },
{ "type": "Feature", "properties": { "sid": "2010302N09306", "name": "Tomas", "season": 2010, "cat": 0, "wind": 40 }, "geometry": { "type": "LineString", "coordinates": [ [ -72.5, 13.5 ], [ -73.0, 13.5 ] ] } },
{ "type": "Feature", "properties": { "sid": "2010302N09306", "name": "Tomas", "season": 2010, "cat": 0, "wind": 38 }, "geometry": { "type": "LineString", "coordinates": [ [ -73.0, 13.5 ], [ -73.4, 13.6 ] ] } },
{ "type": "Feature", "properties": { "sid": "2010302N09306", "name": "Tomas", "season": 2010, "cat": 1, "wind": 73 }, "geometry": { "type": "LineString", "coordinates": [ [ -75.0, 18.2 ], [ -74.7, 18.7 ] ] } },
{ "type": "Feature", "properties": { "sid": "2010302N09306", "name": "Tomas", "season": 2010, "cat": 1, "wind": 75 }, "geometry": { "type": "LineString", "coordinates": [ [ -74.7, 18.7 ], [ -74.4, 19.2 ] ] } },
{ "type": "Feature", "properties": { "sid": "2010302N09306", "name": "Tomas", "season": 2010, "cat": 1, "wind": 73 }, "geometry": { "type": "LineString", "coordinates": [ [ -74.4, 19.2 ], [ -74.0, 19.7 ] ] } },
{ "type": "Feature", "properties": { "sid": "2010302N09306", "name": "Tomas", "season": 2010, "cat": 1, "wind": 70 }, "geometry": { "type": "LineString", "coordinates": [ [ -74.0, 19.7 ], [ -73.6, 20.0 ] ] } },
{ "type": "Feature", "properties": { "sid": "2010302N09306", "name": "Tomas", "season": 2010, "cat": 1, "wind": 65 }, "geometry": { "type": "LineString", "coordinates": [ [ -73.6, 20.0 ], [ -73.1, 20.4 ] ] } },
{ "type": "Feature", "properties": { "sid": "2010302N09306", "name": "Tomas", "season": 2010, "cat": 0, "wind": 60 }, "geometry": { "type": "LineString", "coordinates": [ [ -73.1, 20.4 ], [ -72.4, 20.9 ] ] } },
{ "type": "Feature", "properties": { "sid": "2010302N09306", "name": "Tomas", "season": 2010, "cat": 0, "wind": 60 }, "geometry": { "type": "LineString", "coordinates": [ [ -72.4, 20.9 ], [ -71.8, 21.4 ] ] } },
{ "type": "Feature", "properties": { "sid": "2010302N09306", "name": "Tomas", "season": 2010, "cat": 0, "wind": 60 }, "geometry": { "type": "LineString", "coordinates": [ [ -71.8, 21.4 ], [ -71.6, 21.7 ] ] } },
{ "type": "Feature", "properties": { "sid": "2010302N09306", "name": "Tomas", "season": 2010, "cat": 0, "wind": 60 }, "geometry": { "type": "LineString", "coordinates": [ [ -71.6, 21.7 ], [ -71.4, 22.0 ] ] } },
{ "type": "Feature", "properties": { "sid": "2010302N09306", "name": "Tomas", "season": 2010, "cat": 0, "wind": 60 }, "geometry": { "type": "LineString", "coordinates": [ [ -71.4, 22.0 ], [ -70.9, 22.6 ] ] } },
{ "type": "Feature", "properties": { "sid": "2010302N09306", "name": "Tomas", "season": 2010, "cat": 0, "wind": 60 }, "geometry": { "type": "LineString", "coordinates": [ [ -70.9, 22.6 ], [ -70.6, 23.2 ] ] } },
{ "type": "Feature", "properties": { "sid": "2010302N09306", "name": "Tomas", "season": 2010, "cat": 0, "wind": 63 }, "geometry": { "type": "LineString", "coordinates": [ [ -70.6, 23.2 ], [ -70.3, 23.8 ] ] } },
{ "type": "Feature", "properties": { "sid": "2010302N09306", "name": "Tomas", "season": 2010, "cat": 1, "wind": 65 }, "geometry": { "type": "LineString", "coordinates": [ [ -70.3, 23.8 ], [ -70.0, 24.4 ] ] } },
{ "type": "Feature", "properties": { "sid": "2010302N09306", "name": "Tomas", "season": 2010, "cat": 1, "wind": 68 }, "geometry": { "type": "LineString", "coordinates": [ [ -70.0, 24.4 ], [ -69.8, 24.9 ] ] } },
{ "type": "Feature", "properties": { "sid": "2010302N09306", "name": "Tomas", "season": 2010, "cat": 1, "wind": 70 }, "geometry": { "type": "LineString", "coordinates": [ [ -69.8, 24.9 ], [ -69.7, 25.2 ] ] } },
{ "type": "Feature", "properties": { "sid": "2010302N09306", "name": "Tomas", "season": 2010, "cat": 1, "wind": 68 }, "geometry": { "type": "LineString", "coordinates": [ [ -69.7, 25.2 ], [ -69.6, 25.4 ] ] } },
{ "type": "Feature", "properties": { "sid": "2010302N09306", "name": "Tomas", "season": 2010, "cat": 1, "wind": 65 }, "geometry": { "type": "LineString", "coordinates": [ [ -69.6, 25.4 ], [ -69.5, 25.6 ] ] } },
{ "type": "Feature", "properties": { "sid": "2010302N09306", "name": "Tomas", "season": 2010, "cat": -4, "wind": 50 }, "geometry": { "type": "LineString", "coordinates": [ [ -67.5, 25.8 ], [ -66.9, 25.7 ] ] } },
{ "type": "Feature", "properties": { "sid": "2010302N09306", "name": "Tomas", "season": 2010, "cat": -4, "wind": 50 }, "geometry": { "type": "LineString", "coordinates": [ [ -66.9, 25.7 ], [ -66.2, 25.6 ] ] } },
{ "type": "Feature", "properties": { "sid": "2010302N09306", "name": "Tomas", "season": 2010, "cat": -4, "wind": 50 }, "geometry": { "type": "LineString", "coordinates": [ [ -66.2, 25.6 ], [ -65.4, 25.6 ] ] } },
{ "type": "Feature", "properties": { "sid": "2010302N09306", "name": "Tomas", "season": 2010, "cat": -4, "wind": 48 }, "geometry": { "type": "LineString", "coordinates": [ [ -65.4, 25.6 ], [ -64.5, 25.8 ] ] } },
{ "type": "Feature", "properties": { "sid": "2011214N15299", "name": "Emily", "season": 2011, "cat": 0, "wind": 40 }, "geometry": { "type": "LineString", "coordinates": [ [ -61.4, 14.9 ], [ -62.0, 15.0 ] ] } },
{ "type": "Feature", "properties": { "sid": "2011214N15299", "name": "Emily", "season": 2011, "cat": 0, "wind": 40 }, "geometry": { "type": "LineString", "coordinates": [ [ -62.0, 15.0 ], [ -62.5, 15.1 ] ] } },
{ "type": "Feature", "properties": { "sid": "2011214N15299", "name": "Emily", "season": 2011, "cat": 0, "wind": 40 }, "geometry": { "type": "LineString", "coordinates": [ [ -62.5, 15.1 ], [ -63.0, 15.2 ] ] } },
{ "type": "Feature", "properties": { "sid": "2011214N15299", "name": "Emily", "season": 2011, "cat": 0, "wind": 40 }, "geometry": { "type": "LineString", "coordinates": [ [ -63.0, 15.2 ], [ -63.6, 15.4 ] ] } },
{ "type": "Feature", "properties": { "sid": "2011214N15299", "name": "Emily", "season": 2011, "cat": 0, "wind": 40 }, "geometry": { "type": "LineString", "coordinates": [ [ -63.6, 15.4 ], [ -64.2, 15.5 ] ] } },
{ "type": "Feature", "properties": { "sid": "2011214N15299", "name": "Emily", "season": 2011, "cat": 0, "wind": 40 }, "geometry": { "type": "LineString", "coordinates": [ [ -64.2, 15.5 ], [ -64.8, 15.7 ] ] } },
{ "type": "Feature", "properties": { "sid": "2011214N15299", "name": "Emily", "season": 2011, "cat": 0, "wind": 40 }, "geometry": { "type": "LineString", "coordinates": [ [ -64.8, 15.7 ], [ -65.5, 15.8 ] ] } },
{ "type": "Feature", "properties": { "sid": "2011214N15299", "name": "Emily", "season": 2011, "cat": 0, "wind": 43 }, "geometry": { "type": "LineString", "coordinates": [ [ -65.5, 15.8 ], [ -66.2, 16.0 ] ] } },
{ "type": "Feature", "properties": { "sid": "2011214N15299", "name": "Emily", "season": 2011, "cat": 0, "wind": 45 }, "geometry": { "type": "LineString", "coordinates": [ [ -66.2, 16.0 ], [ -67.0, 16.1 ] ] } },
{ "type": "Feature", "properties": { "sid": "2011214N15299", "name": "Emily", "season": 2011, "cat": 0, "wind": 45 }, "geometry": { "type": "LineString", "coordinates": [ [ -67.0, 16.1 ], [ -67.7, 16.3 ] ] } },
{ "type": "Feature", "properties": { "sid": "2011214N15299", "name": "Emily", "season": 2011, "cat": 0, "wind": 45 }, "geometry": { "type": "LineString", "coordinates": [ [ -67.7, 16.3 ], [ -68.4, 16.5 ] ] } },
{ "type": "Feature", "properties": { "sid": "2011214N15299", "name": "Emily", "season": 2011, "cat": 0, "wind": 45 }, "geometry": { "type": "LineString", "coordinates": [ [ -68.4, 16.5 ], [ -69.1, 16.6 ] ] } },
{ "type": "Feature", "properties": { "sid": "2011214N15299", "name": "Emily", "season": 2011, "cat": 0, "wind": 45 }, "geometry": { "type": "LineString", "coordinates": [ [ -69.1, 16.6 ], [ -69.8, 16.7 ] ] } },
{ "type": "Feature", "properties": { "sid": "2011214N15299", "name": "Emily", "season": 2011, "cat": 0, "wind": 45 }, "geometry": { "type": "LineString", "coordinates": [ [ -69.8, 16.7 ], [ -70.3, 16.8 ] ] } },
{ "type": "Feature", "properties": { "sid": "2011214N15299", "name": "Emily", "season": 2011, "cat": 0, "wind": 45 }, "geometry": { "type": "LineString", "coordinates": [ [ -70.3, 16.8 ], [ -70.5, 16.9 ] ] } },
{ "type": "Feature", "properties": { "sid": "2011214N15299", "name": "Emily", "season": 2011, "cat": 0, "wind": 45 }, "geometry": { "type": "LineString", "coordinates": [ [ -70.5, 16.9 ], [ -70.7, 16.9 ] ] } },
{ "type": "Feature", "properties": { "sid": "2011214N15299", "name": "Emily", "season": 2011, "cat": 0, "wind": 45 }, "geometry": { "type": "LineString", "coordinates": [ [ -70.7, 16.9 ], [ -71.0, 16.9 ] ] } },
{ "type": "Feature", "properties": { "sid": "2011214N15299", "name": "Emily", "season": 2011, "cat": 0, "wind": 45 }, "geometry": { "type": "LineString", "coordinates": [ [ -71.0, 16.9 ], [ -71.3, 16.9 ] ] } },
{ "type": "Feature", "properties": { "sid": "2011214N15299", "name": "Emily", "season": 2011, "cat": 0, "wind": 45 }, "geometry": { "type": "LineString", "coordinates": [ [ -71.3, 16.9 ], [ -71.7, 17.1 ] ] } },
{ "type": "Feature", "properties": { "sid": "2011214N15299", "name": "Emily", "season": 2011, "cat": 0, "wind": 45 }, "geometry": { "type": "LineString", "coordinates": [ [ -71.7, 17.1 ], [ -72.2, 17.3 ] ] } },
{ "type": "Feature", "properties": { "sid": "2011214N15299", "name": "Emily", "season": 2011, "cat": 0, "wind": 45 }, "geometry": { "type": "LineString", "coordinates": [ [ -72.2, 17.3 ], [ -72.8, 17.6 ] ] } },
{ "type": "Feature", "properties": { "sid": "2011214N15299", "name": "Emily", "season": 2011, "cat": 0, "wind": 38 }, "geometry": { "type": "LineString", "coordinates": [ [ -72.8, 17.6 ], [ -73.4, 17.9 ] ] } },
{ "type": "Feature", "properties": { "sid": "2011214N15299", "name": "Emily", "season": 2011, "cat": -3, "wind": 30 }, "geometry": { "type": "LineString", "coordinates": [ [ -73.4, 17.9 ], [ -74.0, 18.3 ] ] } },
{ "type": "Feature", "properties": { "sid": "2011214N15299", "name": "Emily", "season": 2011, "cat": -3, "wind": 28 }, "geometry": { "type": "LineString", "coordinates": [ [ -74.0, 18.3 ], [ -74.6, 18.8 ] ] } },
{ "type": "Feature", "properties": { "sid": "2011214N15299", "name": "Emily", "season": 2011, "cat": -3, "wind": 25 }, "geometry": { "type": "LineString", "coordinates": [ [ -74.6, 18.8 ], [ -75.1, 19.3 ] ] } },
{ "type": "Feature", "properties": { "sid": "2011233N15301", "name": "Irene", "season": 2011, "cat": 0, "wind": 45 }, "geometry": { "type": "LineString", "coordinates": [ [ -59.0, 15.0 ], [ -59.8, 15.5 ] ] } },
{ "type": "Feature", "properties": { "sid": "2011233N15301", "name": "Irene", "season": 2011, "cat": 0, "wind": 45 }, "geometry": { "type": "LineString", "coordinates": [ [ -59.8, 15.5 ], [ -60.6, 16.0 ] ] } },
{ "type": "Feature", "properties": { "sid": "2011233N15301", "name": "Irene", "season": 2011, "cat": 0, "wind": 45 }, "geometry": { "type": "LineString", "coordinates": [ [ -60.6, 16.0 ], [ -61.4, 16.4 ] ] } },
{ "type": "Feature", "properties": { "sid": "2011233N15301", "name": "Irene", "season": 2011, "cat": 0, "wind": 45 }, "geometry": { "type": "LineString", "coordinates": [ [ -61.4, 16.4 ], [ -62.2, 16.8 ] ] } },
{ "type": "Feature", "properties": { "sid": "2011233N15301", "name": "Irene", "season": 2011, "cat": 0, "wind": 45 }, "geometry": { "type": "LineString", "coordinates": [ [ -62.2, 16.8 ], [ -63.0, 17.2 ] ] } },
{ "type": "Feature", "properties": { "sid": "2011233N15301", "name": "Irene", "season": 2011, "cat": 0, "wind": 48 }, "geometry": { "type": "LineString", "coordinates": [ [ -63.0, 17.2 ], [ -63.7, 17.5 ] ] } },
{ "type": "Feature", "properties": { "sid": "2011233N15301", "name": "Irene", "season": 2011, "cat": 0, "wind": 50 }, "geometry": { "type": "LineString", "coordinates": [ [ -63.7, 17.5 ], [ -64.1, 17.7 ] ] } },
{ "type": "Feature", "properties": { "sid": "2011233N15301", "name": "Irene", "season": 2011, "cat": 0, "wind": 56 }, "geometry": { "type": "LineString", "coordinates": [ [ -64.1, 17.7 ], [ -64.6, 17.8 ] ] } },
{ "type": "Feature", "properties": { "sid": "2011233N15301", "name": "Irene", "season": 2011, "cat": 0, "wind": 60 }, "geometry": { "type": "LineString", "coordinates": [ [ -64.6, 17.8 ], [ -65.0, 17.9 ] ] } },
{ "type": "Feature", "properties": { "sid": "2011233N15301", "name": "Irene", "season": 2011, "cat": 0, "wind": 60 }, "geometry": { "type": "LineString", "coordinates": [ [ -65.0, 17.9 ], [ -65.6, 17.9 ] ] } },
{ "type": "Feature", "properties": { "sid": "2011233N15301", "name": "Irene", "season": 2011, "cat": 0, "wind": 60 }, "geometry": { "type": "LineString", "coordinates": [ [ -65.6, 17.9 ], [ -65.8, 18.1 ] ] } },
{ "type": "Feature", "properties": { "sid": "2011233N15301", "name": "Irene", "season": 2011, "cat": 0, "wind": 60 }, "geometry": { "type": "LineString", "coordinates": [ [ -65.8, 18.1 ], [ -65.9, 18.2 ] ] } },
{ "type": "Feature", "properties": { "sid": "2011233N15301", "name": "Irene", "season": 2011, "cat": 1, "wind": 65 }, "geometry": { "type": "LineString", "coordinates": [ [ -65.9, 18.2 ], [ -66.4, 18.6 ] ] } },
{ "type": "Feature", "properties": { "sid": "2011233N15301", "name": "Irene", "season": 2011, "cat": 1, "wind": 68 }, "geometry": { "type": "LineString", "coordinates": [ [ -66.4, 18.6 ], [ -67.0, 18.9 ] ] } },
{ "type": "Feature", "properties": { "sid": "2011233N15301", "name": "Irene", "season": 2011, "cat": 1, "wind": 70 }, "geometry": { "type": "LineString", "coordinates": [ [ -67.0, 18.9 ], [ -67.5, 19.1 ] ] } },
{ "type": "Feature", "properties": { "sid": "2011233N15301", "name": "Irene", "season": 2011, "cat": 1, "wind": 73 }, "geometry": { "type": "LineString", "coordinates": [ [ -67.5, 19.1 ], [ -68.0, 19.3 ] ] } },
{ "type": "Feature", "properties": { "sid": "2011233N15301", "name": "Irene", "season": 2011, "cat": 1, "wind": 75 }, "geometry": { "type": "LineString", "coordinates": [ [ -68.0, 19.3 ], [ -68.4, 19.5 ] ] } },
{ "type": "Feature", "properties": { "sid": "2011233N15301", "name": "Irene", "season": 2011, "cat": 1, "wind": 78 }, "geometry": { "type": "LineString", "coordinates": [ [ -68.4, 19.5 ], [ -68.8, 19.7 ] ] } },
{ "type": "Feature", "properties": { "sid": "2011233N15301", "name": "Irene", "season": 2011, "cat": 1, "wind": 80 }, "geometry": { "type": "LineString", "coordinates": [ [ -68.8, 19.7 ], [ -69.2, 19.9 ] ] } },
{ "type": "Feature", "properties": { "sid": "2011233N15301", "name": "Irene", "season": 2011, "cat": 1, "wind": 80 }, "geometry": { "type": "LineString", "coordinates": [ [ -69.2, 19.9 ], [ -69.7, 20.1 ] ] } },
{ "type": "Feature", "properties": { "sid": "2011233N15301", "name": "Irene", "season": 2011, "cat": 1, "wind": 80 }, "geometry": { "type": "LineString", "coordinates": [ [ -69.7, 20.1 ], [ -70.2, 20.3 ] ] } },
{ "type": "Feature", "properties": { "sid": "2011233N15301", "name": "Irene", "season": 2011, "cat": 1, "wind": 80 }, "geometry": { "type": "LineString", "coordinates": [ [ -70.2, 20.3 ], [ -70.6, 20.4 ] ] } },
{ "type": "Feature", "properties": { "sid": "2011233N15301", "name": "Irene", "season": 2011, "cat": 1, "wind": 80 }, "geometry": { "type": "LineString", "coordinates": [ [ -70.6, 20.4 ], [ -70.9, 20.5 ] ] } },
{ "type": "Feature", "properties": { "sid": "2011233N15301", "name": "Irene", "season": 2011, "cat": 1, "wind": 80 }, "geometry": { "type": "LineString", "coordinates": [ [ -70.9, 20.5 ], [ -71.2, 20.7 ] ] } },
{ "type": "Feature", "properties": { "sid": "2011233N15301", "name": "Irene", "season": 2011, "cat": 1, "wind": 80 }, "geometry": { "type": "LineString", "coordinates": [ [ -71.2, 20.7 ], [ -71.6, 20.9 ] ] } },
{ "type": "Feature", "properties": { "sid": "2011233N15301", "name": "Irene", "season": 2011, "cat": 1, "wind": 80 }, "geometry": { "type": "LineString", "coordinates": [ [ -71.6, 20.9 ], [ -71.9, 21.0 ] ] } },
{ "type": "Feature", "properties": { "sid": "2011233N15301", "name": "Irene", "season": 2011, "cat": 1, "wind": 80 }, "geometry": { "type": "LineString", "coordinates": [ [ -71.9, 21.0 ], [ -72.2, 21.1 ] ] } },
{ "type": "Feature", "properties": { "sid": "2011233N15301", "name": "Irene", "season": 2011, "cat": 2, "wind": 88 }, "geometry": { "type": "LineString", "coordinates": [ [ -72.2, 21.1 ], [ -72.5, 21.3 ] ] } },
{ "type": "Feature", "properties": { "sid": "2011233N15301", "name": "Irene", "season": 2011, "cat": 2, "wind": 95 }, "geometry": { "type": "LineString", "coordinates": [ [ -72.5, 21.3 ], [ -72.9, 21.6 ] ] } },
{ "type": "Feature", "properties": { "sid": "2011233N15301", "name": "Irene", "season": 2011, "cat": 3, "wind": 100 }, "geometry": { "type": "LineString", "coordinates": [ [ -72.9, 21.6 ], [ -73.3, 21.9 ] ] } },
{ "type": "Feature", "properties": { "sid": "2011233N15301", "name": "Irene", "season": 2011, "cat": 3, "wind": 105 }, "geometry": { "type": "LineString", "coordinates": [ [ -73.3, 21.9 ], [ -73.8, 22.3 ] ] } },
{ "type": "Feature", "properties": { "sid": "2011233N15301", "name": "Irene", "season": 2011, "cat": 3, "wind": 101 }, "geometry": { "type": "LineString", "coordinates": [ [ -73.8, 22.3 ], [ -74.0, 22.4 ] ] } },
{ "type": "Feature", "properties": { "sid": "2011250N12324", "name": "Maria", "season": 2011, "cat": -3, "wind": 45 }, "geometry": { "type": "LineString", "coordinates": [ [ -57.9, 14.9 ], [ -58.5, 15.1 ] ] } },
{ "type": "Feature", "properties": { "sid": "2011250N12324", "name": "Maria", "season": 2011, "cat": -3, "wind": 45 }, "geometry": { "type": "LineString", "coordinates": [ [ -58.5, 15.1 ], [ -59.0, 15.4 ] ] } },
{ "type": "Feature", "properties": { "sid": "2011250N12324", "name": "Maria", "season": 2011, "cat": -3, "wind": 45 }, "geometry": { "type": "LineString", "coordinates": [ [ -59.0, 15.4 ], [ -59.5, 15.7 ] ] } },
{ "type": "Feature", "properties": { "sid": "2011250N12324", "name": "Maria", "season": 2011, "cat": -3, "wind": 45 }, "geometry": { "type": "LineString", "coordinates": [ [ -59.5, 15.7 ], [ -60.0, 16.0 ] ] } },
{ "type": "Feature", "properties": { "sid": "2011250N12324", "name": "Maria", "season": 2011, "cat": -3, "wind": 45 }, "geometry": { "type": "LineString", "coordinates": [ [ -60.0, 16.0 ], [ -60.6, 16.4 ] ] } },
{ "type": "Feature", "properties": { "sid": "2011250N12324", "name": "Maria", "season": 2011, "cat": -3, "wind": 45 }, "geometry": { "type": "LineString", "coordinates": [ [ -60.6, 16.4 ], [ -61.1, 16.9 ] ] } },
{ "type": "Feature", "properties": { "sid": "2011250N12324", "name": "Maria", "season": 2011, "cat": 0, "wind": 45 }, "geometry": { "type": "LineString", "coordinates": [ [ -61.1, 16.9 ], [ -61.6, 17.4 ] ] } },
{ "type": "Feature", "properties": { "sid": "2011250N12324", "name": "Maria", "season": 2011, "cat": 0, "wind": 45 }, "geometry": { "type": "LineString", "coordinates": [ [ -61.6, 17.4 ], [ -62.0, 17.8 ] ] } },
{ "type": "Feature", "properties": { "sid": "2011250N12324", "name": "Maria", "season": 2011, "cat": 0, "wind": 45 }, "geometry": { "type": "LineString", "coordinates": [ [ -62.0, 17.8 ], [ -62.4, 18.1 ] ] } },
{ "type": "Feature", "properties": { "sid": "2011250N12324", "name": "Maria", "season": 2011, "cat": 0, "wind": 45 }, "geometry": { "type": "LineString", "coordinates": [ [ -62.4, 18.1 ], [ -62.7, 18.3 ] ] } },
{ "type": "Feature", "properties": { "sid": "2011250N12324", "name": "Maria", "season": 2011, "cat": 0, "wind": 45 }, "geometry": { "type": "LineString", "coordinates": [ [ -62.7, 18.3 ], [ -63.1, 18.5 ] ] } },
{ "type": "Feature", "properties": { "sid": "2011250N12324", "name": "Maria", "season": 2011, "cat": 0, "wind": 48 }, "geometry": { "type": "LineString", "coordinates": [ [ -63.1, 18.5 ], [ -63.4, 18.7 ] ] } },
{ "type": "Feature", "properties": { "sid": "2011250N12324", "name": "Maria", "season": 2011, "cat": 0, "wind": 50 }, "geometry": { "type": "LineString", "coordinates": [ [ -63.4, 18.7 ], [ -63.8, 18.9 ] ] } },
{ "type": "Feature", "properties": { "sid": "2011250N12324", "name": "Maria", "season": 2011, "cat": 0, "wind": 50 }, "geometry": { "type": "LineString", "coordinates": [ [ -63.8, 18.9 ], [ -64.1, 19.1 ] ] } },
{ "type": "Feature", "properties": { "sid": "2011250N12324", "name": "Maria", "season": 2011, "cat": 0, "wind": 50 }, "geometry": { "type": "LineString", "coordinates": [ [ -64.1, 19.1 ], [ -64.4, 19.3 ] ] } },
{ "type": "Feature", "properties": { "sid": "2011250N12324", "name": "Maria", "season": 2011, "cat": 0, "wind": 50 }, "geometry": { "type": "LineString", "coordinates": [ [ -64.4, 19.3 ], [ -64.7, 19.6 ] ] } },
{ "type": "Feature", "properties": { "sid": "2011250N12324", "name": "Maria", "season": 2011, "cat": 0, "wind": 50 }, "geometry": { "type": "LineString", "coordinates": [ [ -64.7, 19.6 ], [ -65.0, 19.8 ] ] } },
{ "type": "Feature", "properties": { "sid": "2011250N12324", "name": "Maria", "season": 2011, "cat": 0, "wind": 50 }, "geometry": { "type": "LineString", "coordinates": [ [ -65.0, 19.8 ], [ -65.3, 20.0 ] ] } },
{ "type": "Feature", "properties": { "sid": "2011250N12324", "name": "Maria", "season": 2011, "cat": 0, "wind": 50 }, "geometry": { "type": "LineString", "coordinates": [ [ -65.3, 20.0 ], [ -65.7, 20.2 ] ] } },
{ "type": "Feature", "properties": { "sid": "2011250N12324", "name": "Maria", "season": 2011, "cat": 0, "wind": 50 }, "geometry": { "type": "LineString", "coordinates": [ [ -65.7, 20.2 ], [ -66.1, 20.4 ] ] } },
{ "type": "Feature", "properties": { "sid": "2011250N12324", "name": "Maria", "season": 2011, "cat": 0, "wind": 50 }, "geometry": { "type": "LineString", "coordinates": [ [ -66.1, 20.4 ], [ -66.5, 20.5 ] ] } },
{ "type": "Feature", "properties": { "sid": "2011250N12324", "name": "Maria", "season": 2011, "cat": 0, "wind": 50 }, "geometry": { "type": "LineString", "coordinates": [ [ -66.5, 20.5 ], [ -66.9, 20.6 ] ] } },
{ "type": "Feature", "properties": { "sid": "2011250N12324", "name": "Maria", "season": 2011, "cat": 0, "wind": 50 }, "geometry": { "type": "LineString", "coordinates": [ [ -66.9, 20.6 ], [ -67.0, 20.7 ] ] } },
{ "type": "Feature", "properties": { "sid": "2011250N12324", "name": "Maria", "season": 2011, "cat": 0, "wind": 50 }, "geometry": { "type": "LineString", "coordinates": [ [ -67.0, 20.7 ], [ -67.1, 20.8 ] ] } },
{ "type": "Feature", "properties": { "sid": "2011250N12324", "name": "Maria", "season": 2011, "cat": 0, "wind": 50 }, "geometry": { "type": "LineString", "coordinates": [ [ -67.1, 20.8 ], [ -67.2, 20.9 ] ] } },
{ "type": "Feature", "properties": { "sid": "2011250N12324", "name": "Maria", "season": 2011, "cat": 0, "wind": 48 }, "geometry": { "type": "LineString", "coordinates": [ [ -67.2, 20.9 ], [ -67.3, 21.0 ] ] } },
{ "type": "Feature", "properties": { "sid": "2011250N12324", "name": "Maria", "season": 2011, "cat": 0, "wind": 45 }, "geometry": { "type": "LineString", "coordinates": [ [ -67.3, 21.0 ], [ -67.4, 21.1 ] ] } },
{ "type": "Feature", "properties": { "sid": "2011250N12324", "name": "Maria", "season": 2011, "cat": 0, "wind": 45 }, "geometry": { "type": "LineString", "coordinates": [ [ -67.4, 21.1 ], [ -67.5, 21.3 ] ] } },
{ "type": "Feature", "properties": { "sid": "2011250N12324", "name": "Maria", "season": 2011, "cat": 0, "wind": 45 }, "geometry": { "type": "LineString", "coordinates": [ [ -67.5, 21.3 ], [ -67.6, 21.5 ] ] } },
{ "type": "Feature", "properties": { "sid": "2011250N12324", "name": "Maria", "season": 2011, "cat": 0, "wind": 45 }, "geometry": { "type": "LineString", "coordinates": [ [ -67.6, 21.5 ], [ -67.7, 21.7 ] ] } },
{ "type": "Feature", "properties": { "sid": "2011250N12324", "name": "Maria", "season": 2011, "cat": 0, "wind": 45 }, "geometry": { "type": "LineString", "coordinates": [ [ -67.7, 21.7 ], [ -67.8, 22.0 ] ] } },
{ "type": "Feature", "properties": { "sid": "2011250N12324", "name": "Maria", "season": 2011, "cat": 0, "wind": 45 }, "geometry": { "type": "LineString", "coordinates": [ [ -67.8, 22.0 ], [ -68.0, 22.3 ] ] } },
{ "type": "Feature", "properties": { "sid": "2011250N12324", "name": "Maria", "season": 2011, "cat": 0, "wind": 45 }, "geometry": { "type": "LineString", "coordinates": [ [ -68.0, 22.3 ], [ -68.2, 22.7 ] ] } },
{ "type": "Feature", "properties": { "sid": "2011250N12324", "name": "Maria", "season": 2011, "cat": 0, "wind": 45 }, "geometry": { "type": "LineString", "coordinates": [ [ -68.2, 22.7 ], [ -68.5, 23.1 ] ] } },
{ "type": "Feature", "properties": { "sid": "2011250N12324", "name": "Maria", "season": 2011, "cat": 0, "wind": 45 }, "geometry": { "type": "LineString", "coordinates": [ [ -68.5, 23.1 ], [ -68.8, 23.5 ] ] } },
{ "type": "Feature", "properties": { "sid": "2011250N12324", "name": "Maria", "season": 2011, "cat": 0, "wind": 48 }, "geometry": { "type": "LineString", "coordinates": [ [ -68.8, 23.5 ], [ -69.0, 23.9 ] ] } },
{ "type": "Feature", "properties": { "sid": "2011250N12324", "name": "Maria", "season": 2011, "cat": 0, "wind": 50 }, "geometry": { "type": "LineString", "coordinates": [ [ -69.0, 23.9 ], [ -69.2, 24.3 ] ] } },
{ "type": "Feature", "properties": { "sid": "2011250N12324", "name": "Maria", "season": 2011, "cat": 0, "wind": 50 }, "geometry": { "type": "LineString", "coordinates": [ [ -69.2, 24.3 ], [ -69.3, 24.7 ] ] } },
{ "type": "Feature", "properties": { "sid": "2011250N12324", "name": "Maria", "season": 2011, "cat": 0, "wind": 50 }, "geometry": { "type": "LineString", "coordinates": [ [ -69.3, 24.7 ], [ -69.4, 25.2 ] ] } },
{ "type": "Feature", "properties": { "sid": "2011250N12324", "name": "Maria", "season": 2011, "cat": 0, "wind": 53 }, "geometry": { "type": "LineString", "coordinates": [ [ -69.4, 25.2 ], [ -69.3, 25.8 ] ] } },
{ "type": "Feature", "properties": { "sid": "2011263N12323", "name": "Ophelia", "season": 2011, "cat": 0, "wind": 40 }, "geometry": { "type": "LineString", "coordinates": [ [ -57.5, 17.8 ], [ -58.0, 17.9 ] ] } },
{ "type": "Feature", "properties": { "sid": "2011263N12323", "name": "Ophelia", "season": 2011, "cat": 0, "wind": 40 }, "geometry": { "type": "LineString", "coordinates": [ [ -58.0, 17.9 ], [ -58.5, 18.1 ] ] } },
{ "type": "Feature", "properties": { "sid": "2011263N12323", "name": "Ophelia", "season": 2011, "cat": 0, "wind": 38 }, "geometry": { "type": "LineString", "coordinates": [ [ -58.5, 18.1 ], [ -59.0, 18.2 ] ] } },
{ "type": "Feature", "properties": { "sid": "2011263N12323", "name": "Ophelia", "season": 2011, "cat": 0, "wind": 35 }, "geometry": { "type": "LineString", "coordinates": [ [ -59.0, 18.2 ], [ -59.4, 18.3 ] ] } },
{ "type": "Feature", "properties": { "sid": "2011263N12323", "name": "Ophelia", "season": 2011, "cat": -1, "wind": 33 }, "geometry": { "type": "LineString", "coordinates": [ [ -59.4, 18.3 ], [ -59.8, 18.4 ] ] } },
{ "type": "Feature", "properties": { "sid": "2011263N12323", "name": "Ophelia", "season": 2011, "cat": -3, "wind": 30 }, "geometry": { "type": "LineString", "coordinates": [ [ -59.8, 18.4 ], [ -60.2, 18.5 ] ] } },
{ "type": "Feature", "properties": { "sid": "2011263N12323", "name": "Ophelia", "season": 2011, "cat": -3, "wind": 30 }, "geometry": { "type": "LineString", "coordinates": [ [ -60.2, 18.5 ], [ -60.5, 18.6 ] ] } },
{ "type": "Feature", "properties": { "sid": "2011263N12323", "name": "Ophelia", "season": 2011, "cat": -3, "wind": 30 }, "geometry": { "type": "LineString", "coordinates": [ [ -60.5, 18.6 ], [ -60.7, 18.6 ] ] } },
{ "type": "Feature", "properties": { "sid": "2011263N12323", "name": "Ophelia", "season": 2011, "cat": -3, "wind": 28 }, "geometry": { "type": "LineString", "coordinates": [ [ -60.7, 18.6 ], [ -60.8, 18.5 ] ] } },
{ "type": "Feature", "properties": { "sid": "2011263N12323", "name": "Ophelia", "season": 2011, "cat": -3, "wind": 25 }, "geometry": { "type": "LineString", "coordinates": [ [ -60.8, 18.5 ], [ -60.8, 18.4 ] ] } },
{ "type": "Feature", "properties": { "sid": "2011263N12323", "name": "Ophelia", "season": 2011, "cat": -3, "wind": 25 }, "geometry": { "type": "LineString", "coordinates": [ [ -60.8, 18.4 ], [ -60.7, 18.3 ] ] } },
{ "type": "Feature", "properties": { "sid": "2011263N12323", "name": "Ophelia", "season": 2011, "cat": -3, "wind": 25 }, "geometry": { "type": "LineString", "coordinates": [ [ -60.7, 18.3 ], [ -60.6, 18.1 ] ] } },
{ "type": "Feature", "properties": { "sid": "2011263N12323", "name": "Ophelia", "season": 2011, "cat": -3, "wind": 25 }, "geometry": { "type": "LineString", "coordinates": [ [ -60.6, 18.1 ], [ -60.5, 18.0 ] ] } },
{ "type": "Feature", "properties": { "sid": "2011263N12323", "name": "Ophelia", "season": 2011, "cat": -3, "wind": 25 }, "geometry": { "type": "LineString", "coordinates": [ [ -60.5, 18.0 ], [ -60.4, 17.9 ] ] } },
{ "type": "Feature", "properties": { "sid": "2011263N12323", "name": "Ophelia", "season": 2011, "cat": -3, "wind": 25 }, "geometry": { "type": "LineString", "coordinates": [ [ -60.4, 17.9 ], [ -60.2, 17.8 ] ] } },
{ "type": "Feature", "properties": { "sid": "2011263N12323", "name": "Ophelia", "season": 2011, "cat": -3, "wind": 25 }, "geometry": { "type": "LineString", "coordinates": [ [ -60.2, 17.8 ], [ -60.1, 17.7 ] ] } },
{ "type": "Feature", "properties": { "sid": "2011263N12323", "name": "Ophelia", "season": 2011, "cat": -3, "wind": 25 }, "geometry": { "type": "LineString", "coordinates": [ [ -60.1, 17.7 ], [ -59.9, 17.6 ] ] } },
{ "type": "Feature", "properties": { "sid": "2011263N12323", "name": "Ophelia", "season": 2011, "cat": -3, "wind": 25 }, "geometry": { "type": "LineString", "coordinates": [ [ -59.9, 17.6 ], [ -59.7, 17.6 ] ] } },
{ "type": "Feature", "properties": { "sid": "2011263N12323", "name": "Ophelia", "season": 2011, "cat": -3, "wind": 25 }, "geometry": { "type": "LineString", "coordinates": [ [ -59.7, 17.6 ], [ -59.5, 17.6 ] ] } },
{ "type": "Feature", "properties": { "sid": "2011263N12323", "name": "Ophelia", "season": 2011, "cat": -3, "wind": 25 }, "geometry": { "type": "LineString", "coordinates": [ [ -59.5, 17.6 ], [ -59.4, 17.7 ] ] } },
{ "type": "Feature", "properties": { "sid": "2011263N12323", "name": "Ophelia", "season": 2011, "cat": -3, "wind": 25 }, "geometry": { "type": "LineString", "coordinates": [ [ -59.4, 17.7 ], [ -59.3, 17.8 ] ] } },
{ "type": "Feature", "properties": { "sid": "2011263N12323", "name": "Ophelia", "season": 2011, "cat": -1, "wind": 25 }, "geometry": { "type": "LineString", "coordinates": [ [ -59.3, 17.8 ], [ -59.3, 17.9 ] ] } },
{ "type": "Feature", "properties": { "sid": "2011263N12323", "name": "Ophelia", "season": 2011, "cat": -1, "wind": 25 }, "geometry": { "type": "LineString", "coordinates": [ [ -59.3, 17.9 ], [ -59.4, 18.0 ] ] } },
{ "type": "Feature", "properties": { "sid": "2011263N12323", "name": "Ophelia", "season": 2011, "cat": -1, "wind": 25 }, "geometry": { "type": "LineString", "coordinates": [ [ -59.4, 18.0 ], [ -59.5, 18.1 ] ] } },
{ "type": "Feature", "properties": { "sid": "2011263N12323", "name": "Ophelia", "season": 2011, "cat": -1, "wind": 28 }, "geometry": { "type": "LineString", "coordinates": [ [ -59.5, 18.1 ], [ -59.5, 18.1 ] ] } },
{ "type": "Feature", "properties": { "sid": "2011263N12323", "name": "Ophelia", "season": 2011, "cat": -1, "wind": 30 }, "geometry": { "type": "LineString", "coordinates": [ [ -59.5, 18.1 ], [ -59.5, 18.1 ] ] } },
{ "type": "Feature", "properties": { "sid": "2011263N12323", "name": "Ophelia", "season": 2011, "cat": 0, "wind": 35 }, "geometry": { "type": "LineString", "coordinates": [ [ -59.5, 18.1 ], [ -59.6, 18.2 ] ] } },
{ "type": "Feature", "properties": { "sid": "2011263N12323", "name": "Ophelia", "season": 2011, "cat": 0, "wind": 40 }, "geometry": { "type": "LineString", "coordinates": [ [ -59.6, 18.2 ], [ -59.7, 18.3 ] ] } },
{ "type": "Feature", "properties": { "sid": "2011263N12323", "name": "Ophelia", "season": 2011, "cat": 0, "wind": 40 }, "geometry": { "type": "LineString", "coordinates": [ [ -59.7, 18.3 ], [ -59.8, 18.4 ] ] } },
{ "type": "Feature", "properties": { "sid": "2011263N12323", "name": "Ophelia", "season": 2011, "cat": 0, "wind": 40 }, "geometry": { "type": "LineString", "coordinates": [ [ -59.8, 18.4 ], [ -59.9, 18.5 ] ] } },
{ "type": "Feature", "properties": { "sid": "2011263N12323", "name": "Ophelia", "season": 2011, "cat": 0, "wind": 43 }, "geometry": { "type": "LineString", "coordinates": [ [ -59.9, 18.5 ], [ -60.1, 18.7 ] ] } },
{ "type": "Feature", "properties": { "sid": "2011263N12323", "name": "Ophelia", "season": 2011, "cat": 0, "wind": 45 }, "geometry": { "type": "LineString", "coordinates": [ [ -60.1, 18.7 ], [ -60.3, 18.9 ] ] } },
{ "type": "Feature", "properties": { "sid": "2011263N12323", "name": "Ophelia", "season": 2011, "cat": 0, "wind": 48 }, "geometry": { "type": "LineString", "coordinates": [ [ -60.3, 18.9 ], [ -60.5, 19.1 ] ] } },
{ "type": "Feature", "properties": { "sid": "2011263N12323", "name": "Ophelia", "season": 2011, "cat": 0, "wind": 50 }, "geometry": { "type": "LineString", "coordinates": [ [ -60.5, 19.1 ], [ -60.7, 19.3 ] ] } },
{ "type": "Feature", "properties": { "sid": "2011263N12323", "name": "Ophelia", "season": 2011, "cat": 0, "wind": 53 }, "geometry": { "type": "LineString", "coordinates": [ [ -60.7, 19.3 ], [ -60.9, 19.6 ] ] } },
{ "type": "Feature", "properties": { "sid": "2011263N12323", "name": "Ophelia", "season": 2011, "cat": 0, "wind": 55 }, "geometry": { "type": "LineString", "coordinates": [ [ -60.9, 19.6 ], [ -61.1, 19.9 ] ] } },
{ "type": "Feature", "properties": { "sid": "2011263N12323", "name": "Ophelia", "season": 2011, "cat": 0, "wind": 55 }, "geometry": { "type": "LineString", "coordinates": [ [ -61.1, 19.9 ], [ -61.4, 20.2 ] ] } },
{ "type": "Feature", "properties": { "sid": "2011263N12323", "name": "Ophelia", "season": 2011, "cat": 0, "wind": 55 }, "geometry": { "type": "LineString", "coordinates": [ [ -61.4, 20.2 ], [ -61.7, 20.6 ] ] } },
{ "type": "Feature", "properties": { "sid": "2011263N12323", "name": "Ophelia", "season": 2011, "cat": 0, "wind": 60 }, "geometry": { "type": "LineString", "coordinates": [ [ -61.7, 20.6 ], [ -61.9, 21.0 ] ] } },
{ "type": "Feature", "properties": { "sid": "2011263N12323", "name": "Ophelia", "season": 2011, "cat": 1, "wind": 65 }, "geometry": { "type": "LineString", "coordinates": [ [ -61.9, 21.0 ], [ -62.1, 21.3 ] ] } },
{ "type": "Feature", "properties": { "sid": "2011263N12323", "name": "Ophelia", "season": 2011, "cat": 1, "wind": 68 }, "geometry": { "type": "LineString", "coordinates": [ [ -62.1, 21.3 ], [ -62.3, 21.6 ] ] } },
{ "type": "Feature", "properties": { "sid": "2011263N12323", "name": "Ophelia", "season": 2011, "cat": 1, "wind": 70 }, "geometry": { "type": "LineString", "coordinates": [ [ -62.3, 21.6 ], [ -62.5, 22.0 ] ] } },
{ "type": "Feature", "properties": { "sid": "2011263N12323", "name": "Ophelia", "season": 2011, "cat": 1, "wind": 78 }, "geometry": { "type": "LineString", "coordinates": [ [ -62.5, 22.0 ], [ -62.7, 22.4 ] ] } },
{ "type": "Feature", "properties": { "sid": "2011263N12323", "name": "Ophelia", "season": 2011, "cat": 2, "wind": 85 }, "geometry": { "type": "LineString", "coordinates": [ [ -62.7, 22.4 ], [ -62.9, 22.9 ] ] } },
{ "type": "Feature", "properties": { "sid": "2011263N12323", "name": "Ophelia", "season": 2011, "cat": 2, "wind": 90 }, "geometry": { "type": "LineString", "coordinates": [ [ -62.9, 22.9 ], [ -63.0, 23.4 ] ] } },
{ "type": "Feature", "properties": { "sid": "2011263N12323", "name": "Ophelia", "season": 2011, "cat": 2, "wind": 95 }, "geometry": { "type": "LineString", "coordinates": [ [ -63.0, 23.4 ], [ -63.2, 24.0 ] ] } },
{ "type": "Feature", "properties": { "sid": "2011263N12323", "name": "Ophelia", "season": 2011, "cat": 3, "wind": 98 }, "geometry": { "type": "LineString", "coordinates": [ [ -63.2, 24.0 ], [ -63.3, 24.6 ] ] } },
{ "type": "Feature", "properties": { "sid": "2011263N12323", "name": "Ophelia", "season": 2011, "cat": 3, "wind": 100 }, "geometry": { "type": "LineString", "coordinates": [ [ -63.3, 24.6 ], [ -63.3, 25.2 ] ] } },
{ "type": "Feature", "properties": { "sid": "2011263N12323", "name": "Ophelia", "season": 2011, "cat": 3, "wind": 103 }, "geometry": { "type": "LineString", "coordinates": [ [ -63.3, 25.2 ], [ -63.3, 25.9 ] ] } },
{ "type": "Feature", "properties": { "sid": "2012215N12313", "name": "Ernesto", "season": 2012, "cat": 0, "wind": 43 }, "geometry": { "type": "LineString", "coordinates": [ [ -58.6, 13.5 ], [ -59.7, 13.6 ] ] } },
{ "type": "Feature", "properties": { "sid": "2012215N12313", "name": "Ernesto", "season": 2012, "cat": 0, "wind": 40 }, "geometry": { "type": "LineString", "coordinates": [ [ -59.7, 13.6 ], [ -60.7, 13.7 ] ] } },
{ "type": "Feature", "properties": { "sid": "2012215N12313", "name": "Ernesto", "season": 2012, "cat": 0, "wind": 40 }, "geometry": { "type": "LineString", "coordinates": [ [ -60.7, 13.7 ], [ -61.6, 13.7 ] ] } },
{ "type": "Feature", "properties": { "sid": "2012215N12313", "name": "Ernesto", "season": 2012, "cat": 0, "wind": 40 }, "geometry": { "type": "LineString", "coordinates": [ [ -61.6, 13.7 ], [ -62.5, 13.8 ] ] } },
{ "type": "Feature", "properties": { "sid": "2012215N12313", "name": "Ernesto", "season": 2012, "cat": 0, "wind": 40 }, "geometry": { "type": "LineString", "coordinates": [ [ -62.5, 13.8 ], [ -63.3, 13.8 ] ] } },
{ "type": "Feature", "properties": { "sid": "2012215N12313", "name": "Ernesto", "season": 2012, "cat": 0, "wind": 40 }, "geometry": { "type": "LineString", "coordinates": [ [ -63.3, 13.8 ], [ -64.1, 13.8 ] ] } },
{ "type": "Feature", "properties": { "sid": "2012215N12313", "name": "Ernesto", "season": 2012, "cat": 0, "wind": 40 }, "geometry": { "type": "LineString", "coordinates": [ [ -64.1, 13.8 ], [ -64.8, 13.8 ] ] } },
{ "type": "Feature", "properties": { "sid": "2012215N12313", "name": "Ernesto", "season": 2012, "cat": 0, "wind": 40 }, "geometry": { "type": "LineString", "coordinates": [ [ -64.8, 13.8 ], [ -65.6, 13.8 ] ] } },
{ "type": "Feature", "properties": { "sid": "2012215N12313", "name": "Ernesto", "season": 2012, "cat": 0, "wind": 43 }, "geometry": { "type": "LineString", "coordinates": [ [ -65.6, 13.8 ], [ -66.4, 13.9 ] ] } },
{ "type": "Feature", "properties": { "sid": "2012215N12313", "name": "Ernesto", "season": 2012, "cat": 0, "wind": 45 }, "geometry": { "type": "LineString", "coordinates": [ [ -66.4, 13.9 ], [ -67.2, 14.0 ] ] } },
{ "type": "Feature", "properties": { "sid": "2012215N12313", "name": "Ernesto", "season": 2012, "cat": 0, "wind": 45 }, "geometry": { "type": "LineString", "coordinates": [ [ -67.2, 14.0 ], [ -67.9, 14.2 ] ] } },
{ "type": "Feature", "properties": { "sid": "2012215N12313", "name": "Ernesto", "season": 2012, "cat": 0, "wind": 45 }, "geometry": { "type": "LineString", "coordinates": [ [ -67.9, 14.2 ], [ -68.7, 14.4 ] ] } },
{ "type": "Feature", "properties": { "sid": "2012215N12313", "name": "Ernesto", "season": 2012, "cat": 0, "wind": 45 }, "geometry": { "type": "LineString", "coordinates": [ [ -68.7, 14.4 ], [ -69.5, 14.6 ] ] } },
{ "type": "Feature", "properties": { "sid": "2012215N12313", "name": "Ernesto", "season": 2012, "cat": 0, "wind": 45 }, "geometry": { "type": "LineString", "coordinates": [ [ -69.5, 14.6 ], [ -70.4, 14.8 ] ] } },
{ "type": "Feature", "properties": { "sid": "2012215N12313", "name": "Ernesto", "season": 2012, "cat": 0, "wind": 45 }, "geometry": { "type": "LineString", "coordinates": [ [ -70.4, 14.8 ], [ -71.5, 15.0 ] ] } },
{ "type": "Feature", "properties": { "sid": "2012215N12313", "name": "Ernesto", "season": 2012, "cat": 0, "wind": 45 }, "geometry": { "type": "LineString", "coordinates": [ [ -71.5, 15.0 ], [ -72.6, 15.0 ] ] } },
{ "type": "Feature", "properties": { "sid": "2012215N12313", "name": "Ernesto", "season": 2012, "cat": 0, "wind": 45 }, "geometry": { "type": "LineString", "coordinates": [ [ -72.6, 15.0 ], [ -73.8, 15.0 ] ] } },
{ "type": "Feature", "properties": { "sid": "2012215N12313", "name": "Ernesto", "season": 2012, "cat": 0, "wind": 45 }, "geometry": { "type": "LineString", "coordinates": [ [ -73.8, 15.0 ], [ -75.0, 15.0 ] ] } },
{ "type": "Feature", "properties": { "sid": "2012223N14317", "name": "Helene", "season": 2012, "cat": -3, "wind": 30 }, "geometry": { "type": "LineString", "coordinates": [ [ -59.0, 13.3 ], [ -59.9, 13.3 ] ] } },
{ "type": "Feature", "properties": { "sid": "2012223N14317", "name": "Helene", "season": 2012, "cat": -3, "wind": 30 }, "geometry": { "type": "LineString", "coordinates": [ [ -59.9, 13.3 ], [ -60.7, 13.4 ] ] } },
{ "type": "Feature", "properties": { "sid": "2012223N14317", "name": "Helene", "season": 2012, "cat": -3, "wind": 30 }, "geometry": { "type": "LineString", "coordinates": [ [ -60.7, 13.4 ], [ -61.4, 13.5 ] ] } },
{ "type": "Feature", "properties": { "sid": "2012223N14317", "name": "Helene", "season": 2012, "cat": -3, "wind": 30 }, "geometry": { "type": "LineString", "coordinates": [ [ -61.4, 13.5 ], [ -62.2, 13.6 ] ] } },
{ "type": "Feature", "properties": { "sid": "2012223N14317", "name": "Helene", "season": 2012, "cat": -3, "wind": 30 }, "geometry": { "type": "LineString", "coordinates": [ [ -62.2, 13.6 ], [ -63.2, 13.7 ] ] } },
{ "type": "Feature", "properties": { "sid": "2012223N14317", "name": "Helene", "season": 2012, "cat": -3, "wind": 30 }, "geometry": { "type": "LineString", "coordinates": [ [ -63.2, 13.7 ], [ -64.4, 13.8 ] ] } },
{ "type": "Feature", "properties": { "sid": "2012223N14317", "name": "Helene", "season": 2012, "cat": -3, "wind": 30 }, "geometry": { "type": "LineString", "coordinates": [ [ -64.4, 13.8 ], [ -65.6, 13.9 ] ] } },
{ "type": "Feature", "properties": { "sid": "2012223N14317", "name": "Helene", "season": 2012, "cat": -3, "wind": 30 }, "geometry": { "type": "LineString", "coordinates": [ [ -65.6, 13.9 ], [ -66.8, 14.0 ] ] } },
{ "type": "Feature", "properties": { "sid": "2012223N14317", "name": "Helene", "season": 2012, "cat": -3, "wind": 30 }, "geometry": { "type": "LineString", "coordinates": [ [ -66.8, 14.0 ], [ -68.0, 14.1 ] ] } },
{ "type": "Feature", "properties": { "sid": "2012223N14317", "name": "Helene", "season": 2012, "cat": -3, "wind": 30 }, "geometry": { "type": "LineString", "coordinates": [ [ -68.0, 14.1 ], [ -69.2, 14.1 ] ] } },
{ "type": "Feature", "properties": { "sid": "2012223N14317", "name": "Helene", "season": 2012, "cat": -3, "wind": 30 }, "geometry": { "type": "LineString", "coordinates": [ [ -69.2, 14.1 ], [ -70.4, 14.1 ] ] } },
{ "type": "Feature", "properties": { "sid": "2012223N14317", "name": "Helene", "season": 2012, "cat": -3, "wind": 30 }, "geometry": { "type": "LineString", "coordinates": [ [ -70.4, 14.1 ], [ -71.6, 14.1 ] ] } },
{ "type": "Feature", "properties": { "sid": "2012223N14317", "name": "Helene", "season": 2012, "cat": -3, "wind": 30 }, "geometry": { "type": "LineString", "coordinates": [ [ -71.6, 14.1 ], [ -72.7, 14.1 ] ] } },
{ "type": "Feature", "properties": { "sid": "2012223N14317", "name": "Helene", "season": 2012, "cat": -3, "wind": 30 }, "geometry": { "type": "LineString", "coordinates": [ [ -72.7, 14.1 ], [ -73.8, 14.1 ] ] } },
{ "type": "Feature", "properties": { "sid": "2012234N16315", "name": "Isaac", "season": 2012, "cat": 0, "wind": 45 }, "geometry": { "type": "LineString", "coordinates": [ [ -57.6, 15.8 ], [ -58.6, 15.9 ] ] } },
{ "type": "Feature", "properties": { "sid": "2012234N16315", "name": "Isaac", "season": 2012, "cat": 0, "wind": 45 }, "geometry": { "type": "LineString", "coordinates": [ [ -58.6, 15.9 ], [ -59.5, 16.0 ] ] } },
{ "type": "Feature", "properties": { "sid": "2012234N16315", "name": "Isaac", "season": 2012, "cat": 0, "wind": 45 }, "geometry": { "type": "LineString", "coordinates": [ [ -59.5, 16.0 ], [ -60.4, 16.1 ] ] } },
{ "type": "Feature", "properties": { "sid": "2012234N16315", "name": "Isaac", "season": 2012, "cat": 0, "wind": 45 }, "geometry": { "type": "LineString", "coordinates": [ [ -60.4, 16.1 ], [ -61.2, 16.0 ] ] } },
{ "type": "Feature", "properties": { "sid": "2012234N16315", "name": "Isaac", "season": 2012, "cat": 0, "wind": 45 }, "geometry": { "type": "LineString", "coordinates": [ [ -61.2, 16.0 ], [ -62.0, 15.7 ] ] } },
{ "type": "Feature", "properties": { "sid": "2012234N16315", "name": "Isaac", "season": 2012, "cat": 0, "wind": 45 }, "geometry": { "type": "LineString", "coordinates": [ [ -62.0, 15.7 ], [ -62.7, 15.3 ] ] } },
{ "type": "Feature", "properties": { "sid": "2012234N16315", "name": "Isaac", "season": 2012, "cat": 0, "wind": 45 }, "geometry": { "type": "LineString", "coordinates": [ [ -62.7, 15.3 ], [ -63.4, 15.0 ] ] } },
{ "type": "Feature", "properties": { "sid": "2012234N16315", "name": "Isaac", "season": 2012, "cat": 0, "wind": 45 }, "geometry": { "type": "LineString", "coordinates": [ [ -63.4, 15.0 ], [ -64.2, 15.0 ] ] } },
{ "type": "Feature", "properties": { "sid": "2012234N16315", "name": "Isaac", "season": 2012, "cat": 0, "wind": 45 }, "geometry": { "type": "LineString", "coordinates": [ [ -64.2, 15.0 ], [ -65.0, 15.1 ] ] } },
{ "type": "Feature", "properties": { "sid": "2012234N16315", "name": "Isaac", "season": 2012, "cat": 0, "wind": 45 }, "geometry": { "type": "LineString", "coordinates": [ [ -65.0, 15.1 ], [ -65.7, 15.3 ] ] } },
{ "type": "Feature", "properties": { "sid": "2012234N16315", "name": "Isaac", "season": 2012, "cat": 0, "wind": 45 }, "geometry": { "type": "LineString", "coordinates": [ [ -65.7, 15.3 ], [ -66.4, 15.6 ] ] } },
{ "type": "Feature", "properties": { "sid": "2012234N16315", "name": "Isaac", "season": 2012, "cat": 0, "wind": 45 }, "geometry": { "type": "LineString", "coordinates": [ [ -66.4, 15.6 ], [ -67.1, 15.7 ] ] } },
{ "type": "Feature", "properties": { "sid": "2012234N16315", "name": "Isaac", "season": 2012, "cat": 0, "wind": 45 }, "geometry": { "type": "LineString", "coordinates": [ [ -67.1, 15.7 ], [ -67.8, 15.7 ] ] } },
{ "type": "Feature", "properties": { "sid": "2012234N16315", "name": "Isaac", "season": 2012, "cat": 0, "wind": 45 }, "geometry": { "type": "LineString", "coordinates": [ [ -67.8, 15.7 ], [ -68.5, 15.5 ] ] } },
{ "type": "Feature", "properties": { "sid": "2012234N16315", "name": "Isaac", "season": 2012, "cat": 0, "wind": 45 }, "geometry": { "type": "LineString", "coordinates": [ [ -68.5, 15.5 ], [ -69.1, 15.4 ] ] } },
{ "type": "Feature", "properties": { "sid": "2012234N16315", "name": "Isaac", "season": 2012, "cat": 0, "wind": 45 }, "geometry": { "type": "LineString", "coordinates": [ [ -69.1, 15.4 ], [ -69.8, 15.5 ] ] } },
{ "type": "Feature", "properties": { "sid": "2012234N16315", "name": "Isaac", "season": 2012, "cat": 0, "wind": 48 }, "geometry": { "type": "LineString", "coordinates": [ [ -69.8, 15.5 ], [ -70.4, 15.7 ] ] } },
{ "type": "Feature", "properties": { "sid": "2012234N16315", "name": "Isaac", "season": 2012, "cat": 0, "wind": 50 }, "geometry": { "type": "LineString", "coordinates": [ [ -70.4, 15.7 ], [ -70.9, 16.1 ] ] } },
{ "type": "Feature", "properties": { "sid": "2012234N16315", "name": "Isaac", "season": 2012, "cat": 0, "wind": 53 }, "geometry": { "type": "LineString", "coordinates": [ [ -70.9, 16.1 ], [ -71.2, 16.6 ] ] } },
{ "type": "Feature", "properties": { "sid": "2012234N16315", "name": "Isaac", "season": 2012, "cat": 0, "wind": 55 }, "geometry": { "type": "LineString", "coordinates": [ [ -71.2, 16.6 ], [ -71.5, 16.9 ] ] } },
{ "type": "Feature", "properties": { "sid": "2012234N16315", "name": "Isaac", "season": 2012, "cat": 0, "wind": 55 }, "geometry": { "type": "LineString", "coordinates": [ [ -71.5, 16.9 ], [ -71.8, 17.3 ] ] } },
{ "type": "Feature", "properties": { "sid": "2012234N16315", "name": "Isaac", "season": 2012, "cat": 0, "wind": 55 }, "geometry": { "type": "LineString", "coordinates": [ [ -71.8, 17.3 ], [ -72.2, 17.8 ] ] } },
{ "type": "Feature", "properties": { "sid": "2012234N16315", "name": "Isaac", "season": 2012, "cat": 0, "wind": 55 }, "geometry": { "type": "LineString", "coordinates": [ [ -72.2, 17.8 ], [ -72.7, 18.3 ] ] } },
{ "type": "Feature", "properties": { "sid": "2012234N16315", "name": "Isaac", "season": 2012, "cat": 0, "wind": 55 }, "geometry": { "type": "LineString", "coordinates": [ [ -72.7, 18.3 ], [ -73.3, 19.0 ] ] } },
{ "type": "Feature", "properties": { "sid": "2012234N16315", "name": "Isaac", "season": 2012, "cat": 0, "wind": 53 }, "geometry": { "type": "LineString", "coordinates": [ [ -73.3, 19.0 ], [ -73.9, 19.6 ] ] } },
{ "type": "Feature", "properties": { "sid": "2012234N16315", "name": "Isaac", "season": 2012, "cat": 0, "wind": 50 }, "geometry": { "type": "LineString", "coordinates": [ [ -73.9, 19.6 ], [ -74.5, 20.1 ] ] } },
{ "type": "Feature", "properties": { "sid": "2012234N16315", "name": "Isaac", "season": 2012, "cat": 0, "wind": 50 }, "geometry": { "type": "LineString", "coordinates": [ [ -74.5, 20.1 ], [ -75.2, 20.8 ] ] } },
{ "type": "Feature", "properties": { "sid": "2012287N15297", "name": "Rafael", "season": 2012, "cat": 0, "wind": 35 }, "geometry": { "type": "LineString", "coordinates": [ [ -62.7, 14.7 ], [ -62.9, 14.9 ] ] } },
{ "type": "Feature", "properties": { "sid": "2012287N15297", "name": "Rafael", "season": 2012, "cat": 0, "wind": 35 }, "geometry": { "type": "LineString", "coordinates": [ [ -62.9, 14.9 ], [ -63.2, 15.0 ] ] } },
{ "type": "Feature", "properties": { "sid": "2012287N15297", "name": "Rafael", "season": 2012, "cat": 0, "wind": 35 }, "geometry": { "type": "LineString", "coordinates": [ [ -63.2, 15.0 ], [ -63.5, 15.2 ] ] } },
{ "type": "Feature", "properties": { "sid": "2012287N15297", "name": "Rafael", "season": 2012, "cat": 0, "wind": 35 }, "geometry": { "type": "LineString", "coordinates": [ [ -63.5, 15.2 ], [ -63.7, 15.3 ] ] } },
{ "type": "Feature", "properties": { "sid": "2012287N15297", "name": "Rafael", "season": 2012, "cat": 0, "wind": 35 }, "geometry": { "type": "LineString", "coordinates": [ [ -63.7, 15.3 ], [ -63.8, 15.4 ] ] } },
{ "type": "Feature", "properties": { "sid": "2012287N15297", "name": "Rafael", "season": 2012, "cat": 0, "wind": 35 }, "geometry": { "type": "LineString", "coordinates": [ [ -63.8, 15.4 ], [ -63.8, 15.6 ] ] } },
{ "type": "Feature", "properties": { "sid": "2012287N15297", "name": "Rafael", "season": 2012, "cat": 0, "wind": 35 }, "geometry": { "type": "LineString", "coordinates": [ [ -63.8, 15.6 ], [ -63.7, 16.1 ] ] } },
{ "type": "Feature", "properties": { "sid": "2012287N15297", "name": "Rafael", "season": 2012, "cat": 0, "wind": 38 }, "geometry": { "type": "LineString", "coordinates": [ [ -63.7, 16.1 ], [ -63.6, 16.7 ] ] } },
{ "type": "Feature", "properties": { "sid": "2012287N15297", "name": "Rafael", "season": 2012, "cat": 0, "wind": 40 }, "geometry": { "type": "LineString", "coordinates": [ [ -63.6, 16.7 ], [ -63.5, 17.3 ] ] } },
{ "type": "Feature", "properties": { "sid": "2012287N15297", "name": "Rafael", "season": 2012, "cat": 0, "wind": 43 }, "geometry": { "type": "LineString", "coordinates": [ [ -63.5, 17.3 ], [ -63.5, 17.9 ] ] } },
{ "type": "Feature", "properties": { "sid": "2012287N15297", "name": "Rafael", "season": 2012, "cat": 0, "wind": 45 }, "geometry": { "type": "LineString", "coordinates": [ [ -63.5, 17.9 ], [ -63.5, 18.4 ] ] } },
{ "type": "Feature", "properties": { "sid": "2012287N15297", "name": "Rafael", "season": 2012, "cat": 0, "wind": 45 }, "geometry": { "type": "LineString", "coordinates": [ [ -63.5, 18.4 ], [ -63.6, 18.9 ] ] } },
{ "type": "Feature", "properties": { "sid": "2012287N15297", "name": "Rafael", "season": 2012, "cat": 0, "wind": 45 }, "geometry": { "type": "LineString", "coordinates": [ [ -63.6, 18.9 ], [ -63.7, 19.3 ] ] } },
{ "type": "Feature", "properties": { "sid": "2012287N15297", "name": "Rafael", "season": 2012, "cat": 0, "wind": 48 }, "geometry": { "type": "LineString", "coordinates": [ [ -63.7, 19.3 ], [ -63.9, 19.7 ] ] } },
{ "type": "Feature", "properties": { "sid": "2012287N15297", "name": "Rafael", "season": 2012, "cat": 0, "wind": 50 }, "geometry": { "type": "LineString", "coordinates": [ [ -63.9, 19.7 ], [ -64.1, 20.0 ] ] } },
{ "type": "Feature", "properties": { "sid": "2012287N15297", "name": "Rafael", "season": 2012, "cat": 0, "wind": 53 }, "geometry": { "type": "LineString", "coordinates": [ [ -64.1, 20.0 ], [ -64.3, 20.4 ] ] } },
{ "type": "Feature", "properties": { "sid": "2012287N15297", "name": "Rafael", "season": 2012, "cat": 0, "wind": 55 }, "geometry": { "type": "LineString", "coordinates": [ [ -64.3, 20.4 ], [ -64.5, 20.8 ] ] } },
{ "type": "Feature", "properties": { "sid": "2012287N15297", "name": "Rafael", "season": 2012, "cat": 0, "wind": 58 }, "geometry": { "type": "LineString", "coordinates": [ [ -64.5, 20.8 ], [ -64.7, 21.3 ] ] } },
{ "type": "Feature", "properties": { "sid": "2012287N15297", "name": "Rafael", "season": 2012, "cat": 0, "wind": 60 }, "geometry": { "type": "LineString", "coordinates": [ [ -64.7, 21.3 ], [ -65.0, 21.7 ] ] } },
{ "type": "Feature", "properties": { "sid": "2012287N15297", "name": "Rafael", "season": 2012, "cat": 0, "wind": 63 }, "geometry": { "type": "LineString", "coordinates": [ [ -65.0, 21.7 ], [ -65.2, 22.0 ] ] } },
{ "type": "Feature", "properties": { "sid": "2012287N15297", "name": "Rafael", "season": 2012, "cat": 1, "wind": 65 }, "geometry": { "type": "LineString", "coordinates": [ [ -65.2, 22.0 ], [ -65.4, 22.3 ] ] } },
{ "type": "Feature", "properties": { "sid": "2012287N15297", "name": "Rafael", "season": 2012, "cat": 1, "wind": 68 }, "geometry": { "type": "LineString", "coordinates": [ [ -65.4, 22.3 ], [ -65.6, 22.6 ] ] } },
{ "type": "Feature", "properties": { "sid": "2012287N15297", "name": "Rafael", "season": 2012, "cat": 1, "wind": 70 }, "geometry": { "type": "LineString", "coordinates": [ [ -65.6, 22.6 ], [ -65.7, 23.1 ] ] } },
{ "type": "Feature", "properties": { "sid": "2012287N15297", "name": "Rafael", "season": 2012, "cat": 1, "wind": 73 }, "geometry": { "type": "LineString", "coordinates": [ [ -65.7, 23.1 ], [ -65.8, 23.6 ] ] } },
{ "type": "Feature", "properties": { "sid": "2012287N15297", "name": "Rafael", "season": 2012, "cat": 1, "wind": 75 }, "geometry": { "type": "LineString", "coordinates": [ [ -65.8, 23.6 ], [ -65.7, 24.1 ] ] } },
{ "type": "Feature", "properties": { "sid": "2012287N15297", "name": "Rafael", "season": 2012, "cat": 1, "wind": 78 }, "geometry": { "type": "LineString", "coordinates": [ [ -65.7, 24.1 ], [ -65.6, 24.6 ] ] } },
{ "type": "Feature", "properties": { "sid": "2012287N15297", "name": "Rafael", "season": 2012, "cat": 1, "wind": 80 }, "geometry": { "type": "LineString", "coordinates": [ [ -65.6, 24.6 ], [ -65.5, 25.2 ] ] } },
{ "type": "Feature", "properties": { "sid": "2012287N15297", "name": "Rafael", "season": 2012, "cat": 1, "wind": 80 }, "geometry": { "type": "LineString", "coordinates": [ [ -65.5, 25.2 ], [ -65.3, 25.9 ] ] } },
{ "type": "Feature", "properties": { "sid": "2013189N09319", "name": "Chantal", "season": 2013, "cat": 0, "wind": 53 }, "geometry": { "type": "LineString", "coordinates": [ [ -59.0, 13.4 ], [ -60.3, 13.9 ] ] } },
{ "type": "Feature", "properties": { "sid": "2013189N09319", "name": "Chantal", "season": 2013, "cat": 0, "wind": 55 }, "geometry": { "type": "LineString", "coordinates": [ [ -60.3, 13.9 ], [ -61.6, 14.4 ] ] } },
{ "type": "Feature", "properties": { "sid": "2013189N09319", "name": "Chantal", "season": 2013, "cat": 0, "wind": 55 }, "geometry": { "type": "LineString", "coordinates": [ [ -61.6, 14.4 ], [ -62.9, 14.8 ] ] } },
{ "type": "Feature", "properties": { "sid": "2013189N09319", "name": "Chantal", "season": 2013, "cat": 0, "wind": 55 }, "geometry": { "type": "LineString", "coordinates": [ [ -62.9, 14.8 ], [ -64.2, 15.2 ] ] } },
{ "type": "Feature", "properties": { "sid": "2013189N09319", "name": "Chantal", "season": 2013, "cat": 0, "wind": 50 }, "geometry": { "type": "LineString", "coordinates": [ [ -64.2, 15.2 ], [ -65.6, 15.6 ] ] } },
{ "type": "Feature", "properties": { "sid": "2013189N09319", "name": "Chantal", "season": 2013, "cat": 0, "wind": 45 }, "geometry": { "type": "LineString", "coordinates": [ [ -65.6, 15.6 ], [ -67.0, 15.9 ] ] } },
{ "type": "Feature", "properties": { "sid": "2013189N09319", "name": "Chantal", "season": 2013, "cat": 0, "wind": 43 }, "geometry": { "type": "LineString", "coordinates": [ [ -67.0, 15.9 ], [ -68.4, 16.2 ] ] } },
{ "type": "Feature", "properties": { "sid": "2013189N09319", "name": "Chantal", "season": 2013, "cat": 0, "wind": 40 }, "geometry": { "type": "LineString", "coordinates": [ [ -68.4, 16.2 ], [ -69.8, 16.5 ] ] } },
{ "type": "Feature", "properties": { "sid": "2013189N09319", "name": "Chantal", "season": 2013, "cat": 0, "wind": 40 }, "geometry": { "type": "LineString", "coordinates": [ [ -69.8, 16.5 ], [ -71.2, 16.7 ] ] } },
{ "type": "Feature", "properties": { "sid": "2013204N11340", "name": "Dorian", "season": 2013, "cat": -3, "wind": 35 }, "geometry": { "type": "LineString", "coordinates": [ [ -57.7, 19.6 ], [ -58.6, 19.8 ] ] } },
{ "type": "Feature", "properties": { "sid": "2013204N11340", "name": "Dorian", "season": 2013, "cat": -3, "wind": 35 }, "geometry": { "type": "LineString", "coordinates": [ [ -58.6, 19.8 ], [ -59.5, 20.0 ] ] } },
{ "type": "Feature", "properties": { "sid": "2013204N11340", "name": "Dorian", "season": 2013, "cat": -3, "wind": 33 }, "geometry": { "type": "LineString", "coordinates": [ [ -59.5, 20.0 ], [ -60.3, 20.1 ] ] } },
{ "type": "Feature", "properties": { "sid": "2013204N11340", "name": "Dorian", "season": 2013, "cat": -3, "wind": 30 }, "geometry": { "type": "LineString", "coordinates": [ [ -60.3, 20.1 ], [ -61.2, 20.3 ] ] } },
{ "type": "Feature", "properties": { "sid": "2013204N11340", "name": "Dorian", "season": 2013, "cat": -3, "wind": 28 }, "geometry": { "type": "LineString", "coordinates": [ [ -61.2, 20.3 ], [ -62.0, 20.4 ] ] } },
{ "type": "Feature", "properties": { "sid": "2013204N11340", "name": "Dorian", "season": 2013, "cat": -3, "wind": 25 }, "geometry": { "type": "LineString", "coordinates": [ [ -62.0, 20.4 ], [ -62.9, 20.5 ] ] } },
{ "type": "Feature", "properties": { "sid": "2013204N11340", "name": "Dorian", "season": 2013, "cat": -3, "wind": 25 }, "geometry": { "type": "LineString", "coordinates": [ [ -62.9, 20.5 ], [ -63.7, 20.6 ] ] } },
{ "type": "Feature", "properties": { "sid": "2013204N11340", "name": "Dorian", "season": 2013, "cat": -3, "wind": 25 }, "geometry": { "type": "LineString", "coordinates": [ [ -63.7, 20.6 ], [ -64.5, 20.7 ] ] } },
{ "type": "Feature", "properties": { "sid": "2013204N11340", "name": "Dorian", "season": 2013, "cat": -3, "wind": 25 }, "geometry": { "type": "LineString", "coordinates": [ [ -64.5, 20.7 ], [ -65.3, 20.8 ] ] } },
{ "type": "Feature", "properties": { "sid": "2013204N11340", "name": "Dorian", "season": 2013, "cat": -3, "wind": 25 }, "geometry": { "type": "LineString", "coordinates": [ [ -65.3, 20.8 ], [ -66.1, 20.9 ] ] } },
{ "type": "Feature", "properties": { "sid": "2013204N11340", "name": "Dorian", "season": 2013, "cat": -3, "wind": 25 }, "geometry": { "type": "LineString", "coordinates": [ [ -66.1, 20.9 ], [ -66.9, 21.0 ] ] } },
{ "type": "Feature", "properties": { "sid": "2013204N11340", "name": "Dorian", "season": 2013, "cat": -3, "wind": 25 }, "geometry": { "type": "LineString", "coordinates": [ [ -66.9, 21.0 ], [ -67.7, 21.1 ] ] } },
{ "type": "Feature", "properties": { "sid": "2013204N11340", "name": "Dorian", "season": 2013, "cat": -3, "wind": 25 }, "geometry": { "type": "LineString", "coordinates": [ [ -67.7, 21.1 ], [ -68.5, 21.3 ] ] } },
{ "type": "Feature", "properties": { "sid": "2013204N11340", "name": "Dorian", "season": 2013, "cat": -3, "wind": 25 }, "geometry": { "type": "LineString", "coordinates": [ [ -68.5, 21.3 ], [ -69.2, 21.4 ] ] } },
{ "type": "Feature", "properties": { "sid": "2013204N11340", "name": "Dorian", "season": 2013, "cat": -3, "wind": 25 }, "geometry": { "type": "LineString", "coordinates": [ [ -69.2, 21.4 ], [ -69.8, 21.5 ] ] } },
{ "type": "Feature", "properties": { "sid": "2013204N11340", "name": "Dorian", "season": 2013, "cat": -3, "wind": 25 }, "geometry": { "type": "LineString", "coordinates": [ [ -69.8, 21.5 ], [ -70.4, 21.6 ] ] } },
{ "type": "Feature", "properties": { "sid": "2013204N11340", "name": "Dorian", "season": 2013, "cat": -3, "wind": 25 }, "geometry": { "type": "LineString", "coordinates": [ [ -70.4, 21.6 ], [ -71.0, 21.7 ] ] } },
{ "type": "Feature", "properties": { "sid": "2013204N11340", "name": "Dorian", "season": 2013, "cat": -3, "wind": 25 }, "geometry": { "type": "LineString", "coordinates": [ [ -71.0, 21.7 ], [ -71.6, 21.8 ] ] } },
{ "type": "Feature", "properties": { "sid": "2013204N11340", "name": "Dorian", "season": 2013, "cat": -3, "wind": 25 }, "geometry": { "type": "LineString", "coordinates": [ [ -71.6, 21.8 ], [ -72.2, 21.9 ] ] } },
{ "type": "Feature", "properties": { "sid": "2013204N11340", "name": "Dorian", "season": 2013, "cat": -3, "wind": 25 }, "geometry": { "type": "LineString", "coordinates": [ [ -72.2, 21.9 ], [ -72.8, 22.0 ] ] } },
{ "type": "Feature", "properties": { "sid": "2013204N11340", "name": "Dorian", "season": 2013, "cat": -3, "wind": 25 }, "geometry": { "type": "LineString", "coordinates": [ [ -72.8, 22.0 ], [ -73.3, 22.1 ] ] } },
{ "type": "Feature", "properties": { "sid": "2013204N11340", "name": "Dorian", "season": 2013, "cat": -3, "wind": 25 }, "geometry": { "type": "LineString", "coordinates": [ [ -73.3, 22.1 ], [ -73.9, 22.2 ] ] } },
{ "type": "Feature", "properties": { "sid": "2013248N16294", "name": "Gabrielle", "season": 2013, "cat": -1, "wind": 30 }, "geometry": { "type": "LineString", "coordinates": [ [ -65.9, 16.2 ], [ -66.1, 16.5 ] ] } },
{ "type": "Feature", "properties": { "sid": "2013248N16294", "name": "Gabrielle", "season": 2013, "cat": -1, "wind": 30 }, "geometry": { "type": "LineString", "coordinates": [ [ -66.1, 16.5 ], [ -66.3, 16.7 ] ] } },
{ "type": "Feature", "properties": { "sid": "2013248N16294", "name": "Gabrielle", "season": 2013, "cat": -1, "wind": 30 }, "geometry": { "type": "LineString", "coordinates": [ [ -66.3, 16.7 ], [ -66.6, 16.9 ] ] } },
{ "type": "Feature", "properties": { "sid": "2013248N16294", "name": "Gabrielle", "season": 2013, "cat": -1, "wind": 30 }, "geometry": { "type": "LineString", "coordinates": [ [ -66.6, 16.9 ], [ -67.0, 17.1 ] ] } },
{ "type": "Feature", "properties": { "sid": "2013248N16294", "name": "Gabrielle", "season": 2013, "cat": -1, "wind": 30 }, "geometry": { "type": "LineString", "coordinates": [ [ -67.0, 17.1 ], [ -67.4, 17.2 ] ] } },
{ "type": "Feature", "properties": { "sid": "2013248N16294", "name": "Gabrielle", "season": 2013, "cat": -1, "wind": 30 }, "geometry": { "type": "LineString", "coordinates": [ [ -67.4, 17.2 ], [ -67.7, 17.4 ] ] } },
{ "type": "Feature", "properties": { "sid": "2013248N16294", "name": "Gabrielle", "season": 2013, "cat": -1, "wind": 30 }, "geometry": { "type": "LineString", "coordinates": [ [ -67.7, 17.4 ], [ -68.1, 17.6 ] ] } },
{ "type": "Feature", "properties": { "sid": "2013248N16294", "name": "Gabrielle", "season": 2013, "cat": -1, "wind": 28 }, "geometry": { "type": "LineString", "coordinates": [ [ -68.1, 17.6 ], [ -68.4, 17.9 ] ] } },
{ "type": "Feature", "properties": { "sid": "2013248N16294", "name": "Gabrielle", "season": 2013, "cat": -3, "wind": 25 }, "geometry": { "type": "LineString", "coordinates": [ [ -68.4, 17.9 ], [ -68.4, 18.3 ] ] } },
{ "type": "Feature", "properties": { "sid": "2013248N16294", "name": "Gabrielle", "season": 2013, "cat": -3, "wind": 25 }, "geometry": { "type": "LineString", "coordinates": [ [ -68.4, 18.3 ], [ -68.4, 18.8 ] ] } },
{ "type": "Feature", "properties": { "sid": "2013248N16294", "name": "Gabrielle", "season": 2013, "cat": -3, "wind": 25 }, "geometry": { "type": "LineString", "coordinates": [ [ -68.4, 18.8 ], [ -68.4, 19.2 ] ] } },
{ "type": "Feature", "properties": { "sid": "2013248N16294", "name": "Gabrielle", "season": 2013, "cat": -3, "wind": 23 }, "geometry": { "type": "LineString", "coordinates": [ [ -68.4, 19.2 ], [ -68.5, 19.5 ] ] } },
{ "type": "Feature", "properties": { "sid": "2013248N16294", "name": "Gabrielle", "season": 2013, "cat": -3, "wind": 20 }, "geometry": { "type": "LineString", "coordinates": [ [ -68.5, 19.5 ], [ -68.6, 19.8 ] ] } },
{ "type": "Feature", "properties": { "sid": "2013248N16294", "name": "Gabrielle", "season": 2013, "cat": -3, "wind": 20 }, "geometry": { "type": "LineString", "coordinates": [ [ -68.6, 19.8 ], [ -68.6, 20.0 ] ] } },
{ "type": "Feature", "properties": { "sid": "2013248N16294", "name": "Gabrielle", "season": 2013, "cat": -3, "wind": 20 }, "geometry": { "type": "LineString", "coordinates": [ [ -68.6, 20.0 ], [ -68.7, 20.2 ] ] } },
{ "type": "Feature", "properties": { "sid": "2013248N16294", "name": "Gabrielle", "season": 2013, "cat": -3, "wind": 20 }, "geometry": { "type": "LineString", "coordinates": [ [ -68.7, 20.2 ], [ -68.7, 20.4 ] ] } },
{ "type": "Feature", "properties": { "sid": "2013248N16294", "name": "Gabrielle", "season": 2013, "cat": -3, "wind": 20 }, "geometry": { "type": "LineString", "coordinates": [ [ -68.7, 20.4 ], [ -68.7, 20.8 ] ] } },
{ "type": "Feature", "properties": { "sid": "2013248N16294", "name": "Gabrielle", "season": 2013, "cat": -3, "wind": 20 }, "geometry": { "type": "LineString", "coordinates": [ [ -68.7, 20.8 ], [ -68.7, 21.2 ] ] } },
{ "type": "Feature", "properties": { "sid": "2013248N16294", "name": "Gabrielle", "season": 2013, "cat": -3, "wind": 20 }, "geometry": { "type": "LineString", "coordinates": [ [ -68.7, 21.2 ], [ -68.7, 21.6 ] ] } },
{ "type": "Feature", "properties": { "sid": "2013248N16294", "name": "Gabrielle", "season": 2013, "cat": -3, "wind": 20 }, "geometry": { "type": "LineString", "coordinates": [ [ -68.7, 21.6 ], [ -68.8, 22.0 ] ] } },
{ "type": "Feature", "properties": { "sid": "2013248N16294", "name": "Gabrielle", "season": 2013, "cat": -3, "wind": 20 }, "geometry": { "type": "LineString", "coordinates": [ [ -68.8, 22.0 ], [ -69.0, 22.4 ] ] } },
{ "type": "Feature", "properties": { "sid": "2013248N16294", "name": "Gabrielle", "season": 2013, "cat": -3, "wind": 23 }, "geometry": { "type": "LineString", "coordinates": [ [ -69.0, 22.4 ], [ -69.2, 22.8 ] ] } },
{ "type": "Feature", "properties": { "sid": "2013248N16294", "name": "Gabrielle", "season": 2013, "cat": -3, "wind": 25 }, "geometry": { "type": "LineString", "coordinates": [ [ -69.2, 22.8 ], [ -69.2, 23.2 ] ] } },
{ "type": "Feature", "properties": { "sid": "2013248N16294", "name": "Gabrielle", "season": 2013, "cat": -3, "wind": 25 }, "geometry": { "type": "LineString", "coordinates": [ [ -69.2, 23.2 ], [ -69.2, 23.6 ] ] } },
{ "type": "Feature", "properties": { "sid": "2013248N16294", "name": "Gabrielle", "season": 2013, "cat": -3, "wind": 25 }, "geometry": { "type": "LineString", "coordinates": [ [ -69.2, 23.6 ], [ -69.2, 24.0 ] ] } },
{ "type": "Feature", "properties": { "sid": "2013248N16294", "name": "Gabrielle", "season": 2013, "cat": -3, "wind": 25 }, "geometry": { "type": "LineString", "coordinates": [ [ -69.2, 24.0 ], [ -69.1, 24.4 ] ] } },
{ "type": "Feature", "properties": { "sid": "2013248N16294", "name": "Gabrielle", "season": 2013, "cat": -3, "wind": 25 }, "geometry": { "type": "LineString", "coordinates": [ [ -69.1, 24.4 ], [ -69.0, 24.6 ] ] } },
{ "type": "Feature", "properties": { "sid": "2013248N16294", "name": "Gabrielle", "season": 2013, "cat": -3, "wind": 25 }, "geometry": { "type": "LineString", "coordinates": [ [ -69.0, 24.6 ], [ -68.9, 24.7 ] ] } },
{ "type": "Feature", "properties": { "sid": "2013248N16294", "name": "Gabrielle", "season": 2013, "cat": -3, "wind": 25 }, "geometry": { "type": "LineString", "coordinates": [ [ -68.9, 24.7 ], [ -68.8, 24.8 ] ] } },
{ "type": "Feature", "properties": { "sid": "2013248N16294", "name": "Gabrielle", "season": 2013, "cat": -3, "wind": 25 }, "geometry": { "type": "LineString", "coordinates": [ [ -68.8, 24.8 ], [ -68.8, 24.8 ] ] } },
{ "type": "Feature", "properties": { "sid": "2013248N16294", "name": "Gabrielle", "season": 2013, "cat": -3, "wind": 25 }, "geometry": { "type": "LineString", "coordinates": [ [ -68.8, 24.8 ], [ -68.8, 24.8 ] ] } },
{ "type": "Feature", "properties": { "sid": "2013248N16294", "name": "Gabrielle", "season": 2013, "cat": -3, "wind": 25 }, "geometry": { "type": "LineString", "coordinates": [ [ -68.8, 24.8 ], [ -68.7, 24.9 ] ] } },
{ "type": "Feature", "properties": { "sid": "2013248N16294", "name": "Gabrielle", "season": 2013, "cat": -3, "wind": 25 }, "geometry": { "type": "LineString", "coordinates": [ [ -68.7, 24.9 ], [ -68.5, 25.0 ] ] } },
{ "type": "Feature", "properties": { "sid": "2013248N16294", "name": "Gabrielle", "season": 2013, "cat": -3, "wind": 25 }, "geometry": { "type": "LineString", "coordinates": [ [ -68.5, 25.0 ], [ -68.2, 25.1 ] ] } },
{ "type": "Feature", "properties": { "sid": "2013248N16294", "name": "Gabrielle", "season": 2013, "cat": -3, "wind": 25 }, "geometry": { "type": "LineString", "coordinates": [ [ -68.2, 25.1 ], [ -68.0, 25.2 ] ] } },
{ "type": "Feature", "properties": { "sid": "2013248N16294", "name": "Gabrielle", "season": 2013, "cat": -3, "wind": 25 }, "geometry": { "type": "LineString", "coordinates": [ [ -68.0, 25.2 ], [ -67.8, 25.4 ] ] } },
{ "type": "Feature", "properties": { "sid": "2013248N16294", "name": "Gabrielle", "season": 2013, "cat": -3, "wind": 25 }, "geometry": { "type": "LineString", "coordinates": [ [ -67.8, 25.4 ], [ -67.4, 25.6 ] ] } },
{ "type": "Feature", "properties": { "sid": "2013248N16294", "name": "Gabrielle", "season": 2013, "cat": -3, "wind": 28 }, "geometry": { "type": "LineString", "coordinates": [ [ -67.4, 25.6 ], [ -66.9, 25.9 ] ] } },
{ "type": "Feature", "properties": { "sid": "2014210N10323", "name": "Bertha", "season": 2014, "cat": 0, "wind": 45 }, "geometry": { "type": "LineString", "coordinates": [ [ -58.1, 13.8 ], [ -59.2, 14.2 ] ] } },
{ "type": "Feature", "properties": { "sid": "2014210N10323", "name": "Bertha", "season": 2014, "cat": 0, "wind": 45 }, "geometry": { "type": "LineString", "coordinates": [ [ -59.2, 14.2 ], [ -60.3, 14.5 ] ] } },
{ "type": "Feature", "properties": { "sid": "2014210N10323", "name": "Bertha", "season": 2014, "cat": 0, "wind": 45 }, "geometry": { "type": "LineString", "coordinates": [ [ -60.3, 14.5 ], [ -61.3, 14.8 ] ] } },
{ "type": "Feature", "properties": { "sid": "2014210N10323", "name": "Bertha", "season": 2014, "cat": 0, "wind": 45 }, "geometry": { "type": "LineString", "coordinates": [ [ -61.3, 14.8 ], [ -62.3, 15.2 ] ] } },
{ "type": "Feature", "properties": { "sid": "2014210N10323", "name": "Bertha", "season": 2014, "cat": 0, "wind": 45 }, "geometry": { "type": "LineString", "coordinates": [ [ -62.3, 15.2 ], [ -63.2, 15.5 ] ] } },
{ "type": "Feature", "properties": { "sid": "2014210N10323", "name": "Bertha", "season": 2014, "cat": 0, "wind": 43 }, "geometry": { "type": "LineString", "coordinates": [ [ -63.2, 15.5 ], [ -64.1, 15.9 ] ] } },
{ "type": "Feature", "properties": { "sid": "2014210N10323", "name": "Bertha", "season": 2014, "cat": 0, "wind": 40 }, "geometry": { "type": "LineString", "coordinates": [ [ -64.1, 15.9 ], [ -65.0, 16.3 ] ] } },
{ "type": "Feature", "properties": { "sid": "2014210N10323", "name": "Bertha", "season": 2014, "cat": 0, "wind": 40 }, "geometry": { "type": "LineString", "coordinates": [ [ -65.0, 16.3 ], [ -65.9, 16.7 ] ] } },
{ "type": "Feature", "properties": { "sid": "2014210N10323", "name": "Bertha", "season": 2014, "cat": 0, "wind": 40 }, "geometry": { "type": "LineString", "coordinates": [ [ -65.9, 16.7 ], [ -66.8, 17.3 ] ] } },
{ "type": "Feature", "properties": { "sid": "2014210N10323", "name": "Bertha", "season": 2014, "cat": 0, "wind": 40 }, "geometry": { "type": "LineString", "coordinates": [ [ -66.8, 17.3 ], [ -67.6, 17.9 ] ] } },
{ "type": "Feature", "properties": { "sid": "2014210N10323", "name": "Bertha", "season": 2014, "cat": 0, "wind": 40 }, "geometry": { "type": "LineString", "coordinates": [ [ -67.6, 17.9 ], [ -68.3, 18.6 ] ] } },
{ "type": "Feature", "properties": { "sid": "2014210N10323", "name": "Bertha", "season": 2014, "cat": 0, "wind": 40 }, "geometry": { "type": "LineString", "coordinates": [ [ -68.3, 18.6 ], [ -69.0, 19.2 ] ] } },
{ "type": "Feature", "properties": { "sid": "2014210N10323", "name": "Bertha", "season": 2014, "cat": 0, "wind": 40 }, "geometry": { "type": "LineString", "coordinates": [ [ -69.0, 19.2 ], [ -69.7, 19.8 ] ] } },
{ "type": "Feature", "properties": { "sid": "2014210N10323", "name": "Bertha", "season": 2014, "cat": 0, "wind": 40 }, "geometry": { "type": "LineString", "coordinates": [ [ -69.7, 19.8 ], [ -70.4, 20.3 ] ] } },
{ "type": "Feature", "properties": { "sid": "2014210N10323", "name": "Bertha", "season": 2014, "cat": 0, "wind": 40 }, "geometry": { "type": "LineString", "coordinates": [ [ -70.4, 20.3 ], [ -71.0, 20.8 ] ] } },
{ "type": "Feature", "properties": { "sid": "2014210N10323", "name": "Bertha", "season": 2014, "cat": 0, "wind": 40 }, "geometry": { "type": "LineString", "coordinates": [ [ -71.0, 20.8 ], [ -71.6, 21.4 ] ] } },
{ "type": "Feature", "properties": { "sid": "2014210N10323", "name": "Bertha", "season": 2014, "cat": 0, "wind": 40 }, "geometry": { "type": "LineString", "coordinates": [ [ -71.6, 21.4 ], [ -71.9, 21.8 ] ] } },
{ "type": "Feature", "properties": { "sid": "2014210N10323", "name": "Bertha", "season": 2014, "cat": 0, "wind": 40 }, "geometry": { "type": "LineString", "coordinates": [ [ -71.9, 21.8 ], [ -72.1, 22.0 ] ] } },
{ "type": "Feature", "properties": { "sid": "2014210N10323", "name": "Bertha", "season": 2014, "cat": 0, "wind": 41 }, "geometry": { "type": "LineString", "coordinates": [ [ -72.1, 22.0 ], [ -72.5, 22.7 ] ] } },
{ "type": "Feature", "properties": { "sid": "2014210N10323", "name": "Bertha", "season": 2014, "cat": 0, "wind": 45 }, "geometry": { "type": "LineString", "coordinates": [ [ -72.5, 22.7 ], [ -72.8, 23.4 ] ] } },
{ "type": "Feature", "properties": { "sid": "2014210N10323", "name": "Bertha", "season": 2014, "cat": 0, "wind": 50 }, "geometry": { "type": "LineString", "coordinates": [ [ -72.8, 23.4 ], [ -73.1, 24.1 ] ] } },
{ "type": "Feature", "properties": { "sid": "2014285N16305", "name": "Gonzalo", "season": 2014, "cat": -1, "wind": 33 }, "geometry": { "type": "LineString", "coordinates": [ [ -57.4, 16.4 ], [ -57.9, 16.4 ] ] } },
{ "type": "Feature", "properties": { "sid": "2014285N16305", "name": "Gonzalo", "season": 2014, "cat": 0, "wind": 35 }, "geometry": { "type": "LineString", "coordinates": [ [ -57.9, 16.4 ], [ -58.4, 16.4 ] ] } },
{ "type": "Feature", "properties": { "sid": "2014285N16305", "name": "Gonzalo", "season": 2014, "cat": 0, "wind": 38 }, "geometry": { "type": "LineString", "coordinates": [ [ -58.4, 16.4 ], [ -58.8, 16.4 ] ] } },
{ "type": "Feature", "properties": { "sid": "2014285N16305", "name": "Gonzalo", "season": 2014, "cat": 0, "wind": 40 }, "geometry": { "type": "LineString", "coordinates": [ [ -58.8, 16.4 ], [ -59.3, 16.4 ] ] } },
{ "type": "Feature", "properties": { "sid": "2014285N16305", "name": "Gonzalo", "season": 2014, "cat": 0, "wind": 43 }, "geometry": { "type": "LineString", "coordinates": [ [ -59.3, 16.4 ], [ -59.7, 16.5 ] ] } },
{ "type": "Feature", "properties": { "sid": "2014285N16305", "name": "Gonzalo", "season": 2014, "cat": 0, "wind": 45 }, "geometry": { "type": "LineString", "coordinates": [ [ -59.7, 16.5 ], [ -60.2, 16.6 ] ] } },
{ "type": "Feature", "properties": { "sid": "2014285N16305", "name": "Gonzalo", "season": 2014, "cat": 0, "wind": 50 }, "geometry": { "type": "LineString", "coordinates": [ [ -60.2, 16.6 ], [ -60.6, 16.7 ] ] } },
{ "type": "Feature", "properties": { "sid": "2014285N16305", "name": "Gonzalo", "season": 2014, "cat": 0, "wind": 55 }, "geometry": { "type": "LineString", "coordinates": [ [ -60.6, 16.7 ], [ -61.1, 16.8 ] ] } },
{ "type": "Feature", "properties": { "sid": "2014285N16305", "name": "Gonzalo", "season": 2014, "cat": 0, "wind": 60 }, "geometry": { "type": "LineString", "coordinates": [ [ -61.1, 16.8 ], [ -61.5, 17.0 ] ] } },
{ "type": "Feature", "properties": { "sid": "2014285N16305", "name": "Gonzalo", "season": 2014, "cat": 1, "wind": 65 }, "geometry": { "type": "LineString", "coordinates": [ [ -61.5, 17.0 ], [ -61.8, 17.1 ] ] } },
{ "type": "Feature", "properties": { "sid": "2014285N16305", "name": "Gonzalo", "season": 2014, "cat": 1, "wind": 65 }, "geometry": { "type": "LineString", "coordinates": [ [ -61.8, 17.1 ], [ -61.9, 17.2 ] ] } },
{ "type": "Feature", "properties": { "sid": "2014285N16305", "name": "Gonzalo", "season": 2014, "cat": 1, "wind": 66 }, "geometry": { "type": "LineString", "coordinates": [ [ -61.9, 17.2 ], [ -62.4, 17.6 ] ] } },
{ "type": "Feature", "properties": { "sid": "2014285N16305", "name": "Gonzalo", "season": 2014, "cat": 1, "wind": 70 }, "geometry": { "type": "LineString", "coordinates": [ [ -62.4, 17.6 ], [ -62.7, 17.9 ] ] } },
{ "type": "Feature", "properties": { "sid": "2014285N16305", "name": "Gonzalo", "season": 2014, "cat": 1, "wind": 73 }, "geometry": { "type": "LineString", "coordinates": [ [ -62.7, 17.9 ], [ -63.0, 18.1 ] ] } },
{ "type": "Feature", "properties": { "sid": "2014285N16305", "name": "Gonzalo", "season": 2014, "cat": 1, "wind": 75 }, "geometry": { "type": "LineString", "coordinates": [ [ -63.0, 18.1 ], [ -63.1, 18.2 ] ] } },
{ "type": "Feature", "properties": { "sid": "2014285N16305", "name": "Gonzalo", "season": 2014, "cat": 1, "wind": 75 }, "geometry": { "type": "LineString", "coordinates": [ [ -63.1, 18.2 ], [ -63.2, 18.3 ] ] } },
{ "type": "Feature", "properties": { "sid": "2014285N16305", "name": "Gonzalo", "season": 2014, "cat": 1, "wind": 80 }, "geometry": { "type": "LineString", "coordinates": [ [ -63.2, 18.3 ], [ -63.6, 18.7 ] ] } },
{ "type": "Feature", "properties": { "sid": "2014285N16305", "name": "Gonzalo", "season": 2014, "cat": 2, "wind": 85 }, "geometry": { "type": "LineString", "coordinates": [ [ -63.6, 18.7 ], [ -64.0, 19.1 ] ] } },
{ "type": "Feature", "properties": { "sid": "2014285N16305", "name": "Gonzalo", "season": 2014, "cat": 2, "wind": 90 }, "geometry": { "type": "LineString", "coordinates": [ [ -64.0, 19.1 ], [ -64.4, 19.5 ] ] } },
{ "type": "Feature", "properties": { "sid": "2014285N16305", "name": "Gonzalo", "season": 2014, "cat": 2, "wind": 93 }, "geometry": { "type": "LineString", "coordinates": [ [ -64.4, 19.5 ], [ -64.8, 19.9 ] ] } },
{ "type": "Feature", "properties": { "sid": "2014285N16305", "name": "Gonzalo", "season": 2014, "cat": 2, "wind": 95 }, "geometry": { "type": "LineString", "coordinates": [ [ -64.8, 19.9 ], [ -65.2, 20.3 ] ] } },
{ "type": "Feature", "properties": { "sid": "2014285N16305", "name": "Gonzalo", "season": 2014, "cat": 3, "wind": 98 }, "geometry": { "type": "LineString", "coordinates": [ [ -65.2, 20.3 ], [ -65.5, 20.8 ] ] } },
{ "type": "Feature", "properties": { "sid": "2014285N16305", "name": "Gonzalo", "season": 2014, "cat": 3, "wind": 100 }, "geometry": { "type": "LineString", "coordinates": [ [ -65.5, 20.8 ], [ -65.8, 21.3 ] ] } },
{ "type": "Feature", "properties": { "sid": "2014285N16305", "name": "Gonzalo", "season": 2014, "cat": 3, "wind": 108 }, "geometry": { "type": "LineString", "coordinates": [ [ -65.8, 21.3 ], [ -66.2, 21.7 ] ] } },
{ "type": "Feature", "properties": { "sid": "2014285N16305", "name": "Gonzalo", "season": 2014, "cat": 4, "wind": 115 }, "geometry": { "type": "LineString", "coordinates": [ [ -66.2, 21.7 ], [ -66.6, 22.1 ] ] } },
{ "type": "Feature", "properties": { "sid": "2014285N16305", "name": "Gonzalo", "season": 2014, "cat": 4, "wind": 115 }, "geometry": { "type": "LineString", "coordinates": [ [ -66.6, 22.1 ], [ -67.0, 22.5 ] ] } },
{ "type": "Feature", "properties": { "sid": "2014285N16305", "name": "Gonzalo", "season": 2014, "cat": 4, "wind": 115 }, "geometry": { "type": "LineString", "coordinates": [ [ -67.0, 22.5 ], [ -67.4, 22.8 ] ] } },
{ "type": "Feature", "properties": { "sid": "2014285N16305", "name": "Gonzalo", "season": 2014, "cat": 4, "wind": 115 }, "geometry": { "type": "LineString", "coordinates": [ [ -67.4, 22.8 ], [ -67.7, 23.1 ] ] } },
{ "type": "Feature", "properties": { "sid": "2014285N16305", "name": "Gonzalo", "season": 2014, "cat": 4, "wind": 115 }, "geometry": { "type": "LineString", "coordinates": [ [ -67.7, 23.1 ], [ -68.0, 23.5 ] ] } },
{ "type": "Feature", "properties": { "sid": "2014285N16305", "name": "Gonzalo", "season": 2014, "cat": 4, "wind": 113 }, "geometry": { "type": "LineString", "coordinates": [ [ -68.0, 23.5 ], [ -68.3, 23.8 ] ] } },
{ "type": "Feature", "properties": { "sid": "2014285N16305", "name": "Gonzalo", "season": 2014, "cat": 3, "wind": 110 }, "geometry": { "type": "LineString", "coordinates": [ [ -68.3, 23.8 ], [ -68.5, 24.1 ] ] } },
{ "type": "Feature", "properties": { "sid": "2014285N16305", "name": "Gonzalo", "season": 2014, "cat": 3, "wind": 110 }, "geometry": { "type": "LineString", "coordinates": [ [ -68.5, 24.1 ], [ -68.6, 24.4 ] ] } },
{ "type": "Feature", "properties": { "sid": "2014285N16305", "name": "Gonzalo", "season": 2014, "cat": 3, "wind": 110 }, "geometry": { "type": "LineString", "coordinates": [ [ -68.6, 24.4 ], [ -68.7, 24.7 ] ] } },
{ "type": "Feature", "properties": { "sid": "2014285N16305", "name": "Gonzalo", "season": 2014, "cat": 4, "wind": 113 }, "geometry": { "type": "LineString", "coordinates": [ [ -68.7, 24.7 ], [ -68.7, 25.0 ] ] } },
{ "type": "Feature", "properties": { "sid": "2014285N16305", "name": "Gonzalo", "season": 2014, "cat": 4, "wind": 115 }, "geometry": { "type": "LineString", "coordinates": [ [ -68.7, 25.0 ], [ -68.7, 25.3 ] ] } },
{ "type": "Feature", "properties": { "sid": "2014285N16305", "name": "Gonzalo", "season": 2014, "cat": 4, "wind": 120 }, "geometry": { "type": "LineString", "coordinates": [ [ -68.7, 25.3 ], [ -68.7, 25.6 ] ] } },
{ "type": "Feature", "properties": { "sid": "2014285N16305", "name": "Gonzalo", "season": 2014, "cat": 4, "wind": 125 }, "geometry": { "type": "LineString", "coordinates": [ [ -68.7, 25.6 ], [ -68.5, 26.0 ] ] } },
{ "type": "Feature", "properties": { "sid": "2015229N10331", "name": "Danny", "season": 2015, "cat": 0, "wind": 43 }, "geometry": { "type": "LineString", "coordinates": [ [ -57.5, 15.7 ], [ -58.2, 15.6 ] ] } },
{ "type": "Feature", "properties": { "sid": "2015229N10331", "name": "Danny", "season": 2015, "cat": 0, "wind": 40 }, "geometry": { "type": "LineString", "coordinates": [ [ -58.2, 15.6 ], [ -58.8, 15.6 ] ] } },
{ "type": "Feature", "properties": { "sid": "2015229N10331", "name": "Danny", "season": 2015, "cat": 0, "wind": 40 }, "geometry": { "type": "LineString", "coordinates": [ [ -58.8, 15.6 ], [ -59.3, 15.6 ] ] } },
{ "type": "Feature", "properties": { "sid": "2015229N10331", "name": "Danny", "season": 2015, "cat": 0, "wind": 40 }, "geometry": { "type": "LineString", "coordinates": [ [ -59.3, 15.6 ], [ -59.9, 15.7 ] ] } },
{ "type": "Feature", "properties": { "sid": "2015229N10331", "name": "Danny", "season": 2015, "cat": 0, "wind": 38 }, "geometry": { "type": "LineString", "coordinates": [ [ -59.9, 15.7 ], [ -60.4, 15.8 ] ] } },
{ "type": "Feature", "properties": { "sid": "2015229N10331", "name": "Danny", "season": 2015, "cat": 0, "wind": 35 }, "geometry": { "type": "LineString", "coordinates": [ [ -60.4, 15.8 ], [ -60.9, 15.8 ] ] } },
{ "type": "Feature", "properties": { "sid": "2015229N10331", "name": "Danny", "season": 2015, "cat": -1, "wind": 33 }, "geometry": { "type": "LineString", "coordinates": [ [ -60.9, 15.8 ], [ -61.3, 15.8 ] ] } },
{ "type": "Feature", "properties": { "sid": "2015237N14315", "name": "Erika", "season": 2015, "cat": 0, "wind": 40 }, "geometry": { "type": "LineString", "coordinates": [ [ -57.5, 16.3 ], [ -58.2, 16.4 ] ] } },
{ "type": "Feature", "properties": { "sid": "2015237N14315", "name": "Erika", "season": 2015, "cat": 0, "wind": 40 }, "geometry": { "type": "LineString", "coordinates": [ [ -58.2, 16.4 ], [ -58.9, 16.5 ] ] } },
{ "type": "Feature", "properties": { "sid": "2015237N14315", "name": "Erika", "season": 2015, "cat": 0, "wind": 40 }, "geometry": { "type": "LineString", "coordinates": [ [ -58.9, 16.5 ], [ -59.5, 16.6 ] ] } },
{ "type": "Feature", "properties": { "sid": "2015237N14315", "name": "Erika", "season": 2015, "cat": 0, "wind": 40 }, "geometry": { "type": "LineString", "coordinates": [ [ -59.5, 16.6 ], [ -60.1, 16.6 ] ] } },
{ "type": "Feature", "properties": { "sid": "2015237N14315", "name": "Erika", "season": 2015, "cat": 0, "wind": 43 }, "geometry": { "type": "LineString", "coordinates": [ [ -60.1, 16.6 ], [ -60.8, 16.5 ] ] } },
{ "type": "Feature", "properties": { "sid": "2015237N14315", "name": "Erika", "season": 2015, "cat": 0, "wind": 45 }, "geometry": { "type": "LineString", "coordinates": [ [ -60.8, 16.5 ], [ -61.5, 16.5 ] ] } },
{ "type": "Feature", "properties": { "sid": "2015237N14315", "name": "Erika", "season": 2015, "cat": 0, "wind": 45 }, "geometry": { "type": "LineString", "coordinates": [ [ -61.5, 16.5 ], [ -62.2, 16.5 ] ] } },
{ "type": "Feature", "properties": { "sid": "2015237N14315", "name": "Erika", "season": 2015, "cat": 0, "wind": 45 }, "geometry": { "type": "LineString", "coordinates": [ [ -62.2, 16.5 ], [ -62.9, 16.5 ] ] } },
{ "type": "Feature", "properties": { "sid": "2015237N14315", "name": "Erika", "season": 2015, "cat": 0, "wind": 45 }, "geometry": { "type": "LineString", "coordinates": [ [ -62.9, 16.5 ], [ -63.6, 16.6 ] ] } },
{ "type": "Feature", "properties": { "sid": "2015237N14315", "name": "Erika", "season": 2015, "cat": 0, "wind": 45 }, "geometry": { "type": "LineString", "coordinates": [ [ -63.6, 16.6 ], [ -64.3, 16.9 ] ] } },
{ "type": "Feature", "properties": { "sid": "2015237N14315", "name": "Erika", "season": 2015, "cat": 0, "wind": 45 }, "geometry": { "type": "LineString", "coordinates": [ [ -64.3, 16.9 ], [ -65.1, 17.2 ] ] } },
{ "type": "Feature", "properties": { "sid": "2015237N14315", "name": "Erika", "season": 2015, "cat": 0, "wind": 45 }, "geometry": { "type": "LineString", "coordinates": [ [ -65.1, 17.2 ], [ -65.9, 17.4 ] ] } },
{ "type": "Feature", "properties": { "sid": "2015237N14315", "name": "Erika", "season": 2015, "cat": 0, "wind": 45 }, "geometry": { "type": "LineString", "coordinates": [ [ -65.9, 17.4 ], [ -66.8, 17.5 ] ] } },
{ "type": "Feature", "properties": { "sid": "2015237N14315", "name": "Erika", "season": 2015, "cat": 0, "wind": 45 }, "geometry": { "type": "LineString", "coordinates": [ [ -66.8, 17.5 ], [ -67.7, 17.6 ] ] } },
{ "type": "Feature", "properties": { "sid": "2015237N14315", "name": "Erika", "season": 2015, "cat": 0, "wind": 45 }, "geometry": { "type": "LineString", "coordinates": [ [ -67.7, 17.6 ], [ -68.6, 17.6 ] ] } },
{ "type": "Feature", "properties": { "sid": "2016273N13300", "name": "Matthew", "season": 2016, "cat": 0, "wind": 50 }, "geometry": { "type": "LineString", "coordinates": [ [ -59.8, 13.4 ], [ -60.5, 13.5 ] ] } },
{ "type": "Feature", "properties": { "sid": "2016273N13300", "name": "Matthew", "season": 2016, "cat": 0, "wind": 50 }, "geometry": { "type": "LineString", "coordinates": [ [ -60.5, 13.5 ], [ -61.2, 13.6 ] ] } },
{ "type": "Feature", "properties": { "sid": "2016273N13300", "name": "Matthew", "season": 2016, "cat": 0, "wind": 50 }, "geometry": { "type": "LineString", "coordinates": [ [ -61.2, 13.6 ], [ -61.9, 13.8 ] ] } },
{ "type": "Feature", "properties": { "sid": "2016273N13300", "name": "Matthew", "season": 2016, "cat": 0, "wind": 53 }, "geometry": { "type": "LineString", "coordinates": [ [ -61.9, 13.8 ], [ -62.6, 13.9 ] ] } },
{ "type": "Feature", "properties": { "sid": "2016273N13300", "name": "Matthew", "season": 2016, "cat": 0, "wind": 55 }, "geometry": { "type": "LineString", "coordinates": [ [ -62.6, 13.9 ], [ -63.3, 14.0 ] ] } },
{ "type": "Feature", "properties": { "sid": "2016273N13300", "name": "Matthew", "season": 2016, "cat": 0, "wind": 55 }, "geometry": { "type": "LineString", "coordinates": [ [ -63.3, 14.0 ], [ -64.0, 14.0 ] ] } },
{ "type": "Feature", "properties": { "sid": "2016273N13300", "name": "Matthew", "season": 2016, "cat": 0, "wind": 55 }, "geometry": { "type": "LineString", "coordinates": [ [ -64.0, 14.0 ], [ -64.8, 14.0 ] ] } },
{ "type": "Feature", "properties": { "sid": "2016273N13300", "name": "Matthew", "season": 2016, "cat": 0, "wind": 58 }, "geometry": { "type": "LineString", "coordinates": [ [ -64.8, 14.0 ], [ -65.5, 14.1 ] ] } },
{ "type": "Feature", "properties": { "sid": "2016273N13300", "name": "Matthew", "season": 2016, "cat": 0, "wind": 60 }, "geometry": { "type": "LineString", "coordinates": [ [ -65.5, 14.1 ], [ -66.2, 14.2 ] ] } },
{ "type": "Feature", "properties": { "sid": "2016273N13300", "name": "Matthew", "season": 2016, "cat": 0, "wind": 63 }, "geometry": { "type": "LineString", "coordinates": [ [ -66.2, 14.2 ], [ -66.9, 14.2 ] ] } },
{ "type": "Feature", "properties": { "sid": "2016273N13300", "name": "Matthew", "season": 2016, "cat": 1, "wind": 65 }, "geometry": { "type": "LineString", "coordinates": [ [ -66.9, 14.2 ], [ -67.5, 14.2 ] ] } },
{ "type": "Feature", "properties": { "sid": "2016273N13300", "name": "Matthew", "season": 2016, "cat": 1, "wind": 68 }, "geometry": { "type": "LineString", "coordinates": [ [ -67.5, 14.2 ], [ -68.1, 14.2 ] ] } },
{ "type": "Feature", "properties": { "sid": "2016273N13300", "name": "Matthew", "season": 2016, "cat": 1, "wind": 70 }, "geometry": { "type": "LineString", "coordinates": [ [ -68.1, 14.2 ], [ -68.7, 14.1 ] ] } },
{ "type": "Feature", "properties": { "sid": "2016273N13300", "name": "Matthew", "season": 2016, "cat": 1, "wind": 78 }, "geometry": { "type": "LineString", "coordinates": [ [ -68.7, 14.1 ], [ -69.3, 14.0 ] ] } },
{ "type": "Feature", "properties": { "sid": "2016273N13300", "name": "Matthew", "season": 2016, "cat": 2, "wind": 85 }, "geometry": { "type": "LineString", "coordinates": [ [ -69.3, 14.0 ], [ -69.9, 13.9 ] ] } },
{ "type": "Feature", "properties": { "sid": "2016273N13300", "name": "Matthew", "season": 2016, "cat": 2, "wind": 93 }, "geometry": { "type": "LineString", "coordinates": [ [ -69.9, 13.9 ], [ -70.4, 13.8 ] ] } },
{ "type": "Feature", "properties": { "sid": "2016273N13300", "name": "Matthew", "season": 2016, "cat": 3, "wind": 100 }, "geometry": { "type": "LineString", "coordinates": [ [ -70.4, 13.8 ], [ -70.8, 13.6 ] ] } },
{ "type": "Feature", "properties": { "sid": "2016273N13300", "name": "Matthew", "season": 2016, "cat": 3, "wind": 110 }, "geometry": { "type": "LineString", "coordinates": [ [ -70.8, 13.6 ], [ -71.2, 13.5 ] ] } },
{ "type": "Feature", "properties": { "sid": "2016273N13300", "name": "Matthew", "season": 2016, "cat": 4, "wind": 120 }, "geometry": { "type": "LineString", "coordinates": [ [ -71.2, 13.5 ], [ -71.6, 13.4 ] ] } },
{ "type": "Feature", "properties": { "sid": "2016273N13300", "name": "Matthew", "season": 2016, "cat": 4, "wind": 133 }, "geometry": { "type": "LineString", "coordinates": [ [ -71.6, 13.4 ], [ -71.9, 13.4 ] ] } },
{ "type": "Feature", "properties": { "sid": "2016273N13300", "name": "Matthew", "season": 2016, "cat": 5, "wind": 145 }, "geometry": { "type": "LineString", "coordinates": [ [ -71.9, 13.4 ], [ -72.2, 13.4 ] ] } },
{ "type": "Feature", "properties": { "sid": "2016273N13300", "name": "Matthew", "season": 2016, "cat": 5, "wind": 143 }, "geometry": { "type": "LineString", "coordinates": [ [ -72.2, 13.4 ], [ -72.5, 13.4 ] ] } },
{ "type": "Feature", "properties": { "sid": "2016273N13300", "name": "Matthew", "season": 2016, "cat": 5, "wind": 140 }, "geometry": { "type": "LineString", "coordinates": [ [ -72.5, 13.4 ], [ -72.8, 13.4 ] ] } },
{ "type": "Feature", "properties": { "sid": "2016273N13300", "name": "Matthew", "season": 2016, "cat": 5, "wind": 138 }, "geometry": { "type": "LineString", "coordinates": [ [ -72.8, 13.4 ], [ -73.1, 13.4 ] ] } },
{ "type": "Feature", "properties": { "sid": "2016273N13300", "name": "Matthew", "season": 2016, "cat": 4, "wind": 135 }, "geometry": { "type": "LineString", "coordinates": [ [ -73.1, 13.4 ], [ -73.2, 13.4 ] ] } },
{ "type": "Feature", "properties": { "sid": "2016273N13300", "name": "Matthew", "season": 2016, "cat": 4, "wind": 128 }, "geometry": { "type": "LineString", "coordinates": [ [ -74.8, 16.2 ], [ -74.6, 16.6 ] ] } },
{ "type": "Feature", "properties": { "sid": "2016273N13300", "name": "Matthew", "season": 2016, "cat": 4, "wind": 130 }, "geometry": { "type": "LineString", "coordinates": [ [ -74.6, 16.6 ], [ -74.5, 17.0 ] ] } },
{ "type": "Feature", "properties": { "sid": "2016273N13300", "name": "Matthew", "season": 2016, "cat": 4, "wind": 130 }, "geometry": { "type": "LineString", "coordinates": [ [ -74.5, 17.0 ], [ -74.4, 17.5 ] ] } },
{ "type": "Feature", "properties": { "sid": "2016273N13300", "name": "Matthew", "season": 2016, "cat": 4, "wind": 130 }, "geometry": { "type": "LineString", "coordinates": [ [ -74.4, 17.5 ], [ -74.3, 18.0 ] ] } },
{ "type": "Feature", "properties": { "sid": "2016273N13300", "name": "Matthew", "season": 2016, "cat": 4, "wind": 130 }, "geometry": { "type": "LineString", "coordinates": [ [ -74.3, 18.0 ], [ -74.3, 18.3 ] ] } },
{ "type": "Feature", "properties": { "sid": "2016273N13300", "name": "Matthew", "season": 2016, "cat": 4, "wind": 130 }, "geometry": { "type": "LineString", "coordinates": [ [ -74.3, 18.3 ], [ -74.3, 18.4 ] ] } },
{ "type": "Feature", "properties": { "sid": "2016273N13300", "name": "Matthew", "season": 2016, "cat": 4, "wind": 125 }, "geometry": { "type": "LineString", "coordinates": [ [ -74.3, 18.4 ], [ -74.3, 18.8 ] ] } },
{ "type": "Feature", "properties": { "sid": "2016273N13300", "name": "Matthew", "season": 2016, "cat": 4, "wind": 123 }, "geometry": { "type": "LineString", "coordinates": [ [ -74.3, 18.8 ], [ -74.3, 19.3 ] ] } },
{ "type": "Feature", "properties": { "sid": "2016273N13300", "name": "Matthew", "season": 2016, "cat": 4, "wind": 120 }, "geometry": { "type": "LineString", "coordinates": [ [ -74.3, 19.3 ], [ -74.3, 19.7 ] ] } },
{ "type": "Feature", "properties": { "sid": "2016273N13300", "name": "Matthew", "season": 2016, "cat": 4, "wind": 118 }, "geometry": { "type": "LineString", "coordinates": [ [ -74.3, 19.7 ], [ -74.3, 20.1 ] ] } },
{ "type": "Feature", "properties": { "sid": "2016273N13300", "name": "Matthew", "season": 2016, "cat": 4, "wind": 115 }, "geometry": { "type": "LineString", "coordinates": [ [ -74.3, 20.1 ], [ -74.3, 20.4 ] ] } },
{ "type": "Feature", "properties": { "sid": "2016273N13300", "name": "Matthew", "season": 2016, "cat": 4, "wind": 113 }, "geometry": { "type": "LineString", "coordinates": [ [ -74.3, 20.4 ], [ -74.4, 20.7 ] ] } },
{ "type": "Feature", "properties": { "sid": "2016273N13300", "name": "Matthew", "season": 2016, "cat": 3, "wind": 110 }, "geometry": { "type": "LineString", "coordinates": [ [ -74.4, 20.7 ], [ -74.6, 21.0 ] ] } },
{ "type": "Feature", "properties": { "sid": "2017224N22293", "name": "Gert", "season": 2017, "cat": -3, "wind": 25 }, "geometry": { "type": "LineString", "coordinates": [ [ -66.8, 22.4 ], [ -67.3, 22.5 ] ] } },
{ "type": "Feature", "properties": { "sid": "2017224N22293", "name": "Gert", "season": 2017, "cat": -3, "wind": 25 }, "geometry": { "type": "LineString", "coordinates": [ [ -67.3, 22.5 ], [ -67.8, 22.7 ] ] } },
{ "type": "Feature", "properties": { "sid": "2017224N22293", "name": "Gert", "season": 2017, "cat": -3, "wind": 25 }, "geometry": { "type": "LineString", "coordinates": [ [ -67.8, 22.7 ], [ -68.3, 22.9 ] ] } },
{ "type": "Feature", "properties": { "sid": "2017224N22293", "name": "Gert", "season": 2017, "cat": -3, "wind": 25 }, "geometry": { "type": "LineString", "coordinates": [ [ -68.3, 22.9 ], [ -68.7, 23.2 ] ] } },
{ "type": "Feature", "properties": { "sid": "2017224N22293", "name": "Gert", "season": 2017, "cat": -3, "wind": 25 }, "geometry": { "type": "LineString", "coordinates": [ [ -68.7, 23.2 ], [ -69.1, 23.6 ] ] } },
{ "type": "Feature", "properties": { "sid": "2017224N22293", "name": "Gert", "season": 2017, "cat": -3, "wind": 28 }, "geometry": { "type": "LineString", "coordinates": [ [ -69.1, 23.6 ], [ -69.4, 24.0 ] ] } },
{ "type": "Feature", "properties": { "sid": "2017224N22293", "name": "Gert", "season": 2017, "cat": -1, "wind": 30 }, "geometry": { "type": "LineString", "coordinates": [ [ -69.4, 24.0 ], [ -69.7, 24.4 ] ] } },
{ "type": "Feature", "properties": { "sid": "2017224N22293", "name": "Gert", "season": 2017, "cat": -1, "wind": 33 }, "geometry": { "type": "LineString", "coordinates": [ [ -69.7, 24.4 ], [ -70.0, 24.9 ] ] } },
{ "type": "Feature", "properties": { "sid": "2017224N22293", "name": "Gert", "season": 2017, "cat": 0, "wind": 35 }, "geometry": { "type": "LineString", "coordinates": [ [ -70.0, 24.9 ], [ -70.3, 25.3 ] ] } },
{ "type": "Feature", "properties": { "sid": "2017228N14314", "name": "Harvey", "season": 2017, "cat": 0, "wind": 40 }, "geometry": { "type": "LineString", "coordinates": [ [ -59.6, 13.1 ], [ -60.3, 13.1 ] ] } },
{ "type": "Feature", "properties": { "sid": "2017228N14314", "name": "Harvey", "season": 2017, "cat": 0, "wind": 40 }, "geometry": { "type": "LineString", "coordinates": [ [ -60.3, 13.1 ], [ -61.2, 13.2 ] ] } },
{ "type": "Feature", "properties": { "sid": "2017228N14314", "name": "Harvey", "season": 2017, "cat": 0, "wind": 40 }, "geometry": { "type": "LineString", "coordinates": [ [ -61.2, 13.2 ], [ -62.2, 13.2 ] ] } },
{ "type": "Feature", "properties": { "sid": "2017228N14314", "name": "Harvey", "season": 2017, "cat": 0, "wind": 35 }, "geometry": { "type": "LineString", "coordinates": [ [ -62.2, 13.2 ], [ -63.1, 13.3 ] ] } },
{ "type": "Feature", "properties": { "sid": "2017228N14314", "name": "Harvey", "season": 2017, "cat": 0, "wind": 35 }, "geometry": { "type": "LineString", "coordinates": [ [ -63.1, 13.3 ], [ -64.0, 13.4 ] ] } },
{ "type": "Feature", "properties": { "sid": "2017228N14314", "name": "Harvey", "season": 2017, "cat": 0, "wind": 35 }, "geometry": { "type": "LineString", "coordinates": [ [ -64.0, 13.4 ], [ -64.9, 13.4 ] ] } },
{ "type": "Feature", "properties": { "sid": "2017228N14314", "name": "Harvey", "season": 2017, "cat": 0, "wind": 35 }, "geometry": { "type": "LineString", "coordinates": [ [ -64.9, 13.4 ], [ -65.7, 13.5 ] ] } },
{ "type": "Feature", "properties": { "sid": "2017228N14314", "name": "Harvey", "season": 2017, "cat": 0, "wind": 35 }, "geometry": { "type": "LineString", "coordinates": [ [ -65.7, 13.5 ], [ -66.6, 13.6 ] ] } },
{ "type": "Feature", "properties": { "sid": "2017228N14314", "name": "Harvey", "season": 2017, "cat": -1, "wind": 33 }, "geometry": { "type": "LineString", "coordinates": [ [ -66.6, 13.6 ], [ -67.5, 13.7 ] ] } },
{ "type": "Feature", "properties": { "sid": "2017228N14314", "name": "Harvey", "season": 2017, "cat": -1, "wind": 30 }, "geometry": { "type": "LineString", "coordinates": [ [ -67.5, 13.7 ], [ -68.4, 13.7 ] ] } },
{ "type": "Feature", "properties": { "sid": "2017228N14314", "name": "Harvey", "season": 2017, "cat": -1, "wind": 30 }, "geometry": { "type": "LineString", "coordinates": [ [ -68.4, 13.7 ], [ -69.2, 13.8 ] ] } },
{ "type": "Feature", "properties": { "sid": "2017228N14314", "name": "Harvey", "season": 2017, "cat": -3, "wind": 30 }, "geometry": { "type": "LineString", "coordinates": [ [ -69.2, 13.8 ], [ -70.1, 13.9 ] ] } },
{ "type": "Feature", "properties": { "sid": "2017228N14314", "name": "Harvey", "season": 2017, "cat": -3, "wind": 30 }, "geometry": { "type": "LineString", "coordinates": [ [ -70.1, 13.9 ], [ -71.0, 14.0 ] ] } },
{ "type": "Feature", "properties": { "sid": "2017228N14314", "name": "Harvey", "season": 2017, "cat": -3, "wind": 30 }, "geometry": { "type": "LineString", "coordinates": [ [ -71.0, 14.0 ], [ -71.9, 14.1 ] ] } },
{ "type": "Feature", "properties": { "sid": "2017228N14314", "name": "Harvey", "season": 2017, "cat": -3, "wind": 30 }, "geometry": { "type": "LineString", "coordinates": [ [ -71.9, 14.1 ], [ -72.9, 14.2 ] ] } },
{ "type": "Feature", "properties": { "sid": "2017228N14314", "name": "Harvey", "season": 2017, "cat": -3, "wind": 30 }, "geometry": { "type": "LineString", "coordinates": [ [ -72.9, 14.2 ], [ -74.0, 14.3 ] ] } },
{ "type": "Feature", "properties": { "sid": "2017242N16333", "name": "Irma", "season": 2017, "cat": 5, "wind": 150 }, "geometry": { "type": "LineString", "coordinates": [ [ -57.8, 16.7 ], [ -58.5, 16.8 ] ] } },
{ "type": "Feature", "properties": { "sid": "2017242N16333", "name": "Irma", "season": 2017, "cat": 5, "wind": 153 }, "geometry": { "type": "LineString", "coordinates": [ [ -58.5, 16.8 ], [ -59.2, 16.9 ] ] } },
{ "type": "Feature", "properties": { "sid": "2017242N16333", "name": "Irma", "season": 2017, "cat": 5, "wind": 155 }, "geometry": { "type": "LineString", "coordinates": [ [ -59.2, 16.9 ], [ -59.9, 17.1 ] ] } },
{ "type": "Feature", "properties": { "sid": "2017242N16333", "name": "Irma", "season": 2017, "cat": 5, "wind": 155 }, "geometry": { "type": "LineString", "coordinates": [ [ -59.9, 17.1 ], [ -60.6, 17.3 ] ] } },
{ "type": "Feature", "properties": { "sid": "2017242N16333", "name": "Irma", "season": 2017, "cat": 5, "wind": 155 }, "geometry": { "type": "LineString", "coordinates": [ [ -60.6, 17.3 ], [ -61.1, 17.6 ] ] } },
{ "type": "Feature", "properties": { "sid": "2017242N16333", "name": "Irma", "season": 2017, "cat": 5, "wind": 155 }, "geometry": { "type": "LineString", "coordinates": [ [ -61.1, 17.6 ], [ -61.8, 17.7 ] ] } },
{ "type": "Feature", "properties": { "sid": "2017242N16333", "name": "Irma", "season": 2017, "cat": 5, "wind": 155 }, "geometry": { "type": "LineString", "coordinates": [ [ -61.8, 17.7 ], [ -61.9, 17.7 ] ] } },
{ "type": "Feature", "properties": { "sid": "2017242N16333", "name": "Irma", "season": 2017, "cat": 5, "wind": 155 }, "geometry": { "type": "LineString", "coordinates": [ [ -61.9, 17.7 ], [ -62.7, 17.9 ] ] } },
{ "type": "Feature", "properties": { "sid": "2017242N16333", "name": "Irma", "season": 2017, "cat": 5, "wind": 155 }, "geometry": { "type": "LineString", "coordinates": [ [ -62.7, 17.9 ], [ -63.1, 18.1 ] ] } },
{ "type": "Feature", "properties": { "sid": "2017242N16333", "name": "Irma", "season": 2017, "cat": 5, "wind": 155 }, "geometry": { "type": "LineString", "coordinates": [ [ -63.1, 18.1 ], [ -63.3, 18.1 ] ] } },
{ "type": "Feature", "properties": { "sid": "2017242N16333", "name": "Irma", "season": 2017, "cat": 5, "wind": 155 }, "geometry": { "type": "LineString", "coordinates": [ [ -63.3, 18.1 ], [ -64.1, 18.3 ] ] } },
{ "type": "Feature", "properties": { "sid": "2017242N16333", "name": "Irma", "season": 2017, "cat": 5, "wind": 155 }, "geometry": { "type": "LineString", "coordinates": [ [ -64.1, 18.3 ], [ -64.4, 18.5 ] ] } },
{ "type": "Feature", "properties": { "sid": "2017242N16333", "name": "Irma", "season": 2017, "cat": 5, "wind": 155 }, "geometry": { "type": "LineString", "coordinates": [ [ -64.4, 18.5 ], [ -64.7, 18.6 ] ] } },
{ "type": "Feature", "properties": { "sid": "2017242N16333", "name": "Irma", "season": 2017, "cat": 5, "wind": 150 }, "geometry": { "type": "LineString", "coordinates": [ [ -64.7, 18.6 ], [ -65.4, 18.9 ] ] } },
{ "type": "Feature", "properties": { "sid": "2017242N16333", "name": "Irma", "season": 2017, "cat": 5, "wind": 150 }, "geometry": { "type": "LineString", "coordinates": [ [ -65.4, 18.9 ], [ -66.2, 19.2 ] ] } },
{ "type": "Feature", "properties": { "sid": "2017242N16333", "name": "Irma", "season": 2017, "cat": 5, "wind": 150 }, "geometry": { "type": "LineString", "coordinates": [ [ -66.2, 19.2 ], [ -66.9, 19.5 ] ] } },
{ "type": "Feature", "properties": { "sid": "2017242N16333", "name": "Irma", "season": 2017, "cat": 5, "wind": 148 }, "geometry": { "type": "LineString", "coordinates": [ [ -66.9, 19.5 ], [ -67.6, 19.7 ] ] } },
{ "type": "Feature", "properties": { "sid": "2017242N16333", "name": "Irma", "season": 2017, "cat": 5, "wind": 145 }, "geometry": { "type": "LineString", "coordinates": [ [ -67.6, 19.7 ], [ -68.3, 19.9 ] ] } },
{ "type": "Feature", "properties": { "sid": "2017242N16333", "name": "Irma", "season": 2017, "cat": 5, "wind": 145 }, "geometry": { "type": "LineString", "coordinates": [ [ -68.3, 19.9 ], [ -69.0, 20.2 ] ] } },
{ "type": "Feature", "properties": { "sid": "2017242N16333", "name": "Irma", "season": 2017, "cat": 5, "wind": 145 }, "geometry": { "type": "LineString", "coordinates": [ [ -69.0, 20.2 ], [ -69.7, 20.5 ] ] } },
{ "type": "Feature", "properties": { "sid": "2017242N16333", "name": "Irma", "season": 2017, "cat": 5, "wind": 145 }, "geometry": { "type": "LineString", "coordinates": [ [ -69.7, 20.5 ], [ -70.4, 20.7 ] ] } },
{ "type": "Feature", "properties": { "sid": "2017242N16333", "name": "Irma", "season": 2017, "cat": 5, "wind": 145 }, "geometry": { "type": "LineString", "coordinates": [ [ -70.4, 20.7 ], [ -71.1, 20.9 ] ] } },
{ "type": "Feature", "properties": { "sid": "2017242N16333", "name": "Irma", "season": 2017, "cat": 5, "wind": 143 }, "geometry": { "type": "LineString", "coordinates": [ [ -71.1, 20.9 ], [ -71.8, 21.1 ] ] } },
{ "type": "Feature", "properties": { "sid": "2017242N16333", "name": "Irma", "season": 2017, "cat": 5, "wind": 140 }, "geometry": { "type": "LineString", "coordinates": [ [ -71.8, 21.1 ], [ -72.5, 21.4 ] ] } },
{ "type": "Feature", "properties": { "sid": "2017242N16333", "name": "Irma", "season": 2017, "cat": 5, "wind": 137 }, "geometry": { "type": "LineString", "coordinates": [ [ -72.5, 21.4 ], [ -73.0, 21.5 ] ] } },
{ "type": "Feature", "properties": { "sid": "2017242N16333", "name": "Irma", "season": 2017, "cat": 4, "wind": 135 }, "geometry": { "type": "LineString", "coordinates": [ [ -73.0, 21.5 ], [ -73.2, 21.5 ] ] } },
{ "type": "Feature", "properties": { "sid": "2017242N16333", "name": "Irma", "season": 2017, "cat": 4, "wind": 135 }, "geometry": { "type": "LineString", "coordinates": [ [ -73.2, 21.5 ], [ -73.9, 21.6 ] ] } },
{ "type": "Feature", "properties": { "sid": "2017242N16333", "name": "Irma", "season": 2017, "cat": 4, "wind": 135 }, "geometry": { "type": "LineString", "coordinates": [ [ -73.9, 21.6 ], [ -74.7, 21.8 ] ] } },
{ "type": "Feature", "properties": { "sid": "2017247N09327", "name": "Jose", "season": 2017, "cat": 4, "wind": 135 }, "geometry": { "type": "LineString", "coordinates": [ [ -57.8, 16.4 ], [ -58.4, 16.5 ] ] } },
{ "type": "Feature", "properties": { "sid": "2017247N09327", "name": "Jose", "season": 2017, "cat": 4, "wind": 135 }, "geometry": { "type": "LineString", "coordinates": [ [ -58.4, 16.5 ], [ -58.9, 16.7 ] ] } },
{ "type": "Feature", "properties": { "sid": "2017247N09327", "name": "Jose", "season": 2017, "cat": 4, "wind": 135 }, "geometry": { "type": "LineString", "coordinates": [ [ -58.9, 16.7 ], [ -59.4, 16.9 ] ] } },
{ "type": "Feature", "properties": { "sid": "2017247N09327", "name": "Jose", "season": 2017, "cat": 4, "wind": 133 }, "geometry": { "type": "LineString", "coordinates": [ [ -59.4, 16.9 ], [ -59.9, 17.2 ] ] } },
{ "type": "Feature", "properties": { "sid": "2017247N09327", "name": "Jose", "season": 2017, "cat": 4, "wind": 130 }, "geometry": { "type": "LineString", "coordinates": [ [ -59.9, 17.2 ], [ -60.4, 17.5 ] ] } },
{ "type": "Feature", "properties": { "sid": "2017247N09327", "name": "Jose", "season": 2017, "cat": 4, "wind": 128 }, "geometry": { "type": "LineString", "coordinates": [ [ -60.4, 17.5 ], [ -60.8, 17.9 ] ] } },
{ "type": "Feature", "properties": { "sid": "2017247N09327", "name": "Jose", "season": 2017, "cat": 4, "wind": 125 }, "geometry": { "type": "LineString", "coordinates": [ [ -60.8, 17.9 ], [ -61.3, 18.2 ] ] } },
{ "type": "Feature", "properties": { "sid": "2017247N09327", "name": "Jose", "season": 2017, "cat": 4, "wind": 123 }, "geometry": { "type": "LineString", "coordinates": [ [ -61.3, 18.2 ], [ -61.8, 18.6 ] ] } },
{ "type": "Feature", "properties": { "sid": "2017247N09327", "name": "Jose", "season": 2017, "cat": 4, "wind": 120 }, "geometry": { "type": "LineString", "coordinates": [ [ -61.8, 18.6 ], [ -62.3, 19.0 ] ] } },
{ "type": "Feature", "properties": { "sid": "2017247N09327", "name": "Jose", "season": 2017, "cat": 4, "wind": 118 }, "geometry": { "type": "LineString", "coordinates": [ [ -62.3, 19.0 ], [ -62.9, 19.4 ] ] } },
{ "type": "Feature", "properties": { "sid": "2017247N09327", "name": "Jose", "season": 2017, "cat": 4, "wind": 115 }, "geometry": { "type": "LineString", "coordinates": [ [ -62.9, 19.4 ], [ -63.4, 19.8 ] ] } },
{ "type": "Feature", "properties": { "sid": "2017247N09327", "name": "Jose", "season": 2017, "cat": 4, "wind": 115 }, "geometry": { "type": "LineString", "coordinates": [ [ -63.4, 19.8 ], [ -64.0, 20.3 ] ] } },
{ "type": "Feature", "properties": { "sid": "2017247N09327", "name": "Jose", "season": 2017, "cat": 4, "wind": 115 }, "geometry": { "type": "LineString", "coordinates": [ [ -64.0, 20.3 ], [ -64.6, 20.7 ] ] } },
{ "type": "Feature", "properties": { "sid": "2017247N09327", "name": "Jose", "season": 2017, "cat": 4, "wind": 115 }, "geometry": { "type": "LineString", "coordinates": [ [ -64.6, 20.7 ], [ -65.3, 21.2 ] ] } },
{ "type": "Feature", "properties": { "sid": "2017247N09327", "name": "Jose", "season": 2017, "cat": 4, "wind": 115 }, "geometry": { "type": "LineString", "coordinates": [ [ -65.3, 21.2 ], [ -65.9, 21.7 ] ] } },
{ "type": "Feature", "properties": { "sid": "2017247N09327", "name": "Jose", "season": 2017, "cat": 3, "wind": 110 }, "geometry": { "type": "LineString", "coordinates": [ [ -65.9, 21.7 ], [ -66.5, 22.2 ] ] } },
{ "type": "Feature", "properties": { "sid": "2017247N09327", "name": "Jose", "season": 2017, "cat": 3, "wind": 105 }, "geometry": { "type": "LineString", "coordinates": [ [ -66.5, 22.2 ], [ -67.1, 22.7 ] ] } },
{ "type": "Feature", "properties": { "sid": "2017247N09327", "name": "Jose", "season": 2017, "cat": 3, "wind": 103 }, "geometry": { "type": "LineString", "coordinates": [ [ -67.1, 22.7 ], [ -67.6, 23.3 ] ] } },
{ "type": "Feature", "properties": { "sid": "2017247N09327", "name": "Jose", "season": 2017, "cat": 3, "wind": 100 }, "geometry": { "type": "LineString", "coordinates": [ [ -67.6, 23.3 ], [ -68.1, 23.8 ] ] } },
{ "type": "Feature", "properties": { "sid": "2017247N09327", "name": "Jose", "season": 2017, "cat": 2, "wind": 95 }, "geometry": { "type": "LineString", "coordinates": [ [ -68.1, 23.8 ], [ -68.6, 24.3 ] ] } },
{ "type": "Feature", "properties": { "sid": "2017247N09327", "name": "Jose", "season": 2017, "cat": 2, "wind": 90 }, "geometry": { "type": "LineString", "coordinates": [ [ -68.6, 24.3 ], [ -69.1, 24.8 ] ] } },
{ "type": "Feature", "properties": { "sid": "2017247N09327", "name": "Jose", "season": 2017, "cat": 2, "wind": 88 }, "geometry": { "type": "LineString", "coordinates": [ [ -69.1, 24.8 ], [ -69.4, 25.4 ] ] } },
{ "type": "Feature", "properties": { "sid": "2017247N09327", "name": "Jose", "season": 2017, "cat": 2, "wind": 85 }, "geometry": { "type": "LineString", "coordinates": [ [ -69.4, 25.4 ], [ -69.5, 26.0 ] ] } },
{ "type": "Feature", "properties": { "sid": "2017247N09327", "name": "Jose", "season": 2017, "cat": 1, "wind": 70 }, "geometry": { "type": "LineString", "coordinates": [ [ -65.8, 25.8 ], [ -65.7, 25.6 ] ] } },
{ "type": "Feature", "properties": { "sid": "2017247N09327", "name": "Jose", "season": 2017, "cat": 1, "wind": 70 }, "geometry": { "type": "LineString", "coordinates": [ [ -65.7, 25.6 ], [ -65.6, 25.4 ] ] } },
{ "type": "Feature", "properties": { "sid": "2017247N09327", "name": "Jose", "season": 2017, "cat": 1, "wind": 70 }, "geometry": { "type": "LineString", "coordinates": [ [ -65.6, 25.4 ], [ -65.6, 25.2 ] ] } },
{ "type": "Feature", "properties": { "sid": "2017247N09327", "name": "Jose", "season": 2017, "cat": 1, "wind": 70 }, "geometry": { "type": "LineString", "coordinates": [ [ -65.6, 25.2 ], [ -65.7, 25.1 ] ] } },
{ "type": "Feature", "properties": { "sid": "2017247N09327", "name": "Jose", "season": 2017, "cat": 1, "wind": 70 }, "geometry": { "type": "LineString", "coordinates": [ [ -65.7, 25.1 ], [ -65.8, 25.0 ] ] } },
{ "type": "Feature", "properties": { "sid": "2017247N09327", "name": "Jose", "season": 2017, "cat": 1, "wind": 70 }, "geometry": { "type": "LineString", "coordinates": [ [ -65.8, 25.0 ], [ -65.9, 24.9 ] ] } },
{ "type": "Feature", "properties": { "sid": "2017247N09327", "name": "Jose", "season": 2017, "cat": 1, "wind": 70 }, "geometry": { "type": "LineString", "coordinates": [ [ -65.9, 24.9 ], [ -66.1, 24.8 ] ] } },
{ "type": "Feature", "properties": { "sid": "2017247N09327", "name": "Jose", "season": 2017, "cat": 1, "wind": 68 }, "geometry": { "type": "LineString", "coordinates": [ [ -66.1, 24.8 ], [ -66.3, 24.8 ] ] } },
{ "type": "Feature", "properties": { "sid": "2017247N09327", "name": "Jose", "season": 2017, "cat": 1, "wind": 65 }, "geometry": { "type": "LineString", "coordinates": [ [ -66.3, 24.8 ], [ -66.6, 24.9 ] ] } },
{ "type": "Feature", "properties": { "sid": "2017247N09327", "name": "Jose", "season": 2017, "cat": 1, "wind": 65 }, "geometry": { "type": "LineString", "coordinates": [ [ -66.6, 24.9 ], [ -66.9, 25.0 ] ] } },
{ "type": "Feature", "properties": { "sid": "2017247N09327", "name": "Jose", "season": 2017, "cat": 1, "wind": 65 }, "geometry": { "type": "LineString", "coordinates": [ [ -66.9, 25.0 ], [ -67.2, 25.2 ] ] } },
{ "type": "Feature", "properties": { "sid": "2017247N09327", "name": "Jose", "season": 2017, "cat": 0, "wind": 63 }, "geometry": { "type": "LineString", "coordinates": [ [ -67.2, 25.2 ], [ -67.6, 25.4 ] ] } },
{ "type": "Feature", "properties": { "sid": "2017247N09327", "name": "Jose", "season": 2017, "cat": 0, "wind": 60 }, "geometry": { "type": "LineString", "coordinates": [ [ -67.6, 25.4 ], [ -67.9, 25.6 ] ] } },
{ "type": "Feature", "properties": { "sid": "2017247N09327", "name": "Jose", "season": 2017, "cat": 0, "wind": 60 }, "geometry": { "type": "LineString", "coordinates": [ [ -67.9, 25.6 ], [ -68.2, 25.8 ] ] } },
{ "type": "Feature", "properties": { "sid": "2017260N12310", "name": "Maria", "season": 2017, "cat": 1, "wind": 78 }, "geometry": { "type": "LineString", "coordinates": [ [ -58.5, 14.2 ], [ -59.0, 14.3 ] ] } },
{ "type": "Feature", "properties": { "sid": "2017260N12310", "name": "Maria", "season": 2017, "cat": 1, "wind": 80 }, "geometry": { "type": "LineString", "coordinates": [ [ -59.0, 14.3 ], [ -59.4, 14.4 ] ] } },
{ "type": "Feature", "properties": { "sid": "2017260N12310", "name": "Maria", "season": 2017, "cat": 2, "wind": 90 }, "geometry": { "type": "LineString", "coordinates": [ [ -59.4, 14.4 ], [ -59.7, 14.5 ] ] } },
{ "type": "Feature", "properties": { "sid": "2017260N12310", "name": "Maria", "season": 2017, "cat": 3, "wind": 100 }, "geometry": { "type": "LineString", "coordinates": [ [ -59.7, 14.5 ], [ -60.0, 14.7 ] ] } },
{ "type": "Feature", "properties": { "sid": "2017260N12310", "name": "Maria", "season": 2017, "cat": 3, "wind": 105 }, "geometry": { "type": "LineString", "coordinates": [ [ -60.0, 14.7 ], [ -60.4, 14.9 ] ] } },
{ "type": "Feature", "properties": { "sid": "2017260N12310", "name": "Maria", "season": 2017, "cat": 3, "wind": 110 }, "geometry": { "type": "LineString", "coordinates": [ [ -60.4, 14.9 ], [ -60.7, 15.1 ] ] } },
{ "type": "Feature", "properties": { "sid": "2017260N12310", "name": "Maria", "season": 2017, "cat": 4, "wind": 128 }, "geometry": { "type": "LineString", "coordinates": [ [ -60.7, 15.1 ], [ -61.1, 15.3 ] ] } },
{ "type": "Feature", "properties": { "sid": "2017260N12310", "name": "Maria", "season": 2017, "cat": 5, "wind": 145 }, "geometry": { "type": "LineString", "coordinates": [ [ -61.1, 15.3 ], [ -61.3, 15.4 ] ] } },
{ "type": "Feature", "properties": { "sid": "2017260N12310", "name": "Maria", "season": 2017, "cat": 5, "wind": 145 }, "geometry": { "type": "LineString", "coordinates": [ [ -61.3, 15.4 ], [ -61.5, 15.5 ] ] } },
{ "type": "Feature", "properties": { "sid": "2017260N12310", "name": "Maria", "season": 2017, "cat": 5, "wind": 141 }, "geometry": { "type": "LineString", "coordinates": [ [ -61.5, 15.5 ], [ -61.9, 15.7 ] ] } },
{ "type": "Feature", "properties": { "sid": "2017260N12310", "name": "Maria", "season": 2017, "cat": 4, "wind": 135 }, "geometry": { "type": "LineString", "coordinates": [ [ -61.9, 15.7 ], [ -62.3, 15.9 ] ] } },
{ "type": "Feature", "properties": { "sid": "2017260N12310", "name": "Maria", "season": 2017, "cat": 5, "wind": 138 }, "geometry": { "type": "LineString", "coordinates": [ [ -62.3, 15.9 ], [ -62.7, 16.1 ] ] } },
{ "type": "Feature", "properties": { "sid": "2017260N12310", "name": "Maria", "season": 2017, "cat": 5, "wind": 140 }, "geometry": { "type": "LineString", "coordinates": [ [ -62.7, 16.1 ], [ -63.1, 16.3 ] ] } },
{ "type": "Feature", "properties": { "sid": "2017260N12310", "name": "Maria", "season": 2017, "cat": 5, "wind": 143 }, "geometry": { "type": "LineString", "coordinates": [ [ -63.1, 16.3 ], [ -63.5, 16.6 ] ] } },
{ "type": "Feature", "properties": { "sid": "2017260N12310", "name": "Maria", "season": 2017, "cat": 5, "wind": 145 }, "geometry": { "type": "LineString", "coordinates": [ [ -63.5, 16.6 ], [ -63.9, 16.8 ] ] } },
{ "type": "Feature", "properties": { "sid": "2017260N12310", "name": "Maria", "season": 2017, "cat": 5, "wind": 148 }, "geometry": { "type": "LineString", "coordinates": [ [ -63.9, 16.8 ], [ -64.3, 17.0 ] ] } },
{ "type": "Feature", "properties": { "sid": "2017260N12310", "name": "Maria", "season": 2017, "cat": 5, "wind": 150 }, "geometry": { "type": "LineString", "coordinates": [ [ -64.3, 17.0 ], [ -64.7, 17.3 ] ] } },
{ "type": "Feature", "properties": { "sid": "2017260N12310", "name": "Maria", "season": 2017, "cat": 5, "wind": 150 }, "geometry": { "type": "LineString", "coordinates": [ [ -64.7, 17.3 ], [ -65.1, 17.6 ] ] } },
{ "type": "Feature", "properties": { "sid": "2017260N12310", "name": "Maria", "season": 2017, "cat": 5, "wind": 140 }, "geometry": { "type": "LineString", "coordinates": [ [ -65.1, 17.6 ], [ -65.7, 17.9 ] ] } },
{ "type": "Feature", "properties": { "sid": "2017260N12310", "name": "Maria", "season": 2017, "cat": 4, "wind": 136 }, "geometry": { "type": "LineString", "coordinates": [ [ -65.7, 17.9 ], [ -65.9, 18.0 ] ] } },
{ "type": "Feature", "properties": { "sid": "2017260N12310", "name": "Maria", "season": 2017, "cat": 4, "wind": 135 }, "geometry": { "type": "LineString", "coordinates": [ [ -65.9, 18.0 ], [ -66.2, 18.2 ] ] } },
{ "type": "Feature", "properties": { "sid": "2017260N12310", "name": "Maria", "season": 2017, "cat": 4, "wind": 115 }, "geometry": { "type": "LineString", "coordinates": [ [ -66.2, 18.2 ], [ -66.6, 18.4 ] ] } },
{ "type": "Feature", "properties": { "sid": "2017260N12310", "name": "Maria", "season": 2017, "cat": 3, "wind": 105 }, "geometry": { "type": "LineString", "coordinates": [ [ -66.6, 18.4 ], [ -67.0, 18.6 ] ] } },
{ "type": "Feature", "properties": { "sid": "2017260N12310", "name": "Maria", "season": 2017, "cat": 2, "wind": 95 }, "geometry": { "type": "LineString", "coordinates": [ [ -67.0, 18.6 ], [ -67.3, 18.8 ] ] } },
{ "type": "Feature", "properties": { "sid": "2017260N12310", "name": "Maria", "season": 2017, "cat": 2, "wind": 95 }, "geometry": { "type": "LineString", "coordinates": [ [ -67.3, 18.8 ], [ -67.6, 19.0 ] ] } },
{ "type": "Feature", "properties": { "sid": "2017260N12310", "name": "Maria", "season": 2017, "cat": 2, "wind": 95 }, "geometry": { "type": "LineString", "coordinates": [ [ -67.6, 19.0 ], [ -67.9, 19.2 ] ] } },
{ "type": "Feature", "properties": { "sid": "2017260N12310", "name": "Maria", "season": 2017, "cat": 3, "wind": 98 }, "geometry": { "type": "LineString", "coordinates": [ [ -67.9, 19.2 ], [ -68.2, 19.4 ] ] } },
{ "type": "Feature", "properties": { "sid": "2017260N12310", "name": "Maria", "season": 2017, "cat": 3, "wind": 100 }, "geometry": { "type": "LineString", "coordinates": [ [ -68.2, 19.4 ], [ -68.5, 19.6 ] ] } },
{ "type": "Feature", "properties": { "sid": "2017260N12310", "name": "Maria", "season": 2017, "cat": 3, "wind": 100 }, "geometry": { "type": "LineString", "coordinates": [ [ -68.5, 19.6 ], [ -68.8, 19.9 ] ] } },
{ "type": "Feature", "properties": { "sid": "2017260N12310", "name": "Maria", "season": 2017, "cat": 3, "wind": 100 }, "geometry": { "type": "LineString", "coordinates": [ [ -68.8, 19.9 ], [ -69.2, 20.2 ] ] } },
{ "type": "Feature", "properties": { "sid": "2017260N12310", "name": "Maria", "season": 2017, "cat": 3, "wind": 103 }, "geometry": { "type": "LineString", "coordinates": [ [ -69.2, 20.2 ], [ -69.5, 20.5 ] ] } },
{ "type": "Feature", "properties": { "sid": "2017260N12310", "name": "Maria", "season": 2017, "cat": 3, "wind": 105 }, "geometry": { "type": "LineString", "coordinates": [ [ -69.5, 20.5 ], [ -69.8, 20.7 ] ] } },
{ "type": "Feature", "properties": { "sid": "2017260N12310", "name": "Maria", "season": 2017, "cat": 3, "wind": 108 }, "geometry": { "type": "LineString", "coordinates": [ [ -69.8, 20.7 ], [ -70.0, 20.8 ] ] } },
{ "type": "Feature", "properties": { "sid": "2017260N12310", "name": "Maria", "season": 2017, "cat": 3, "wind": 110 }, "geometry": { "type": "LineString", "coordinates": [ [ -70.0, 20.8 ], [ -70.3, 21.0 ] ] } },
{ "type": "Feature", "properties": { "sid": "2017260N12310", "name": "Maria", "season": 2017, "cat": 3, "wind": 110 }, "geometry": { "type": "LineString", "coordinates": [ [ -70.3, 21.0 ], [ -70.5, 21.2 ] ] } },
{ "type": "Feature", "properties": { "sid": "2017260N12310", "name": "Maria", "season": 2017, "cat": 3, "wind": 110 }, "geometry": { "type": "LineString", "coordinates": [ [ -70.5, 21.2 ], [ -70.7, 21.5 ] ] } },
{ "type": "Feature", "properties": { "sid": "2017260N12310", "name": "Maria", "season": 2017, "cat": 3, "wind": 110 }, "geometry": { "type": "LineString", "coordinates": [ [ -70.7, 21.5 ], [ -70.9, 21.9 ] ] } },
{ "type": "Feature", "properties": { "sid": "2017260N12310", "name": "Maria", "season": 2017, "cat": 3, "wind": 110 }, "geometry": { "type": "LineString", "coordinates": [ [ -70.9, 21.9 ], [ -71.1, 22.3 ] ] } },
{ "type": "Feature", "properties": { "sid": "2017260N12310", "name": "Maria", "season": 2017, "cat": 3, "wind": 110 }, "geometry": { "type": "LineString", "coordinates": [ [ -71.1, 22.3 ], [ -71.2, 22.8 ] ] } },
{ "type": "Feature", "properties": { "sid": "2017260N12310", "name": "Maria", "season": 2017, "cat": 3, "wind": 110 }, "geometry": { "type": "LineString", "coordinates": [ [ -71.2, 22.8 ], [ -71.4, 23.3 ] ] } },
{ "type": "Feature", "properties": { "sid": "2017260N12310", "name": "Maria", "season": 2017, "cat": 3, "wind": 108 }, "geometry": { "type": "LineString", "coordinates": [ [ -71.4, 23.3 ], [ -71.6, 23.7 ] ] } },
{ "type": "Feature", "properties": { "sid": "2017260N12310", "name": "Maria", "season": 2017, "cat": 3, "wind": 105 }, "geometry": { "type": "LineString", "coordinates": [ [ -71.6, 23.7 ], [ -71.8, 24.1 ] ] } },
{ "type": "Feature", "properties": { "sid": "2017260N12310", "name": "Maria", "season": 2017, "cat": 3, "wind": 103 }, "geometry": { "type": "LineString", "coordinates": [ [ -71.8, 24.1 ], [ -71.9, 24.4 ] ] } },
{ "type": "Feature", "properties": { "sid": "2018186N10325", "name": "Beryl", "season": 2018, "cat": -3, "wind": 43 }, "geometry": { "type": "LineString", "coordinates": [ [ -58.0, 14.5 ], [ -59.2, 14.8 ] ] } },
{ "type": "Feature", "properties": { "sid": "2018186N10325", "name": "Beryl", "season": 2018, "cat": -3, "wind": 40 }, "geometry": { "type": "LineString", "coordinates": [ [ -59.2, 14.8 ], [ -60.3, 15.1 ] ] } },
{ "type": "Feature", "properties": { "sid": "2018186N10325", "name": "Beryl", "season": 2018, "cat": -3, "wind": 38 }, "geometry": { "type": "LineString", "coordinates": [ [ -60.3, 15.1 ], [ -61.3, 15.5 ] ] } },
{ "type": "Feature", "properties": { "sid": "2018186N10325", "name": "Beryl", "season": 2018, "cat": -3, "wind": 35 }, "geometry": { "type": "LineString", "coordinates": [ [ -61.3, 15.5 ], [ -62.3, 15.9 ] ] } },
{ "type": "Feature", "properties": { "sid": "2018186N10325", "name": "Beryl", "season": 2018, "cat": -3, "wind": 35 }, "geometry": { "type": "LineString", "coordinates": [ [ -62.3, 15.9 ], [ -63.2, 16.2 ] ] } },
{ "type": "Feature", "properties": { "sid": "2018186N10325", "name": "Beryl", "season": 2018, "cat": -3, "wind": 35 }, "geometry": { "type": "LineString", "coordinates": [ [ -63.2, 16.2 ], [ -64.3, 16.4 ] ] } },
{ "type": "Feature", "properties": { "sid": "2018186N10325", "name": "Beryl", "season": 2018, "cat": -3, "wind": 35 }, "geometry": { "type": "LineString", "coordinates": [ [ -64.3, 16.4 ], [ -65.3, 16.6 ] ] } },
{ "type": "Feature", "properties": { "sid": "2018186N10325", "name": "Beryl", "season": 2018, "cat": -3, "wind": 35 }, "geometry": { "type": "LineString", "coordinates": [ [ -65.3, 16.6 ], [ -66.2, 16.8 ] ] } },
{ "type": "Feature", "properties": { "sid": "2018186N10325", "name": "Beryl", "season": 2018, "cat": -3, "wind": 35 }, "geometry": { "type": "LineString", "coordinates": [ [ -66.2, 16.8 ], [ -67.1, 17.1 ] ] } },
{ "type": "Feature", "properties": { "sid": "2018186N10325", "name": "Beryl", "season": 2018, "cat": -3, "wind": 35 }, "geometry": { "type": "LineString", "coordinates": [ [ -67.1, 17.1 ], [ -68.0, 17.3 ] ] } },
{ "type": "Feature", "properties": { "sid": "2018186N10325", "name": "Beryl", "season": 2018, "cat": -3, "wind": 35 }, "geometry": { "type": "LineString", "coordinates": [ [ -68.0, 17.3 ], [ -68.9, 17.6 ] ] } },
{ "type": "Feature", "properties": { "sid": "2018186N10325", "name": "Beryl", "season": 2018, "cat": -3, "wind": 35 }, "geometry": { "type": "LineString", "coordinates": [ [ -68.9, 17.6 ], [ -69.8, 17.8 ] ] } },
{ "type": "Feature", "properties": { "sid": "2018186N10325", "name": "Beryl", "season": 2018, "cat": -3, "wind": 33 }, "geometry": { "type": "LineString", "coordinates": [ [ -69.8, 17.8 ], [ -70.5, 18.1 ] ] } },
{ "type": "Feature", "properties": { "sid": "2018186N10325", "name": "Beryl", "season": 2018, "cat": -3, "wind": 30 }, "geometry": { "type": "LineString", "coordinates": [ [ -70.5, 18.1 ], [ -71.1, 18.7 ] ] } },
{ "type": "Feature", "properties": { "sid": "2018186N10325", "name": "Beryl", "season": 2018, "cat": -3, "wind": 30 }, "geometry": { "type": "LineString", "coordinates": [ [ -71.1, 18.7 ], [ -71.6, 19.3 ] ] } },
{ "type": "Feature", "properties": { "sid": "2018186N10325", "name": "Beryl", "season": 2018, "cat": -3, "wind": 30 }, "geometry": { "type": "LineString", "coordinates": [ [ -71.6, 19.3 ], [ -72.0, 19.8 ] ] } },
{ "type": "Feature", "properties": { "sid": "2018186N10325", "name": "Beryl", "season": 2018, "cat": -3, "wind": 30 }, "geometry": { "type": "LineString", "coordinates": [ [ -72.0, 19.8 ], [ -72.4, 20.2 ] ] } },
{ "type": "Feature", "properties": { "sid": "2018186N10325", "name": "Beryl", "season": 2018, "cat": -3, "wind": 30 }, "geometry": { "type": "LineString", "coordinates": [ [ -72.4, 20.2 ], [ -72.7, 20.7 ] ] } },
{ "type": "Feature", "properties": { "sid": "2018186N10325", "name": "Beryl", "season": 2018, "cat": -3, "wind": 28 }, "geometry": { "type": "LineString", "coordinates": [ [ -72.7, 20.7 ], [ -73.0, 21.3 ] ] } },
{ "type": "Feature", "properties": { "sid": "2018186N10325", "name": "Beryl", "season": 2018, "cat": -3, "wind": 25 }, "geometry": { "type": "LineString", "coordinates": [ [ -73.0, 21.3 ], [ -73.3, 21.8 ] ] } },
{ "type": "Feature", "properties": { "sid": "2018186N10325", "name": "Beryl", "season": 2018, "cat": -3, "wind": 25 }, "geometry": { "type": "LineString", "coordinates": [ [ -73.3, 21.8 ], [ -73.6, 22.4 ] ] } },
{ "type": "Feature", "properties": { "sid": "2018186N10325", "name": "Beryl", "season": 2018, "cat": -3, "wind": 25 }, "geometry": { "type": "LineString", "coordinates": [ [ -73.6, 22.4 ], [ -73.7, 23.0 ] ] } },
{ "type": "Feature", "properties": { "sid": "2018251N13325", "name": "Isaac", "season": 2018, "cat": 0, "wind": 43 }, "geometry": { "type": "LineString", "coordinates": [ [ -58.0, 15.2 ], [ -58.9, 15.1 ] ] } },
{ "type": "Feature", "properties": { "sid": "2018251N13325", "name": "Isaac", "season": 2018, "cat": 0, "wind": 40 }, "geometry": { "type": "LineString", "coordinates": [ [ -58.9, 15.1 ], [ -59.8, 15.0 ] ] } },
{ "type": "Feature", "properties": { "sid": "2018251N13325", "name": "Isaac", "season": 2018, "cat": 0, "wind": 40 }, "geometry": { "type": "LineString", "coordinates": [ [ -59.8, 15.0 ], [ -60.7, 14.9 ] ] } },
{ "type": "Feature", "properties": { "sid": "2018251N13325", "name": "Isaac", "season": 2018, "cat": 0, "wind": 40 }, "geometry": { "type": "LineString", "coordinates": [ [ -60.7, 14.9 ], [ -61.5, 14.9 ] ] } },
{ "type": "Feature", "properties": { "sid": "2018251N13325", "name": "Isaac", "season": 2018, "cat": 0, "wind": 38 }, "geometry": { "type": "LineString", "coordinates": [ [ -61.5, 14.9 ], [ -62.3, 14.9 ] ] } },
{ "type": "Feature", "properties": { "sid": "2018251N13325", "name": "Isaac", "season": 2018, "cat": 0, "wind": 35 }, "geometry": { "type": "LineString", "coordinates": [ [ -62.3, 14.9 ], [ -63.0, 14.9 ] ] } },
{ "type": "Feature", "properties": { "sid": "2018251N13325", "name": "Isaac", "season": 2018, "cat": 0, "wind": 35 }, "geometry": { "type": "LineString", "coordinates": [ [ -63.0, 14.9 ], [ -63.6, 14.9 ] ] } },
{ "type": "Feature", "properties": { "sid": "2018251N13325", "name": "Isaac", "season": 2018, "cat": 0, "wind": 35 }, "geometry": { "type": "LineString", "coordinates": [ [ -63.6, 14.9 ], [ -64.2, 14.9 ] ] } },
{ "type": "Feature", "properties": { "sid": "2018251N13325", "name": "Isaac", "season": 2018, "cat": 0, "wind": 35 }, "geometry": { "type": "LineString", "coordinates": [ [ -64.2, 14.9 ], [ -64.8, 15.0 ] ] } },
{ "type": "Feature", "properties": { "sid": "2018251N13325", "name": "Isaac", "season": 2018, "cat": 0, "wind": 35 }, "geometry": { "type": "LineString", "coordinates": [ [ -64.8, 15.0 ], [ -65.5, 15.1 ] ] } },
{ "type": "Feature", "properties": { "sid": "2018251N13325", "name": "Isaac", "season": 2018, "cat": 0, "wind": 35 }, "geometry": { "type": "LineString", "coordinates": [ [ -65.5, 15.1 ], [ -66.2, 15.2 ] ] } },
{ "type": "Feature", "properties": { "sid": "2018251N13325", "name": "Isaac", "season": 2018, "cat": 0, "wind": 35 }, "geometry": { "type": "LineString", "coordinates": [ [ -66.2, 15.2 ], [ -66.9, 15.3 ] ] } },
{ "type": "Feature", "properties": { "sid": "2018251N13325", "name": "Isaac", "season": 2018, "cat": 0, "wind": 35 }, "geometry": { "type": "LineString", "coordinates": [ [ -66.9, 15.3 ], [ -67.6, 15.3 ] ] } },
{ "type": "Feature", "properties": { "sid": "2018251N13325", "name": "Isaac", "season": 2018, "cat": 0, "wind": 35 }, "geometry": { "type": "LineString", "coordinates": [ [ -67.6, 15.3 ], [ -68.3, 15.3 ] ] } },
{ "type": "Feature", "properties": { "sid": "2018251N13325", "name": "Isaac", "season": 2018, "cat": -1, "wind": 33 }, "geometry": { "type": "LineString", "coordinates": [ [ -68.3, 15.3 ], [ -69.0, 15.4 ] ] } },
{ "type": "Feature", "properties": { "sid": "2018265N08338", "name": "Kirk", "season": 2018, "cat": 0, "wind": 50 }, "geometry": { "type": "LineString", "coordinates": [ [ -58.7, 13.6 ], [ -59.2, 13.8 ] ] } },
{ "type": "Feature", "properties": { "sid": "2018265N08338", "name": "Kirk", "season": 2018, "cat": 0, "wind": 50 }, "geometry": { "type": "LineString", "coordinates": [ [ -59.2, 13.8 ], [ -59.8, 14.0 ] ] } },
{ "type": "Feature", "properties": { "sid": "2018265N08338", "name": "Kirk", "season": 2018, "cat": 0, "wind": 50 }, "geometry": { "type": "LineString", "coordinates": [ [ -59.8, 14.0 ], [ -60.3, 13.9 ] ] } },
{ "type": "Feature", "properties": { "sid": "2018265N08338", "name": "Kirk", "season": 2018, "cat": 0, "wind": 48 }, "geometry": { "type": "LineString", "coordinates": [ [ -60.3, 13.9 ], [ -60.8, 13.8 ] ] } },
{ "type": "Feature", "properties": { "sid": "2018265N08338", "name": "Kirk", "season": 2018, "cat": 0, "wind": 45 }, "geometry": { "type": "LineString", "coordinates": [ [ -60.8, 13.8 ], [ -60.9, 13.8 ] ] } },
{ "type": "Feature", "properties": { "sid": "2018265N08338", "name": "Kirk", "season": 2018, "cat": 0, "wind": 45 }, "geometry": { "type": "LineString", "coordinates": [ [ -60.9, 13.8 ], [ -61.4, 13.6 ] ] } },
{ "type": "Feature", "properties": { "sid": "2018265N08338", "name": "Kirk", "season": 2018, "cat": 0, "wind": 45 }, "geometry": { "type": "LineString", "coordinates": [ [ -61.4, 13.6 ], [ -61.9, 13.3 ] ] } },
{ "type": "Feature", "properties": { "sid": "2018265N08338", "name": "Kirk", "season": 2018, "cat": 0, "wind": 45 }, "geometry": { "type": "LineString", "coordinates": [ [ -61.9, 13.3 ], [ -62.5, 13.3 ] ] } },
{ "type": "Feature", "properties": { "sid": "2018265N08338", "name": "Kirk", "season": 2018, "cat": 0, "wind": 43 }, "geometry": { "type": "LineString", "coordinates": [ [ -62.5, 13.3 ], [ -63.1, 13.6 ] ] } },
{ "type": "Feature", "properties": { "sid": "2018265N08338", "name": "Kirk", "season": 2018, "cat": 0, "wind": 40 }, "geometry": { "type": "LineString", "coordinates": [ [ -63.1, 13.6 ], [ -63.7, 14.0 ] ] } },
{ "type": "Feature", "properties": { "sid": "2018265N08338", "name": "Kirk", "season": 2018, "cat": 0, "wind": 38 }, "geometry": { "type": "LineString", "coordinates": [ [ -63.7, 14.0 ], [ -64.2, 14.4 ] ] } },
{ "type": "Feature", "properties": { "sid": "2019236N10314", "name": "Dorian", "season": 2019, "cat": 0, "wind": 45 }, "geometry": { "type": "LineString", "coordinates": [ [ -59.4, 13.1 ], [ -59.6, 13.2 ] ] } },
{ "type": "Feature", "properties": { "sid": "2019236N10314", "name": "Dorian", "season": 2019, "cat": 0, "wind": 45 }, "geometry": { "type": "LineString", "coordinates": [ [ -59.6, 13.2 ], [ -60.2, 13.5 ] ] } },
{ "type": "Feature", "properties": { "sid": "2019236N10314", "name": "Dorian", "season": 2019, "cat": 0, "wind": 45 }, "geometry": { "type": "LineString", "coordinates": [ [ -60.2, 13.5 ], [ -60.5, 13.7 ] ] } },
{ "type": "Feature", "properties": { "sid": "2019236N10314", "name": "Dorian", "season": 2019, "cat": 0, "wind": 45 }, "geometry": { "type": "LineString", "coordinates": [ [ -60.5, 13.7 ], [ -60.9, 14.0 ] ] } },
{ "type": "Feature", "properties": { "sid": "2019236N10314", "name": "Dorian", "season": 2019, "cat": 0, "wind": 45 }, "geometry": { "type": "LineString", "coordinates": [ [ -60.9, 14.0 ], [ -61.2, 14.2 ] ] } },
{ "type": "Feature", "properties": { "sid": "2019236N10314", "name": "Dorian", "season": 2019, "cat": 0, "wind": 45 }, "geometry": { "type": "LineString", "coordinates": [ [ -61.2, 14.2 ], [ -61.7, 14.7 ] ] } },
{ "type": "Feature", "properties": { "sid": "2019236N10314", "name": "Dorian", "season": 2019, "cat": 0, "wind": 45 }, "geometry": { "type": "LineString", "coordinates": [ [ -61.7, 14.7 ], [ -62.0, 15.0 ] ] } },
{ "type": "Feature", "properties": { "sid": "2019236N10314", "name": "Dorian", "season": 2019, "cat": 0, "wind": 45 }, "geometry": { "type": "LineString", "coordinates": [ [ -62.0, 15.0 ], [ -62.4, 15.4 ] ] } },
{ "type": "Feature", "properties": { "sid": "2019236N10314", "name": "Dorian", "season": 2019, "cat": 0, "wind": 48 }, "geometry": { "type": "LineString", "coordinates": [ [ -62.4, 15.4 ], [ -62.8, 15.7 ] ] } },
{ "type": "Feature", "properties": { "sid": "2019236N10314", "name": "Dorian", "season": 2019, "cat": 0, "wind": 50 }, "geometry": { "type": "LineString", "coordinates": [ [ -62.8, 15.7 ], [ -63.2, 16.0 ] ] } },
{ "type": "Feature", "properties": { "sid": "2019236N10314", "name": "Dorian", "season": 2019, "cat": 0, "wind": 53 }, "geometry": { "type": "LineString", "coordinates": [ [ -63.2, 16.0 ], [ -63.5, 16.4 ] ] } },
{ "type": "Feature", "properties": { "sid": "2019236N10314", "name": "Dorian", "season": 2019, "cat": 0, "wind": 55 }, "geometry": { "type": "LineString", "coordinates": [ [ -63.5, 16.4 ], [ -63.9, 16.8 ] ] } },
{ "type": "Feature", "properties": { "sid": "2019236N10314", "name": "Dorian", "season": 2019, "cat": 0, "wind": 58 }, "geometry": { "type": "LineString", "coordinates": [ [ -63.9, 16.8 ], [ -64.2, 17.3 ] ] } },
{ "type": "Feature", "properties": { "sid": "2019236N10314", "name": "Dorian", "season": 2019, "cat": 0, "wind": 60 }, "geometry": { "type": "LineString", "coordinates": [ [ -64.2, 17.3 ], [ -64.5, 17.7 ] ] } },
{ "type": "Feature", "properties": { "sid": "2019236N10314", "name": "Dorian", "season": 2019, "cat": 1, "wind": 64 }, "geometry": { "type": "LineString", "coordinates": [ [ -64.5, 17.7 ], [ -64.6, 17.8 ] ] } },
{ "type": "Feature", "properties": { "sid": "2019236N10314", "name": "Dorian", "season": 2019, "cat": 1, "wind": 65 }, "geometry": { "type": "LineString", "coordinates": [ [ -64.6, 17.8 ], [ -65.1, 18.4 ] ] } },
{ "type": "Feature", "properties": { "sid": "2019236N10314", "name": "Dorian", "season": 2019, "cat": 1, "wind": 70 }, "geometry": { "type": "LineString", "coordinates": [ [ -65.1, 18.4 ], [ -65.5, 18.9 ] ] } },
{ "type": "Feature", "properties": { "sid": "2019236N10314", "name": "Dorian", "season": 2019, "cat": 1, "wind": 73 }, "geometry": { "type": "LineString", "coordinates": [ [ -65.5, 18.9 ], [ -65.7, 19.2 ] ] } },
{ "type": "Feature", "properties": { "sid": "2019236N10314", "name": "Dorian", "season": 2019, "cat": 1, "wind": 75 }, "geometry": { "type": "LineString", "coordinates": [ [ -65.7, 19.2 ], [ -66.0, 19.6 ] ] } },
{ "type": "Feature", "properties": { "sid": "2019236N10314", "name": "Dorian", "season": 2019, "cat": 1, "wind": 75 }, "geometry": { "type": "LineString", "coordinates": [ [ -66.0, 19.6 ], [ -66.3, 20.0 ] ] } },
{ "type": "Feature", "properties": { "sid": "2019236N10314", "name": "Dorian", "season": 2019, "cat": 1, "wind": 75 }, "geometry": { "type": "LineString", "coordinates": [ [ -66.3, 20.0 ], [ -66.6, 20.5 ] ] } },
{ "type": "Feature", "properties": { "sid": "2019236N10314", "name": "Dorian", "season": 2019, "cat": 1, "wind": 75 }, "geometry": { "type": "LineString", "coordinates": [ [ -66.6, 20.5 ], [ -66.9, 21.0 ] ] } },
{ "type": "Feature", "properties": { "sid": "2019236N10314", "name": "Dorian", "season": 2019, "cat": 1, "wind": 75 }, "geometry": { "type": "LineString", "coordinates": [ [ -66.9, 21.0 ], [ -67.2, 21.5 ] ] } },
{ "type": "Feature", "properties": { "sid": "2019236N10314", "name": "Dorian", "season": 2019, "cat": 1, "wind": 75 }, "geometry": { "type": "LineString", "coordinates": [ [ -67.2, 21.5 ], [ -67.4, 22.0 ] ] } },
{ "type": "Feature", "properties": { "sid": "2019236N10314", "name": "Dorian", "season": 2019, "cat": 1, "wind": 75 }, "geometry": { "type": "LineString", "coordinates": [ [ -67.4, 22.0 ], [ -67.7, 22.4 ] ] } },
{ "type": "Feature", "properties": { "sid": "2019236N10314", "name": "Dorian", "season": 2019, "cat": 1, "wind": 78 }, "geometry": { "type": "LineString", "coordinates": [ [ -67.7, 22.4 ], [ -68.0, 22.8 ] ] } },
{ "type": "Feature", "properties": { "sid": "2019236N10314", "name": "Dorian", "season": 2019, "cat": 1, "wind": 80 }, "geometry": { "type": "LineString", "coordinates": [ [ -68.0, 22.8 ], [ -68.4, 23.2 ] ] } },
{ "type": "Feature", "properties": { "sid": "2019236N10314", "name": "Dorian", "season": 2019, "cat": 2, "wind": 85 }, "geometry": { "type": "LineString", "coordinates": [ [ -68.4, 23.2 ], [ -68.8, 23.5 ] ] } },
{ "type": "Feature", "properties": { "sid": "2019236N10314", "name": "Dorian", "season": 2019, "cat": 2, "wind": 90 }, "geometry": { "type": "LineString", "coordinates": [ [ -68.8, 23.5 ], [ -69.2, 23.9 ] ] } },
{ "type": "Feature", "properties": { "sid": "2019236N10314", "name": "Dorian", "season": 2019, "cat": 2, "wind": 93 }, "geometry": { "type": "LineString", "coordinates": [ [ -69.2, 23.9 ], [ -69.5, 24.3 ] ] } },
{ "type": "Feature", "properties": { "sid": "2019236N10314", "name": "Dorian", "season": 2019, "cat": 2, "wind": 95 }, "geometry": { "type": "LineString", "coordinates": [ [ -69.5, 24.3 ], [ -69.9, 24.6 ] ] } },
{ "type": "Feature", "properties": { "sid": "2019236N10314", "name": "Dorian", "season": 2019, "cat": 3, "wind": 98 }, "geometry": { "type": "LineString", "coordinates": [ [ -69.9, 24.6 ], [ -70.3, 24.8 ] ] } },
{ "type": "Feature", "properties": { "sid": "2019236N10314", "name": "Dorian", "season": 2019, "cat": 3, "wind": 100 }, "geometry": { "type": "LineString", "coordinates": [ [ -70.3, 24.8 ], [ -70.7, 25.1 ] ] } },
{ "type": "Feature", "properties": { "sid": "2019260N13317", "name": "Jerry", "season": 2019, "cat": 2, "wind": 88 }, "geometry": { "type": "LineString", "coordinates": [ [ -57.3, 17.9 ], [ -58.1, 18.1 ] ] } },
{ "type": "Feature", "properties": { "sid": "2019260N13317", "name": "Jerry", "season": 2019, "cat": 2, "wind": 85 }, "geometry": { "type": "LineString", "coordinates": [ [ -58.1, 18.1 ], [ -58.9, 18.3 ] ] } },
{ "type": "Feature", "properties": { "sid": "2019260N13317", "name": "Jerry", "season": 2019, "cat": 1, "wind": 80 }, "geometry": { "type": "LineString", "coordinates": [ [ -58.9, 18.3 ], [ -59.7, 18.5 ] ] } },
{ "type": "Feature", "properties": { "sid": "2019260N13317", "name": "Jerry", "season": 2019, "cat": 1, "wind": 75 }, "geometry": { "type": "LineString", "coordinates": [ [ -59.7, 18.5 ], [ -60.5, 18.8 ] ] } },
{ "type": "Feature", "properties": { "sid": "2019260N13317", "name": "Jerry", "season": 2019, "cat": 1, "wind": 70 }, "geometry": { "type": "LineString", "coordinates": [ [ -60.5, 18.8 ], [ -61.2, 19.2 ] ] } },
{ "type": "Feature", "properties": { "sid": "2019260N13317", "name": "Jerry", "season": 2019, "cat": 1, "wind": 65 }, "geometry": { "type": "LineString", "coordinates": [ [ -61.2, 19.2 ], [ -61.8, 19.6 ] ] } },
{ "type": "Feature", "properties": { "sid": "2019260N13317", "name": "Jerry", "season": 2019, "cat": 0, "wind": 63 }, "geometry": { "type": "LineString", "coordinates": [ [ -61.8, 19.6 ], [ -62.4, 20.1 ] ] } },
{ "type": "Feature", "properties": { "sid": "2019260N13317", "name": "Jerry", "season": 2019, "cat": 0, "wind": 60 }, "geometry": { "type": "LineString", "coordinates": [ [ -62.4, 20.1 ], [ -63.0, 20.6 ] ] } },
{ "type": "Feature", "properties": { "sid": "2019260N13317", "name": "Jerry", "season": 2019, "cat": 0, "wind": 58 }, "geometry": { "type": "LineString", "coordinates": [ [ -63.0, 20.6 ], [ -63.5, 21.0 ] ] } },
{ "type": "Feature", "properties": { "sid": "2019260N13317", "name": "Jerry", "season": 2019, "cat": 0, "wind": 55 }, "geometry": { "type": "LineString", "coordinates": [ [ -63.5, 21.0 ], [ -64.0, 21.4 ] ] } },
{ "type": "Feature", "properties": { "sid": "2019260N13317", "name": "Jerry", "season": 2019, "cat": 0, "wind": 55 }, "geometry": { "type": "LineString", "coordinates": [ [ -64.0, 21.4 ], [ -64.5, 21.7 ] ] } },
{ "type": "Feature", "properties": { "sid": "2019260N13317", "name": "Jerry", "season": 2019, "cat": 0, "wind": 55 }, "geometry": { "type": "LineString", "coordinates": [ [ -64.5, 21.7 ], [ -65.0, 22.1 ] ] } },
{ "type": "Feature", "properties": { "sid": "2019260N13317", "name": "Jerry", "season": 2019, "cat": 0, "wind": 55 }, "geometry": { "type": "LineString", "coordinates": [ [ -65.0, 22.1 ], [ -65.5, 22.5 ] ] } },
{ "type": "Feature", "properties": { "sid": "2019260N13317", "name": "Jerry", "season": 2019, "cat": 0, "wind": 55 }, "geometry": { "type": "LineString", "coordinates": [ [ -65.5, 22.5 ], [ -65.8, 23.0 ] ] } },
{ "type": "Feature", "properties": { "sid": "2019260N13317", "name": "Jerry", "season": 2019, "cat": 0, "wind": 55 }, "geometry": { "type": "LineString", "coordinates": [ [ -65.8, 23.0 ], [ -66.1, 23.6 ] ] } },
{ "type": "Feature", "properties": { "sid": "2019260N13317", "name": "Jerry", "season": 2019, "cat": 0, "wind": 55 }, "geometry": { "type": "LineString", "coordinates": [ [ -66.1, 23.6 ], [ -66.3, 24.1 ] ] } },
{ "type": "Feature", "properties": { "sid": "2019260N13317", "name": "Jerry", "season": 2019, "cat": 0, "wind": 55 }, "geometry": { "type": "LineString", "coordinates": [ [ -66.3, 24.1 ], [ -66.5, 24.5 ] ] } },
{ "type": "Feature", "properties": { "sid": "2019260N13317", "name": "Jerry", "season": 2019, "cat": 0, "wind": 55 }, "geometry": { "type": "LineString", "coordinates": [ [ -66.5, 24.5 ], [ -66.6, 24.9 ] ] } },
{ "type": "Feature", "properties": { "sid": "2019260N13317", "name": "Jerry", "season": 2019, "cat": 0, "wind": 55 }, "geometry": { "type": "LineString", "coordinates": [ [ -66.6, 24.9 ], [ -66.6, 25.4 ] ] } },
{ "type": "Feature", "properties": { "sid": "2019260N13317", "name": "Jerry", "season": 2019, "cat": 0, "wind": 55 }, "geometry": { "type": "LineString", "coordinates": [ [ -66.6, 25.4 ], [ -66.7, 25.9 ] ] } },
{ "type": "Feature", "properties": { "sid": "2019265N12301", "name": "Karen", "season": 2019, "cat": 0, "wind": 35 }, "geometry": { "type": "LineString", "coordinates": [ [ -60.5, 11.9 ], [ -61.1, 12.1 ] ] } },
{ "type": "Feature", "properties": { "sid": "2019265N12301", "name": "Karen", "season": 2019, "cat": 0, "wind": 35 }, "geometry": { "type": "LineString", "coordinates": [ [ -61.1, 12.1 ], [ -61.7, 12.3 ] ] } },
{ "type": "Feature", "properties": { "sid": "2019265N12301", "name": "Karen", "season": 2019, "cat": 0, "wind": 35 }, "geometry": { "type": "LineString", "coordinates": [ [ -61.7, 12.3 ], [ -62.2, 12.5 ] ] } },
{ "type": "Feature", "properties": { "sid": "2019265N12301", "name": "Karen", "season": 2019, "cat": 0, "wind": 35 }, "geometry": { "type": "LineString", "coordinates": [ [ -62.2, 12.5 ], [ -62.7, 12.7 ] ] } },
{ "type": "Feature", "properties": { "sid": "2019265N12301", "name": "Karen", "season": 2019, "cat": 0, "wind": 35 }, "geometry": { "type": "LineString", "coordinates": [ [ -62.7, 12.7 ], [ -63.2, 13.0 ] ] } },
{ "type": "Feature", "properties": { "sid": "2019265N12301", "name": "Karen", "season": 2019, "cat": 0, "wind": 35 }, "geometry": { "type": "LineString", "coordinates": [ [ -63.2, 13.0 ], [ -63.7, 13.3 ] ] } },
{ "type": "Feature", "properties": { "sid": "2019265N12301", "name": "Karen", "season": 2019, "cat": -1, "wind": 33 }, "geometry": { "type": "LineString", "coordinates": [ [ -63.7, 13.3 ], [ -64.1, 13.7 ] ] } },
{ "type": "Feature", "properties": { "sid": "2019265N12301", "name": "Karen", "season": 2019, "cat": -1, "wind": 30 }, "geometry": { "type": "LineString", "coordinates": [ [ -64.1, 13.7 ], [ -64.5, 14.0 ] ] } },
{ "type": "Feature", "properties": { "sid": "2019265N12301", "name": "Karen", "season": 2019, "cat": -1, "wind": 30 }, "geometry": { "type": "LineString", "coordinates": [ [ -64.5, 14.0 ], [ -64.8, 14.4 ] ] } },
{ "type": "Feature", "properties": { "sid": "2019265N12301", "name": "Karen", "season": 2019, "cat": -1, "wind": 30 }, "geometry": { "type": "LineString", "coordinates": [ [ -64.8, 14.4 ], [ -65.1, 14.8 ] ] } },
{ "type": "Feature", "properties": { "sid": "2019265N12301", "name": "Karen", "season": 2019, "cat": -1, "wind": 30 }, "geometry": { "type": "LineString", "coordinates": [ [ -65.1, 14.8 ], [ -65.4, 15.1 ] ] } },
{ "type": "Feature", "properties": { "sid": "2019265N12301", "name": "Karen", "season": 2019, "cat": -1, "wind": 30 }, "geometry": { "type": "LineString", "coordinates": [ [ -65.4, 15.1 ], [ -65.6, 15.4 ] ] } },
{ "type": "Feature", "properties": { "sid": "2019265N12301", "name": "Karen", "season": 2019, "cat": -1, "wind": 30 }, "geometry": { "type": "LineString", "coordinates": [ [ -65.6, 15.4 ], [ -65.7, 15.7 ] ] } },
{ "type": "Feature", "properties": { "sid": "2019265N12301", "name": "Karen", "season": 2019, "cat": -1, "wind": 30 }, "geometry": { "type": "LineString", "coordinates": [ [ -65.7, 15.7 ], [ -65.8, 16.0 ] ] } },
{ "type": "Feature", "properties": { "sid": "2019265N12301", "name": "Karen", "season": 2019, "cat": -1, "wind": 33 }, "geometry": { "type": "LineString", "coordinates": [ [ -65.8, 16.0 ], [ -65.8, 16.4 ] ] } },
{ "type": "Feature", "properties": { "sid": "2019265N12301", "name": "Karen", "season": 2019, "cat": 0, "wind": 35 }, "geometry": { "type": "LineString", "coordinates": [ [ -65.8, 16.4 ], [ -65.8, 16.7 ] ] } },
{ "type": "Feature", "properties": { "sid": "2019265N12301", "name": "Karen", "season": 2019, "cat": 0, "wind": 35 }, "geometry": { "type": "LineString", "coordinates": [ [ -65.8, 16.7 ], [ -65.8, 17.0 ] ] } },
{ "type": "Feature", "properties": { "sid": "2019265N12301", "name": "Karen", "season": 2019, "cat": 0, "wind": 35 }, "geometry": { "type": "LineString", "coordinates": [ [ -65.8, 17.0 ], [ -65.7, 17.4 ] ] } },
{ "type": "Feature", "properties": { "sid": "2019265N12301", "name": "Karen", "season": 2019, "cat": 0, "wind": 38 }, "geometry": { "type": "LineString", "coordinates": [ [ -65.7, 17.4 ], [ -65.6, 17.7 ] ] } },
{ "type": "Feature", "properties": { "sid": "2019265N12301", "name": "Karen", "season": 2019, "cat": 0, "wind": 40 }, "geometry": { "type": "LineString", "coordinates": [ [ -65.6, 17.7 ], [ -65.5, 18.0 ] ] } },
{ "type": "Feature", "properties": { "sid": "2019265N12301", "name": "Karen", "season": 2019, "cat": 0, "wind": 40 }, "geometry": { "type": "LineString", "coordinates": [ [ -65.5, 18.0 ], [ -65.4, 18.1 ] ] } },
{ "type": "Feature", "properties": { "sid": "2019265N12301", "name": "Karen", "season": 2019, "cat": 0, "wind": 40 }, "geometry": { "type": "LineString", "coordinates": [ [ -65.4, 18.1 ], [ -65.3, 18.3 ] ] } },
{ "type": "Feature", "properties": { "sid": "2019265N12301", "name": "Karen", "season": 2019, "cat": 0, "wind": 40 }, "geometry": { "type": "LineString", "coordinates": [ [ -65.3, 18.3 ], [ -65.2, 18.5 ] ] } },
{ "type": "Feature", "properties": { "sid": "2019265N12301", "name": "Karen", "season": 2019, "cat": 0, "wind": 40 }, "geometry": { "type": "LineString", "coordinates": [ [ -65.2, 18.5 ], [ -65.0, 19.1 ] ] } },
{ "type": "Feature", "properties": { "sid": "2019265N12301", "name": "Karen", "season": 2019, "cat": 0, "wind": 40 }, "geometry": { "type": "LineString", "coordinates": [ [ -65.0, 19.1 ], [ -65.0, 19.7 ] ] } },
{ "type": "Feature", "properties": { "sid": "2019265N12301", "name": "Karen", "season": 2019, "cat": 0, "wind": 40 }, "geometry": { "type": "LineString", "coordinates": [ [ -65.0, 19.7 ], [ -64.9, 20.3 ] ] } },
{ "type": "Feature", "properties": { "sid": "2019265N12301", "name": "Karen", "season": 2019, "cat": 0, "wind": 38 }, "geometry": { "type": "LineString", "coordinates": [ [ -64.9, 20.3 ], [ -64.8, 21.0 ] ] } },
{ "type": "Feature", "properties": { "sid": "2019265N12301", "name": "Karen", "season": 2019, "cat": 0, "wind": 35 }, "geometry": { "type": "LineString", "coordinates": [ [ -64.8, 21.0 ], [ -64.7, 21.7 ] ] } },
{ "type": "Feature", "properties": { "sid": "2019265N12301", "name": "Karen", "season": 2019, "cat": 0, "wind": 35 }, "geometry": { "type": "LineString", "coordinates": [ [ -64.7, 21.7 ], [ -64.5, 22.3 ] ] } },
{ "type": "Feature", "properties": { "sid": "2019265N12301", "name": "Karen", "season": 2019, "cat": 0, "wind": 35 }, "geometry": { "type": "LineString", "coordinates": [ [ -64.5, 22.3 ], [ -64.3, 23.0 ] ] } },
{ "type": "Feature", "properties": { "sid": "2019265N12301", "name": "Karen", "season": 2019, "cat": 0, "wind": 35 }, "geometry": { "type": "LineString", "coordinates": [ [ -64.3, 23.0 ], [ -64.2, 23.6 ] ] } },
{ "type": "Feature", "properties": { "sid": "2019265N12301", "name": "Karen", "season": 2019, "cat": 0, "wind": 35 }, "geometry": { "type": "LineString", "coordinates": [ [ -64.2, 23.6 ], [ -64.1, 24.2 ] ] } },
{ "type": "Feature", "properties": { "sid": "2019265N12301", "name": "Karen", "season": 2019, "cat": 0, "wind": 35 }, "geometry": { "type": "LineString", "coordinates": [ [ -64.1, 24.2 ], [ -64.0, 24.8 ] ] } },
{ "type": "Feature", "properties": { "sid": "2019265N12301", "name": "Karen", "season": 2019, "cat": 0, "wind": 35 }, "geometry": { "type": "LineString", "coordinates": [ [ -64.0, 24.8 ], [ -63.9, 25.4 ] ] } },
{ "type": "Feature", "properties": { "sid": "2019265N12301", "name": "Karen", "season": 2019, "cat": 0, "wind": 38 }, "geometry": { "type": "LineString", "coordinates": [ [ -63.9, 25.4 ], [ -63.7, 25.9 ] ] } },
{ "type": "Feature", "properties": { "sid": "2019323N19302", "name": "Sebastien", "season": 2019, "cat": 0, "wind": 35 }, "geometry": { "type": "LineString", "coordinates": [ [ -58.1, 19.4 ], [ -58.3, 19.7 ] ] } },
{ "type": "Feature", "properties": { "sid": "2019323N19302", "name": "Sebastien", "season": 2019, "cat": 0, "wind": 38 }, "geometry": { "type": "LineString", "coordinates": [ [ -58.3, 19.7 ], [ -58.5, 19.9 ] ] } },
{ "type": "Feature", "properties": { "sid": "2019323N19302", "name": "Sebastien", "season": 2019, "cat": 0, "wind": 40 }, "geometry": { "type": "LineString", "coordinates": [ [ -58.5, 19.9 ], [ -58.9, 20.1 ] ] } },
{ "type": "Feature", "properties": { "sid": "2019323N19302", "name": "Sebastien", "season": 2019, "cat": 0, "wind": 40 }, "geometry": { "type": "LineString", "coordinates": [ [ -58.9, 20.1 ], [ -59.4, 20.3 ] ] } },
{ "type": "Feature", "properties": { "sid": "2019323N19302", "name": "Sebastien", "season": 2019, "cat": 0, "wind": 40 }, "geometry": { "type": "LineString", "coordinates": [ [ -59.4, 20.3 ], [ -59.9, 20.4 ] ] } },
{ "type": "Feature", "properties": { "sid": "2019323N19302", "name": "Sebastien", "season": 2019, "cat": 0, "wind": 40 }, "geometry": { "type": "LineString", "coordinates": [ [ -59.9, 20.4 ], [ -60.3, 20.4 ] ] } },
{ "type": "Feature", "properties": { "sid": "2019323N19302", "name": "Sebastien", "season": 2019, "cat": 0, "wind": 40 }, "geometry": { "type": "LineString", "coordinates": [ [ -60.3, 20.4 ], [ -60.7, 20.4 ] ] } },
{ "type": "Feature", "properties": { "sid": "2019323N19302", "name": "Sebastien", "season": 2019, "cat": 0, "wind": 43 }, "geometry": { "type": "LineString", "coordinates": [ [ -60.7, 20.4 ], [ -61.0, 20.5 ] ] } },
{ "type": "Feature", "properties": { "sid": "2019323N19302", "name": "Sebastien", "season": 2019, "cat": 0, "wind": 45 }, "geometry": { "type": "LineString", "coordinates": [ [ -61.0, 20.5 ], [ -61.4, 20.6 ] ] } },
{ "type": "Feature", "properties": { "sid": "2019323N19302", "name": "Sebastien", "season": 2019, "cat": 0, "wind": 45 }, "geometry": { "type": "LineString", "coordinates": [ [ -61.4, 20.6 ], [ -61.7, 20.8 ] ] } },
{ "type": "Feature", "properties": { "sid": "2019323N19302", "name": "Sebastien", "season": 2019, "cat": 0, "wind": 45 }, "geometry": { "type": "LineString", "coordinates": [ [ -61.7, 20.8 ], [ -61.8, 21.0 ] ] } },
{ "type": "Feature", "properties": { "sid": "2019323N19302", "name": "Sebastien", "season": 2019, "cat": 0, "wind": 45 }, "geometry": { "type": "LineString", "coordinates": [ [ -61.8, 21.0 ], [ -61.7, 21.3 ] ] } },
{ "type": "Feature", "properties": { "sid": "2019323N19302", "name": "Sebastien", "season": 2019, "cat": 0, "wind": 45 }, "geometry": { "type": "LineString", "coordinates": [ [ -61.7, 21.3 ], [ -61.7, 21.6 ] ] } },
{ "type": "Feature", "properties": { "sid": "2019323N19302", "name": "Sebastien", "season": 2019, "cat": 0, "wind": 48 }, "geometry": { "type": "LineString", "coordinates": [ [ -61.7, 21.6 ], [ -61.7, 21.9 ] ] } },
{ "type": "Feature", "properties": { "sid": "2019323N19302", "name": "Sebastien", "season": 2019, "cat": 0, "wind": 50 }, "geometry": { "type": "LineString", "coordinates": [ [ -61.7, 21.9 ], [ -61.6, 22.2 ] ] } },
{ "type": "Feature", "properties": { "sid": "2019323N19302", "name": "Sebastien", "season": 2019, "cat": 0, "wind": 50 }, "geometry": { "type": "LineString", "coordinates": [ [ -61.6, 22.2 ], [ -61.4, 22.4 ] ] } },
{ "type": "Feature", "properties": { "sid": "2019323N19302", "name": "Sebastien", "season": 2019, "cat": 0, "wind": 50 }, "geometry": { "type": "LineString", "coordinates": [ [ -61.4, 22.4 ], [ -61.2, 22.6 ] ] } },
{ "type": "Feature", "properties": { "sid": "2019323N19302", "name": "Sebastien", "season": 2019, "cat": 0, "wind": 50 }, "geometry": { "type": "LineString", "coordinates": [ [ -61.2, 22.6 ], [ -60.9, 22.9 ] ] } },
{ "type": "Feature", "properties": { "sid": "2019323N19302", "name": "Sebastien", "season": 2019, "cat": 0, "wind": 50 }, "geometry": { "type": "LineString", "coordinates": [ [ -60.9, 22.9 ], [ -60.6, 23.2 ] ] } },
{ "type": "Feature", "properties": { "sid": "2019323N19302", "name": "Sebastien", "season": 2019, "cat": 0, "wind": 50 }, "geometry": { "type": "LineString", "coordinates": [ [ -60.6, 23.2 ], [ -60.1, 23.5 ] ] } },
{ "type": "Feature", "properties": { "sid": "2019323N19302", "name": "Sebastien", "season": 2019, "cat": 0, "wind": 50 }, "geometry": { "type": "LineString", "coordinates": [ [ -60.1, 23.5 ], [ -59.5, 23.9 ] ] } },
{ "type": "Feature", "properties": { "sid": "2020211N13306", "name": "Isaias", "season": 2020, "cat": -3, "wind": 40 }, "geometry": { "type": "LineString", "coordinates": [ [ -58.3, 14.1 ], [ -59.3, 14.5 ] ] } },
{ "type": "Feature", "properties": { "sid": "2020211N13306", "name": "Isaias", "season": 2020, "cat": -3, "wind": 40 }, "geometry": { "type": "LineString", "coordinates": [ [ -59.3, 14.5 ], [ -60.3, 14.8 ] ] } },
{ "type": "Feature", "properties": { "sid": "2020211N13306", "name": "Isaias", "season": 2020, "cat": -3, "wind": 40 }, "geometry": { "type": "LineString", "coordinates": [ [ -60.3, 14.8 ], [ -61.3, 15.0 ] ] } },
{ "type": "Feature", "properties": { "sid": "2020211N13306", "name": "Isaias", "season": 2020, "cat": -3, "wind": 40 }, "geometry": { "type": "LineString", "coordinates": [ [ -61.3, 15.0 ], [ -62.2, 15.2 ] ] } },
{ "type": "Feature", "properties": { "sid": "2020211N13306", "name": "Isaias", "season": 2020, "cat": -3, "wind": 40 }, "geometry": { "type": "LineString", "coordinates": [ [ -62.2, 15.2 ], [ -63.1, 15.2 ] ] } },
{ "type": "Feature", "properties": { "sid": "2020211N13306", "name": "Isaias", "season": 2020, "cat": -3, "wind": 40 }, "geometry": { "type": "LineString", "coordinates": [ [ -63.1, 15.2 ], [ -64.0, 15.3 ] ] } },
{ "type": "Feature", "properties": { "sid": "2020211N13306", "name": "Isaias", "season": 2020, "cat": -3, "wind": 40 }, "geometry": { "type": "LineString", "coordinates": [ [ -64.0, 15.3 ], [ -64.9, 15.5 ] ] } },
{ "type": "Feature", "properties": { "sid": "2020211N13306", "name": "Isaias", "season": 2020, "cat": -3, "wind": 43 }, "geometry": { "type": "LineString", "coordinates": [ [ -64.9, 15.5 ], [ -65.7, 15.8 ] ] } },
{ "type": "Feature", "properties": { "sid": "2020211N13306", "name": "Isaias", "season": 2020, "cat": 0, "wind": 45 }, "geometry": { "type": "LineString", "coordinates": [ [ -65.7, 15.8 ], [ -66.5, 16.2 ] ] } },
{ "type": "Feature", "properties": { "sid": "2020211N13306", "name": "Isaias", "season": 2020, "cat": 0, "wind": 48 }, "geometry": { "type": "LineString", "coordinates": [ [ -66.5, 16.2 ], [ -67.2, 16.7 ] ] } },
{ "type": "Feature", "properties": { "sid": "2020211N13306", "name": "Isaias", "season": 2020, "cat": 0, "wind": 50 }, "geometry": { "type": "LineString", "coordinates": [ [ -67.2, 16.7 ], [ -67.9, 17.2 ] ] } },
{ "type": "Feature", "properties": { "sid": "2020211N13306", "name": "Isaias", "season": 2020, "cat": 0, "wind": 53 }, "geometry": { "type": "LineString", "coordinates": [ [ -67.9, 17.2 ], [ -68.5, 17.7 ] ] } },
{ "type": "Feature", "properties": { "sid": "2020211N13306", "name": "Isaias", "season": 2020, "cat": 0, "wind": 55 }, "geometry": { "type": "LineString", "coordinates": [ [ -68.5, 17.7 ], [ -69.0, 18.1 ] ] } },
{ "type": "Feature", "properties": { "sid": "2020211N13306", "name": "Isaias", "season": 2020, "cat": 0, "wind": 55 }, "geometry": { "type": "LineString", "coordinates": [ [ -69.0, 18.1 ], [ -69.3, 18.4 ] ] } },
{ "type": "Feature", "properties": { "sid": "2020211N13306", "name": "Isaias", "season": 2020, "cat": 0, "wind": 55 }, "geometry": { "type": "LineString", "coordinates": [ [ -69.3, 18.4 ], [ -69.8, 18.9 ] ] } },
{ "type": "Feature", "properties": { "sid": "2020211N13306", "name": "Isaias", "season": 2020, "cat": 0, "wind": 60 }, "geometry": { "type": "LineString", "coordinates": [ [ -69.8, 18.9 ], [ -70.5, 19.5 ] ] } },
{ "type": "Feature", "properties": { "sid": "2020211N13306", "name": "Isaias", "season": 2020, "cat": 0, "wind": 63 }, "geometry": { "type": "LineString", "coordinates": [ [ -70.5, 19.5 ], [ -71.2, 19.9 ] ] } },
{ "type": "Feature", "properties": { "sid": "2020211N13306", "name": "Isaias", "season": 2020, "cat": 1, "wind": 65 }, "geometry": { "type": "LineString", "coordinates": [ [ -71.2, 19.9 ], [ -72.0, 20.2 ] ] } },
{ "type": "Feature", "properties": { "sid": "2020211N13306", "name": "Isaias", "season": 2020, "cat": 1, "wind": 68 }, "geometry": { "type": "LineString", "coordinates": [ [ -72.0, 20.2 ], [ -72.7, 20.5 ] ] } },
{ "type": "Feature", "properties": { "sid": "2020211N13306", "name": "Isaias", "season": 2020, "cat": 1, "wind": 70 }, "geometry": { "type": "LineString", "coordinates": [ [ -72.7, 20.5 ], [ -73.4, 20.9 ] ] } },
{ "type": "Feature", "properties": { "sid": "2020211N13306", "name": "Isaias", "season": 2020, "cat": 1, "wind": 70 }, "geometry": { "type": "LineString", "coordinates": [ [ -73.4, 20.9 ], [ -74.0, 21.3 ] ] } },
{ "type": "Feature", "properties": { "sid": "2020211N13306", "name": "Isaias", "season": 2020, "cat": 1, "wind": 65 }, "geometry": { "type": "LineString", "coordinates": [ [ -74.0, 21.3 ], [ -74.6, 21.7 ] ] } },
{ "type": "Feature", "properties": { "sid": "2020224N11326", "name": "Josephine", "season": 2020, "cat": 0, "wind": 40 }, "geometry": { "type": "LineString", "coordinates": [ [ -57.6, 18.2 ], [ -58.3, 18.4 ] ] } },
{ "type": "Feature", "properties": { "sid": "2020224N11326", "name": "Josephine", "season": 2020, "cat": 0, "wind": 40 }, "geometry": { "type": "LineString", "coordinates": [ [ -58.3, 18.4 ], [ -59.0, 18.6 ] ] } },
{ "type": "Feature", "properties": { "sid": "2020224N11326", "name": "Josephine", "season": 2020, "cat": 0, "wind": 38 }, "geometry": { "type": "LineString", "coordinates": [ [ -59.0, 18.6 ], [ -59.7, 18.8 ] ] } },
{ "type": "Feature", "properties": { "sid": "2020224N11326", "name": "Josephine", "season": 2020, "cat": 0, "wind": 35 }, "geometry": { "type": "LineString", "coordinates": [ [ -59.7, 18.8 ], [ -60.3, 19.2 ] ] } },
{ "type": "Feature", "properties": { "sid": "2020224N11326", "name": "Josephine", "season": 2020, "cat": 0, "wind": 35 }, "geometry": { "type": "LineString", "coordinates": [ [ -60.3, 19.2 ], [ -60.9, 19.6 ] ] } },
{ "type": "Feature", "properties": { "sid": "2020224N11326", "name": "Josephine", "season": 2020, "cat": 0, "wind": 35 }, "geometry": { "type": "LineString", "coordinates": [ [ -60.9, 19.6 ], [ -61.5, 19.7 ] ] } },
{ "type": "Feature", "properties": { "sid": "2020224N11326", "name": "Josephine", "season": 2020, "cat": 0, "wind": 35 }, "geometry": { "type": "LineString", "coordinates": [ [ -61.5, 19.7 ], [ -62.1, 19.8 ] ] } },
{ "type": "Feature", "properties": { "sid": "2020224N11326", "name": "Josephine", "season": 2020, "cat": 0, "wind": 35 }, "geometry": { "type": "LineString", "coordinates": [ [ -62.1, 19.8 ], [ -62.8, 19.9 ] ] } },
{ "type": "Feature", "properties": { "sid": "2020224N11326", "name": "Josephine", "season": 2020, "cat": -1, "wind": 33 }, "geometry": { "type": "LineString", "coordinates": [ [ -62.8, 19.9 ], [ -63.4, 20.0 ] ] } },
{ "type": "Feature", "properties": { "sid": "2020224N11326", "name": "Josephine", "season": 2020, "cat": -1, "wind": 30 }, "geometry": { "type": "LineString", "coordinates": [ [ -63.4, 20.0 ], [ -64.0, 20.1 ] ] } },
{ "type": "Feature", "properties": { "sid": "2020224N11326", "name": "Josephine", "season": 2020, "cat": -1, "wind": 30 }, "geometry": { "type": "LineString", "coordinates": [ [ -64.0, 20.1 ], [ -64.5, 20.2 ] ] } },
{ "type": "Feature", "properties": { "sid": "2020233N14313", "name": "Laura", "season": 2020, "cat": -1, "wind": 30 }, "geometry": { "type": "LineString", "coordinates": [ [ -57.5, 16.9 ], [ -58.5, 16.9 ] ] } },
{ "type": "Feature", "properties": { "sid": "2020233N14313", "name": "Laura", "season": 2020, "cat": 0, "wind": 35 }, "geometry": { "type": "LineString", "coordinates": [ [ -58.5, 16.9 ], [ -59.4, 17.0 ] ] } },
{ "type": "Feature", "properties": { "sid": "2020233N14313", "name": "Laura", "season": 2020, "cat": 0, "wind": 40 }, "geometry": { "type": "LineString", "coordinates": [ [ -59.4, 17.0 ], [ -60.3, 17.1 ] ] } },
{ "type": "Feature", "properties": { "sid": "2020233N14313", "name": "Laura", "season": 2020, "cat": 0, "wind": 40 }, "geometry": { "type": "LineString", "coordinates": [ [ -60.3, 17.1 ], [ -61.1, 17.1 ] ] } },
{ "type": "Feature", "properties": { "sid": "2020233N14313", "name": "Laura", "season": 2020, "cat": 0, "wind": 40 }, "geometry": { "type": "LineString", "coordinates": [ [ -61.1, 17.1 ], [ -61.8, 17.1 ] ] } },
{ "type": "Feature", "properties": { "sid": "2020233N14313", "name": "Laura", "season": 2020, "cat": 0, "wind": 40 }, "geometry": { "type": "LineString", "coordinates": [ [ -61.8, 17.1 ], [ -61.9, 17.1 ] ] } },
{ "type": "Feature", "properties": { "sid": "2020233N14313", "name": "Laura", "season": 2020, "cat": 0, "wind": 40 }, "geometry": { "type": "LineString", "coordinates": [ [ -61.9, 17.1 ], [ -62.6, 17.1 ] ] } },
{ "type": "Feature", "properties": { "sid": "2020233N14313", "name": "Laura", "season": 2020, "cat": 0, "wind": 40 }, "geometry": { "type": "LineString", "coordinates": [ [ -62.6, 17.1 ], [ -62.8, 17.1 ] ] } },
{ "type": "Feature", "properties": { "sid": "2020233N14313", "name": "Laura", "season": 2020, "cat": 0, "wind": 40 }, "geometry": { "type": "LineString", "coordinates": [ [ -62.8, 17.1 ], [ -63.7, 17.2 ] ] } },
{ "type": "Feature", "properties": { "sid": "2020233N14313", "name": "Laura", "season": 2020, "cat": 0, "wind": 40 }, "geometry": { "type": "LineString", "coordinates": [ [ -63.7, 17.2 ], [ -64.4, 17.4 ] ] } },
{ "type": "Feature", "properties": { "sid": "2020233N14313", "name": "Laura", "season": 2020, "cat": 0, "wind": 40 }, "geometry": { "type": "LineString", "coordinates": [ [ -64.4, 17.4 ], [ -65.2, 17.6 ] ] } },
{ "type": "Feature", "properties": { "sid": "2020233N14313", "name": "Laura", "season": 2020, "cat": 0, "wind": 43 }, "geometry": { "type": "LineString", "coordinates": [ [ -65.2, 17.6 ], [ -65.9, 17.7 ] ] } },
{ "type": "Feature", "properties": { "sid": "2020233N14313", "name": "Laura", "season": 2020, "cat": 0, "wind": 45 }, "geometry": { "type": "LineString", "coordinates": [ [ -65.9, 17.7 ], [ -66.7, 17.8 ] ] } },
{ "type": "Feature", "properties": { "sid": "2020233N14313", "name": "Laura", "season": 2020, "cat": 0, "wind": 45 }, "geometry": { "type": "LineString", "coordinates": [ [ -66.7, 17.8 ], [ -67.4, 17.9 ] ] } },
{ "type": "Feature", "properties": { "sid": "2020233N14313", "name": "Laura", "season": 2020, "cat": 0, "wind": 45 }, "geometry": { "type": "LineString", "coordinates": [ [ -67.4, 17.9 ], [ -68.1, 18.0 ] ] } },
{ "type": "Feature", "properties": { "sid": "2020233N14313", "name": "Laura", "season": 2020, "cat": 0, "wind": 45 }, "geometry": { "type": "LineString", "coordinates": [ [ -68.1, 18.0 ], [ -68.8, 18.2 ] ] } },
{ "type": "Feature", "properties": { "sid": "2020233N14313", "name": "Laura", "season": 2020, "cat": 0, "wind": 45 }, "geometry": { "type": "LineString", "coordinates": [ [ -68.8, 18.2 ], [ -69.6, 18.3 ] ] } },
{ "type": "Feature", "properties": { "sid": "2020233N14313", "name": "Laura", "season": 2020, "cat": 0, "wind": 45 }, "geometry": { "type": "LineString", "coordinates": [ [ -69.6, 18.3 ], [ -70.0, 18.4 ] ] } },
{ "type": "Feature", "properties": { "sid": "2020233N14313", "name": "Laura", "season": 2020, "cat": 0, "wind": 45 }, "geometry": { "type": "LineString", "coordinates": [ [ -70.0, 18.4 ], [ -70.3, 18.5 ] ] } },
{ "type": "Feature", "properties": { "sid": "2020233N14313", "name": "Laura", "season": 2020, "cat": 0, "wind": 45 }, "geometry": { "type": "LineString", "coordinates": [ [ -70.3, 18.5 ], [ -71.2, 18.6 ] ] } },
{ "type": "Feature", "properties": { "sid": "2020233N14313", "name": "Laura", "season": 2020, "cat": 0, "wind": 45 }, "geometry": { "type": "LineString", "coordinates": [ [ -71.2, 18.6 ], [ -72.3, 18.8 ] ] } },
{ "type": "Feature", "properties": { "sid": "2020233N14313", "name": "Laura", "season": 2020, "cat": 0, "wind": 45 }, "geometry": { "type": "LineString", "coordinates": [ [ -72.3, 18.8 ], [ -73.3, 19.1 ] ] } },
{ "type": "Feature", "properties": { "sid": "2020233N14313", "name": "Laura", "season": 2020, "cat": 0, "wind": 50 }, "geometry": { "type": "LineString", "coordinates": [ [ -73.3, 19.1 ], [ -74.3, 19.4 ] ] } },
{ "type": "Feature", "properties": { "sid": "2020233N14313", "name": "Laura", "season": 2020, "cat": 0, "wind": 55 }, "geometry": { "type": "LineString", "coordinates": [ [ -74.3, 19.4 ], [ -75.2, 19.6 ] ] } },
{ "type": "Feature", "properties": { "sid": "2020318N16289", "name": "Iota", "season": 2020, "cat": -3, "wind": 25 }, "geometry": { "type": "LineString", "coordinates": [ [ -70.9, 15.5 ], [ -71.4, 15.4 ] ] } },
{ "type": "Feature", "properties": { "sid": "2020318N16289", "name": "Iota", "season": 2020, "cat": -3, "wind": 25 }, "geometry": { "type": "LineString", "coordinates": [ [ -71.4, 15.4 ], [ -71.9, 15.3 ] ] } },
{ "type": "Feature", "properties": { "sid": "2020318N16289", "name": "Iota", "season": 2020, "cat": -3, "wind": 25 }, "geometry": { "type": "LineString", "coordinates": [ [ -71.9, 15.3 ], [ -72.3, 15.2 ] ] } },
{ "type": "Feature", "properties": { "sid": "2020318N16289", "name": "Iota", "season": 2020, "cat": -3, "wind": 25 }, "geometry": { "type": "LineString", "coordinates": [ [ -72.3, 15.2 ], [ -72.7, 15.0 ] ] } },
{ "type": "Feature", "properties": { "sid": "2020318N16289", "name": "Iota", "season": 2020, "cat": -3, "wind": 25 }, "geometry": { "type": "LineString", "coordinates": [ [ -72.7, 15.0 ], [ -73.0, 14.8 ] ] } },
{ "type": "Feature", "properties": { "sid": "2020318N16289", "name": "Iota", "season": 2020, "cat": -3, "wind": 25 }, "geometry": { "type": "LineString", "coordinates": [ [ -73.0, 14.8 ], [ -73.3, 14.7 ] ] } },
{ "type": "Feature", "properties": { "sid": "2020318N16289", "name": "Iota", "season": 2020, "cat": -3, "wind": 25 }, "geometry": { "type": "LineString", "coordinates": [ [ -73.3, 14.7 ], [ -73.5, 14.6 ] ] } },
{ "type": "Feature", "properties": { "sid": "2020318N16289", "name": "Iota", "season": 2020, "cat": -3, "wind": 28 }, "geometry": { "type": "LineString", "coordinates": [ [ -73.5, 14.6 ], [ -73.7, 14.4 ] ] } },
{ "type": "Feature", "properties": { "sid": "2020318N16289", "name": "Iota", "season": 2020, "cat": -1, "wind": 30 }, "geometry": { "type": "LineString", "coordinates": [ [ -73.7, 14.4 ], [ -73.9, 14.2 ] ] } },
{ "type": "Feature", "properties": { "sid": "2021182N09317", "name": "Elsa", "season": 2021, "cat": 0, "wind": 60 }, "geometry": { "type": "LineString", "coordinates": [ [ -58.5, 12.6 ], [ -59.8, 13.0 ] ] } },
{ "type": "Feature", "properties": { "sid": "2021182N09317", "name": "Elsa", "season": 2021, "cat": 1, "wind": 65 }, "geometry": { "type": "LineString", "coordinates": [ [ -59.8, 13.0 ], [ -61.1, 13.4 ] ] } },
{ "type": "Feature", "properties": { "sid": "2021182N09317", "name": "Elsa", "season": 2021, "cat": 1, "wind": 70 }, "geometry": { "type": "LineString", "coordinates": [ [ -61.1, 13.4 ], [ -62.4, 13.8 ] ] } },
{ "type": "Feature", "properties": { "sid": "2021182N09317", "name": "Elsa", "season": 2021, "cat": 1, "wind": 75 }, "geometry": { "type": "LineString", "coordinates": [ [ -62.4, 13.8 ], [ -63.7, 14.2 ] ] } },
{ "type": "Feature", "properties": { "sid": "2021182N09317", "name": "Elsa", "season": 2021, "cat": 1, "wind": 73 }, "geometry": { "type": "LineString", "coordinates": [ [ -63.7, 14.2 ], [ -65.1, 14.7 ] ] } },
{ "type": "Feature", "properties": { "sid": "2021182N09317", "name": "Elsa", "season": 2021, "cat": 1, "wind": 70 }, "geometry": { "type": "LineString", "coordinates": [ [ -65.1, 14.7 ], [ -66.5, 15.2 ] ] } },
{ "type": "Feature", "properties": { "sid": "2021182N09317", "name": "Elsa", "season": 2021, "cat": 1, "wind": 68 }, "geometry": { "type": "LineString", "coordinates": [ [ -66.5, 15.2 ], [ -67.9, 15.7 ] ] } },
{ "type": "Feature", "properties": { "sid": "2021182N09317", "name": "Elsa", "season": 2021, "cat": 1, "wind": 65 }, "geometry": { "type": "LineString", "coordinates": [ [ -67.9, 15.7 ], [ -69.1, 16.2 ] ] } },
{ "type": "Feature", "properties": { "sid": "2021182N09317", "name": "Elsa", "season": 2021, "cat": 0, "wind": 63 }, "geometry": { "type": "LineString", "coordinates": [ [ -69.1, 16.2 ], [ -70.3, 16.6 ] ] } },
{ "type": "Feature", "properties": { "sid": "2021182N09317", "name": "Elsa", "season": 2021, "cat": 0, "wind": 60 }, "geometry": { "type": "LineString", "coordinates": [ [ -70.3, 16.6 ], [ -71.4, 16.9 ] ] } },
{ "type": "Feature", "properties": { "sid": "2021182N09317", "name": "Elsa", "season": 2021, "cat": 0, "wind": 60 }, "geometry": { "type": "LineString", "coordinates": [ [ -71.4, 16.9 ], [ -72.5, 17.2 ] ] } },
{ "type": "Feature", "properties": { "sid": "2021182N09317", "name": "Elsa", "season": 2021, "cat": 0, "wind": 60 }, "geometry": { "type": "LineString", "coordinates": [ [ -72.5, 17.2 ], [ -73.5, 17.4 ] ] } },
{ "type": "Feature", "properties": { "sid": "2021182N09317", "name": "Elsa", "season": 2021, "cat": 0, "wind": 58 }, "geometry": { "type": "LineString", "coordinates": [ [ -73.5, 17.4 ], [ -74.4, 17.6 ] ] } },
{ "type": "Feature", "properties": { "sid": "2021182N09317", "name": "Elsa", "season": 2021, "cat": 0, "wind": 55 }, "geometry": { "type": "LineString", "coordinates": [ [ -74.4, 17.6 ], [ -75.0, 17.8 ] ] } },
{ "type": "Feature", "properties": { "sid": "2021222N14301", "name": "Fred", "season": 2021, "cat": -3, "wind": 30 }, "geometry": { "type": "LineString", "coordinates": [ [ -58.7, 13.9 ], [ -59.4, 14.3 ] ] } },
{ "type": "Feature", "properties": { "sid": "2021222N14301", "name": "Fred", "season": 2021, "cat": -3, "wind": 30 }, "geometry": { "type": "LineString", "coordinates": [ [ -59.4, 14.3 ], [ -60.1, 14.6 ] ] } },
{ "type": "Feature", "properties": { "sid": "2021222N14301", "name": "Fred", "season": 2021, "cat": -3, "wind": 30 }, "geometry": { "type": "LineString", "coordinates": [ [ -60.1, 14.6 ], [ -60.8, 14.9 ] ] } },
{ "type": "Feature", "properties": { "sid": "2021222N14301", "name": "Fred", "season": 2021, "cat": -3, "wind": 30 }, "geometry": { "type": "LineString", "coordinates": [ [ -60.8, 14.9 ], [ -61.6, 15.3 ] ] } },
{ "type": "Feature", "properties": { "sid": "2021222N14301", "name": "Fred", "season": 2021, "cat": -3, "wind": 30 }, "geometry": { "type": "LineString", "coordinates": [ [ -61.6, 15.3 ], [ -62.4, 15.6 ] ] } },
{ "type": "Feature", "properties": { "sid": "2021222N14301", "name": "Fred", "season": 2021, "cat": -3, "wind": 30 }, "geometry": { "type": "LineString", "coordinates": [ [ -62.4, 15.6 ], [ -63.1, 16.0 ] ] } },
{ "type": "Feature", "properties": { "sid": "2021222N14301", "name": "Fred", "season": 2021, "cat": -3, "wind": 30 }, "geometry": { "type": "LineString", "coordinates": [ [ -63.1, 16.0 ], [ -63.9, 16.4 ] ] } },
{ "type": "Feature", "properties": { "sid": "2021222N14301", "name": "Fred", "season": 2021, "cat": -3, "wind": 30 }, "geometry": { "type": "LineString", "coordinates": [ [ -63.9, 16.4 ], [ -64.6, 16.7 ] ] } },
{ "type": "Feature", "properties": { "sid": "2021222N14301", "name": "Fred", "season": 2021, "cat": -3, "wind": 30 }, "geometry": { "type": "LineString", "coordinates": [ [ -64.6, 16.7 ], [ -65.4, 17.0 ] ] } },
{ "type": "Feature", "properties": { "sid": "2021222N14301", "name": "Fred", "season": 2021, "cat": -3, "wind": 33 }, "geometry": { "type": "LineString", "coordinates": [ [ -65.4, 17.0 ], [ -66.1, 17.3 ] ] } },
{ "type": "Feature", "properties": { "sid": "2021222N14301", "name": "Fred", "season": 2021, "cat": 0, "wind": 35 }, "geometry": { "type": "LineString", "coordinates": [ [ -66.1, 17.3 ], [ -66.9, 17.5 ] ] } },
{ "type": "Feature", "properties": { "sid": "2021222N14301", "name": "Fred", "season": 2021, "cat": 0, "wind": 35 }, "geometry": { "type": "LineString", "coordinates": [ [ -66.9, 17.5 ], [ -67.6, 17.7 ] ] } },
{ "type": "Feature", "properties": { "sid": "2021222N14301", "name": "Fred", "season": 2021, "cat": 0, "wind": 35 }, "geometry": { "type": "LineString", "coordinates": [ [ -67.6, 17.7 ], [ -68.3, 17.8 ] ] } },
{ "type": "Feature", "properties": { "sid": "2021222N14301", "name": "Fred", "season": 2021, "cat": 0, "wind": 38 }, "geometry": { "type": "LineString", "coordinates": [ [ -68.3, 17.8 ], [ -69.0, 18.0 ] ] } },
{ "type": "Feature", "properties": { "sid": "2021222N14301", "name": "Fred", "season": 2021, "cat": 0, "wind": 40 }, "geometry": { "type": "LineString", "coordinates": [ [ -69.0, 18.0 ], [ -69.6, 18.2 ] ] } },
{ "type": "Feature", "properties": { "sid": "2021222N14301", "name": "Fred", "season": 2021, "cat": 0, "wind": 40 }, "geometry": { "type": "LineString", "coordinates": [ [ -69.6, 18.2 ], [ -70.1, 18.4 ] ] } },
{ "type": "Feature", "properties": { "sid": "2021222N14301", "name": "Fred", "season": 2021, "cat": 0, "wind": 40 }, "geometry": { "type": "LineString", "coordinates": [ [ -70.1, 18.4 ], [ -70.4, 18.5 ] ] } },
{ "type": "Feature", "properties": { "sid": "2021222N14301", "name": "Fred", "season": 2021, "cat": 0, "wind": 35 }, "geometry": { "type": "LineString", "coordinates": [ [ -70.4, 18.5 ], [ -71.1, 18.8 ] ] } },
{ "type": "Feature", "properties": { "sid": "2021222N14301", "name": "Fred", "season": 2021, "cat": -1, "wind": 33 }, "geometry": { "type": "LineString", "coordinates": [ [ -71.1, 18.8 ], [ -71.7, 19.2 ] ] } },
{ "type": "Feature", "properties": { "sid": "2021222N14301", "name": "Fred", "season": 2021, "cat": -1, "wind": 30 }, "geometry": { "type": "LineString", "coordinates": [ [ -71.7, 19.2 ], [ -72.3, 19.6 ] ] } },
{ "type": "Feature", "properties": { "sid": "2021222N14301", "name": "Fred", "season": 2021, "cat": -1, "wind": 30 }, "geometry": { "type": "LineString", "coordinates": [ [ -72.3, 19.6 ], [ -72.9, 20.0 ] ] } },
{ "type": "Feature", "properties": { "sid": "2021222N14301", "name": "Fred", "season": 2021, "cat": -1, "wind": 30 }, "geometry": { "type": "LineString", "coordinates": [ [ -72.9, 20.0 ], [ -73.4, 20.3 ] ] } },
{ "type": "Feature", "properties": { "sid": "2021222N14301", "name": "Fred", "season": 2021, "cat": -1, "wind": 30 }, "geometry": { "type": "LineString", "coordinates": [ [ -73.4, 20.3 ], [ -73.9, 20.5 ] ] } },
{ "type": "Feature", "properties": { "sid": "2021222N14301", "name": "Fred", "season": 2021, "cat": -1, "wind": 30 }, "geometry": { "type": "LineString", "coordinates": [ [ -73.9, 20.5 ], [ -74.3, 20.7 ] ] } },
{ "type": "Feature", "properties": { "sid": "2021222N14301", "name": "Fred", "season": 2021, "cat": -1, "wind": 30 }, "geometry": { "type": "LineString", "coordinates": [ [ -74.3, 20.7 ], [ -74.7, 20.9 ] ] } },
{ "type": "Feature", "properties": { "sid": "2021225N15313", "name": "Grace", "season": 2021, "cat": 0, "wind": 35 }, "geometry": { "type": "LineString", "coordinates": [ [ -57.2, 16.1 ], [ -58.4, 16.2 ] ] } },
{ "type": "Feature", "properties": { "sid": "2021225N15313", "name": "Grace", "season": 2021, "cat": 0, "wind": 35 }, "geometry": { "type": "LineString", "coordinates": [ [ -58.4, 16.2 ], [ -59.5, 16.2 ] ] } },
{ "type": "Feature", "properties": { "sid": "2021225N15313", "name": "Grace", "season": 2021, "cat": 0, "wind": 35 }, "geometry": { "type": "LineString", "coordinates": [ [ -59.5, 16.2 ], [ -60.6, 16.3 ] ] } },
{ "type": "Feature", "properties": { "sid": "2021225N15313", "name": "Grace", "season": 2021, "cat": -1, "wind": 33 }, "geometry": { "type": "LineString", "coordinates": [ [ -60.6, 16.3 ], [ -61.7, 16.5 ] ] } },
{ "type": "Feature", "properties": { "sid": "2021225N15313", "name": "Grace", "season": 2021, "cat": -1, "wind": 30 }, "geometry": { "type": "LineString", "coordinates": [ [ -61.7, 16.5 ], [ -62.7, 16.6 ] ] } },
{ "type": "Feature", "properties": { "sid": "2021225N15313", "name": "Grace", "season": 2021, "cat": -1, "wind": 30 }, "geometry": { "type": "LineString", "coordinates": [ [ -62.7, 16.6 ], [ -63.7, 16.7 ] ] } },
{ "type": "Feature", "properties": { "sid": "2021225N15313", "name": "Grace", "season": 2021, "cat": -1, "wind": 30 }, "geometry": { "type": "LineString", "coordinates": [ [ -63.7, 16.7 ], [ -64.6, 16.8 ] ] } },
{ "type": "Feature", "properties": { "sid": "2021225N15313", "name": "Grace", "season": 2021, "cat": -1, "wind": 30 }, "geometry": { "type": "LineString", "coordinates": [ [ -64.6, 16.8 ], [ -65.4, 16.9 ] ] } },
{ "type": "Feature", "properties": { "sid": "2021225N15313", "name": "Grace", "season": 2021, "cat": -1, "wind": 30 }, "geometry": { "type": "LineString", "coordinates": [ [ -65.4, 16.9 ], [ -66.1, 17.0 ] ] } },
{ "type": "Feature", "properties": { "sid": "2021225N15313", "name": "Grace", "season": 2021, "cat": -1, "wind": 30 }, "geometry": { "type": "LineString", "coordinates": [ [ -66.1, 17.0 ], [ -66.7, 17.0 ] ] } },
{ "type": "Feature", "properties": { "sid": "2021225N15313", "name": "Grace", "season": 2021, "cat": -1, "wind": 30 }, "geometry": { "type": "LineString", "coordinates": [ [ -66.7, 17.0 ], [ -67.4, 17.0 ] ] } },
{ "type": "Feature", "properties": { "sid": "2021225N15313", "name": "Grace", "season": 2021, "cat": -1, "wind": 30 }, "geometry": { "type": "LineString", "coordinates": [ [ -67.4, 17.0 ], [ -68.1, 17.1 ] ] } },
{ "type": "Feature", "properties": { "sid": "2021225N15313", "name": "Grace", "season": 2021, "cat": -1, "wind": 30 }, "geometry": { "type": "LineString", "coordinates": [ [ -68.1, 17.1 ], [ -68.9, 17.1 ] ] } },
{ "type": "Feature", "properties": { "sid": "2021225N15313", "name": "Grace", "season": 2021, "cat": -1, "wind": 30 }, "geometry": { "type": "LineString", "coordinates": [ [ -68.9, 17.1 ], [ -69.6, 17.2 ] ] } },
{ "type": "Feature", "properties": { "sid": "2021225N15313", "name": "Grace", "season": 2021, "cat": -1, "wind": 30 }, "geometry": { "type": "LineString", "coordinates": [ [ -69.6, 17.2 ], [ -70.3, 17.3 ] ] } },
{ "type": "Feature", "properties": { "sid": "2021225N15313", "name": "Grace", "season": 2021, "cat": -1, "wind": 33 }, "geometry": { "type": "LineString", "coordinates": [ [ -70.3, 17.3 ], [ -70.8, 17.5 ] ] } },
{ "type": "Feature", "properties": { "sid": "2021225N15313", "name": "Grace", "season": 2021, "cat": 0, "wind": 35 }, "geometry": { "type": "LineString", "coordinates": [ [ -70.8, 17.5 ], [ -71.2, 17.6 ] ] } },
{ "type": "Feature", "properties": { "sid": "2021225N15313", "name": "Grace", "season": 2021, "cat": 0, "wind": 35 }, "geometry": { "type": "LineString", "coordinates": [ [ -71.2, 17.6 ], [ -71.4, 17.7 ] ] } },
{ "type": "Feature", "properties": { "sid": "2021225N15313", "name": "Grace", "season": 2021, "cat": 0, "wind": 35 }, "geometry": { "type": "LineString", "coordinates": [ [ -71.4, 17.7 ], [ -71.7, 17.8 ] ] } },
{ "type": "Feature", "properties": { "sid": "2021225N15313", "name": "Grace", "season": 2021, "cat": 0, "wind": 35 }, "geometry": { "type": "LineString", "coordinates": [ [ -71.7, 17.8 ], [ -72.4, 17.9 ] ] } },
{ "type": "Feature", "properties": { "sid": "2021225N15313", "name": "Grace", "season": 2021, "cat": 0, "wind": 35 }, "geometry": { "type": "LineString", "coordinates": [ [ -72.4, 17.9 ], [ -73.2, 17.9 ] ] } },
{ "type": "Feature", "properties": { "sid": "2021225N15313", "name": "Grace", "season": 2021, "cat": 0, "wind": 35 }, "geometry": { "type": "LineString", "coordinates": [ [ -73.2, 17.9 ], [ -74.0, 17.9 ] ] } },
{ "type": "Feature", "properties": { "sid": "2021225N15313", "name": "Grace", "season": 2021, "cat": 0, "wind": 38 }, "geometry": { "type": "LineString", "coordinates": [ [ -74.0, 17.9 ], [ -74.8, 18.0 ] ] } },
{ "type": "Feature", "properties": { "sid": "2021225N15313", "name": "Grace", "season": 2021, "cat": 0, "wind": 40 }, "geometry": { "type": "LineString", "coordinates": [ [ -74.8, 18.0 ], [ -75.4, 18.1 ] ] } },
{ "type": "Feature", "properties": { "sid": "2021262N16307", "name": "Peter", "season": 2021, "cat": 0, "wind": 45 }, "geometry": { "type": "LineString", "coordinates": [ [ -57.5, 18.2 ], [ -58.0, 18.4 ] ] } },
{ "type": "Feature", "properties": { "sid": "2021262N16307", "name": "Peter", "season": 2021, "cat": 0, "wind": 45 }, "geometry": { "type": "LineString", "coordinates": [ [ -58.0, 18.4 ], [ -58.5, 18.6 ] ] } },
{ "type": "Feature", "properties": { "sid": "2021262N16307", "name": "Peter", "season": 2021, "cat": 0, "wind": 45 }, "geometry": { "type": "LineString", "coordinates": [ [ -58.5, 18.6 ], [ -59.0, 18.8 ] ] } },
{ "type": "Feature", "properties": { "sid": "2021262N16307", "name": "Peter", "season": 2021, "cat": 0, "wind": 45 }, "geometry": { "type": "LineString", "coordinates": [ [ -59.0, 18.8 ], [ -59.5, 19.0 ] ] } },
{ "type": "Feature", "properties": { "sid": "2021262N16307", "name": "Peter", "season": 2021, "cat": 0, "wind": 45 }, "geometry": { "type": "LineString", "coordinates": [ [ -59.5, 19.0 ], [ -60.1, 19.2 ] ] } },
{ "type": "Feature", "properties": { "sid": "2021262N16307", "name": "Peter", "season": 2021, "cat": 0, "wind": 45 }, "geometry": { "type": "LineString", "coordinates": [ [ -60.1, 19.2 ], [ -60.7, 19.4 ] ] } },
{ "type": "Feature", "properties": { "sid": "2021262N16307", "name": "Peter", "season": 2021, "cat": 0, "wind": 45 }, "geometry": { "type": "LineString", "coordinates": [ [ -60.7, 19.4 ], [ -61.2, 19.5 ] ] } },
{ "type": "Feature", "properties": { "sid": "2021262N16307", "name": "Peter", "season": 2021, "cat": 0, "wind": 45 }, "geometry": { "type": "LineString", "coordinates": [ [ -61.2, 19.5 ], [ -61.8, 19.6 ] ] } },
{ "type": "Feature", "properties": { "sid": "2021262N16307", "name": "Peter", "season": 2021, "cat": 0, "wind": 45 }, "geometry": { "type": "LineString", "coordinates": [ [ -61.8, 19.6 ], [ -62.3, 19.6 ] ] } },
{ "type": "Feature", "properties": { "sid": "2021262N16307", "name": "Peter", "season": 2021, "cat": 0, "wind": 45 }, "geometry": { "type": "LineString", "coordinates": [ [ -62.3, 19.6 ], [ -62.8, 19.6 ] ] } },
{ "type": "Feature", "properties": { "sid": "2021262N16307", "name": "Peter", "season": 2021, "cat": 0, "wind": 43 }, "geometry": { "type": "LineString", "coordinates": [ [ -62.8, 19.6 ], [ -63.2, 19.6 ] ] } },
{ "type": "Feature", "properties": { "sid": "2021262N16307", "name": "Peter", "season": 2021, "cat": 0, "wind": 40 }, "geometry": { "type": "LineString", "coordinates": [ [ -63.2, 19.6 ], [ -63.6, 19.7 ] ] } },
{ "type": "Feature", "properties": { "sid": "2021262N16307", "name": "Peter", "season": 2021, "cat": 0, "wind": 38 }, "geometry": { "type": "LineString", "coordinates": [ [ -63.6, 19.7 ], [ -64.0, 19.8 ] ] } },
{ "type": "Feature", "properties": { "sid": "2021262N16307", "name": "Peter", "season": 2021, "cat": 0, "wind": 35 }, "geometry": { "type": "LineString", "coordinates": [ [ -64.0, 19.8 ], [ -64.3, 20.0 ] ] } },
{ "type": "Feature", "properties": { "sid": "2021262N16307", "name": "Peter", "season": 2021, "cat": -1, "wind": 33 }, "geometry": { "type": "LineString", "coordinates": [ [ -64.3, 20.0 ], [ -64.6, 20.2 ] ] } },
{ "type": "Feature", "properties": { "sid": "2021262N16307", "name": "Peter", "season": 2021, "cat": -1, "wind": 30 }, "geometry": { "type": "LineString", "coordinates": [ [ -64.6, 20.2 ], [ -64.9, 20.4 ] ] } },
{ "type": "Feature", "properties": { "sid": "2021262N16307", "name": "Peter", "season": 2021, "cat": -1, "wind": 30 }, "geometry": { "type": "LineString", "coordinates": [ [ -64.9, 20.4 ], [ -65.2, 20.6 ] ] } },
{ "type": "Feature", "properties": { "sid": "2021262N16307", "name": "Peter", "season": 2021, "cat": -1, "wind": 30 }, "geometry": { "type": "LineString", "coordinates": [ [ -65.2, 20.6 ], [ -65.5, 20.8 ] ] } },
{ "type": "Feature", "properties": { "sid": "2021262N16307", "name": "Peter", "season": 2021, "cat": -1, "wind": 30 }, "geometry": { "type": "LineString", "coordinates": [ [ -65.5, 20.8 ], [ -65.8, 21.0 ] ] } },
{ "type": "Feature", "properties": { "sid": "2021262N16307", "name": "Peter", "season": 2021, "cat": -1, "wind": 30 }, "geometry": { "type": "LineString", "coordinates": [ [ -65.8, 21.0 ], [ -66.1, 21.2 ] ] } },
{ "type": "Feature", "properties": { "sid": "2021262N16307", "name": "Peter", "season": 2021, "cat": -1, "wind": 30 }, "geometry": { "type": "LineString", "coordinates": [ [ -66.1, 21.2 ], [ -66.4, 21.4 ] ] } },
{ "type": "Feature", "properties": { "sid": "2021262N16307", "name": "Peter", "season": 2021, "cat": -1, "wind": 30 }, "geometry": { "type": "LineString", "coordinates": [ [ -66.4, 21.4 ], [ -66.7, 21.6 ] ] } },
{ "type": "Feature", "properties": { "sid": "2021262N16307", "name": "Peter", "season": 2021, "cat": -1, "wind": 30 }, "geometry": { "type": "LineString", "coordinates": [ [ -66.7, 21.6 ], [ -66.9, 21.7 ] ] } },
{ "type": "Feature", "properties": { "sid": "2022246N18301", "name": "Earl", "season": 2022, "cat": 0, "wind": 35 }, "geometry": { "type": "LineString", "coordinates": [ [ -58.6, 17.9 ], [ -59.2, 18.1 ] ] } },
{ "type": "Feature", "properties": { "sid": "2022246N18301", "name": "Earl", "season": 2022, "cat": 0, "wind": 38 }, "geometry": { "type": "LineString", "coordinates": [ [ -59.2, 18.1 ], [ -59.8, 18.3 ] ] } },
{ "type": "Feature", "properties": { "sid": "2022246N18301", "name": "Earl", "season": 2022, "cat": 0, "wind": 40 }, "geometry": { "type": "LineString", "coordinates": [ [ -59.8, 18.3 ], [ -60.4, 18.5 ] ] } },
{ "type": "Feature", "properties": { "sid": "2022246N18301", "name": "Earl", "season": 2022, "cat": 0, "wind": 40 }, "geometry": { "type": "LineString", "coordinates": [ [ -60.4, 18.5 ], [ -60.9, 18.6 ] ] } },
{ "type": "Feature", "properties": { "sid": "2022246N18301", "name": "Earl", "season": 2022, "cat": 0, "wind": 40 }, "geometry": { "type": "LineString", "coordinates": [ [ -60.9, 18.6 ], [ -61.4, 18.7 ] ] } },
{ "type": "Feature", "properties": { "sid": "2022246N18301", "name": "Earl", "season": 2022, "cat": 0, "wind": 40 }, "geometry": { "type": "LineString", "coordinates": [ [ -61.4, 18.7 ], [ -61.9, 18.9 ] ] } },
{ "type": "Feature", "properties": { "sid": "2022246N18301", "name": "Earl", "season": 2022, "cat": 0, "wind": 40 }, "geometry": { "type": "LineString", "coordinates": [ [ -61.9, 18.9 ], [ -62.4, 19.1 ] ] } },
{ "type": "Feature", "properties": { "sid": "2022246N18301", "name": "Earl", "season": 2022, "cat": 0, "wind": 43 }, "geometry": { "type": "LineString", "coordinates": [ [ -62.4, 19.1 ], [ -62.9, 19.2 ] ] } },
{ "type": "Feature", "properties": { "sid": "2022246N18301", "name": "Earl", "season": 2022, "cat": 0, "wind": 45 }, "geometry": { "type": "LineString", "coordinates": [ [ -62.9, 19.2 ], [ -63.3, 19.3 ] ] } },
{ "type": "Feature", "properties": { "sid": "2022246N18301", "name": "Earl", "season": 2022, "cat": 0, "wind": 45 }, "geometry": { "type": "LineString", "coordinates": [ [ -63.3, 19.3 ], [ -63.6, 19.4 ] ] } },
{ "type": "Feature", "properties": { "sid": "2022246N18301", "name": "Earl", "season": 2022, "cat": 0, "wind": 45 }, "geometry": { "type": "LineString", "coordinates": [ [ -63.6, 19.4 ], [ -63.9, 19.4 ] ] } },
{ "type": "Feature", "properties": { "sid": "2022246N18301", "name": "Earl", "season": 2022, "cat": 0, "wind": 45 }, "geometry": { "type": "LineString", "coordinates": [ [ -63.9, 19.4 ], [ -64.1, 19.5 ] ] } },
{ "type": "Feature", "properties": { "sid": "2022246N18301", "name": "Earl", "season": 2022, "cat": 0, "wind": 45 }, "geometry": { "type": "LineString", "coordinates": [ [ -64.1, 19.5 ], [ -64.4, 19.6 ] ] } },
{ "type": "Feature", "properties": { "sid": "2022246N18301", "name": "Earl", "season": 2022, "cat": 0, "wind": 45 }, "geometry": { "type": "LineString", "coordinates": [ [ -64.4, 19.6 ], [ -64.6, 19.8 ] ] } },
{ "type": "Feature", "properties": { "sid": "2022246N18301", "name": "Earl", "season": 2022, "cat": 0, "wind": 45 }, "geometry": { "type": "LineString", "coordinates": [ [ -64.6, 19.8 ], [ -64.8, 19.9 ] ] } },
{ "type": "Feature", "properties": { "sid": "2022246N18301", "name": "Earl", "season": 2022, "cat": 0, "wind": 48 }, "geometry": { "type": "LineString", "coordinates": [ [ -64.8, 19.9 ], [ -65.0, 20.0 ] ] } },
{ "type": "Feature", "properties": { "sid": "2022246N18301", "name": "Earl", "season": 2022, "cat": 0, "wind": 50 }, "geometry": { "type": "LineString", "coordinates": [ [ -65.0, 20.0 ], [ -65.2, 20.1 ] ] } },
{ "type": "Feature", "properties": { "sid": "2022246N18301", "name": "Earl", "season": 2022, "cat": 0, "wind": 50 }, "geometry": { "type": "LineString", "coordinates": [ [ -65.2, 20.1 ], [ -65.3, 20.3 ] ] } },
{ "type": "Feature", "properties": { "sid": "2022246N18301", "name": "Earl", "season": 2022, "cat": 0, "wind": 50 }, "geometry": { "type": "LineString", "coordinates": [ [ -65.3, 20.3 ], [ -65.4, 20.5 ] ] } },
{ "type": "Feature", "properties": { "sid": "2022246N18301", "name": "Earl", "season": 2022, "cat": 0, "wind": 53 }, "geometry": { "type": "LineString", "coordinates": [ [ -65.4, 20.5 ], [ -65.4, 20.8 ] ] } },
{ "type": "Feature", "properties": { "sid": "2022246N18301", "name": "Earl", "season": 2022, "cat": 0, "wind": 55 }, "geometry": { "type": "LineString", "coordinates": [ [ -65.4, 20.8 ], [ -65.3, 21.2 ] ] } },
{ "type": "Feature", "properties": { "sid": "2022246N18301", "name": "Earl", "season": 2022, "cat": 0, "wind": 55 }, "geometry": { "type": "LineString", "coordinates": [ [ -65.3, 21.2 ], [ -65.2, 21.5 ] ] } },
{ "type": "Feature", "properties": { "sid": "2022246N18301", "name": "Earl", "season": 2022, "cat": 0, "wind": 55 }, "geometry": { "type": "LineString", "coordinates": [ [ -65.2, 21.5 ], [ -65.2, 21.8 ] ] } },
{ "type": "Feature", "properties": { "sid": "2022246N18301", "name": "Earl", "season": 2022, "cat": 0, "wind": 58 }, "geometry": { "type": "LineString", "coordinates": [ [ -65.2, 21.8 ], [ -65.2, 22.0 ] ] } },
{ "type": "Feature", "properties": { "sid": "2022246N18301", "name": "Earl", "season": 2022, "cat": 0, "wind": 60 }, "geometry": { "type": "LineString", "coordinates": [ [ -65.2, 22.0 ], [ -65.2, 22.2 ] ] } },
{ "type": "Feature", "properties": { "sid": "2022246N18301", "name": "Earl", "season": 2022, "cat": 0, "wind": 60 }, "geometry": { "type": "LineString", "coordinates": [ [ -65.2, 22.2 ], [ -65.2, 22.5 ] ] } },
{ "type": "Feature", "properties": { "sid": "2022246N18301", "name": "Earl", "season": 2022, "cat": 0, "wind": 60 }, "geometry": { "type": "LineString", "coordinates": [ [ -65.2, 22.5 ], [ -65.2, 22.8 ] ] } },
{ "type": "Feature", "properties": { "sid": "2022246N18301", "name": "Earl", "season": 2022, "cat": 0, "wind": 58 }, "geometry": { "type": "LineString", "coordinates": [ [ -65.2, 22.8 ], [ -65.3, 23.1 ] ] } },
{ "type": "Feature", "properties": { "sid": "2022246N18301", "name": "Earl", "season": 2022, "cat": 0, "wind": 55 }, "geometry": { "type": "LineString", "coordinates": [ [ -65.3, 23.1 ], [ -65.5, 23.3 ] ] } },
{ "type": "Feature", "properties": { "sid": "2022246N18301", "name": "Earl", "season": 2022, "cat": 0, "wind": 55 }, "geometry": { "type": "LineString", "coordinates": [ [ -65.5, 23.3 ], [ -65.7, 23.5 ] ] } },
{ "type": "Feature", "properties": { "sid": "2022246N18301", "name": "Earl", "season": 2022, "cat": 0, "wind": 55 }, "geometry": { "type": "LineString", "coordinates": [ [ -65.7, 23.5 ], [ -65.7, 23.7 ] ] } },
{ "type": "Feature", "properties": { "sid": "2022246N18301", "name": "Earl", "season": 2022, "cat": 0, "wind": 60 }, "geometry": { "type": "LineString", "coordinates": [ [ -65.7, 23.7 ], [ -65.7, 23.9 ] ] } },
{ "type": "Feature", "properties": { "sid": "2022246N18301", "name": "Earl", "season": 2022, "cat": 1, "wind": 65 }, "geometry": { "type": "LineString", "coordinates": [ [ -65.7, 23.9 ], [ -65.7, 24.2 ] ] } },
{ "type": "Feature", "properties": { "sid": "2022246N18301", "name": "Earl", "season": 2022, "cat": 1, "wind": 68 }, "geometry": { "type": "LineString", "coordinates": [ [ -65.7, 24.2 ], [ -65.8, 24.5 ] ] } },
{ "type": "Feature", "properties": { "sid": "2022246N18301", "name": "Earl", "season": 2022, "cat": 1, "wind": 70 }, "geometry": { "type": "LineString", "coordinates": [ [ -65.8, 24.5 ], [ -65.9, 24.8 ] ] } },
{ "type": "Feature", "properties": { "sid": "2022246N18301", "name": "Earl", "season": 2022, "cat": 1, "wind": 73 }, "geometry": { "type": "LineString", "coordinates": [ [ -65.9, 24.8 ], [ -65.9, 25.0 ] ] } },
{ "type": "Feature", "properties": { "sid": "2022246N18301", "name": "Earl", "season": 2022, "cat": 1, "wind": 75 }, "geometry": { "type": "LineString", "coordinates": [ [ -65.9, 25.0 ], [ -65.9, 25.2 ] ] } },
{ "type": "Feature", "properties": { "sid": "2022246N18301", "name": "Earl", "season": 2022, "cat": 1, "wind": 75 }, "geometry": { "type": "LineString", "coordinates": [ [ -65.9, 25.2 ], [ -65.8, 25.4 ] ] } },
{ "type": "Feature", "properties": { "sid": "2022246N18301", "name": "Earl", "season": 2022, "cat": 1, "wind": 75 }, "geometry": { "type": "LineString", "coordinates": [ [ -65.8, 25.4 ], [ -65.7, 25.7 ] ] } },
{ "type": "Feature", "properties": { "sid": "2022246N18301", "name": "Earl", "season": 2022, "cat": 1, "wind": 78 }, "geometry": { "type": "LineString", "coordinates": [ [ -65.7, 25.7 ], [ -65.6, 26.1 ] ] } },
{ "type": "Feature", "properties": { "sid": "2022257N16312", "name": "Fiona", "season": 2022, "cat": 0, "wind": 50 }, "geometry": { "type": "LineString", "coordinates": [ [ -57.5, 15.8 ], [ -58.1, 15.7 ] ] } },
{ "type": "Feature", "properties": { "sid": "2022257N16312", "name": "Fiona", "season": 2022, "cat": 0, "wind": 48 }, "geometry": { "type": "LineString", "coordinates": [ [ -58.1, 15.7 ], [ -58.8, 15.8 ] ] } },
{ "type": "Feature", "properties": { "sid": "2022257N16312", "name": "Fiona", "season": 2022, "cat": 0, "wind": 45 }, "geometry": { "type": "LineString", "coordinates": [ [ -58.8, 15.8 ], [ -59.6, 16.0 ] ] } },
{ "type": "Feature", "properties": { "sid": "2022257N16312", "name": "Fiona", "season": 2022, "cat": 0, "wind": 45 }, "geometry": { "type": "LineString", "coordinates": [ [ -59.6, 16.0 ], [ -60.4, 16.3 ] ] } },
{ "type": "Feature", "properties": { "sid": "2022257N16312", "name": "Fiona", "season": 2022, "cat": 0, "wind": 45 }, "geometry": { "type": "LineString", "coordinates": [ [ -60.4, 16.3 ], [ -60.9, 16.4 ] ] } },
{ "type": "Feature", "properties": { "sid": "2022257N16312", "name": "Fiona", "season": 2022, "cat": 0, "wind": 48 }, "geometry": { "type": "LineString", "coordinates": [ [ -60.9, 16.4 ], [ -61.4, 16.4 ] ] } },
{ "type": "Feature", "properties": { "sid": "2022257N16312", "name": "Fiona", "season": 2022, "cat": 0, "wind": 50 }, "geometry": { "type": "LineString", "coordinates": [ [ -61.4, 16.4 ], [ -61.6, 16.4 ] ] } },
{ "type": "Feature", "properties": { "sid": "2022257N16312", "name": "Fiona", "season": 2022, "cat": 0, "wind": 50 }, "geometry": { "type": "LineString", "coordinates": [ [ -61.6, 16.4 ], [ -62.2, 16.4 ] ] } },
{ "type": "Feature", "properties": { "sid": "2022257N16312", "name": "Fiona", "season": 2022, "cat": 0, "wind": 50 }, "geometry": { "type": "LineString", "coordinates": [ [ -62.2, 16.4 ], [ -62.6, 16.3 ] ] } },
{ "type": "Feature", "properties": { "sid": "2022257N16312", "name": "Fiona", "season": 2022, "cat": 0, "wind": 50 }, "geometry": { "type": "LineString", "coordinates": [ [ -62.6, 16.3 ], [ -63.0, 16.3 ] ] } },
{ "type": "Feature", "properties": { "sid": "2022257N16312", "name": "Fiona", "season": 2022, "cat": 0, "wind": 50 }, "geometry": { "type": "LineString", "coordinates": [ [ -63.0, 16.3 ], [ -63.3, 16.4 ] ] } },
{ "type": "Feature", "properties": { "sid": "2022257N16312", "name": "Fiona", "season": 2022, "cat": 0, "wind": 50 }, "geometry": { "type": "LineString", "coordinates": [ [ -63.3, 16.4 ], [ -63.6, 16.5 ] ] } },
{ "type": "Feature", "properties": { "sid": "2022257N16312", "name": "Fiona", "season": 2022, "cat": 0, "wind": 50 }, "geometry": { "type": "LineString", "coordinates": [ [ -63.6, 16.5 ], [ -64.0, 16.5 ] ] } },
{ "type": "Feature", "properties": { "sid": "2022257N16312", "name": "Fiona", "season": 2022, "cat": 0, "wind": 50 }, "geometry": { "type": "LineString", "coordinates": [ [ -64.0, 16.5 ], [ -64.3, 16.5 ] ] } },
{ "type": "Feature", "properties": { "sid": "2022257N16312", "name": "Fiona", "season": 2022, "cat": 0, "wind": 50 }, "geometry": { "type": "LineString", "coordinates": [ [ -64.3, 16.5 ], [ -64.7, 16.5 ] ] } },
{ "type": "Feature", "properties": { "sid": "2022257N16312", "name": "Fiona", "season": 2022, "cat": 0, "wind": 50 }, "geometry": { "type": "LineString", "coordinates": [ [ -64.7, 16.5 ], [ -65.1, 16.7 ] ] } },
{ "type": "Feature", "properties": { "sid": "2022257N16312", "name": "Fiona", "season": 2022, "cat": 0, "wind": 53 }, "geometry": { "type": "LineString", "coordinates": [ [ -65.1, 16.7 ], [ -65.5, 16.9 ] ] } },
{ "type": "Feature", "properties": { "sid": "2022257N16312", "name": "Fiona", "season": 2022, "cat": 0, "wind": 55 }, "geometry": { "type": "LineString", "coordinates": [ [ -65.5, 16.9 ], [ -65.9, 17.0 ] ] } },
{ "type": "Feature", "properties": { "sid": "2022257N16312", "name": "Fiona", "season": 2022, "cat": 0, "wind": 60 }, "geometry": { "type": "LineString", "coordinates": [ [ -65.9, 17.0 ], [ -66.2, 17.2 ] ] } },
{ "type": "Feature", "properties": { "sid": "2022257N16312", "name": "Fiona", "season": 2022, "cat": 1, "wind": 65 }, "geometry": { "type": "LineString", "coordinates": [ [ -66.2, 17.2 ], [ -66.5, 17.4 ] ] } },
{ "type": "Feature", "properties": { "sid": "2022257N16312", "name": "Fiona", "season": 2022, "cat": 1, "wind": 70 }, "geometry": { "type": "LineString", "coordinates": [ [ -66.5, 17.4 ], [ -66.9, 17.8 ] ] } },
{ "type": "Feature", "properties": { "sid": "2022257N16312", "name": "Fiona", "season": 2022, "cat": 1, "wind": 75 }, "geometry": { "type": "LineString", "coordinates": [ [ -66.9, 17.8 ], [ -67.1, 18.0 ] ] } },
{ "type": "Feature", "properties": { "sid": "2022257N16312", "name": "Fiona", "season": 2022, "cat": 1, "wind": 75 }, "geometry": { "type": "LineString", "coordinates": [ [ -67.1, 18.0 ], [ -67.4, 18.1 ] ] } },
{ "type": "Feature", "properties": { "sid": "2022257N16312", "name": "Fiona", "season": 2022, "cat": 1, "wind": 75 }, "geometry": { "type": "LineString", "coordinates": [ [ -67.4, 18.1 ], [ -67.8, 18.1 ] ] } },
{ "type": "Feature", "properties": { "sid": "2022257N16312", "name": "Fiona", "season": 2022, "cat": 1, "wind": 75 }, "geometry": { "type": "LineString", "coordinates": [ [ -67.8, 18.1 ], [ -68.1, 18.1 ] ] } },
{ "type": "Feature", "properties": { "sid": "2022257N16312", "name": "Fiona", "season": 2022, "cat": 1, "wind": 78 }, "geometry": { "type": "LineString", "coordinates": [ [ -68.1, 18.1 ], [ -68.4, 18.2 ] ] } },
{ "type": "Feature", "properties": { "sid": "2022257N16312", "name": "Fiona", "season": 2022, "cat": 1, "wind": 80 }, "geometry": { "type": "LineString", "coordinates": [ [ -68.4, 18.2 ], [ -68.5, 18.4 ] ] } },
{ "type": "Feature", "properties": { "sid": "2022257N16312", "name": "Fiona", "season": 2022, "cat": 1, "wind": 80 }, "geometry": { "type": "LineString", "coordinates": [ [ -68.5, 18.4 ], [ -68.6, 18.6 ] ] } },
{ "type": "Feature", "properties": { "sid": "2022257N16312", "name": "Fiona", "season": 2022, "cat": 1, "wind": 78 }, "geometry": { "type": "LineString", "coordinates": [ [ -68.6, 18.6 ], [ -68.9, 18.8 ] ] } },
{ "type": "Feature", "properties": { "sid": "2022257N16312", "name": "Fiona", "season": 2022, "cat": 1, "wind": 75 }, "geometry": { "type": "LineString", "coordinates": [ [ -68.9, 18.8 ], [ -69.2, 19.1 ] ] } },
{ "type": "Feature", "properties": { "sid": "2022257N16312", "name": "Fiona", "season": 2022, "cat": 1, "wind": 80 }, "geometry": { "type": "LineString", "coordinates": [ [ -69.2, 19.1 ], [ -69.5, 19.5 ] ] } },
{ "type": "Feature", "properties": { "sid": "2022257N16312", "name": "Fiona", "season": 2022, "cat": 2, "wind": 85 }, "geometry": { "type": "LineString", "coordinates": [ [ -69.5, 19.5 ], [ -69.8, 19.9 ] ] } },
{ "type": "Feature", "properties": { "sid": "2022257N16312", "name": "Fiona", "season": 2022, "cat": 2, "wind": 90 }, "geometry": { "type": "LineString", "coordinates": [ [ -69.8, 19.9 ], [ -70.1, 20.2 ] ] } },
{ "type": "Feature", "properties": { "sid": "2022257N16312", "name": "Fiona", "season": 2022, "cat": 2, "wind": 95 }, "geometry": { "type": "LineString", "coordinates": [ [ -70.1, 20.2 ], [ -70.4, 20.5 ] ] } },
{ "type": "Feature", "properties": { "sid": "2022257N16312", "name": "Fiona", "season": 2022, "cat": 3, "wind": 98 }, "geometry": { "type": "LineString", "coordinates": [ [ -70.4, 20.5 ], [ -70.7, 20.8 ] ] } },
{ "type": "Feature", "properties": { "sid": "2022257N16312", "name": "Fiona", "season": 2022, "cat": 3, "wind": 100 }, "geometry": { "type": "LineString", "coordinates": [ [ -70.7, 20.8 ], [ -70.9, 21.2 ] ] } },
{ "type": "Feature", "properties": { "sid": "2022257N16312", "name": "Fiona", "season": 2022, "cat": 3, "wind": 100 }, "geometry": { "type": "LineString", "coordinates": [ [ -70.9, 21.2 ], [ -71.1, 21.4 ] ] } },
{ "type": "Feature", "properties": { "sid": "2022257N16312", "name": "Fiona", "season": 2022, "cat": 3, "wind": 100 }, "geometry": { "type": "LineString", "coordinates": [ [ -71.1, 21.4 ], [ -71.2, 21.5 ] ] } },
{ "type": "Feature", "properties": { "sid": "2022257N16312", "name": "Fiona", "season": 2022, "cat": 3, "wind": 100 }, "geometry": { "type": "LineString", "coordinates": [ [ -71.2, 21.5 ], [ -71.5, 21.9 ] ] } },
{ "type": "Feature", "properties": { "sid": "2022257N16312", "name": "Fiona", "season": 2022, "cat": 3, "wind": 100 }, "geometry": { "type": "LineString", "coordinates": [ [ -71.5, 21.9 ], [ -71.7, 22.3 ] ] } },
{ "type": "Feature", "properties": { "sid": "2022257N16312", "name": "Fiona", "season": 2022, "cat": 3, "wind": 100 }, "geometry": { "type": "LineString", "coordinates": [ [ -71.7, 22.3 ], [ -71.8, 22.6 ] ] } },
{ "type": "Feature", "properties": { "sid": "2022257N16312", "name": "Fiona", "season": 2022, "cat": 3, "wind": 105 }, "geometry": { "type": "LineString", "coordinates": [ [ -71.8, 22.6 ], [ -71.8, 22.9 ] ] } },
{ "type": "Feature", "properties": { "sid": "2022257N16312", "name": "Fiona", "season": 2022, "cat": 3, "wind": 110 }, "geometry": { "type": "LineString", "coordinates": [ [ -71.8, 22.9 ], [ -71.8, 23.2 ] ] } },
{ "type": "Feature", "properties": { "sid": "2022257N16312", "name": "Fiona", "season": 2022, "cat": 4, "wind": 115 }, "geometry": { "type": "LineString", "coordinates": [ [ -71.8, 23.2 ], [ -71.8, 23.5 ] ] } },
{ "type": "Feature", "properties": { "sid": "2022257N16312", "name": "Fiona", "season": 2022, "cat": 4, "wind": 120 }, "geometry": { "type": "LineString", "coordinates": [ [ -71.8, 23.5 ], [ -71.8, 23.8 ] ] } },
{ "type": "Feature", "properties": { "sid": "2022257N16312", "name": "Fiona", "season": 2022, "cat": 4, "wind": 118 }, "geometry": { "type": "LineString", "coordinates": [ [ -71.8, 23.8 ], [ -71.7, 24.2 ] ] } },
{ "type": "Feature", "properties": { "sid": "2022257N16312", "name": "Fiona", "season": 2022, "cat": 4, "wind": 115 }, "geometry": { "type": "LineString", "coordinates": [ [ -71.7, 24.2 ], [ -71.7, 24.6 ] ] } },
{ "type": "Feature", "properties": { "sid": "2022266N12294", "name": "Ian", "season": 2022, "cat": -3, "wind": 30 }, "geometry": { "type": "LineString", "coordinates": [ [ -66.3, 12.3 ], [ -66.8, 12.6 ] ] } },
{ "type": "Feature", "properties": { "sid": "2022266N12294", "name": "Ian", "season": 2022, "cat": -3, "wind": 30 }, "geometry": { "type": "LineString", "coordinates": [ [ -66.8, 12.6 ], [ -67.2, 12.9 ] ] } },
{ "type": "Feature", "properties": { "sid": "2022266N12294", "name": "Ian", "season": 2022, "cat": -3, "wind": 30 }, "geometry": { "type": "LineString", "coordinates": [ [ -67.2, 12.9 ], [ -67.6, 13.3 ] ] } },
{ "type": "Feature", "properties": { "sid": "2022266N12294", "name": "Ian", "season": 2022, "cat": -3, "wind": 30 }, "geometry": { "type": "LineString", "coordinates": [ [ -67.6, 13.3 ], [ -68.1, 13.7 ] ] } },
{ "type": "Feature", "properties": { "sid": "2022266N12294", "name": "Ian", "season": 2022, "cat": -1, "wind": 30 }, "geometry": { "type": "LineString", "coordinates": [ [ -68.1, 13.7 ], [ -68.7, 14.0 ] ] } },
{ "type": "Feature", "properties": { "sid": "2022266N12294", "name": "Ian", "season": 2022, "cat": -1, "wind": 30 }, "geometry": { "type": "LineString", "coordinates": [ [ -68.7, 14.0 ], [ -69.3, 14.2 ] ] } },
{ "type": "Feature", "properties": { "sid": "2022266N12294", "name": "Ian", "season": 2022, "cat": -1, "wind": 30 }, "geometry": { "type": "LineString", "coordinates": [ [ -69.3, 14.2 ], [ -70.0, 14.4 ] ] } },
{ "type": "Feature", "properties": { "sid": "2022266N12294", "name": "Ian", "season": 2022, "cat": -1, "wind": 30 }, "geometry": { "type": "LineString", "coordinates": [ [ -70.0, 14.4 ], [ -70.6, 14.6 ] ] } },
{ "type": "Feature", "properties": { "sid": "2022266N12294", "name": "Ian", "season": 2022, "cat": -1, "wind": 30 }, "geometry": { "type": "LineString", "coordinates": [ [ -70.6, 14.6 ], [ -71.2, 14.7 ] ] } },
{ "type": "Feature", "properties": { "sid": "2022266N12294", "name": "Ian", "season": 2022, "cat": -1, "wind": 33 }, "geometry": { "type": "LineString", "coordinates": [ [ -71.2, 14.7 ], [ -71.7, 14.7 ] ] } },
{ "type": "Feature", "properties": { "sid": "2022266N12294", "name": "Ian", "season": 2022, "cat": 0, "wind": 35 }, "geometry": { "type": "LineString", "coordinates": [ [ -71.7, 14.7 ], [ -72.3, 14.7 ] ] } },
{ "type": "Feature", "properties": { "sid": "2022266N12294", "name": "Ian", "season": 2022, "cat": 0, "wind": 35 }, "geometry": { "type": "LineString", "coordinates": [ [ -72.3, 14.7 ], [ -72.9, 14.7 ] ] } },
{ "type": "Feature", "properties": { "sid": "2022266N12294", "name": "Ian", "season": 2022, "cat": 0, "wind": 35 }, "geometry": { "type": "LineString", "coordinates": [ [ -72.9, 14.7 ], [ -73.6, 14.6 ] ] } },
{ "type": "Feature", "properties": { "sid": "2022266N12294", "name": "Ian", "season": 2022, "cat": 0, "wind": 38 }, "geometry": { "type": "LineString", "coordinates": [ [ -73.6, 14.6 ], [ -74.4, 14.5 ] ] } },
{ "type": "Feature", "properties": { "sid": "2022311N21293", "name": "Nicole", "season": 2022, "cat": -3, "wind": 30 }, "geometry": { "type": "LineString", "coordinates": [ [ -66.8, 20.6 ], [ -66.7, 21.5 ] ] } },
{ "type": "Feature", "properties": { "sid": "2022311N21293", "name": "Nicole", "season": 2022, "cat": -3, "wind": 33 }, "geometry": { "type": "LineString", "coordinates": [ [ -66.7, 21.5 ], [ -66.8, 22.4 ] ] } },
{ "type": "Feature", "properties": { "sid": "2022311N21293", "name": "Nicole", "season": 2022, "cat": -3, "wind": 35 }, "geometry": { "type": "LineString", "coordinates": [ [ -66.8, 22.4 ], [ -67.1, 23.2 ] ] } },
{ "type": "Feature", "properties": { "sid": "2022311N21293", "name": "Nicole", "season": 2022, "cat": -3, "wind": 35 }, "geometry": { "type": "LineString", "coordinates": [ [ -67.1, 23.2 ], [ -67.5, 23.9 ] ] } },
{ "type": "Feature", "properties": { "sid": "2022311N21293", "name": "Nicole", "season": 2022, "cat": -3, "wind": 35 }, "geometry": { "type": "LineString", "coordinates": [ [ -67.5, 23.9 ], [ -67.8, 24.6 ] ] } },
{ "type": "Feature", "properties": { "sid": "2022311N21293", "name": "Nicole", "season": 2022, "cat": -3, "wind": 38 }, "geometry": { "type": "LineString", "coordinates": [ [ -67.8, 24.6 ], [ -68.2, 25.2 ] ] } },
{ "type": "Feature", "properties": { "sid": "2022311N21293", "name": "Nicole", "season": 2022, "cat": -2, "wind": 40 }, "geometry": { "type": "LineString", "coordinates": [ [ -68.2, 25.2 ], [ -68.7, 25.6 ] ] } },
{ "type": "Feature", "properties": { "sid": "2022311N21293", "name": "Nicole", "season": 2022, "cat": -2, "wind": 40 }, "geometry": { "type": "LineString", "coordinates": [ [ -68.7, 25.6 ], [ -69.3, 25.9 ] ] } },
{ "type": "Feature", "properties": { "sid": "2023232N13300", "name": "Franklin", "season": 2023, "cat": -3, "wind": 25 }, "geometry": { "type": "LineString", "coordinates": [ [ -60.5, 12.8 ], [ -61.3, 12.9 ] ] } },
{ "type": "Feature", "properties": { "sid": "2023232N13300", "name": "Franklin", "season": 2023, "cat": -3, "wind": 25 }, "geometry": { "type": "LineString", "coordinates": [ [ -61.3, 12.9 ], [ -62.1, 13.1 ] ] } },
{ "type": "Feature", "properties": { "sid": "2023232N13300", "name": "Franklin", "season": 2023, "cat": -3, "wind": 25 }, "geometry": { "type": "LineString", "coordinates": [ [ -62.1, 13.1 ], [ -62.9, 13.3 ] ] } },
{ "type": "Feature", "properties": { "sid": "2023232N13300", "name": "Franklin", "season": 2023, "cat": -3, "wind": 28 }, "geometry": { "type": "LineString", "coordinates": [ [ -62.9, 13.3 ], [ -63.7, 13.5 ] ] } },
{ "type": "Feature", "properties": { "sid": "2023232N13300", "name": "Franklin", "season": 2023, "cat": -1, "wind": 30 }, "geometry": { "type": "LineString", "coordinates": [ [ -63.7, 13.5 ], [ -64.5, 13.7 ] ] } },
{ "type": "Feature", "properties": { "sid": "2023232N13300", "name": "Franklin", "season": 2023, "cat": -1, "wind": 33 }, "geometry": { "type": "LineString", "coordinates": [ [ -64.5, 13.7 ], [ -65.2, 14.0 ] ] } },
{ "type": "Feature", "properties": { "sid": "2023232N13300", "name": "Franklin", "season": 2023, "cat": 0, "wind": 35 }, "geometry": { "type": "LineString", "coordinates": [ [ -65.2, 14.0 ], [ -65.9, 14.3 ] ] } },
{ "type": "Feature", "properties": { "sid": "2023232N13300", "name": "Franklin", "season": 2023, "cat": 0, "wind": 38 }, "geometry": { "type": "LineString", "coordinates": [ [ -65.9, 14.3 ], [ -66.6, 14.5 ] ] } },
{ "type": "Feature", "properties": { "sid": "2023232N13300", "name": "Franklin", "season": 2023, "cat": 0, "wind": 40 }, "geometry": { "type": "LineString", "coordinates": [ [ -66.6, 14.5 ], [ -67.3, 14.7 ] ] } },
{ "type": "Feature", "properties": { "sid": "2023232N13300", "name": "Franklin", "season": 2023, "cat": 0, "wind": 43 }, "geometry": { "type": "LineString", "coordinates": [ [ -67.3, 14.7 ], [ -67.9, 14.8 ] ] } },
{ "type": "Feature", "properties": { "sid": "2023232N13300", "name": "Franklin", "season": 2023, "cat": 0, "wind": 45 }, "geometry": { "type": "LineString", "coordinates": [ [ -67.9, 14.8 ], [ -68.4, 14.8 ] ] } },
{ "type": "Feature", "properties": { "sid": "2023232N13300", "name": "Franklin", "season": 2023, "cat": 0, "wind": 45 }, "geometry": { "type": "LineString", "coordinates": [ [ -68.4, 14.8 ], [ -68.8, 14.8 ] ] } },
{ "type": "Feature", "properties": { "sid": "2023232N13300", "name": "Franklin", "season": 2023, "cat": 0, "wind": 45 }, "geometry": { "type": "LineString", "coordinates": [ [ -68.8, 14.8 ], [ -69.2, 14.7 ] ] } },
{ "type": "Feature", "properties": { "sid": "2023232N13300", "name": "Franklin", "season": 2023, "cat": 0, "wind": 45 }, "geometry": { "type": "LineString", "coordinates": [ [ -69.2, 14.7 ], [ -69.5, 14.6 ] ] } },
{ "type": "Feature", "properties": { "sid": "2023232N13300", "name": "Franklin", "season": 2023, "cat": 0, "wind": 45 }, "geometry": { "type": "LineString", "coordinates": [ [ -69.5, 14.6 ], [ -69.8, 14.3 ] ] } },
{ "type": "Feature", "properties": { "sid": "2023232N13300", "name": "Franklin", "season": 2023, "cat": 0, "wind": 45 }, "geometry": { "type": "LineString", "coordinates": [ [ -69.8, 14.3 ], [ -70.0, 14.1 ] ] } },
{ "type": "Feature", "properties": { "sid": "2023232N13300", "name": "Franklin", "season": 2023, "cat": 0, "wind": 45 }, "geometry": { "type": "LineString", "coordinates": [ [ -70.0, 14.1 ], [ -70.2, 14.0 ] ] } },
{ "type": "Feature", "properties": { "sid": "2023232N13300", "name": "Franklin", "season": 2023, "cat": 0, "wind": 45 }, "geometry": { "type": "LineString", "coordinates": [ [ -70.2, 14.0 ], [ -70.4, 14.0 ] ] } },
{ "type": "Feature", "properties": { "sid": "2023232N13300", "name": "Franklin", "season": 2023, "cat": 0, "wind": 45 }, "geometry": { "type": "LineString", "coordinates": [ [ -70.4, 14.0 ], [ -70.7, 14.0 ] ] } },
{ "type": "Feature", "properties": { "sid": "2023232N13300", "name": "Franklin", "season": 2023, "cat": 0, "wind": 43 }, "geometry": { "type": "LineString", "coordinates": [ [ -70.7, 14.0 ], [ -70.9, 14.1 ] ] } },
{ "type": "Feature", "properties": { "sid": "2023232N13300", "name": "Franklin", "season": 2023, "cat": 0, "wind": 40 }, "geometry": { "type": "LineString", "coordinates": [ [ -70.9, 14.1 ], [ -71.0, 14.4 ] ] } },
{ "type": "Feature", "properties": { "sid": "2023232N13300", "name": "Franklin", "season": 2023, "cat": 0, "wind": 40 }, "geometry": { "type": "LineString", "coordinates": [ [ -71.0, 14.4 ], [ -71.1, 14.8 ] ] } },
{ "type": "Feature", "properties": { "sid": "2023232N13300", "name": "Franklin", "season": 2023, "cat": 0, "wind": 40 }, "geometry": { "type": "LineString", "coordinates": [ [ -71.1, 14.8 ], [ -71.2, 15.2 ] ] } },
{ "type": "Feature", "properties": { "sid": "2023232N13300", "name": "Franklin", "season": 2023, "cat": 0, "wind": 38 }, "geometry": { "type": "LineString", "coordinates": [ [ -71.2, 15.2 ], [ -71.3, 15.6 ] ] } },
{ "type": "Feature", "properties": { "sid": "2023232N13300", "name": "Franklin", "season": 2023, "cat": 0, "wind": 35 }, "geometry": { "type": "LineString", "coordinates": [ [ -71.3, 15.6 ], [ -71.4, 16.0 ] ] } },
{ "type": "Feature", "properties": { "sid": "2023232N13300", "name": "Franklin", "season": 2023, "cat": 0, "wind": 35 }, "geometry": { "type": "LineString", "coordinates": [ [ -71.4, 16.0 ], [ -71.4, 16.5 ] ] } },
{ "type": "Feature", "properties": { "sid": "2023232N13300", "name": "Franklin", "season": 2023, "cat": 0, "wind": 35 }, "geometry": { "type": "LineString", "coordinates": [ [ -71.4, 16.5 ], [ -71.4, 16.9 ] ] } },
{ "type": "Feature", "properties": { "sid": "2023232N13300", "name": "Franklin", "season": 2023, "cat": 0, "wind": 38 }, "geometry": { "type": "LineString", "coordinates": [ [ -71.4, 16.9 ], [ -71.4, 17.3 ] ] } },
{ "type": "Feature", "properties": { "sid": "2023232N13300", "name": "Franklin", "season": 2023, "cat": 0, "wind": 40 }, "geometry": { "type": "LineString", "coordinates": [ [ -71.4, 17.3 ], [ -71.3, 17.7 ] ] } },
{ "type": "Feature", "properties": { "sid": "2023232N13300", "name": "Franklin", "season": 2023, "cat": 0, "wind": 40 }, "geometry": { "type": "LineString", "coordinates": [ [ -71.3, 17.7 ], [ -71.2, 17.9 ] ] } },
{ "type": "Feature", "properties": { "sid": "2023232N13300", "name": "Franklin", "season": 2023, "cat": 0, "wind": 40 }, "geometry": { "type": "LineString", "coordinates": [ [ -71.2, 17.9 ], [ -71.1, 18.3 ] ] } },
{ "type": "Feature", "properties": { "sid": "2023232N13300", "name": "Franklin", "season": 2023, "cat": 0, "wind": 40 }, "geometry": { "type": "LineString", "coordinates": [ [ -71.1, 18.3 ], [ -70.9, 18.9 ] ] } },
{ "type": "Feature", "properties": { "sid": "2023232N13300", "name": "Franklin", "season": 2023, "cat": 0, "wind": 38 }, "geometry": { "type": "LineString", "coordinates": [ [ -70.9, 18.9 ], [ -70.8, 19.4 ] ] } },
{ "type": "Feature", "properties": { "sid": "2023232N13300", "name": "Franklin", "season": 2023, "cat": 0, "wind": 35 }, "geometry": { "type": "LineString", "coordinates": [ [ -70.8, 19.4 ], [ -70.7, 20.0 ] ] } },
{ "type": "Feature", "properties": { "sid": "2023232N13300", "name": "Franklin", "season": 2023, "cat": 0, "wind": 38 }, "geometry": { "type": "LineString", "coordinates": [ [ -70.7, 20.0 ], [ -70.6, 20.6 ] ] } },
{ "type": "Feature", "properties": { "sid": "2023232N13300", "name": "Franklin", "season": 2023, "cat": 0, "wind": 40 }, "geometry": { "type": "LineString", "coordinates": [ [ -70.6, 20.6 ], [ -70.6, 21.2 ] ] } },
{ "type": "Feature", "properties": { "sid": "2023232N13300", "name": "Franklin", "season": 2023, "cat": 0, "wind": 43 }, "geometry": { "type": "LineString", "coordinates": [ [ -70.6, 21.2 ], [ -70.5, 21.6 ] ] } },
{ "type": "Feature", "properties": { "sid": "2023232N13300", "name": "Franklin", "season": 2023, "cat": 0, "wind": 45 }, "geometry": { "type": "LineString", "coordinates": [ [ -70.5, 21.6 ], [ -70.3, 21.9 ] ] } },
{ "type": "Feature", "properties": { "sid": "2023232N13300", "name": "Franklin", "season": 2023, "cat": 0, "wind": 48 }, "geometry": { "type": "LineString", "coordinates": [ [ -70.3, 21.9 ], [ -70.0, 22.0 ] ] } },
{ "type": "Feature", "properties": { "sid": "2023232N13300", "name": "Franklin", "season": 2023, "cat": 0, "wind": 50 }, "geometry": { "type": "LineString", "coordinates": [ [ -70.0, 22.0 ], [ -69.7, 22.1 ] ] } },
{ "type": "Feature", "properties": { "sid": "2023232N13300", "name": "Franklin", "season": 2023, "cat": 0, "wind": 50 }, "geometry": { "type": "LineString", "coordinates": [ [ -69.7, 22.1 ], [ -69.3, 22.2 ] ] } },
{ "type": "Feature", "properties": { "sid": "2023232N13300", "name": "Franklin", "season": 2023, "cat": 0, "wind": 50 }, "geometry": { "type": "LineString", "coordinates": [ [ -69.3, 22.2 ], [ -68.9, 22.3 ] ] } },
{ "type": "Feature", "properties": { "sid": "2023232N13300", "name": "Franklin", "season": 2023, "cat": 0, "wind": 50 }, "geometry": { "type": "LineString", "coordinates": [ [ -68.9, 22.3 ], [ -68.5, 22.4 ] ] } },
{ "type": "Feature", "properties": { "sid": "2023232N13300", "name": "Franklin", "season": 2023, "cat": 0, "wind": 50 }, "geometry": { "type": "LineString", "coordinates": [ [ -68.5, 22.4 ], [ -68.3, 22.3 ] ] } },
{ "type": "Feature", "properties": { "sid": "2023232N13300", "name": "Franklin", "season": 2023, "cat": 0, "wind": 50 }, "geometry": { "type": "LineString", "coordinates": [ [ -68.3, 22.3 ], [ -68.1, 22.2 ] ] } },
{ "type": "Feature", "properties": { "sid": "2023232N13300", "name": "Franklin", "season": 2023, "cat": 0, "wind": 50 }, "geometry": { "type": "LineString", "coordinates": [ [ -68.1, 22.2 ], [ -68.0, 22.0 ] ] } },
{ "type": "Feature", "properties": { "sid": "2023232N13300", "name": "Franklin", "season": 2023, "cat": 0, "wind": 48 }, "geometry": { "type": "LineString", "coordinates": [ [ -68.0, 22.0 ], [ -67.9, 21.9 ] ] } },
{ "type": "Feature", "properties": { "sid": "2023232N13300", "name": "Franklin", "season": 2023, "cat": 0, "wind": 45 }, "geometry": { "type": "LineString", "coordinates": [ [ -67.9, 21.9 ], [ -67.6, 21.8 ] ] } },
{ "type": "Feature", "properties": { "sid": "2023232N13300", "name": "Franklin", "season": 2023, "cat": 0, "wind": 45 }, "geometry": { "type": "LineString", "coordinates": [ [ -67.6, 21.8 ], [ -67.3, 21.8 ] ] } },
{ "type": "Feature", "properties": { "sid": "2023232N13300", "name": "Franklin", "season": 2023, "cat": 0, "wind": 45 }, "geometry": { "type": "LineString", "coordinates": [ [ -67.3, 21.8 ], [ -66.9, 22.0 ] ] } },
{ "type": "Feature", "properties": { "sid": "2023232N13300", "name": "Franklin", "season": 2023, "cat": 0, "wind": 48 }, "geometry": { "type": "LineString", "coordinates": [ [ -66.9, 22.0 ], [ -66.5, 22.2 ] ] } },
{ "type": "Feature", "properties": { "sid": "2023232N13300", "name": "Franklin", "season": 2023, "cat": 0, "wind": 50 }, "geometry": { "type": "LineString", "coordinates": [ [ -66.5, 22.2 ], [ -66.2, 22.4 ] ] } },
{ "type": "Feature", "properties": { "sid": "2023232N13300", "name": "Franklin", "season": 2023, "cat": 0, "wind": 53 }, "geometry": { "type": "LineString", "coordinates": [ [ -66.2, 22.4 ], [ -66.0, 22.6 ] ] } },
{ "type": "Feature", "properties": { "sid": "2023232N13300", "name": "Franklin", "season": 2023, "cat": 0, "wind": 55 }, "geometry": { "type": "LineString", "coordinates": [ [ -66.0, 22.6 ], [ -66.2, 22.9 ] ] } },
{ "type": "Feature", "properties": { "sid": "2023232N13300", "name": "Franklin", "season": 2023, "cat": 0, "wind": 60 }, "geometry": { "type": "LineString", "coordinates": [ [ -66.2, 22.9 ], [ -66.5, 23.2 ] ] } },
{ "type": "Feature", "properties": { "sid": "2023232N13300", "name": "Franklin", "season": 2023, "cat": 1, "wind": 65 }, "geometry": { "type": "LineString", "coordinates": [ [ -66.5, 23.2 ], [ -66.9, 23.4 ] ] } },
{ "type": "Feature", "properties": { "sid": "2023232N13300", "name": "Franklin", "season": 2023, "cat": 1, "wind": 68 }, "geometry": { "type": "LineString", "coordinates": [ [ -66.9, 23.4 ], [ -67.3, 23.5 ] ] } },
{ "type": "Feature", "properties": { "sid": "2023232N13300", "name": "Franklin", "season": 2023, "cat": 1, "wind": 70 }, "geometry": { "type": "LineString", "coordinates": [ [ -67.3, 23.5 ], [ -67.6, 23.7 ] ] } },
{ "type": "Feature", "properties": { "sid": "2023232N13300", "name": "Franklin", "season": 2023, "cat": 1, "wind": 73 }, "geometry": { "type": "LineString", "coordinates": [ [ -67.6, 23.7 ], [ -67.9, 23.9 ] ] } },
{ "type": "Feature", "properties": { "sid": "2023232N13300", "name": "Franklin", "season": 2023, "cat": 1, "wind": 75 }, "geometry": { "type": "LineString", "coordinates": [ [ -67.9, 23.9 ], [ -68.2, 24.1 ] ] } },
{ "type": "Feature", "properties": { "sid": "2023232N13300", "name": "Franklin", "season": 2023, "cat": 1, "wind": 75 }, "geometry": { "type": "LineString", "coordinates": [ [ -68.2, 24.1 ], [ -68.5, 24.4 ] ] } },
{ "type": "Feature", "properties": { "sid": "2023232N13300", "name": "Franklin", "season": 2023, "cat": 1, "wind": 75 }, "geometry": { "type": "LineString", "coordinates": [ [ -68.5, 24.4 ], [ -68.8, 24.6 ] ] } },
{ "type": "Feature", "properties": { "sid": "2023232N13300", "name": "Franklin", "season": 2023, "cat": 1, "wind": 78 }, "geometry": { "type": "LineString", "coordinates": [ [ -68.8, 24.6 ], [ -69.1, 24.9 ] ] } },
{ "type": "Feature", "properties": { "sid": "2023232N13300", "name": "Franklin", "season": 2023, "cat": 1, "wind": 80 }, "geometry": { "type": "LineString", "coordinates": [ [ -69.1, 24.9 ], [ -69.4, 25.2 ] ] } },
{ "type": "Feature", "properties": { "sid": "2023232N13300", "name": "Franklin", "season": 2023, "cat": 1, "wind": 80 }, "geometry": { "type": "LineString", "coordinates": [ [ -69.4, 25.2 ], [ -69.7, 25.5 ] ] } },
{ "type": "Feature", "properties": { "sid": "2023266N16323", "name": "Philippe", "season": 2023, "cat": 0, "wind": 50 }, "geometry": { "type": "LineString", "coordinates": [ [ -57.5, 16.0 ], [ -58.0, 16.0 ] ] } },
{ "type": "Feature", "properties": { "sid": "2023266N16323", "name": "Philippe", "season": 2023, "cat": 0, "wind": 48 }, "geometry": { "type": "LineString", "coordinates": [ [ -58.0, 16.0 ], [ -58.4, 16.0 ] ] } },
{ "type": "Feature", "properties": { "sid": "2023266N16323", "name": "Philippe", "season": 2023, "cat": 0, "wind": 45 }, "geometry": { "type": "LineString", "coordinates": [ [ -58.4, 16.0 ], [ -58.7, 16.1 ] ] } },
{ "type": "Feature", "properties": { "sid": "2023266N16323", "name": "Philippe", "season": 2023, "cat": 0, "wind": 45 }, "geometry": { "type": "LineString", "coordinates": [ [ -58.7, 16.1 ], [ -58.8, 16.2 ] ] } },
{ "type": "Feature", "properties": { "sid": "2023266N16323", "name": "Philippe", "season": 2023, "cat": 0, "wind": 45 }, "geometry": { "type": "LineString", "coordinates": [ [ -58.8, 16.2 ], [ -58.9, 16.3 ] ] } },
{ "type": "Feature", "properties": { "sid": "2023266N16323", "name": "Philippe", "season": 2023, "cat": 0, "wind": 45 }, "geometry": { "type": "LineString", "coordinates": [ [ -58.9, 16.3 ], [ -59.0, 16.5 ] ] } },
{ "type": "Feature", "properties": { "sid": "2023266N16323", "name": "Philippe", "season": 2023, "cat": 0, "wind": 45 }, "geometry": { "type": "LineString", "coordinates": [ [ -59.0, 16.5 ], [ -59.3, 16.7 ] ] } },
{ "type": "Feature", "properties": { "sid": "2023266N16323", "name": "Philippe", "season": 2023, "cat": 0, "wind": 45 }, "geometry": { "type": "LineString", "coordinates": [ [ -59.3, 16.7 ], [ -59.7, 16.8 ] ] } },
{ "type": "Feature", "properties": { "sid": "2023266N16323", "name": "Philippe", "season": 2023, "cat": 0, "wind": 45 }, "geometry": { "type": "LineString", "coordinates": [ [ -59.7, 16.8 ], [ -60.1, 16.8 ] ] } },
{ "type": "Feature", "properties": { "sid": "2023266N16323", "name": "Philippe", "season": 2023, "cat": 0, "wind": 45 }, "geometry": { "type": "LineString", "coordinates": [ [ -60.1, 16.8 ], [ -60.5, 16.9 ] ] } },
{ "type": "Feature", "properties": { "sid": "2023266N16323", "name": "Philippe", "season": 2023, "cat": 0, "wind": 45 }, "geometry": { "type": "LineString", "coordinates": [ [ -60.5, 16.9 ], [ -60.9, 17.1 ] ] } },
{ "type": "Feature", "properties": { "sid": "2023266N16323", "name": "Philippe", "season": 2023, "cat": 0, "wind": 45 }, "geometry": { "type": "LineString", "coordinates": [ [ -60.9, 17.1 ], [ -61.2, 17.3 ] ] } },
{ "type": "Feature", "properties": { "sid": "2023266N16323", "name": "Philippe", "season": 2023, "cat": 0, "wind": 45 }, "geometry": { "type": "LineString", "coordinates": [ [ -61.2, 17.3 ], [ -61.6, 17.5 ] ] } },
{ "type": "Feature", "properties": { "sid": "2023266N16323", "name": "Philippe", "season": 2023, "cat": 0, "wind": 45 }, "geometry": { "type": "LineString", "coordinates": [ [ -61.6, 17.5 ], [ -61.8, 17.6 ] ] } },
{ "type": "Feature", "properties": { "sid": "2023266N16323", "name": "Philippe", "season": 2023, "cat": 0, "wind": 45 }, "geometry": { "type": "LineString", "coordinates": [ [ -61.8, 17.6 ], [ -61.9, 17.6 ] ] } },
{ "type": "Feature", "properties": { "sid": "2023266N16323", "name": "Philippe", "season": 2023, "cat": 0, "wind": 45 }, "geometry": { "type": "LineString", "coordinates": [ [ -61.9, 17.6 ], [ -62.3, 17.8 ] ] } },
{ "type": "Feature", "properties": { "sid": "2023266N16323", "name": "Philippe", "season": 2023, "cat": 0, "wind": 45 }, "geometry": { "type": "LineString", "coordinates": [ [ -62.3, 17.8 ], [ -62.7, 18.1 ] ] } },
{ "type": "Feature", "properties": { "sid": "2023266N16323", "name": "Philippe", "season": 2023, "cat": 0, "wind": 45 }, "geometry": { "type": "LineString", "coordinates": [ [ -62.7, 18.1 ], [ -63.1, 18.3 ] ] } },
{ "type": "Feature", "properties": { "sid": "2023266N16323", "name": "Philippe", "season": 2023, "cat": 0, "wind": 43 }, "geometry": { "type": "LineString", "coordinates": [ [ -63.1, 18.3 ], [ -63.6, 18.6 ] ] } },
{ "type": "Feature", "properties": { "sid": "2023266N16323", "name": "Philippe", "season": 2023, "cat": 0, "wind": 40 }, "geometry": { "type": "LineString", "coordinates": [ [ -63.6, 18.6 ], [ -64.1, 18.9 ] ] } },
{ "type": "Feature", "properties": { "sid": "2023266N16323", "name": "Philippe", "season": 2023, "cat": 0, "wind": 40 }, "geometry": { "type": "LineString", "coordinates": [ [ -64.1, 18.9 ], [ -64.5, 19.1 ] ] } },
{ "type": "Feature", "properties": { "sid": "2023266N16323", "name": "Philippe", "season": 2023, "cat": 0, "wind": 40 }, "geometry": { "type": "LineString", "coordinates": [ [ -64.5, 19.1 ], [ -64.9, 19.3 ] ] } },
{ "type": "Feature", "properties": { "sid": "2023266N16323", "name": "Philippe", "season": 2023, "cat": 0, "wind": 40 }, "geometry": { "type": "LineString", "coordinates": [ [ -64.9, 19.3 ], [ -65.2, 19.5 ] ] } },
{ "type": "Feature", "properties": { "sid": "2023266N16323", "name": "Philippe", "season": 2023, "cat": 0, "wind": 40 }, "geometry": { "type": "LineString", "coordinates": [ [ -65.2, 19.5 ], [ -65.3, 19.8 ] ] } },
{ "type": "Feature", "properties": { "sid": "2023266N16323", "name": "Philippe", "season": 2023, "cat": 0, "wind": 40 }, "geometry": { "type": "LineString", "coordinates": [ [ -65.3, 19.8 ], [ -65.4, 20.2 ] ] } },
{ "type": "Feature", "properties": { "sid": "2023266N16323", "name": "Philippe", "season": 2023, "cat": 0, "wind": 40 }, "geometry": { "type": "LineString", "coordinates": [ [ -65.4, 20.2 ], [ -65.5, 20.7 ] ] } },
{ "type": "Feature", "properties": { "sid": "2023266N16323", "name": "Philippe", "season": 2023, "cat": 0, "wind": 40 }, "geometry": { "type": "LineString", "coordinates": [ [ -65.5, 20.7 ], [ -65.6, 21.2 ] ] } },
{ "type": "Feature", "properties": { "sid": "2023266N16323", "name": "Philippe", "season": 2023, "cat": 0, "wind": 40 }, "geometry": { "type": "LineString", "coordinates": [ [ -65.6, 21.2 ], [ -65.7, 21.7 ] ] } },
{ "type": "Feature", "properties": { "sid": "2023266N16323", "name": "Philippe", "season": 2023, "cat": 0, "wind": 38 }, "geometry": { "type": "LineString", "coordinates": [ [ -65.7, 21.7 ], [ -65.8, 22.2 ] ] } },
{ "type": "Feature", "properties": { "sid": "2023266N16323", "name": "Philippe", "season": 2023, "cat": 0, "wind": 35 }, "geometry": { "type": "LineString", "coordinates": [ [ -65.8, 22.2 ], [ -65.9, 22.7 ] ] } },
{ "type": "Feature", "properties": { "sid": "2023266N16323", "name": "Philippe", "season": 2023, "cat": 0, "wind": 35 }, "geometry": { "type": "LineString", "coordinates": [ [ -65.9, 22.7 ], [ -66.0, 23.1 ] ] } },
{ "type": "Feature", "properties": { "sid": "2023266N16323", "name": "Philippe", "season": 2023, "cat": 0, "wind": 35 }, "geometry": { "type": "LineString", "coordinates": [ [ -66.0, 23.1 ], [ -66.1, 23.5 ] ] } },
{ "type": "Feature", "properties": { "sid": "2023266N16323", "name": "Philippe", "season": 2023, "cat": 0, "wind": 38 }, "geometry": { "type": "LineString", "coordinates": [ [ -66.1, 23.5 ], [ -66.2, 24.0 ] ] } },
{ "type": "Feature", "properties": { "sid": "2023266N16323", "name": "Philippe", "season": 2023, "cat": 0, "wind": 40 }, "geometry": { "type": "LineString", "coordinates": [ [ -66.2, 24.0 ], [ -66.3, 24.5 ] ] } },
{ "type": "Feature", "properties": { "sid": "2023266N16323", "name": "Philippe", "season": 2023, "cat": 0, "wind": 43 }, "geometry": { "type": "LineString", "coordinates": [ [ -66.3, 24.5 ], [ -66.3, 25.1 ] ] } },
{ "type": "Feature", "properties": { "sid": "2023266N16323", "name": "Philippe", "season": 2023, "cat": 0, "wind": 45 }, "geometry": { "type": "LineString", "coordinates": [ [ -66.3, 25.1 ], [ -66.2, 25.7 ] ] } },
{ "type": "Feature", "properties": { "sid": "2023266N16323", "name": "Philippe", "season": 2023, "cat": 0, "wind": 45 }, "geometry": { "type": "LineString", "coordinates": [ [ -66.2, 25.7 ], [ -66.1, 26.4 ] ] } },
{ "type": "Feature", "properties": { "sid": "2023292N13309", "name": "Tammy", "season": 2023, "cat": 0, "wind": 63 }, "geometry": { "type": "LineString", "coordinates": [ [ -58.6, 14.0 ], [ -58.9, 14.1 ] ] } },
{ "type": "Feature", "properties": { "sid": "2023292N13309", "name": "Tammy", "season": 2023, "cat": 1, "wind": 65 }, "geometry": { "type": "LineString", "coordinates": [ [ -58.9, 14.1 ], [ -59.2, 14.3 ] ] } },
{ "type": "Feature", "properties": { "sid": "2023292N13309", "name": "Tammy", "season": 2023, "cat": 1, "wind": 68 }, "geometry": { "type": "LineString", "coordinates": [ [ -59.2, 14.3 ], [ -59.6, 14.5 ] ] } },
{ "type": "Feature", "properties": { "sid": "2023292N13309", "name": "Tammy", "season": 2023, "cat": 1, "wind": 70 }, "geometry": { "type": "LineString", "coordinates": [ [ -59.6, 14.5 ], [ -60.0, 14.7 ] ] } },
{ "type": "Feature", "properties": { "sid": "2023292N13309", "name": "Tammy", "season": 2023, "cat": 1, "wind": 70 }, "geometry": { "type": "LineString", "coordinates": [ [ -60.0, 14.7 ], [ -60.3, 14.9 ] ] } },
{ "type": "Feature", "properties": { "sid": "2023292N13309", "name": "Tammy", "season": 2023, "cat": 1, "wind": 70 }, "geometry": { "type": "LineString", "coordinates": [ [ -60.3, 14.9 ], [ -60.5, 15.2 ] ] } },
{ "type": "Feature", "properties": { "sid": "2023292N13309", "name": "Tammy", "season": 2023, "cat": 1, "wind": 73 }, "geometry": { "type": "LineString", "coordinates": [ [ -60.5, 15.2 ], [ -60.6, 15.6 ] ] } },
{ "type": "Feature", "properties": { "sid": "2023292N13309", "name": "Tammy", "season": 2023, "cat": 1, "wind": 75 }, "geometry": { "type": "LineString", "coordinates": [ [ -60.6, 15.6 ], [ -60.8, 16.1 ] ] } },
{ "type": "Feature", "properties": { "sid": "2023292N13309", "name": "Tammy", "season": 2023, "cat": 1, "wind": 75 }, "geometry": { "type": "LineString", "coordinates": [ [ -60.8, 16.1 ], [ -61.0, 16.6 ] ] } },
{ "type": "Feature", "properties": { "sid": "2023292N13309", "name": "Tammy", "season": 2023, "cat": 1, "wind": 75 }, "geometry": { "type": "LineString", "coordinates": [ [ -61.0, 16.6 ], [ -61.4, 17.1 ] ] } },
{ "type": "Feature", "properties": { "sid": "2023292N13309", "name": "Tammy", "season": 2023, "cat": 1, "wind": 78 }, "geometry": { "type": "LineString", "coordinates": [ [ -61.4, 17.1 ], [ -61.7, 17.5 ] ] } },
{ "type": "Feature", "properties": { "sid": "2023292N13309", "name": "Tammy", "season": 2023, "cat": 1, "wind": 80 }, "geometry": { "type": "LineString", "coordinates": [ [ -61.7, 17.5 ], [ -61.8, 17.6 ] ] } },
{ "type": "Feature", "properties": { "sid": "2023292N13309", "name": "Tammy", "season": 2023, "cat": 1, "wind": 80 }, "geometry": { "type": "LineString", "coordinates": [ [ -61.8, 17.6 ], [ -61.9, 17.7 ] ] } },
{ "type": "Feature", "properties": { "sid": "2023292N13309", "name": "Tammy", "season": 2023, "cat": 1, "wind": 78 }, "geometry": { "type": "LineString", "coordinates": [ [ -61.9, 17.7 ], [ -62.2, 18.0 ] ] } },
{ "type": "Feature", "properties": { "sid": "2023292N13309", "name": "Tammy", "season": 2023, "cat": 1, "wind": 75 }, "geometry": { "type": "LineString", "coordinates": [ [ -62.2, 18.0 ], [ -62.5, 18.3 ] ] } },
{ "type": "Feature", "properties": { "sid": "2023292N13309", "name": "Tammy", "season": 2023, "cat": 1, "wind": 75 }, "geometry": { "type": "LineString", "coordinates": [ [ -62.5, 18.3 ], [ -62.8, 18.7 ] ] } },
{ "type": "Feature", "properties": { "sid": "2023292N13309", "name": "Tammy", "season": 2023, "cat": 1, "wind": 75 }, "geometry": { "type": "LineString", "coordinates": [ [ -62.8, 18.7 ], [ -63.1, 19.0 ] ] } },
{ "type": "Feature", "properties": { "sid": "2023292N13309", "name": "Tammy", "season": 2023, "cat": 1, "wind": 75 }, "geometry": { "type": "LineString", "coordinates": [ [ -63.1, 19.0 ], [ -63.4, 19.4 ] ] } },
{ "type": "Feature", "properties": { "sid": "2023292N13309", "name": "Tammy", "season": 2023, "cat": 1, "wind": 75 }, "geometry": { "type": "LineString", "coordinates": [ [ -63.4, 19.4 ], [ -63.7, 19.8 ] ] } },
{ "type": "Feature", "properties": { "sid": "2023292N13309", "name": "Tammy", "season": 2023, "cat": 1, "wind": 75 }, "geometry": { "type": "LineString", "coordinates": [ [ -63.7, 19.8 ], [ -63.9, 20.2 ] ] } },
{ "type": "Feature", "properties": { "sid": "2023292N13309", "name": "Tammy", "season": 2023, "cat": 1, "wind": 75 }, "geometry": { "type": "LineString", "coordinates": [ [ -63.9, 20.2 ], [ -64.0, 20.6 ] ] } },
{ "type": "Feature", "properties": { "sid": "2023292N13309", "name": "Tammy", "season": 2023, "cat": 1, "wind": 73 }, "geometry": { "type": "LineString", "coordinates": [ [ -64.0, 20.6 ], [ -64.0, 21.0 ] ] } },
{ "type": "Feature", "properties": { "sid": "2023292N13309", "name": "Tammy", "season": 2023, "cat": 1, "wind": 70 }, "geometry": { "type": "LineString", "coordinates": [ [ -64.0, 21.0 ], [ -64.0, 21.3 ] ] } },
{ "type": "Feature", "properties": { "sid": "2023292N13309", "name": "Tammy", "season": 2023, "cat": 1, "wind": 70 }, "geometry": { "type": "LineString", "coordinates": [ [ -64.0, 21.3 ], [ -64.0, 21.6 ] ] } },
{ "type": "Feature", "properties": { "sid": "2023292N13309", "name": "Tammy", "season": 2023, "cat": 1, "wind": 70 }, "geometry": { "type": "LineString", "coordinates": [ [ -64.0, 21.6 ], [ -63.9, 21.9 ] ] } },
{ "type": "Feature", "properties": { "sid": "2023292N13309", "name": "Tammy", "season": 2023, "cat": 1, "wind": 68 }, "geometry": { "type": "LineString", "coordinates": [ [ -63.9, 21.9 ], [ -63.8, 22.1 ] ] } },
{ "type": "Feature", "properties": { "sid": "2023292N13309", "name": "Tammy", "season": 2023, "cat": 1, "wind": 65 }, "geometry": { "type": "LineString", "coordinates": [ [ -63.8, 22.1 ], [ -63.7, 22.3 ] ] } },
{ "type": "Feature", "properties": { "sid": "2023292N13309", "name": "Tammy", "season": 2023, "cat": 1, "wind": 65 }, "geometry": { "type": "LineString", "coordinates": [ [ -63.7, 22.3 ], [ -63.5, 22.6 ] ] } },
{ "type": "Feature", "properties": { "sid": "2023292N13309", "name": "Tammy", "season": 2023, "cat": 1, "wind": 65 }, "geometry": { "type": "LineString", "coordinates": [ [ -63.5, 22.6 ], [ -63.3, 22.8 ] ] } },
{ "type": "Feature", "properties": { "sid": "2023292N13309", "name": "Tammy", "season": 2023, "cat": 1, "wind": 65 }, "geometry": { "type": "LineString", "coordinates": [ [ -63.3, 22.8 ], [ -63.1, 23.1 ] ] } },
{ "type": "Feature", "properties": { "sid": "2023292N13309", "name": "Tammy", "season": 2023, "cat": 1, "wind": 65 }, "geometry": { "type": "LineString", "coordinates": [ [ -63.1, 23.1 ], [ -62.9, 23.4 ] ] } },
{ "type": "Feature", "properties": { "sid": "2023292N13309", "name": "Tammy", "season": 2023, "cat": 1, "wind": 65 }, "geometry": { "type": "LineString", "coordinates": [ [ -62.9, 23.4 ], [ -62.6, 23.6 ] ] } },
{ "type": "Feature", "properties": { "sid": "2023292N13309", "name": "Tammy", "season": 2023, "cat": 1, "wind": 65 }, "geometry": { "type": "LineString", "coordinates": [ [ -62.6, 23.6 ], [ -62.3, 23.8 ] ] } },
{ "type": "Feature", "properties": { "sid": "2023292N13309", "name": "Tammy", "season": 2023, "cat": 1, "wind": 65 }, "geometry": { "type": "LineString", "coordinates": [ [ -62.3, 23.8 ], [ -62.0, 24.0 ] ] } },
{ "type": "Feature", "properties": { "sid": "2023292N13309", "name": "Tammy", "season": 2023, "cat": 1, "wind": 65 }, "geometry": { "type": "LineString", "coordinates": [ [ -62.0, 24.0 ], [ -61.6, 24.2 ] ] } },
{ "type": "Feature", "properties": { "sid": "2023292N13309", "name": "Tammy", "season": 2023, "cat": 1, "wind": 70 }, "geometry": { "type": "LineString", "coordinates": [ [ -61.6, 24.2 ], [ -61.2, 24.5 ] ] } },
{ "type": "Feature", "properties": { "sid": "2023292N13309", "name": "Tammy", "season": 2023, "cat": 1, "wind": 75 }, "geometry": { "type": "LineString", "coordinates": [ [ -61.2, 24.5 ], [ -60.8, 24.8 ] ] } },
{ "type": "Feature", "properties": { "sid": "2024181N09320", "name": "Beryl", "season": 2024, "cat": 4, "wind": 115 }, "geometry": { "type": "LineString", "coordinates": [ [ -60.6, 12.0 ], [ -61.4, 12.5 ] ] } },
{ "type": "Feature", "properties": { "sid": "2024181N09320", "name": "Beryl", "season": 2024, "cat": 4, "wind": 119 }, "geometry": { "type": "LineString", "coordinates": [ [ -61.4, 12.5 ], [ -61.5, 12.5 ] ] } },
{ "type": "Feature", "properties": { "sid": "2024181N09320", "name": "Beryl", "season": 2024, "cat": 4, "wind": 120 }, "geometry": { "type": "LineString", "coordinates": [ [ -61.5, 12.5 ], [ -62.3, 12.8 ] ] } },
{ "type": "Feature", "properties": { "sid": "2024181N09320", "name": "Beryl", "season": 2024, "cat": 4, "wind": 130 }, "geometry": { "type": "LineString", "coordinates": [ [ -62.3, 12.8 ], [ -63.2, 13.1 ] ] } },
{ "type": "Feature", "properties": { "sid": "2024181N09320", "name": "Beryl", "season": 2024, "cat": 4, "wind": 135 }, "geometry": { "type": "LineString", "coordinates": [ [ -63.2, 13.1 ], [ -64.1, 13.5 ] ] } },
{ "type": "Feature", "properties": { "sid": "2024181N09320", "name": "Beryl", "season": 2024, "cat": 5, "wind": 140 }, "geometry": { "type": "LineString", "coordinates": [ [ -64.1, 13.5 ], [ -65.0, 13.9 ] ] } },
{ "type": "Feature", "properties": { "sid": "2024181N09320", "name": "Beryl", "season": 2024, "cat": 5, "wind": 143 }, "geometry": { "type": "LineString", "coordinates": [ [ -65.0, 13.9 ], [ -65.9, 14.3 ] ] } },
{ "type": "Feature", "properties": { "sid": "2024181N09320", "name": "Beryl", "season": 2024, "cat": 5, "wind": 145 }, "geometry": { "type": "LineString", "coordinates": [ [ -65.9, 14.3 ], [ -66.9, 14.7 ] ] } },
{ "type": "Feature", "properties": { "sid": "2024181N09320", "name": "Beryl", "season": 2024, "cat": 5, "wind": 145 }, "geometry": { "type": "LineString", "coordinates": [ [ -66.9, 14.7 ], [ -67.2, 14.8 ] ] } },
{ "type": "Feature", "properties": { "sid": "2024181N09320", "name": "Beryl", "season": 2024, "cat": 5, "wind": 145 }, "geometry": { "type": "LineString", "coordinates": [ [ -67.2, 14.8 ], [ -67.9, 15.0 ] ] } },
{ "type": "Feature", "properties": { "sid": "2024181N09320", "name": "Beryl", "season": 2024, "cat": 5, "wind": 140 }, "geometry": { "type": "LineString", "coordinates": [ [ -67.9, 15.0 ], [ -68.9, 15.3 ] ] } },
{ "type": "Feature", "properties": { "sid": "2024181N09320", "name": "Beryl", "season": 2024, "cat": 5, "wind": 138 }, "geometry": { "type": "LineString", "coordinates": [ [ -68.9, 15.3 ], [ -69.9, 15.6 ] ] } },
{ "type": "Feature", "properties": { "sid": "2024181N09320", "name": "Beryl", "season": 2024, "cat": 4, "wind": 135 }, "geometry": { "type": "LineString", "coordinates": [ [ -69.9, 15.6 ], [ -70.9, 15.8 ] ] } },
{ "type": "Feature", "properties": { "sid": "2024181N09320", "name": "Beryl", "season": 2024, "cat": 4, "wind": 133 }, "geometry": { "type": "LineString", "coordinates": [ [ -70.9, 15.8 ], [ -71.8, 16.0 ] ] } },
{ "type": "Feature", "properties": { "sid": "2024181N09320", "name": "Beryl", "season": 2024, "cat": 4, "wind": 130 }, "geometry": { "type": "LineString", "coordinates": [ [ -71.8, 16.0 ], [ -72.7, 16.1 ] ] } },
{ "type": "Feature", "properties": { "sid": "2024181N09320", "name": "Beryl", "season": 2024, "cat": 4, "wind": 128 }, "geometry": { "type": "LineString", "coordinates": [ [ -72.7, 16.1 ], [ -73.5, 16.3 ] ] } },
{ "type": "Feature", "properties": { "sid": "2024181N09320", "name": "Beryl", "season": 2024, "cat": 4, "wind": 125 }, "geometry": { "type": "LineString", "coordinates": [ [ -73.5, 16.3 ], [ -74.4, 16.5 ] ] } },
{ "type": "Feature", "properties": { "sid": "2024181N09320", "name": "Beryl", "season": 2024, "cat": 4, "wind": 125 }, "geometry": { "type": "LineString", "coordinates": [ [ -74.4, 16.5 ], [ -75.3, 16.8 ] ] } },
{ "type": "Feature", "properties": { "sid": "2024225N14313", "name": "Ernesto", "season": 2024, "cat": 0, "wind": 35 }, "geometry": { "type": "LineString", "coordinates": [ [ -57.6, 16.0 ], [ -58.6, 16.0 ] ] } },
{ "type": "Feature", "properties": { "sid": "2024225N14313", "name": "Ernesto", "season": 2024, "cat": 0, "wind": 35 }, "geometry": { "type": "LineString", "coordinates": [ [ -58.6, 16.0 ], [ -59.6, 16.0 ] ] } },
{ "type": "Feature", "properties": { "sid": "2024225N14313", "name": "Ernesto", "season": 2024, "cat": 0, "wind": 35 }, "geometry": { "type": "LineString", "coordinates": [ [ -59.6, 16.0 ], [ -60.5, 16.1 ] ] } },
{ "type": "Feature", "properties": { "sid": "2024225N14313", "name": "Ernesto", "season": 2024, "cat": 0, "wind": 35 }, "geometry": { "type": "LineString", "coordinates": [ [ -60.5, 16.1 ], [ -61.2, 16.3 ] ] } },
{ "type": "Feature", "properties": { "sid": "2024225N14313", "name": "Ernesto", "season": 2024, "cat": 0, "wind": 35 }, "geometry": { "type": "LineString", "coordinates": [ [ -61.2, 16.3 ], [ -61.4, 16.4 ] ] } },
{ "type": "Feature", "properties": { "sid": "2024225N14313", "name": "Ernesto", "season": 2024, "cat": 0, "wind": 35 }, "geometry": { "type": "LineString", "coordinates": [ [ -61.4, 16.4 ], [ -62.0, 16.6 ] ] } },
{ "type": "Feature", "properties": { "sid": "2024225N14313", "name": "Ernesto", "season": 2024, "cat": 0, "wind": 40 }, "geometry": { "type": "LineString", "coordinates": [ [ -62.0, 16.6 ], [ -62.2, 16.7 ] ] } },
{ "type": "Feature", "properties": { "sid": "2024225N14313", "name": "Ernesto", "season": 2024, "cat": 0, "wind": 40 }, "geometry": { "type": "LineString", "coordinates": [ [ -62.2, 16.7 ], [ -62.7, 17.0 ] ] } },
{ "type": "Feature", "properties": { "sid": "2024225N14313", "name": "Ernesto", "season": 2024, "cat": 0, "wind": 44 }, "geometry": { "type": "LineString", "coordinates": [ [ -62.7, 17.0 ], [ -63.5, 17.6 ] ] } },
{ "type": "Feature", "properties": { "sid": "2024225N14313", "name": "Ernesto", "season": 2024, "cat": 0, "wind": 50 }, "geometry": { "type": "LineString", "coordinates": [ [ -63.5, 17.6 ], [ -64.0, 17.9 ] ] } },
{ "type": "Feature", "properties": { "sid": "2024225N14313", "name": "Ernesto", "season": 2024, "cat": 0, "wind": 53 }, "geometry": { "type": "LineString", "coordinates": [ [ -64.0, 17.9 ], [ -64.7, 18.3 ] ] } },
{ "type": "Feature", "properties": { "sid": "2024225N14313", "name": "Ernesto", "season": 2024, "cat": 0, "wind": 55 }, "geometry": { "type": "LineString", "coordinates": [ [ -64.7, 18.3 ], [ -64.9, 18.4 ] ] } },
{ "type": "Feature", "properties": { "sid": "2024225N14313", "name": "Ernesto", "season": 2024, "cat": 0, "wind": 55 }, "geometry": { "type": "LineString", "coordinates": [ [ -64.9, 18.4 ], [ -65.6, 18.8 ] ] } },
{ "type": "Feature", "properties": { "sid": "2024225N14313", "name": "Ernesto", "season": 2024, "cat": 0, "wind": 58 }, "geometry": { "type": "LineString", "coordinates": [ [ -65.6, 18.8 ], [ -66.0, 19.0 ] ] } },
{ "type": "Feature", "properties": { "sid": "2024225N14313", "name": "Ernesto", "season": 2024, "cat": 0, "wind": 60 }, "geometry": { "type": "LineString", "coordinates": [ [ -66.0, 19.0 ], [ -66.6, 19.4 ] ] } },
{ "type": "Feature", "properties": { "sid": "2024225N14313", "name": "Ernesto", "season": 2024, "cat": 0, "wind": 63 }, "geometry": { "type": "LineString", "coordinates": [ [ -66.6, 19.4 ], [ -67.2, 19.9 ] ] } },
{ "type": "Feature", "properties": { "sid": "2024225N14313", "name": "Ernesto", "season": 2024, "cat": 1, "wind": 65 }, "geometry": { "type": "LineString", "coordinates": [ [ -67.2, 19.9 ], [ -67.6, 20.5 ] ] } },
{ "type": "Feature", "properties": { "sid": "2024225N14313", "name": "Ernesto", "season": 2024, "cat": 1, "wind": 65 }, "geometry": { "type": "LineString", "coordinates": [ [ -67.6, 20.5 ], [ -68.0, 21.1 ] ] } },
{ "type": "Feature", "properties": { "sid": "2024225N14313", "name": "Ernesto", "season": 2024, "cat": 1, "wind": 65 }, "geometry": { "type": "LineString", "coordinates": [ [ -68.0, 21.1 ], [ -68.4, 21.7 ] ] } },
{ "type": "Feature", "properties": { "sid": "2024225N14313", "name": "Ernesto", "season": 2024, "cat": 1, "wind": 68 }, "geometry": { "type": "LineString", "coordinates": [ [ -68.4, 21.7 ], [ -68.7, 22.3 ] ] } },
{ "type": "Feature", "properties": { "sid": "2024225N14313", "name": "Ernesto", "season": 2024, "cat": 1, "wind": 70 }, "geometry": { "type": "LineString", "coordinates": [ [ -68.7, 22.3 ], [ -69.0, 22.9 ] ] } },
{ "type": "Feature", "properties": { "sid": "2024225N14313", "name": "Ernesto", "season": 2024, "cat": 1, "wind": 73 }, "geometry": { "type": "LineString", "coordinates": [ [ -69.0, 22.9 ], [ -69.2, 23.4 ] ] } },
{ "type": "Feature", "properties": { "sid": "2024225N14313", "name": "Ernesto", "season": 2024, "cat": 1, "wind": 75 }, "geometry": { "type": "LineString", "coordinates": [ [ -69.2, 23.4 ], [ -69.3, 23.9 ] ] } },
{ "type": "Feature", "properties": { "sid": "2024225N14313", "name": "Ernesto", "season": 2024, "cat": 1, "wind": 75 }, "geometry": { "type": "LineString", "coordinates": [ [ -69.3, 23.9 ], [ -69.3, 24.5 ] ] } },
{ "type": "Feature", "properties": { "sid": "2024225N14313", "name": "Ernesto", "season": 2024, "cat": 1, "wind": 75 }, "geometry": { "type": "LineString", "coordinates": [ [ -69.3, 24.5 ], [ -69.2, 25.1 ] ] } },
{ "type": "Feature", "properties": { "sid": "2024225N14313", "name": "Ernesto", "season": 2024, "cat": 1, "wind": 78 }, "geometry": { "type": "LineString", "coordinates": [ [ -69.2, 25.1 ], [ -69.0, 25.6 ] ] } },
{ "type": "Feature", "properties": { "sid": "2024293N21294", "name": "Oscar", "season": 2024, "cat": 0, "wind": 35 }, "geometry": { "type": "LineString", "coordinates": [ [ -66.5, 21.0 ], [ -67.3, 21.1 ] ] } },
{ "type": "Feature", "properties": { "sid": "2024293N21294", "name": "Oscar", "season": 2024, "cat": 0, "wind": 40 }, "geometry": { "type": "LineString", "coordinates": [ [ -67.3, 21.1 ], [ -68.2, 21.2 ] ] } },
{ "type": "Feature", "properties": { "sid": "2024293N21294", "name": "Oscar", "season": 2024, "cat": 0, "wind": 45 }, "geometry": { "type": "LineString", "coordinates": [ [ -68.2, 21.2 ], [ -69.1, 21.3 ] ] } },
{ "type": "Feature", "properties": { "sid": "2024293N21294", "name": "Oscar", "season": 2024, "cat": 0, "wind": 50 }, "geometry": { "type": "LineString", "coordinates": [ [ -69.1, 21.3 ], [ -69.8, 21.3 ] ] } },
{ "type": "Feature", "properties": { "sid": "2024293N21294", "name": "Oscar", "season": 2024, "cat": 0, "wind": 55 }, "geometry": { "type": "LineString", "coordinates": [ [ -69.8, 21.3 ], [ -70.2, 21.3 ] ] } },
{ "type": "Feature", "properties": { "sid": "2024293N21294", "name": "Oscar", "season": 2024, "cat": 0, "wind": 63 }, "geometry": { "type": "LineString", "coordinates": [ [ -70.2, 21.3 ], [ -70.6, 21.4 ] ] } },
{ "type": "Feature", "properties": { "sid": "2024293N21294", "name": "Oscar", "season": 2024, "cat": 1, "wind": 70 }, "geometry": { "type": "LineString", "coordinates": [ [ -70.6, 21.4 ], [ -71.1, 21.5 ] ] } },
{ "type": "Feature", "properties": { "sid": "2024293N21294", "name": "Oscar", "season": 2024, "cat": 1, "wind": 75 }, "geometry": { "type": "LineString", "coordinates": [ [ -71.1, 21.5 ], [ -71.2, 21.5 ] ] } },
{ "type": "Feature", "properties": { "sid": "2024293N21294", "name": "Oscar", "season": 2024, "cat": 1, "wind": 75 }, "geometry": { "type": "LineString", "coordinates": [ [ -71.2, 21.5 ], [ -71.7, 21.5 ] ] } },
{ "type": "Feature", "properties": { "sid": "2024293N21294", "name": "Oscar", "season": 2024, "cat": 1, "wind": 75 }, "geometry": { "type": "LineString", "coordinates": [ [ -71.7, 21.5 ], [ -72.2, 21.3 ] ] } },
{ "type": "Feature", "properties": { "sid": "2024293N21294", "name": "Oscar", "season": 2024, "cat": 1, "wind": 73 }, "geometry": { "type": "LineString", "coordinates": [ [ -72.2, 21.3 ], [ -72.7, 21.1 ] ] } },
{ "type": "Feature", "properties": { "sid": "2024293N21294", "name": "Oscar", "season": 2024, "cat": 1, "wind": 70 }, "geometry": { "type": "LineString", "coordinates": [ [ -72.7, 21.1 ], [ -73.2, 20.9 ] ] } },
{ "type": "Feature", "properties": { "sid": "2024293N21294", "name": "Oscar", "season": 2024, "cat": 1, "wind": 70 }, "geometry": { "type": "LineString", "coordinates": [ [ -73.2, 20.9 ], [ -73.6, 20.8 ] ] } },
{ "type": "Feature", "properties": { "sid": "2024293N21294", "name": "Oscar", "season": 2024, "cat": 1, "wind": 70 }, "geometry": { "type": "LineString", "coordinates": [ [ -73.6, 20.8 ], [ -73.8, 20.6 ] ] } },
{ "type": "Feature", "properties": { "sid": "2024293N21294", "name": "Oscar", "season": 2024, "cat": 1, "wind": 73 }, "geometry": { "type": "LineString", "coordinates": [ [ -73.8, 20.6 ], [ -74.0, 20.5 ] ] } },
{ "type": "Feature", "properties": { "sid": "2024293N21294", "name": "Oscar", "season": 2024, "cat": 1, "wind": 75 }, "geometry": { "type": "LineString", "coordinates": [ [ -74.0, 20.5 ], [ -74.3, 20.4 ] ] } },
{ "type": "Feature", "properties": { "sid": "2024293N21294", "name": "Oscar", "season": 2024, "cat": 1, "wind": 75 }, "geometry": { "type": "LineString", "coordinates": [ [ -74.3, 20.4 ], [ -74.4, 20.3 ] ] } },
{ "type": "Feature", "properties": { "sid": "2024293N21294", "name": "Oscar", "season": 2024, "cat": 1, "wind": 75 }, "geometry": { "type": "LineString", "coordinates": [ [ -74.4, 20.3 ], [ -74.5, 20.2 ] ] } },
{ "type": "Feature", "properties": { "sid": "2024293N21294", "name": "Oscar", "season": 2024, "cat": 1, "wind": 65 }, "geometry": { "type": "LineString", "coordinates": [ [ -74.5, 20.2 ], [ -74.7, 20.1 ] ] } },
{ "type": "Feature", "properties": { "sid": "2024293N21294", "name": "Oscar", "season": 2024, "cat": 0, "wind": 58 }, "geometry": { "type": "LineString", "coordinates": [ [ -74.7, 20.1 ], [ -75.0, 20.1 ] ] } },
{ "type": "Feature", "properties": { "sid": "2025223N17337", "name": "Erin", "season": 2025, "cat": 1, "wind": 70 }, "geometry": { "type": "LineString", "coordinates": [ [ -57.6, 19.1 ], [ -58.5, 19.4 ] ] } },
{ "type": "Feature", "properties": { "sid": "2025223N17337", "name": "Erin", "season": 2025, "cat": 1, "wind": 75 }, "geometry": { "type": "LineString", "coordinates": [ [ -58.5, 19.4 ], [ -59.5, 19.6 ] ] } },
{ "type": "Feature", "properties": { "sid": "2025223N17337", "name": "Erin", "season": 2025, "cat": 2, "wind": 85 }, "geometry": { "type": "LineString", "coordinates": [ [ -59.5, 19.6 ], [ -60.4, 19.6 ] ] } },
{ "type": "Feature", "properties": { "sid": "2025223N17337", "name": "Erin", "season": 2025, "cat": 2, "wind": 95 }, "geometry": { "type": "LineString", "coordinates": [ [ -60.4, 19.6 ], [ -61.3, 19.6 ] ] } },
{ "type": "Feature", "properties": { "sid": "2025223N17337", "name": "Erin", "season": 2025, "cat": 4, "wind": 113 }, "geometry": { "type": "LineString", "coordinates": [ [ -61.3, 19.6 ], [ -62.1, 19.6 ] ] } },
{ "type": "Feature", "properties": { "sid": "2025223N17337", "name": "Erin", "season": 2025, "cat": 4, "wind": 130 }, "geometry": { "type": "LineString", "coordinates": [ [ -62.1, 19.6 ], [ -62.8, 19.7 ] ] } },
{ "type": "Feature", "properties": { "sid": "2025223N17337", "name": "Erin", "season": 2025, "cat": 4, "wind": 135 }, "geometry": { "type": "LineString", "coordinates": [ [ -62.8, 19.7 ], [ -63.4, 19.8 ] ] } },
{ "type": "Feature", "properties": { "sid": "2025223N17337", "name": "Erin", "season": 2025, "cat": 5, "wind": 140 }, "geometry": { "type": "LineString", "coordinates": [ [ -63.4, 19.8 ], [ -64.0, 19.9 ] ] } },
{ "type": "Feature", "properties": { "sid": "2025223N17337", "name": "Erin", "season": 2025, "cat": 4, "wind": 133 }, "geometry": { "type": "LineString", "coordinates": [ [ -64.0, 19.9 ], [ -64.6, 20.0 ] ] } },
{ "type": "Feature", "properties": { "sid": "2025223N17337", "name": "Erin", "season": 2025, "cat": 4, "wind": 125 }, "geometry": { "type": "LineString", "coordinates": [ [ -64.6, 20.0 ], [ -65.2, 20.1 ] ] } },
{ "type": "Feature", "properties": { "sid": "2025223N17337", "name": "Erin", "season": 2025, "cat": 4, "wind": 118 }, "geometry": { "type": "LineString", "coordinates": [ [ -65.2, 20.1 ], [ -65.8, 20.3 ] ] } },
{ "type": "Feature", "properties": { "sid": "2025223N17337", "name": "Erin", "season": 2025, "cat": 3, "wind": 110 }, "geometry": { "type": "LineString", "coordinates": [ [ -65.8, 20.3 ], [ -66.4, 20.5 ] ] } },
{ "type": "Feature", "properties": { "sid": "2025223N17337", "name": "Erin", "season": 2025, "cat": 3, "wind": 110 }, "geometry": { "type": "LineString", "coordinates": [ [ -66.4, 20.5 ], [ -67.0, 20.7 ] ] } },
{ "type": "Feature", "properties": { "sid": "2025223N17337", "name": "Erin", "season": 2025, "cat": 3, "wind": 110 }, "geometry": { "type": "LineString", "coordinates": [ [ -67.0, 20.7 ], [ -67.5, 21.1 ] ] } },
{ "type": "Feature", "properties": { "sid": "2025223N17337", "name": "Erin", "season": 2025, "cat": 3, "wind": 110 }, "geometry": { "type": "LineString", "coordinates": [ [ -67.5, 21.1 ], [ -68.0, 21.5 ] ] } },
{ "type": "Feature", "properties": { "sid": "2025223N17337", "name": "Erin", "season": 2025, "cat": 3, "wind": 110 }, "geometry": { "type": "LineString", "coordinates": [ [ -68.0, 21.5 ], [ -68.5, 21.8 ] ] } },
{ "type": "Feature", "properties": { "sid": "2025223N17337", "name": "Erin", "season": 2025, "cat": 3, "wind": 110 }, "geometry": { "type": "LineString", "coordinates": [ [ -68.5, 21.8 ], [ -68.9, 22.0 ] ] } },
{ "type": "Feature", "properties": { "sid": "2025223N17337", "name": "Erin", "season": 2025, "cat": 3, "wind": 110 }, "geometry": { "type": "LineString", "coordinates": [ [ -68.9, 22.0 ], [ -69.3, 22.3 ] ] } },
{ "type": "Feature", "properties": { "sid": "2025223N17337", "name": "Erin", "season": 2025, "cat": 4, "wind": 113 }, "geometry": { "type": "LineString", "coordinates": [ [ -69.3, 22.3 ], [ -69.7, 22.5 ] ] } },
{ "type": "Feature", "properties": { "sid": "2025223N17337", "name": "Erin", "season": 2025, "cat": 4, "wind": 115 }, "geometry": { "type": "LineString", "coordinates": [ [ -69.7, 22.5 ], [ -70.1, 22.7 ] ] } },
{ "type": "Feature", "properties": { "sid": "2025223N17337", "name": "Erin", "season": 2025, "cat": 4, "wind": 118 }, "geometry": { "type": "LineString", "coordinates": [ [ -70.1, 22.7 ], [ -70.5, 22.9 ] ] } },
{ "type": "Feature", "properties": { "sid": "2025223N17337", "name": "Erin", "season": 2025, "cat": 4, "wind": 120 }, "geometry": { "type": "LineString", "coordinates": [ [ -70.5, 22.9 ], [ -70.8, 23.2 ] ] } },
{ "type": "Feature", "properties": { "sid": "2025223N17337", "name": "Erin", "season": 2025, "cat": 4, "wind": 118 }, "geometry": { "type": "LineString", "coordinates": [ [ -70.8, 23.2 ], [ -71.0, 23.5 ] ] } },
{ "type": "Feature", "properties": { "sid": "2025223N17337", "name": "Erin", "season": 2025, "cat": 4, "wind": 115 }, "geometry": { "type": "LineString", "coordinates": [ [ -71.0, 23.5 ], [ -71.2, 23.8 ] ] } },
{ "type": "Feature", "properties": { "sid": "2025223N17337", "name": "Erin", "season": 2025, "cat": 3, "wind": 108 }, "geometry": { "type": "LineString", "coordinates": [ [ -71.2, 23.8 ], [ -71.4, 24.0 ] ] } },
{ "type": "Feature", "properties": { "sid": "2025223N17337", "name": "Erin", "season": 2025, "cat": 3, "wind": 100 }, "geometry": { "type": "LineString", "coordinates": [ [ -71.4, 24.0 ], [ -71.6, 24.2 ] ] } },
{ "type": "Feature", "properties": { "sid": "2025223N17337", "name": "Erin", "season": 2025, "cat": 2, "wind": 95 }, "geometry": { "type": "LineString", "coordinates": [ [ -71.6, 24.2 ], [ -71.8, 24.5 ] ] } },
{ "type": "Feature", "properties": { "sid": "2025280N11319", "name": "Jerry", "season": 2025, "cat": 0, "wind": 53 }, "geometry": { "type": "LineString", "coordinates": [ [ -57.9, 15.7 ], [ -58.6, 16.0 ] ] } },
{ "type": "Feature", "properties": { "sid": "2025280N11319", "name": "Jerry", "season": 2025, "cat": 0, "wind": 50 }, "geometry": { "type": "LineString", "coordinates": [ [ -58.6, 16.0 ], [ -59.3, 16.3 ] ] } },
{ "type": "Feature", "properties": { "sid": "2025280N11319", "name": "Jerry", "season": 2025, "cat": 0, "wind": 50 }, "geometry": { "type": "LineString", "coordinates": [ [ -59.3, 16.3 ], [ -60.0, 16.7 ] ] } },
{ "type": "Feature", "properties": { "sid": "2025280N11319", "name": "Jerry", "season": 2025, "cat": 0, "wind": 50 }, "geometry": { "type": "LineString", "coordinates": [ [ -60.0, 16.7 ], [ -60.6, 17.1 ] ] } },
{ "type": "Feature", "properties": { "sid": "2025280N11319", "name": "Jerry", "season": 2025, "cat": 0, "wind": 50 }, "geometry": { "type": "LineString", "coordinates": [ [ -60.6, 17.1 ], [ -61.1, 17.6 ] ] } },
{ "type": "Feature", "properties": { "sid": "2025280N11319", "name": "Jerry", "season": 2025, "cat": 0, "wind": 50 }, "geometry": { "type": "LineString", "coordinates": [ [ -61.1, 17.6 ], [ -61.7, 18.1 ] ] } },
{ "type": "Feature", "properties": { "sid": "2025280N11319", "name": "Jerry", "season": 2025, "cat": 0, "wind": 50 }, "geometry": { "type": "LineString", "coordinates": [ [ -61.7, 18.1 ], [ -62.2, 18.6 ] ] } },
{ "type": "Feature", "properties": { "sid": "2025280N11319", "name": "Jerry", "season": 2025, "cat": 0, "wind": 50 }, "geometry": { "type": "LineString", "coordinates": [ [ -62.2, 18.6 ], [ -62.7, 19.1 ] ] } },
{ "type": "Feature", "properties": { "sid": "2025280N11319", "name": "Jerry", "season": 2025, "cat": 0, "wind": 50 }, "geometry": { "type": "LineString", "coordinates": [ [ -62.7, 19.1 ], [ -63.1, 19.7 ] ] } },
{ "type": "Feature", "properties": { "sid": "2025280N11319", "name": "Jerry", "season": 2025, "cat": 0, "wind": 50 }, "geometry": { "type": "LineString", "coordinates": [ [ -63.1, 19.7 ], [ -63.4, 20.3 ] ] } },
{ "type": "Feature", "properties": { "sid": "2025280N11319", "name": "Jerry", "season": 2025, "cat": 0, "wind": 50 }, "geometry": { "type": "LineString", "coordinates": [ [ -63.4, 20.3 ], [ -63.6, 20.9 ] ] } },
{ "type": "Feature", "properties": { "sid": "2025280N11319", "name": "Jerry", "season": 2025, "cat": 0, "wind": 50 }, "geometry": { "type": "LineString", "coordinates": [ [ -63.6, 20.9 ], [ -63.7, 21.6 ] ] } },
{ "type": "Feature", "properties": { "sid": "2025280N11319", "name": "Jerry", "season": 2025, "cat": 0, "wind": 50 }, "geometry": { "type": "LineString", "coordinates": [ [ -63.7, 21.6 ], [ -63.7, 22.4 ] ] } },
{ "type": "Feature", "properties": { "sid": "2025280N11319", "name": "Jerry", "season": 2025, "cat": 0, "wind": 50 }, "geometry": { "type": "LineString", "coordinates": [ [ -63.7, 22.4 ], [ -63.7, 23.2 ] ] } },
{ "type": "Feature", "properties": { "sid": "2025280N11319", "name": "Jerry", "season": 2025, "cat": 0, "wind": 48 }, "geometry": { "type": "LineString", "coordinates": [ [ -63.7, 23.2 ], [ -63.7, 23.9 ] ] } },
{ "type": "Feature", "properties": { "sid": "2025280N11319", "name": "Jerry", "season": 2025, "cat": 0, "wind": 45 }, "geometry": { "type": "LineString", "coordinates": [ [ -63.7, 23.9 ], [ -63.5, 24.6 ] ] } },
{ "type": "Feature", "properties": { "sid": "2025280N11319", "name": "Jerry", "season": 2025, "cat": 0, "wind": 45 }, "geometry": { "type": "LineString", "coordinates": [ [ -63.5, 24.6 ], [ -63.3, 25.2 ] ] } }
]
}
