{
"type": "FeatureCollection",
"name": "streams_watersheds",
"crs": { "type": "name", "properties": { "name": "urn:ogc:def:crs:OGC:1.3:CRS84" } },
"xy_coordinate_resolution": 1e-05,
"features": [
{ "type": "Feature", "properties": { "gnis_name": "Río Duey", "streamorde": 3, "lengthkm": 0.762, "totdasqkm": 11.82329996, "slope": 0.03353018 }, "geometry": { "type": "LineString", "coordinates": [ [ -66.83343, 18.09823 ], [ -66.83349, 18.098 ], [ -66.83424, 18.09732 ], [ -66.83454, 18.0969 ], [ -66.83465, 18.09615 ], [ -66.83499, 18.09613 ], [ -66.83501, 18.09601 ], [ -66.8347, 18.09542 ], [ -66.83467, 18.09521 ], [ -66.83475, 18.09475 ], [ -66.8347, 18.09294 ], [ -66.83464, 18.09267 ], [ -66.83428, 18.09231 ] ] } },
{ "type": "Feature", "properties": { "gnis_name": "Río Guayo", "streamorde": 1, "lengthkm": 1.356, "totdasqkm": 1.10069996, "slope": 0.27910033 }, "geometry": { "type": "LineString", "coordinates": [ [ -66.54935, 18.14984 ], [ -66.54859, 18.1484 ], [ -66.54851, 18.14781 ], [ -66.54831, 18.14721 ], [ -66.54835, 18.14669 ], [ -66.54909, 18.14597 ], [ -66.55051, 18.14515 ], [ -66.55179, 18.14386 ], [ -66.55254, 18.14344 ], [ -66.55355, 18.14167 ], [ -66.55373, 18.14153 ], [ -66.55444, 18.14132 ], [ -66.55478, 18.14071 ] ] } },
{ "type": "Feature", "properties": { "gnis_name": null, "streamorde": 1, "lengthkm": 1.655, "totdasqkm": 0.79609998, "slope": 0.06517685 }, "geometry": { "type": "LineString", "coordinates": [ [ -66.46161, 18.19746 ], [ -66.46198, 18.19763 ], [ -66.46261, 18.19834 ], [ -66.46271, 18.19856 ], [ -66.46279, 18.19913 ], [ -66.46316, 18.19947 ], [ -66.46367, 18.2002 ], [ -66.46372, 18.20047 ], [ -66.46348, 18.20106 ], [ -66.46387, 18.20221 ], [ -66.46428, 18.20278 ], [ -66.46501, 18.20313 ], [ -66.46502, 18.20342 ], [ -66.4648, 18.20391 ], [ -66.46459, 18.20503 ], [ -66.46467, 18.20533 ], [ -66.46484, 18.20551 ], [ -66.46516, 18.20551 ], [ -66.46565, 18.20518 ], [ -66.46584, 18.20521 ], [ -66.46627, 18.20603 ], [ -66.46728, 18.20649 ], [ -66.46753, 18.20687 ], [ -66.46763, 18.20729 ], [ -66.46748, 18.20784 ], [ -66.4673, 18.20806 ], [ -66.46687, 18.20828 ] ] } },
{ "type": "Feature", "properties": { "gnis_name": "Río Limaní", "streamorde": 3, "lengthkm": 0.98539673, "totdasqkm": 15.85949995, "slope": 0.02643605 }, "geometry": { "type": "LineString", "coordinates": [ [ -66.80662, 18.17868 ], [ -66.80629, 18.17949 ], [ -66.80573, 18.18021 ], [ -66.80511, 18.18035 ], [ -66.80497, 18.18024 ], [ -66.80473, 18.18024 ], [ -66.80341, 18.18064 ], [ -66.80278, 18.18097 ], [ -66.80252, 18.1813 ], [ -66.80189, 18.18159 ], [ -66.80109, 18.18215 ], [ -66.8, 18.1839 ] ] } },
{ "type": "Feature", "properties": { "gnis_name": "Río Guayo", "streamorde": 3, "lengthkm": 0.082, "totdasqkm": 17.65539988, "slope": 0.10792683 }, "geometry": { "type": "LineString", "coordinates": [ [ -66.53875, 18.10684 ], [ -66.53889, 18.10634 ], [ -66.53885, 18.10612 ] ] } },
{ "type": "Feature", "properties": { "gnis_name": null, "streamorde": 2, "lengthkm": 0.13512178, "totdasqkm": 11.56319996, "slope": 0.22942267 }, "geometry": { "type": "LineString", "coordinates": [ [ -66.47929, 18.21096 ], [ -66.48032, 18.21167 ] ] } },
{ "type": "Feature", "properties": { "gnis_name": null, "streamorde": 3, "lengthkm": 1.36649823, "totdasqkm": 4.2007001, "slope": 0.12292735 }, "geometry": { "type": "LineString", "coordinates": [ [ -66.50048, 18.1507 ], [ -66.50024, 18.15036 ], [ -66.50026, 18.14967 ], [ -66.50008, 18.14856 ], [ -66.50002, 18.14841 ], [ -66.49957, 18.14798 ], [ -66.49951, 18.14718 ], [ -66.49931, 18.14668 ], [ -66.49904, 18.14639 ], [ -66.49863, 18.14561 ], [ -66.49853, 18.14489 ], [ -66.49799, 18.14447 ], [ -66.49778, 18.144 ], [ -66.49772, 18.14376 ], [ -66.49778, 18.14284 ], [ -66.4974, 18.14234 ], [ -66.49737, 18.14215 ], [ -66.49752, 18.1409 ], [ -66.49739, 18.14003 ], [ -66.49759, 18.1394 ] ] } },
{ "type": "Feature", "properties": { "gnis_name": "Río Toro Negro", "streamorde": 3, "lengthkm": 1.28898075, "totdasqkm": 8.79059997, "slope": 0.04074537 }, "geometry": { "type": "LineString", "coordinates": [ [ -66.5128, 18.16593 ], [ -66.5125, 18.1662 ], [ -66.51218, 18.16624 ], [ -66.51199, 18.16637 ], [ -66.51173, 18.16661 ], [ -66.51168, 18.16686 ], [ -66.51174, 18.16759 ], [ -66.51168, 18.16822 ], [ -66.51245, 18.16896 ], [ -66.51262, 18.16919 ], [ -66.51272, 18.16954 ], [ -66.51271, 18.16979 ], [ -66.51262, 18.16995 ], [ -66.51229, 18.17027 ], [ -66.51216, 18.17053 ], [ -66.51216, 18.1707 ], [ -66.5125, 18.17093 ], [ -66.51264, 18.17113 ], [ -66.51229, 18.17194 ], [ -66.512, 18.17212 ], [ -66.51191, 18.17255 ], [ -66.51172, 18.1729 ], [ -66.51113, 18.17334 ], [ -66.51104, 18.17561 ] ] } },
{ "type": "Feature", "properties": { "gnis_name": null, "streamorde": 1, "lengthkm": 1.10291292, "totdasqkm": 0.72979994, "slope": 0.07963802 }, "geometry": { "type": "LineString", "coordinates": [ [ -66.9113, 18.12117 ], [ -66.91098, 18.12085 ], [ -66.90997, 18.12031 ], [ -66.90958, 18.12019 ], [ -66.9087, 18.11956 ], [ -66.90782, 18.11878 ], [ -66.90683, 18.11823 ], [ -66.90602, 18.11755 ], [ -66.90534, 18.11661 ], [ -66.90494, 18.11571 ], [ -66.90486, 18.11538 ], [ -66.90474, 18.11524 ], [ -66.90419, 18.11518 ], [ -66.90369, 18.11529 ] ] } },
{ "type": "Feature", "properties": { "gnis_name": null, "streamorde": 2, "lengthkm": 1.76415598, "totdasqkm": 3.81020006, "slope": 0.09453246 }, "geometry": { "type": "LineString", "coordinates": [ [ -66.84514, 18.12773 ], [ -66.84511, 18.12668 ], [ -66.84539, 18.1251 ], [ -66.84509, 18.12427 ], [ -66.84464, 18.12394 ], [ -66.84453, 18.12326 ], [ -66.84477, 18.12234 ], [ -66.84499, 18.12211 ], [ -66.84541, 18.12187 ], [ -66.84549, 18.12168 ], [ -66.84533, 18.12132 ], [ -66.84461, 18.12085 ], [ -66.84441, 18.12046 ], [ -66.84446, 18.12014 ], [ -66.84474, 18.11966 ], [ -66.84466, 18.11905 ], [ -66.8449, 18.11843 ], [ -66.84492, 18.11817 ], [ -66.84483, 18.11794 ], [ -66.84463, 18.11774 ], [ -66.8441, 18.11757 ], [ -66.84357, 18.1175 ], [ -66.84336, 18.11729 ], [ -66.84282, 18.11641 ], [ -66.84144, 18.11518 ], [ -66.84125, 18.11483 ] ] } },
{ "type": "Feature", "properties": { "gnis_name": null, "streamorde": 1, "lengthkm": 0.439, "totdasqkm": 0.26199996, "slope": 0.14707965 }, "geometry": { "type": "LineString", "coordinates": [ [ -66.5156, 18.13898 ], [ -66.51609, 18.13908 ], [ -66.51834, 18.13913 ], [ -66.51908, 18.13924 ], [ -66.51942, 18.13915 ], [ -66.51959, 18.13894 ] ] } },
{ "type": "Feature", "properties": { "gnis_name": null, "streamorde": 2, "lengthkm": 0.345, "totdasqkm": 1.46999992, "slope": 0.02495652 }, "geometry": { "type": "LineString", "coordinates": [ [ -66.88138, 18.09467 ], [ -66.88068, 18.09355 ], [ -66.88012, 18.0931 ], [ -66.87912, 18.09254 ] ] } },
{ "type": "Feature", "properties": { "gnis_name": "Río Yauco", "streamorde": 3, "lengthkm": 0.589, "totdasqkm": 10.4847001, "slope": 0.04042445 }, "geometry": { "type": "LineString", "coordinates": [ [ -66.88813, 18.11588 ], [ -66.88712, 18.11608 ], [ -66.88699, 18.11715 ], [ -66.88683, 18.11738 ], [ -66.88625, 18.11787 ], [ -66.88595, 18.1186 ], [ -66.88562, 18.11903 ], [ -66.88534, 18.11922 ], [ -66.88477, 18.11913 ] ] } },
{ "type": "Feature", "properties": { "gnis_name": null, "streamorde": 2, "lengthkm": 0.514, "totdasqkm": 5.70630027, "slope": 0.05599222 }, "geometry": { "type": "LineString", "coordinates": [ [ -66.84333, 18.10542 ], [ -66.845, 18.10601 ], [ -66.84525, 18.10598 ], [ -66.84561, 18.10585 ], [ -66.84655, 18.10501 ], [ -66.84705, 18.10485 ], [ -66.84754, 18.1045 ] ] } },
{ "type": "Feature", "properties": { "gnis_name": "Río Yauco", "streamorde": 2, "lengthkm": 0.529, "totdasqkm": 2.45620004, "slope": 0.04701323 }, "geometry": { "type": "LineString", "coordinates": [ [ -66.91483, 18.14301 ], [ -66.91442, 18.1425 ], [ -66.91403, 18.14166 ], [ -66.91384, 18.14149 ], [ -66.9134, 18.14126 ], [ -66.91263, 18.14115 ], [ -66.91257, 18.14088 ], [ -66.91269, 18.14045 ], [ -66.9126, 18.14023 ], [ -66.9124, 18.14012 ], [ -66.91186, 18.14014 ] ] } },
{ "type": "Feature", "properties": { "gnis_name": null, "streamorde": 2, "lengthkm": 0.404, "totdasqkm": 2.85739999, "slope": 0.04292079 }, "geometry": { "type": "LineString", "coordinates": [ [ -66.87912, 18.09254 ], [ -66.87883, 18.09264 ], [ -66.87836, 18.09307 ], [ -66.87826, 18.0933 ], [ -66.87825, 18.09379 ], [ -66.87808, 18.09376 ], [ -66.87735, 18.09338 ], [ -66.87697, 18.09302 ], [ -66.87681, 18.09303 ], [ -66.87654, 18.09323 ] ] } },
{ "type": "Feature", "properties": { "gnis_name": null, "streamorde": 1, "lengthkm": 0.681, "totdasqkm": 0.78910008, "slope": 0.07022375 }, "geometry": { "type": "LineString", "coordinates": [ [ -66.55667, 18.15733 ], [ -66.55629, 18.1574 ], [ -66.55519, 18.15785 ], [ -66.55394, 18.15712 ], [ -66.55357, 18.15716 ], [ -66.55326, 18.15736 ], [ -66.55297, 18.15796 ], [ -66.55223, 18.15847 ], [ -66.55161, 18.15923 ] ] } },
{ "type": "Feature", "properties": { "gnis_name": null, "streamorde": 1, "lengthkm": 0.33, "totdasqkm": 0.11989999, "slope": 1.0000000000000001e-05 }, "geometry": { "type": "LineString", "coordinates": [ [ -66.50424, 18.16149 ], [ -66.50416, 18.16145 ], [ -66.504, 18.1616 ], [ -66.50393, 18.1619 ], [ -66.50355, 18.16203 ], [ -66.50305, 18.1618 ], [ -66.50273, 18.16147 ], [ -66.50246, 18.1615 ], [ -66.50179, 18.16124 ] ] } },
{ "type": "Feature", "properties": { "gnis_name": null, "streamorde": 3, "lengthkm": 0.2235895, "totdasqkm": 24.60599947, "slope": 0.00916859 }, "geometry": { "type": "LineString", "coordinates": [ [ -66.86421, 18.18255 ], [ -66.864, 18.18248 ], [ -66.86363, 18.18282 ], [ -66.86342, 18.18344 ], [ -66.86325, 18.18373 ], [ -66.86301, 18.18351 ] ] } },
{ "type": "Feature", "properties": { "gnis_name": null, "streamorde": 1, "lengthkm": 0.592, "totdasqkm": 0.69239996, "slope": 0.03168699 }, "geometry": { "type": "LineString", "coordinates": [ [ -66.83002, 18.09163 ], [ -66.83032, 18.0913 ], [ -66.83048, 18.09083 ], [ -66.83076, 18.09078 ], [ -66.83143, 18.09099 ], [ -66.83195, 18.091 ], [ -66.83224, 18.09113 ], [ -66.83264, 18.09161 ], [ -66.83381, 18.09158 ], [ -66.83413, 18.09221 ], [ -66.83428, 18.09231 ] ] } },
{ "type": "Feature", "properties": { "gnis_name": null, "streamorde": 1, "lengthkm": 0.647, "totdasqkm": 0.30139999, "slope": 0.01630713 }, "geometry": { "type": "LineString", "coordinates": [ [ -66.87899, 18.0449 ], [ -66.8783, 18.04487 ], [ -66.8776, 18.04469 ], [ -66.87632, 18.04396 ], [ -66.87592, 18.04338 ], [ -66.87583, 18.04291 ], [ -66.87517, 18.04116 ] ] } },
{ "type": "Feature", "properties": { "gnis_name": "Río Cañas", "streamorde": 1, "lengthkm": 1.411, "totdasqkm": 0.82069997, "slope": 0.04043478 }, "geometry": { "type": "LineString", "coordinates": [ [ -66.92349, 18.06998 ], [ -66.92334, 18.06935 ], [ -66.92352, 18.0678 ], [ -66.92327, 18.06683 ], [ -66.923, 18.06647 ], [ -66.92233, 18.06598 ], [ -66.92195, 18.06553 ], [ -66.92121, 18.06502 ], [ -66.9208, 18.06485 ], [ -66.9202, 18.06479 ], [ -66.91883, 18.06433 ], [ -66.91785, 18.06455 ], [ -66.91714, 18.06428 ], [ -66.916, 18.06449 ], [ -66.91437, 18.06423 ] ] } },
{ "type": "Feature", "properties": { "gnis_name": null, "streamorde": 1, "lengthkm": 1.53666533, "totdasqkm": 0.28139999, "slope": 0.00377959 }, "geometry": { "type": "LineString", "coordinates": [ [ -66.49392, 18.20663 ], [ -66.50541, 18.19814 ] ] } },
{ "type": "Feature", "properties": { "gnis_name": null, "streamorde": 1, "lengthkm": 0.56090748, "totdasqkm": 1.18860014, "slope": 0.00322691 }, "geometry": { "type": "LineString", "coordinates": [ [ -66.84004, 18.20906 ], [ -66.83971, 18.20919 ], [ -66.83901, 18.20896 ], [ -66.83858, 18.20897 ], [ -66.83735, 18.2094 ], [ -66.83614, 18.20945 ], [ -66.83506, 18.21003 ] ] } },
{ "type": "Feature", "properties": { "gnis_name": "Río Toro Negro", "streamorde": 2, "lengthkm": 0.14383816, "totdasqkm": 1.4179, "slope": 0.02878235 }, "geometry": { "type": "LineString", "coordinates": [ [ -66.53245, 18.15648 ], [ -66.53205, 18.1562 ], [ -66.53188, 18.15586 ], [ -66.53152, 18.15558 ] ] } },
{ "type": "Feature", "properties": { "gnis_name": null, "streamorde": 1, "lengthkm": 0.928, "totdasqkm": 0.38249999, "slope": 0.14908212 }, "geometry": { "type": "LineString", "coordinates": [ [ -66.5373, 18.16617 ], [ -66.53667, 18.16558 ], [ -66.53633, 18.1644 ], [ -66.53612, 18.16396 ], [ -66.53552, 18.16351 ], [ -66.53498, 18.16277 ], [ -66.53445, 18.16245 ], [ -66.53436, 18.16202 ], [ -66.53453, 18.16047 ], [ -66.53378, 18.15908 ] ] } },
{ "type": "Feature", "properties": { "gnis_name": null, "streamorde": 3, "lengthkm": 0.439, "totdasqkm": 20.07960001, "slope": 0.01189066 }, "geometry": { "type": "LineString", "coordinates": [ [ -66.48429, 18.12973 ], [ -66.48473, 18.13009 ], [ -66.48539, 18.13129 ], [ -66.48574, 18.13162 ], [ -66.48606, 18.13173 ], [ -66.48653, 18.13178 ], [ -66.48732, 18.13159 ] ] } },
{ "type": "Feature", "properties": { "gnis_name": null, "streamorde": 2, "lengthkm": 3.99181805, "totdasqkm": 3.77360006, "slope": 0.13888659 }, "geometry": { "type": "LineString", "coordinates": [ [ -66.51959, 18.13894 ], [ -66.51958, 18.13855 ], [ -66.51976, 18.13807 ], [ -66.52003, 18.13777 ], [ -66.52046, 18.13756 ], [ -66.52082, 18.13725 ], [ -66.52099, 18.13688 ], [ -66.52102, 18.13642 ], [ -66.52058, 18.13586 ], [ -66.52068, 18.13447 ], [ -66.52064, 18.13416 ], [ -66.52037, 18.13354 ], [ -66.52041, 18.13276 ], [ -66.52032, 18.13234 ], [ -66.51993, 18.13201 ], [ -66.51927, 18.13175 ], [ -66.51906, 18.13147 ], [ -66.51921, 18.13113 ], [ -66.52053, 18.12995 ], [ -66.52069, 18.12969 ], [ -66.52086, 18.12914 ], [ -66.52085, 18.12898 ], [ -66.52063, 18.12857 ], [ -66.52018, 18.12803 ], [ -66.51992, 18.12734 ], [ -66.51978, 18.12666 ], [ -66.51978, 18.12597 ], [ -66.51931, 18.12483 ], [ -66.51918, 18.12355 ], [ -66.51873, 18.12302 ], [ -66.51838, 18.12243 ], [ -66.51715, 18.12209 ], [ -66.51674, 18.12139 ], [ -66.51611, 18.12111 ], [ -66.51539, 18.1206 ], [ -66.51517, 18.11997 ], [ -66.51507, 18.11985 ], [ -66.51483, 18.11971 ], [ -66.51407, 18.1197 ], [ -66.51378, 18.11956 ], [ -66.51374, 18.11872 ], [ -66.51357, 18.11834 ], [ -66.51325, 18.11804 ], [ -66.51246, 18.11789 ], [ -66.51182, 18.11746 ], [ -66.51096, 18.11734 ], [ -66.5107, 18.11723 ], [ -66.5106, 18.11688 ], [ -66.51082, 18.11622 ], [ -66.51084, 18.11588 ], [ -66.51077, 18.11519 ], [ -66.51062, 18.11473 ], [ -66.51018, 18.11406 ], [ -66.50869, 18.11282 ], [ -66.5079, 18.11157 ] ] } },
{ "type": "Feature", "properties": { "gnis_name": null, "streamorde": 1, "lengthkm": 0.711, "totdasqkm": 0.40559994, "slope": 0.1015221 }, "geometry": { "type": "LineString", "coordinates": [ [ -66.85256, 18.08797 ], [ -66.85192, 18.08744 ], [ -66.85137, 18.08683 ], [ -66.85106, 18.08626 ], [ -66.8508, 18.08601 ], [ -66.85012, 18.08611 ], [ -66.84965, 18.08598 ], [ -66.84863, 18.0851 ], [ -66.84817, 18.08444 ], [ -66.84773, 18.08406 ] ] } },
{ "type": "Feature", "properties": { "gnis_name": null, "streamorde": 1, "lengthkm": 0.948, "totdasqkm": 0.42820003, "slope": 0.17924528 }, "geometry": { "type": "LineString", "coordinates": [ [ -66.92009, 18.13341 ], [ -66.92084, 18.13349 ], [ -66.92143, 18.13366 ], [ -66.92343, 18.13451 ], [ -66.92415, 18.13466 ], [ -66.92493, 18.13507 ], [ -66.9253, 18.13536 ], [ -66.92679, 18.13574 ], [ -66.92758, 18.13626 ], [ -66.92835, 18.13624 ] ] } },
{ "type": "Feature", "properties": { "gnis_name": null, "streamorde": 1, "lengthkm": 0.01887609, "totdasqkm": 0.41260002, "slope": 1.0000000000000001e-05 }, "geometry": { "type": "LineString", "coordinates": [ [ -66.87653, 18.10874 ], [ -66.87638, 18.10883 ] ] } },
{ "type": "Feature", "properties": { "gnis_name": null, "streamorde": 2, "lengthkm": 1.12219827, "totdasqkm": 2.15649993, "slope": 0.0743897 }, "geometry": { "type": "LineString", "coordinates": [ [ -66.84477, 18.18243 ], [ -66.84463, 18.18256 ], [ -66.8446, 18.18297 ], [ -66.84507, 18.18386 ], [ -66.84508, 18.1842 ], [ -66.84457, 18.18592 ], [ -66.84467, 18.1873 ], [ -66.84414, 18.18846 ], [ -66.84383, 18.18877 ], [ -66.84331, 18.18907 ], [ -66.84253, 18.18975 ], [ -66.84158, 18.18967 ], [ -66.84094, 18.19015 ] ] } },
{ "type": "Feature", "properties": { "gnis_name": null, "streamorde": 1, "lengthkm": 0.53, "totdasqkm": 0.41220002, "slope": 0.27651164 }, "geometry": { "type": "LineString", "coordinates": [ [ -66.87992, 18.10543 ], [ -66.87977, 18.10565 ], [ -66.87897, 18.10632 ], [ -66.87762, 18.10713 ], [ -66.87695, 18.10841 ], [ -66.87653, 18.10874 ] ] } },
{ "type": "Feature", "properties": { "gnis_name": "Río Cañas", "streamorde": 2, "lengthkm": 1.235, "totdasqkm": 2.19030001, "slope": 0.0145668 }, "geometry": { "type": "LineString", "coordinates": [ [ -66.91437, 18.06423 ], [ -66.91405, 18.06388 ], [ -66.91332, 18.06334 ], [ -66.91289, 18.06266 ], [ -66.91276, 18.06215 ], [ -66.91256, 18.06178 ], [ -66.91163, 18.06076 ], [ -66.9112, 18.06004 ], [ -66.91057, 18.05981 ], [ -66.91005, 18.05982 ], [ -66.9096, 18.06002 ], [ -66.90875, 18.06075 ], [ -66.90846, 18.06075 ], [ -66.90836, 18.06057 ], [ -66.9083, 18.06014 ], [ -66.90752, 18.05956 ], [ -66.90712, 18.05837 ] ] } },
{ "type": "Feature", "properties": { "gnis_name": null, "streamorde": 1, "lengthkm": 0.431, "totdasqkm": 0.19109995, "slope": 0.17785498 }, "geometry": { "type": "LineString", "coordinates": [ [ -66.53172, 18.15084 ], [ -66.53185, 18.15014 ], [ -66.53145, 18.14891 ], [ -66.53159, 18.14857 ], [ -66.53191, 18.14814 ], [ -66.53202, 18.14717 ] ] } },
{ "type": "Feature", "properties": { "gnis_name": null, "streamorde": 1, "lengthkm": 0.93073017, "totdasqkm": 0.48630005, "slope": 0.14995243 }, "geometry": { "type": "LineString", "coordinates": [ [ -66.82214, 18.20536 ], [ -66.82521, 18.20564 ], [ -66.82674, 18.20588 ], [ -66.82695, 18.20584 ], [ -66.8274, 18.20542 ], [ -66.82806, 18.20518 ], [ -66.8286, 18.20487 ], [ -66.82896, 18.20388 ], [ -66.82951, 18.20326 ] ] } },
{ "type": "Feature", "properties": { "gnis_name": null, "streamorde": 1, "lengthkm": 0.82672792, "totdasqkm": 1.06870008, "slope": 0.00874532 }, "geometry": { "type": "LineString", "coordinates": [ [ -66.47409, 18.1061 ], [ -66.47437, 18.10592 ], [ -66.47465, 18.10597 ], [ -66.47536, 18.10566 ], [ -66.47581, 18.10561 ], [ -66.47617, 18.10568 ], [ -66.47933, 18.10397 ], [ -66.47998, 18.10418 ], [ -66.48013, 18.10414 ], [ -66.4808, 18.10431 ], [ -66.48118, 18.10414 ] ] } },
{ "type": "Feature", "properties": { "gnis_name": "Río Toa Vaca", "streamorde": 3, "lengthkm": 1.25946941, "totdasqkm": 59.65090018, "slope": 0.00049227 }, "geometry": { "type": "LineString", "coordinates": [ [ -66.49211, 18.09829 ], [ -66.49255, 18.09795 ], [ -66.49353, 18.09743 ], [ -66.49396, 18.09743 ], [ -66.49456, 18.09718 ], [ -66.49483, 18.09722 ], [ -66.49585, 18.09702 ], [ -66.49622, 18.09704 ], [ -66.49687, 18.09726 ], [ -66.49735, 18.09727 ], [ -66.49832, 18.09705 ], [ -66.49883, 18.09712 ], [ -66.49963, 18.0969 ], [ -66.50083, 18.0968 ], [ -66.50301, 18.09564 ], [ -66.50315, 18.09549 ] ] } },
{ "type": "Feature", "properties": { "gnis_name": "Río Loco", "streamorde": 1, "lengthkm": 0.835, "totdasqkm": 0.31510004, "slope": 0.07861225 }, "geometry": { "type": "LineString", "coordinates": [ [ -66.91625, 18.12879 ], [ -66.91614, 18.12783 ], [ -66.91637, 18.12695 ], [ -66.91637, 18.12582 ], [ -66.91653, 18.12527 ], [ -66.9165, 18.12494 ], [ -66.91613, 18.12447 ], [ -66.91557, 18.1242 ], [ -66.91497, 18.12375 ], [ -66.91401, 18.12346 ], [ -66.9134, 18.12302 ] ] } },
{ "type": "Feature", "properties": { "gnis_name": null, "streamorde": 2, "lengthkm": 0.14354856, "totdasqkm": 11.52259998, "slope": 1.0000000000000001e-05 }, "geometry": { "type": "LineString", "coordinates": [ [ -66.47985, 18.20966 ], [ -66.47885, 18.21054 ] ] } },
{ "type": "Feature", "properties": { "gnis_name": null, "streamorde": 1, "lengthkm": 1.54930528, "totdasqkm": 0.99830007, "slope": 0.07607093 }, "geometry": { "type": "LineString", "coordinates": [ [ -66.54333, 18.15088 ], [ -66.54313, 18.15077 ], [ -66.54277, 18.15017 ], [ -66.54254, 18.14932 ], [ -66.54237, 18.14896 ], [ -66.54207, 18.14867 ], [ -66.54166, 18.14862 ], [ -66.54103, 18.14922 ], [ -66.54043, 18.14943 ], [ -66.53993, 18.14936 ], [ -66.53959, 18.14952 ], [ -66.53914, 18.14983 ], [ -66.53902, 18.15042 ], [ -66.53875, 18.15053 ], [ -66.53836, 18.15048 ], [ -66.53807, 18.15102 ], [ -66.53787, 18.15112 ], [ -66.53746, 18.1511 ], [ -66.53717, 18.15129 ], [ -66.53678, 18.15166 ], [ -66.53652, 18.15207 ], [ -66.53655, 18.15242 ], [ -66.53683, 18.15259 ], [ -66.53666, 18.15314 ], [ -66.53594, 18.15386 ], [ -66.53571, 18.15394 ], [ -66.53508, 18.15392 ], [ -66.53479, 18.15402 ], [ -66.53449, 18.15433 ], [ -66.53408, 18.15454 ] ] } },
{ "type": "Feature", "properties": { "gnis_name": null, "streamorde": 1, "lengthkm": 1.18354313, "totdasqkm": 0.94720008, "slope": 0.07135849 }, "geometry": { "type": "LineString", "coordinates": [ [ -66.91654, 18.0933 ], [ -66.91521, 18.09225 ], [ -66.91428, 18.09129 ], [ -66.91326, 18.09089 ], [ -66.91269, 18.09031 ], [ -66.91198, 18.08975 ], [ -66.9116, 18.08954 ], [ -66.91108, 18.08947 ], [ -66.91075, 18.08927 ], [ -66.9104, 18.08923 ], [ -66.91004, 18.08893 ], [ -66.9096, 18.0887 ], [ -66.90932, 18.08841 ], [ -66.90887, 18.08829 ], [ -66.90841, 18.08782 ], [ -66.90826, 18.08694 ] ] } },
{ "type": "Feature", "properties": { "gnis_name": null, "streamorde": 2, "lengthkm": 1.64882882, "totdasqkm": 3.98559977, "slope": 0.04218752 }, "geometry": { "type": "LineString", "coordinates": [ [ -66.80957, 18.14006 ], [ -66.80949, 18.14065 ], [ -66.80956, 18.14079 ], [ -66.81011, 18.14113 ], [ -66.81031, 18.1418 ], [ -66.81064, 18.14226 ], [ -66.8109, 18.14234 ], [ -66.81103, 18.14224 ], [ -66.81066, 18.14146 ], [ -66.81079, 18.14125 ], [ -66.81109, 18.1412 ], [ -66.81206, 18.14191 ], [ -66.81229, 18.14229 ], [ -66.81291, 18.1426 ], [ -66.81337, 18.14262 ], [ -66.81486, 18.14225 ], [ -66.81512, 18.14247 ], [ -66.81514, 18.14284 ], [ -66.81546, 18.14316 ], [ -66.81595, 18.14317 ], [ -66.81721, 18.143 ], [ -66.8174, 18.14279 ], [ -66.81734, 18.14252 ], [ -66.81701, 18.142 ], [ -66.81705, 18.14187 ], [ -66.8173, 18.14177 ], [ -66.81797, 18.14194 ], [ -66.81845, 18.14186 ], [ -66.81855, 18.14169 ], [ -66.81854, 18.14142 ], [ -66.81863, 18.14134 ] ] } },
{ "type": "Feature", "properties": { "gnis_name": null, "streamorde": 1, "lengthkm": 2.232, "totdasqkm": 1.3544001, "slope": 0.12620544 }, "geometry": { "type": "LineString", "coordinates": [ [ -66.81188, 18.16332 ], [ -66.81211, 18.16391 ], [ -66.81239, 18.16413 ], [ -66.81244, 18.16433 ], [ -66.81239, 18.16459 ], [ -66.81219, 18.16481 ], [ -66.81213, 18.16505 ], [ -66.81234, 18.16597 ], [ -66.81238, 18.16645 ], [ -66.81186, 18.16723 ], [ -66.81185, 18.16735 ], [ -66.8126, 18.16805 ], [ -66.81276, 18.16925 ], [ -66.81319, 18.16974 ], [ -66.81363, 18.17004 ], [ -66.81375, 18.17033 ], [ -66.81417, 18.17081 ], [ -66.81499, 18.17086 ], [ -66.81575, 18.17119 ], [ -66.81639, 18.17131 ], [ -66.81735, 18.17112 ], [ -66.81817, 18.17084 ], [ -66.81862, 18.17089 ], [ -66.81932, 18.17115 ], [ -66.82003, 18.17166 ], [ -66.82133, 18.17183 ], [ -66.82153, 18.17204 ], [ -66.8217, 18.17243 ], [ -66.82311, 18.17263 ], [ -66.82332, 18.17287 ], [ -66.82415, 18.17327 ], [ -66.8248, 18.17375 ] ] } },
{ "type": "Feature", "properties": { "gnis_name": null, "streamorde": 1, "lengthkm": 0.98, "totdasqkm": 0.73539993, "slope": 0.10180682 }, "geometry": { "type": "LineString", "coordinates": [ [ -66.85177, 18.18274 ], [ -66.85171, 18.1816 ], [ -66.85157, 18.18125 ], [ -66.85114, 18.18091 ], [ -66.84937, 18.18034 ], [ -66.84866, 18.18049 ], [ -66.84803, 18.18088 ], [ -66.84728, 18.1811 ], [ -66.84632, 18.18173 ], [ -66.84566, 18.1823 ], [ -66.84512, 18.18244 ], [ -66.84477, 18.18243 ] ] } },
{ "type": "Feature", "properties": { "gnis_name": "Río Cidra", "streamorde": 2, "lengthkm": 0.56161556, "totdasqkm": 2.99090011, "slope": 0.02809751 }, "geometry": { "type": "LineString", "coordinates": [ [ -66.82387, 18.1932 ], [ -66.82415, 18.19356 ], [ -66.82419, 18.19385 ], [ -66.82405, 18.19412 ], [ -66.82373, 18.19438 ], [ -66.82376, 18.1946 ], [ -66.82388, 18.19462 ], [ -66.82467, 18.19427 ], [ -66.82535, 18.19441 ], [ -66.82669, 18.1952 ], [ -66.82679, 18.19541 ] ] } },
{ "type": "Feature", "properties": { "gnis_name": null, "streamorde": 1, "lengthkm": 0.786, "totdasqkm": 0.24050002, "slope": 0.29997084 }, "geometry": { "type": "LineString", "coordinates": [ [ -66.89496, 18.13008 ], [ -66.89501, 18.1296 ], [ -66.89569, 18.12879 ], [ -66.89609, 18.12774 ], [ -66.89712, 18.12676 ], [ -66.89748, 18.12652 ], [ -66.89806, 18.12573 ], [ -66.89836, 18.12497 ], [ -66.89908, 18.12448 ] ] } },
{ "type": "Feature", "properties": { "gnis_name": null, "streamorde": 1, "lengthkm": 1.60659264, "totdasqkm": 0.57180007, "slope": 0.03196617 }, "geometry": { "type": "LineString", "coordinates": [ [ -66.87906, 18.05939 ], [ -66.87852, 18.05832 ], [ -66.87806, 18.05764 ], [ -66.87796, 18.05701 ], [ -66.87754, 18.05633 ], [ -66.87766, 18.05541 ], [ -66.87761, 18.05513 ], [ -66.87738, 18.05489 ], [ -66.87627, 18.05424 ], [ -66.87608, 18.05404 ], [ -66.87586, 18.05371 ], [ -66.8754, 18.0526 ], [ -66.8745, 18.05152 ], [ -66.87437, 18.05104 ], [ -66.87436, 18.05059 ], [ -66.87364, 18.04957 ], [ -66.87312, 18.04904 ], [ -66.87271, 18.04904 ], [ -66.87237, 18.0489 ], [ -66.8717, 18.04894 ], [ -66.87098, 18.04874 ] ] } },
{ "type": "Feature", "properties": { "gnis_name": null, "streamorde": 2, "lengthkm": 0.61348102, "totdasqkm": 0.89729998, "slope": 0.10872382 }, "geometry": { "type": "LineString", "coordinates": [ [ -66.53188, 18.16512 ], [ -66.53169, 18.16502 ], [ -66.53153, 18.16478 ], [ -66.53154, 18.1641 ], [ -66.53136, 18.16364 ], [ -66.53104, 18.16314 ], [ -66.53078, 18.16209 ], [ -66.53076, 18.16164 ], [ -66.53054, 18.16142 ], [ -66.52993, 18.16121 ], [ -66.52964, 18.16103 ], [ -66.52959, 18.16078 ], [ -66.52964, 18.16056 ] ] } },
{ "type": "Feature", "properties": { "gnis_name": null, "streamorde": 1, "lengthkm": 1.60406619, "totdasqkm": 0.94469991, "slope": 0.11452954 }, "geometry": { "type": "LineString", "coordinates": [ [ -66.51918, 18.1591 ], [ -66.51872, 18.15967 ], [ -66.51771, 18.15966 ], [ -66.5176, 18.15988 ], [ -66.51742, 18.15996 ], [ -66.51681, 18.15975 ], [ -66.51664, 18.15977 ], [ -66.51646, 18.15992 ], [ -66.51621, 18.15991 ], [ -66.51569, 18.15952 ], [ -66.5154, 18.15957 ], [ -66.51525, 18.15988 ], [ -66.51493, 18.16004 ], [ -66.51447, 18.16 ], [ -66.51392, 18.15977 ], [ -66.51362, 18.15979 ], [ -66.51327, 18.16018 ], [ -66.513, 18.16097 ], [ -66.51274, 18.16109 ], [ -66.51225, 18.16098 ], [ -66.5122, 18.16127 ], [ -66.51237, 18.16165 ], [ -66.51239, 18.16193 ], [ -66.51199, 18.16226 ], [ -66.51193, 18.16272 ], [ -66.51224, 18.16298 ], [ -66.51236, 18.16349 ], [ -66.51302, 18.1639 ], [ -66.51335, 18.16435 ], [ -66.51341, 18.1646 ], [ -66.51338, 18.16485 ], [ -66.51299, 18.16522 ], [ -66.51281, 18.1655 ], [ -66.5128, 18.16593 ] ] } },
{ "type": "Feature", "properties": { "gnis_name": null, "streamorde": 2, "lengthkm": 1.271, "totdasqkm": 0.55640001, "slope": 0.25217152 }, "geometry": { "type": "LineString", "coordinates": [ [ -66.90174, 18.14277 ], [ -66.9016, 18.142 ], [ -66.90176, 18.14152 ], [ -66.90199, 18.14128 ], [ -66.90252, 18.14112 ], [ -66.90284, 18.1407 ], [ -66.90353, 18.13945 ], [ -66.90395, 18.13805 ], [ -66.9042, 18.13788 ], [ -66.90557, 18.13774 ], [ -66.90584, 18.13763 ], [ -66.90605, 18.13731 ], [ -66.90608, 18.13602 ], [ -66.90619, 18.13587 ], [ -66.90689, 18.13544 ], [ -66.90701, 18.13529 ], [ -66.9075, 18.1342 ] ] } },
{ "type": "Feature", "properties": { "gnis_name": "Río Prieto", "streamorde": 1, "lengthkm": 1.339, "totdasqkm": 0.8196999, "slope": 0.0822276 }, "geometry": { "type": "LineString", "coordinates": [ [ -66.85235, 18.18917 ], [ -66.85235, 18.18992 ], [ -66.85257, 18.19052 ], [ -66.85258, 18.19087 ], [ -66.85253, 18.19145 ], [ -66.85226, 18.19193 ], [ -66.85218, 18.19256 ], [ -66.85206, 18.19273 ], [ -66.85186, 18.19276 ], [ -66.85144, 18.1925 ], [ -66.85129, 18.1925 ], [ -66.85118, 18.19264 ], [ -66.85118, 18.19327 ], [ -66.85103, 18.19344 ], [ -66.85042, 18.19378 ], [ -66.85027, 18.19395 ], [ -66.85055, 18.19557 ], [ -66.8507, 18.19601 ], [ -66.8509, 18.19627 ], [ -66.85099, 18.19695 ], [ -66.85142, 18.19764 ], [ -66.85165, 18.19827 ], [ -66.8519, 18.1985 ], [ -66.85217, 18.19861 ], [ -66.85242, 18.19891 ] ] } },
{ "type": "Feature", "properties": { "gnis_name": null, "streamorde": 1, "lengthkm": 1.55227822, "totdasqkm": 0.73769998, "slope": 0.16452082 }, "geometry": { "type": "LineString", "coordinates": [ [ -66.92627, 18.16115 ], [ -66.92649, 18.16158 ], [ -66.92754, 18.16315 ], [ -66.92753, 18.16326 ], [ -66.9271, 18.16388 ], [ -66.92711, 18.16427 ], [ -66.92723, 18.16459 ], [ -66.92829, 18.16492 ], [ -66.92888, 18.16552 ], [ -66.92964, 18.16584 ], [ -66.93015, 18.16616 ], [ -66.93061, 18.16614 ], [ -66.93151, 18.16591 ], [ -66.93161, 18.16633 ], [ -66.93153, 18.16705 ], [ -66.93216, 18.16736 ], [ -66.93222, 18.16775 ], [ -66.93282, 18.1682 ], [ -66.93348, 18.16839 ], [ -66.93381, 18.17013 ] ] } },
{ "type": "Feature", "properties": { "gnis_name": "Canal Principal De Riego Valle De Lajas", "streamorde": 2, "lengthkm": 0.54255841, "totdasqkm": 7.12740005, "slope": -9998.0 }, "geometry": { "type": "LineString", "coordinates": [ [ -66.89208, 18.03599 ], [ -66.89662, 18.03372 ] ] } },
{ "type": "Feature", "properties": { "gnis_name": null, "streamorde": 1, "lengthkm": 0.953, "totdasqkm": 0.93849999, "slope": 0.18308499 }, "geometry": { "type": "LineString", "coordinates": [ [ -66.86829, 18.11572 ], [ -66.8683, 18.11471 ], [ -66.86863, 18.11385 ], [ -66.86875, 18.11276 ], [ -66.86848, 18.11182 ], [ -66.86856, 18.11102 ], [ -66.86863, 18.11087 ], [ -66.86873, 18.11086 ], [ -66.86925, 18.11126 ], [ -66.86964, 18.11132 ], [ -66.86987, 18.11128 ], [ -66.87048, 18.11093 ], [ -66.87086, 18.11054 ], [ -66.87095, 18.11035 ], [ -66.87095, 18.10948 ] ] } },
{ "type": "Feature", "properties": { "gnis_name": null, "streamorde": 1, "lengthkm": 2.33560957, "totdasqkm": 1.82630004, "slope": 0.10245975 }, "geometry": { "type": "LineString", "coordinates": [ [ -66.84627, 18.16601 ], [ -66.84774, 18.16621 ], [ -66.84817, 18.16635 ], [ -66.84891, 18.16694 ], [ -66.8492, 18.16752 ], [ -66.84981, 18.16779 ], [ -66.85043, 18.16826 ], [ -66.85063, 18.1685 ], [ -66.85106, 18.16946 ], [ -66.85105, 18.16973 ], [ -66.85082, 18.17 ], [ -66.85073, 18.1703 ], [ -66.85093, 18.17059 ], [ -66.85158, 18.17112 ], [ -66.85196, 18.17123 ], [ -66.85264, 18.17125 ], [ -66.85331, 18.17113 ], [ -66.85353, 18.17117 ], [ -66.854, 18.1717 ], [ -66.85422, 18.17183 ], [ -66.85532, 18.17146 ], [ -66.85564, 18.17143 ], [ -66.85579, 18.17152 ], [ -66.85619, 18.17227 ], [ -66.85641, 18.17237 ], [ -66.85679, 18.17231 ], [ -66.85721, 18.1719 ], [ -66.85757, 18.17181 ], [ -66.85787, 18.17198 ], [ -66.85799, 18.17256 ], [ -66.85837, 18.17291 ], [ -66.85855, 18.17345 ], [ -66.85881, 18.17359 ], [ -66.86066, 18.17379 ], [ -66.8618, 18.17372 ], [ -66.86246, 18.17337 ] ] } },
{ "type": "Feature", "properties": { "gnis_name": null, "streamorde": 2, "lengthkm": 0.32558673, "totdasqkm": 0.33070005, "slope": 0.31776479 }, "geometry": { "type": "LineString", "coordinates": [ [ -66.84161, 18.14897 ], [ -66.84182, 18.14954 ], [ -66.84186, 18.14994 ], [ -66.8415, 18.15079 ], [ -66.84122, 18.15177 ] ] } },
{ "type": "Feature", "properties": { "gnis_name": "Río Loco", "streamorde": 3, "lengthkm": 0.50893461, "totdasqkm": 19.78060011, "slope": 0.00143437 }, "geometry": { "type": "LineString", "coordinates": [ [ -66.88697, 18.05594 ], [ -66.88761, 18.05544 ], [ -66.88777, 18.05512 ], [ -66.88739, 18.05481 ], [ -66.88695, 18.05475 ], [ -66.88671, 18.05483 ], [ -66.88559, 18.05445 ], [ -66.88532, 18.05417 ], [ -66.88525, 18.05372 ], [ -66.88511, 18.05347 ] ] } },
{ "type": "Feature", "properties": { "gnis_name": "Río Toro Negro", "streamorde": 3, "lengthkm": 0.0500991, "totdasqkm": 4.10219998, "slope": 1.0000000000000001e-05 }, "geometry": { "type": "LineString", "coordinates": [ [ -66.52712, 18.15941 ], [ -66.5275, 18.15968 ] ] } },
{ "type": "Feature", "properties": { "gnis_name": null, "streamorde": 3, "lengthkm": 0.745, "totdasqkm": 7.46229995, "slope": 0.05455033 }, "geometry": { "type": "LineString", "coordinates": [ [ -66.49759, 18.1394 ], [ -66.49712, 18.13831 ], [ -66.49735, 18.13724 ], [ -66.4973, 18.13704 ], [ -66.49707, 18.13694 ], [ -66.49598, 18.137 ], [ -66.49569, 18.13687 ], [ -66.49566, 18.13675 ], [ -66.49569, 18.13648 ], [ -66.49589, 18.13625 ], [ -66.49593, 18.13581 ], [ -66.49643, 18.1353 ], [ -66.49668, 18.13455 ] ] } },
{ "type": "Feature", "properties": { "gnis_name": null, "streamorde": 1, "lengthkm": 0.956, "totdasqkm": 1.34809997, "slope": 0.08962343 }, "geometry": { "type": "LineString", "coordinates": [ [ -66.84385, 18.09765 ], [ -66.84423, 18.09707 ], [ -66.84483, 18.09697 ], [ -66.8454, 18.09674 ], [ -66.84549, 18.09657 ], [ -66.84548, 18.09625 ], [ -66.84577, 18.09599 ], [ -66.84733, 18.09549 ], [ -66.84752, 18.09503 ], [ -66.84763, 18.09495 ], [ -66.84844, 18.09486 ], [ -66.84876, 18.09496 ], [ -66.84904, 18.09518 ], [ -66.84958, 18.09492 ], [ -66.85012, 18.09485 ], [ -66.85062, 18.09456 ], [ -66.85108, 18.09473 ] ] } },
{ "type": "Feature", "properties": { "gnis_name": "Río Yauco", "streamorde": 3, "lengthkm": 1.65317521, "totdasqkm": 23.96669983, "slope": 0.00029035 }, "geometry": { "type": "LineString", "coordinates": [ [ -66.87098, 18.10876 ], [ -66.8702, 18.10728 ], [ -66.87012, 18.1069 ], [ -66.87024, 18.10606 ], [ -66.86974, 18.10505 ], [ -66.8697, 18.10485 ], [ -66.86994, 18.10409 ], [ -66.87096, 18.10309 ], [ -66.87123, 18.10219 ], [ -66.87117, 18.10163 ], [ -66.87122, 18.10145 ], [ -66.87103, 18.10085 ], [ -66.86909, 18.09721 ], [ -66.86905, 18.09626 ], [ -66.86851, 18.0952 ] ] } },
{ "type": "Feature", "properties": { "gnis_name": null, "streamorde": 1, "lengthkm": 0.87, "totdasqkm": 0.44800006, "slope": 0.14457142 }, "geometry": { "type": "LineString", "coordinates": [ [ -66.53725, 18.17054 ], [ -66.53683, 18.16985 ], [ -66.53622, 18.16943 ], [ -66.53535, 18.16832 ], [ -66.53515, 18.16815 ], [ -66.53429, 18.16774 ], [ -66.53395, 18.16673 ], [ -66.53343, 18.16579 ], [ -66.53256, 18.16531 ], [ -66.53188, 18.16512 ] ] } },
{ "type": "Feature", "properties": { "gnis_name": "Río Matrullas", "streamorde": 1, "lengthkm": 1.289, "totdasqkm": 2.24069988, "slope": 0.03085786 }, "geometry": { "type": "LineString", "coordinates": [ [ -66.47062, 18.17992 ], [ -66.47064, 18.18051 ], [ -66.47075, 18.18073 ], [ -66.47169, 18.18108 ], [ -66.47181, 18.18118 ], [ -66.47185, 18.18151 ], [ -66.472, 18.1817 ], [ -66.47198, 18.18183 ], [ -66.47173, 18.18216 ], [ -66.47177, 18.18241 ], [ -66.4726, 18.18258 ], [ -66.47268, 18.18273 ], [ -66.47259, 18.18319 ], [ -66.47264, 18.18326 ], [ -66.47289, 18.18326 ], [ -66.47339, 18.18309 ], [ -66.47362, 18.18312 ], [ -66.47485, 18.18429 ], [ -66.47486, 18.18441 ], [ -66.47461, 18.18453 ], [ -66.47451, 18.18476 ], [ -66.47459, 18.18523 ], [ -66.47486, 18.18574 ], [ -66.47512, 18.18604 ], [ -66.47566, 18.18632 ], [ -66.47613, 18.18736 ], [ -66.47629, 18.18751 ] ] } },
{ "type": "Feature", "properties": { "gnis_name": null, "streamorde": 2, "lengthkm": 1.281, "totdasqkm": 7.17320014, "slope": 0.07717408 }, "geometry": { "type": "LineString", "coordinates": [ [ -66.53427, 18.1215 ], [ -66.53405, 18.12086 ], [ -66.53395, 18.11997 ], [ -66.53394, 18.11967 ], [ -66.53414, 18.11891 ], [ -66.53455, 18.11824 ], [ -66.53498, 18.1178 ], [ -66.53528, 18.11774 ], [ -66.53578, 18.11786 ], [ -66.53599, 18.11782 ], [ -66.53608, 18.1177 ], [ -66.53642, 18.11652 ], [ -66.53643, 18.11598 ], [ -66.53626, 18.11541 ], [ -66.53645, 18.11479 ], [ -66.53644, 18.11417 ], [ -66.53705, 18.11371 ], [ -66.53748, 18.11177 ] ] } },
{ "type": "Feature", "properties": { "gnis_name": null, "streamorde": 1, "lengthkm": 0.20362966, "totdasqkm": 0.03400001, "slope": 1.0000000000000001e-05 }, "geometry": { "type": "LineString", "coordinates": [ [ -66.49174, 18.15031 ], [ -66.49308, 18.14898 ] ] } },
{ "type": "Feature", "properties": { "gnis_name": null, "streamorde": 1, "lengthkm": 2.31350345, "totdasqkm": 1.07960004, "slope": 0.09772743 }, "geometry": { "type": "LineString", "coordinates": [ [ -66.88108, 18.15281 ], [ -66.88102, 18.15317 ], [ -66.87996, 18.1543 ], [ -66.8798, 18.15462 ], [ -66.87977, 18.15487 ], [ -66.8803, 18.15614 ], [ -66.88021, 18.15651 ], [ -66.87888, 18.15681 ], [ -66.87814, 18.1571 ], [ -66.87761, 18.15781 ], [ -66.87733, 18.15804 ], [ -66.87699, 18.1581 ], [ -66.87628, 18.15775 ], [ -66.87607, 18.15779 ], [ -66.8759, 18.15809 ], [ -66.87572, 18.15875 ], [ -66.87525, 18.15918 ], [ -66.87509, 18.15952 ], [ -66.87466, 18.1599 ], [ -66.87408, 18.16016 ], [ -66.87392, 18.16032 ], [ -66.87397, 18.16057 ], [ -66.8742, 18.16093 ], [ -66.87434, 18.1618 ], [ -66.87386, 18.16239 ], [ -66.87353, 18.16335 ], [ -66.87382, 18.16429 ], [ -66.8738, 18.16448 ], [ -66.87356, 18.16479 ], [ -66.87291, 18.16527 ], [ -66.8729, 18.16549 ], [ -66.87313, 18.16583 ], [ -66.87312, 18.16592 ], [ -66.87307, 18.16602 ], [ -66.87268, 18.16627 ], [ -66.87261, 18.16642 ], [ -66.87283, 18.16677 ], [ -66.87336, 18.16703 ], [ -66.87366, 18.16734 ] ] } },
{ "type": "Feature", "properties": { "gnis_name": null, "streamorde": 1, "lengthkm": 0.753, "totdasqkm": 0.23239997, "slope": 0.3606585 }, "geometry": { "type": "LineString", "coordinates": [ [ -66.51219, 18.15265 ], [ -66.51222, 18.15199 ], [ -66.51237, 18.15158 ], [ -66.51235, 18.15121 ], [ -66.51225, 18.15101 ], [ -66.51176, 18.15063 ], [ -66.51158, 18.1504 ], [ -66.51078, 18.14897 ], [ -66.51049, 18.14737 ], [ -66.51014, 18.14649 ] ] } },
{ "type": "Feature", "properties": { "gnis_name": null, "streamorde": 1, "lengthkm": 0.627, "totdasqkm": 0.43379995, "slope": 0.16514231 }, "geometry": { "type": "LineString", "coordinates": [ [ -66.92462, 18.14024 ], [ -66.92479, 18.13972 ], [ -66.92493, 18.13951 ], [ -66.92548, 18.13921 ], [ -66.92609, 18.13874 ], [ -66.92761, 18.13787 ], [ -66.9279, 18.13753 ], [ -66.92811, 18.13712 ], [ -66.92835, 18.13624 ] ] } },
{ "type": "Feature", "properties": { "gnis_name": null, "streamorde": 1, "lengthkm": 0.729, "totdasqkm": 0.2754, "slope": 0.05413355 }, "geometry": { "type": "LineString", "coordinates": [ [ -66.47017, 18.21296 ], [ -66.46944, 18.21228 ], [ -66.46917, 18.21185 ], [ -66.46921, 18.21064 ], [ -66.46936, 18.20982 ], [ -66.46911, 18.2098 ], [ -66.46888, 18.2094 ], [ -66.46858, 18.20921 ], [ -66.46843, 18.20886 ], [ -66.46687, 18.20828 ] ] } },
{ "type": "Feature", "properties": { "gnis_name": null, "streamorde": 3, "lengthkm": 3.78434086, "totdasqkm": 7.88540003, "slope": 0.0061041 }, "geometry": { "type": "LineString", "coordinates": [ [ -66.87268, 18.03959 ], [ -66.87183, 18.039 ], [ -66.87166, 18.03877 ], [ -66.87153, 18.03768 ], [ -66.86953, 18.03533 ], [ -66.86942, 18.03482 ], [ -66.86878, 18.03406 ], [ -66.86894, 18.03367 ], [ -66.8689, 18.0335 ], [ -66.86852, 18.03342 ], [ -66.86833, 18.0329 ], [ -66.86875, 18.03268 ], [ -66.86924, 18.03222 ], [ -66.86899, 18.03146 ], [ -66.86909, 18.03115 ], [ -66.86897, 18.03061 ], [ -66.86911, 18.03047 ], [ -66.86943, 18.03041 ], [ -66.86924, 18.02968 ], [ -66.86953, 18.02924 ], [ -66.86962, 18.02863 ], [ -66.86953, 18.02846 ], [ -66.86916, 18.02817 ], [ -66.86925, 18.02766 ], [ -66.86913, 18.02697 ], [ -66.86928, 18.02677 ], [ -66.86964, 18.02675 ], [ -66.86976, 18.02664 ], [ -66.86973, 18.02623 ], [ -66.87003, 18.0257 ], [ -66.86972, 18.02477 ], [ -66.86983, 18.02458 ], [ -66.87052, 18.02449 ], [ -66.87055, 18.02373 ], [ -66.87072, 18.02352 ], [ -66.87058, 18.02319 ], [ -66.87075, 18.02249 ], [ -66.87093, 18.02244 ], [ -66.87115, 18.02278 ], [ -66.87125, 18.02283 ], [ -66.87144, 18.02272 ], [ -66.87178, 18.02229 ], [ -66.87187, 18.02197 ], [ -66.87247, 18.02172 ], [ -66.87265, 18.0212 ], [ -66.87289, 18.02083 ], [ -66.8728, 18.02046 ], [ -66.87286, 18.0204 ], [ -66.87302, 18.02036 ], [ -66.8738, 18.02046 ], [ -66.87407, 18.02036 ], [ -66.87435, 18.02009 ], [ -66.87483, 18.0191 ], [ -66.87499, 18.01919 ], [ -66.87508, 18.01944 ], [ -66.87525, 18.01951 ], [ -66.87546, 18.01944 ], [ -66.87558, 18.01924 ], [ -66.87537, 18.01852 ], [ -66.87504, 18.01782 ], [ -66.87495, 18.01699 ], [ -66.87503, 18.01651 ], [ -66.87532, 18.01583 ], [ -66.87512, 18.01466 ], [ -66.87519, 18.01454 ], [ -66.87537, 18.0145 ] ] } },
{ "type": "Feature", "properties": { "gnis_name": null, "streamorde": 1, "lengthkm": 0.43889331, "totdasqkm": 0.42130002, "slope": 0.02210135 }, "geometry": { "type": "LineString", "coordinates": [ [ -66.88407, 18.03755 ], [ -66.88476, 18.03695 ], [ -66.88675, 18.03642 ], [ -66.88727, 18.0362 ], [ -66.88749, 18.03571 ] ] } },
{ "type": "Feature", "properties": { "gnis_name": null, "streamorde": 1, "lengthkm": 0.08161228, "totdasqkm": 0.94759999, "slope": 0.02193297 }, "geometry": { "type": "LineString", "coordinates": [ [ -66.87095, 18.10948 ], [ -66.87104, 18.10888 ], [ -66.87098, 18.10876 ] ] } },
{ "type": "Feature", "properties": { "gnis_name": null, "streamorde": 1, "lengthkm": 0.467, "totdasqkm": 0.1142, "slope": 0.20291553 }, "geometry": { "type": "LineString", "coordinates": [ [ -66.89983, 18.14598 ], [ -66.89968, 18.1457 ], [ -66.89953, 18.14507 ], [ -66.89964, 18.14467 ], [ -66.90033, 18.14407 ], [ -66.90057, 18.14357 ], [ -66.90174, 18.14277 ] ] } },
{ "type": "Feature", "properties": { "gnis_name": null, "streamorde": 1, "lengthkm": 1.56059717, "totdasqkm": 1.05090003, "slope": 0.13461617 }, "geometry": { "type": "LineString", "coordinates": [ [ -66.8436, 18.17364 ], [ -66.84276, 18.17406 ], [ -66.84159, 18.17428 ], [ -66.84099, 18.17467 ], [ -66.8405, 18.17525 ], [ -66.84041, 18.17587 ], [ -66.84028, 18.1761 ], [ -66.83942, 18.17662 ], [ -66.83874, 18.17731 ], [ -66.83854, 18.1773 ], [ -66.83831, 18.1771 ], [ -66.83819, 18.17709 ], [ -66.83708, 18.17739 ], [ -66.83644, 18.1779 ], [ -66.8356, 18.17802 ], [ -66.83491, 18.17823 ], [ -66.83283, 18.1785 ], [ -66.83261, 18.17871 ], [ -66.83243, 18.1791 ], [ -66.83176, 18.17985 ] ] } },
{ "type": "Feature", "properties": { "gnis_name": null, "streamorde": 1, "lengthkm": 0.934, "totdasqkm": 0.91129988, "slope": 0.14881156 }, "geometry": { "type": "LineString", "coordinates": [ [ -66.84773, 18.08406 ], [ -66.84737, 18.08294 ], [ -66.84739, 18.08254 ], [ -66.84789, 18.08126 ], [ -66.84803, 18.08081 ], [ -66.84796, 18.08064 ], [ -66.84779, 18.08057 ], [ -66.84731, 18.08058 ], [ -66.84626, 18.0801 ], [ -66.84556, 18.08025 ], [ -66.84389, 18.08019 ], [ -66.84329, 18.08034 ], [ -66.84307, 18.0803 ] ] } },
{ "type": "Feature", "properties": { "gnis_name": null, "streamorde": 2, "lengthkm": 0.574, "totdasqkm": 1.7958, "slope": 0.03688153 }, "geometry": { "type": "LineString", "coordinates": [ [ -66.47896, 18.18375 ], [ -66.47886, 18.18403 ], [ -66.47893, 18.1845 ], [ -66.47887, 18.18514 ], [ -66.47864, 18.18561 ], [ -66.47841, 18.18571 ], [ -66.47796, 18.18574 ], [ -66.47783, 18.18592 ], [ -66.47755, 18.18679 ], [ -66.47629, 18.18751 ] ] } },
{ "type": "Feature", "properties": { "gnis_name": null, "streamorde": 2, "lengthkm": 0.79, "totdasqkm": 1.2153, "slope": 0.09555696 }, "geometry": { "type": "LineString", "coordinates": [ [ -66.92835, 18.13624 ], [ -66.92901, 18.13579 ], [ -66.9298, 18.13481 ], [ -66.93232, 18.13245 ], [ -66.93342, 18.13179 ], [ -66.93361, 18.13179 ], [ -66.93389, 18.13194 ] ] } },
{ "type": "Feature", "properties": { "gnis_name": null, "streamorde": 1, "lengthkm": 0.626, "totdasqkm": 0.74600006, "slope": 0.09425855 }, "geometry": { "type": "LineString", "coordinates": [ [ -66.82663, 18.09554 ], [ -66.82579, 18.09497 ], [ -66.82498, 18.09405 ], [ -66.82417, 18.09349 ], [ -66.82377, 18.09292 ], [ -66.82299, 18.09275 ], [ -66.82286, 18.09264 ], [ -66.82249, 18.09184 ] ] } },
{ "type": "Feature", "properties": { "gnis_name": null, "streamorde": 1, "lengthkm": 1.211, "totdasqkm": 0.76089996, "slope": 0.10619262 }, "geometry": { "type": "LineString", "coordinates": [ [ -66.91924, 18.15643 ], [ -66.9188, 18.15702 ], [ -66.91867, 18.15706 ], [ -66.91849, 18.15737 ], [ -66.91809, 18.15776 ], [ -66.9171, 18.15819 ], [ -66.91705, 18.15834 ], [ -66.91717, 18.15882 ], [ -66.91702, 18.15901 ], [ -66.91623, 18.159 ], [ -66.91599, 18.15932 ], [ -66.91525, 18.15951 ], [ -66.91465, 18.15987 ], [ -66.9145, 18.16017 ], [ -66.9145, 18.16037 ], [ -66.91453, 18.16058 ], [ -66.91493, 18.16127 ], [ -66.91489, 18.16165 ], [ -66.91429, 18.16187 ], [ -66.91344, 18.16189 ], [ -66.91297, 18.16209 ], [ -66.91291, 18.16233 ], [ -66.91292, 18.16286 ] ] } },
{ "type": "Feature", "properties": { "gnis_name": null, "streamorde": 1, "lengthkm": 0.78744622, "totdasqkm": 0.6395999, "slope": 0.15964885 }, "geometry": { "type": "LineString", "coordinates": [ [ -66.81054, 18.18424 ], [ -66.81, 18.18305 ], [ -66.80974, 18.18268 ], [ -66.80961, 18.18208 ], [ -66.80917, 18.18133 ], [ -66.80895, 18.18102 ], [ -66.80856, 18.18072 ], [ -66.80781, 18.18047 ], [ -66.80755, 18.17984 ], [ -66.80698, 18.17949 ], [ -66.80672, 18.17873 ], [ -66.80662, 18.17868 ] ] } },
{ "type": "Feature", "properties": { "gnis_name": null, "streamorde": 3, "lengthkm": 1.11948502, "totdasqkm": 10.34459983, "slope": 0.06633407 }, "geometry": { "type": "LineString", "coordinates": [ [ -66.84122, 18.15177 ], [ -66.84159, 18.1523 ], [ -66.84227, 18.15296 ], [ -66.84244, 18.15298 ], [ -66.84339, 18.15272 ], [ -66.8452, 18.15254 ], [ -66.84594, 18.15237 ], [ -66.84632, 18.15248 ], [ -66.84664, 18.15266 ], [ -66.84712, 18.1531 ], [ -66.84765, 18.15315 ], [ -66.84801, 18.15328 ], [ -66.84825, 18.15348 ], [ -66.84838, 18.15368 ], [ -66.84833, 18.15398 ], [ -66.84879, 18.15446 ], [ -66.84972, 18.15445 ], [ -66.85004, 18.15453 ] ] } },
{ "type": "Feature", "properties": { "gnis_name": null, "streamorde": 1, "lengthkm": 1.9931333, "totdasqkm": 1.72429992, "slope": 0.10709758 }, "geometry": { "type": "LineString", "coordinates": [ [ -66.8465, 18.21639 ], [ -66.84623, 18.21707 ], [ -66.84624, 18.21756 ], [ -66.84656, 18.21789 ], [ -66.84672, 18.21833 ], [ -66.84696, 18.21862 ], [ -66.84774, 18.2201 ], [ -66.84788, 18.2208 ], [ -66.84805, 18.22123 ], [ -66.8486, 18.22191 ], [ -66.84884, 18.22271 ], [ -66.84922, 18.22357 ], [ -66.84964, 18.22407 ], [ -66.8499, 18.22453 ], [ -66.85035, 18.22483 ], [ -66.85046, 18.22512 ], [ -66.85045, 18.22595 ], [ -66.85051, 18.2263 ], [ -66.85067, 18.22651 ], [ -66.85105, 18.22678 ], [ -66.85116, 18.22701 ], [ -66.85115, 18.22741 ], [ -66.85133, 18.22813 ], [ -66.85124, 18.22864 ], [ -66.85049, 18.22918 ], [ -66.8501, 18.22963 ], [ -66.84954, 18.2298 ], [ -66.84943, 18.23005 ], [ -66.84961, 18.23034 ], [ -66.85076, 18.23136 ] ] } },
{ "type": "Feature", "properties": { "gnis_name": null, "streamorde": 1, "lengthkm": 0.442, "totdasqkm": 1.04619997, "slope": 0.07995475 }, "geometry": { "type": "LineString", "coordinates": [ [ -66.88451, 18.09677 ], [ -66.8843, 18.0965 ], [ -66.88367, 18.09599 ], [ -66.88322, 18.09507 ], [ -66.88281, 18.09486 ], [ -66.88138, 18.09467 ] ] } },
{ "type": "Feature", "properties": { "gnis_name": null, "streamorde": 2, "lengthkm": 1.93330372, "totdasqkm": 3.77809996, "slope": 0.04731279 }, "geometry": { "type": "LineString", "coordinates": [ [ -66.49578, 18.17692 ], [ -66.49661, 18.17687 ], [ -66.49712, 18.17653 ], [ -66.49756, 18.17605 ], [ -66.49768, 18.17604 ], [ -66.49784, 18.17624 ], [ -66.49793, 18.17659 ], [ -66.49821, 18.17658 ], [ -66.4984, 18.17639 ], [ -66.49927, 18.17643 ], [ -66.49951, 18.17694 ], [ -66.49971, 18.17713 ], [ -66.50108, 18.17766 ], [ -66.50159, 18.17817 ], [ -66.50187, 18.17829 ], [ -66.50239, 18.17812 ], [ -66.50281, 18.17741 ], [ -66.50371, 18.17622 ], [ -66.50414, 18.17588 ], [ -66.50498, 18.1758 ], [ -66.50597, 18.17622 ], [ -66.50697, 18.17595 ], [ -66.50712, 18.176 ], [ -66.50755, 18.1759 ], [ -66.5078, 18.17618 ], [ -66.50835, 18.17717 ], [ -66.50846, 18.17827 ], [ -66.5088, 18.17884 ] ] } },
{ "type": "Feature", "properties": { "gnis_name": null, "streamorde": 1, "lengthkm": 0.9769556, "totdasqkm": 0.4899, "slope": 0.04275017 }, "geometry": { "type": "LineString", "coordinates": [ [ -66.89318, 18.04879 ], [ -66.8926, 18.04862 ], [ -66.89164, 18.04793 ], [ -66.89126, 18.04793 ], [ -66.89067, 18.04807 ], [ -66.88958, 18.04786 ], [ -66.88915, 18.04757 ], [ -66.88882, 18.0471 ], [ -66.88848, 18.0468 ], [ -66.88801, 18.04656 ], [ -66.88722, 18.04633 ], [ -66.88666, 18.04602 ], [ -66.88652, 18.04585 ], [ -66.88623, 18.04493 ], [ -66.88595, 18.04458 ] ] } },
{ "type": "Feature", "properties": { "gnis_name": null, "streamorde": 1, "lengthkm": 1.959, "totdasqkm": 0.81860003, "slope": 0.22473373 }, "geometry": { "type": "LineString", "coordinates": [ [ -66.51248, 18.13255 ], [ -66.51172, 18.13194 ], [ -66.51067, 18.13085 ], [ -66.50814, 18.13088 ], [ -66.5072, 18.13073 ], [ -66.5066, 18.1303 ], [ -66.50599, 18.12953 ], [ -66.50518, 18.12915 ], [ -66.50414, 18.12902 ], [ -66.50384, 18.12885 ], [ -66.50322, 18.1283 ], [ -66.50281, 18.12835 ], [ -66.50243, 18.12865 ], [ -66.50213, 18.12861 ], [ -66.5007, 18.12784 ], [ -66.50053, 18.12757 ], [ -66.50059, 18.12734 ], [ -66.50054, 18.12706 ], [ -66.50001, 18.12593 ], [ -66.50039, 18.12501 ], [ -66.50038, 18.12459 ], [ -66.50017, 18.12365 ] ] } },
{ "type": "Feature", "properties": { "gnis_name": "Río Guayo", "streamorde": 3, "lengthkm": 2.542, "totdasqkm": 21.53989991, "slope": 0.01887097 }, "geometry": { "type": "LineString", "coordinates": [ [ -66.53885, 18.10612 ], [ -66.53855, 18.1045 ], [ -66.53865, 18.10347 ], [ -66.53884, 18.10305 ], [ -66.53922, 18.1026 ], [ -66.54023, 18.10196 ], [ -66.54071, 18.10123 ], [ -66.54214, 18.09997 ], [ -66.54367, 18.09887 ], [ -66.54379, 18.09845 ], [ -66.54379, 18.09815 ], [ -66.54353, 18.09648 ], [ -66.5432, 18.09517 ], [ -66.543, 18.095 ], [ -66.54284, 18.09496 ], [ -66.54129, 18.09483 ], [ -66.54093, 18.09453 ], [ -66.54063, 18.09403 ], [ -66.54036, 18.09223 ], [ -66.53982, 18.09148 ], [ -66.53972, 18.09001 ], [ -66.53961, 18.08968 ], [ -66.53932, 18.08932 ], [ -66.53848, 18.08874 ], [ -66.53803, 18.08812 ] ] } },
{ "type": "Feature", "properties": { "gnis_name": "Río Yauco", "streamorde": 3, "lengthkm": 0.67411802, "totdasqkm": 21.57350003, "slope": 0.00341187 }, "geometry": { "type": "LineString", "coordinates": [ [ -66.87638, 18.10883 ], [ -66.8756, 18.10865 ], [ -66.8753, 18.10884 ], [ -66.87485, 18.10968 ], [ -66.87451, 18.10987 ], [ -66.87391, 18.10996 ], [ -66.87304, 18.10968 ], [ -66.87273, 18.10943 ], [ -66.87197, 18.10913 ], [ -66.87169, 18.10894 ], [ -66.87098, 18.10876 ] ] } },
{ "type": "Feature", "properties": { "gnis_name": "Río Yauco", "streamorde": 2, "lengthkm": 1.088, "totdasqkm": 3.46269993, "slope": 0.06392463 }, "geometry": { "type": "LineString", "coordinates": [ [ -66.91186, 18.14014 ], [ -66.91123, 18.14036 ], [ -66.9109, 18.14019 ], [ -66.91085, 18.13973 ], [ -66.91108, 18.13943 ], [ -66.91158, 18.13915 ], [ -66.9117, 18.13894 ], [ -66.91167, 18.13883 ], [ -66.91138, 18.13873 ], [ -66.91103, 18.13874 ], [ -66.91053, 18.13855 ], [ -66.91017, 18.13822 ], [ -66.90978, 18.13767 ], [ -66.90956, 18.13727 ], [ -66.90958, 18.13711 ], [ -66.91019, 18.13672 ], [ -66.91019, 18.13633 ], [ -66.91008, 18.13613 ], [ -66.90989, 18.13605 ], [ -66.90911, 18.13604 ], [ -66.90888, 18.13496 ], [ -66.90887, 18.1342 ] ] } },
{ "type": "Feature", "properties": { "gnis_name": null, "streamorde": 1, "lengthkm": 1.595, "totdasqkm": 0.96120009, "slope": 0.05158528 }, "geometry": { "type": "LineString", "coordinates": [ [ -66.46004, 18.13638 ], [ -66.45965, 18.13627 ], [ -66.45865, 18.13526 ], [ -66.45792, 18.13489 ], [ -66.45776, 18.13464 ], [ -66.45726, 18.13426 ], [ -66.4569, 18.13332 ], [ -66.45658, 18.13305 ], [ -66.45653, 18.13289 ], [ -66.45661, 18.13221 ], [ -66.45565, 18.13144 ], [ -66.45567, 18.13079 ], [ -66.45571, 18.13068 ], [ -66.45605, 18.13048 ], [ -66.45621, 18.12996 ], [ -66.45609, 18.12967 ], [ -66.45582, 18.12942 ], [ -66.4552, 18.12827 ], [ -66.45517, 18.12718 ], [ -66.45548, 18.12573 ], [ -66.45587, 18.12539 ], [ -66.45589, 18.12473 ] ] } },
{ "type": "Feature", "properties": { "gnis_name": null, "streamorde": 2, "lengthkm": 1.692, "totdasqkm": 8.3423999, "slope": 0.03687352 }, "geometry": { "type": "LineString", "coordinates": [ [ -66.84754, 18.1045 ], [ -66.84854, 18.10371 ], [ -66.84875, 18.10367 ], [ -66.84916, 18.10381 ], [ -66.84931, 18.10373 ], [ -66.8495, 18.10334 ], [ -66.84959, 18.10282 ], [ -66.8496, 18.10202 ], [ -66.84969, 18.10181 ], [ -66.84996, 18.10165 ], [ -66.85106, 18.10129 ], [ -66.8514, 18.10133 ], [ -66.853, 18.10183 ], [ -66.85326, 18.10184 ], [ -66.85365, 18.10167 ], [ -66.85407, 18.10103 ], [ -66.85435, 18.10083 ], [ -66.85535, 18.1003 ], [ -66.85562, 18.1 ], [ -66.85601, 18.09984 ], [ -66.85624, 18.09909 ], [ -66.85624, 18.09889 ], [ -66.85609, 18.09869 ], [ -66.85514, 18.09849 ], [ -66.85484, 18.09834 ], [ -66.85453, 18.09795 ], [ -66.85418, 18.09726 ], [ -66.85403, 18.09675 ] ] } },
{ "type": "Feature", "properties": { "gnis_name": null, "streamorde": 1, "lengthkm": 0.801, "totdasqkm": 0.41089998, "slope": 0.19626248 }, "geometry": { "type": "LineString", "coordinates": [ [ -66.888, 18.10299 ], [ -66.88747, 18.10263 ], [ -66.88699, 18.10168 ], [ -66.88606, 18.10068 ], [ -66.88529, 18.09874 ], [ -66.88512, 18.09803 ], [ -66.88492, 18.09774 ], [ -66.88451, 18.09677 ] ] } },
{ "type": "Feature", "properties": { "gnis_name": "Río Guayo", "streamorde": 3, "lengthkm": 0.30718407, "totdasqkm": 18.11069995, "slope": 1.0000000000000001e-05 }, "geometry": { "type": "LineString", "coordinates": [ [ -66.83413, 18.1986 ], [ -66.83387, 18.1999 ], [ -66.83393, 18.20001 ], [ -66.83387, 18.20083 ], [ -66.83393, 18.20095 ], [ -66.83378, 18.20129 ] ] } },
{ "type": "Feature", "properties": { "gnis_name": null, "streamorde": 2, "lengthkm": 1.121, "totdasqkm": 1.3851, "slope": 0.05345228 }, "geometry": { "type": "LineString", "coordinates": [ [ -66.92161, 18.09421 ], [ -66.92192, 18.09274 ], [ -66.92185, 18.0919 ], [ -66.92146, 18.09059 ], [ -66.92164, 18.08974 ], [ -66.92201, 18.08922 ], [ -66.92309, 18.08825 ], [ -66.92341, 18.08768 ], [ -66.9236, 18.08684 ], [ -66.9242, 18.08603 ], [ -66.92493, 18.08534 ] ] } },
{ "type": "Feature", "properties": { "gnis_name": null, "streamorde": 1, "lengthkm": 1.26, "totdasqkm": 1.1862001, "slope": 0.21976191 }, "geometry": { "type": "LineString", "coordinates": [ [ -66.82137, 18.1086 ], [ -66.82201, 18.10825 ], [ -66.82367, 18.10802 ], [ -66.82391, 18.1079 ], [ -66.8241, 18.10759 ], [ -66.82485, 18.10764 ], [ -66.82604, 18.10738 ], [ -66.82638, 18.1074 ], [ -66.82706, 18.10788 ], [ -66.82727, 18.10787 ], [ -66.82906, 18.10714 ], [ -66.82927, 18.10712 ], [ -66.82984, 18.10729 ], [ -66.83006, 18.10728 ], [ -66.83058, 18.10704 ], [ -66.83118, 18.10647 ], [ -66.83171, 18.10644 ], [ -66.83222, 18.1063 ] ] } },
{ "type": "Feature", "properties": { "gnis_name": null, "streamorde": 1, "lengthkm": 0.437, "totdasqkm": 0.18189994, "slope": 0.17317508 }, "geometry": { "type": "LineString", "coordinates": [ [ -66.53166, 18.16879 ], [ -66.53172, 18.16846 ], [ -66.53207, 18.16802 ], [ -66.53201, 18.16776 ], [ -66.53167, 18.16719 ], [ -66.53162, 18.1669 ], [ -66.53184, 18.16627 ], [ -66.53188, 18.16512 ] ] } },
{ "type": "Feature", "properties": { "gnis_name": "Río Loco", "streamorde": 3, "lengthkm": 0.05116119, "totdasqkm": 21.85220004, "slope": 0.21442035 }, "geometry": { "type": "LineString", "coordinates": [ [ -66.88747, 18.0429 ], [ -66.88772, 18.04251 ] ] } },
{ "type": "Feature", "properties": { "gnis_name": "Río Matrullas", "streamorde": 2, "lengthkm": 1.16695699, "totdasqkm": 5.1634, "slope": 0.00930626 }, "geometry": { "type": "LineString", "coordinates": [ [ -66.47629, 18.18751 ], [ -66.47624, 18.18813 ], [ -66.47572, 18.18842 ], [ -66.47572, 18.18857 ], [ -66.47674, 18.18892 ], [ -66.47696, 18.18906 ], [ -66.47629, 18.18941 ], [ -66.47626, 18.18952 ], [ -66.47643, 18.18961 ], [ -66.47696, 18.1895 ], [ -66.47724, 18.18961 ], [ -66.47733, 18.18982 ], [ -66.4769, 18.19024 ], [ -66.4769, 18.19034 ], [ -66.47711, 18.1905 ], [ -66.47822, 18.19058 ], [ -66.4784, 18.19065 ], [ -66.47844, 18.19076 ], [ -66.47828, 18.19095 ], [ -66.47754, 18.1913 ], [ -66.47746, 18.19143 ], [ -66.47755, 18.19158 ], [ -66.47774, 18.19161 ], [ -66.47819, 18.19146 ], [ -66.4783, 18.19149 ], [ -66.47824, 18.19167 ], [ -66.47769, 18.19223 ], [ -66.47765, 18.19235 ], [ -66.47772, 18.19253 ] ] } },
{ "type": "Feature", "properties": { "gnis_name": "Río Loco", "streamorde": 3, "lengthkm": 0.61531052, "totdasqkm": 20.13750012, "slope": 0.00741089 }, "geometry": { "type": "LineString", "coordinates": [ [ -66.88511, 18.05347 ], [ -66.88488, 18.053 ], [ -66.88431, 18.05255 ], [ -66.88326, 18.05248 ], [ -66.88267, 18.05197 ], [ -66.88267, 18.05169 ], [ -66.88289, 18.05132 ], [ -66.88339, 18.05084 ], [ -66.88436, 18.05013 ] ] } },
{ "type": "Feature", "properties": { "gnis_name": null, "streamorde": 1, "lengthkm": 0.553, "totdasqkm": 0.18069997, "slope": 0.39373067 }, "geometry": { "type": "LineString", "coordinates": [ [ -66.86714, 18.12047 ], [ -66.86763, 18.11951 ], [ -66.86777, 18.11868 ], [ -66.86795, 18.11818 ], [ -66.86784, 18.11684 ], [ -66.86829, 18.11572 ] ] } },
{ "type": "Feature", "properties": { "gnis_name": null, "streamorde": 1, "lengthkm": 0.934, "totdasqkm": 0.59999996999999994, "slope": 0.05995204 }, "geometry": { "type": "LineString", "coordinates": [ [ -66.87418, 18.06809 ], [ -66.87364, 18.0674 ], [ -66.87317, 18.06722 ], [ -66.87291, 18.06701 ], [ -66.87213, 18.06582 ], [ -66.87152, 18.06534 ], [ -66.87119, 18.06491 ], [ -66.87077, 18.06367 ], [ -66.87049, 18.06204 ], [ -66.87057, 18.06173 ], [ -66.87104, 18.0611 ] ] } },
{ "type": "Feature", "properties": { "gnis_name": "Río Yauco", "streamorde": 3, "lengthkm": 0.256, "totdasqkm": 9.56640013, "slope": 0.05921875 }, "geometry": { "type": "LineString", "coordinates": [ [ -66.89256, 18.11783 ], [ -66.89141, 18.11744 ], [ -66.89111, 18.11722 ], [ -66.8906, 18.11665 ] ] } },
{ "type": "Feature", "properties": { "gnis_name": "Río Naranjo", "streamorde": 2, "lengthkm": 1.14960652, "totdasqkm": 5.95270036, "slope": 0.00073938 }, "geometry": { "type": "LineString", "coordinates": [ [ -66.8636, 18.10262 ], [ -66.86413, 18.10204 ], [ -66.86449, 18.10117 ], [ -66.86431, 18.10067 ], [ -66.8636, 18.10034 ], [ -66.86337, 18.09987 ], [ -66.86362, 18.09887 ], [ -66.86412, 18.09834 ], [ -66.86434, 18.09762 ], [ -66.86454, 18.09744 ], [ -66.86619, 18.09656 ], [ -66.8664, 18.09618 ], [ -66.86669, 18.09524 ], [ -66.86632, 18.09441 ] ] } },
{ "type": "Feature", "properties": { "gnis_name": null, "streamorde": 1, "lengthkm": 3.186, "totdasqkm": 1.30159985, "slope": 0.00449773 }, "geometry": { "type": "LineString", "coordinates": [ [ -66.88935, 18.03577 ], [ -66.88942, 18.03517 ], [ -66.88957, 18.03482 ], [ -66.88956, 18.03453 ], [ -66.889, 18.03369 ], [ -66.88857, 18.03282 ], [ -66.88806, 18.03224 ], [ -66.88799, 18.03203 ], [ -66.88799, 18.03173 ], [ -66.88829, 18.03023 ], [ -66.88827, 18.02956 ], [ -66.88801, 18.02901 ], [ -66.88754, 18.02866 ], [ -66.88699, 18.02776 ], [ -66.88631, 18.02436 ], [ -66.88641, 18.02358 ], [ -66.88663, 18.02306 ], [ -66.88714, 18.02208 ], [ -66.88812, 18.02074 ], [ -66.88824, 18.02025 ], [ -66.88776, 18.01951 ], [ -66.88708, 18.01885 ], [ -66.88674, 18.01857 ], [ -66.88544, 18.01782 ], [ -66.88277, 18.01561 ], [ -66.88249, 18.01522 ], [ -66.88246, 18.01502 ], [ -66.88284, 18.01422 ], [ -66.88263, 18.01404 ], [ -66.88159, 18.01358 ], [ -66.88137, 18.0133 ], [ -66.88143, 18.01308 ], [ -66.88181, 18.01268 ], [ -66.88235, 18.01238 ] ] } },
{ "type": "Feature", "properties": { "gnis_name": null, "streamorde": 1, "lengthkm": 0.405, "totdasqkm": 0.1702, "slope": 0.07052459 }, "geometry": { "type": "LineString", "coordinates": [ [ -66.87432, 18.06288 ], [ -66.87389, 18.06259 ], [ -66.87311, 18.06237 ], [ -66.87249, 18.06209 ], [ -66.87214, 18.06175 ], [ -66.87104, 18.0611 ] ] } },
{ "type": "Feature", "properties": { "gnis_name": null, "streamorde": 1, "lengthkm": 0.798, "totdasqkm": 0.37889999, "slope": 0.13492481 }, "geometry": { "type": "LineString", "coordinates": [ [ -66.92461, 18.10033 ], [ -66.92468, 18.09861 ], [ -66.9246, 18.09802 ], [ -66.92437, 18.09735 ], [ -66.9237, 18.09633 ], [ -66.92211, 18.09506 ], [ -66.92161, 18.09421 ] ] } },
{ "type": "Feature", "properties": { "gnis_name": "Río Blanco", "streamorde": 4, "lengthkm": 0.85032512, "totdasqkm": 42.71240021000001, "slope": 0.00816158 }, "geometry": { "type": "LineString", "coordinates": [ [ -66.80689, 18.20873 ], [ -66.80689, 18.20949 ], [ -66.80702, 18.21004 ], [ -66.80696, 18.21032 ], [ -66.80719, 18.21097 ], [ -66.80722, 18.2117 ], [ -66.80746, 18.21209 ], [ -66.80775, 18.21225 ], [ -66.80892, 18.21247 ], [ -66.80953, 18.21238 ], [ -66.81021, 18.21185 ], [ -66.81039, 18.21123 ], [ -66.81079, 18.21073 ] ] } },
{ "type": "Feature", "properties": { "gnis_name": "Río Toro Negro", "streamorde": 2, "lengthkm": 0.47031533, "totdasqkm": 2.77710006, "slope": 1.0000000000000001e-05 }, "geometry": { "type": "LineString", "coordinates": [ [ -66.53152, 18.15558 ], [ -66.53126, 18.15552 ], [ -66.53062, 18.15603 ], [ -66.53049, 18.15625 ], [ -66.52944, 18.15654 ], [ -66.52913, 18.15672 ], [ -66.52873, 18.15796 ], [ -66.52851, 18.15811 ] ] } },
{ "type": "Feature", "properties": { "gnis_name": null, "streamorde": 1, "lengthkm": 0.14119949, "totdasqkm": 0.59259996, "slope": 0.18328679 }, "geometry": { "type": "LineString", "coordinates": [ [ -66.49192, 18.20735 ], [ -66.49265, 18.20763 ], [ -66.49318, 18.20763 ] ] } },
{ "type": "Feature", "properties": { "gnis_name": null, "streamorde": 1, "lengthkm": 0.628, "totdasqkm": 0.36689999, "slope": 0.15172349 }, "geometry": { "type": "LineString", "coordinates": [ [ -66.92607, 18.09375 ], [ -66.92672, 18.09354 ], [ -66.9274, 18.09345 ], [ -66.92935, 18.09358 ], [ -66.92969, 18.09352 ], [ -66.93029, 18.09322 ], [ -66.93123, 18.09324 ], [ -66.93181, 18.09304 ] ] } },
{ "type": "Feature", "properties": { "gnis_name": null, "streamorde": 1, "lengthkm": 0.339, "totdasqkm": 0.20709996, "slope": 0.27602512 }, "geometry": { "type": "LineString", "coordinates": [ [ -66.50319, 18.20007 ], [ -66.50369, 18.19911 ], [ -66.50403, 18.1987 ], [ -66.50468, 18.19828 ], [ -66.50541, 18.19814 ] ] } },
{ "type": "Feature", "properties": { "gnis_name": "Río Loco", "streamorde": 3, "lengthkm": 0.18974779, "totdasqkm": 21.83480004, "slope": 0.00706201 }, "geometry": { "type": "LineString", "coordinates": [ [ -66.88594, 18.04341 ], [ -66.88641, 18.04327 ], [ -66.88696, 18.04335 ], [ -66.88741, 18.0431 ], [ -66.88747, 18.0429 ] ] } },
{ "type": "Feature", "properties": { "gnis_name": null, "streamorde": 1, "lengthkm": 5.76925839, "totdasqkm": 5.08300008, "slope": 0.03128998 }, "geometry": { "type": "LineString", "coordinates": [ [ -66.89625, 18.10224 ], [ -66.89659, 18.10196 ], [ -66.89679, 18.10152 ], [ -66.89714, 18.10109 ], [ -66.89722, 18.10067 ], [ -66.89709, 18.10027 ], [ -66.89685, 18.10003 ], [ -66.89587, 18.09963 ], [ -66.89503, 18.0991 ], [ -66.89438, 18.09886 ], [ -66.89399, 18.09854 ], [ -66.89387, 18.09833 ], [ -66.89387, 18.0981 ], [ -66.8943, 18.09721 ], [ -66.8942, 18.09695 ], [ -66.89369, 18.09648 ], [ -66.89358, 18.09598 ], [ -66.89408, 18.09407 ], [ -66.8946, 18.09325 ], [ -66.89481, 18.09235 ], [ -66.89516, 18.09167 ], [ -66.89523, 18.0912 ], [ -66.8952, 18.09068 ], [ -66.8955, 18.09026 ], [ -66.89578, 18.08961 ], [ -66.89578, 18.08938 ], [ -66.89562, 18.08911 ], [ -66.89577, 18.08864 ], [ -66.89575, 18.08803 ], [ -66.89586, 18.08754 ], [ -66.89603, 18.0873 ], [ -66.89631, 18.08711 ], [ -66.8969, 18.08713 ], [ -66.89711, 18.08706 ], [ -66.89735, 18.08666 ], [ -66.89731, 18.08612 ], [ -66.89718, 18.0859 ], [ -66.89706, 18.0858 ], [ -66.89645, 18.08562 ], [ -66.89634, 18.08551 ], [ -66.89659, 18.08511 ], [ -66.89754, 18.08438 ], [ -66.89815, 18.08243 ], [ -66.89815, 18.08175 ], [ -66.89782, 18.0814 ], [ -66.89822, 18.081 ], [ -66.89847, 18.08087 ], [ -66.89858, 18.08068 ], [ -66.89818, 18.08011 ], [ -66.89818, 18.07954 ], [ -66.89829, 18.07932 ], [ -66.8986, 18.07919 ], [ -66.89866, 18.07908 ], [ -66.89803, 18.0788 ], [ -66.89698, 18.07712 ], [ -66.89659, 18.07658 ], [ -66.89603, 18.07603 ], [ -66.89613, 18.07578 ], [ -66.89688, 18.07581 ], [ -66.89708, 18.07567 ], [ -66.89719, 18.07535 ], [ -66.89703, 18.07494 ], [ -66.89667, 18.07475 ], [ -66.89601, 18.07481 ], [ -66.89571, 18.0747 ], [ -66.89552, 18.07446 ], [ -66.89564, 18.07413 ], [ -66.89561, 18.07397 ], [ -66.89546, 18.07384 ], [ -66.89503, 18.0738 ], [ -66.89481, 18.0737 ], [ -66.89446, 18.07335 ], [ -66.89418, 18.0729 ], [ -66.89369, 18.07179 ], [ -66.89365, 18.07145 ], [ -66.89383, 18.07091 ], [ -66.89383, 18.07048 ], [ -66.89372, 18.07019 ], [ -66.89354, 18.07 ], [ -66.89319, 18.06993 ], [ -66.89281, 18.07039 ], [ -66.89245, 18.07063 ], [ -66.89164, 18.07052 ], [ -66.89139, 18.07066 ], [ -66.89137, 18.07247 ], [ -66.89133, 18.07265 ], [ -66.89124, 18.0727 ], [ -66.89087, 18.07241 ], [ -66.8903, 18.0712 ], [ -66.89, 18.0709 ], [ -66.88959, 18.07077 ], [ -66.8894, 18.0708 ], [ -66.88904, 18.0709 ], [ -66.88869, 18.07118 ], [ -66.88827, 18.0713 ], [ -66.88766, 18.07097 ], [ -66.88736, 18.0707 ] ] } },
{ "type": "Feature", "properties": { "gnis_name": null, "streamorde": 1, "lengthkm": 0.459, "totdasqkm": 0.42209993, "slope": 0.08610028 }, "geometry": { "type": "LineString", "coordinates": [ [ -66.88859, 18.09214 ], [ -66.88777, 18.09167 ], [ -66.88656, 18.09132 ], [ -66.88609, 18.09078 ], [ -66.88595, 18.09044 ], [ -66.8853, 18.08973 ] ] } },
{ "type": "Feature", "properties": { "gnis_name": "Río Yauco", "streamorde": 3, "lengthkm": 1.893, "totdasqkm": 47.15010027, "slope": 0.01038563 }, "geometry": { "type": "LineString", "coordinates": [ [ -66.86491, 18.09088 ], [ -66.86534, 18.09003 ], [ -66.86543, 18.0895 ], [ -66.86523, 18.08884 ], [ -66.86499, 18.08838 ], [ -66.8647, 18.08734 ], [ -66.8647, 18.08647 ], [ -66.86482, 18.08573 ], [ -66.8648, 18.08498 ], [ -66.86463, 18.08465 ], [ -66.86419, 18.08429 ], [ -66.86241, 18.08218 ], [ -66.86032, 18.07937 ], [ -66.85964, 18.07858 ], [ -66.85894, 18.07723 ], [ -66.85895, 18.07639 ], [ -66.85926, 18.07601 ] ] } },
{ "type": "Feature", "properties": { "gnis_name": null, "streamorde": 3, "lengthkm": 0.13197508, "totdasqkm": 24.24149954, "slope": 0.01394203 }, "geometry": { "type": "LineString", "coordinates": [ [ -66.86423, 18.18191 ], [ -66.8646, 18.18205 ], [ -66.86467, 18.18223 ], [ -66.86445, 18.18251 ], [ -66.86421, 18.18255 ] ] } },
{ "type": "Feature", "properties": { "gnis_name": null, "streamorde": 2, "lengthkm": 0.1874708, "totdasqkm": 2.43359996, "slope": 1.0000000000000001e-05 }, "geometry": { "type": "LineString", "coordinates": [ [ -66.84094, 18.19015 ], [ -66.84054, 18.19047 ], [ -66.83934, 18.1908 ] ] } },
{ "type": "Feature", "properties": { "gnis_name": null, "streamorde": 2, "lengthkm": 0.38517788, "totdasqkm": 1.04049994, "slope": 0.03123232 }, "geometry": { "type": "LineString", "coordinates": [ [ -66.52964, 18.16056 ], [ -66.52967, 18.16045 ], [ -66.5301, 18.16014 ], [ -66.53022, 18.15997 ], [ -66.52981, 18.15891 ], [ -66.52935, 18.15845 ], [ -66.52851, 18.15811 ] ] } },
{ "type": "Feature", "properties": { "gnis_name": null, "streamorde": 1, "lengthkm": 0.927, "totdasqkm": 0.33549996, "slope": 0.31211609 }, "geometry": { "type": "LineString", "coordinates": [ [ -66.90755, 18.14666 ], [ -66.90778, 18.14608 ], [ -66.90782, 18.14522 ], [ -66.90795, 18.14495 ], [ -66.90862, 18.14426 ], [ -66.90966, 18.14388 ], [ -66.90993, 18.14364 ], [ -66.91036, 18.14342 ], [ -66.91067, 18.14308 ], [ -66.91112, 18.14229 ], [ -66.91132, 18.14152 ], [ -66.91174, 18.14113 ], [ -66.9119, 18.14079 ], [ -66.91186, 18.14014 ] ] } },
{ "type": "Feature", "properties": { "gnis_name": "Río Yauco", "streamorde": 3, "lengthkm": 0.818, "totdasqkm": 5.49030009, "slope": 0.04008557 }, "geometry": { "type": "LineString", "coordinates": [ [ -66.9075, 18.1342 ], [ -66.90648, 18.13389 ], [ -66.90624, 18.13348 ], [ -66.90599, 18.13329 ], [ -66.90513, 18.13365 ], [ -66.90394, 18.13394 ], [ -66.90385, 18.13365 ], [ -66.90408, 18.13275 ], [ -66.90389, 18.13202 ], [ -66.90388, 18.13158 ], [ -66.90414, 18.13106 ], [ -66.90445, 18.13069 ] ] } },
{ "type": "Feature", "properties": { "gnis_name": null, "streamorde": 1, "lengthkm": 0.25192268, "totdasqkm": 1.50710003, "slope": 0.01706873 }, "geometry": { "type": "LineString", "coordinates": [ [ -66.85108, 18.09473 ], [ -66.85136, 18.09471 ], [ -66.8518, 18.09451 ], [ -66.85239, 18.0946 ], [ -66.85278, 18.09458 ], [ -66.85334, 18.09432 ] ] } },
{ "type": "Feature", "properties": { "gnis_name": "Río Toro Negro", "streamorde": 1, "lengthkm": 1.426, "totdasqkm": 0.94290002, "slope": 0.12213424 }, "geometry": { "type": "LineString", "coordinates": [ [ -66.54387, 18.15589 ], [ -66.54254, 18.15766 ], [ -66.54246, 18.15846 ], [ -66.54212, 18.15933 ], [ -66.54198, 18.1596 ], [ -66.54142, 18.16021 ], [ -66.54097, 18.1602 ], [ -66.54036, 18.16033 ], [ -66.53845, 18.16019 ], [ -66.53727, 18.16047 ], [ -66.53686, 18.16025 ], [ -66.5358, 18.15934 ], [ -66.53378, 18.15908 ] ] } },
{ "type": "Feature", "properties": { "gnis_name": null, "streamorde": 1, "lengthkm": 1.14551976, "totdasqkm": 0.5103, "slope": 0.14132683 }, "geometry": { "type": "LineString", "coordinates": [ [ -66.81821, 18.2029 ], [ -66.81869, 18.20222 ], [ -66.81896, 18.20158 ], [ -66.81935, 18.20128 ], [ -66.81952, 18.20066 ], [ -66.82064, 18.19984 ], [ -66.82119, 18.19956 ], [ -66.82149, 18.19899 ], [ -66.82176, 18.19874 ], [ -66.82192, 18.19864 ], [ -66.82235, 18.19859 ], [ -66.82347, 18.19858 ], [ -66.82388, 18.19834 ], [ -66.8243, 18.19772 ], [ -66.82462, 18.1974 ], [ -66.82548, 18.19721 ], [ -66.82608, 18.19727 ] ] } },
{ "type": "Feature", "properties": { "gnis_name": null, "streamorde": 1, "lengthkm": 0.688, "totdasqkm": 0.28499996, "slope": 0.05717687 }, "geometry": { "type": "LineString", "coordinates": [ [ -66.91304, 18.05652 ], [ -66.91257, 18.0566 ], [ -66.91131, 18.0566 ], [ -66.91102, 18.05696 ], [ -66.91011, 18.05745 ], [ -66.90876, 18.05783 ], [ -66.90792, 18.05789 ], [ -66.90712, 18.05837 ] ] } },
{ "type": "Feature", "properties": { "gnis_name": "Río Limaní", "streamorde": 2, "lengthkm": 1.398, "totdasqkm": 2.99170012, "slope": 0.08472818 }, "geometry": { "type": "LineString", "coordinates": [ [ -66.79722, 18.1605 ], [ -66.79771, 18.16124 ], [ -66.79788, 18.16165 ], [ -66.79818, 18.16179 ], [ -66.79875, 18.16188 ], [ -66.79908, 18.16209 ], [ -66.79927, 18.16268 ], [ -66.79949, 18.16309 ], [ -66.79985, 18.16341 ], [ -66.80072, 18.16397 ], [ -66.80121, 18.16467 ], [ -66.8013, 18.16492 ], [ -66.80122, 18.1652 ], [ -66.80058, 18.16521 ], [ -66.80045, 18.16533 ], [ -66.80042, 18.16555 ], [ -66.80063, 18.16596 ], [ -66.80147, 18.16625 ], [ -66.80164, 18.16652 ], [ -66.8016, 18.16691 ], [ -66.80118, 18.16735 ], [ -66.80109, 18.16756 ], [ -66.80114, 18.16791 ], [ -66.80153, 18.16815 ], [ -66.80138, 18.1695 ] ] } },
{ "type": "Feature", "properties": { "gnis_name": "Río Toa Vaca", "streamorde": 3, "lengthkm": 0.24541578, "totdasqkm": 57.52760014, "slope": 0.11951147 }, "geometry": { "type": "LineString", "coordinates": [ [ -66.48931, 18.09912 ], [ -66.48952, 18.09911 ], [ -66.49022, 18.0987 ], [ -66.49059, 18.09873 ], [ -66.49087, 18.09862 ], [ -66.49148, 18.09855 ] ] } },
{ "type": "Feature", "properties": { "gnis_name": null, "streamorde": 1, "lengthkm": 4.45211205, "totdasqkm": 6.21969993, "slope": 0.03355382 }, "geometry": { "type": "LineString", "coordinates": [ [ -66.47634, 18.07659 ], [ -66.47676, 18.07607 ], [ -66.47702, 18.07603 ], [ -66.47866, 18.07604 ], [ -66.47895, 18.07617 ], [ -66.47943, 18.07666 ], [ -66.48037, 18.07653 ], [ -66.4808, 18.07632 ], [ -66.4813, 18.07637 ], [ -66.48225, 18.07625 ], [ -66.48266, 18.07595 ], [ -66.4826, 18.07518 ], [ -66.48267, 18.07506 ], [ -66.48314, 18.07472 ], [ -66.48344, 18.07396 ], [ -66.48371, 18.07371 ], [ -66.48407, 18.07362 ], [ -66.48513, 18.0739 ], [ -66.48601, 18.07384 ], [ -66.48615, 18.07387 ], [ -66.48628, 18.07401 ], [ -66.48612, 18.07448 ], [ -66.48622, 18.07467 ], [ -66.48651, 18.07464 ], [ -66.48679, 18.07419 ], [ -66.4869, 18.07414 ], [ -66.48712, 18.07431 ], [ -66.48734, 18.07477 ], [ -66.4876, 18.0749 ], [ -66.48874, 18.07475 ], [ -66.48938, 18.0759 ], [ -66.48975, 18.07598 ], [ -66.49026, 18.07593 ], [ -66.49086, 18.07669 ], [ -66.49105, 18.07682 ], [ -66.49124, 18.07682 ], [ -66.49178, 18.07639 ], [ -66.49192, 18.07636 ], [ -66.49207, 18.07675 ], [ -66.49262, 18.07738 ], [ -66.49289, 18.07802 ], [ -66.49333, 18.07827 ], [ -66.49395, 18.07821 ], [ -66.49471, 18.07795 ], [ -66.49487, 18.07803 ], [ -66.49506, 18.07869 ], [ -66.49523, 18.0787 ], [ -66.49551, 18.07842 ], [ -66.49619, 18.07828 ], [ -66.4964, 18.0784 ], [ -66.49668, 18.07898 ], [ -66.49682, 18.07903 ], [ -66.49691, 18.07901 ], [ -66.49716, 18.07863 ], [ -66.49735, 18.07866 ], [ -66.49748, 18.07878 ], [ -66.49743, 18.07906 ], [ -66.49759, 18.07903 ], [ -66.49779, 18.07914 ], [ -66.49809, 18.07898 ], [ -66.49842, 18.07897 ], [ -66.49849, 18.0791 ], [ -66.49836, 18.07939 ], [ -66.49848, 18.07964 ], [ -66.49868, 18.07977 ], [ -66.49893, 18.07974 ], [ -66.49904, 18.07989 ], [ -66.49902, 18.08017 ], [ -66.49883, 18.08049 ], [ -66.49886, 18.08073 ], [ -66.49901, 18.08075 ], [ -66.49935, 18.08054 ], [ -66.50003, 18.08046 ], [ -66.50075, 18.08085 ], [ -66.50192, 18.08035 ], [ -66.50222, 18.07991 ], [ -66.50239, 18.07945 ], [ -66.50239, 18.07794 ], [ -66.50261, 18.07762 ], [ -66.50281, 18.07755 ], [ -66.50307, 18.07772 ], [ -66.50321, 18.07751 ], [ -66.50319, 18.07737 ], [ -66.50291, 18.07697 ], [ -66.50297, 18.07635 ], [ -66.5031, 18.07615 ] ] } },
{ "type": "Feature", "properties": { "gnis_name": null, "streamorde": 1, "lengthkm": 1.38846293, "totdasqkm": 0.79720004, "slope": 0.16549952 }, "geometry": { "type": "LineString", "coordinates": [ [ -66.84315, 18.21761 ], [ -66.84318, 18.21823 ], [ -66.84336, 18.21873 ], [ -66.84356, 18.21897 ], [ -66.8439, 18.21916 ], [ -66.84434, 18.21982 ], [ -66.84459, 18.22056 ], [ -66.84467, 18.22176 ], [ -66.84453, 18.22205 ], [ -66.84387, 18.22265 ], [ -66.84355, 18.2228 ], [ -66.84299, 18.22322 ], [ -66.84289, 18.22348 ], [ -66.84254, 18.22384 ], [ -66.84232, 18.22448 ], [ -66.84188, 18.22461 ], [ -66.8417, 18.22487 ], [ -66.84174, 18.22629 ], [ -66.84271, 18.2271 ], [ -66.84291, 18.22736 ], [ -66.84307, 18.22783 ] ] } },
{ "type": "Feature", "properties": { "gnis_name": "Río Guaba", "streamorde": 1, "lengthkm": 3.73286035, "totdasqkm": 3.17059997, "slope": 0.06112814 }, "geometry": { "type": "LineString", "coordinates": [ [ -66.89083, 18.14886 ], [ -66.8914, 18.14848 ], [ -66.89199, 18.1483 ], [ -66.89378, 18.14861 ], [ -66.89432, 18.14893 ], [ -66.89485, 18.14958 ], [ -66.89506, 18.15011 ], [ -66.89519, 18.15024 ], [ -66.89624, 18.15066 ], [ -66.89636, 18.15081 ], [ -66.89655, 18.15149 ], [ -66.89682, 18.15185 ], [ -66.89711, 18.15191 ], [ -66.89755, 18.15148 ], [ -66.89774, 18.15116 ], [ -66.89808, 18.15136 ], [ -66.89824, 18.15162 ], [ -66.89825, 18.15279 ], [ -66.89958, 18.15417 ], [ -66.89968, 18.15453 ], [ -66.89963, 18.15497 ], [ -66.89976, 18.15511 ], [ -66.90053, 18.15511 ], [ -66.90103, 18.155 ], [ -66.90144, 18.1548 ], [ -66.90195, 18.1544 ], [ -66.90214, 18.15414 ], [ -66.90222, 18.15414 ], [ -66.90275, 18.15457 ], [ -66.90308, 18.15454 ], [ -66.90343, 18.15471 ], [ -66.90415, 18.15542 ], [ -66.90424, 18.15566 ], [ -66.90438, 18.15578 ], [ -66.90518, 18.15571 ], [ -66.90537, 18.15575 ], [ -66.90643, 18.15651 ], [ -66.90765, 18.15712 ], [ -66.90857, 18.15717 ], [ -66.90905, 18.15818 ], [ -66.90957, 18.15867 ], [ -66.90944, 18.15922 ], [ -66.90962, 18.15934 ], [ -66.91035, 18.15905 ], [ -66.91058, 18.15912 ], [ -66.9111, 18.1599 ], [ -66.91058, 18.15986 ], [ -66.91045, 18.15992 ], [ -66.91041, 18.1602 ], [ -66.91084, 18.16059 ], [ -66.91161, 18.16084 ], [ -66.91176, 18.16116 ], [ -66.91205, 18.16133 ], [ -66.91243, 18.16138 ], [ -66.91238, 18.16203 ], [ -66.91219, 18.16248 ], [ -66.91217, 18.16271 ], [ -66.91254, 18.16291 ], [ -66.91292, 18.16286 ] ] } },
{ "type": "Feature", "properties": { "gnis_name": null, "streamorde": 1, "lengthkm": 0.556, "totdasqkm": 0.21679997, "slope": 0.36945176 }, "geometry": { "type": "LineString", "coordinates": [ [ -66.52958, 18.13608 ], [ -66.53075, 18.13549 ], [ -66.53159, 18.13467 ], [ -66.53195, 18.13442 ], [ -66.53293, 18.1339 ], [ -66.53358, 18.13379 ], [ -66.534, 18.13357 ] ] } },
{ "type": "Feature", "properties": { "gnis_name": "Río Yauco", "streamorde": 3, "lengthkm": 0.504, "totdasqkm": 8.92750008, "slope": 0.03700397 }, "geometry": { "type": "LineString", "coordinates": [ [ -66.89456, 18.1205 ], [ -66.89426, 18.12025 ], [ -66.89395, 18.11984 ], [ -66.89339, 18.11947 ], [ -66.89297, 18.11941 ], [ -66.8924, 18.11951 ], [ -66.89216, 18.11943 ], [ -66.89207, 18.11924 ], [ -66.89214, 18.11897 ], [ -66.89263, 18.11834 ], [ -66.89264, 18.11801 ], [ -66.89256, 18.11783 ] ] } },
{ "type": "Feature", "properties": { "gnis_name": null, "streamorde": 2, "lengthkm": 1.29227826, "totdasqkm": 10.9875, "slope": 1.0000000000000001e-05 }, "geometry": { "type": "LineString", "coordinates": [ [ -66.85334, 18.09432 ], [ -66.85348, 18.09402 ], [ -66.85398, 18.09379 ], [ -66.85432, 18.0939 ], [ -66.85443, 18.09404 ], [ -66.85499, 18.09422 ], [ -66.85598, 18.0941 ], [ -66.85821, 18.09493 ], [ -66.85899, 18.09484 ], [ -66.85938, 18.09467 ], [ -66.85994, 18.09471 ], [ -66.86079, 18.09459 ], [ -66.86137, 18.09439 ], [ -66.86224, 18.09438 ], [ -66.86326, 18.09382 ], [ -66.86362, 18.09266 ], [ -66.86376, 18.09251 ] ] } },
{ "type": "Feature", "properties": { "gnis_name": null, "streamorde": 1, "lengthkm": 0.54500076, "totdasqkm": 2.17399987, "slope": 0.00684403 }, "geometry": { "type": "LineString", "coordinates": [ [ -66.50723, 18.09954 ], [ -66.50697, 18.09918 ], [ -66.50658, 18.09905 ], [ -66.50582, 18.09949 ], [ -66.50542, 18.09955 ], [ -66.50469, 18.09945 ], [ -66.50347, 18.09905 ], [ -66.50306, 18.09823 ] ] } },
{ "type": "Feature", "properties": { "gnis_name": "Río Duey", "streamorde": 3, "lengthkm": 1.046, "totdasqkm": 9.19119993, "slope": 0.05105162 }, "geometry": { "type": "LineString", "coordinates": [ [ -66.83156, 18.11248 ], [ -66.83177, 18.11188 ], [ -66.83176, 18.1116 ], [ -66.83153, 18.11065 ], [ -66.83144, 18.11052 ], [ -66.82999, 18.11043 ], [ -66.82989, 18.11034 ], [ -66.83045, 18.10844 ], [ -66.83088, 18.10771 ], [ -66.83109, 18.10753 ], [ -66.83153, 18.10737 ], [ -66.83233, 18.10744 ], [ -66.83269, 18.10731 ], [ -66.83265, 18.10703 ], [ -66.83233, 18.1068 ], [ -66.83222, 18.1063 ] ] } },
{ "type": "Feature", "properties": { "gnis_name": null, "streamorde": 1, "lengthkm": 0.086, "totdasqkm": 0.03919997, "slope": 1.0000000000000001e-05 }, "geometry": { "type": "LineString", "coordinates": [ [ -66.489, 18.21698 ], [ -66.48959, 18.21751 ] ] } },
{ "type": "Feature", "properties": { "gnis_name": null, "streamorde": 1, "lengthkm": 2.45226156, "totdasqkm": 2.07610001, "slope": 0.13484471 }, "geometry": { "type": "LineString", "coordinates": [ [ -66.83714, 18.16026 ], [ -66.83754, 18.16034 ], [ -66.83819, 18.16111 ], [ -66.83879, 18.1614 ], [ -66.83916, 18.16174 ], [ -66.83947, 18.16552 ], [ -66.83919, 18.16664 ], [ -66.83844, 18.16707 ], [ -66.83783, 18.16772 ], [ -66.83754, 18.16817 ], [ -66.83687, 18.16988 ], [ -66.83674, 18.17073 ], [ -66.83649, 18.17081 ], [ -66.83605, 18.17081 ], [ -66.83553, 18.17061 ], [ -66.83517, 18.17056 ], [ -66.83372, 18.17075 ], [ -66.83329, 18.17061 ], [ -66.83247, 18.17051 ], [ -66.83097, 18.17104 ], [ -66.83015, 18.17078 ], [ -66.82949, 18.17044 ], [ -66.82856, 18.17034 ], [ -66.82828, 18.17043 ], [ -66.82793, 18.17069 ], [ -66.82733, 18.17131 ] ] } },
{ "type": "Feature", "properties": { "gnis_name": null, "streamorde": 1, "lengthkm": 0.89365892, "totdasqkm": 0.34309993, "slope": 0.12788869 }, "geometry": { "type": "LineString", "coordinates": [ [ -66.86995, 18.18165 ], [ -66.86909, 18.18149 ], [ -66.8686, 18.18177 ], [ -66.86841, 18.18178 ], [ -66.86793, 18.18151 ], [ -66.86771, 18.18153 ], [ -66.86746, 18.18167 ], [ -66.86714, 18.18155 ], [ -66.86706, 18.18159 ], [ -66.86689, 18.18199 ], [ -66.86688, 18.18235 ], [ -66.86702, 18.18281 ], [ -66.86622, 18.18349 ], [ -66.86591, 18.18364 ], [ -66.86551, 18.18368 ], [ -66.86531, 18.18382 ], [ -66.86518, 18.18374 ], [ -66.86502, 18.18337 ], [ -66.86481, 18.18343 ], [ -66.8647, 18.18336 ], [ -66.86425, 18.18262 ] ] } },
{ "type": "Feature", "properties": { "gnis_name": null, "streamorde": 3, "lengthkm": 0.07020666, "totdasqkm": 21.83480004, "slope": 1.0000000000000001e-05 }, "geometry": { "type": "LineString", "coordinates": [ [ -66.88747, 18.0429 ], [ -66.88769, 18.04289 ], [ -66.88787, 18.04251 ] ] } },
{ "type": "Feature", "properties": { "gnis_name": null, "streamorde": 1, "lengthkm": 0.648, "totdasqkm": 0.24289999, "slope": 0.18574817 }, "geometry": { "type": "LineString", "coordinates": [ [ -66.9283, 18.0977 ], [ -66.92899, 18.09688 ], [ -66.92961, 18.09648 ], [ -66.9303, 18.09573 ], [ -66.93129, 18.09431 ], [ -66.93172, 18.09342 ], [ -66.93181, 18.09304 ] ] } },
{ "type": "Feature", "properties": { "gnis_name": null, "streamorde": 2, "lengthkm": 0.08416774, "totdasqkm": 2.21049994, "slope": 0.04372222 }, "geometry": { "type": "LineString", "coordinates": [ [ -66.49499, 18.17692 ], [ -66.49578, 18.17692 ] ] } },
{ "type": "Feature", "properties": { "gnis_name": null, "streamorde": 2, "lengthkm": 1.183, "totdasqkm": 0.78289999, "slope": 0.23533703 }, "geometry": { "type": "LineString", "coordinates": [ [ -66.50179, 18.16124 ], [ -66.50333, 18.16049 ], [ -66.50346, 18.16016 ], [ -66.50349, 18.15981 ], [ -66.50315, 18.15866 ], [ -66.50274, 18.15666 ], [ -66.50232, 18.15553 ], [ -66.50203, 18.15325 ], [ -66.5017, 18.1517 ] ] } },
{ "type": "Feature", "properties": { "gnis_name": null, "streamorde": 1, "lengthkm": 0.54899219, "totdasqkm": 0.19059996, "slope": 0.29365766 }, "geometry": { "type": "LineString", "coordinates": [ [ -66.48799, 18.20507 ], [ -66.48809, 18.20558 ], [ -66.48837, 18.20622 ], [ -66.48878, 18.20656 ], [ -66.48923, 18.20676 ], [ -66.48949, 18.20698 ], [ -66.49071, 18.20742 ], [ -66.49155, 18.20731 ], [ -66.49192, 18.20735 ] ] } },
{ "type": "Feature", "properties": { "gnis_name": null, "streamorde": 1, "lengthkm": 0.87453299, "totdasqkm": 0.68999992, "slope": 0.12493981 }, "geometry": { "type": "LineString", "coordinates": [ [ -66.88252, 18.08446 ], [ -66.88071, 18.08328 ], [ -66.8804, 18.08298 ], [ -66.88014, 18.08254 ], [ -66.88013, 18.0818 ], [ -66.88041, 18.08046 ], [ -66.88033, 18.07937 ], [ -66.88022, 18.07895 ], [ -66.87958, 18.0779 ] ] } },
{ "type": "Feature", "properties": { "gnis_name": null, "streamorde": 1, "lengthkm": 1.921, "totdasqkm": 1.82100003, "slope": 0.15029654 }, "geometry": { "type": "LineString", "coordinates": [ [ -66.44199, 18.18068 ], [ -66.44149, 18.18068 ], [ -66.43857, 18.18011 ], [ -66.4382, 18.17992 ], [ -66.43757, 18.17895 ], [ -66.43696, 18.17876 ], [ -66.43669, 18.17857 ], [ -66.43614, 18.17857 ], [ -66.43574, 18.17889 ], [ -66.43494, 18.17936 ], [ -66.43417, 18.17947 ], [ -66.43407, 18.17962 ], [ -66.43404, 18.18041 ], [ -66.43391, 18.18088 ], [ -66.43416, 18.1816 ], [ -66.43429, 18.1825 ], [ -66.43489, 18.18447 ], [ -66.43507, 18.18559 ], [ -66.43507, 18.18667 ], [ -66.43498, 18.18712 ], [ -66.43462, 18.18749 ], [ -66.43421, 18.18772 ] ] } },
{ "type": "Feature", "properties": { "gnis_name": null, "streamorde": 1, "lengthkm": 4.588, "totdasqkm": 4.05490004, "slope": 0.07988636 }, "geometry": { "type": "LineString", "coordinates": [ [ -66.44464, 18.15465 ], [ -66.44409, 18.15444 ], [ -66.44357, 18.15403 ], [ -66.44285, 18.15393 ], [ -66.44204, 18.15398 ], [ -66.44156, 18.15412 ], [ -66.44136, 18.15408 ], [ -66.44112, 18.15337 ], [ -66.44105, 18.15283 ], [ -66.44109, 18.15245 ], [ -66.44132, 18.15195 ], [ -66.44224, 18.15076 ], [ -66.44283, 18.15043 ], [ -66.44317, 18.15006 ], [ -66.44376, 18.14914 ], [ -66.44478, 18.14843 ], [ -66.44488, 18.14821 ], [ -66.44486, 18.14753 ], [ -66.44498, 18.14719 ], [ -66.44589, 18.1468 ], [ -66.4465, 18.14623 ], [ -66.44783, 18.14576 ], [ -66.44798, 18.14556 ], [ -66.448, 18.14503 ], [ -66.4481, 18.14477 ], [ -66.44847, 18.14476 ], [ -66.44893, 18.14515 ], [ -66.44926, 18.14504 ], [ -66.44934, 18.14481 ], [ -66.44932, 18.14453 ], [ -66.44904, 18.14363 ], [ -66.44932, 18.14286 ], [ -66.44934, 18.14242 ], [ -66.44897, 18.14132 ], [ -66.44923, 18.1405 ], [ -66.44955, 18.14026 ], [ -66.45039, 18.14007 ], [ -66.45082, 18.13969 ], [ -66.45113, 18.13972 ], [ -66.45142, 18.13995 ], [ -66.45203, 18.13986 ], [ -66.45197, 18.13928 ], [ -66.45182, 18.13888 ], [ -66.45188, 18.13859 ], [ -66.45385, 18.13698 ], [ -66.45389, 18.13676 ], [ -66.4538, 18.13619 ], [ -66.45396, 18.13583 ], [ -66.45407, 18.13529 ], [ -66.45346, 18.13447 ], [ -66.45377, 18.13368 ], [ -66.45375, 18.13353 ], [ -66.45367, 18.13335 ], [ -66.45304, 18.13294 ], [ -66.45297, 18.13269 ], [ -66.45309, 18.13224 ], [ -66.4538, 18.13174 ], [ -66.45405, 18.13126 ], [ -66.45393, 18.13092 ], [ -66.45368, 18.1307 ], [ -66.45373, 18.12999 ], [ -66.45367, 18.1297 ], [ -66.45318, 18.12882 ], [ -66.4535, 18.12835 ], [ -66.4536, 18.12777 ], [ -66.4535, 18.12749 ], [ -66.45334, 18.12732 ], [ -66.45338, 18.12664 ], [ -66.45325, 18.12614 ] ] } },
{ "type": "Feature", "properties": { "gnis_name": null, "streamorde": 1, "lengthkm": 0.561, "totdasqkm": 0.28630005, "slope": 0.03830802 }, "geometry": { "type": "LineString", "coordinates": [ [ -66.88014, 18.04182 ], [ -66.8791, 18.04181 ], [ -66.87852, 18.0417 ], [ -66.8783, 18.04158 ], [ -66.8781, 18.04133 ], [ -66.87732, 18.04094 ], [ -66.87692, 18.04096 ], [ -66.87644, 18.0411 ], [ -66.87517, 18.04116 ] ] } },
{ "type": "Feature", "properties": { "gnis_name": "Río Toro Negro", "streamorde": 3, "lengthkm": 0.21680732, "totdasqkm": 4.09779998, "slope": 1.0000000000000001e-05 }, "geometry": { "type": "LineString", "coordinates": [ [ -66.52851, 18.15811 ], [ -66.52791, 18.15843 ], [ -66.52757, 18.15876 ], [ -66.52729, 18.15891 ], [ -66.52712, 18.15941 ] ] } },
{ "type": "Feature", "properties": { "gnis_name": "Río Duey", "streamorde": 2, "lengthkm": 1.044, "totdasqkm": 6.58300007, "slope": 0.0564272 }, "geometry": { "type": "LineString", "coordinates": [ [ -66.82506, 18.11624 ], [ -66.82538, 18.11565 ], [ -66.82643, 18.11534 ], [ -66.82692, 18.11465 ], [ -66.82711, 18.1146 ], [ -66.82764, 18.11489 ], [ -66.828, 18.11497 ], [ -66.82849, 18.11491 ], [ -66.82855, 18.11487 ], [ -66.82851, 18.11468 ], [ -66.82818, 18.11405 ], [ -66.82829, 18.11378 ], [ -66.82862, 18.11369 ], [ -66.82922, 18.114 ], [ -66.82974, 18.11407 ], [ -66.83001, 18.11403 ], [ -66.83039, 18.1136 ], [ -66.83065, 18.11299 ], [ -66.83156, 18.11248 ] ] } },
{ "type": "Feature", "properties": { "gnis_name": "Río Toro Negro", "streamorde": 3, "lengthkm": 0.00484137, "totdasqkm": 4.11119997, "slope": 1.0000000000000001e-05 }, "geometry": { "type": "LineString", "coordinates": [ [ -66.52753, 18.15977 ], [ -66.52749, 18.15979 ] ] } },
{ "type": "Feature", "properties": { "gnis_name": null, "streamorde": 1, "lengthkm": 0.493, "totdasqkm": 0.13949998, "slope": 0.17002544 }, "geometry": { "type": "LineString", "coordinates": [ [ -66.87108, 18.08807 ], [ -66.87086, 18.08771 ], [ -66.87042, 18.08747 ], [ -66.87022, 18.08727 ], [ -66.87006, 18.087 ], [ -66.86999, 18.08666 ], [ -66.87013, 18.08602 ], [ -66.87062, 18.08505 ], [ -66.87079, 18.08475 ], [ -66.87122, 18.08442 ] ] } },
{ "type": "Feature", "properties": { "gnis_name": null, "streamorde": 2, "lengthkm": 0.28438679, "totdasqkm": 8.41769991, "slope": 1.0000000000000001e-05 }, "geometry": { "type": "LineString", "coordinates": [ [ -66.85403, 18.09675 ], [ -66.85393, 18.09629 ], [ -66.85363, 18.0957 ], [ -66.85369, 18.09552 ], [ -66.85358, 18.09479 ], [ -66.85334, 18.09432 ] ] } },
{ "type": "Feature", "properties": { "gnis_name": null, "streamorde": 1, "lengthkm": 0.919, "totdasqkm": 0.72189994, "slope": 0.13112332 }, "geometry": { "type": "LineString", "coordinates": [ [ -66.49401, 18.18439 ], [ -66.49427, 18.18379 ], [ -66.4942, 18.18317 ], [ -66.49432, 18.1826 ], [ -66.49482, 18.18238 ], [ -66.49493, 18.18224 ], [ -66.49502, 18.1818 ], [ -66.49548, 18.18148 ], [ -66.49557, 18.18132 ], [ -66.49559, 18.18115 ], [ -66.49478, 18.17826 ], [ -66.49497, 18.17761 ], [ -66.49499, 18.17692 ] ] } },
{ "type": "Feature", "properties": { "gnis_name": null, "streamorde": 1, "lengthkm": 4.256, "totdasqkm": 3.15130017, "slope": 0.14759624 }, "geometry": { "type": "LineString", "coordinates": [ [ -66.48244, 18.16541 ], [ -66.48179, 18.16486 ], [ -66.4816, 18.16433 ], [ -66.48162, 18.16378 ], [ -66.4819, 18.16336 ], [ -66.48184, 18.1625 ], [ -66.48193, 18.16197 ], [ -66.48137, 18.16133 ], [ -66.48132, 18.16026 ], [ -66.48056, 18.15941 ], [ -66.47977, 18.1589 ], [ -66.479, 18.15801 ], [ -66.47881, 18.15764 ], [ -66.4788, 18.15745 ], [ -66.47899, 18.15715 ], [ -66.47884, 18.15666 ], [ -66.47887, 18.15633 ], [ -66.4799, 18.15492 ], [ -66.47992, 18.15407 ], [ -66.48021, 18.15269 ], [ -66.48008, 18.15143 ], [ -66.48016, 18.15114 ], [ -66.4804, 18.15077 ], [ -66.48051, 18.15024 ], [ -66.48084, 18.14963 ], [ -66.48086, 18.14946 ], [ -66.4805, 18.14859 ], [ -66.48018, 18.14814 ], [ -66.48011, 18.1474 ], [ -66.47978, 18.14693 ], [ -66.47963, 18.1462 ], [ -66.47977, 18.14502 ], [ -66.47955, 18.14446 ], [ -66.47955, 18.14391 ], [ -66.4792, 18.14335 ], [ -66.47919, 18.14317 ], [ -66.4794, 18.1423 ], [ -66.47962, 18.14212 ], [ -66.47973, 18.14188 ], [ -66.47928, 18.14074 ], [ -66.4793, 18.14009 ], [ -66.47915, 18.13979 ], [ -66.4787, 18.13939 ], [ -66.47827, 18.13912 ], [ -66.47794, 18.1384 ], [ -66.47794, 18.13824 ], [ -66.47823, 18.13763 ], [ -66.4784, 18.1369 ], [ -66.47929, 18.13614 ], [ -66.47953, 18.13569 ], [ -66.48006, 18.13511 ], [ -66.4801, 18.13483 ], [ -66.48004, 18.1343 ], [ -66.48035, 18.1338 ], [ -66.48041, 18.13352 ], [ -66.48034, 18.13304 ], [ -66.48042, 18.13284 ], [ -66.48115, 18.13259 ], [ -66.48163, 18.1319 ] ] } },
{ "type": "Feature", "properties": { "gnis_name": null, "streamorde": 2, "lengthkm": 0.574, "totdasqkm": 9.13970002, "slope": 0.05904181 }, "geometry": { "type": "LineString", "coordinates": [ [ -66.53748, 18.11177 ], [ -66.53766, 18.1112 ], [ -66.53805, 18.11044 ], [ -66.53796, 18.10978 ], [ -66.53847, 18.10857 ], [ -66.53858, 18.10736 ], [ -66.53875, 18.10684 ] ] } },
{ "type": "Feature", "properties": { "gnis_name": null, "streamorde": 2, "lengthkm": 3.84942158, "totdasqkm": 6.8565997, "slope": 0.01531659 }, "geometry": { "type": "LineString", "coordinates": [ [ -66.81863, 18.14134 ], [ -66.81946, 18.14124 ], [ -66.81995, 18.14131 ], [ -66.82001, 18.1416 ], [ -66.81996, 18.1417 ], [ -66.81964, 18.14196 ], [ -66.81935, 18.14234 ], [ -66.81936, 18.14247 ], [ -66.81947, 18.14254 ], [ -66.81991, 18.1423 ], [ -66.8203, 18.14224 ], [ -66.82157, 18.14271 ], [ -66.82231, 18.14277 ], [ -66.82248, 18.14263 ], [ -66.82246, 18.14221 ], [ -66.82256, 18.14203 ], [ -66.82309, 18.14198 ], [ -66.82379, 18.14267 ], [ -66.82368, 18.1428 ], [ -66.82329, 18.14296 ], [ -66.82243, 18.14302 ], [ -66.82236, 18.14336 ], [ -66.82254, 18.14365 ], [ -66.82283, 18.14385 ], [ -66.823, 18.14385 ], [ -66.82427, 18.14348 ], [ -66.82448, 18.14359 ], [ -66.82452, 18.14384 ], [ -66.82478, 18.14409 ], [ -66.82515, 18.14424 ], [ -66.82529, 18.14419 ], [ -66.82547, 18.14399 ], [ -66.82549, 18.14357 ], [ -66.82539, 18.14342 ], [ -66.82516, 18.14343 ], [ -66.82493, 18.14332 ], [ -66.82479, 18.14312 ], [ -66.82477, 18.14269 ], [ -66.82526, 18.14245 ], [ -66.8257, 18.14237 ], [ -66.82602, 18.14282 ], [ -66.82641, 18.143 ], [ -66.82717, 18.14313 ], [ -66.82722, 18.14334 ], [ -66.82677, 18.14408 ], [ -66.82671, 18.14441 ], [ -66.82669, 18.14457 ], [ -66.82696, 18.14479 ], [ -66.82735, 18.14494 ], [ -66.82775, 18.14492 ], [ -66.82785, 18.1448 ], [ -66.82768, 18.14464 ], [ -66.82761, 18.14428 ], [ -66.82804, 18.14421 ], [ -66.82881, 18.14391 ], [ -66.829, 18.14412 ], [ -66.82909, 18.14466 ], [ -66.82904, 18.14484 ], [ -66.82868, 18.1451 ], [ -66.82863, 18.14535 ], [ -66.82882, 18.14565 ], [ -66.82906, 18.14568 ], [ -66.8296, 18.14561 ], [ -66.83008, 18.14536 ], [ -66.8309, 18.14514 ], [ -66.83154, 18.14474 ], [ -66.83173, 18.14478 ], [ -66.83179, 18.14499 ], [ -66.8316, 18.14555 ], [ -66.8312, 18.14579 ], [ -66.83085, 18.1462 ], [ -66.83086, 18.14643 ], [ -66.83096, 18.14656 ], [ -66.83122, 18.1467 ], [ -66.83213, 18.1468 ], [ -66.83234, 18.14696 ], [ -66.83255, 18.14733 ], [ -66.83288, 18.14744 ], [ -66.83303, 18.14727 ], [ -66.83302, 18.14683 ], [ -66.83313, 18.14646 ], [ -66.83326, 18.14621 ], [ -66.83356, 18.14599 ], [ -66.83363, 18.14611 ], [ -66.83366, 18.1468 ] ] } },
{ "type": "Feature", "properties": { "gnis_name": "Río Yauco", "streamorde": 3, "lengthkm": 0.2481244, "totdasqkm": 27.96469988, "slope": 1.0000000000000001e-05 }, "geometry": { "type": "LineString", "coordinates": [ [ -66.86851, 18.0952 ], [ -66.86632, 18.09441 ] ] } },
{ "type": "Feature", "properties": { "gnis_name": "Río Matrullas", "streamorde": 2, "lengthkm": 1.50427818, "totdasqkm": 11.31739998, "slope": 0.00128966 }, "geometry": { "type": "LineString", "coordinates": [ [ -66.47994, 18.19726 ], [ -66.48004, 18.1985 ], [ -66.47982, 18.1986 ], [ -66.47949, 18.1984 ], [ -66.47922, 18.19859 ], [ -66.47914, 18.19917 ], [ -66.47927, 18.20015 ], [ -66.4791, 18.20068 ], [ -66.47908, 18.20107 ], [ -66.4793, 18.20188 ], [ -66.47968, 18.20265 ], [ -66.47967, 18.20314 ], [ -66.47978, 18.20372 ], [ -66.47976, 18.2044 ], [ -66.48003, 18.20523 ], [ -66.47973, 18.20681 ], [ -66.48007, 18.20771 ], [ -66.48004, 18.20903 ], [ -66.47985, 18.20966 ] ] } },
{ "type": "Feature", "properties": { "gnis_name": null, "streamorde": 1, "lengthkm": 1.2746645, "totdasqkm": 0.95380002, "slope": 0.28439611 }, "geometry": { "type": "LineString", "coordinates": [ [ -66.87371, 18.14027 ], [ -66.87416, 18.13918 ], [ -66.87447, 18.13894 ], [ -66.87472, 18.13889 ], [ -66.87556, 18.13835 ], [ -66.87711, 18.13653 ], [ -66.87746, 18.13619 ], [ -66.87829, 18.13566 ], [ -66.87866, 18.13532 ], [ -66.87945, 18.13398 ], [ -66.87983, 18.13349 ], [ -66.88016, 18.13268 ], [ -66.88028, 18.13174 ], [ -66.88014, 18.13128 ] ] } },
{ "type": "Feature", "properties": { "gnis_name": "Río Toro Negro", "streamorde": 3, "lengthkm": 0.0075478, "totdasqkm": 4.11059997, "slope": 1.0000000000000001e-05 }, "geometry": { "type": "LineString", "coordinates": [ [ -66.52756, 18.15971 ], [ -66.52753, 18.15977 ] ] } },
{ "type": "Feature", "properties": { "gnis_name": "Río Guayo", "streamorde": 2, "lengthkm": 0.27685748, "totdasqkm": 5.38080002, "slope": 0.06053656 }, "geometry": { "type": "LineString", "coordinates": [ [ -66.82623, 18.16908 ], [ -66.82662, 18.16993 ], [ -66.82704, 18.1704 ], [ -66.82733, 18.17131 ] ] } },
{ "type": "Feature", "properties": { "gnis_name": null, "streamorde": 1, "lengthkm": 1.85334571, "totdasqkm": 1.87859994, "slope": 0.10244716 }, "geometry": { "type": "LineString", "coordinates": [ [ -66.90369, 18.11529 ], [ -66.90351, 18.11528 ], [ -66.90336, 18.11513 ], [ -66.90284, 18.11366 ], [ -66.90263, 18.11342 ], [ -66.902, 18.11309 ], [ -66.90192, 18.11297 ], [ -66.90214, 18.11274 ], [ -66.90278, 18.11239 ], [ -66.9029, 18.11222 ], [ -66.90282, 18.1117 ], [ -66.90305, 18.1111 ], [ -66.90308, 18.1108 ], [ -66.90261, 18.11034 ], [ -66.90289, 18.10957 ], [ -66.90374, 18.10854 ], [ -66.90407, 18.10798 ], [ -66.90434, 18.10783 ], [ -66.90491, 18.10775 ], [ -66.90513, 18.1074 ], [ -66.90615, 18.10698 ], [ -66.90711, 18.10646 ], [ -66.9074, 18.10614 ], [ -66.90771, 18.10546 ], [ -66.90828, 18.10516 ], [ -66.90895, 18.1045 ], [ -66.9096, 18.10423 ], [ -66.9097, 18.10412 ], [ -66.90985, 18.1036 ] ] } },
{ "type": "Feature", "properties": { "gnis_name": "Río Loco", "streamorde": 3, "lengthkm": 2.61298929, "totdasqkm": 23.98410005, "slope": 0.00616918 }, "geometry": { "type": "LineString", "coordinates": [ [ -66.88749, 18.03571 ], [ -66.88708, 18.03351 ], [ -66.88716, 18.03244 ], [ -66.88711, 18.0318 ], [ -66.88717, 18.03159 ], [ -66.88711, 18.03103 ], [ -66.88735, 18.03015 ], [ -66.88727, 18.02969 ], [ -66.88603, 18.02714 ], [ -66.88514, 18.02579 ], [ -66.88486, 18.02507 ], [ -66.88479, 18.02469 ], [ -66.88479, 18.02382 ], [ -66.88514, 18.02233 ], [ -66.8859, 18.02094 ], [ -66.88605, 18.02029 ], [ -66.88602, 18.01981 ], [ -66.88595, 18.01967 ], [ -66.88519, 18.01948 ], [ -66.88406, 18.01946 ], [ -66.88355, 18.0196 ], [ -66.88292, 18.02023 ], [ -66.88247, 18.02048 ], [ -66.88205, 18.02006 ], [ -66.88182, 18.01995 ], [ -66.88173, 18.01977 ], [ -66.88171, 18.01928 ], [ -66.88195, 18.01861 ], [ -66.88215, 18.01839 ], [ -66.8821, 18.01805 ] ] } },
{ "type": "Feature", "properties": { "gnis_name": null, "streamorde": 1, "lengthkm": 0.658, "totdasqkm": 0.2523, "slope": 0.1334767 }, "geometry": { "type": "LineString", "coordinates": [ [ -66.89457, 18.11236 ], [ -66.89398, 18.1129 ], [ -66.89248, 18.11364 ], [ -66.8908, 18.11599 ], [ -66.8906, 18.11665 ] ] } },
{ "type": "Feature", "properties": { "gnis_name": "Río Toro Negro", "streamorde": 2, "lengthkm": 0.33462386, "totdasqkm": 1.39470001, "slope": 0.08376569 }, "geometry": { "type": "LineString", "coordinates": [ [ -66.53378, 18.15908 ], [ -66.53356, 18.15891 ], [ -66.53347, 18.15783 ], [ -66.53245, 18.15648 ] ] } },
{ "type": "Feature", "properties": { "gnis_name": null, "streamorde": 1, "lengthkm": 1.781, "totdasqkm": 0.97819996, "slope": 0.13130875 }, "geometry": { "type": "LineString", "coordinates": [ [ -66.55333, 18.11021 ], [ -66.55284, 18.10972 ], [ -66.55206, 18.10945 ], [ -66.55135, 18.10866 ], [ -66.55093, 18.10799 ], [ -66.55049, 18.10676 ], [ -66.55037, 18.10664 ], [ -66.55014, 18.10659 ], [ -66.54904, 18.10672 ], [ -66.54762, 18.10666 ], [ -66.54684, 18.10654 ], [ -66.54574, 18.10687 ], [ -66.5439, 18.10699 ], [ -66.54322, 18.10688 ], [ -66.54214, 18.10702 ], [ -66.54151, 18.10693 ], [ -66.54097, 18.10675 ], [ -66.54024, 18.10667 ], [ -66.53885, 18.10612 ] ] } },
{ "type": "Feature", "properties": { "gnis_name": null, "streamorde": 1, "lengthkm": 0.149, "totdasqkm": 0.34159999, "slope": 0.23429531 }, "geometry": { "type": "LineString", "coordinates": [ [ -66.49392, 18.20663 ], [ -66.49353, 18.20708 ], [ -66.49317, 18.20727 ], [ -66.49318, 18.20763 ] ] } },
{ "type": "Feature", "properties": { "gnis_name": null, "streamorde": 2, "lengthkm": 0.565, "totdasqkm": 1.80209997, "slope": 0.05762832 }, "geometry": { "type": "LineString", "coordinates": [ [ -66.92493, 18.08534 ], [ -66.92539, 18.08504 ], [ -66.92639, 18.08464 ], [ -66.92788, 18.08427 ], [ -66.92988, 18.08351 ] ] } },
{ "type": "Feature", "properties": { "gnis_name": null, "streamorde": 1, "lengthkm": 0.379, "totdasqkm": 0.16660002, "slope": 0.18043011 }, "geometry": { "type": "LineString", "coordinates": [ [ -66.83926, 18.1465 ], [ -66.8398, 18.14681 ], [ -66.83987, 18.147 ], [ -66.84056, 18.14752 ], [ -66.84161, 18.14897 ] ] } },
{ "type": "Feature", "properties": { "gnis_name": null, "streamorde": 1, "lengthkm": 1.20527406, "totdasqkm": 0.77800001, "slope": 0.14123194 }, "geometry": { "type": "LineString", "coordinates": [ [ -66.82135, 18.21028 ], [ -66.82125, 18.21081 ], [ -66.82133, 18.21159 ], [ -66.82249, 18.21346 ], [ -66.82262, 18.21396 ], [ -66.82261, 18.21432 ], [ -66.82219, 18.21482 ], [ -66.82183, 18.21647 ], [ -66.82086, 18.21714 ], [ -66.82006, 18.21849 ], [ -66.81974, 18.21882 ], [ -66.81921, 18.21969 ] ] } },
{ "type": "Feature", "properties": { "gnis_name": null, "streamorde": 1, "lengthkm": 1.014, "totdasqkm": 0.61729995, "slope": 0.125 }, "geometry": { "type": "LineString", "coordinates": [ [ -66.83057, 18.13528 ], [ -66.83069, 18.13503 ], [ -66.83112, 18.13463 ], [ -66.83117, 18.13423 ], [ -66.83192, 18.13335 ], [ -66.83191, 18.13316 ], [ -66.8316, 18.13263 ], [ -66.83121, 18.13164 ], [ -66.83081, 18.13133 ], [ -66.83023, 18.13105 ], [ -66.83002, 18.13062 ], [ -66.83011, 18.12969 ], [ -66.83023, 18.12934 ], [ -66.83083, 18.12887 ], [ -66.83095, 18.12865 ], [ -66.831, 18.12813 ], [ -66.83138, 18.12789 ] ] } },
{ "type": "Feature", "properties": { "gnis_name": null, "streamorde": 4, "lengthkm": 0.014, "totdasqkm": 118.62920016, "slope": -9998.0 }, "geometry": { "type": "LineString", "coordinates": [ [ -66.5031, 18.07615 ], [ -66.50304, 18.07603 ] ] } },
{ "type": "Feature", "properties": { "gnis_name": null, "streamorde": 1, "lengthkm": 1.711, "totdasqkm": 0.66970002, "slope": 0.07472377 }, "geometry": { "type": "LineString", "coordinates": [ [ -66.85584, 18.18714 ], [ -66.85594, 18.18813 ], [ -66.85572, 18.18918 ], [ -66.85594, 18.18988 ], [ -66.85597, 18.19182 ], [ -66.85616, 18.19219 ], [ -66.85618, 18.19255 ], [ -66.85588, 18.19306 ], [ -66.85552, 18.1933 ], [ -66.85509, 18.19337 ], [ -66.85457, 18.19313 ], [ -66.85437, 18.19316 ], [ -66.85409, 18.19349 ], [ -66.85428, 18.194 ], [ -66.85369, 18.19444 ], [ -66.8535, 18.19474 ], [ -66.8532, 18.19497 ], [ -66.85317, 18.19522 ], [ -66.85356, 18.1958 ], [ -66.85365, 18.19624 ], [ -66.8543, 18.19667 ], [ -66.85429, 18.19718 ], [ -66.85406, 18.19767 ], [ -66.85345, 18.19795 ], [ -66.85309, 18.19842 ], [ -66.85242, 18.19891 ] ] } },
{ "type": "Feature", "properties": { "gnis_name": "Río Salientito", "streamorde": 1, "lengthkm": 1.958, "totdasqkm": 1.36500003, "slope": 0.17389667 }, "geometry": { "type": "LineString", "coordinates": [ [ -66.53716, 18.17868 ], [ -66.53736, 18.17886 ], [ -66.53742, 18.17926 ], [ -66.53685, 18.18071 ], [ -66.53681, 18.18114 ], [ -66.53694, 18.18153 ], [ -66.53732, 18.182 ], [ -66.53735, 18.18235 ], [ -66.53716, 18.18299 ], [ -66.53727, 18.18423 ], [ -66.53749, 18.18516 ], [ -66.53801, 18.18577 ], [ -66.53808, 18.1865 ], [ -66.53827, 18.18726 ], [ -66.53893, 18.1888 ], [ -66.53887, 18.18911 ], [ -66.53833, 18.18975 ], [ -66.53823, 18.19004 ], [ -66.53819, 18.19128 ], [ -66.53881, 18.19189 ], [ -66.53928, 18.19264 ], [ -66.54, 18.19336 ], [ -66.54037, 18.19362 ], [ -66.54132, 18.19388 ] ] } },
{ "type": "Feature", "properties": { "gnis_name": null, "streamorde": 2, "lengthkm": 0.3766304, "totdasqkm": 0.93190008, "slope": 0.02371025 }, "geometry": { "type": "LineString", "coordinates": [ [ -66.87517, 18.04116 ], [ -66.87492, 18.04086 ], [ -66.87449, 18.04064 ], [ -66.87414, 18.04035 ], [ -66.87397, 18.03964 ], [ -66.87386, 18.03952 ], [ -66.87369, 18.03945 ], [ -66.87285, 18.03944 ], [ -66.87268, 18.03959 ] ] } },
{ "type": "Feature", "properties": { "gnis_name": null, "streamorde": 2, "lengthkm": 0.37396253, "totdasqkm": 4.42009996, "slope": 0.10367349 }, "geometry": { "type": "LineString", "coordinates": [ [ -66.53428, 18.12398 ], [ -66.53426, 18.12359 ], [ -66.53369, 18.12302 ], [ -66.53343, 18.12258 ], [ -66.5333, 18.12208 ], [ -66.53335, 18.1219 ], [ -66.53356, 18.12172 ], [ -66.53427, 18.1215 ] ] } },
{ "type": "Feature", "properties": { "gnis_name": null, "streamorde": 1, "lengthkm": 1.155, "totdasqkm": 0.8021, "slope": 0.25345972 }, "geometry": { "type": "LineString", "coordinates": [ [ -66.5083, 18.1589 ], [ -66.50724, 18.15742 ], [ -66.50621, 18.15508 ], [ -66.50568, 18.15415 ], [ -66.50529, 18.15299 ], [ -66.50369, 18.15196 ], [ -66.50222, 18.1519 ], [ -66.5017, 18.1517 ] ] } },
{ "type": "Feature", "properties": { "gnis_name": "Río Guayo", "streamorde": 2, "lengthkm": 0.82575584, "totdasqkm": 13.87870009, "slope": 0.00070239 }, "geometry": { "type": "LineString", "coordinates": [ [ -66.83587, 18.18535 ], [ -66.8362, 18.18543 ], [ -66.83638, 18.18557 ], [ -66.83641, 18.18571 ], [ -66.83602, 18.18633 ], [ -66.83556, 18.18687 ], [ -66.83549, 18.18709 ], [ -66.83577, 18.18939 ], [ -66.83587, 18.18982 ], [ -66.837, 18.19191 ] ] } },
{ "type": "Feature", "properties": { "gnis_name": "Río Chiquito", "streamorde": 2, "lengthkm": 1.277, "totdasqkm": 4.20189987, "slope": 0.10528582 }, "geometry": { "type": "LineString", "coordinates": [ [ -66.88765, 18.13432 ], [ -66.88705, 18.13343 ], [ -66.88687, 18.13341 ], [ -66.88646, 18.13354 ], [ -66.88628, 18.13347 ], [ -66.88617, 18.13319 ], [ -66.88617, 18.13237 ], [ -66.88596, 18.1322 ], [ -66.88546, 18.13211 ], [ -66.88528, 18.13189 ], [ -66.88523, 18.13176 ], [ -66.88534, 18.13032 ], [ -66.88525, 18.13 ], [ -66.88499, 18.12978 ], [ -66.88451, 18.12987 ], [ -66.88338, 18.13032 ], [ -66.8828, 18.13043 ], [ -66.88246, 18.13091 ], [ -66.88219, 18.13109 ], [ -66.88162, 18.13081 ], [ -66.8809, 18.13097 ], [ -66.88014, 18.13128 ] ] } },
{ "type": "Feature", "properties": { "gnis_name": null, "streamorde": 1, "lengthkm": 0.08559609, "totdasqkm": 0.52459999, "slope": 1.0000000000000001e-05 }, "geometry": { "type": "LineString", "coordinates": [ [ -66.82608, 18.19727 ], [ -66.82638, 18.19725 ], [ -66.82687, 18.19736 ] ] } },
{ "type": "Feature", "properties": { "gnis_name": null, "streamorde": 1, "lengthkm": 1.28, "totdasqkm": 0.78689995, "slope": 0.12173729 }, "geometry": { "type": "LineString", "coordinates": [ [ -66.88959, 18.08139 ], [ -66.88916, 18.08089 ], [ -66.88856, 18.07953 ], [ -66.8882, 18.07844 ], [ -66.88802, 18.0773 ], [ -66.88749, 18.07646 ], [ -66.88739, 18.07618 ], [ -66.88745, 18.07532 ], [ -66.88727, 18.07478 ], [ -66.88743, 18.074 ], [ -66.88697, 18.0734 ], [ -66.88682, 18.07298 ], [ -66.88695, 18.07218 ], [ -66.88738, 18.07151 ], [ -66.88736, 18.0707 ] ] } },
{ "type": "Feature", "properties": { "gnis_name": null, "streamorde": 1, "lengthkm": 1.97857318, "totdasqkm": 1.19139998, "slope": 0.07071324 }, "geometry": { "type": "LineString", "coordinates": [ [ -66.82518, 18.13592 ], [ -66.82581, 18.13621 ], [ -66.82602, 18.13652 ], [ -66.82653, 18.13682 ], [ -66.82684, 18.13714 ], [ -66.82751, 18.13717 ], [ -66.82825, 18.13698 ], [ -66.82845, 18.13705 ], [ -66.82892, 18.13755 ], [ -66.82969, 18.13774 ], [ -66.83038, 18.1381 ], [ -66.83108, 18.13868 ], [ -66.83129, 18.13913 ], [ -66.83187, 18.1398 ], [ -66.83235, 18.13992 ], [ -66.83262, 18.14012 ], [ -66.83258, 18.14093 ], [ -66.83277, 18.14139 ], [ -66.83316, 18.14167 ], [ -66.83363, 18.14174 ], [ -66.83375, 18.1422 ], [ -66.83343, 18.14333 ], [ -66.83383, 18.14427 ], [ -66.8344, 18.14523 ], [ -66.83495, 18.14568 ], [ -66.83512, 18.146 ], [ -66.83513, 18.14628 ], [ -66.83487, 18.14657 ], [ -66.83453, 18.14671 ], [ -66.83366, 18.1468 ] ] } },
{ "type": "Feature", "properties": { "gnis_name": null, "streamorde": 1, "lengthkm": 0.649, "totdasqkm": 0.17310001, "slope": 0.13063753 }, "geometry": { "type": "LineString", "coordinates": [ [ -66.91948, 18.13989 ], [ -66.91871, 18.14044 ], [ -66.91802, 18.1406 ], [ -66.91751, 18.14056 ], [ -66.91703, 18.14065 ], [ -66.91628, 18.14096 ], [ -66.91587, 18.1415 ], [ -66.91541, 18.14239 ], [ -66.91483, 18.14301 ] ] } },
{ "type": "Feature", "properties": { "gnis_name": "Río Limaní", "streamorde": 3, "lengthkm": 0.72121875, "totdasqkm": 17.76420006, "slope": 0.01141124 }, "geometry": { "type": "LineString", "coordinates": [ [ -66.80031, 18.19141 ], [ -66.80031, 18.19255 ], [ -66.80048, 18.19322 ], [ -66.80045, 18.19384 ], [ -66.80024, 18.19386 ], [ -66.79927, 18.1933 ], [ -66.79849, 18.194 ], [ -66.79758, 18.1946 ], [ -66.79754, 18.19494 ], [ -66.79768, 18.19522 ] ] } },
{ "type": "Feature", "properties": { "gnis_name": null, "streamorde": 1, "lengthkm": 0.793, "totdasqkm": 0.34659997, "slope": 0.36972582 }, "geometry": { "type": "LineString", "coordinates": [ [ -66.52914, 18.12879 ], [ -66.52947, 18.12791 ], [ -66.52966, 18.12764 ], [ -66.53088, 18.12723 ], [ -66.53191, 18.12659 ], [ -66.53392, 18.1245 ], [ -66.53428, 18.12398 ] ] } },
{ "type": "Feature", "properties": { "gnis_name": null, "streamorde": 2, "lengthkm": 1.054, "totdasqkm": 2.92460001, "slope": 0.15263757 }, "geometry": { "type": "LineString", "coordinates": [ [ -66.53316, 18.14168 ], [ -66.53323, 18.14111 ], [ -66.53337, 18.14077 ], [ -66.53361, 18.14063 ], [ -66.53412, 18.1406 ], [ -66.53428, 18.1405 ], [ -66.53426, 18.13996 ], [ -66.53434, 18.13954 ], [ -66.53482, 18.13907 ], [ -66.53494, 18.13831 ], [ -66.53553, 18.13713 ], [ -66.535, 18.13596 ], [ -66.53418, 18.13459 ], [ -66.53397, 18.13393 ], [ -66.534, 18.13357 ] ] } },
{ "type": "Feature", "properties": { "gnis_name": null, "streamorde": 3, "lengthkm": 0.3459029, "totdasqkm": 24.8932995, "slope": 0.02575867 }, "geometry": { "type": "LineString", "coordinates": [ [ -66.86301, 18.18351 ], [ -66.86276, 18.18395 ], [ -66.86272, 18.18418 ], [ -66.86283, 18.18431 ], [ -66.86317, 18.18428 ], [ -66.86347, 18.18439 ], [ -66.86381, 18.18476 ], [ -66.86377, 18.18584 ] ] } },
{ "type": "Feature", "properties": { "gnis_name": null, "streamorde": 2, "lengthkm": 0.374, "totdasqkm": 1.58120004, "slope": 0.07419786 }, "geometry": { "type": "LineString", "coordinates": [ [ -66.53121, 18.14425 ], [ -66.53172, 18.14306 ], [ -66.53227, 18.1427 ], [ -66.53237, 18.14232 ], [ -66.53272, 18.14223 ], [ -66.53316, 18.14168 ] ] } },
{ "type": "Feature", "properties": { "gnis_name": null, "streamorde": 2, "lengthkm": 1.94807988, "totdasqkm": 2.14169991, "slope": 0.16969016 }, "geometry": { "type": "LineString", "coordinates": [ [ -66.83138, 18.12789 ], [ -66.83091, 18.12636 ], [ -66.83083, 18.12538 ], [ -66.83095, 18.12473 ], [ -66.8309, 18.12458 ], [ -66.83048, 18.12427 ], [ -66.83045, 18.12399 ], [ -66.83055, 18.12381 ], [ -66.8311, 18.1235 ], [ -66.83137, 18.12309 ], [ -66.83126, 18.12242 ], [ -66.83133, 18.12137 ], [ -66.83155, 18.11985 ], [ -66.83145, 18.1192 ], [ -66.83153, 18.11874 ], [ -66.83147, 18.11755 ], [ -66.83129, 18.11737 ], [ -66.83068, 18.11724 ], [ -66.83059, 18.11711 ], [ -66.83059, 18.1164 ], [ -66.83066, 18.11596 ], [ -66.83121, 18.11518 ], [ -66.83122, 18.11496 ], [ -66.83096, 18.11448 ], [ -66.83104, 18.11413 ], [ -66.83178, 18.11343 ], [ -66.83194, 18.1131 ], [ -66.83187, 18.11271 ], [ -66.83156, 18.11262 ], [ -66.83156, 18.11248 ] ] } },
{ "type": "Feature", "properties": { "gnis_name": null, "streamorde": 1, "lengthkm": 0.24670299, "totdasqkm": 0.05410001, "slope": 1.0000000000000001e-05 }, "geometry": { "type": "LineString", "coordinates": [ [ -66.4918, 18.09931 ], [ -66.49017, 18.1009 ] ] } },
{ "type": "Feature", "properties": { "gnis_name": "Río Guayo", "streamorde": 3, "lengthkm": 1.02047442, "totdasqkm": 17.63229999, "slope": 0.00016659 }, "geometry": { "type": "LineString", "coordinates": [ [ -66.837, 18.19191 ], [ -66.83716, 18.19245 ], [ -66.83684, 18.19333 ], [ -66.83562, 18.19392 ], [ -66.83501, 18.19387 ], [ -66.83465, 18.19395 ], [ -66.83365, 18.19456 ], [ -66.83333, 18.19514 ], [ -66.83311, 18.19586 ], [ -66.83382, 18.19727 ], [ -66.83389, 18.19783 ], [ -66.83413, 18.1986 ] ] } },
{ "type": "Feature", "properties": { "gnis_name": null, "streamorde": 3, "lengthkm": 0.94218345, "totdasqkm": 1.53100004, "slope": 0.29696977 }, "geometry": { "type": "LineString", "coordinates": [ [ -66.49833, 18.15836 ], [ -66.49831, 18.15785 ], [ -66.49807, 18.15732 ], [ -66.49809, 18.15675 ], [ -66.49814, 18.15647 ], [ -66.49856, 18.15568 ], [ -66.49873, 18.15454 ], [ -66.49926, 18.15389 ], [ -66.49912, 18.15315 ], [ -66.49915, 18.15275 ], [ -66.50007, 18.15147 ], [ -66.50053, 18.15097 ], [ -66.50048, 18.1507 ] ] } },
{ "type": "Feature", "properties": { "gnis_name": "Río Duey", "streamorde": 3, "lengthkm": 1.341, "totdasqkm": 10.96530002, "slope": 0.03929157 }, "geometry": { "type": "LineString", "coordinates": [ [ -66.83222, 18.1063 ], [ -66.83264, 18.10502 ], [ -66.83282, 18.1047 ], [ -66.83316, 18.10453 ], [ -66.83339, 18.10454 ], [ -66.83369, 18.10459 ], [ -66.83408, 18.10483 ], [ -66.83457, 18.10479 ], [ -66.83504, 18.10432 ], [ -66.83532, 18.10371 ], [ -66.83528, 18.10348 ], [ -66.83476, 18.10293 ], [ -66.83443, 18.10176 ], [ -66.83459, 18.10158 ], [ -66.8355, 18.1012 ], [ -66.83562, 18.10107 ], [ -66.8356, 18.10087 ], [ -66.83539, 18.10063 ], [ -66.83389, 18.09955 ], [ -66.83355, 18.0989 ], [ -66.83343, 18.09823 ] ] } },
{ "type": "Feature", "properties": { "gnis_name": null, "streamorde": 3, "lengthkm": 1.233, "totdasqkm": 22.9104998, "slope": 0.01781833 }, "geometry": { "type": "LineString", "coordinates": [ [ -66.48732, 18.13159 ], [ -66.48788, 18.13103 ], [ -66.48829, 18.13073 ], [ -66.48851, 18.13065 ], [ -66.48967, 18.13051 ], [ -66.48998, 18.13035 ], [ -66.49064, 18.12922 ], [ -66.49141, 18.12822 ], [ -66.49165, 18.12768 ], [ -66.49161, 18.12707 ], [ -66.49138, 18.12623 ], [ -66.49141, 18.12589 ], [ -66.49155, 18.12551 ], [ -66.49213, 18.12518 ], [ -66.49438, 18.12496 ] ] } },
{ "type": "Feature", "properties": { "gnis_name": null, "streamorde": 2, "lengthkm": 0.92706542, "totdasqkm": 3.85330009, "slope": 0.00599742 }, "geometry": { "type": "LineString", "coordinates": [ [ -66.87654, 18.09323 ], [ -66.87616, 18.09356 ], [ -66.87555, 18.09385 ], [ -66.87506, 18.09389 ], [ -66.87483, 18.09401 ], [ -66.87456, 18.09397 ], [ -66.87417, 18.09414 ], [ -66.87353, 18.09423 ], [ -66.87231, 18.09417 ], [ -66.86965, 18.09552 ], [ -66.86851, 18.0952 ] ] } },
{ "type": "Feature", "properties": { "gnis_name": null, "streamorde": 1, "lengthkm": 0.12705843, "totdasqkm": 0.0061, "slope": 1.0000000000000001e-05 }, "geometry": { "type": "LineString", "coordinates": [ [ -66.49085, 18.09951 ], [ -66.49135, 18.09894 ], [ -66.49148, 18.09855 ] ] } },
{ "type": "Feature", "properties": { "gnis_name": null, "streamorde": 4, "lengthkm": 0.173, "totdasqkm": 118.9745002, "slope": 0.04618497 }, "geometry": { "type": "LineString", "coordinates": [ [ -66.5031, 18.07615 ], [ -66.50327, 18.07575 ], [ -66.50354, 18.07549 ], [ -66.50433, 18.07537 ] ] } },
{ "type": "Feature", "properties": { "gnis_name": "Río Guayo", "streamorde": 3, "lengthkm": 1.00775739, "totdasqkm": 23.80560005, "slope": 0.00101215 }, "geometry": { "type": "LineString", "coordinates": [ [ -66.83378, 18.20129 ], [ -66.83431, 18.20235 ], [ -66.83441, 18.20342 ], [ -66.8346, 18.20407 ], [ -66.83468, 18.20474 ], [ -66.83461, 18.20511 ], [ -66.83468, 18.20567 ], [ -66.83462, 18.20664 ], [ -66.8352, 18.20786 ], [ -66.83522, 18.20826 ], [ -66.83541, 18.20872 ], [ -66.83506, 18.21003 ] ] } },
{ "type": "Feature", "properties": { "gnis_name": null, "streamorde": 1, "lengthkm": 0.596, "totdasqkm": 0.45220009, "slope": 0.22008064 }, "geometry": { "type": "LineString", "coordinates": [ [ -66.83839, 18.10629 ], [ -66.83917, 18.10546 ], [ -66.83967, 18.10509 ], [ -66.84021, 18.10484 ], [ -66.84058, 18.10485 ], [ -66.84244, 18.10534 ], [ -66.84312, 18.10531 ], [ -66.84333, 18.10542 ] ] } },
{ "type": "Feature", "properties": { "gnis_name": null, "streamorde": 2, "lengthkm": 1.84668868, "totdasqkm": 2.87969985, "slope": 0.16392043 }, "geometry": { "type": "LineString", "coordinates": [ [ -66.51014, 18.14649 ], [ -66.50923, 18.14667 ], [ -66.50898, 18.1466 ], [ -66.50875, 18.14626 ], [ -66.50758, 18.14368 ], [ -66.5073, 18.14349 ], [ -66.50684, 18.14337 ], [ -66.50612, 18.14304 ], [ -66.50563, 18.14246 ], [ -66.50469, 18.14171 ], [ -66.50411, 18.14104 ], [ -66.50375, 18.14087 ], [ -66.50335, 18.14085 ], [ -66.50269, 18.14121 ], [ -66.50168, 18.14118 ], [ -66.5012, 18.14087 ], [ -66.50051, 18.14012 ], [ -66.49985, 18.13974 ], [ -66.4993, 18.13987 ], [ -66.49877, 18.14047 ], [ -66.49855, 18.14057 ], [ -66.49835, 18.14057 ], [ -66.49795, 18.14027 ], [ -66.49781, 18.13979 ], [ -66.49759, 18.1394 ] ] } },
{ "type": "Feature", "properties": { "gnis_name": null, "streamorde": 1, "lengthkm": 1.84541859, "totdasqkm": 1.21190013, "slope": 0.12244627 }, "geometry": { "type": "LineString", "coordinates": [ [ -66.49526, 18.1875 ], [ -66.4958, 18.1872 ], [ -66.49628, 18.1874 ], [ -66.4968, 18.18737 ], [ -66.49704, 18.18748 ], [ -66.4976, 18.18798 ], [ -66.49782, 18.18798 ], [ -66.49803, 18.18776 ], [ -66.49855, 18.18756 ], [ -66.49909, 18.18775 ], [ -66.49988, 18.1875 ], [ -66.50023, 18.18724 ], [ -66.50036, 18.18667 ], [ -66.50053, 18.18645 ], [ -66.50119, 18.18654 ], [ -66.50192, 18.1872 ], [ -66.50259, 18.18761 ], [ -66.50275, 18.18785 ], [ -66.50332, 18.18792 ], [ -66.50338, 18.18814 ], [ -66.50332, 18.18858 ], [ -66.50343, 18.18888 ], [ -66.50395, 18.18914 ], [ -66.50418, 18.18982 ], [ -66.50458, 18.18988 ], [ -66.50465, 18.18995 ], [ -66.50467, 18.19057 ], [ -66.5049, 18.19068 ], [ -66.50539, 18.19066 ], [ -66.50561, 18.19112 ], [ -66.50603, 18.19141 ], [ -66.50667, 18.19251 ], [ -66.50671, 18.1932 ] ] } },
{ "type": "Feature", "properties": { "gnis_name": null, "streamorde": 1, "lengthkm": 0.782, "totdasqkm": 0.61019998, "slope": 0.05655425 }, "geometry": { "type": "LineString", "coordinates": [ [ -66.92212, 18.0818 ], [ -66.92249, 18.08119 ], [ -66.92314, 18.08062 ], [ -66.92321, 18.08042 ], [ -66.92304, 18.08005 ], [ -66.92251, 18.07943 ], [ -66.92239, 18.07901 ], [ -66.92238, 18.07849 ], [ -66.92288, 18.07615 ], [ -66.92335, 18.07558 ] ] } },
{ "type": "Feature", "properties": { "gnis_name": "Río Blanco", "streamorde": 4, "lengthkm": 0.37819734, "totdasqkm": 74.01920037, "slope": 0.00222106 }, "geometry": { "type": "LineString", "coordinates": [ [ -66.82971, 18.21981 ], [ -66.82932, 18.22025 ], [ -66.82886, 18.22108 ], [ -66.82939, 18.22219 ], [ -66.82944, 18.22265 ], [ -66.82936, 18.22285 ] ] } },
{ "type": "Feature", "properties": { "gnis_name": "Río Guayo", "streamorde": 2, "lengthkm": 0.46792338, "totdasqkm": 7.58350005, "slope": 0.04537068 }, "geometry": { "type": "LineString", "coordinates": [ [ -66.82733, 18.17131 ], [ -66.82736, 18.17161 ], [ -66.82711, 18.17196 ], [ -66.82703, 18.17221 ], [ -66.82682, 18.17239 ], [ -66.82669, 18.17243 ], [ -66.82625, 18.17224 ], [ -66.82594, 18.17222 ], [ -66.82571, 18.17225 ], [ -66.82546, 18.17242 ], [ -66.82496, 18.17295 ], [ -66.82485, 18.17315 ], [ -66.8248, 18.17375 ] ] } },
{ "type": "Feature", "properties": { "gnis_name": "Río Toa Vaca", "streamorde": 3, "lengthkm": 0.1883864, "totdasqkm": 37.24060005, "slope": 0.01300518 }, "geometry": { "type": "LineString", "coordinates": [ [ -66.45589, 18.12473 ], [ -66.45634, 18.12467 ], [ -66.45758, 18.12422 ] ] } },
{ "type": "Feature", "properties": { "gnis_name": null, "streamorde": 1, "lengthkm": 0.399, "totdasqkm": 0.23380003, "slope": 0.1116388 }, "geometry": { "type": "LineString", "coordinates": [ [ -66.87435, 18.08623 ], [ -66.8735, 18.08548 ], [ -66.87175, 18.08488 ], [ -66.87141, 18.08468 ], [ -66.87122, 18.08442 ] ] } },
{ "type": "Feature", "properties": { "gnis_name": null, "streamorde": 1, "lengthkm": 1.344, "totdasqkm": 1.214, "slope": 0.22078778 }, "geometry": { "type": "LineString", "coordinates": [ [ -66.54063, 18.17366 ], [ -66.54093, 18.17369 ], [ -66.5419, 18.1733 ], [ -66.54335, 18.17318 ], [ -66.54387, 18.17307 ], [ -66.54634, 18.17344 ], [ -66.5481, 18.17356 ], [ -66.54863, 18.1743 ], [ -66.54952, 18.17486 ], [ -66.55047, 18.17563 ], [ -66.55097, 18.1766 ], [ -66.55154, 18.17692 ] ] } },
{ "type": "Feature", "properties": { "gnis_name": "Río Toa Vaca", "streamorde": 3, "lengthkm": 0.07258104, "totdasqkm": 57.54290013, "slope": 1.0000000000000001e-05 }, "geometry": { "type": "LineString", "coordinates": [ [ -66.49148, 18.09855 ], [ -66.49211, 18.09829 ] ] } },
{ "type": "Feature", "properties": { "gnis_name": "Río Yauco", "streamorde": 1, "lengthkm": 1.028, "totdasqkm": 0.27380004, "slope": 0.23064655 }, "geometry": { "type": "LineString", "coordinates": [ [ -66.91619, 18.153 ], [ -66.91598, 18.15247 ], [ -66.91631, 18.15154 ], [ -66.91605, 18.15075 ], [ -66.91606, 18.15048 ], [ -66.91645, 18.14926 ], [ -66.91716, 18.14873 ], [ -66.9173, 18.14837 ], [ -66.91725, 18.14819 ], [ -66.91675, 18.14758 ], [ -66.91693, 18.14714 ], [ -66.91741, 18.14653 ], [ -66.91762, 18.14607 ], [ -66.91767, 18.14546 ], [ -66.91748, 18.14472 ] ] } },
{ "type": "Feature", "properties": { "gnis_name": "Río Blanco", "streamorde": 4, "lengthkm": 0.97380315, "totdasqkm": 44.27720018, "slope": 0.00257752 }, "geometry": { "type": "LineString", "coordinates": [ [ -66.81079, 18.21073 ], [ -66.81116, 18.21061 ], [ -66.81135, 18.21067 ], [ -66.81161, 18.2109 ], [ -66.81162, 18.21104 ], [ -66.81145, 18.21128 ], [ -66.8114, 18.21169 ], [ -66.81144, 18.21208 ], [ -66.81163, 18.21236 ], [ -66.81148, 18.21319 ], [ -66.81171, 18.21458 ], [ -66.81242, 18.2149 ], [ -66.81289, 18.21539 ], [ -66.81358, 18.21565 ], [ -66.81391, 18.21593 ], [ -66.814, 18.21611 ], [ -66.81391, 18.21651 ], [ -66.81396, 18.21687 ], [ -66.81415, 18.21706 ], [ -66.81442, 18.21707 ] ] } },
{ "type": "Feature", "properties": { "gnis_name": "Río Matrullas", "streamorde": 2, "lengthkm": 0.55660313, "totdasqkm": 7.58510012, "slope": 0.02547596 }, "geometry": { "type": "LineString", "coordinates": [ [ -66.47772, 18.19253 ], [ -66.47837, 18.19301 ], [ -66.47852, 18.1934 ], [ -66.47901, 18.19351 ], [ -66.47928, 18.19365 ], [ -66.47932, 18.19391 ], [ -66.47994, 18.19457 ], [ -66.47996, 18.19477 ], [ -66.47962, 18.19559 ], [ -66.47965, 18.19636 ] ] } },
{ "type": "Feature", "properties": { "gnis_name": null, "streamorde": 4, "lengthkm": 0.32474857, "totdasqkm": 49.72119985, "slope": 0.00055427 }, "geometry": { "type": "LineString", "coordinates": [ [ -66.50306, 18.09823 ], [ -66.50295, 18.09814 ], [ -66.50297, 18.09805 ], [ -66.50262, 18.09734 ], [ -66.50315, 18.09549 ] ] } },
{ "type": "Feature", "properties": { "gnis_name": null, "streamorde": 2, "lengthkm": 0.332, "totdasqkm": 6.07130023, "slope": 0.06075301 }, "geometry": { "type": "LineString", "coordinates": [ [ -66.5079, 18.11157 ], [ -66.50558, 18.1103 ], [ -66.50514, 18.11026 ] ] } },
{ "type": "Feature", "properties": { "gnis_name": null, "streamorde": 1, "lengthkm": 0.17, "totdasqkm": 1.6183, "slope": 0.16794118 }, "geometry": { "type": "LineString", "coordinates": [ [ -66.5017, 18.1517 ], [ -66.50048, 18.1507 ] ] } },
{ "type": "Feature", "properties": { "gnis_name": null, "streamorde": 2, "lengthkm": 0.01075182, "totdasqkm": 11.53399998, "slope": 0.01023083 }, "geometry": { "type": "LineString", "coordinates": [ [ -66.47882, 18.21063 ], [ -66.4789, 18.21069 ] ] } },
{ "type": "Feature", "properties": { "gnis_name": null, "streamorde": 1, "lengthkm": 1.767, "totdasqkm": 0.39710001, "slope": 0.06017996 }, "geometry": { "type": "LineString", "coordinates": [ [ -66.93, 18.15045 ], [ -66.93084, 18.15067 ], [ -66.93143, 18.1512 ], [ -66.93189, 18.15145 ], [ -66.93322, 18.15168 ], [ -66.93393, 18.15209 ], [ -66.93454, 18.15205 ], [ -66.93468, 18.15236 ], [ -66.93435, 18.15323 ], [ -66.93444, 18.15342 ], [ -66.93459, 18.15344 ], [ -66.93496, 18.15324 ], [ -66.9355, 18.15276 ], [ -66.93556, 18.15315 ], [ -66.9357, 18.1534 ], [ -66.93611, 18.15377 ], [ -66.93642, 18.15389 ], [ -66.93716, 18.1537 ], [ -66.93794, 18.15374 ], [ -66.93864, 18.15328 ], [ -66.93885, 18.15329 ], [ -66.93902, 18.15341 ], [ -66.93913, 18.15364 ], [ -66.93908, 18.15382 ], [ -66.93878, 18.15413 ], [ -66.93881, 18.15433 ], [ -66.93906, 18.15435 ], [ -66.94, 18.15406 ], [ -66.94026, 18.15408 ], [ -66.9404, 18.1543 ], [ -66.94041, 18.15472 ], [ -66.94051, 18.15497 ], [ -66.94076, 18.15509 ], [ -66.94111, 18.15512 ] ] } },
{ "type": "Feature", "properties": { "gnis_name": "Río Toro", "streamorde": 1, "lengthkm": 2.42817563, "totdasqkm": 1.14120002, "slope": 0.0909038 }, "geometry": { "type": "LineString", "coordinates": [ [ -66.88434, 18.15557 ], [ -66.88444, 18.156 ], [ -66.88491, 18.15632 ], [ -66.88585, 18.1567 ], [ -66.88612, 18.157 ], [ -66.88616, 18.15723 ], [ -66.88498, 18.15813 ], [ -66.88469, 18.15897 ], [ -66.88379, 18.15962 ], [ -66.88368, 18.16014 ], [ -66.88347, 18.16036 ], [ -66.88223, 18.16112 ], [ -66.88209, 18.16139 ], [ -66.88208, 18.16184 ], [ -66.88185, 18.16223 ], [ -66.88164, 18.16237 ], [ -66.88086, 18.16261 ], [ -66.88056, 18.16353 ], [ -66.88006, 18.16459 ], [ -66.87939, 18.16559 ], [ -66.87909, 18.16575 ], [ -66.87876, 18.16536 ], [ -66.87843, 18.16517 ], [ -66.87772, 18.1652 ], [ -66.87733, 18.16509 ], [ -66.87676, 18.16526 ], [ -66.87646, 18.1655 ], [ -66.87638, 18.16565 ], [ -66.8764, 18.16618 ], [ -66.87623, 18.1663 ], [ -66.87601, 18.16622 ], [ -66.87573, 18.16583 ], [ -66.87529, 18.16594 ], [ -66.87462, 18.1664 ], [ -66.87462, 18.16652 ], [ -66.87445, 18.16669 ], [ -66.87451, 18.16683 ], [ -66.87477, 18.16699 ], [ -66.87462, 18.16718 ], [ -66.87408, 18.16734 ], [ -66.87366, 18.16734 ] ] } },
{ "type": "Feature", "properties": { "gnis_name": null, "streamorde": 2, "lengthkm": 1.42224011, "totdasqkm": 0.60780001, "slope": 1.0000000000000001e-05 }, "geometry": { "type": "LineString", "coordinates": [ [ -66.49308, 18.14898 ], [ -66.49316, 18.14892 ], [ -66.49336, 18.14901 ], [ -66.49367, 18.14954 ], [ -66.49384, 18.15051 ], [ -66.49403, 18.15077 ], [ -66.4939, 18.15114 ], [ -66.49398, 18.15145 ], [ -66.49397, 18.15187 ], [ -66.49437, 18.15258 ], [ -66.49455, 18.15352 ], [ -66.49487, 18.15335 ], [ -66.49555, 18.15322 ], [ -66.49595, 18.15339 ], [ -66.49606, 18.154 ], [ -66.49592, 18.15432 ], [ -66.49629, 18.15481 ], [ -66.49629, 18.15503 ], [ -66.49612, 18.15523 ], [ -66.49604, 18.15548 ], [ -66.4964, 18.15602 ], [ -66.49651, 18.15676 ], [ -66.49686, 18.15693 ], [ -66.49696, 18.15714 ], [ -66.4977, 18.15751 ], [ -66.49813, 18.15829 ], [ -66.49833, 18.15836 ] ] } },
{ "type": "Feature", "properties": { "gnis_name": "Río Yauco", "streamorde": 3, "lengthkm": 0.936, "totdasqkm": 11.77120004, "slope": 0.05074786 }, "geometry": { "type": "LineString", "coordinates": [ [ -66.88477, 18.11913 ], [ -66.88426, 18.11863 ], [ -66.88338, 18.1182 ], [ -66.88295, 18.11783 ], [ -66.88233, 18.11752 ], [ -66.88071, 18.11745 ], [ -66.88002, 18.11755 ], [ -66.87957, 18.11787 ], [ -66.87919, 18.11837 ], [ -66.87866, 18.11862 ], [ -66.8782, 18.11856 ], [ -66.87774, 18.11835 ], [ -66.8773, 18.1178 ] ] } },
{ "type": "Feature", "properties": { "gnis_name": null, "streamorde": 1, "lengthkm": 4.28842463, "totdasqkm": 4.2703, "slope": 0.04142608 }, "geometry": { "type": "LineString", "coordinates": [ [ -66.47263, 18.12093 ], [ -66.47338, 18.11997 ], [ -66.47347, 18.11971 ], [ -66.47414, 18.11945 ], [ -66.47539, 18.11855 ], [ -66.47576, 18.11775 ], [ -66.47621, 18.11744 ], [ -66.47678, 18.11732 ], [ -66.47707, 18.11704 ], [ -66.4776, 18.11574 ], [ -66.4776, 18.11511 ], [ -66.47806, 18.11457 ], [ -66.47932, 18.11407 ], [ -66.47956, 18.11374 ], [ -66.48007, 18.11368 ], [ -66.48242, 18.11282 ], [ -66.48344, 18.11265 ], [ -66.48389, 18.11231 ], [ -66.48499, 18.11195 ], [ -66.48518, 18.11183 ], [ -66.4852, 18.11139 ], [ -66.48529, 18.11125 ], [ -66.48583, 18.11082 ], [ -66.48641, 18.11061 ], [ -66.48656, 18.11028 ], [ -66.48674, 18.11016 ], [ -66.48701, 18.11012 ], [ -66.4875, 18.11027 ], [ -66.48782, 18.11005 ], [ -66.48843, 18.10991 ], [ -66.48875, 18.1096 ], [ -66.48906, 18.10947 ], [ -66.48934, 18.10957 ], [ -66.48957, 18.10997 ], [ -66.48986, 18.11006 ], [ -66.49021, 18.10999 ], [ -66.49045, 18.1097 ], [ -66.49057, 18.10918 ], [ -66.49078, 18.10896 ], [ -66.49113, 18.10887 ], [ -66.49187, 18.10889 ], [ -66.49226, 18.10853 ], [ -66.49291, 18.10841 ], [ -66.49332, 18.10796 ], [ -66.49361, 18.1078 ], [ -66.49376, 18.10789 ], [ -66.49386, 18.10809 ], [ -66.49374, 18.10844 ], [ -66.49405, 18.10876 ], [ -66.49422, 18.10875 ], [ -66.49439, 18.10853 ], [ -66.49581, 18.10862 ], [ -66.49594, 18.10876 ], [ -66.49585, 18.1091 ], [ -66.4959, 18.10925 ], [ -66.49616, 18.1094 ], [ -66.49646, 18.10939 ], [ -66.49668, 18.10918 ], [ -66.49668, 18.10879 ], [ -66.49702, 18.10884 ], [ -66.49739, 18.1087 ], [ -66.49794, 18.10883 ], [ -66.49817, 18.10879 ], [ -66.49852, 18.10832 ], [ -66.49918, 18.10793 ], [ -66.50056, 18.10801 ], [ -66.501, 18.10817 ], [ -66.5015, 18.10816 ], [ -66.50176, 18.10785 ], [ -66.50177, 18.10741 ], [ -66.50201, 18.10673 ] ] } },
{ "type": "Feature", "properties": { "gnis_name": null, "streamorde": 1, "lengthkm": 0.886, "totdasqkm": 0.42229998, "slope": 0.06477099 }, "geometry": { "type": "LineString", "coordinates": [ [ -66.80642, 18.13313 ], [ -66.80625, 18.13381 ], [ -66.80684, 18.13415 ], [ -66.80731, 18.13545 ], [ -66.80767, 18.13598 ], [ -66.80806, 18.13678 ], [ -66.80816, 18.13755 ], [ -66.80903, 18.13863 ], [ -66.80927, 18.13937 ], [ -66.80961, 18.13976 ], [ -66.80957, 18.14006 ] ] } },
{ "type": "Feature", "properties": { "gnis_name": null, "streamorde": 1, "lengthkm": 1.60991736, "totdasqkm": 1.8304999, "slope": 0.13006672 }, "geometry": { "type": "LineString", "coordinates": [ [ -66.87359, 18.1538 ], [ -66.87281, 18.1546 ], [ -66.87188, 18.1547 ], [ -66.8715, 18.15494 ], [ -66.87122, 18.15533 ], [ -66.87085, 18.1561 ], [ -66.87029, 18.1567 ], [ -66.8699, 18.157 ], [ -66.86884, 18.15745 ], [ -66.86862, 18.15873 ], [ -66.86842, 18.15901 ], [ -66.86795, 18.15923 ], [ -66.86772, 18.15975 ], [ -66.86743, 18.16004 ], [ -66.86716, 18.16047 ], [ -66.8665, 18.16074 ], [ -66.86599, 18.16078 ], [ -66.86441, 18.16134 ], [ -66.86329, 18.16185 ], [ -66.8625, 18.16195 ] ] } },
{ "type": "Feature", "properties": { "gnis_name": "Río Duey", "streamorde": 2, "lengthkm": 0.74, "totdasqkm": 4.90170002, "slope": 0.09133784 }, "geometry": { "type": "LineString", "coordinates": [ [ -66.81847, 18.1182 ], [ -66.81912, 18.11794 ], [ -66.82051, 18.11756 ], [ -66.82099, 18.11722 ], [ -66.82127, 18.11712 ], [ -66.82184, 18.11707 ], [ -66.82258, 18.11679 ], [ -66.82388, 18.11647 ], [ -66.82494, 18.11632 ], [ -66.82506, 18.11624 ] ] } },
{ "type": "Feature", "properties": { "gnis_name": null, "streamorde": 4, "lengthkm": 0.753, "totdasqkm": 112.40950023, "slope": 0.04667995 }, "geometry": { "type": "LineString", "coordinates": [ [ -66.50431, 18.08252 ], [ -66.50492, 18.08127 ], [ -66.50558, 18.07868 ], [ -66.50539, 18.07799 ], [ -66.50492, 18.07741 ], [ -66.50432, 18.07706 ], [ -66.50368, 18.07704 ] ] } },
{ "type": "Feature", "properties": { "gnis_name": null, "streamorde": 1, "lengthkm": 0.9235467, "totdasqkm": 0.61900003, "slope": 0.11822037 }, "geometry": { "type": "LineString", "coordinates": [ [ -66.81664, 18.20844 ], [ -66.81548, 18.20841 ], [ -66.81482, 18.20849 ], [ -66.81416, 18.20844 ], [ -66.8128, 18.20871 ], [ -66.81219, 18.20863 ], [ -66.81126, 18.20831 ], [ -66.81084, 18.2084 ], [ -66.81046, 18.20882 ], [ -66.81022, 18.20966 ], [ -66.81023, 18.20981 ], [ -66.81065, 18.21038 ], [ -66.81079, 18.21073 ] ] } },
{ "type": "Feature", "properties": { "gnis_name": null, "streamorde": 1, "lengthkm": 0.902, "totdasqkm": 0.51450002, "slope": 0.13441397 }, "geometry": { "type": "LineString", "coordinates": [ [ -66.91948, 18.10112 ], [ -66.91905, 18.10001 ], [ -66.91894, 18.0995 ], [ -66.91876, 18.0972 ], [ -66.91966, 18.09577 ], [ -66.92044, 18.09515 ], [ -66.92115, 18.09472 ], [ -66.92161, 18.09421 ] ] } },
{ "type": "Feature", "properties": { "gnis_name": null, "streamorde": 1, "lengthkm": 0.852, "totdasqkm": 0.88860012, "slope": 0.1074867 }, "geometry": { "type": "LineString", "coordinates": [ [ -66.5272, 18.14962 ], [ -66.52725, 18.14933 ], [ -66.52753, 18.14873 ], [ -66.52743, 18.14839 ], [ -66.5275, 18.14824 ], [ -66.52763, 18.1481 ], [ -66.52878, 18.14755 ], [ -66.52905, 18.1473 ], [ -66.52912, 18.14662 ], [ -66.52889, 18.14619 ], [ -66.529, 18.14595 ], [ -66.52977, 18.14536 ], [ -66.52995, 18.14507 ], [ -66.53015, 18.1445 ], [ -66.53028, 18.14435 ], [ -66.53121, 18.14425 ] ] } },
{ "type": "Feature", "properties": { "gnis_name": null, "streamorde": 1, "lengthkm": 2.056, "totdasqkm": 1.53470007, "slope": 0.15945807 }, "geometry": { "type": "LineString", "coordinates": [ [ -66.83427, 18.13751 ], [ -66.83533, 18.13737 ], [ -66.83571, 18.13749 ], [ -66.83596, 18.13746 ], [ -66.83739, 18.13691 ], [ -66.83818, 18.1368 ], [ -66.83851, 18.13662 ], [ -66.83899, 18.13607 ], [ -66.83926, 18.13596 ], [ -66.83959, 18.13603 ], [ -66.83996, 18.13645 ], [ -66.8404, 18.13656 ], [ -66.84116, 18.13587 ], [ -66.84176, 18.13555 ], [ -66.84207, 18.13514 ], [ -66.84233, 18.13502 ], [ -66.84277, 18.1343 ], [ -66.84317, 18.13392 ], [ -66.84357, 18.1337 ], [ -66.84446, 18.13361 ], [ -66.84473, 18.13349 ], [ -66.84547, 18.13163 ], [ -66.84554, 18.13121 ], [ -66.84542, 18.1307 ], [ -66.84596, 18.13033 ], [ -66.84616, 18.13 ], [ -66.84601, 18.1292 ], [ -66.84586, 18.12891 ], [ -66.84528, 18.12837 ], [ -66.84514, 18.12773 ] ] } },
{ "type": "Feature", "properties": { "gnis_name": "Río Loco", "streamorde": 3, "lengthkm": 0.25251539, "totdasqkm": 22.31679998, "slope": 1.0000000000000001e-05 }, "geometry": { "type": "LineString", "coordinates": [ [ -66.88819, 18.03788 ], [ -66.88785, 18.03714 ], [ -66.88749, 18.03571 ] ] } },
{ "type": "Feature", "properties": { "gnis_name": null, "streamorde": 4, "lengthkm": 0.082, "totdasqkm": 46.36110004, "slope": 0.01170732 }, "geometry": { "type": "LineString", "coordinates": [ [ -66.50201, 18.10673 ], [ -66.50195, 18.10648 ], [ -66.50214, 18.10604 ] ] } },
{ "type": "Feature", "properties": { "gnis_name": null, "streamorde": 1, "lengthkm": 1.842, "totdasqkm": 1.87849995, "slope": 0.17208955 }, "geometry": { "type": "LineString", "coordinates": [ [ -66.45689, 18.18495 ], [ -66.45605, 18.18493 ], [ -66.45526, 18.18501 ], [ -66.45429, 18.18453 ], [ -66.45317, 18.18428 ], [ -66.45237, 18.18421 ], [ -66.45189, 18.18435 ], [ -66.45112, 18.18484 ], [ -66.45034, 18.18574 ], [ -66.44771, 18.18731 ], [ -66.44539, 18.1889 ], [ -66.44349, 18.19047 ], [ -66.44226, 18.19138 ] ] } },
{ "type": "Feature", "properties": { "gnis_name": null, "streamorde": 1, "lengthkm": 1.019, "totdasqkm": 0.71310004, "slope": 0.20588684 }, "geometry": { "type": "LineString", "coordinates": [ [ -66.83779, 18.12063 ], [ -66.83771, 18.12025 ], [ -66.83776, 18.11911 ], [ -66.83761, 18.11811 ], [ -66.83764, 18.11734 ], [ -66.83773, 18.11687 ], [ -66.83809, 18.11606 ], [ -66.83868, 18.11574 ], [ -66.83882, 18.11558 ], [ -66.8389, 18.11459 ], [ -66.83915, 18.11433 ], [ -66.83956, 18.11421 ], [ -66.83981, 18.11431 ], [ -66.84022, 18.11481 ], [ -66.84064, 18.11488 ], [ -66.84125, 18.11483 ] ] } },
{ "type": "Feature", "properties": { "gnis_name": null, "streamorde": 1, "lengthkm": 0.909, "totdasqkm": 0.32580009, "slope": 0.2411743 }, "geometry": { "type": "LineString", "coordinates": [ [ -66.85688, 18.11669 ], [ -66.8562, 18.11462 ], [ -66.85592, 18.11422 ], [ -66.85531, 18.11372 ], [ -66.85519, 18.11328 ], [ -66.85525, 18.11288 ], [ -66.85545, 18.11261 ], [ -66.8561, 18.1112 ], [ -66.85629, 18.11044 ], [ -66.85625, 18.10984 ], [ -66.85632, 18.10973 ], [ -66.85683, 18.1095 ] ] } },
{ "type": "Feature", "properties": { "gnis_name": null, "streamorde": 1, "lengthkm": 1.229, "totdasqkm": 0.59979997, "slope": 0.13708591 }, "geometry": { "type": "LineString", "coordinates": [ [ -66.91271, 18.12693 ], [ -66.91176, 18.12726 ], [ -66.91053, 18.12799 ], [ -66.90973, 18.12864 ], [ -66.90952, 18.12874 ], [ -66.90887, 18.12884 ], [ -66.9085, 18.12946 ], [ -66.90773, 18.13007 ], [ -66.90762, 18.13041 ], [ -66.90761, 18.13128 ], [ -66.90751, 18.13135 ], [ -66.90658, 18.13127 ], [ -66.90525, 18.1316 ], [ -66.90471, 18.13166 ], [ -66.90448, 18.13153 ], [ -66.90444, 18.13141 ], [ -66.90445, 18.13069 ] ] } },
{ "type": "Feature", "properties": { "gnis_name": null, "streamorde": 1, "lengthkm": 1.393, "totdasqkm": 1.02560004, "slope": 0.08600928 }, "geometry": { "type": "LineString", "coordinates": [ [ -66.92451, 18.14944 ], [ -66.92422, 18.14892 ], [ -66.92414, 18.1486 ], [ -66.92413, 18.14791 ], [ -66.92427, 18.14743 ], [ -66.92418, 18.14624 ], [ -66.92409, 18.14595 ], [ -66.92361, 18.14559 ], [ -66.92324, 18.14512 ], [ -66.92228, 18.14502 ], [ -66.92203, 18.14468 ], [ -66.92178, 18.14398 ], [ -66.92162, 18.14378 ], [ -66.92141, 18.14384 ], [ -66.92133, 18.14399 ], [ -66.9211, 18.14498 ], [ -66.92048, 18.14501 ], [ -66.91965, 18.14548 ], [ -66.91899, 18.14554 ], [ -66.91876, 18.14534 ], [ -66.91863, 18.14501 ], [ -66.91814, 18.14494 ], [ -66.91781, 18.1447 ], [ -66.91748, 18.14472 ] ] } },
{ "type": "Feature", "properties": { "gnis_name": null, "streamorde": 1, "lengthkm": 0.90636067, "totdasqkm": 0.70139992, "slope": 0.27749369 }, "geometry": { "type": "LineString", "coordinates": [ [ -66.88914, 18.1249 ], [ -66.88835, 18.12362 ], [ -66.8878, 18.12313 ], [ -66.88693, 18.12269 ], [ -66.88657, 18.12261 ], [ -66.88565, 18.12263 ], [ -66.88531, 18.12227 ], [ -66.88512, 18.12178 ], [ -66.88513, 18.12133 ], [ -66.88527, 18.12076 ], [ -66.88525, 18.12027 ], [ -66.88477, 18.11913 ] ] } },
{ "type": "Feature", "properties": { "gnis_name": "Río Yauco", "streamorde": 3, "lengthkm": 0.06904295, "totdasqkm": 45.10750029, "slope": 0.49505416 }, "geometry": { "type": "LineString", "coordinates": [ [ -66.86468, 18.09147 ], [ -66.86491, 18.09088 ] ] } },
{ "type": "Feature", "properties": { "gnis_name": null, "streamorde": 1, "lengthkm": 0.6193952, "totdasqkm": 0.69360009, "slope": 0.04978868 }, "geometry": { "type": "LineString", "coordinates": [ [ -66.84532, 18.20728 ], [ -66.84467, 18.20743 ], [ -66.84363, 18.2079 ], [ -66.84287, 18.20798 ], [ -66.84189, 18.2079 ], [ -66.84156, 18.2081 ], [ -66.84111, 18.20863 ], [ -66.84004, 18.20906 ] ] } },
{ "type": "Feature", "properties": { "gnis_name": null, "streamorde": 1, "lengthkm": 2.67104218, "totdasqkm": 1.69030004, "slope": 0.10708109 }, "geometry": { "type": "LineString", "coordinates": [ [ -66.91825, 18.12549 ], [ -66.91864, 18.12555 ], [ -66.919, 18.12574 ], [ -66.92175, 18.12796 ], [ -66.92203, 18.12815 ], [ -66.92264, 18.12835 ], [ -66.92322, 18.12836 ], [ -66.92446, 18.12814 ], [ -66.92734, 18.12732 ], [ -66.92847, 18.12735 ], [ -66.92938, 18.12728 ], [ -66.93037, 18.12735 ], [ -66.93147, 18.12726 ], [ -66.9319, 18.12704 ], [ -66.93216, 18.1268 ], [ -66.93276, 18.12597 ], [ -66.93329, 18.12575 ], [ -66.93346, 18.12559 ], [ -66.93401, 18.12474 ], [ -66.93466, 18.12457 ], [ -66.93464, 18.12443 ], [ -66.93448, 18.12427 ], [ -66.93373, 18.12397 ], [ -66.93359, 18.12384 ], [ -66.93351, 18.12361 ], [ -66.93379, 18.12324 ], [ -66.93412, 18.12303 ], [ -66.93491, 18.12282 ], [ -66.93522, 18.12261 ], [ -66.93545, 18.12231 ], [ -66.93554, 18.12184 ], [ -66.93552, 18.12151 ], [ -66.93539, 18.12117 ], [ -66.93525, 18.12104 ], [ -66.93536, 18.12066 ], [ -66.93567, 18.12041 ] ] } },
{ "type": "Feature", "properties": { "gnis_name": null, "streamorde": 1, "lengthkm": 1.08449467, "totdasqkm": 1.01700008, "slope": 0.0733168 }, "geometry": { "type": "LineString", "coordinates": [ [ -66.50608, 18.1659 ], [ -66.50638, 18.16617 ], [ -66.50667, 18.16666 ], [ -66.50659, 18.16742 ], [ -66.50725, 18.16786 ], [ -66.50754, 18.16851 ], [ -66.50757, 18.16905 ], [ -66.50781, 18.16943 ], [ -66.50779, 18.16969 ], [ -66.50723, 18.17113 ], [ -66.50737, 18.17158 ], [ -66.50785, 18.17215 ], [ -66.50801, 18.17302 ], [ -66.50838, 18.17306 ], [ -66.50864, 18.17296 ], [ -66.50888, 18.17298 ], [ -66.50946, 18.17356 ] ] } },
{ "type": "Feature", "properties": { "gnis_name": "Río Yauco", "streamorde": 3, "lengthkm": 0.026, "totdasqkm": 45.05650027, "slope": 0.29538462 }, "geometry": { "type": "LineString", "coordinates": [ [ -66.86458, 18.09168 ], [ -66.86468, 18.09147 ] ] } },
{ "type": "Feature", "properties": { "gnis_name": null, "streamorde": 1, "lengthkm": 1.04916133, "totdasqkm": 0.54420006, "slope": 0.02001767 }, "geometry": { "type": "LineString", "coordinates": [ [ -66.8774, 18.05129 ], [ -66.87711, 18.05123 ], [ -66.87634, 18.05076 ], [ -66.87582, 18.05013 ], [ -66.87557, 18.04963 ], [ -66.87556, 18.04889 ], [ -66.87522, 18.04798 ], [ -66.8752, 18.04735 ], [ -66.87504, 18.04682 ], [ -66.87482, 18.04633 ], [ -66.87452, 18.04602 ], [ -66.87376, 18.04478 ], [ -66.87296, 18.04419 ], [ -66.87259, 18.04405 ], [ -66.87227, 18.04405 ] ] } },
{ "type": "Feature", "properties": { "gnis_name": "Río Loco", "streamorde": 2, "lengthkm": 3.12573643, "totdasqkm": 6.96380013, "slope": 0.02189244 }, "geometry": { "type": "LineString", "coordinates": [ [ -66.90985, 18.1036 ], [ -66.90993, 18.10326 ], [ -66.91019, 18.10272 ], [ -66.91018, 18.1026 ], [ -66.91, 18.10246 ], [ -66.90948, 18.10231 ], [ -66.90893, 18.10242 ], [ -66.90881, 18.10236 ], [ -66.90877, 18.10145 ], [ -66.90891, 18.10069 ], [ -66.90819, 18.10036 ], [ -66.90806, 18.10019 ], [ -66.90779, 18.09943 ], [ -66.90764, 18.09926 ], [ -66.9068, 18.0989 ], [ -66.90662, 18.09872 ], [ -66.90666, 18.0985 ], [ -66.90714, 18.09821 ], [ -66.90717, 18.0981 ], [ -66.90716, 18.09778 ], [ -66.90693, 18.09708 ], [ -66.90692, 18.09679 ], [ -66.90798, 18.09603 ], [ -66.90784, 18.09554 ], [ -66.90735, 18.0951 ], [ -66.90731, 18.09498 ], [ -66.90737, 18.09416 ], [ -66.90746, 18.09404 ], [ -66.90766, 18.09405 ], [ -66.90786, 18.09382 ], [ -66.90796, 18.09351 ], [ -66.90793, 18.09327 ], [ -66.90774, 18.09302 ], [ -66.90718, 18.09275 ], [ -66.90698, 18.09255 ], [ -66.90708, 18.09207 ], [ -66.9077, 18.09083 ], [ -66.90758, 18.09056 ], [ -66.9074, 18.09047 ], [ -66.90678, 18.09051 ], [ -66.90658, 18.09059 ], [ -66.90634, 18.09095 ], [ -66.90645, 18.09169 ], [ -66.90631, 18.09185 ], [ -66.90614, 18.09174 ], [ -66.90577, 18.09099 ], [ -66.90582, 18.09041 ], [ -66.9063, 18.08967 ], [ -66.90708, 18.08913 ], [ -66.90719, 18.08893 ], [ -66.90713, 18.08864 ], [ -66.90681, 18.08828 ], [ -66.90611, 18.08797 ], [ -66.90604, 18.08784 ], [ -66.90628, 18.08711 ], [ -66.90659, 18.0868 ], [ -66.90689, 18.08673 ], [ -66.90767, 18.08713 ], [ -66.90789, 18.08715 ], [ -66.90826, 18.08694 ] ] } },
{ "type": "Feature", "properties": { "gnis_name": null, "streamorde": 1, "lengthkm": 3.35678467, "totdasqkm": 2.19070014, "slope": 0.17334889 }, "geometry": { "type": "LineString", "coordinates": [ [ -66.54299, 18.14551 ], [ -66.54355, 18.14474 ], [ -66.54397, 18.14383 ], [ -66.54416, 18.14318 ], [ -66.54475, 18.14279 ], [ -66.54491, 18.14252 ], [ -66.54493, 18.14234 ], [ -66.54475, 18.1419 ], [ -66.54406, 18.14114 ], [ -66.54376, 18.13904 ], [ -66.54406, 18.13847 ], [ -66.54497, 18.13768 ], [ -66.54516, 18.13735 ], [ -66.54518, 18.13539 ], [ -66.54511, 18.13493 ], [ -66.54426, 18.13388 ], [ -66.54409, 18.13346 ], [ -66.54374, 18.13138 ], [ -66.54357, 18.13092 ], [ -66.54334, 18.13065 ], [ -66.54288, 18.13044 ], [ -66.54271, 18.13028 ], [ -66.54245, 18.12984 ], [ -66.54237, 18.12953 ], [ -66.5424, 18.12867 ], [ -66.54209, 18.12811 ], [ -66.54191, 18.12798 ], [ -66.54094, 18.12763 ], [ -66.54044, 18.12726 ], [ -66.53965, 18.12651 ], [ -66.5391, 18.12633 ], [ -66.53727, 18.12546 ], [ -66.5371, 18.12525 ], [ -66.53692, 18.12456 ], [ -66.53652, 18.12395 ], [ -66.53575, 18.12246 ], [ -66.53427, 18.1215 ] ] } },
{ "type": "Feature", "properties": { "gnis_name": null, "streamorde": 1, "lengthkm": 0.723, "totdasqkm": 0.31289998, "slope": 0.24807383 }, "geometry": { "type": "LineString", "coordinates": [ [ -66.52176, 18.14472 ], [ -66.52172, 18.14353 ], [ -66.52137, 18.14241 ], [ -66.52142, 18.1412 ], [ -66.52087, 18.14025 ], [ -66.51985, 18.13948 ], [ -66.51959, 18.13894 ] ] } },
{ "type": "Feature", "properties": { "gnis_name": "Río Guayo", "streamorde": 2, "lengthkm": 0.73786773, "totdasqkm": 11.39610001, "slope": 0.02935486 }, "geometry": { "type": "LineString", "coordinates": [ [ -66.82691, 18.17655 ], [ -66.82679, 18.17684 ], [ -66.82735, 18.17736 ], [ -66.82741, 18.17761 ], [ -66.82735, 18.17797 ], [ -66.82742, 18.17818 ], [ -66.82757, 18.17835 ], [ -66.82772, 18.17836 ], [ -66.82808, 18.17891 ], [ -66.83016, 18.17976 ], [ -66.83176, 18.17985 ] ] } },
{ "type": "Feature", "properties": { "gnis_name": null, "streamorde": 1, "lengthkm": 1.359, "totdasqkm": 0.73420001, "slope": 0.18493249 }, "geometry": { "type": "LineString", "coordinates": [ [ -66.4548, 18.18981 ], [ -66.45462, 18.18985 ], [ -66.45417, 18.19016 ], [ -66.45359, 18.19036 ], [ -66.45301, 18.19049 ], [ -66.45184, 18.19059 ], [ -66.44775, 18.19144 ], [ -66.44501, 18.1913 ], [ -66.44368, 18.19132 ], [ -66.44308, 18.19121 ], [ -66.44226, 18.19138 ] ] } },
{ "type": "Feature", "properties": { "gnis_name": "Río Lajas", "streamorde": 1, "lengthkm": 2.12074853, "totdasqkm": 1.47779996, "slope": 0.08379568 }, "geometry": { "type": "LineString", "coordinates": [ [ -66.92349, 18.15465 ], [ -66.92413, 18.155 ], [ -66.92469, 18.15591 ], [ -66.92479, 18.15595 ], [ -66.92552, 18.15589 ], [ -66.9261, 18.15574 ], [ -66.92641, 18.15575 ], [ -66.92681, 18.15596 ], [ -66.92755, 18.15659 ], [ -66.92825, 18.15616 ], [ -66.92852, 18.15613 ], [ -66.9299, 18.15669 ], [ -66.93056, 18.15714 ], [ -66.93094, 18.1573 ], [ -66.93142, 18.15772 ], [ -66.93195, 18.15752 ], [ -66.93248, 18.15762 ], [ -66.93285, 18.15755 ], [ -66.93345, 18.15709 ], [ -66.9341, 18.15709 ], [ -66.93452, 18.15736 ], [ -66.93458, 18.15692 ], [ -66.93529, 18.15644 ], [ -66.93565, 18.15535 ], [ -66.93594, 18.15524 ], [ -66.93654, 18.1552 ], [ -66.93689, 18.15526 ], [ -66.93703, 18.15536 ], [ -66.93741, 18.15604 ], [ -66.93777, 18.1559 ], [ -66.93814, 18.15587 ], [ -66.93938, 18.1566 ] ] } },
{ "type": "Feature", "properties": { "gnis_name": "Río Duey", "streamorde": 3, "lengthkm": 1.898, "totdasqkm": 13.98739998, "slope": 0.04675448 }, "geometry": { "type": "LineString", "coordinates": [ [ -66.83428, 18.09231 ], [ -66.83487, 18.09207 ], [ -66.83542, 18.09141 ], [ -66.83592, 18.09112 ], [ -66.83623, 18.09108 ], [ -66.83733, 18.09123 ], [ -66.8377, 18.09119 ], [ -66.83925, 18.09067 ], [ -66.83955, 18.09052 ], [ -66.83974, 18.09032 ], [ -66.83988, 18.08962 ], [ -66.84005, 18.08931 ], [ -66.84054, 18.08851 ], [ -66.84091, 18.08822 ], [ -66.84071, 18.08756 ], [ -66.84077, 18.08711 ], [ -66.84116, 18.08667 ], [ -66.84145, 18.08579 ], [ -66.84187, 18.08518 ], [ -66.84179, 18.08407 ], [ -66.84188, 18.08349 ], [ -66.84207, 18.08317 ], [ -66.84242, 18.08302 ], [ -66.84254, 18.08287 ], [ -66.84264, 18.08238 ], [ -66.84276, 18.08218 ], [ -66.84304, 18.08197 ], [ -66.8429, 18.08126 ], [ -66.84307, 18.0803 ] ] } },
{ "type": "Feature", "properties": { "gnis_name": null, "streamorde": 1, "lengthkm": 0.577, "totdasqkm": 0.40880001, "slope": 0.16515723 }, "geometry": { "type": "LineString", "coordinates": [ [ -66.53733, 18.14482 ], [ -66.53656, 18.14452 ], [ -66.53623, 18.14411 ], [ -66.53525, 18.14335 ], [ -66.53453, 18.14246 ], [ -66.53397, 18.14226 ], [ -66.53316, 18.14168 ] ] } },
{ "type": "Feature", "properties": { "gnis_name": null, "streamorde": 1, "lengthkm": 2.065, "totdasqkm": 2.14930017, "slope": 0.05243257 }, "geometry": { "type": "LineString", "coordinates": [ [ -66.52404, 18.1129 ], [ -66.52377, 18.11165 ], [ -66.52378, 18.11131 ], [ -66.52368, 18.11109 ], [ -66.52286, 18.11083 ], [ -66.52252, 18.1109 ], [ -66.52218, 18.11086 ], [ -66.52096, 18.11048 ], [ -66.51995, 18.11064 ], [ -66.51935, 18.11059 ], [ -66.5183, 18.11079 ], [ -66.51739, 18.11085 ], [ -66.51626, 18.1108 ], [ -66.5155, 18.11093 ], [ -66.51431, 18.11163 ], [ -66.51387, 18.11218 ], [ -66.5134, 18.11254 ], [ -66.51274, 18.11275 ], [ -66.51227, 18.1127 ], [ -66.51168, 18.11236 ], [ -66.51128, 18.11191 ], [ -66.51058, 18.11161 ], [ -66.51022, 18.11123 ], [ -66.50999, 18.11113 ], [ -66.50975, 18.11121 ], [ -66.50927, 18.11168 ], [ -66.50896, 18.11181 ], [ -66.5079, 18.11157 ] ] } },
{ "type": "Feature", "properties": { "gnis_name": null, "streamorde": 4, "lengthkm": 0.117, "totdasqkm": 112.40950023, "slope": 1.0000000000000001e-05 }, "geometry": { "type": "LineString", "coordinates": [ [ -66.50368, 18.07704 ], [ -66.5031, 18.07615 ] ] } },
{ "type": "Feature", "properties": { "gnis_name": null, "streamorde": 1, "lengthkm": 0.6084046, "totdasqkm": 0.56549997, "slope": 0.09523911 }, "geometry": { "type": "LineString", "coordinates": [ [ -66.79578, 18.18029 ], [ -66.79635, 18.18051 ], [ -66.79683, 18.18082 ], [ -66.7975, 18.18163 ], [ -66.79828, 18.18231 ], [ -66.79917, 18.18328 ], [ -66.79973, 18.18376 ], [ -66.8, 18.1839 ] ] } },
{ "type": "Feature", "properties": { "gnis_name": null, "streamorde": 3, "lengthkm": 3.20560314, "totdasqkm": 27.48329953, "slope": 0.02579858 }, "geometry": { "type": "LineString", "coordinates": [ [ -66.86377, 18.18584 ], [ -66.86379, 18.1863 ], [ -66.86396, 18.18682 ], [ -66.86408, 18.18693 ], [ -66.86423, 18.18696 ], [ -66.86465, 18.18682 ], [ -66.86502, 18.18659 ], [ -66.86529, 18.1862 ], [ -66.86581, 18.18576 ], [ -66.86595, 18.18579 ], [ -66.86631, 18.18658 ], [ -66.86644, 18.1867 ], [ -66.86699, 18.18687 ], [ -66.86734, 18.18737 ], [ -66.86849, 18.18746 ], [ -66.86918, 18.18742 ], [ -66.86967, 18.18738 ], [ -66.87034, 18.18711 ], [ -66.87066, 18.18715 ], [ -66.87094, 18.18727 ], [ -66.87188, 18.18798 ], [ -66.8728, 18.18826 ], [ -66.87314, 18.18849 ], [ -66.87342, 18.18885 ], [ -66.87338, 18.18926 ], [ -66.87303, 18.18982 ], [ -66.87291, 18.19036 ], [ -66.87323, 18.19084 ], [ -66.87342, 18.19184 ], [ -66.87355, 18.19204 ], [ -66.87393, 18.19224 ], [ -66.87415, 18.19252 ], [ -66.87425, 18.19332 ], [ -66.87462, 18.19397 ], [ -66.87488, 18.19472 ], [ -66.87542, 18.19529 ], [ -66.8776, 18.19576 ], [ -66.87821, 18.19626 ], [ -66.87866, 18.19699 ], [ -66.87899, 18.19718 ], [ -66.87947, 18.19728 ], [ -66.87974, 18.1971 ], [ -66.87986, 18.19691 ], [ -66.87983, 18.19667 ], [ -66.87973, 18.19656 ], [ -66.87943, 18.19645 ], [ -66.87908, 18.19617 ], [ -66.87888, 18.19588 ], [ -66.87894, 18.19524 ], [ -66.87906, 18.19503 ], [ -66.8796, 18.19474 ], [ -66.88048, 18.19484 ], [ -66.88101, 18.19456 ] ] } },
{ "type": "Feature", "properties": { "gnis_name": null, "streamorde": 1, "lengthkm": 0.81789089, "totdasqkm": 0.37809988, "slope": 0.21054731 }, "geometry": { "type": "LineString", "coordinates": [ [ -66.92835, 18.10122 ], [ -66.92974, 18.10197 ], [ -66.93004, 18.10203 ], [ -66.93323, 18.10194 ], [ -66.93386, 18.10176 ], [ -66.9354, 18.10184 ], [ -66.9358, 18.10173 ] ] } },
{ "type": "Feature", "properties": { "gnis_name": null, "streamorde": 2, "lengthkm": 1.201, "totdasqkm": 3.92550002, "slope": 0.18466277 }, "geometry": { "type": "LineString", "coordinates": [ [ -66.534, 18.13357 ], [ -66.53499, 18.13261 ], [ -66.53532, 18.13188 ], [ -66.53549, 18.13106 ], [ -66.53542, 18.12949 ], [ -66.53564, 18.12856 ], [ -66.5355, 18.1282 ], [ -66.53477, 18.12783 ], [ -66.53456, 18.12741 ], [ -66.53447, 18.12694 ], [ -66.53452, 18.1264 ], [ -66.53491, 18.12557 ], [ -66.53491, 18.12542 ], [ -66.53448, 18.12468 ], [ -66.53428, 18.12398 ] ] } },
{ "type": "Feature", "properties": { "gnis_name": null, "streamorde": 1, "lengthkm": 0.781, "totdasqkm": 1.21620008, "slope": 0.06035851 }, "geometry": { "type": "LineString", "coordinates": [ [ -66.8853, 18.08973 ], [ -66.88518, 18.08964 ], [ -66.88343, 18.08956 ], [ -66.88305, 18.08989 ], [ -66.88264, 18.09051 ], [ -66.8818, 18.09093 ], [ -66.88113, 18.09158 ], [ -66.87956, 18.09221 ], [ -66.87912, 18.09254 ] ] } },
{ "type": "Feature", "properties": { "gnis_name": null, "streamorde": 1, "lengthkm": 1.51766259, "totdasqkm": 0.97700005, "slope": 0.19360037 }, "geometry": { "type": "LineString", "coordinates": [ [ -66.51003, 18.13332 ], [ -66.50934, 18.13327 ], [ -66.50854, 18.13309 ], [ -66.50802, 18.13317 ], [ -66.50671, 18.1332 ], [ -66.50612, 18.13352 ], [ -66.50576, 18.13385 ], [ -66.50459, 18.1341 ], [ -66.50432, 18.13444 ], [ -66.50368, 18.13455 ], [ -66.50245, 18.13508 ], [ -66.50134, 18.13528 ], [ -66.49984, 18.13529 ], [ -66.49938, 18.13518 ], [ -66.49818, 18.13538 ], [ -66.49714, 18.13467 ], [ -66.49668, 18.13455 ] ] } },
{ "type": "Feature", "properties": { "gnis_name": null, "streamorde": 1, "lengthkm": 1.182, "totdasqkm": 0.35930004, "slope": 0.35999075 }, "geometry": { "type": "LineString", "coordinates": [ [ -66.46, 18.17569 ], [ -66.46009, 18.17439 ], [ -66.46005, 18.17392 ], [ -66.45972, 18.17323 ], [ -66.45933, 18.17279 ], [ -66.45854, 18.17016 ], [ -66.45836, 18.16982 ], [ -66.45867, 18.16928 ], [ -66.45871, 18.16899 ], [ -66.4586, 18.16872 ], [ -66.45769, 18.16785 ], [ -66.45713, 18.16638 ], [ -66.45684, 18.16609 ] ] } },
{ "type": "Feature", "properties": { "gnis_name": null, "streamorde": 1, "lengthkm": 1.95410214, "totdasqkm": 0.24969995, "slope": 1.0000000000000001e-05 }, "geometry": { "type": "LineString", "coordinates": [ [ -66.48818, 18.13227 ], [ -66.48897, 18.13354 ], [ -66.48992, 18.13604 ], [ -66.48995, 18.13866 ], [ -66.49009, 18.13994 ], [ -66.49124, 18.14156 ], [ -66.49134, 18.14184 ], [ -66.49198, 18.14559 ], [ -66.49308, 18.14898 ] ] } },
{ "type": "Feature", "properties": { "gnis_name": "Río Cidra", "streamorde": 2, "lengthkm": 0.38021324, "totdasqkm": 4.7511001, "slope": 1.0000000000000001e-05 }, "geometry": { "type": "LineString", "coordinates": [ [ -66.83109, 18.20041 ], [ -66.83235, 18.19989 ], [ -66.83322, 18.20017 ], [ -66.83378, 18.20129 ] ] } },
{ "type": "Feature", "properties": { "gnis_name": null, "streamorde": 1, "lengthkm": 3.724, "totdasqkm": 2.4565999, "slope": 0.16488411 }, "geometry": { "type": "LineString", "coordinates": [ [ -66.4898, 18.16239 ], [ -66.48908, 18.16164 ], [ -66.4885, 18.16135 ], [ -66.48844, 18.16098 ], [ -66.48888, 18.15999 ], [ -66.48886, 18.1599 ], [ -66.48837, 18.15959 ], [ -66.48813, 18.15931 ], [ -66.48806, 18.15911 ], [ -66.4883, 18.15831 ], [ -66.4884, 18.15761 ], [ -66.48774, 18.15628 ], [ -66.48756, 18.15571 ], [ -66.48754, 18.15484 ], [ -66.48738, 18.15414 ], [ -66.48732, 18.15334 ], [ -66.48655, 18.15178 ], [ -66.48599, 18.14941 ], [ -66.48562, 18.14867 ], [ -66.48527, 18.14828 ], [ -66.48463, 18.14676 ], [ -66.48372, 18.14582 ], [ -66.48365, 18.14549 ], [ -66.48379, 18.14484 ], [ -66.48377, 18.14447 ], [ -66.48266, 18.14208 ], [ -66.48266, 18.14156 ], [ -66.48248, 18.14094 ], [ -66.48259, 18.14048 ], [ -66.48256, 18.14022 ], [ -66.4822, 18.13971 ], [ -66.48219, 18.13934 ], [ -66.48206, 18.13896 ], [ -66.48235, 18.13814 ], [ -66.48244, 18.1376 ], [ -66.48208, 18.13633 ], [ -66.4817, 18.13597 ], [ -66.48152, 18.13564 ], [ -66.48124, 18.13494 ], [ -66.48112, 18.13433 ], [ -66.48125, 18.13346 ], [ -66.48165, 18.13251 ], [ -66.48163, 18.1319 ] ] } },
{ "type": "Feature", "properties": { "gnis_name": null, "streamorde": 1, "lengthkm": 0.871, "totdasqkm": 0.90050006, "slope": 0.1170428 }, "geometry": { "type": "LineString", "coordinates": [ [ -66.88524, 18.11195 ], [ -66.88462, 18.11219 ], [ -66.88342, 18.11224 ], [ -66.88313, 18.11212 ], [ -66.88144, 18.11188 ], [ -66.88027, 18.11194 ], [ -66.87957, 18.11177 ], [ -66.87912, 18.11143 ], [ -66.87827, 18.11109 ], [ -66.87736, 18.11103 ] ] } },
{ "type": "Feature", "properties": { "gnis_name": null, "streamorde": 3, "lengthkm": 1.351, "totdasqkm": 8.9032, "slope": 0.04011843 }, "geometry": { "type": "LineString", "coordinates": [ [ -66.49668, 18.13455 ], [ -66.49667, 18.13404 ], [ -66.49648, 18.13363 ], [ -66.49549, 18.13286 ], [ -66.49544, 18.1321 ], [ -66.49558, 18.13159 ], [ -66.49478, 18.13126 ], [ -66.49419, 18.13126 ], [ -66.49398, 18.13104 ], [ -66.49396, 18.13077 ], [ -66.49425, 18.12901 ], [ -66.49426, 18.12813 ], [ -66.49414, 18.12779 ], [ -66.494, 18.12771 ], [ -66.49355, 18.12769 ], [ -66.49357, 18.12744 ], [ -66.49326, 18.12685 ], [ -66.49438, 18.12496 ] ] } },
{ "type": "Feature", "properties": { "gnis_name": "Río Toro Negro", "streamorde": 3, "lengthkm": 0.62599937, "totdasqkm": 6.89480011, "slope": 0.07437707 }, "geometry": { "type": "LineString", "coordinates": [ [ -66.51764, 18.16701 ], [ -66.51685, 18.16704 ], [ -66.51575, 18.16765 ], [ -66.51537, 18.16772 ], [ -66.51516, 18.16764 ], [ -66.5148, 18.16726 ], [ -66.51425, 18.16641 ], [ -66.51373, 18.16632 ], [ -66.51333, 18.16636 ], [ -66.5128, 18.16593 ] ] } },
{ "type": "Feature", "properties": { "gnis_name": null, "streamorde": 1, "lengthkm": 0.888, "totdasqkm": 0.50839991, "slope": 0.18640862 }, "geometry": { "type": "LineString", "coordinates": [ [ -66.82696, 18.10185 ], [ -66.82768, 18.10081 ], [ -66.8279, 18.10061 ], [ -66.8288, 18.10014 ], [ -66.82957, 18.09877 ], [ -66.83017, 18.09837 ], [ -66.83074, 18.09821 ], [ -66.83212, 18.09846 ], [ -66.83276, 18.09822 ], [ -66.83343, 18.09823 ] ] } },
{ "type": "Feature", "properties": { "gnis_name": null, "streamorde": 1, "lengthkm": 0.577, "totdasqkm": 0.24520005, "slope": 0.09756813 }, "geometry": { "type": "LineString", "coordinates": [ [ -66.91978, 18.08595 ], [ -66.92089, 18.08621 ], [ -66.92215, 18.08616 ], [ -66.92273, 18.08595 ], [ -66.92342, 18.0855 ], [ -66.92454, 18.08524 ], [ -66.92477, 18.08523 ], [ -66.92493, 18.08534 ] ] } },
{ "type": "Feature", "properties": { "gnis_name": null, "streamorde": 4, "lengthkm": 1.36755281, "totdasqkm": 111.9557002, "slope": 0.00164527 }, "geometry": { "type": "LineString", "coordinates": [ [ -66.50315, 18.09549 ], [ -66.50387, 18.09485 ], [ -66.50474, 18.09434 ], [ -66.50526, 18.09377 ], [ -66.50563, 18.09257 ], [ -66.50561, 18.09217 ], [ -66.50546, 18.09157 ], [ -66.50452, 18.08968 ], [ -66.50435, 18.08963 ], [ -66.5041, 18.08935 ], [ -66.50325, 18.08902 ], [ -66.50319, 18.0889 ], [ -66.5025, 18.08867 ], [ -66.5015, 18.08666 ], [ -66.50175, 18.08587 ] ] } },
{ "type": "Feature", "properties": { "gnis_name": null, "streamorde": 1, "lengthkm": 2.015, "totdasqkm": 0.96949999, "slope": 0.1928094 }, "geometry": { "type": "LineString", "coordinates": [ [ -66.81149, 18.15982 ], [ -66.81194, 18.16019 ], [ -66.81278, 18.16042 ], [ -66.81373, 18.16137 ], [ -66.8144, 18.16188 ], [ -66.81572, 18.16228 ], [ -66.8162, 18.16267 ], [ -66.81676, 18.16293 ], [ -66.81709, 18.1632 ], [ -66.81737, 18.16356 ], [ -66.81756, 18.16405 ], [ -66.81801, 18.16479 ], [ -66.81873, 18.16526 ], [ -66.81967, 18.16552 ], [ -66.8213, 18.16655 ], [ -66.8218, 18.16709 ], [ -66.82238, 18.16755 ], [ -66.82307, 18.16796 ], [ -66.82353, 18.16845 ], [ -66.82414, 18.16892 ], [ -66.82455, 18.16942 ], [ -66.82528, 18.16972 ], [ -66.82556, 18.1696 ], [ -66.82587, 18.16925 ], [ -66.82623, 18.16908 ] ] } },
{ "type": "Feature", "properties": { "gnis_name": null, "streamorde": 1, "lengthkm": 2.797, "totdasqkm": 1.31809996, "slope": 0.04723397 }, "geometry": { "type": "LineString", "coordinates": [ [ -66.91292, 18.07494 ], [ -66.91279, 18.07466 ], [ -66.91165, 18.07345 ], [ -66.91017, 18.07221 ], [ -66.91008, 18.07152 ], [ -66.90933, 18.07057 ], [ -66.90924, 18.0703 ], [ -66.90926, 18.07008 ], [ -66.90956, 18.06948 ], [ -66.90997, 18.06893 ], [ -66.90999, 18.06856 ], [ -66.90984, 18.06821 ], [ -66.90931, 18.06751 ], [ -66.90933, 18.06734 ], [ -66.9095, 18.06708 ], [ -66.90952, 18.06656 ], [ -66.90965, 18.06603 ], [ -66.90953, 18.06576 ], [ -66.90922, 18.06552 ], [ -66.9092, 18.06504 ], [ -66.90847, 18.06461 ], [ -66.9074, 18.06422 ], [ -66.90718, 18.06303 ], [ -66.90696, 18.06274 ], [ -66.90647, 18.0624 ], [ -66.90619, 18.06227 ], [ -66.9051, 18.06237 ], [ -66.90435, 18.06214 ], [ -66.9036, 18.06231 ], [ -66.90333, 18.06206 ], [ -66.90326, 18.06162 ], [ -66.90333, 18.06107 ], [ -66.90391, 18.06035 ], [ -66.90418, 18.05982 ], [ -66.90396, 18.05891 ], [ -66.90417, 18.05841 ], [ -66.90406, 18.05822 ], [ -66.90358, 18.05794 ], [ -66.9034, 18.0577 ], [ -66.90353, 18.05675 ] ] } },
{ "type": "Feature", "properties": { "gnis_name": null, "streamorde": 1, "lengthkm": 0.0391462, "totdasqkm": 0.0139, "slope": 1.0000000000000001e-05 }, "geometry": { "type": "LineString", "coordinates": [ [ -66.49213, 18.09865 ], [ -66.49211, 18.09829 ] ] } },
{ "type": "Feature", "properties": { "gnis_name": "Río Cañas", "streamorde": 2, "lengthkm": 2.07694619, "totdasqkm": 6.13319999, "slope": 0.01141098 }, "geometry": { "type": "LineString", "coordinates": [ [ -66.90353, 18.05675 ], [ -66.90325, 18.05618 ], [ -66.90329, 18.05524 ], [ -66.90245, 18.05517 ], [ -66.90152, 18.05493 ], [ -66.90108, 18.05467 ], [ -66.90087, 18.05437 ], [ -66.90094, 18.05416 ], [ -66.90114, 18.05396 ], [ -66.90238, 18.05336 ], [ -66.90262, 18.05317 ], [ -66.9027, 18.05294 ], [ -66.90251, 18.05262 ], [ -66.90173, 18.05178 ], [ -66.90125, 18.05101 ], [ -66.8999, 18.04698 ], [ -66.89938, 18.04598 ], [ -66.89933, 18.0452 ], [ -66.89911, 18.04477 ], [ -66.89847, 18.04424 ], [ -66.89853, 18.04391 ], [ -66.89891, 18.04289 ], [ -66.89893, 18.04248 ], [ -66.89873, 18.04241 ], [ -66.8984, 18.04251 ] ] } },
{ "type": "Feature", "properties": { "gnis_name": null, "streamorde": 1, "lengthkm": 2.66717207, "totdasqkm": 1.02620003, "slope": 0.03061345 }, "geometry": { "type": "LineString", "coordinates": [ [ -66.87741, 18.06655 ], [ -66.87695, 18.06628 ], [ -66.87667, 18.06594 ], [ -66.87675, 18.06455 ], [ -66.8764, 18.06394 ], [ -66.87592, 18.06348 ], [ -66.87571, 18.06313 ], [ -66.8755, 18.06211 ], [ -66.87523, 18.06143 ], [ -66.87526, 18.06066 ], [ -66.87443, 18.05967 ], [ -66.87445, 18.05892 ], [ -66.87473, 18.05834 ], [ -66.87466, 18.05806 ], [ -66.87395, 18.05778 ], [ -66.87337, 18.0578 ], [ -66.87294, 18.05768 ], [ -66.872, 18.05715 ], [ -66.87173, 18.05655 ], [ -66.87105, 18.05641 ], [ -66.87045, 18.05584 ], [ -66.87007, 18.05565 ], [ -66.87008, 18.0553 ], [ -66.87072, 18.05516 ], [ -66.87087, 18.05476 ], [ -66.871, 18.05474 ], [ -66.87112, 18.05424 ], [ -66.87121, 18.05414 ], [ -66.87116, 18.05399 ], [ -66.87135, 18.05371 ], [ -66.8713, 18.05345 ], [ -66.87143, 18.05314 ], [ -66.87126, 18.053 ], [ -66.87126, 18.05288 ], [ -66.8713, 18.05255 ], [ -66.87144, 18.05237 ], [ -66.87129, 18.05198 ], [ -66.87137, 18.05159 ], [ -66.87068, 18.05123 ], [ -66.87053, 18.05101 ], [ -66.87041, 18.05051 ], [ -66.87007, 18.05024 ], [ -66.87009, 18.05013 ], [ -66.87041, 18.04993 ], [ -66.87031, 18.04974 ], [ -66.87033, 18.04952 ], [ -66.87051, 18.04943 ], [ -66.87098, 18.04874 ] ] } },
{ "type": "Feature", "properties": { "gnis_name": null, "streamorde": 1, "lengthkm": 0.883, "totdasqkm": 0.23599995, "slope": 0.12742017 }, "geometry": { "type": "LineString", "coordinates": [ [ -66.86894, 18.06721 ], [ -66.86921, 18.0666 ], [ -66.86928, 18.06611 ], [ -66.8692, 18.06581 ], [ -66.86904, 18.0656 ], [ -66.86843, 18.06521 ], [ -66.86763, 18.06422 ], [ -66.86732, 18.06402 ], [ -66.86655, 18.06395 ], [ -66.86605, 18.06375 ], [ -66.86559, 18.06314 ], [ -66.86517, 18.06279 ], [ -66.86384, 18.0623 ] ] } },
{ "type": "Feature", "properties": { "gnis_name": null, "streamorde": 2, "lengthkm": 1.245, "totdasqkm": 5.09320014, "slope": 0.07130924 }, "geometry": { "type": "LineString", "coordinates": [ [ -66.84125, 18.11483 ], [ -66.84151, 18.11472 ], [ -66.8417, 18.1145 ], [ -66.84191, 18.11385 ], [ -66.84217, 18.11187 ], [ -66.8423, 18.11138 ], [ -66.84243, 18.11119 ], [ -66.84286, 18.11092 ], [ -66.84408, 18.1105 ], [ -66.8443, 18.11026 ], [ -66.84437, 18.11 ], [ -66.84458, 18.10866 ], [ -66.84434, 18.108 ], [ -66.84394, 18.10739 ], [ -66.84391, 18.1067 ], [ -66.84376, 18.10607 ], [ -66.84362, 18.10581 ], [ -66.84336, 18.10562 ], [ -66.84333, 18.10542 ] ] } },
{ "type": "Feature", "properties": { "gnis_name": null, "streamorde": 1, "lengthkm": 0.463, "totdasqkm": 0.47639999, "slope": 0.10743801 }, "geometry": { "type": "LineString", "coordinates": [ [ -66.84254, 18.17926 ], [ -66.8426, 18.17952 ], [ -66.8431, 18.18003 ], [ -66.84321, 18.18081 ], [ -66.84342, 18.18138 ], [ -66.84448, 18.1818 ], [ -66.84469, 18.18202 ], [ -66.84477, 18.18243 ] ] } },
{ "type": "Feature", "properties": { "gnis_name": null, "streamorde": 1, "lengthkm": 3.161, "totdasqkm": 2.39259987, "slope": 0.03872917 }, "geometry": { "type": "LineString", "coordinates": [ [ -66.78928, 18.14039 ], [ -66.78975, 18.1387 ], [ -66.78968, 18.13841 ], [ -66.78951, 18.13828 ], [ -66.7895, 18.13809 ], [ -66.79112, 18.13649 ], [ -66.79125, 18.13644 ], [ -66.79165, 18.13685 ], [ -66.79216, 18.13689 ], [ -66.79296, 18.13726 ], [ -66.79353, 18.13825 ], [ -66.79391, 18.1385 ], [ -66.7944, 18.13863 ], [ -66.79467, 18.13882 ], [ -66.79485, 18.13882 ], [ -66.79509, 18.1386 ], [ -66.79555, 18.13875 ], [ -66.79575, 18.13873 ], [ -66.79611, 18.13854 ], [ -66.79632, 18.13854 ], [ -66.79665, 18.13901 ], [ -66.79721, 18.13957 ], [ -66.79936, 18.13973 ], [ -66.79996, 18.1396 ], [ -66.80008, 18.13965 ], [ -66.80021, 18.14018 ], [ -66.80034, 18.14022 ], [ -66.80068, 18.14011 ], [ -66.80115, 18.14024 ], [ -66.80182, 18.14071 ], [ -66.80241, 18.14089 ], [ -66.8026, 18.14088 ], [ -66.8027, 18.14078 ], [ -66.8028, 18.14015 ], [ -66.80323, 18.13945 ], [ -66.8039, 18.1394 ], [ -66.80462, 18.13948 ], [ -66.80499, 18.1393 ], [ -66.80524, 18.13897 ], [ -66.80561, 18.139 ], [ -66.8064, 18.13937 ], [ -66.80761, 18.13956 ], [ -66.80758, 18.13994 ], [ -66.80772, 18.14031 ], [ -66.80721, 18.14083 ], [ -66.80723, 18.14101 ], [ -66.80759, 18.14091 ], [ -66.80805, 18.14049 ], [ -66.80877, 18.14037 ], [ -66.80902, 18.1403 ], [ -66.80933, 18.14007 ], [ -66.80957, 18.14006 ] ] } },
{ "type": "Feature", "properties": { "gnis_name": null, "streamorde": 1, "lengthkm": 1.957, "totdasqkm": 0.75799997, "slope": 0.24645665 }, "geometry": { "type": "LineString", "coordinates": [ [ -66.45876, 18.20209 ], [ -66.45802, 18.20217 ], [ -66.45775, 18.2023 ], [ -66.45739, 18.20307 ], [ -66.45702, 18.20345 ], [ -66.45702, 18.20391 ], [ -66.45692, 18.20412 ], [ -66.45668, 18.20424 ], [ -66.45617, 18.20427 ], [ -66.45606, 18.2044 ], [ -66.456, 18.20479 ], [ -66.45546, 18.20497 ], [ -66.45524, 18.20531 ], [ -66.45507, 18.20603 ], [ -66.45508, 18.20675 ], [ -66.45532, 18.20733 ], [ -66.45565, 18.20778 ], [ -66.45587, 18.20845 ], [ -66.45574, 18.20863 ], [ -66.45457, 18.20915 ], [ -66.45415, 18.2095 ], [ -66.45359, 18.21019 ], [ -66.45248, 18.21186 ], [ -66.45232, 18.21221 ], [ -66.45214, 18.21315 ], [ -66.45192, 18.21383 ], [ -66.45189, 18.21434 ], [ -66.45191, 18.21499 ], [ -66.45249, 18.21568 ] ] } },
{ "type": "Feature", "properties": { "gnis_name": "Río Toa Vaca", "streamorde": 3, "lengthkm": 1.0307996, "totdasqkm": 57.44160016, "slope": 1.0000000000000001e-05 }, "geometry": { "type": "LineString", "coordinates": [ [ -66.48118, 18.10414 ], [ -66.48525, 18.10194 ], [ -66.48541, 18.10189 ], [ -66.48563, 18.10196 ], [ -66.48574, 18.1019 ], [ -66.48652, 18.10201 ], [ -66.48789, 18.10128 ], [ -66.48825, 18.10106 ], [ -66.48832, 18.10083 ], [ -66.48845, 18.10073 ], [ -66.48884, 18.09951 ] ] } },
{ "type": "Feature", "properties": { "gnis_name": null, "streamorde": 1, "lengthkm": 1.234, "totdasqkm": 1.3355, "slope": 0.08371253 }, "geometry": { "type": "LineString", "coordinates": [ [ -66.52573, 18.09298 ], [ -66.52588, 18.09313 ], [ -66.52638, 18.09335 ], [ -66.52772, 18.09348 ], [ -66.53045, 18.09279 ], [ -66.53161, 18.09202 ], [ -66.53206, 18.0916 ], [ -66.53297, 18.09114 ], [ -66.53319, 18.09113 ], [ -66.53344, 18.09127 ], [ -66.53369, 18.0916 ], [ -66.53392, 18.09164 ], [ -66.53457, 18.09109 ], [ -66.53502, 18.09084 ], [ -66.53552, 18.09082 ], [ -66.53599, 18.091 ] ] } },
{ "type": "Feature", "properties": { "gnis_name": null, "streamorde": 3, "lengthkm": 1.71770489, "totdasqkm": 12.20229972, "slope": 0.02999933 }, "geometry": { "type": "LineString", "coordinates": [ [ -66.85004, 18.15453 ], [ -66.85077, 18.1545 ], [ -66.85126, 18.1542 ], [ -66.85152, 18.15419 ], [ -66.8532, 18.15519 ], [ -66.85445, 18.15557 ], [ -66.85582, 18.15583 ], [ -66.85702, 18.15638 ], [ -66.85728, 18.15664 ], [ -66.85764, 18.15726 ], [ -66.8581, 18.15835 ], [ -66.85797, 18.15905 ], [ -66.85772, 18.15957 ], [ -66.8577, 18.16015 ], [ -66.85775, 18.16032 ], [ -66.85795, 18.16042 ], [ -66.85824, 18.16039 ], [ -66.85947, 18.15938 ], [ -66.85983, 18.15931 ], [ -66.86006, 18.15938 ], [ -66.86025, 18.15957 ], [ -66.86019, 18.16004 ], [ -66.85998, 18.16055 ] ] } },
{ "type": "Feature", "properties": { "gnis_name": "Río Coco", "streamorde": 1, "lengthkm": 1.062, "totdasqkm": 0.76490002, "slope": 0.06909563 }, "geometry": { "type": "LineString", "coordinates": [ [ -66.91746, 18.08109 ], [ -66.91781, 18.08071 ], [ -66.91821, 18.08008 ], [ -66.91905, 18.07691 ], [ -66.91969, 18.07567 ], [ -66.92012, 18.07535 ], [ -66.92108, 18.07516 ], [ -66.92335, 18.07558 ] ] } },
{ "type": "Feature", "properties": { "gnis_name": null, "streamorde": 1, "lengthkm": 0.955, "totdasqkm": 0.75200002, "slope": 0.20145029 }, "geometry": { "type": "LineString", "coordinates": [ [ -66.80315, 18.15587 ], [ -66.80282, 18.156 ], [ -66.80206, 18.15609 ], [ -66.80154, 18.15632 ], [ -66.80101, 18.15682 ], [ -66.79998, 18.15702 ], [ -66.7994, 18.1573 ], [ -66.79874, 18.15737 ], [ -66.79847, 18.15753 ], [ -66.79828, 18.15768 ], [ -66.79822, 18.15785 ], [ -66.79832, 18.15857 ], [ -66.79827, 18.15899 ], [ -66.79838, 18.15968 ], [ -66.79834, 18.15983 ], [ -66.7982, 18.15999 ], [ -66.79737, 18.16036 ], [ -66.79722, 18.1605 ] ] } },
{ "type": "Feature", "properties": { "gnis_name": null, "streamorde": 1, "lengthkm": 0.773, "totdasqkm": 0.58410002, "slope": 0.06809807 }, "geometry": { "type": "LineString", "coordinates": [ [ -66.83795, 18.09929 ], [ -66.83849, 18.09897 ], [ -66.83891, 18.09857 ], [ -66.83961, 18.09851 ], [ -66.83977, 18.09841 ], [ -66.83987, 18.09789 ], [ -66.83998, 18.09771 ], [ -66.84038, 18.09748 ], [ -66.84079, 18.09759 ], [ -66.84092, 18.09719 ], [ -66.84225, 18.09734 ], [ -66.84306, 18.0975 ], [ -66.84354, 18.0977 ], [ -66.84385, 18.09765 ] ] } },
{ "type": "Feature", "properties": { "gnis_name": null, "streamorde": 1, "lengthkm": 1.454, "totdasqkm": 0.70340008, "slope": 0.242452 }, "geometry": { "type": "LineString", "coordinates": [ [ -66.85704, 18.13496 ], [ -66.8566, 18.13487 ], [ -66.85633, 18.13454 ], [ -66.85634, 18.13392 ], [ -66.85611, 18.13333 ], [ -66.85615, 18.13119 ], [ -66.8559, 18.1308 ], [ -66.85589, 18.13057 ], [ -66.85721, 18.12845 ], [ -66.85728, 18.12811 ], [ -66.85719, 18.12761 ], [ -66.85726, 18.12737 ], [ -66.8576, 18.12716 ], [ -66.85845, 18.12686 ], [ -66.85888, 18.1265 ], [ -66.8598, 18.12622 ], [ -66.86046, 18.12567 ], [ -66.86095, 18.12547 ], [ -66.86117, 18.12507 ] ] } },
{ "type": "Feature", "properties": { "gnis_name": "Río Matrullas", "streamorde": 2, "lengthkm": 0.87235018, "totdasqkm": 12.25949988, "slope": 0.2924743 }, "geometry": { "type": "LineString", "coordinates": [ [ -66.48959, 18.21751 ], [ -66.48999, 18.2179 ], [ -66.49028, 18.21802 ], [ -66.49111, 18.21861 ], [ -66.49239, 18.21911 ], [ -66.49383, 18.2192 ], [ -66.49465, 18.21949 ], [ -66.49515, 18.2198 ], [ -66.49582, 18.21978 ], [ -66.49631, 18.21966 ], [ -66.49713, 18.21975 ] ] } },
{ "type": "Feature", "properties": { "gnis_name": "Río Toro Negro", "streamorde": 3, "lengthkm": 1.34081207, "totdasqkm": 5.34640001, "slope": 0.11152197 }, "geometry": { "type": "LineString", "coordinates": [ [ -66.5268, 18.16025 ], [ -66.52666, 18.16061 ], [ -66.52639, 18.16079 ], [ -66.52554, 18.16097 ], [ -66.52514, 18.16086 ], [ -66.52457, 18.16123 ], [ -66.52344, 18.16143 ], [ -66.52264, 18.16171 ], [ -66.52207, 18.16206 ], [ -66.5208, 18.16328 ], [ -66.51992, 18.16384 ], [ -66.51979, 18.1641 ], [ -66.51988, 18.16464 ], [ -66.51971, 18.16517 ], [ -66.51947, 18.1654 ], [ -66.51869, 18.1659 ], [ -66.51851, 18.16632 ], [ -66.51818, 18.16677 ], [ -66.51764, 18.16701 ] ] } },
{ "type": "Feature", "properties": { "gnis_name": null, "streamorde": 1, "lengthkm": 0.849, "totdasqkm": 0.27440007, "slope": 0.15009345 }, "geometry": { "type": "LineString", "coordinates": [ [ -66.80727, 18.18913 ], [ -66.80687, 18.18957 ], [ -66.80657, 18.18971 ], [ -66.80502, 18.18971 ], [ -66.80385, 18.19022 ], [ -66.80353, 18.19045 ], [ -66.80294, 18.19134 ], [ -66.80266, 18.19146 ], [ -66.80204, 18.19147 ], [ -66.80141, 18.19165 ], [ -66.8006, 18.19153 ], [ -66.80031, 18.19141 ] ] } },
{ "type": "Feature", "properties": { "gnis_name": "Río Chiquito", "streamorde": 1, "lengthkm": 2.003, "totdasqkm": 1.84059988, "slope": 0.12266947 }, "geometry": { "type": "LineString", "coordinates": [ [ -66.88893, 18.15047 ], [ -66.88851, 18.14979 ], [ -66.88847, 18.14924 ], [ -66.88904, 18.1483 ], [ -66.88915, 18.14728 ], [ -66.88938, 18.14683 ], [ -66.89037, 18.14585 ], [ -66.89109, 18.14557 ], [ -66.89141, 18.14483 ], [ -66.89224, 18.14386 ], [ -66.89239, 18.14347 ], [ -66.89223, 18.14327 ], [ -66.89152, 18.14309 ], [ -66.8911, 18.14286 ], [ -66.89081, 18.14253 ], [ -66.89079, 18.14217 ], [ -66.89137, 18.14151 ], [ -66.89151, 18.14117 ], [ -66.8915, 18.14094 ], [ -66.89055, 18.14086 ], [ -66.89021, 18.13986 ], [ -66.89013, 18.13978 ], [ -66.88972, 18.1398 ], [ -66.88955, 18.13962 ], [ -66.88949, 18.13925 ], [ -66.88936, 18.13918 ], [ -66.88905, 18.13925 ], [ -66.88893, 18.13916 ], [ -66.88885, 18.13854 ], [ -66.8887, 18.13823 ], [ -66.88778, 18.13748 ] ] } },
{ "type": "Feature", "properties": { "gnis_name": null, "streamorde": 1, "lengthkm": 1.15285218, "totdasqkm": 0.36019997, "slope": 0.30206519 }, "geometry": { "type": "LineString", "coordinates": [ [ -66.87956, 18.12731 ], [ -66.87936, 18.12711 ], [ -66.87899, 18.12642 ], [ -66.87855, 18.12596 ], [ -66.87811, 18.12476 ], [ -66.87785, 18.12445 ], [ -66.87778, 18.1238 ], [ -66.87746, 18.12291 ], [ -66.87744, 18.12253 ], [ -66.87654, 18.11989 ], [ -66.87651, 18.11975 ], [ -66.87664, 18.11951 ], [ -66.87679, 18.11858 ], [ -66.8773, 18.1178 ] ] } },
{ "type": "Feature", "properties": { "gnis_name": null, "streamorde": 1, "lengthkm": 0.25603838, "totdasqkm": 0.28139999, "slope": 0.05787038 }, "geometry": { "type": "LineString", "coordinates": [ [ -66.49392, 18.20663 ], [ -66.4937, 18.20673 ], [ -66.49306, 18.2067 ], [ -66.49287, 18.20684 ], [ -66.49251, 18.20679 ], [ -66.49215, 18.20691 ], [ -66.49192, 18.20735 ] ] } },
{ "type": "Feature", "properties": { "gnis_name": null, "streamorde": 1, "lengthkm": 0.595, "totdasqkm": 0.28609995, "slope": 0.11240404 }, "geometry": { "type": "LineString", "coordinates": [ [ -66.5495, 18.15456 ], [ -66.54981, 18.15474 ], [ -66.55007, 18.15511 ], [ -66.55024, 18.15557 ], [ -66.55029, 18.15603 ], [ -66.55091, 18.15709 ], [ -66.55089, 18.15767 ], [ -66.55115, 18.15888 ], [ -66.55122, 18.159 ], [ -66.55161, 18.15923 ] ] } },
{ "type": "Feature", "properties": { "gnis_name": "Río Yauco", "streamorde": 3, "lengthkm": 1.108, "totdasqkm": 7.33500008, "slope": 0.0323556 }, "geometry": { "type": "LineString", "coordinates": [ [ -66.90445, 18.13069 ], [ -66.90459, 18.13043 ], [ -66.90453, 18.13008 ], [ -66.90418, 18.12954 ], [ -66.90307, 18.12937 ], [ -66.90225, 18.12903 ], [ -66.90203, 18.12875 ], [ -66.90198, 18.1286 ], [ -66.90206, 18.12833 ], [ -66.90242, 18.12792 ], [ -66.90257, 18.12758 ], [ -66.90253, 18.12723 ], [ -66.90231, 18.1271 ], [ -66.90169, 18.12709 ], [ -66.90062, 18.12673 ], [ -66.90032, 18.12655 ], [ -66.90022, 18.12642 ], [ -66.90007, 18.12566 ], [ -66.89908, 18.12448 ] ] } },
{ "type": "Feature", "properties": { "gnis_name": null, "streamorde": 1, "lengthkm": 0.00680207, "totdasqkm": 1.0615999, "slope": 1.0000000000000001e-05 }, "geometry": { "type": "LineString", "coordinates": [ [ -66.48001, 18.19727 ], [ -66.47994, 18.19726 ] ] } },
{ "type": "Feature", "properties": { "gnis_name": null, "streamorde": 1, "lengthkm": 1.57808152, "totdasqkm": 0.47199995, "slope": 1.0000000000000001e-05 }, "geometry": { "type": "LineString", "coordinates": [ [ -66.49192, 18.20735 ], [ -66.49202, 18.20756 ], [ -66.492, 18.20781 ], [ -66.49216, 18.20804 ], [ -66.4925, 18.20825 ], [ -66.49256, 18.20856 ], [ -66.49232, 18.20893 ], [ -66.49235, 18.20914 ], [ -66.49223, 18.20936 ], [ -66.49229, 18.20985 ], [ -66.49274, 18.21008 ], [ -66.49289, 18.21038 ], [ -66.49281, 18.21068 ], [ -66.4932, 18.21102 ], [ -66.49326, 18.21119 ], [ -66.49316, 18.21157 ], [ -66.49334, 18.21286 ], [ -66.49299, 18.21331 ], [ -66.49277, 18.21376 ], [ -66.49248, 18.214 ], [ -66.4922, 18.21485 ], [ -66.49223, 18.21519 ], [ -66.49206, 18.21562 ], [ -66.49206, 18.21595 ], [ -66.49152, 18.21628 ], [ -66.49133, 18.21659 ], [ -66.49131, 18.21672 ], [ -66.49181, 18.2173 ], [ -66.4918, 18.21754 ], [ -66.49129, 18.21767 ], [ -66.49087, 18.21766 ], [ -66.49018, 18.21738 ], [ -66.48959, 18.21751 ] ] } },
{ "type": "Feature", "properties": { "gnis_name": null, "streamorde": 2, "lengthkm": 1.79554095, "totdasqkm": 4.54629982, "slope": 0.08548956 }, "geometry": { "type": "LineString", "coordinates": [ [ -66.85993, 18.14721 ], [ -66.8607, 18.14774 ], [ -66.86135, 18.14805 ], [ -66.86154, 18.14819 ], [ -66.8616, 18.14834 ], [ -66.86149, 18.14863 ], [ -66.86062, 18.14912 ], [ -66.86051, 18.14928 ], [ -66.86058, 18.15114 ], [ -66.86029, 18.15173 ], [ -66.86026, 18.15194 ], [ -66.86082, 18.15326 ], [ -66.86115, 18.15464 ], [ -66.86143, 18.15544 ], [ -66.86171, 18.15587 ], [ -66.86171, 18.15607 ], [ -66.86134, 18.15696 ], [ -66.86128, 18.15753 ], [ -66.86137, 18.15784 ], [ -66.86177, 18.15835 ], [ -66.86186, 18.15862 ], [ -66.86179, 18.15908 ], [ -66.86145, 18.15949 ], [ -66.86041, 18.16046 ], [ -66.85998, 18.16055 ] ] } },
{ "type": "Feature", "properties": { "gnis_name": null, "streamorde": 1, "lengthkm": 0.04891199, "totdasqkm": 0.009, "slope": 0.44999978 }, "geometry": { "type": "LineString", "coordinates": [ [ -66.49197, 18.09948 ], [ -66.49201, 18.09904 ] ] } },
{ "type": "Feature", "properties": { "gnis_name": "Río Loco", "streamorde": 3, "lengthkm": 1.42805056, "totdasqkm": 21.2289001, "slope": 0.0005462 }, "geometry": { "type": "LineString", "coordinates": [ [ -66.88436, 18.05013 ], [ -66.88485, 18.04986 ], [ -66.8849, 18.04975 ], [ -66.88491, 18.04955 ], [ -66.8847, 18.04915 ], [ -66.88419, 18.04887 ], [ -66.88346, 18.0493 ], [ -66.88294, 18.04931 ], [ -66.88257, 18.0492 ], [ -66.88195, 18.04887 ], [ -66.88155, 18.04854 ], [ -66.88138, 18.04829 ], [ -66.88144, 18.04772 ], [ -66.88167, 18.04736 ], [ -66.88293, 18.04715 ], [ -66.88353, 18.04692 ], [ -66.8836, 18.04668 ], [ -66.88332, 18.0459 ], [ -66.88381, 18.04444 ], [ -66.88418, 18.04402 ], [ -66.88503, 18.04356 ], [ -66.88546, 18.04355 ], [ -66.88594, 18.04341 ] ] } },
{ "type": "Feature", "properties": { "gnis_name": null, "streamorde": 1, "lengthkm": 1.13942211, "totdasqkm": 1.47419999, "slope": 0.06860495 }, "geometry": { "type": "LineString", "coordinates": [ [ -66.4879, 18.17151 ], [ -66.48847, 18.17171 ], [ -66.48898, 18.17225 ], [ -66.48953, 18.17243 ], [ -66.48975, 18.17259 ], [ -66.49053, 18.17364 ], [ -66.49159, 18.17451 ], [ -66.49172, 18.17474 ], [ -66.49162, 18.17522 ], [ -66.49168, 18.17533 ], [ -66.49192, 18.17543 ], [ -66.49233, 18.17536 ], [ -66.49267, 18.17502 ], [ -66.49382, 18.17536 ], [ -66.49421, 18.17572 ], [ -66.49423, 18.17588 ], [ -66.49401, 18.1763 ], [ -66.49407, 18.1764 ], [ -66.4944, 18.17648 ], [ -66.49473, 18.17681 ], [ -66.49499, 18.17692 ] ] } },
{ "type": "Feature", "properties": { "gnis_name": null, "streamorde": 2, "lengthkm": 2.00355163, "totdasqkm": 7.09879997, "slope": 0.01937559 }, "geometry": { "type": "LineString", "coordinates": [ [ -66.88736, 18.0707 ], [ -66.88698, 18.07028 ], [ -66.88686, 18.06994 ], [ -66.88719, 18.0697 ], [ -66.88808, 18.06939 ], [ -66.88813, 18.06929 ], [ -66.88801, 18.06919 ], [ -66.88763, 18.06926 ], [ -66.88712, 18.06919 ], [ -66.88651, 18.06891 ], [ -66.88634, 18.06872 ], [ -66.88646, 18.06841 ], [ -66.88732, 18.06809 ], [ -66.88746, 18.06725 ], [ -66.88742, 18.06668 ], [ -66.88711, 18.06625 ], [ -66.88669, 18.06592 ], [ -66.8849, 18.06542 ], [ -66.88478, 18.06528 ], [ -66.88485, 18.06506 ], [ -66.88498, 18.06497 ], [ -66.88622, 18.06465 ], [ -66.88644, 18.06437 ], [ -66.88657, 18.06317 ], [ -66.88652, 18.06308 ], [ -66.88616, 18.06302 ], [ -66.88577, 18.06274 ], [ -66.8856, 18.06238 ], [ -66.88558, 18.06202 ], [ -66.88575, 18.06082 ], [ -66.88598, 18.05986 ], [ -66.88607, 18.05878 ] ] } },
{ "type": "Feature", "properties": { "gnis_name": null, "streamorde": 1, "lengthkm": 1.107, "totdasqkm": 0.74749996, "slope": 0.3997418 }, "geometry": { "type": "LineString", "coordinates": [ [ -66.45377, 18.17486 ], [ -66.45417, 18.17408 ], [ -66.45432, 18.17289 ], [ -66.45465, 18.17204 ], [ -66.45484, 18.17169 ], [ -66.4551, 18.17148 ], [ -66.45554, 18.1706 ], [ -66.45553, 18.17019 ], [ -66.45538, 18.16964 ], [ -66.45573, 18.16845 ], [ -66.45572, 18.16777 ], [ -66.45585, 18.1671 ], [ -66.45582, 18.16655 ], [ -66.45601, 18.16628 ], [ -66.45667, 18.1662 ], [ -66.45684, 18.16609 ] ] } },
{ "type": "Feature", "properties": { "gnis_name": "Río Loco", "streamorde": 1, "lengthkm": 2.19662816, "totdasqkm": 1.82670014, "slope": 0.1221463 }, "geometry": { "type": "LineString", "coordinates": [ [ -66.9134, 18.12302 ], [ -66.91325, 18.12299 ], [ -66.91309, 18.12279 ], [ -66.91278, 18.12192 ], [ -66.91287, 18.12155 ], [ -66.91323, 18.12108 ], [ -66.91339, 18.12058 ], [ -66.91323, 18.11854 ], [ -66.91331, 18.11811 ], [ -66.91365, 18.11747 ], [ -66.91363, 18.11716 ], [ -66.91338, 18.11689 ], [ -66.91363, 18.1162 ], [ -66.91365, 18.11593 ], [ -66.9135, 18.11534 ], [ -66.91335, 18.1151 ], [ -66.9127, 18.1146 ], [ -66.91267, 18.11428 ], [ -66.91224, 18.11416 ], [ -66.91194, 18.11377 ], [ -66.91165, 18.11357 ], [ -66.91161, 18.11336 ], [ -66.91204, 18.11267 ], [ -66.91237, 18.11168 ], [ -66.91269, 18.11109 ], [ -66.91313, 18.11073 ], [ -66.91407, 18.11054 ], [ -66.91457, 18.10965 ], [ -66.91466, 18.1089 ], [ -66.91491, 18.10831 ], [ -66.91495, 18.108 ], [ -66.91469, 18.10733 ], [ -66.91463, 18.10686 ], [ -66.91433, 18.10624 ] ] } },
{ "type": "Feature", "properties": { "gnis_name": null, "streamorde": 1, "lengthkm": 0.10519164, "totdasqkm": 0.37809998, "slope": 1.0000000000000001e-05 }, "geometry": { "type": "LineString", "coordinates": [ [ -66.83978, 18.19165 ], [ -66.83934, 18.1908 ] ] } },
{ "type": "Feature", "properties": { "gnis_name": null, "streamorde": 1, "lengthkm": 2.977, "totdasqkm": 1.99079989, "slope": 0.05244004 }, "geometry": { "type": "LineString", "coordinates": [ [ -66.52724, 18.10761 ], [ -66.5266, 18.10723 ], [ -66.52648, 18.10708 ], [ -66.52548, 18.10711 ], [ -66.52521, 18.10697 ], [ -66.52463, 18.10626 ], [ -66.52449, 18.10618 ], [ -66.5237, 18.10611 ], [ -66.52318, 18.10569 ], [ -66.52197, 18.1055 ], [ -66.52149, 18.10535 ], [ -66.52035, 18.10522 ], [ -66.51938, 18.10477 ], [ -66.51878, 18.10465 ], [ -66.51839, 18.10421 ], [ -66.51811, 18.1043 ], [ -66.51753, 18.10517 ], [ -66.51712, 18.10532 ], [ -66.5167, 18.10534 ], [ -66.5165, 18.10528 ], [ -66.51612, 18.10494 ], [ -66.51568, 18.10474 ], [ -66.51499, 18.10477 ], [ -66.51483, 18.10466 ], [ -66.5147, 18.10421 ], [ -66.51426, 18.10416 ], [ -66.51412, 18.104 ], [ -66.51411, 18.10381 ], [ -66.51424, 18.10352 ], [ -66.51469, 18.10303 ], [ -66.51477, 18.10279 ], [ -66.5147, 18.10258 ], [ -66.51447, 18.10244 ], [ -66.51373, 18.1025 ], [ -66.51304, 18.10218 ], [ -66.5128, 18.10231 ], [ -66.51243, 18.10297 ], [ -66.51208, 18.1032 ], [ -66.51105, 18.10326 ], [ -66.51078, 18.10317 ], [ -66.51031, 18.10234 ], [ -66.50923, 18.10136 ], [ -66.5089, 18.10127 ], [ -66.50843, 18.10151 ], [ -66.50811, 18.10155 ], [ -66.50778, 18.10142 ], [ -66.50759, 18.10074 ], [ -66.50762, 18.10039 ], [ -66.50722, 18.09968 ], [ -66.50723, 18.09954 ] ] } },
{ "type": "Feature", "properties": { "gnis_name": null, "streamorde": 1, "lengthkm": 1.34710273, "totdasqkm": 0.74389994, "slope": 0.32994074 }, "geometry": { "type": "LineString", "coordinates": [ [ -66.46572, 18.21327 ], [ -66.46559, 18.21368 ], [ -66.46565, 18.21408 ], [ -66.4656, 18.21428 ], [ -66.46548, 18.21454 ], [ -66.46521, 18.21478 ], [ -66.4638, 18.21536 ], [ -66.46308, 18.21587 ], [ -66.46286, 18.2163 ], [ -66.46207, 18.21659 ], [ -66.46142, 18.21666 ], [ -66.46076, 18.21655 ], [ -66.45994, 18.21629 ], [ -66.4597, 18.21636 ], [ -66.45943, 18.21661 ], [ -66.45896, 18.21729 ], [ -66.45783, 18.21801 ], [ -66.45725, 18.21893 ], [ -66.45659, 18.21963 ] ] } },
{ "type": "Feature", "properties": { "gnis_name": null, "streamorde": 2, "lengthkm": 0.687, "totdasqkm": 2.41330009, "slope": 0.12921397 }, "geometry": { "type": "LineString", "coordinates": [ [ -66.45689, 18.16591 ], [ -66.45706, 18.16556 ], [ -66.45721, 18.16547 ], [ -66.45846, 18.1651 ], [ -66.45879, 18.16484 ], [ -66.45905, 18.16432 ], [ -66.45958, 18.16401 ], [ -66.45978, 18.16397 ], [ -66.4605, 18.16415 ], [ -66.46066, 18.16404 ], [ -66.46102, 18.164 ], [ -66.46121, 18.16382 ], [ -66.46136, 18.16327 ], [ -66.46128, 18.16275 ] ] } },
{ "type": "Feature", "properties": { "gnis_name": "Río Toro Negro", "streamorde": 3, "lengthkm": 0.00766072, "totdasqkm": 4.10239998, "slope": 1.0000000000000001e-05 }, "geometry": { "type": "LineString", "coordinates": [ [ -66.5275, 18.15968 ], [ -66.52756, 18.15971 ] ] } },
{ "type": "Feature", "properties": { "gnis_name": null, "streamorde": 1, "lengthkm": 0.591, "totdasqkm": 0.31899991, "slope": 0.22362526 }, "geometry": { "type": "LineString", "coordinates": [ [ -66.54983, 18.13893 ], [ -66.55049, 18.1397 ], [ -66.55111, 18.1401 ], [ -66.55314, 18.14071 ], [ -66.55423, 18.14081 ], [ -66.55478, 18.14071 ] ] } },
{ "type": "Feature", "properties": { "gnis_name": null, "streamorde": 1, "lengthkm": 1.727, "totdasqkm": 1.6927001, "slope": 0.16866626 }, "geometry": { "type": "LineString", "coordinates": [ [ -66.469, 18.17549 ], [ -66.46837, 18.17496 ], [ -66.46782, 18.17461 ], [ -66.46736, 18.17397 ], [ -66.4671, 18.1727 ], [ -66.46725, 18.17206 ], [ -66.46706, 18.17142 ], [ -66.46703, 18.17101 ], [ -66.46617, 18.16965 ], [ -66.46532, 18.16855 ], [ -66.46506, 18.16771 ], [ -66.46404, 18.16712 ], [ -66.46336, 18.16654 ], [ -66.46316, 18.16596 ], [ -66.46304, 18.16497 ], [ -66.46257, 18.16448 ], [ -66.46208, 18.16336 ], [ -66.46189, 18.16313 ], [ -66.46128, 18.16275 ] ] } },
{ "type": "Feature", "properties": { "gnis_name": null, "streamorde": 1, "lengthkm": 0.569, "totdasqkm": 0.25659999, "slope": 0.37424308 }, "geometry": { "type": "LineString", "coordinates": [ [ -66.49728, 18.16273 ], [ -66.49726, 18.16232 ], [ -66.49737, 18.16164 ], [ -66.4973, 18.1613 ], [ -66.49741, 18.16073 ], [ -66.49713, 18.16018 ], [ -66.4975, 18.15907 ], [ -66.49814, 18.159 ], [ -66.49833, 18.15836 ] ] } },
{ "type": "Feature", "properties": { "gnis_name": null, "streamorde": 1, "lengthkm": 1.583, "totdasqkm": 0.80579992, "slope": 0.11097775 }, "geometry": { "type": "LineString", "coordinates": [ [ -66.92742, 18.14789 ], [ -66.92761, 18.14744 ], [ -66.92808, 18.14684 ], [ -66.92802, 18.14558 ], [ -66.92817, 18.14503 ], [ -66.92819, 18.14457 ], [ -66.92846, 18.14406 ], [ -66.92913, 18.14326 ], [ -66.9292, 18.14287 ], [ -66.92921, 18.141 ], [ -66.92949, 18.14029 ], [ -66.92988, 18.1397 ], [ -66.93049, 18.13928 ], [ -66.93122, 18.139 ], [ -66.93267, 18.13867 ], [ -66.93322, 18.13873 ], [ -66.93354, 18.13892 ], [ -66.93391, 18.13901 ], [ -66.93464, 18.13905 ], [ -66.9352, 18.13892 ] ] } },
{ "type": "Feature", "properties": { "gnis_name": "Río Toa Vaca", "streamorde": 3, "lengthkm": 1.31277437, "totdasqkm": 54.86080012, "slope": 1.0000000000000001e-05 }, "geometry": { "type": "LineString", "coordinates": [ [ -66.47028, 18.10052 ], [ -66.47078, 18.10029 ], [ -66.471, 18.10036 ], [ -66.4714, 18.10015 ], [ -66.47183, 18.1003 ], [ -66.47204, 18.10022 ], [ -66.47256, 18.10039 ], [ -66.47273, 18.1003 ], [ -66.47327, 18.10043 ], [ -66.47362, 18.10035 ], [ -66.47739, 18.1016 ], [ -66.47778, 18.10202 ], [ -66.47799, 18.10244 ], [ -66.47831, 18.10264 ], [ -66.47861, 18.10304 ], [ -66.47899, 18.10336 ], [ -66.48118, 18.10414 ] ] } },
{ "type": "Feature", "properties": { "gnis_name": null, "streamorde": 1, "lengthkm": 0.392, "totdasqkm": 0.11410001, "slope": 0.28164384 }, "geometry": { "type": "LineString", "coordinates": [ [ -66.84258, 18.14597 ], [ -66.8425, 18.14644 ], [ -66.84281, 18.14775 ], [ -66.84197, 18.14841 ], [ -66.84161, 18.14897 ] ] } },
{ "type": "Feature", "properties": { "gnis_name": null, "streamorde": 1, "lengthkm": 0.862, "totdasqkm": 0.30700001, "slope": 0.11385827 }, "geometry": { "type": "LineString", "coordinates": [ [ -66.90541, 18.04426 ], [ -66.90499, 18.04401 ], [ -66.90389, 18.04389 ], [ -66.90316, 18.04364 ], [ -66.89928, 18.04188 ], [ -66.89864, 18.04187 ], [ -66.89847, 18.042 ], [ -66.89835, 18.04223 ], [ -66.89831, 18.04236 ], [ -66.8984, 18.04251 ] ] } },
{ "type": "Feature", "properties": { "gnis_name": null, "streamorde": 1, "lengthkm": 2.51761524, "totdasqkm": 1.6424999, "slope": 0.18050846 }, "geometry": { "type": "LineString", "coordinates": [ [ -66.52623, 18.12812 ], [ -66.52611, 18.12779 ], [ -66.526, 18.12673 ], [ -66.52607, 18.12616 ], [ -66.52652, 18.12553 ], [ -66.52764, 18.12315 ], [ -66.52821, 18.12242 ], [ -66.52895, 18.12174 ], [ -66.52988, 18.12128 ], [ -66.53054, 18.12081 ], [ -66.53095, 18.11862 ], [ -66.53109, 18.11848 ], [ -66.53156, 18.11829 ], [ -66.53211, 18.11812 ], [ -66.53252, 18.11817 ], [ -66.53308, 18.1179 ], [ -66.53329, 18.11772 ], [ -66.53381, 18.11694 ], [ -66.53388, 18.11656 ], [ -66.53364, 18.11619 ], [ -66.53355, 18.11583 ], [ -66.53303, 18.1151 ], [ -66.53305, 18.11484 ], [ -66.53315, 18.11467 ], [ -66.53382, 18.11392 ], [ -66.5343, 18.11357 ], [ -66.53466, 18.11301 ], [ -66.53472, 18.11269 ], [ -66.53488, 18.11252 ], [ -66.53563, 18.11233 ], [ -66.53659, 18.11191 ], [ -66.53721, 18.11189 ], [ -66.53748, 18.11177 ] ] } },
{ "type": "Feature", "properties": { "gnis_name": "Río Guayo", "streamorde": 3, "lengthkm": 2.1275981, "totdasqkm": 26.13700015, "slope": 0.04785208 }, "geometry": { "type": "LineString", "coordinates": [ [ -66.83477, 18.21076 ], [ -66.83347, 18.21332 ], [ -66.83323, 18.21409 ], [ -66.83279, 18.21496 ], [ -66.83295, 18.21535 ], [ -66.83316, 18.21531 ], [ -66.83369, 18.21479 ], [ -66.83397, 18.21476 ], [ -66.83418, 18.21486 ], [ -66.83424, 18.21506 ], [ -66.83408, 18.21556 ], [ -66.83378, 18.21596 ], [ -66.83367, 18.21633 ], [ -66.83371, 18.21661 ], [ -66.83384, 18.21679 ], [ -66.83433, 18.2171 ], [ -66.8348, 18.21788 ], [ -66.83501, 18.21807 ], [ -66.83497, 18.21893 ], [ -66.83479, 18.21918 ], [ -66.83443, 18.21934 ], [ -66.83423, 18.21981 ], [ -66.83362, 18.22054 ], [ -66.8332, 18.22078 ], [ -66.83294, 18.22111 ], [ -66.83289, 18.22137 ], [ -66.83263, 18.22152 ], [ -66.83224, 18.22159 ], [ -66.83207, 18.22155 ], [ -66.83199, 18.22108 ], [ -66.83154, 18.22079 ], [ -66.83136, 18.22081 ], [ -66.83103, 18.22115 ], [ -66.83026, 18.22112 ], [ -66.83006, 18.22104 ], [ -66.82986, 18.22067 ], [ -66.82991, 18.22014 ], [ -66.82971, 18.21981 ] ] } },
{ "type": "Feature", "properties": { "gnis_name": "Río Yauco", "streamorde": 2, "lengthkm": 0.154, "totdasqkm": 4.15909999, "slope": 0.01941559 }, "geometry": { "type": "LineString", "coordinates": [ [ -66.90887, 18.1342 ], [ -66.90841, 18.13402 ], [ -66.90776, 18.13423 ], [ -66.9075, 18.1342 ] ] } },
{ "type": "Feature", "properties": { "gnis_name": null, "streamorde": 2, "lengthkm": 2.283, "totdasqkm": 2.81239998, "slope": 0.10569865 }, "geometry": { "type": "LineString", "coordinates": [ [ -66.55161, 18.15923 ], [ -66.55118, 18.16008 ], [ -66.5511, 18.16048 ], [ -66.55094, 18.16054 ], [ -66.5501, 18.16043 ], [ -66.54957, 18.16092 ], [ -66.54912, 18.16121 ], [ -66.54882, 18.16162 ], [ -66.54849, 18.16184 ], [ -66.54785, 18.16309 ], [ -66.54754, 18.16354 ], [ -66.54738, 18.16361 ], [ -66.54714, 18.16325 ], [ -66.54701, 18.16323 ], [ -66.54636, 18.16367 ], [ -66.5463, 18.16386 ], [ -66.54645, 18.1645 ], [ -66.54637, 18.16488 ], [ -66.5466, 18.16562 ], [ -66.54723, 18.16687 ], [ -66.54765, 18.16691 ], [ -66.54836, 18.16671 ], [ -66.54937, 18.16683 ], [ -66.54943, 18.16706 ], [ -66.5493, 18.16738 ], [ -66.54939, 18.16759 ], [ -66.54986, 18.16812 ], [ -66.55104, 18.16918 ], [ -66.55114, 18.16939 ], [ -66.55125, 18.16989 ], [ -66.55168, 18.17068 ], [ -66.55166, 18.17166 ], [ -66.55174, 18.1719 ], [ -66.55238, 18.1721 ], [ -66.55277, 18.17257 ] ] } },
{ "type": "Feature", "properties": { "gnis_name": null, "streamorde": 1, "lengthkm": 0.158, "totdasqkm": 0.18650003, "slope": 0.47 }, "geometry": { "type": "LineString", "coordinates": [ [ -66.50115, 18.16247 ], [ -66.50164, 18.16185 ], [ -66.50168, 18.16143 ], [ -66.50179, 18.16124 ] ] } },
{ "type": "Feature", "properties": { "gnis_name": null, "streamorde": 2, "lengthkm": 0.672, "totdasqkm": 0.97699996, "slope": 0.02074405 }, "geometry": { "type": "LineString", "coordinates": [ [ -66.87104, 18.0611 ], [ -66.8709, 18.0608 ], [ -66.87055, 18.06061 ], [ -66.87026, 18.06015 ], [ -66.8694, 18.0596 ], [ -66.86913, 18.05952 ], [ -66.86792, 18.05992 ], [ -66.86722, 18.05951 ], [ -66.86649, 18.05937 ], [ -66.86634, 18.059 ], [ -66.86598, 18.059 ], [ -66.86593, 18.05894 ] ] } },
{ "type": "Feature", "properties": { "gnis_name": null, "streamorde": 4, "lengthkm": 0.65312891, "totdasqkm": 32.83909981, "slope": 0.00591001 }, "geometry": { "type": "LineString", "coordinates": [ [ -66.49438, 18.12496 ], [ -66.49517, 18.12477 ], [ -66.49629, 18.1247 ], [ -66.49787, 18.12485 ], [ -66.49962, 18.12407 ], [ -66.50017, 18.12365 ] ] } },
{ "type": "Feature", "properties": { "gnis_name": null, "streamorde": 1, "lengthkm": 0.415, "totdasqkm": 0.28139999, "slope": 0.25612697 }, "geometry": { "type": "LineString", "coordinates": [ [ -66.49268, 18.20335 ], [ -66.49393, 18.20481 ], [ -66.49388, 18.20517 ], [ -66.49402, 18.20565 ], [ -66.49392, 18.20663 ] ] } },
{ "type": "Feature", "properties": { "gnis_name": "Río Loco", "streamorde": 3, "lengthkm": 0.54930931, "totdasqkm": 22.25169997, "slope": 0.01445452 }, "geometry": { "type": "LineString", "coordinates": [ [ -66.88772, 18.04251 ], [ -66.8875, 18.04076 ], [ -66.88766, 18.04018 ], [ -66.8879, 18.03999 ], [ -66.88841, 18.03921 ], [ -66.88837, 18.03851 ], [ -66.88819, 18.03788 ] ] } },
{ "type": "Feature", "properties": { "gnis_name": null, "streamorde": 1, "lengthkm": 1.19467592, "totdasqkm": 0.37680003, "slope": 0.12119569 }, "geometry": { "type": "LineString", "coordinates": [ [ -66.79611, 18.16613 ], [ -66.79588, 18.1665 ], [ -66.79548, 18.16688 ], [ -66.79527, 18.16725 ], [ -66.79524, 18.16788 ], [ -66.79545, 18.16848 ], [ -66.7952, 18.16894 ], [ -66.79527, 18.16943 ], [ -66.7954, 18.16957 ], [ -66.7962, 18.16967 ], [ -66.79648, 18.16979 ], [ -66.79667, 18.17001 ], [ -66.79701, 18.17072 ], [ -66.79844, 18.1714 ], [ -66.79874, 18.17191 ], [ -66.79942, 18.17244 ], [ -66.79991, 18.1739 ], [ -66.79989, 18.17413 ] ] } },
{ "type": "Feature", "properties": { "gnis_name": null, "streamorde": 3, "lengthkm": 1.66952112, "totdasqkm": 23.91119958, "slope": 0.03063154 }, "geometry": { "type": "LineString", "coordinates": [ [ -66.86246, 18.17337 ], [ -66.86268, 18.17338 ], [ -66.86285, 18.17356 ], [ -66.86305, 18.17455 ], [ -66.86298, 18.17487 ], [ -66.86226, 18.17571 ], [ -66.86205, 18.17581 ], [ -66.86176, 18.17576 ], [ -66.86121, 18.17484 ], [ -66.86078, 18.17497 ], [ -66.86066, 18.17507 ], [ -66.86032, 18.17585 ], [ -66.86066, 18.17609 ], [ -66.86093, 18.17692 ], [ -66.86153, 18.17745 ], [ -66.86172, 18.17779 ], [ -66.86231, 18.17798 ], [ -66.8628, 18.17845 ], [ -66.86279, 18.17885 ], [ -66.86236, 18.17949 ], [ -66.8623, 18.17992 ], [ -66.86253, 18.18045 ], [ -66.86258, 18.18125 ], [ -66.86253, 18.18161 ], [ -66.86279, 18.18202 ], [ -66.86309, 18.18214 ], [ -66.86324, 18.18215 ], [ -66.86356, 18.18186 ], [ -66.86386, 18.18175 ], [ -66.86423, 18.18191 ] ] } },
{ "type": "Feature", "properties": { "gnis_name": "Río Blanco", "streamorde": 4, "lengthkm": 1.72292939, "totdasqkm": 47.79730022, "slope": 0.03946767 }, "geometry": { "type": "LineString", "coordinates": [ [ -66.81921, 18.21969 ], [ -66.82009, 18.21999 ], [ -66.82121, 18.22021 ], [ -66.82155, 18.22057 ], [ -66.8214, 18.2217 ], [ -66.82148, 18.22184 ], [ -66.82218, 18.22159 ], [ -66.82266, 18.22161 ], [ -66.82315, 18.22178 ], [ -66.8244, 18.22194 ], [ -66.82491, 18.22158 ], [ -66.82558, 18.2207 ], [ -66.82612, 18.22032 ], [ -66.82697, 18.21949 ], [ -66.8289, 18.21823 ], [ -66.8294, 18.21808 ], [ -66.82978, 18.21806 ], [ -66.83031, 18.21838 ], [ -66.83044, 18.21874 ], [ -66.83043, 18.21898 ], [ -66.82971, 18.21981 ] ] } },
{ "type": "Feature", "properties": { "gnis_name": null, "streamorde": 2, "lengthkm": 0.94183926, "totdasqkm": 0.44830003, "slope": 0.00384354 }, "geometry": { "type": "LineString", "coordinates": [ [ -66.50179, 18.16124 ], [ -66.50179, 18.16102 ], [ -66.5022, 18.16043 ], [ -66.50137, 18.15979 ], [ -66.50145, 18.15926 ], [ -66.50164, 18.15902 ], [ -66.50149, 18.1584 ], [ -66.50129, 18.15805 ], [ -66.50112, 18.15792 ], [ -66.50094, 18.15783 ], [ -66.50045, 18.15782 ], [ -66.50041, 18.15756 ], [ -66.50017, 18.1571 ], [ -66.49958, 18.15681 ], [ -66.49889, 18.15684 ], [ -66.49857, 18.15733 ], [ -66.49842, 18.15823 ], [ -66.49833, 18.15836 ] ] } },
{ "type": "Feature", "properties": { "gnis_name": null, "streamorde": 1, "lengthkm": 1.32750517, "totdasqkm": 0.54900002, "slope": 0.21208872 }, "geometry": { "type": "LineString", "coordinates": [ [ -66.9222, 18.11357 ], [ -66.9222, 18.11303 ], [ -66.9219, 18.1117 ], [ -66.92097, 18.10958 ], [ -66.92069, 18.10932 ], [ -66.9202, 18.10863 ], [ -66.91956, 18.10803 ], [ -66.9192, 18.1075 ], [ -66.91864, 18.10715 ], [ -66.91848, 18.10691 ], [ -66.91813, 18.10675 ], [ -66.91695, 18.10687 ], [ -66.91522, 18.10651 ], [ -66.91467, 18.10648 ], [ -66.91433, 18.10624 ] ] } },
{ "type": "Feature", "properties": { "gnis_name": null, "streamorde": 4, "lengthkm": 1.11350574, "totdasqkm": 47.46559998, "slope": 1.0000000000000001e-05 }, "geometry": { "type": "LineString", "coordinates": [ [ -66.50214, 18.10604 ], [ -66.50318, 18.10507 ], [ -66.50451, 18.10433 ], [ -66.50511, 18.10379 ], [ -66.50535, 18.10347 ], [ -66.50563, 18.10258 ], [ -66.50498, 18.10128 ], [ -66.50385, 18.10016 ], [ -66.50317, 18.0988 ], [ -66.50306, 18.09823 ] ] } },
{ "type": "Feature", "properties": { "gnis_name": null, "streamorde": 1, "lengthkm": 0.315, "totdasqkm": 0.16680003, "slope": 0.21799999 }, "geometry": { "type": "LineString", "coordinates": [ [ -66.53412, 18.14912 ], [ -66.53376, 18.14862 ], [ -66.53304, 18.14821 ], [ -66.53202, 18.14717 ] ] } },
{ "type": "Feature", "properties": { "gnis_name": null, "streamorde": 1, "lengthkm": 0.609, "totdasqkm": 0.42870008, "slope": 0.11418468 }, "geometry": { "type": "LineString", "coordinates": [ [ -66.8206, 18.18908 ], [ -66.82089, 18.18954 ], [ -66.82111, 18.19027 ], [ -66.82136, 18.19067 ], [ -66.82186, 18.19108 ], [ -66.82272, 18.19132 ], [ -66.82307, 18.19156 ], [ -66.8234, 18.19237 ], [ -66.82387, 18.1932 ] ] } },
{ "type": "Feature", "properties": { "gnis_name": null, "streamorde": 4, "lengthkm": 0.83506386, "totdasqkm": 34.79299981, "slope": 0.0161784 }, "geometry": { "type": "LineString", "coordinates": [ [ -66.50017, 18.12365 ], [ -66.501, 18.1229 ], [ -66.50174, 18.12175 ], [ -66.50221, 18.1202 ], [ -66.50231, 18.11957 ], [ -66.50253, 18.11921 ], [ -66.50251, 18.11875 ], [ -66.50265, 18.11825 ], [ -66.50324, 18.11693 ] ] } },
{ "type": "Feature", "properties": { "gnis_name": null, "streamorde": 2, "lengthkm": 0.419, "totdasqkm": 0.51359996, "slope": 0.12393795 }, "geometry": { "type": "LineString", "coordinates": [ [ -66.53202, 18.14717 ], [ -66.53216, 18.14681 ], [ -66.53241, 18.14654 ], [ -66.53239, 18.14629 ], [ -66.53221, 18.14613 ], [ -66.53182, 18.14605 ], [ -66.53159, 18.1459 ], [ -66.5317, 18.14507 ], [ -66.53167, 18.14465 ], [ -66.53137, 18.14447 ], [ -66.53121, 18.14425 ] ] } },
{ "type": "Feature", "properties": { "gnis_name": null, "streamorde": 1, "lengthkm": 1.58371066, "totdasqkm": 0.74950001, "slope": 0.03465635 }, "geometry": { "type": "LineString", "coordinates": [ [ -66.89866, 18.06152 ], [ -66.89722, 18.05999 ], [ -66.89628, 18.05949 ], [ -66.8961, 18.0592 ], [ -66.89596, 18.05848 ], [ -66.89574, 18.05805 ], [ -66.89532, 18.05758 ], [ -66.89474, 18.05719 ], [ -66.89418, 18.05706 ], [ -66.89319, 18.05712 ], [ -66.89236, 18.05654 ], [ -66.89206, 18.05647 ], [ -66.8913, 18.0568 ], [ -66.89034, 18.05685 ], [ -66.88963, 18.05726 ], [ -66.88921, 18.05734 ], [ -66.88841, 18.05658 ], [ -66.88796, 18.05629 ], [ -66.88697, 18.05594 ] ] } },
{ "type": "Feature", "properties": { "gnis_name": null, "streamorde": 2, "lengthkm": 0.607, "totdasqkm": 1.81650005, "slope": 0.01522241 }, "geometry": { "type": "LineString", "coordinates": [ [ -66.87098, 18.04874 ], [ -66.87098, 18.04843 ], [ -66.8708, 18.0481 ], [ -66.87083, 18.04795 ], [ -66.87116, 18.04757 ], [ -66.87119, 18.04724 ], [ -66.87107, 18.04684 ], [ -66.87114, 18.04636 ], [ -66.87102, 18.04612 ], [ -66.87109, 18.04598 ], [ -66.87161, 18.04573 ], [ -66.87174, 18.04555 ], [ -66.87184, 18.04514 ], [ -66.87228, 18.04471 ], [ -66.87227, 18.04405 ] ] } },
{ "type": "Feature", "properties": { "gnis_name": "Río Matrullas", "streamorde": 2, "lengthkm": 0.10492197, "totdasqkm": 7.60710012, "slope": 0.00371705 }, "geometry": { "type": "LineString", "coordinates": [ [ -66.47965, 18.19636 ], [ -66.47994, 18.19726 ] ] } },
{ "type": "Feature", "properties": { "gnis_name": "Canal Principal De Riego Valle De Lajas", "streamorde": 2, "lengthkm": 0.07221347, "totdasqkm": 7.12740005, "slope": -9998.0 }, "geometry": { "type": "LineString", "coordinates": [ [ -66.89168, 18.0365 ], [ -66.89208, 18.03599 ] ] } },
{ "type": "Feature", "properties": { "gnis_name": null, "streamorde": 1, "lengthkm": 0.8315999, "totdasqkm": 0.45619986, "slope": 0.29118374 }, "geometry": { "type": "LineString", "coordinates": [ [ -66.84773, 18.16115 ], [ -66.84771, 18.16028 ], [ -66.84791, 18.15995 ], [ -66.8479, 18.15976 ], [ -66.84843, 18.15788 ], [ -66.84907, 18.15754 ], [ -66.84973, 18.15681 ], [ -66.84976, 18.1566 ], [ -66.84954, 18.1557 ], [ -66.84969, 18.15513 ], [ -66.85004, 18.15453 ] ] } },
{ "type": "Feature", "properties": { "gnis_name": "Río Loco", "streamorde": 3, "lengthkm": 0.33498509, "totdasqkm": 18.91370008, "slope": 0.00877651 }, "geometry": { "type": "LineString", "coordinates": [ [ -66.8865, 18.05822 ], [ -66.88586, 18.05771 ], [ -66.88577, 18.0575 ], [ -66.88602, 18.05732 ], [ -66.88633, 18.05663 ], [ -66.88697, 18.05594 ] ] } },
{ "type": "Feature", "properties": { "gnis_name": null, "streamorde": 1, "lengthkm": 0.557, "totdasqkm": 0.19379999, "slope": 0.17008753 }, "geometry": { "type": "LineString", "coordinates": [ [ -66.47111, 18.10958 ], [ -66.4716, 18.10913 ], [ -66.47212, 18.10879 ], [ -66.47237, 18.10845 ], [ -66.47259, 18.10792 ], [ -66.47255, 18.10713 ], [ -66.47303, 18.10666 ], [ -66.47341, 18.10674 ], [ -66.4739, 18.10637 ], [ -66.47409, 18.1061 ] ] } },
{ "type": "Feature", "properties": { "gnis_name": "Río Naranjo", "streamorde": 2, "lengthkm": 2.08314985, "totdasqkm": 3.6077002, "slope": 0.12964982 }, "geometry": { "type": "LineString", "coordinates": [ [ -66.86117, 18.12507 ], [ -66.86087, 18.12453 ], [ -66.86013, 18.12377 ], [ -66.86008, 18.12362 ], [ -66.86013, 18.12346 ], [ -66.8605, 18.12302 ], [ -66.86057, 18.12083 ], [ -66.86071, 18.12055 ], [ -66.86109, 18.12023 ], [ -66.8611, 18.12009 ], [ -66.86056, 18.11915 ], [ -66.86096, 18.11772 ], [ -66.86128, 18.1169 ], [ -66.86134, 18.11641 ], [ -66.86145, 18.11488 ], [ -66.86112, 18.11313 ], [ -66.86041, 18.11215 ], [ -66.8601, 18.11123 ], [ -66.85995, 18.11106 ], [ -66.85955, 18.11103 ], [ -66.85792, 18.1104 ], [ -66.85723, 18.11003 ], [ -66.85683, 18.1095 ] ] } },
{ "type": "Feature", "properties": { "gnis_name": null, "streamorde": 4, "lengthkm": 0.461, "totdasqkm": 111.9557002, "slope": -9998.0 }, "geometry": { "type": "LineString", "coordinates": [ [ -66.50175, 18.08587 ], [ -66.50266, 18.08485 ], [ -66.5032, 18.08395 ], [ -66.50431, 18.08252 ] ] } },
{ "type": "Feature", "properties": { "gnis_name": null, "streamorde": 1, "lengthkm": 1.37068584, "totdasqkm": 1.37039987, "slope": 0.17699103 }, "geometry": { "type": "LineString", "coordinates": [ [ -66.92332, 18.12205 ], [ -66.9244, 18.12143 ], [ -66.92633, 18.12072 ], [ -66.92678, 18.12074 ], [ -66.92843, 18.12114 ], [ -66.92918, 18.12118 ], [ -66.92986, 18.12106 ], [ -66.9307, 18.12105 ], [ -66.9323, 18.12141 ], [ -66.93255, 18.1214 ], [ -66.93289, 18.12117 ], [ -66.93389, 18.11936 ], [ -66.93444, 18.11899 ] ] } },
{ "type": "Feature", "properties": { "gnis_name": null, "streamorde": 1, "lengthkm": 0.671, "totdasqkm": 0.4241, "slope": 0.06569177 }, "geometry": { "type": "LineString", "coordinates": [ [ -66.90017, 18.11824 ], [ -66.89966, 18.11857 ], [ -66.89812, 18.11875 ], [ -66.89736, 18.11914 ], [ -66.89624, 18.11941 ], [ -66.89598, 18.11959 ], [ -66.89528, 18.12037 ], [ -66.89456, 18.1205 ] ] } },
{ "type": "Feature", "properties": { "gnis_name": null, "streamorde": 2, "lengthkm": 0.37600576, "totdasqkm": 2.96579994, "slope": 0.00037233 }, "geometry": { "type": "LineString", "coordinates": [ [ -66.83934, 18.1908 ], [ -66.83899, 18.19035 ], [ -66.83883, 18.19025 ], [ -66.83839, 18.19023 ], [ -66.83785, 18.19054 ], [ -66.83749, 18.19093 ], [ -66.83725, 18.19125 ], [ -66.837, 18.19191 ] ] } },
{ "type": "Feature", "properties": { "gnis_name": "Río Toa Vaca", "streamorde": 3, "lengthkm": 0.338, "totdasqkm": 35.9536999, "slope": 0.01198225 }, "geometry": { "type": "LineString", "coordinates": [ [ -66.45325, 18.12614 ], [ -66.4536, 18.12564 ], [ -66.45424, 18.12516 ], [ -66.45457, 18.12506 ], [ -66.45506, 18.12478 ], [ -66.45589, 18.12473 ] ] } },
{ "type": "Feature", "properties": { "gnis_name": "Río Guayo", "streamorde": 2, "lengthkm": 0.60769941, "totdasqkm": 9.35880012, "slope": 0.02084912 }, "geometry": { "type": "LineString", "coordinates": [ [ -66.8248, 18.17375 ], [ -66.82491, 18.17422 ], [ -66.82505, 18.17439 ], [ -66.8253, 18.1745 ], [ -66.8258, 18.1746 ], [ -66.82637, 18.17446 ], [ -66.82744, 18.17455 ], [ -66.82774, 18.1747 ], [ -66.82773, 18.17516 ], [ -66.82749, 18.17587 ], [ -66.82691, 18.17655 ] ] } },
{ "type": "Feature", "properties": { "gnis_name": null, "streamorde": 2, "lengthkm": 2.13322858, "totdasqkm": 2.39810011, "slope": 0.20396782 }, "geometry": { "type": "LineString", "coordinates": [ [ -66.46687, 18.20828 ], [ -66.46649, 18.20798 ], [ -66.46604, 18.20726 ], [ -66.46566, 18.20713 ], [ -66.46516, 18.20731 ], [ -66.46435, 18.20802 ], [ -66.46424, 18.20805 ], [ -66.46368, 18.20793 ], [ -66.4629, 18.20799 ], [ -66.46215, 18.20786 ], [ -66.46154, 18.20813 ], [ -66.4612, 18.20819 ], [ -66.46052, 18.20801 ], [ -66.45986, 18.20757 ], [ -66.459, 18.20753 ], [ -66.45886, 18.20779 ], [ -66.45895, 18.20874 ], [ -66.45855, 18.20893 ], [ -66.45804, 18.209 ], [ -66.45787, 18.20912 ], [ -66.45785, 18.20927 ], [ -66.4579, 18.20964 ], [ -66.45814, 18.21024 ], [ -66.45811, 18.21042 ], [ -66.45826, 18.21063 ], [ -66.45849, 18.21145 ], [ -66.45797, 18.21175 ], [ -66.45776, 18.21207 ], [ -66.45683, 18.21279 ], [ -66.45665, 18.21305 ], [ -66.45632, 18.21395 ], [ -66.45577, 18.21451 ], [ -66.45563, 18.2149 ], [ -66.45536, 18.21509 ], [ -66.45502, 18.21583 ] ] } },
{ "type": "Feature", "properties": { "gnis_name": null, "streamorde": 1, "lengthkm": 0.00562166, "totdasqkm": 0.48399998, "slope": 1.0000000000000001e-05 }, "geometry": { "type": "LineString", "coordinates": [ [ -66.88438, 18.05018 ], [ -66.88436, 18.05013 ] ] } },
{ "type": "Feature", "properties": { "gnis_name": "Río Yauco", "streamorde": 3, "lengthkm": 0.41760204, "totdasqkm": 34.02590026, "slope": 0.00136494 }, "geometry": { "type": "LineString", "coordinates": [ [ -66.86632, 18.09441 ], [ -66.86567, 18.09422 ], [ -66.86483, 18.09414 ], [ -66.86397, 18.09386 ], [ -66.86361, 18.09315 ], [ -66.86376, 18.09251 ] ] } },
{ "type": "Feature", "properties": { "gnis_name": null, "streamorde": 1, "lengthkm": 3.03845398, "totdasqkm": 1.5929998, "slope": 0.13143647 }, "geometry": { "type": "LineString", "coordinates": [ [ -66.85193, 18.12601 ], [ -66.85132, 18.12576 ], [ -66.8508, 18.12535 ], [ -66.8497, 18.12487 ], [ -66.84934, 18.12406 ], [ -66.84884, 18.12374 ], [ -66.84877, 18.1233 ], [ -66.84849, 18.12302 ], [ -66.84846, 18.12279 ], [ -66.84819, 18.1222 ], [ -66.84783, 18.12165 ], [ -66.84786, 18.12126 ], [ -66.84803, 18.12111 ], [ -66.84807, 18.12091 ], [ -66.84798, 18.12013 ], [ -66.84808, 18.11937 ], [ -66.84843, 18.11846 ], [ -66.84846, 18.11811 ], [ -66.8484, 18.11764 ], [ -66.84812, 18.11682 ], [ -66.84838, 18.11571 ], [ -66.84867, 18.11526 ], [ -66.849, 18.11499 ], [ -66.84906, 18.1148 ], [ -66.84843, 18.11317 ], [ -66.84816, 18.11294 ], [ -66.84781, 18.11283 ], [ -66.84771, 18.11261 ], [ -66.84775, 18.11243 ], [ -66.84846, 18.11193 ], [ -66.8492, 18.11175 ], [ -66.8495, 18.1115 ], [ -66.8496, 18.1112 ], [ -66.84972, 18.11022 ], [ -66.84975, 18.10904 ], [ -66.85003, 18.10861 ], [ -66.85003, 18.10845 ], [ -66.84968, 18.10794 ], [ -66.84873, 18.10729 ], [ -66.84815, 18.10674 ], [ -66.84811, 18.10657 ], [ -66.84817, 18.10631 ], [ -66.84853, 18.10565 ], [ -66.84886, 18.10525 ], [ -66.84888, 18.10505 ], [ -66.84854, 18.10481 ], [ -66.84774, 18.10467 ], [ -66.84754, 18.1045 ] ] } },
{ "type": "Feature", "properties": { "gnis_name": null, "streamorde": 1, "lengthkm": 1.723, "totdasqkm": 0.78859996, "slope": 0.09561922 }, "geometry": { "type": "LineString", "coordinates": [ [ -66.8975, 18.14234 ], [ -66.89698, 18.14139 ], [ -66.89634, 18.14051 ], [ -66.89589, 18.14026 ], [ -66.8952, 18.14013 ], [ -66.89459, 18.13929 ], [ -66.89425, 18.13859 ], [ -66.89432, 18.13799 ], [ -66.8941, 18.13787 ], [ -66.89385, 18.13789 ], [ -66.89373, 18.13782 ], [ -66.89348, 18.13749 ], [ -66.89338, 18.13707 ], [ -66.89263, 18.13661 ], [ -66.89254, 18.13613 ], [ -66.89241, 18.13599 ], [ -66.89194, 18.13575 ], [ -66.89173, 18.13542 ], [ -66.89143, 18.13515 ], [ -66.89128, 18.13476 ], [ -66.89138, 18.13427 ], [ -66.89084, 18.13402 ], [ -66.89048, 18.13324 ], [ -66.89016, 18.13312 ], [ -66.8899, 18.13318 ], [ -66.88868, 18.13373 ], [ -66.88821, 18.13379 ], [ -66.88777, 18.13428 ], [ -66.88765, 18.13432 ] ] } },
{ "type": "Feature", "properties": { "gnis_name": null, "streamorde": 1, "lengthkm": 1.924, "totdasqkm": 1.2594, "slope": 0.04441338 }, "geometry": { "type": "LineString", "coordinates": [ [ -66.81117, 18.13168 ], [ -66.81168, 18.13225 ], [ -66.81223, 18.13263 ], [ -66.8124, 18.133 ], [ -66.81243, 18.1336 ], [ -66.81338, 18.13482 ], [ -66.8137, 18.13507 ], [ -66.81407, 18.13562 ], [ -66.81433, 18.13565 ], [ -66.81446, 18.13559 ], [ -66.81448, 18.13497 ], [ -66.81458, 18.13493 ], [ -66.8147, 18.13501 ], [ -66.81504, 18.13582 ], [ -66.81568, 18.13622 ], [ -66.8159, 18.13647 ], [ -66.8161, 18.13654 ], [ -66.8169, 18.13644 ], [ -66.81739, 18.13651 ], [ -66.81753, 18.13686 ], [ -66.81783, 18.13715 ], [ -66.81808, 18.1372 ], [ -66.81853, 18.13714 ], [ -66.81917, 18.13777 ], [ -66.81961, 18.13798 ], [ -66.81967, 18.13824 ], [ -66.81933, 18.13881 ], [ -66.8188, 18.139 ], [ -66.81802, 18.1391 ], [ -66.81782, 18.13931 ], [ -66.81863, 18.14032 ], [ -66.81863, 18.14134 ] ] } },
{ "type": "Feature", "properties": { "gnis_name": null, "streamorde": 1, "lengthkm": 1.321, "totdasqkm": 0.74190004, "slope": 0.06231777 }, "geometry": { "type": "LineString", "coordinates": [ [ -66.91552, 18.05227 ], [ -66.91502, 18.05236 ], [ -66.91441, 18.05211 ], [ -66.91366, 18.05233 ], [ -66.91281, 18.05241 ], [ -66.91249, 18.05259 ], [ -66.91206, 18.05304 ], [ -66.91176, 18.05397 ], [ -66.9114, 18.05427 ], [ -66.91052, 18.05467 ], [ -66.90938, 18.05483 ], [ -66.90911, 18.05481 ], [ -66.90886, 18.05468 ], [ -66.90869, 18.05471 ], [ -66.90841, 18.05496 ], [ -66.90822, 18.05532 ], [ -66.90782, 18.05552 ], [ -66.90764, 18.0558 ], [ -66.90736, 18.05603 ], [ -66.90732, 18.05621 ], [ -66.90738, 18.05636 ], [ -66.9071, 18.05675 ], [ -66.90725, 18.05753 ], [ -66.90701, 18.05801 ] ] } },
{ "type": "Feature", "properties": { "gnis_name": null, "streamorde": 1, "lengthkm": 1.285, "totdasqkm": 0.72519995, "slope": 0.18990718 }, "geometry": { "type": "LineString", "coordinates": [ [ -66.85243, 18.13575 ], [ -66.85213, 18.13465 ], [ -66.85165, 18.13406 ], [ -66.85113, 18.13359 ], [ -66.8509, 18.13348 ], [ -66.84872, 18.13029 ], [ -66.84846, 18.12979 ], [ -66.84801, 18.12924 ], [ -66.84723, 18.12785 ], [ -66.84691, 18.1276 ], [ -66.84662, 18.12753 ], [ -66.84543, 18.12775 ], [ -66.84514, 18.12773 ] ] } },
{ "type": "Feature", "properties": { "gnis_name": null, "streamorde": 2, "lengthkm": 0.01078326, "totdasqkm": 11.53109998, "slope": 1.0000000000000001e-05 }, "geometry": { "type": "LineString", "coordinates": [ [ -66.47885, 18.21054 ], [ -66.47882, 18.21063 ] ] } },
{ "type": "Feature", "properties": { "gnis_name": null, "streamorde": 1, "lengthkm": 0.134, "totdasqkm": 0.33889997, "slope": 0.06768657 }, "geometry": { "type": "LineString", "coordinates": [ [ -66.88159, 18.09585 ], [ -66.88138, 18.09467 ] ] } },
{ "type": "Feature", "properties": { "gnis_name": null, "streamorde": 1, "lengthkm": 0.62558738, "totdasqkm": 1.26540003, "slope": 0.14140311 }, "geometry": { "type": "LineString", "coordinates": [ [ -66.9299, 18.10644 ], [ -66.9307, 18.1062 ], [ -66.93091, 18.10602 ], [ -66.93136, 18.10586 ], [ -66.93354, 18.10555 ], [ -66.934, 18.10556 ], [ -66.93519, 18.10596 ], [ -66.93554, 18.10586 ] ] } },
{ "type": "Feature", "properties": { "gnis_name": null, "streamorde": 4, "lengthkm": 2.64870561, "totdasqkm": 120.94720009, "slope": 0.00610864 }, "geometry": { "type": "LineString", "coordinates": [ [ -66.50304, 18.07603 ], [ -66.50294, 18.07556 ], [ -66.50274, 18.07542 ], [ -66.50183, 18.07555 ], [ -66.50151, 18.07572 ], [ -66.50056, 18.07593 ], [ -66.50042, 18.07588 ], [ -66.50049, 18.0756 ], [ -66.50042, 18.07549 ], [ -66.49979, 18.0758 ], [ -66.49957, 18.07575 ], [ -66.49946, 18.07562 ], [ -66.49949, 18.0751 ], [ -66.49941, 18.07442 ], [ -66.49955, 18.07411 ], [ -66.49976, 18.07406 ], [ -66.50042, 18.0736 ], [ -66.50047, 18.07344 ], [ -66.5004, 18.0726 ], [ -66.50046, 18.07236 ], [ -66.50154, 18.07138 ], [ -66.5015, 18.07131 ], [ -66.50122, 18.07135 ], [ -66.50112, 18.07127 ], [ -66.5013, 18.07115 ], [ -66.5015, 18.07084 ], [ -66.50157, 18.06985 ], [ -66.50181, 18.06967 ], [ -66.50258, 18.06936 ], [ -66.50283, 18.06911 ], [ -66.50306, 18.06864 ], [ -66.50322, 18.06853 ], [ -66.50437, 18.06861 ], [ -66.50527, 18.06894 ], [ -66.50538, 18.06891 ], [ -66.50523, 18.06836 ], [ -66.50484, 18.06795 ], [ -66.50454, 18.06713 ], [ -66.50407, 18.06685 ], [ -66.50393, 18.0666 ], [ -66.50394, 18.06645 ], [ -66.50408, 18.0663 ], [ -66.50495, 18.06633 ], [ -66.50546, 18.06661 ], [ -66.50565, 18.06701 ], [ -66.50584, 18.06705 ], [ -66.50592, 18.06689 ], [ -66.50587, 18.06657 ], [ -66.50602, 18.06601 ], [ -66.50582, 18.06466 ] ] } },
{ "type": "Feature", "properties": { "gnis_name": null, "streamorde": 2, "lengthkm": 0.07761465, "totdasqkm": 7.62149997, "slope": 1.0000000000000001e-05 }, "geometry": { "type": "LineString", "coordinates": [ [ -66.88607, 18.05878 ], [ -66.8865, 18.05822 ] ] } },
{ "type": "Feature", "properties": { "gnis_name": null, "streamorde": 2, "lengthkm": 0.385, "totdasqkm": 5.75820005, "slope": 0.03145454 }, "geometry": { "type": "LineString", "coordinates": [ [ -66.48163, 18.1319 ], [ -66.48184, 18.13147 ], [ -66.48259, 18.13065 ], [ -66.48358, 18.13032 ], [ -66.48429, 18.12973 ] ] } },
{ "type": "Feature", "properties": { "gnis_name": "Río Toa Vaca", "streamorde": 3, "lengthkm": 0.06593424, "totdasqkm": 57.44690016, "slope": 0.42421055 }, "geometry": { "type": "LineString", "coordinates": [ [ -66.48884, 18.09951 ], [ -66.48931, 18.09912 ] ] } },
{ "type": "Feature", "properties": { "gnis_name": "Río Cidra", "streamorde": 2, "lengthkm": 0.23464678, "totdasqkm": 3.05260014, "slope": 1.0000000000000001e-05 }, "geometry": { "type": "LineString", "coordinates": [ [ -66.82679, 18.19541 ], [ -66.82657, 18.19568 ], [ -66.82657, 18.19609 ], [ -66.82665, 18.19641 ], [ -66.82695, 18.19693 ], [ -66.82687, 18.19736 ] ] } },
{ "type": "Feature", "properties": { "gnis_name": null, "streamorde": 1, "lengthkm": 0.708, "totdasqkm": 1.00980001, "slope": 0.15565789 }, "geometry": { "type": "LineString", "coordinates": [ [ -66.9235, 18.10519 ], [ -66.92423, 18.10555 ], [ -66.92593, 18.10599 ], [ -66.92638, 18.10626 ], [ -66.92705, 18.10644 ], [ -66.92744, 18.10647 ], [ -66.92876, 18.10636 ], [ -66.92952, 18.10647 ], [ -66.9299, 18.10644 ] ] } },
{ "type": "Feature", "properties": { "gnis_name": null, "streamorde": 1, "lengthkm": 1.27, "totdasqkm": 1.06990003, "slope": 0.09580342 }, "geometry": { "type": "LineString", "coordinates": [ [ -66.48617, 18.17617 ], [ -66.48622, 18.17681 ], [ -66.48603, 18.17717 ], [ -66.486, 18.17771 ], [ -66.4855, 18.17821 ], [ -66.48513, 18.17884 ], [ -66.48446, 18.17894 ], [ -66.48426, 18.17913 ], [ -66.48393, 18.17986 ], [ -66.48387, 18.18032 ], [ -66.48352, 18.18093 ], [ -66.48244, 18.18164 ], [ -66.48198, 18.18214 ], [ -66.48117, 18.18239 ], [ -66.48036, 18.18242 ], [ -66.48002, 18.18252 ], [ -66.47968, 18.18287 ], [ -66.47932, 18.18364 ], [ -66.47896, 18.18375 ] ] } },
{ "type": "Feature", "properties": { "gnis_name": null, "streamorde": 1, "lengthkm": 1.67819735, "totdasqkm": 1.28280004, "slope": 0.06284385 }, "geometry": { "type": "LineString", "coordinates": [ [ -66.81667, 18.18467 ], [ -66.8167, 18.18435 ], [ -66.81737, 18.1836 ], [ -66.81767, 18.18281 ], [ -66.81836, 18.1817 ], [ -66.8187, 18.18135 ], [ -66.81917, 18.18014 ], [ -66.81995, 18.17922 ], [ -66.82033, 18.17893 ], [ -66.82026, 18.17823 ], [ -66.82035, 18.178 ], [ -66.82055, 18.1778 ], [ -66.82083, 18.17773 ], [ -66.82144, 18.17778 ], [ -66.82249, 18.17803 ], [ -66.82308, 18.1778 ], [ -66.82377, 18.17767 ], [ -66.82396, 18.17753 ], [ -66.82419, 18.17719 ], [ -66.82465, 18.17691 ], [ -66.82536, 18.17617 ], [ -66.82561, 18.17604 ], [ -66.82607, 18.17608 ], [ -66.82644, 18.17639 ], [ -66.82691, 18.17655 ] ] } },
{ "type": "Feature", "properties": { "gnis_name": null, "streamorde": 2, "lengthkm": 3.495, "totdasqkm": 10.06240004, "slope": 0.04873534 }, "geometry": { "type": "LineString", "coordinates": [ [ -66.46128, 18.16275 ], [ -66.46094, 18.16239 ], [ -66.46069, 18.16192 ], [ -66.46102, 18.16124 ], [ -66.46118, 18.16113 ], [ -66.46169, 18.16105 ], [ -66.46191, 18.16087 ], [ -66.46202, 18.16064 ], [ -66.462, 18.15977 ], [ -66.46176, 18.15838 ], [ -66.4618, 18.15784 ], [ -66.4617, 18.15766 ], [ -66.46134, 18.1575 ], [ -66.46047, 18.15747 ], [ -66.46014, 18.15728 ], [ -66.45989, 18.15703 ], [ -66.45968, 18.15659 ], [ -66.45935, 18.15625 ], [ -66.45932, 18.15601 ], [ -66.45944, 18.15528 ], [ -66.45984, 18.15486 ], [ -66.45992, 18.15438 ], [ -66.45991, 18.1542 ], [ -66.45959, 18.15346 ], [ -66.45935, 18.1531 ], [ -66.45935, 18.15259 ], [ -66.45963, 18.15187 ], [ -66.45975, 18.15089 ], [ -66.45934, 18.14974 ], [ -66.45907, 18.14925 ], [ -66.4592, 18.14864 ], [ -66.45909, 18.14784 ], [ -66.45923, 18.14651 ], [ -66.45978, 18.1456 ], [ -66.45984, 18.14488 ], [ -66.45977, 18.14436 ], [ -66.46009, 18.14402 ], [ -66.46131, 18.14359 ], [ -66.46202, 18.14344 ], [ -66.46254, 18.14319 ], [ -66.46338, 18.14139 ], [ -66.46368, 18.14106 ], [ -66.46418, 18.14084 ], [ -66.46463, 18.14088 ], [ -66.46557, 18.14043 ], [ -66.46619, 18.14051 ], [ -66.467, 18.14035 ], [ -66.46803, 18.13946 ] ] } },
{ "type": "Feature", "properties": { "gnis_name": "Río Limaní", "streamorde": 3, "lengthkm": 0.91612564, "totdasqkm": 17.01119999, "slope": 0.01460498 }, "geometry": { "type": "LineString", "coordinates": [ [ -66.8, 18.1839 ], [ -66.79996, 18.18439 ], [ -66.80003, 18.18458 ], [ -66.80107, 18.18553 ], [ -66.80128, 18.18604 ], [ -66.80108, 18.18714 ], [ -66.8008, 18.18807 ], [ -66.80108, 18.18984 ], [ -66.80047, 18.19078 ], [ -66.80031, 18.19141 ] ] } },
{ "type": "Feature", "properties": { "gnis_name": "Río Yauco", "streamorde": 3, "lengthkm": 0.13726514, "totdasqkm": 45.05590027, "slope": 0.01799437 }, "geometry": { "type": "LineString", "coordinates": [ [ -66.86376, 18.09251 ], [ -66.86387, 18.0923 ], [ -66.86456, 18.09193 ], [ -66.86458, 18.09168 ] ] } },
{ "type": "Feature", "properties": { "gnis_name": null, "streamorde": 2, "lengthkm": 3.93286613, "totdasqkm": 14.69190012, "slope": 0.02580561 }, "geometry": { "type": "LineString", "coordinates": [ [ -66.48032, 18.21167 ], [ -66.48121, 18.21233 ], [ -66.48116, 18.2125 ], [ -66.48092, 18.2127 ], [ -66.48082, 18.213 ], [ -66.48061, 18.21434 ], [ -66.48063, 18.21456 ], [ -66.48088, 18.21491 ], [ -66.48168, 18.21533 ], [ -66.48168, 18.21564 ], [ -66.48199, 18.21652 ], [ -66.48207, 18.217 ], [ -66.48221, 18.2174 ], [ -66.48246, 18.21758 ], [ -66.48247, 18.2178 ], [ -66.4832, 18.21831 ], [ -66.48339, 18.21865 ], [ -66.48421, 18.21925 ], [ -66.48424, 18.21964 ], [ -66.48393, 18.21998 ], [ -66.48385, 18.22128 ], [ -66.48393, 18.22177 ], [ -66.48438, 18.2222 ], [ -66.48492, 18.22232 ], [ -66.48558, 18.22231 ], [ -66.48606, 18.22245 ], [ -66.48634, 18.22263 ], [ -66.48649, 18.22287 ], [ -66.48662, 18.2237 ], [ -66.48668, 18.22384 ], [ -66.48705, 18.22412 ], [ -66.48735, 18.22474 ], [ -66.48751, 18.22543 ], [ -66.48777, 18.22591 ], [ -66.48834, 18.22631 ], [ -66.48873, 18.2264 ], [ -66.48914, 18.22664 ], [ -66.48943, 18.22716 ], [ -66.48943, 18.22733 ], [ -66.48902, 18.22757 ], [ -66.48835, 18.22836 ], [ -66.48803, 18.22819 ], [ -66.48763, 18.22828 ], [ -66.48769, 18.22857 ], [ -66.48802, 18.22882 ], [ -66.48832, 18.22879 ], [ -66.48915, 18.22899 ], [ -66.489, 18.22939 ], [ -66.48843, 18.22943 ], [ -66.48821, 18.22977 ], [ -66.48813, 18.23008 ], [ -66.48818, 18.23128 ], [ -66.48796, 18.23185 ], [ -66.48776, 18.23187 ], [ -66.48746, 18.2315 ], [ -66.48715, 18.23134 ], [ -66.48686, 18.23093 ], [ -66.48665, 18.23076 ], [ -66.48628, 18.23064 ], [ -66.48589, 18.23025 ], [ -66.48502, 18.23006 ], [ -66.48473, 18.23026 ], [ -66.48474, 18.23073 ], [ -66.48508, 18.23124 ], [ -66.48526, 18.23141 ], [ -66.48586, 18.23154 ], [ -66.48624, 18.23176 ], [ -66.48621, 18.23223 ], [ -66.48636, 18.23248 ] ] } },
{ "type": "Feature", "properties": { "gnis_name": "Río Yauco", "streamorde": 3, "lengthkm": 0.072, "totdasqkm": 12.16340002, "slope": 0.02041667 }, "geometry": { "type": "LineString", "coordinates": [ [ -66.8773, 18.1178 ], [ -66.87714, 18.11733 ], [ -66.87702, 18.11723 ] ] } },
{ "type": "Feature", "properties": { "gnis_name": "Río Limaní", "streamorde": 3, "lengthkm": 0.17953588, "totdasqkm": 13.65380012, "slope": 0.01576287 }, "geometry": { "type": "LineString", "coordinates": [ [ -66.80149, 18.17489 ], [ -66.80308, 18.17544 ] ] } },
{ "type": "Feature", "properties": { "gnis_name": null, "streamorde": 1, "lengthkm": 0.00815319, "totdasqkm": 0.34309993, "slope": 1.0977298 }, "geometry": { "type": "LineString", "coordinates": [ [ -66.86425, 18.18262 ], [ -66.86421, 18.18255 ] ] } },
{ "type": "Feature", "properties": { "gnis_name": "Río Naranjo", "streamorde": 1, "lengthkm": 1.296, "totdasqkm": 1.48630015, "slope": 0.16912207 }, "geometry": { "type": "LineString", "coordinates": [ [ -66.86752, 18.13411 ], [ -66.86656, 18.13354 ], [ -66.86639, 18.13333 ], [ -66.86568, 18.13106 ], [ -66.86524, 18.1305 ], [ -66.86467, 18.13021 ], [ -66.8641, 18.12978 ], [ -66.86404, 18.12963 ], [ -66.86402, 18.12876 ], [ -66.86389, 18.12844 ], [ -66.86374, 18.1283 ], [ -66.86288, 18.12804 ], [ -66.86226, 18.12704 ], [ -66.86214, 18.1261 ], [ -66.8618, 18.12561 ], [ -66.86117, 18.12507 ] ] } },
{ "type": "Feature", "properties": { "gnis_name": null, "streamorde": 2, "lengthkm": 0.02, "totdasqkm": 1.1073, "slope": 0.13699999 }, "geometry": { "type": "LineString", "coordinates": [ [ -66.45684, 18.16609 ], [ -66.45689, 18.16591 ] ] } },
{ "type": "Feature", "properties": { "gnis_name": null, "streamorde": 1, "lengthkm": 1.748, "totdasqkm": 0.95910009, "slope": 0.25919297 }, "geometry": { "type": "LineString", "coordinates": [ [ -66.55324, 18.15046 ], [ -66.55329, 18.15014 ], [ -66.55344, 18.14985 ], [ -66.55403, 18.14926 ], [ -66.55449, 18.14864 ], [ -66.55587, 18.14786 ], [ -66.55622, 18.14745 ], [ -66.55654, 18.14737 ], [ -66.55696, 18.14749 ], [ -66.55712, 18.14744 ], [ -66.5573, 18.14711 ], [ -66.55754, 18.14693 ], [ -66.55928, 18.14704 ], [ -66.55966, 18.14713 ], [ -66.56029, 18.14769 ], [ -66.5607, 18.14771 ], [ -66.56113, 18.14786 ], [ -66.56163, 18.14834 ], [ -66.56198, 18.14845 ], [ -66.56242, 18.14844 ], [ -66.56278, 18.14762 ], [ -66.5629, 18.14747 ], [ -66.56352, 18.14729 ], [ -66.56367, 18.14682 ], [ -66.56399, 18.14636 ], [ -66.56499, 18.14581 ], [ -66.56589, 18.14568 ] ] } },
{ "type": "Feature", "properties": { "gnis_name": null, "streamorde": 1, "lengthkm": 2.14227573, "totdasqkm": 1.29700008, "slope": 0.16816534 }, "geometry": { "type": "LineString", "coordinates": [ [ -66.53402, 18.17345 ], [ -66.53327, 18.17295 ], [ -66.53251, 18.17264 ], [ -66.53146, 18.17282 ], [ -66.53116, 18.17276 ], [ -66.53033, 18.17232 ], [ -66.5298, 18.1724 ], [ -66.52918, 18.17225 ], [ -66.52836, 18.17186 ], [ -66.52775, 18.17123 ], [ -66.52746, 18.17103 ], [ -66.52561, 18.17084 ], [ -66.52451, 18.17092 ], [ -66.52375, 18.17066 ], [ -66.5232, 18.17059 ], [ -66.52284, 18.17063 ], [ -66.52202, 18.17091 ], [ -66.52117, 18.17109 ], [ -66.52063, 18.17108 ], [ -66.52042, 18.171 ], [ -66.52008, 18.17069 ], [ -66.51988, 18.16986 ], [ -66.51962, 18.16934 ], [ -66.51945, 18.16918 ], [ -66.51895, 18.16896 ], [ -66.51818, 18.16879 ], [ -66.51786, 18.16851 ], [ -66.51764, 18.16701 ] ] } },
{ "type": "Feature", "properties": { "gnis_name": null, "streamorde": 1, "lengthkm": 0.79, "totdasqkm": 0.5164, "slope": 0.0424058 }, "geometry": { "type": "LineString", "coordinates": [ [ -66.88159, 18.06411 ], [ -66.88201, 18.06402 ], [ -66.88242, 18.06369 ], [ -66.88266, 18.06338 ], [ -66.88357, 18.06167 ], [ -66.88412, 18.06104 ], [ -66.88461, 18.06005 ], [ -66.88494, 18.0596 ], [ -66.88547, 18.059 ], [ -66.88607, 18.05878 ] ] } },
{ "type": "Feature", "properties": { "gnis_name": null, "streamorde": 4, "lengthkm": 0.811, "totdasqkm": 35.64769978, "slope": 0.01595561 }, "geometry": { "type": "LineString", "coordinates": [ [ -66.50324, 18.11693 ], [ -66.50334, 18.11658 ], [ -66.50365, 18.11604 ], [ -66.50519, 18.11393 ], [ -66.50541, 18.11348 ], [ -66.50552, 18.11274 ], [ -66.50538, 18.11225 ], [ -66.50532, 18.11109 ], [ -66.50514, 18.11026 ] ] } },
{ "type": "Feature", "properties": { "gnis_name": "Río Limaní", "streamorde": 1, "lengthkm": 1.631, "totdasqkm": 1.26560008, "slope": 0.13597649 }, "geometry": { "type": "LineString", "coordinates": [ [ -66.79794, 18.14919 ], [ -66.79759, 18.14958 ], [ -66.79672, 18.15027 ], [ -66.79632, 18.1513 ], [ -66.79599, 18.1518 ], [ -66.7956, 18.15208 ], [ -66.79549, 18.1524 ], [ -66.79572, 18.15428 ], [ -66.7967, 18.15507 ], [ -66.79684, 18.15544 ], [ -66.79688, 18.15602 ], [ -66.79704, 18.15652 ], [ -66.79687, 18.15711 ], [ -66.79695, 18.15775 ], [ -66.7969, 18.15796 ], [ -66.79662, 18.15808 ], [ -66.79567, 18.15799 ], [ -66.79551, 18.15808 ], [ -66.79553, 18.15843 ], [ -66.79578, 18.15887 ], [ -66.79648, 18.15918 ], [ -66.79722, 18.1605 ] ] } },
{ "type": "Feature", "properties": { "gnis_name": "Río Matrullas", "streamorde": 2, "lengthkm": 0.08907917, "totdasqkm": 11.33429999, "slope": 0.00213293 }, "geometry": { "type": "LineString", "coordinates": [ [ -66.47985, 18.20966 ], [ -66.48018, 18.21039 ] ] } },
{ "type": "Feature", "properties": { "gnis_name": null, "streamorde": 1, "lengthkm": 1.14596062, "totdasqkm": 1.21259999, "slope": 0.09892341 }, "geometry": { "type": "LineString", "coordinates": [ [ -66.51878, 18.07844 ], [ -66.51868, 18.07826 ], [ -66.51837, 18.07801 ], [ -66.51793, 18.07783 ], [ -66.51749, 18.07781 ], [ -66.51676, 18.0779 ], [ -66.51592, 18.07815 ], [ -66.51502, 18.07796 ], [ -66.51425, 18.07798 ], [ -66.51154, 18.07852 ], [ -66.5101, 18.07905 ], [ -66.50941, 18.07907 ], [ -66.50855, 18.07873 ] ] } },
{ "type": "Feature", "properties": { "gnis_name": null, "streamorde": 1, "lengthkm": 2.43305391, "totdasqkm": 2.11990013, "slope": 0.04910302 }, "geometry": { "type": "LineString", "coordinates": [ [ -66.45893, 18.18717 ], [ -66.45912, 18.18747 ], [ -66.46012, 18.18795 ], [ -66.46057, 18.18796 ], [ -66.46115, 18.18777 ], [ -66.46169, 18.18785 ], [ -66.4622, 18.18823 ], [ -66.46299, 18.1885 ], [ -66.46362, 18.18887 ], [ -66.46456, 18.1891 ], [ -66.46476, 18.18939 ], [ -66.46495, 18.18951 ], [ -66.46555, 18.18961 ], [ -66.46609, 18.18998 ], [ -66.46742, 18.18995 ], [ -66.46761, 18.18983 ], [ -66.46786, 18.18982 ], [ -66.46826, 18.19035 ], [ -66.46843, 18.19028 ], [ -66.4687, 18.18976 ], [ -66.46897, 18.18975 ], [ -66.46911, 18.18985 ], [ -66.46919, 18.19034 ], [ -66.46958, 18.19049 ], [ -66.47005, 18.19095 ], [ -66.47066, 18.19106 ], [ -66.47115, 18.19135 ], [ -66.47157, 18.19144 ], [ -66.47164, 18.19166 ], [ -66.47174, 18.19172 ], [ -66.47245, 18.19183 ], [ -66.47296, 18.19205 ], [ -66.47409, 18.19291 ], [ -66.47467, 18.19292 ], [ -66.47491, 18.19271 ], [ -66.47558, 18.19246 ], [ -66.47588, 18.19201 ], [ -66.47614, 18.19191 ], [ -66.47639, 18.19199 ], [ -66.47633, 18.19238 ], [ -66.47639, 18.19245 ], [ -66.47772, 18.19253 ] ] } },
{ "type": "Feature", "properties": { "gnis_name": "Río Guayo", "streamorde": 3, "lengthkm": 0.02717774, "totdasqkm": 25.01410019, "slope": 0.04672942 }, "geometry": { "type": "LineString", "coordinates": [ [ -66.83489, 18.21054 ], [ -66.83477, 18.21076 ] ] } },
{ "type": "Feature", "properties": { "gnis_name": null, "streamorde": 2, "lengthkm": 0.05011654, "totdasqkm": 11.54909997, "slope": 1.0000000000000001e-05 }, "geometry": { "type": "LineString", "coordinates": [ [ -66.4789, 18.21069 ], [ -66.47929, 18.21096 ] ] } },
{ "type": "Feature", "properties": { "gnis_name": null, "streamorde": 1, "lengthkm": 1.93997718, "totdasqkm": 2.00810001, "slope": 0.02555185 }, "geometry": { "type": "LineString", "coordinates": [ [ -66.87958, 18.0779 ], [ -66.87904, 18.0775 ], [ -66.87935, 18.077 ], [ -66.8793, 18.07673 ], [ -66.87909, 18.07655 ], [ -66.87925, 18.07624 ], [ -66.87917, 18.07588 ], [ -66.87935, 18.07563 ], [ -66.87936, 18.07506 ], [ -66.87948, 18.07453 ], [ -66.87932, 18.07421 ], [ -66.87921, 18.07415 ], [ -66.87891, 18.07426 ], [ -66.87872, 18.07396 ], [ -66.87851, 18.07389 ], [ -66.87834, 18.07392 ], [ -66.87811, 18.07414 ], [ -66.87797, 18.07412 ], [ -66.8777, 18.07389 ], [ -66.87745, 18.07348 ], [ -66.87697, 18.07382 ], [ -66.87671, 18.07382 ], [ -66.87594, 18.07342 ], [ -66.87522, 18.07324 ], [ -66.87473, 18.07293 ], [ -66.87462, 18.07276 ], [ -66.8744, 18.07279 ], [ -66.87434, 18.07332 ], [ -66.87374, 18.07354 ], [ -66.87352, 18.07399 ], [ -66.87337, 18.07409 ], [ -66.87264, 18.07443 ], [ -66.87214, 18.0745 ], [ -66.87187, 18.07434 ], [ -66.87171, 18.07433 ], [ -66.87161, 18.07442 ], [ -66.87154, 18.07496 ], [ -66.87169, 18.07544 ], [ -66.8716, 18.07559 ], [ -66.87133, 18.0757 ], [ -66.87079, 18.0769 ], [ -66.87028, 18.07717 ], [ -66.87002, 18.07716 ] ] } },
{ "type": "Feature", "properties": { "gnis_name": null, "streamorde": 1, "lengthkm": 0.31474289, "totdasqkm": 1.13490007, "slope": 1.0000000000000001e-05 }, "geometry": { "type": "LineString", "coordinates": [ [ -66.53408, 18.15454 ], [ -66.53368, 18.15461 ], [ -66.53338, 18.15505 ], [ -66.5328, 18.15542 ], [ -66.53188, 18.15564 ], [ -66.53152, 18.15558 ] ] } },
{ "type": "Feature", "properties": { "gnis_name": "Río Cañas", "streamorde": 2, "lengthkm": 0.042, "totdasqkm": 2.47759997, "slope": 1.0000000000000001e-05 }, "geometry": { "type": "LineString", "coordinates": [ [ -66.90712, 18.05837 ], [ -66.90701, 18.05801 ] ] } },
{ "type": "Feature", "properties": { "gnis_name": null, "streamorde": 2, "lengthkm": 1.56730027, "totdasqkm": 2.40339996, "slope": 0.1390544 }, "geometry": { "type": "LineString", "coordinates": [ [ -66.49318, 18.20763 ], [ -66.49321, 18.20824 ], [ -66.4933, 18.20843 ], [ -66.49395, 18.20885 ], [ -66.49412, 18.20916 ], [ -66.49417, 18.20945 ], [ -66.49412, 18.21001 ], [ -66.49445, 18.21017 ], [ -66.49466, 18.21067 ], [ -66.4948, 18.21081 ], [ -66.49561, 18.2112 ], [ -66.49607, 18.21133 ], [ -66.49627, 18.21202 ], [ -66.49655, 18.21244 ], [ -66.49667, 18.21283 ], [ -66.49665, 18.21396 ], [ -66.49648, 18.21453 ], [ -66.49625, 18.21496 ], [ -66.49626, 18.21558 ], [ -66.4964, 18.21606 ], [ -66.49676, 18.21677 ], [ -66.49672, 18.21762 ], [ -66.49697, 18.21838 ], [ -66.49679, 18.21929 ], [ -66.49713, 18.21975 ] ] } },
{ "type": "Feature", "properties": { "gnis_name": null, "streamorde": 1, "lengthkm": 0.335, "totdasqkm": 0.06480002, "slope": 0.27868086 }, "geometry": { "type": "LineString", "coordinates": [ [ -66.90282, 18.1455 ], [ -66.90247, 18.14466 ], [ -66.90185, 18.14388 ], [ -66.90183, 18.14311 ], [ -66.90174, 18.14277 ] ] } },
{ "type": "Feature", "properties": { "gnis_name": null, "streamorde": 1, "lengthkm": 1.0857409, "totdasqkm": 0.80679995, "slope": 0.08373397 }, "geometry": { "type": "LineString", "coordinates": [ [ -66.80779, 18.20013 ], [ -66.80822, 18.20159 ], [ -66.80824, 18.2022 ], [ -66.80811, 18.20283 ], [ -66.80835, 18.20404 ], [ -66.8083, 18.20432 ], [ -66.80801, 18.20474 ], [ -66.80821, 18.20545 ], [ -66.80787, 18.206 ], [ -66.80784, 18.20618 ], [ -66.80787, 18.20632 ], [ -66.80827, 18.2067 ], [ -66.80829, 18.20716 ], [ -66.80816, 18.20738 ], [ -66.80767, 18.20756 ], [ -66.80706, 18.20793 ], [ -66.80692, 18.20822 ], [ -66.80689, 18.20873 ] ] } },
{ "type": "Feature", "properties": { "gnis_name": "Río Chiquito", "streamorde": 2, "lengthkm": 0.422, "totdasqkm": 2.75939988, "slope": 0.04992891 }, "geometry": { "type": "LineString", "coordinates": [ [ -66.88778, 18.13748 ], [ -66.88745, 18.13666 ], [ -66.88734, 18.1365 ], [ -66.88692, 18.13621 ], [ -66.88686, 18.13595 ], [ -66.88685, 18.13542 ], [ -66.88694, 18.13509 ], [ -66.88753, 18.13473 ], [ -66.88765, 18.13432 ] ] } },
{ "type": "Feature", "properties": { "gnis_name": "Río Yauco", "streamorde": 3, "lengthkm": 0.741, "totdasqkm": 19.85499987, "slope": 0.06002699 }, "geometry": { "type": "LineString", "coordinates": [ [ -66.87702, 18.11723 ], [ -66.87655, 18.11646 ], [ -66.87655, 18.11585 ], [ -66.87622, 18.1154 ], [ -66.87612, 18.11509 ], [ -66.87622, 18.11454 ], [ -66.87674, 18.11371 ], [ -66.87734, 18.11158 ], [ -66.87736, 18.11103 ] ] } },
{ "type": "Feature", "properties": { "gnis_name": null, "streamorde": 1, "lengthkm": 2.539, "totdasqkm": 0.90429995, "slope": 0.19446905 }, "geometry": { "type": "LineString", "coordinates": [ [ -66.4917, 18.15066 ], [ -66.4907, 18.14998 ], [ -66.49061, 18.14884 ], [ -66.49034, 18.14835 ], [ -66.49004, 18.14713 ], [ -66.48911, 18.14614 ], [ -66.48882, 18.14564 ], [ -66.48899, 18.14486 ], [ -66.48886, 18.14456 ], [ -66.48854, 18.14429 ], [ -66.48829, 18.14367 ], [ -66.48831, 18.1435 ], [ -66.48883, 18.14293 ], [ -66.48892, 18.14268 ], [ -66.48891, 18.1425 ], [ -66.48771, 18.14191 ], [ -66.48738, 18.14141 ], [ -66.48706, 18.14114 ], [ -66.48615, 18.14083 ], [ -66.48595, 18.14061 ], [ -66.48622, 18.13984 ], [ -66.48613, 18.13917 ], [ -66.48627, 18.1387 ], [ -66.48643, 18.13722 ], [ -66.48653, 18.13694 ], [ -66.48688, 18.13654 ], [ -66.4867, 18.13593 ], [ -66.48667, 18.13538 ], [ -66.4865, 18.13488 ], [ -66.48711, 18.13367 ], [ -66.48673, 18.13331 ], [ -66.4867, 18.13297 ], [ -66.4869, 18.13248 ], [ -66.48726, 18.13201 ], [ -66.48732, 18.13159 ] ] } },
{ "type": "Feature", "properties": { "gnis_name": "Río Yauco", "streamorde": 3, "lengthkm": 0.258, "totdasqkm": 20.83449995, "slope": 1.0000000000000001e-05 }, "geometry": { "type": "LineString", "coordinates": [ [ -66.87736, 18.11103 ], [ -66.87731, 18.11 ], [ -66.87686, 18.10935 ], [ -66.8765, 18.10897 ] ] } },
{ "type": "Feature", "properties": { "gnis_name": null, "streamorde": 1, "lengthkm": 0.047, "totdasqkm": 0.0131, "slope": 0.0093617 }, "geometry": { "type": "LineString", "coordinates": [ [ -66.49201, 18.09904 ], [ -66.49213, 18.09865 ] ] } },
{ "type": "Feature", "properties": { "gnis_name": null, "streamorde": 1, "lengthkm": 1.709, "totdasqkm": 1.6912999, "slope": 0.08036669 }, "geometry": { "type": "LineString", "coordinates": [ [ -66.87233, 18.14641 ], [ -66.8717, 18.14636 ], [ -66.87082, 18.14593 ], [ -66.87007, 18.14589 ], [ -66.86944, 18.14565 ], [ -66.86902, 18.1457 ], [ -66.86876, 18.14564 ], [ -66.86783, 18.14508 ], [ -66.86745, 18.14468 ], [ -66.86641, 18.144 ], [ -66.86604, 18.14399 ], [ -66.86587, 18.14414 ], [ -66.86554, 18.14423 ], [ -66.86484, 18.1443 ], [ -66.86314, 18.1437 ], [ -66.863, 18.14377 ], [ -66.86286, 18.144 ], [ -66.86317, 18.14461 ], [ -66.86321, 18.14488 ], [ -66.86318, 18.14511 ], [ -66.86294, 18.14548 ], [ -66.86269, 18.14568 ], [ -66.86227, 18.14582 ], [ -66.86115, 18.14594 ], [ -66.8601, 18.14666 ], [ -66.85993, 18.14698 ], [ -66.85993, 18.14721 ] ] } },
{ "type": "Feature", "properties": { "gnis_name": "Río Yauco", "streamorde": 2, "lengthkm": 0.373, "totdasqkm": 1.87690008, "slope": 0.05935657 }, "geometry": { "type": "LineString", "coordinates": [ [ -66.91748, 18.14472 ], [ -66.91702, 18.14465 ], [ -66.91684, 18.14448 ], [ -66.91657, 18.14396 ], [ -66.91644, 18.14389 ], [ -66.91584, 18.14394 ], [ -66.91551, 18.14379 ], [ -66.91483, 18.14301 ] ] } },
{ "type": "Feature", "properties": { "gnis_name": null, "streamorde": 1, "lengthkm": 1.244, "totdasqkm": 0.34840003, "slope": 0.21221153 }, "geometry": { "type": "LineString", "coordinates": [ [ -66.80786, 18.1615 ], [ -66.80766, 18.16193 ], [ -66.80758, 18.16245 ], [ -66.80703, 18.16325 ], [ -66.80702, 18.16349 ], [ -66.80719, 18.16399 ], [ -66.80721, 18.16434 ], [ -66.80712, 18.16468 ], [ -66.80671, 18.16538 ], [ -66.80572, 18.16574 ], [ -66.80542, 18.16601 ], [ -66.80465, 18.16732 ], [ -66.80368, 18.16835 ], [ -66.80346, 18.16888 ], [ -66.80326, 18.16905 ], [ -66.80224, 18.16938 ], [ -66.80138, 18.1695 ] ] } },
{ "type": "Feature", "properties": { "gnis_name": null, "streamorde": 1, "lengthkm": 1.64379841, "totdasqkm": 0.88849989, "slope": 0.35154849 }, "geometry": { "type": "LineString", "coordinates": [ [ -66.47131, 18.21591 ], [ -66.47096, 18.21725 ], [ -66.47033, 18.21795 ], [ -66.46991, 18.21861 ], [ -66.46991, 18.21918 ], [ -66.47007, 18.21972 ], [ -66.46995, 18.22058 ], [ -66.46976, 18.22085 ], [ -66.46867, 18.22147 ], [ -66.46807, 18.22167 ], [ -66.46796, 18.22175 ], [ -66.46784, 18.22209 ], [ -66.46731, 18.22271 ], [ -66.46622, 18.22366 ], [ -66.46564, 18.22388 ], [ -66.46479, 18.22462 ], [ -66.46344, 18.22523 ], [ -66.46295, 18.22503 ], [ -66.4627, 18.22502 ], [ -66.46176, 18.22538 ] ] } },
{ "type": "Feature", "properties": { "gnis_name": "Río Grande", "streamorde": 3, "lengthkm": 0.9232401, "totdasqkm": 12.63329989, "slope": 0.0388198 }, "geometry": { "type": "LineString", "coordinates": [ [ -66.93444, 18.11899 ], [ -66.93476, 18.1188 ], [ -66.93546, 18.11858 ], [ -66.93559, 18.11835 ], [ -66.9356, 18.11785 ], [ -66.93502, 18.1175 ], [ -66.93485, 18.11721 ], [ -66.93487, 18.11682 ], [ -66.93495, 18.11668 ], [ -66.93529, 18.11642 ], [ -66.93573, 18.11631 ], [ -66.93594, 18.11633 ], [ -66.93653, 18.11666 ], [ -66.9367, 18.11663 ], [ -66.93678, 18.11637 ], [ -66.9366, 18.11582 ], [ -66.93612, 18.1156 ], [ -66.93606, 18.11538 ], [ -66.93621, 18.11523 ], [ -66.93661, 18.11513 ], [ -66.93675, 18.11502 ], [ -66.93705, 18.11501 ], [ -66.93736, 18.1148 ] ] } },
{ "type": "Feature", "properties": { "gnis_name": null, "streamorde": 1, "lengthkm": 0.651, "totdasqkm": 0.18249997, "slope": 0.13205081 }, "geometry": { "type": "LineString", "coordinates": [ [ -66.499, 18.18142 ], [ -66.49888, 18.18114 ], [ -66.49828, 18.18072 ], [ -66.49797, 18.18006 ], [ -66.49756, 18.17964 ], [ -66.49719, 18.17859 ], [ -66.49637, 18.17826 ], [ -66.49616, 18.1781 ], [ -66.49611, 18.17769 ], [ -66.49581, 18.17738 ], [ -66.49578, 18.17692 ] ] } },
{ "type": "Feature", "properties": { "gnis_name": null, "streamorde": 2, "lengthkm": 2.298, "totdasqkm": 14.22549993, "slope": 0.01464317 }, "geometry": { "type": "LineString", "coordinates": [ [ -66.46803, 18.13946 ], [ -66.46909, 18.13819 ], [ -66.46988, 18.1376 ], [ -66.47021, 18.13682 ], [ -66.47047, 18.13664 ], [ -66.47086, 18.13646 ], [ -66.47238, 18.13617 ], [ -66.47294, 18.13598 ], [ -66.47335, 18.13579 ], [ -66.47393, 18.13524 ], [ -66.47477, 18.13463 ], [ -66.47686, 18.13376 ], [ -66.47838, 18.1334 ], [ -66.47851, 18.1333 ], [ -66.47871, 18.13303 ], [ -66.47942, 18.13061 ], [ -66.48023, 18.12943 ], [ -66.48099, 18.12908 ], [ -66.4829, 18.12901 ], [ -66.48353, 18.12915 ], [ -66.48429, 18.12973 ] ] } },
{ "type": "Feature", "properties": { "gnis_name": null, "streamorde": 1, "lengthkm": 1.23979453, "totdasqkm": 0.39879998, "slope": 0.09566636 }, "geometry": { "type": "LineString", "coordinates": [ [ -66.87743, 18.08532 ], [ -66.87636, 18.08457 ], [ -66.87618, 18.08435 ], [ -66.87564, 18.08305 ], [ -66.87462, 18.08162 ], [ -66.87462, 18.08146 ], [ -66.87418, 18.0812 ], [ -66.87393, 18.08095 ], [ -66.87264, 18.08025 ], [ -66.87239, 18.0799 ], [ -66.87215, 18.07929 ], [ -66.87158, 18.07857 ], [ -66.87129, 18.0784 ], [ -66.871, 18.07799 ], [ -66.87025, 18.07744 ], [ -66.87002, 18.07716 ] ] } },
{ "type": "Feature", "properties": { "gnis_name": "Río Yauco", "streamorde": 3, "lengthkm": 0.02077127, "totdasqkm": 20.83549995, "slope": 1.0000000000000001e-05 }, "geometry": { "type": "LineString", "coordinates": [ [ -66.8765, 18.10897 ], [ -66.87638, 18.10883 ] ] } },
{ "type": "Feature", "properties": { "gnis_name": null, "streamorde": 1, "lengthkm": 1.532, "totdasqkm": 0.79109997, "slope": 0.17746508 }, "geometry": { "type": "LineString", "coordinates": [ [ -66.87757, 18.14367 ], [ -66.87806, 18.14321 ], [ -66.87801, 18.1429 ], [ -66.87778, 18.14248 ], [ -66.87779, 18.14232 ], [ -66.87813, 18.14169 ], [ -66.87814, 18.1412 ], [ -66.87846, 18.14085 ], [ -66.87882, 18.14073 ], [ -66.87947, 18.14071 ], [ -66.88111, 18.14089 ], [ -66.88248, 18.14055 ], [ -66.88309, 18.14053 ], [ -66.88338, 18.14032 ], [ -66.88395, 18.13951 ], [ -66.88434, 18.13912 ], [ -66.88508, 18.13875 ], [ -66.88572, 18.13861 ], [ -66.88649, 18.13817 ], [ -66.88662, 18.138 ], [ -66.88678, 18.13746 ], [ -66.88696, 18.13745 ], [ -66.88733, 18.13769 ], [ -66.88778, 18.13748 ] ] } },
{ "type": "Feature", "properties": { "gnis_name": "Río Toro Negro", "streamorde": 3, "lengthkm": 0.08908976, "totdasqkm": 4.13849997, "slope": 0.07587853 }, "geometry": { "type": "LineString", "coordinates": [ [ -66.52749, 18.15979 ], [ -66.5268, 18.16025 ] ] } },
{ "type": "Feature", "properties": { "gnis_name": null, "streamorde": 1, "lengthkm": 0.17944539, "totdasqkm": 0.16489992, "slope": 1.0000000000000001e-05 }, "geometry": { "type": "LineString", "coordinates": [ [ -66.83544, 18.19757 ], [ -66.83413, 18.1986 ] ] } },
{ "type": "Feature", "properties": { "gnis_name": null, "streamorde": 1, "lengthkm": 0.792, "totdasqkm": 0.44089999, "slope": 0.11239884 }, "geometry": { "type": "LineString", "coordinates": [ [ -66.5355, 18.09784 ], [ -66.53574, 18.09739 ], [ -66.53578, 18.09671 ], [ -66.53532, 18.09529 ], [ -66.53521, 18.09465 ], [ -66.53521, 18.09326 ], [ -66.53542, 18.09184 ], [ -66.53569, 18.09135 ], [ -66.53599, 18.091 ] ] } },
{ "type": "Feature", "properties": { "gnis_name": "Río Cidra", "streamorde": 2, "lengthkm": 0.59589497, "totdasqkm": 4.01610011, "slope": 0.00062091 }, "geometry": { "type": "LineString", "coordinates": [ [ -66.82687, 18.19736 ], [ -66.82699, 18.1976 ], [ -66.82718, 18.19776 ], [ -66.82769, 18.19797 ], [ -66.82797, 18.19831 ], [ -66.82835, 18.19907 ], [ -66.82889, 18.1995 ], [ -66.82918, 18.19994 ], [ -66.83109, 18.20041 ] ] } },
{ "type": "Feature", "properties": { "gnis_name": null, "streamorde": 1, "lengthkm": 0.64, "totdasqkm": 0.24129998, "slope": 0.15392593 }, "geometry": { "type": "LineString", "coordinates": [ [ -66.92748, 18.08794 ], [ -66.92848, 18.08761 ], [ -66.92914, 18.08728 ], [ -66.92945, 18.08703 ], [ -66.92961, 18.08679 ], [ -66.92996, 18.08598 ], [ -66.93, 18.08564 ], [ -66.92996, 18.08374 ], [ -66.92988, 18.08351 ] ] } },
{ "type": "Feature", "properties": { "gnis_name": "Río Toa Vaca", "streamorde": 3, "lengthkm": 1.29650137, "totdasqkm": 38.80859997, "slope": 0.00360971 }, "geometry": { "type": "LineString", "coordinates": [ [ -66.45758, 18.12422 ], [ -66.45799, 18.12414 ], [ -66.45827, 18.12396 ], [ -66.45853, 18.12326 ], [ -66.45725, 18.12263 ], [ -66.45707, 18.12243 ], [ -66.45648, 18.12124 ], [ -66.45649, 18.12061 ], [ -66.45666, 18.12007 ], [ -66.45679, 18.11996 ], [ -66.45701, 18.1194 ], [ -66.4573, 18.1191 ], [ -66.45745, 18.11861 ], [ -66.4574, 18.11829 ], [ -66.45725, 18.118 ], [ -66.45692, 18.11769 ], [ -66.45623, 18.11746 ], [ -66.45548, 18.11741 ], [ -66.45508, 18.11747 ], [ -66.45421, 18.11719 ], [ -66.45401, 18.11707 ], [ -66.45383, 18.11672 ] ] } },
{ "type": "Feature", "properties": { "gnis_name": null, "streamorde": 1, "lengthkm": 0.916, "totdasqkm": 0.67920004, "slope": 0.08628677 }, "geometry": { "type": "LineString", "coordinates": [ [ -66.91798, 18.07097 ], [ -66.91784, 18.07046 ], [ -66.9178, 18.06992 ], [ -66.91786, 18.0695 ], [ -66.91812, 18.06881 ], [ -66.91803, 18.06838 ], [ -66.91786, 18.06804 ], [ -66.91734, 18.06755 ], [ -66.91622, 18.06691 ], [ -66.91558, 18.06629 ], [ -66.91508, 18.0657 ], [ -66.91489, 18.06512 ], [ -66.91437, 18.06423 ] ] } },
{ "type": "Feature", "properties": { "gnis_name": "Río Yauco", "streamorde": 3, "lengthkm": 0.68085188, "totdasqkm": 8.31040012, "slope": 0.02811184 }, "geometry": { "type": "LineString", "coordinates": [ [ -66.89908, 18.12448 ], [ -66.89782, 18.12302 ], [ -66.89475, 18.12128 ], [ -66.89459, 18.12107 ], [ -66.89456, 18.1205 ] ] } },
{ "type": "Feature", "properties": { "gnis_name": null, "streamorde": 4, "lengthkm": 0.56, "totdasqkm": 42.07390003, "slope": 0.00421429 }, "geometry": { "type": "LineString", "coordinates": [ [ -66.50514, 18.11026 ], [ -66.5051, 18.10923 ], [ -66.50499, 18.1089 ], [ -66.50455, 18.10832 ], [ -66.50374, 18.1076 ], [ -66.50287, 18.10729 ], [ -66.50215, 18.10691 ], [ -66.50201, 18.10673 ] ] } },
{ "type": "Feature", "properties": { "gnis_name": null, "streamorde": 1, "lengthkm": 0.75726293, "totdasqkm": 0.35919998, "slope": 0.17251848 }, "geometry": { "type": "LineString", "coordinates": [ [ -66.84321, 18.19705 ], [ -66.84213, 18.19631 ], [ -66.84138, 18.19614 ], [ -66.8409, 18.19553 ], [ -66.84045, 18.19442 ], [ -66.84036, 18.19372 ], [ -66.84012, 18.19325 ], [ -66.83978, 18.19165 ] ] } },
{ "type": "Feature", "properties": { "gnis_name": "Río Grande", "streamorde": 1, "lengthkm": 0.961, "totdasqkm": 0.4787, "slope": 0.18961672 }, "geometry": { "type": "LineString", "coordinates": [ [ -66.93263, 18.14769 ], [ -66.93289, 18.14723 ], [ -66.93294, 18.14689 ], [ -66.93312, 18.14658 ], [ -66.93392, 18.14609 ], [ -66.934, 18.14596 ], [ -66.93406, 18.14568 ], [ -66.9339, 18.14472 ], [ -66.93399, 18.14399 ], [ -66.93416, 18.14341 ], [ -66.93414, 18.14274 ], [ -66.93422, 18.14258 ], [ -66.93471, 18.14214 ], [ -66.93533, 18.13993 ] ] } },
{ "type": "Feature", "properties": { "gnis_name": null, "streamorde": 1, "lengthkm": 2.536, "totdasqkm": 1.71659986, "slope": 0.17166255 }, "geometry": { "type": "LineString", "coordinates": [ [ -66.47127, 18.15761 ], [ -66.47102, 18.15726 ], [ -66.47074, 18.15616 ], [ -66.47085, 18.15545 ], [ -66.47144, 18.15431 ], [ -66.47122, 18.15332 ], [ -66.47146, 18.15286 ], [ -66.47135, 18.1524 ], [ -66.47144, 18.15179 ], [ -66.47138, 18.15133 ], [ -66.47209, 18.14941 ], [ -66.47211, 18.14896 ], [ -66.47179, 18.1469 ], [ -66.47216, 18.14634 ], [ -66.47212, 18.14514 ], [ -66.47276, 18.14422 ], [ -66.47285, 18.14323 ], [ -66.47276, 18.14301 ], [ -66.47205, 18.14288 ], [ -66.47139, 18.14249 ], [ -66.47045, 18.1423 ], [ -66.46993, 18.1423 ], [ -66.46978, 18.14222 ], [ -66.46968, 18.14202 ], [ -66.46963, 18.14165 ], [ -66.46949, 18.14138 ], [ -66.46928, 18.14125 ], [ -66.46907, 18.14127 ], [ -66.46866, 18.14155 ], [ -66.46796, 18.14112 ], [ -66.46782, 18.14094 ], [ -66.46772, 18.14028 ], [ -66.46803, 18.13946 ] ] } },
{ "type": "Feature", "properties": { "gnis_name": "Río Yauco", "streamorde": 3, "lengthkm": 0.33, "totdasqkm": 9.91310012, "slope": 0.00948485 }, "geometry": { "type": "LineString", "coordinates": [ [ -66.8906, 18.11665 ], [ -66.89018, 18.11667 ], [ -66.8895, 18.11703 ], [ -66.88904, 18.11658 ], [ -66.88863, 18.11642 ], [ -66.88813, 18.11588 ] ] } },
{ "type": "Feature", "properties": { "gnis_name": null, "streamorde": 2, "lengthkm": 0.966, "totdasqkm": 0.69769992, "slope": 0.06812629 }, "geometry": { "type": "LineString", "coordinates": [ [ -66.87122, 18.08442 ], [ -66.87099, 18.08313 ], [ -66.86919, 18.08157 ], [ -66.86901, 18.08054 ], [ -66.86931, 18.07985 ], [ -66.86927, 18.07964 ], [ -66.86885, 18.07915 ], [ -66.86863, 18.07773 ], [ -66.86856, 18.0776 ], [ -66.86808, 18.07729 ], [ -66.86805, 18.07701 ] ] } },
{ "type": "Feature", "properties": { "gnis_name": null, "streamorde": 1, "lengthkm": 1.482, "totdasqkm": 0.48119997, "slope": 0.13178727 }, "geometry": { "type": "LineString", "coordinates": [ [ -66.47829, 18.17147 ], [ -66.47821, 18.17246 ], [ -66.47807, 18.17296 ], [ -66.47804, 18.17383 ], [ -66.4782, 18.17424 ], [ -66.47814, 18.17565 ], [ -66.47802, 18.17582 ], [ -66.47747, 18.17619 ], [ -66.47739, 18.17649 ], [ -66.47747, 18.1768 ], [ -66.47789, 18.1775 ], [ -66.47803, 18.17809 ], [ -66.47828, 18.17863 ], [ -66.47854, 18.1795 ], [ -66.47865, 18.17963 ], [ -66.4788, 18.18027 ], [ -66.47905, 18.18065 ], [ -66.4791, 18.1815 ], [ -66.47894, 18.18217 ], [ -66.47908, 18.18245 ], [ -66.47869, 18.1827 ], [ -66.47863, 18.18281 ], [ -66.47872, 18.18338 ], [ -66.47896, 18.18375 ] ] } },
{ "type": "Feature", "properties": { "gnis_name": "Río Loco", "streamorde": 2, "lengthkm": 7.56193773, "totdasqkm": 11.20580013, "slope": 0.01307205 }, "geometry": { "type": "LineString", "coordinates": [ [ -66.90826, 18.08694 ], [ -66.90887, 18.08637 ], [ -66.90885, 18.0861 ], [ -66.90867, 18.08587 ], [ -66.90836, 18.08513 ], [ -66.90806, 18.08502 ], [ -66.90695, 18.08506 ], [ -66.90657, 18.08481 ], [ -66.90673, 18.0846 ], [ -66.90721, 18.08435 ], [ -66.90657, 18.08384 ], [ -66.90654, 18.08367 ], [ -66.90667, 18.08353 ], [ -66.90752, 18.08324 ], [ -66.90777, 18.08303 ], [ -66.90775, 18.08261 ], [ -66.90762, 18.08227 ], [ -66.90745, 18.08206 ], [ -66.90725, 18.08213 ], [ -66.90691, 18.08258 ], [ -66.90676, 18.08266 ], [ -66.90645, 18.0827 ], [ -66.90635, 18.08254 ], [ -66.90636, 18.08232 ], [ -66.90689, 18.08165 ], [ -66.90674, 18.08096 ], [ -66.90713, 18.08005 ], [ -66.90725, 18.07919 ], [ -66.90742, 18.0788 ], [ -66.9075, 18.07839 ], [ -66.90717, 18.07821 ], [ -66.90598, 18.07798 ], [ -66.90574, 18.07786 ], [ -66.90558, 18.07754 ], [ -66.90557, 18.07699 ], [ -66.90541, 18.07676 ], [ -66.90532, 18.07645 ], [ -66.90555, 18.07634 ], [ -66.90651, 18.07626 ], [ -66.90664, 18.07617 ], [ -66.90669, 18.07602 ], [ -66.90653, 18.07544 ], [ -66.90657, 18.07525 ], [ -66.90669, 18.07513 ], [ -66.90707, 18.07516 ], [ -66.90751, 18.07539 ], [ -66.90835, 18.07556 ], [ -66.90884, 18.07544 ], [ -66.90892, 18.07519 ], [ -66.90887, 18.075 ], [ -66.90873, 18.07486 ], [ -66.90858, 18.07477 ], [ -66.90778, 18.0746 ], [ -66.90731, 18.07403 ], [ -66.90693, 18.07382 ], [ -66.90649, 18.07385 ], [ -66.90593, 18.07431 ], [ -66.90571, 18.07424 ], [ -66.9057, 18.07348 ], [ -66.90617, 18.0723 ], [ -66.9062, 18.07129 ], [ -66.90525, 18.06911 ], [ -66.90478, 18.06855 ], [ -66.90398, 18.06789 ], [ -66.90316, 18.06694 ], [ -66.90295, 18.06681 ], [ -66.90171, 18.06682 ], [ -66.90106, 18.06656 ], [ -66.90024, 18.06644 ], [ -66.90017, 18.06647 ], [ -66.9001, 18.06728 ], [ -66.89995, 18.06731 ], [ -66.89947, 18.06688 ], [ -66.89872, 18.06582 ], [ -66.89849, 18.06591 ], [ -66.89843, 18.06602 ], [ -66.89819, 18.06685 ], [ -66.89797, 18.06732 ], [ -66.89759, 18.0676 ], [ -66.89725, 18.06759 ], [ -66.8961, 18.06664 ], [ -66.89521, 18.06604 ], [ -66.89481, 18.06562 ], [ -66.89471, 18.06541 ], [ -66.89473, 18.06512 ], [ -66.89497, 18.06483 ], [ -66.89547, 18.06469 ], [ -66.8962, 18.06468 ], [ -66.89633, 18.06455 ], [ -66.89625, 18.06442 ], [ -66.89536, 18.06416 ], [ -66.89483, 18.06378 ], [ -66.89371, 18.06259 ], [ -66.8936, 18.0622 ], [ -66.89364, 18.06196 ], [ -66.89426, 18.06097 ], [ -66.89441, 18.06061 ], [ -66.89438, 18.06049 ], [ -66.89405, 18.06048 ], [ -66.89341, 18.06101 ], [ -66.89299, 18.06123 ], [ -66.89199, 18.06118 ], [ -66.89175, 18.06107 ], [ -66.89158, 18.06086 ], [ -66.89176, 18.05991 ], [ -66.89207, 18.05888 ], [ -66.89205, 18.05861 ], [ -66.89188, 18.05843 ], [ -66.89149, 18.05836 ], [ -66.89025, 18.05862 ], [ -66.89009, 18.05877 ], [ -66.89014, 18.05899 ], [ -66.89068, 18.0595 ], [ -66.89093, 18.05993 ], [ -66.89093, 18.06028 ], [ -66.89066, 18.06036 ], [ -66.88934, 18.05974 ], [ -66.88905, 18.05943 ], [ -66.88892, 18.05907 ], [ -66.88847, 18.05868 ], [ -66.8865, 18.05822 ] ] } },
{ "type": "Feature", "properties": { "gnis_name": "Río Limaní", "streamorde": 2, "lengthkm": 0.74866558, "totdasqkm": 3.51960014, "slope": 0.0577561 }, "geometry": { "type": "LineString", "coordinates": [ [ -66.80138, 18.1695 ], [ -66.80143, 18.17035 ], [ -66.80097, 18.1707 ], [ -66.80031, 18.17085 ], [ -66.80019, 18.17113 ], [ -66.80097, 18.17187 ], [ -66.80114, 18.17236 ], [ -66.80122, 18.17313 ], [ -66.8018, 18.17389 ], [ -66.80178, 18.17428 ], [ -66.80149, 18.17489 ] ] } },
{ "type": "Feature", "properties": { "gnis_name": null, "streamorde": 1, "lengthkm": 2.887, "totdasqkm": 2.23450003, "slope": 0.15664513 }, "geometry": { "type": "LineString", "coordinates": [ [ -66.44127, 18.1726 ], [ -66.44083, 18.17263 ], [ -66.43969, 18.17299 ], [ -66.43883, 18.17284 ], [ -66.43832, 18.17304 ], [ -66.43774, 18.17311 ], [ -66.43724, 18.17342 ], [ -66.43651, 18.1732 ], [ -66.43568, 18.1734 ], [ -66.43457, 18.17354 ], [ -66.43389, 18.17308 ], [ -66.43292, 18.17276 ], [ -66.43254, 18.17236 ], [ -66.43027, 18.16779 ], [ -66.42963, 18.16667 ], [ -66.4291, 18.16543 ], [ -66.4288, 18.16437 ], [ -66.4288, 18.16405 ], [ -66.42908, 18.16344 ], [ -66.42909, 18.16326 ], [ -66.42901, 18.16223 ], [ -66.42877, 18.16116 ], [ -66.42877, 18.16057 ], [ -66.42847, 18.16005 ], [ -66.42848, 18.1598 ], [ -66.42868, 18.15945 ], [ -66.42873, 18.15911 ], [ -66.4285, 18.15864 ], [ -66.42845, 18.15834 ], [ -66.42853, 18.15797 ], [ -66.42937, 18.15707 ], [ -66.42945, 18.15677 ] ] } },
{ "type": "Feature", "properties": { "gnis_name": null, "streamorde": 1, "lengthkm": 0.775, "totdasqkm": 0.57760006, "slope": 0.21315555 }, "geometry": { "type": "LineString", "coordinates": [ [ -66.91554, 18.13287 ], [ -66.9147, 18.13338 ], [ -66.91382, 18.13373 ], [ -66.91353, 18.13409 ], [ -66.91278, 18.13429 ], [ -66.91126, 18.13419 ], [ -66.91081, 18.13451 ], [ -66.91031, 18.13452 ], [ -66.9093, 18.13441 ], [ -66.90887, 18.1342 ] ] } },
{ "type": "Feature", "properties": { "gnis_name": null, "streamorde": 1, "lengthkm": 0.13385028, "totdasqkm": 0.5045, "slope": 0.00986176 }, "geometry": { "type": "LineString", "coordinates": [ [ -66.88595, 18.04458 ], [ -66.88579, 18.04405 ], [ -66.88594, 18.04341 ] ] } },
{ "type": "Feature", "properties": { "gnis_name": null, "streamorde": 1, "lengthkm": 0.031, "totdasqkm": 0.09739995, "slope": 0.27749985 }, "geometry": { "type": "LineString", "coordinates": [ [ -66.92453, 18.10059 ], [ -66.92461, 18.10033 ] ] } },
{ "type": "Feature", "properties": { "gnis_name": "Río Guayo", "streamorde": 1, "lengthkm": 2.76728505, "totdasqkm": 4.31080002, "slope": 0.11446471 }, "geometry": { "type": "LineString", "coordinates": [ [ -66.81695, 18.15064 ], [ -66.81784, 18.15052 ], [ -66.81904, 18.15163 ], [ -66.81957, 18.15191 ], [ -66.81989, 18.15224 ], [ -66.82097, 18.15268 ], [ -66.82121, 18.15326 ], [ -66.8211, 18.15354 ], [ -66.82115, 18.154 ], [ -66.82145, 18.15467 ], [ -66.8215, 18.15522 ], [ -66.8218, 18.15596 ], [ -66.82315, 18.15678 ], [ -66.82391, 18.1575 ], [ -66.82427, 18.15771 ], [ -66.82462, 18.15861 ], [ -66.82467, 18.15915 ], [ -66.82512, 18.15953 ], [ -66.82578, 18.15988 ], [ -66.82617, 18.16031 ], [ -66.8263, 18.16076 ], [ -66.82595, 18.16163 ], [ -66.82585, 18.16245 ], [ -66.82568, 18.16275 ], [ -66.82525, 18.1632 ], [ -66.82493, 18.16403 ], [ -66.82463, 18.16451 ], [ -66.82454, 18.16509 ], [ -66.82406, 18.16606 ], [ -66.8241, 18.16637 ], [ -66.82393, 18.1674 ], [ -66.82456, 18.16795 ], [ -66.8258, 18.1685 ], [ -66.82602, 18.16869 ], [ -66.82623, 18.16908 ] ] } },
{ "type": "Feature", "properties": { "gnis_name": "Río Guaba", "streamorde": 2, "lengthkm": 0.54001733, "totdasqkm": 4.13969998, "slope": 0.04038759 }, "geometry": { "type": "LineString", "coordinates": [ [ -66.91292, 18.16286 ], [ -66.91301, 18.16289 ], [ -66.91352, 18.16407 ], [ -66.9138, 18.16441 ], [ -66.91369, 18.1646 ], [ -66.91334, 18.16466 ], [ -66.91299, 18.16461 ], [ -66.91257, 18.16439 ], [ -66.91229, 18.16446 ], [ -66.91222, 18.16471 ], [ -66.91228, 18.16489 ], [ -66.91258, 18.16532 ], [ -66.91253, 18.16577 ] ] } },
{ "type": "Feature", "properties": { "gnis_name": "Río Guayo", "streamorde": 2, "lengthkm": 4.181, "totdasqkm": 8.51009986, "slope": 0.0459603 }, "geometry": { "type": "LineString", "coordinates": [ [ -66.55935, 18.12302 ], [ -66.55784, 18.12187 ], [ -66.55658, 18.12112 ], [ -66.5558, 18.12119 ], [ -66.55486, 18.1211 ], [ -66.55323, 18.12135 ], [ -66.55165, 18.12089 ], [ -66.55094, 18.12113 ], [ -66.54964, 18.12084 ], [ -66.54757, 18.12097 ], [ -66.54668, 18.12083 ], [ -66.5455, 18.12091 ], [ -66.54511, 18.12081 ], [ -66.54474, 18.12058 ], [ -66.54408, 18.11986 ], [ -66.54357, 18.11976 ], [ -66.54263, 18.11973 ], [ -66.54199, 18.11937 ], [ -66.54168, 18.11911 ], [ -66.54141, 18.11869 ], [ -66.54146, 18.11847 ], [ -66.54176, 18.11823 ], [ -66.54235, 18.11808 ], [ -66.54286, 18.11815 ], [ -66.54405, 18.11809 ], [ -66.54442, 18.118 ], [ -66.54467, 18.11783 ], [ -66.54471, 18.11755 ], [ -66.54457, 18.11723 ], [ -66.54415, 18.11711 ], [ -66.54386, 18.11674 ], [ -66.54361, 18.11656 ], [ -66.54297, 18.11654 ], [ -66.54284, 18.11637 ], [ -66.54287, 18.11618 ], [ -66.54374, 18.11554 ], [ -66.54395, 18.11523 ], [ -66.54412, 18.11463 ], [ -66.54441, 18.11421 ], [ -66.54449, 18.11317 ], [ -66.54417, 18.11276 ], [ -66.54263, 18.11195 ], [ -66.54247, 18.11176 ], [ -66.54138, 18.11105 ], [ -66.54027, 18.11 ], [ -66.53984, 18.10941 ], [ -66.53966, 18.10779 ], [ -66.53944, 18.10741 ], [ -66.53914, 18.10723 ], [ -66.53895, 18.10692 ], [ -66.53875, 18.10684 ] ] } },
{ "type": "Feature", "properties": { "gnis_name": "Río Cañas", "streamorde": 2, "lengthkm": 0.491, "totdasqkm": 3.31359999, "slope": 0.02606925 }, "geometry": { "type": "LineString", "coordinates": [ [ -66.90701, 18.05801 ], [ -66.90655, 18.05769 ], [ -66.90617, 18.05807 ], [ -66.90598, 18.05805 ], [ -66.90537, 18.05737 ], [ -66.90513, 18.05724 ], [ -66.90487, 18.05726 ], [ -66.90448, 18.05755 ], [ -66.90401, 18.057 ], [ -66.90353, 18.05675 ] ] } },
{ "type": "Feature", "properties": { "gnis_name": null, "streamorde": 1, "lengthkm": 1.58, "totdasqkm": 0.86720003, "slope": 0.30747974 }, "geometry": { "type": "LineString", "coordinates": [ [ -66.44728, 18.17443 ], [ -66.44826, 18.17331 ], [ -66.44859, 18.17283 ], [ -66.44897, 18.17285 ], [ -66.44923, 18.17278 ], [ -66.4504, 18.17162 ], [ -66.45048, 18.17147 ], [ -66.4504, 18.17107 ], [ -66.45065, 18.17056 ], [ -66.45071, 18.17005 ], [ -66.45088, 18.16977 ], [ -66.4513, 18.16949 ], [ -66.45183, 18.16928 ], [ -66.45234, 18.16865 ], [ -66.45263, 18.16683 ], [ -66.45363, 18.16658 ], [ -66.45467, 18.16663 ], [ -66.45587, 18.16601 ], [ -66.45689, 18.16591 ] ] } },
{ "type": "Feature", "properties": { "gnis_name": null, "streamorde": 1, "lengthkm": 1.131, "totdasqkm": 0.42289993, "slope": 0.10921436 }, "geometry": { "type": "LineString", "coordinates": [ [ -66.51091, 18.12207 ], [ -66.51037, 18.12147 ], [ -66.50974, 18.12102 ], [ -66.50958, 18.12063 ], [ -66.50955, 18.12025 ], [ -66.50926, 18.11927 ], [ -66.50912, 18.11905 ], [ -66.50879, 18.1189 ], [ -66.50801, 18.11905 ], [ -66.50746, 18.1189 ], [ -66.50695, 18.11903 ], [ -66.50657, 18.11875 ], [ -66.50624, 18.11817 ], [ -66.50612, 18.1181 ], [ -66.50565, 18.11807 ], [ -66.50505, 18.11776 ], [ -66.50493, 18.11757 ], [ -66.50417, 18.11741 ], [ -66.50369, 18.11703 ], [ -66.50324, 18.11693 ] ] } },
{ "type": "Feature", "properties": { "gnis_name": null, "streamorde": 1, "lengthkm": 1.07852802, "totdasqkm": 0.6712, "slope": 0.0754194 }, "geometry": { "type": "LineString", "coordinates": [ [ -66.81082, 18.17296 ], [ -66.8101, 18.1729 ], [ -66.80951, 18.17304 ], [ -66.809, 18.17302 ], [ -66.80754, 18.17243 ], [ -66.80675, 18.17231 ], [ -66.80597, 18.17235 ], [ -66.80447, 18.1726 ], [ -66.80397, 18.17282 ], [ -66.80332, 18.17341 ], [ -66.80335, 18.17475 ], [ -66.80308, 18.17544 ] ] } },
{ "type": "Feature", "properties": { "gnis_name": "Río Guayo", "streamorde": 2, "lengthkm": 1.0239929, "totdasqkm": 13.21840004, "slope": 0.0207228 }, "geometry": { "type": "LineString", "coordinates": [ [ -66.83176, 18.17985 ], [ -66.83209, 18.18 ], [ -66.83253, 18.1816 ], [ -66.8329, 18.18213 ], [ -66.83324, 18.1823 ], [ -66.83429, 18.18239 ], [ -66.83454, 18.18248 ], [ -66.83488, 18.18295 ], [ -66.83502, 18.18382 ], [ -66.83484, 18.18394 ], [ -66.83445, 18.18383 ], [ -66.83411, 18.18392 ], [ -66.83411, 18.18418 ], [ -66.83432, 18.18449 ], [ -66.83482, 18.18467 ], [ -66.83531, 18.18528 ], [ -66.83551, 18.18541 ], [ -66.83587, 18.18535 ] ] } },
{ "type": "Feature", "properties": { "gnis_name": null, "streamorde": 1, "lengthkm": 0.817, "totdasqkm": 0.57780004, "slope": 0.07189679 }, "geometry": { "type": "LineString", "coordinates": [ [ -66.89818, 18.11329 ], [ -66.89756, 18.11357 ], [ -66.89729, 18.11396 ], [ -66.89675, 18.1144 ], [ -66.89629, 18.11518 ], [ -66.89544, 18.11571 ], [ -66.89503, 18.11634 ], [ -66.89431, 18.11708 ], [ -66.89355, 18.11762 ], [ -66.89308, 18.11761 ], [ -66.89265, 18.11773 ], [ -66.89256, 18.11783 ] ] } },
{ "type": "Feature", "properties": { "gnis_name": null, "streamorde": 1, "lengthkm": 0.23797592, "totdasqkm": 0.0165, "slope": 1.0000000000000001e-05 }, "geometry": { "type": "LineString", "coordinates": [ [ -66.49197, 18.09948 ], [ -66.4904, 18.10102 ] ] } },
{ "type": "Feature", "properties": { "gnis_name": null, "streamorde": 1, "lengthkm": 0.05422062, "totdasqkm": 0.40020004, "slope": 1.0000000000000001e-05 }, "geometry": { "type": "LineString", "coordinates": [ [ -66.48758, 18.17112 ], [ -66.4879, 18.17151 ] ] } },
{ "type": "Feature", "properties": { "gnis_name": null, "streamorde": 1, "lengthkm": 2.18694337, "totdasqkm": 1.54859991, "slope": 0.08756347 }, "geometry": { "type": "LineString", "coordinates": [ [ -66.51935, 18.09098 ], [ -66.51729, 18.09192 ], [ -66.51639, 18.09264 ], [ -66.51583, 18.09293 ], [ -66.5152, 18.09307 ], [ -66.51451, 18.09266 ], [ -66.51359, 18.09239 ], [ -66.51316, 18.09201 ], [ -66.51283, 18.09158 ], [ -66.51201, 18.09108 ], [ -66.51142, 18.0909 ], [ -66.51099, 18.09045 ], [ -66.51066, 18.09023 ], [ -66.5104, 18.08977 ], [ -66.50996, 18.08967 ], [ -66.50966, 18.08944 ], [ -66.50948, 18.08893 ], [ -66.50958, 18.08822 ], [ -66.50983, 18.08784 ], [ -66.50984, 18.08766 ], [ -66.50962, 18.08752 ], [ -66.50925, 18.08749 ], [ -66.50878, 18.08627 ], [ -66.50838, 18.08608 ], [ -66.50791, 18.08549 ], [ -66.5075, 18.08534 ], [ -66.50712, 18.08509 ], [ -66.50697, 18.0848 ], [ -66.50685, 18.08413 ], [ -66.50665, 18.08391 ], [ -66.50533, 18.08337 ] ] } },
{ "type": "Feature", "properties": { "gnis_name": "Río Cidra", "streamorde": 1, "lengthkm": 1.798, "totdasqkm": 1.23939998, "slope": 0.10348646 }, "geometry": { "type": "LineString", "coordinates": [ [ -66.81021, 18.18963 ], [ -66.81084, 18.19102 ], [ -66.81098, 18.19112 ], [ -66.81147, 18.19122 ], [ -66.81193, 18.1923 ], [ -66.8124, 18.19261 ], [ -66.81295, 18.19285 ], [ -66.81359, 18.19257 ], [ -66.81452, 18.19186 ], [ -66.81483, 18.19173 ], [ -66.81515, 18.19171 ], [ -66.81554, 18.19177 ], [ -66.81609, 18.1921 ], [ -66.81694, 18.19237 ], [ -66.8175, 18.19268 ], [ -66.81864, 18.19284 ], [ -66.8194, 18.19307 ], [ -66.81957, 18.19305 ], [ -66.81974, 18.19281 ], [ -66.82005, 18.19268 ], [ -66.82036, 18.19256 ], [ -66.82067, 18.19258 ], [ -66.82116, 18.19288 ], [ -66.82163, 18.19352 ], [ -66.82182, 18.1936 ], [ -66.82249, 18.1935 ], [ -66.82362, 18.19319 ], [ -66.82387, 18.1932 ] ] } },
{ "type": "Feature", "properties": { "gnis_name": null, "streamorde": 1, "lengthkm": 2.05663483, "totdasqkm": 1.20159997, "slope": 0.09100319 }, "geometry": { "type": "LineString", "coordinates": [ [ -66.49507, 18.19745 ], [ -66.49468, 18.19677 ], [ -66.49362, 18.19607 ], [ -66.49362, 18.1959 ], [ -66.49382, 18.19572 ], [ -66.49398, 18.19522 ], [ -66.49414, 18.19507 ], [ -66.49468, 18.19497 ], [ -66.49603, 18.19443 ], [ -66.49616, 18.19446 ], [ -66.49696, 18.19542 ], [ -66.49782, 18.1957 ], [ -66.49812, 18.19611 ], [ -66.49863, 18.19647 ], [ -66.4989, 18.19649 ], [ -66.49916, 18.19621 ], [ -66.49938, 18.19554 ], [ -66.50014, 18.19492 ], [ -66.50047, 18.19493 ], [ -66.50063, 18.19505 ], [ -66.50075, 18.19504 ], [ -66.50113, 18.19454 ], [ -66.50127, 18.19451 ], [ -66.50207, 18.19471 ], [ -66.50245, 18.19457 ], [ -66.50284, 18.19373 ], [ -66.503, 18.19311 ], [ -66.50314, 18.19297 ], [ -66.5035, 18.19293 ], [ -66.50464, 18.19301 ], [ -66.50578, 18.19321 ], [ -66.50671, 18.1932 ] ] } },
{ "type": "Feature", "properties": { "gnis_name": null, "streamorde": 2, "lengthkm": 1.11528067, "totdasqkm": 8.76729973, "slope": 0.09421843 }, "geometry": { "type": "LineString", "coordinates": [ [ -66.83366, 18.1468 ], [ -66.83378, 18.14731 ], [ -66.83396, 18.14761 ], [ -66.83425, 18.14767 ], [ -66.83458, 18.14741 ], [ -66.83484, 18.14739 ], [ -66.83559, 18.1475 ], [ -66.83608, 18.14802 ], [ -66.83642, 18.14822 ], [ -66.83649, 18.14896 ], [ -66.83674, 18.14936 ], [ -66.83721, 18.14968 ], [ -66.83863, 18.15038 ], [ -66.83874, 18.1509 ], [ -66.83886, 18.151 ], [ -66.83979, 18.15112 ], [ -66.84074, 18.15141 ], [ -66.84122, 18.15177 ] ] } },
{ "type": "Feature", "properties": { "gnis_name": null, "streamorde": 3, "lengthkm": 0.11506992, "totdasqkm": 4.23619999, "slope": 0.23026001 }, "geometry": { "type": "LineString", "coordinates": [ [ -66.52712, 18.15941 ], [ -66.52605, 18.15921 ] ] } },
{ "type": "Feature", "properties": { "gnis_name": "Río Matrullas", "streamorde": 2, "lengthkm": 1.62316484, "totdasqkm": 11.33429999, "slope": 0.01445325 }, "geometry": { "type": "LineString", "coordinates": [ [ -66.48018, 18.21039 ], [ -66.48072, 18.21138 ], [ -66.48117, 18.21167 ], [ -66.48123, 18.21179 ], [ -66.48147, 18.21236 ], [ -66.48144, 18.21337 ], [ -66.48152, 18.21425 ], [ -66.48164, 18.21461 ], [ -66.4823, 18.21507 ], [ -66.48253, 18.21566 ], [ -66.48271, 18.21669 ], [ -66.48302, 18.21709 ], [ -66.48373, 18.21742 ], [ -66.48448, 18.21725 ], [ -66.48446, 18.21777 ], [ -66.48506, 18.21788 ], [ -66.48517, 18.218 ], [ -66.48959, 18.21751 ] ] } },
{ "type": "Feature", "properties": { "gnis_name": null, "streamorde": 1, "lengthkm": 1.549, "totdasqkm": 1.56619984, "slope": 0.06675638 }, "geometry": { "type": "LineString", "coordinates": [ [ -66.84844, 18.14196 ], [ -66.84888, 18.14209 ], [ -66.84909, 18.14236 ], [ -66.84987, 18.14287 ], [ -66.85078, 18.14371 ], [ -66.85105, 18.14408 ], [ -66.85144, 18.14431 ], [ -66.85163, 18.14467 ], [ -66.85211, 18.14476 ], [ -66.85295, 18.14475 ], [ -66.85354, 18.14519 ], [ -66.85386, 18.14527 ], [ -66.85403, 18.14548 ], [ -66.85417, 18.14605 ], [ -66.85475, 18.14599 ], [ -66.85552, 18.14636 ], [ -66.85578, 18.14639 ], [ -66.85687, 18.14629 ], [ -66.85756, 18.14585 ], [ -66.85787, 18.14586 ], [ -66.85814, 18.14608 ], [ -66.85826, 18.14675 ], [ -66.85838, 18.14694 ], [ -66.85993, 18.14721 ] ] } },
{ "type": "Feature", "properties": { "gnis_name": null, "streamorde": 1, "lengthkm": 0.584, "totdasqkm": 0.30929997, "slope": 0.16431819 }, "geometry": { "type": "LineString", "coordinates": [ [ -66.88054, 18.10067 ], [ -66.88058, 18.09956 ], [ -66.88139, 18.09867 ], [ -66.88187, 18.09787 ], [ -66.88159, 18.09585 ] ] } },
{ "type": "Feature", "properties": { "gnis_name": null, "streamorde": 1, "lengthkm": 0.607, "totdasqkm": 0.34999998, "slope": 0.08954635 }, "geometry": { "type": "LineString", "coordinates": [ [ -66.88946, 18.11126 ], [ -66.8894, 18.11226 ], [ -66.88989, 18.11327 ], [ -66.88993, 18.11393 ], [ -66.8894, 18.11479 ], [ -66.88901, 18.11516 ], [ -66.88836, 18.1155 ], [ -66.88813, 18.11588 ] ] } },
{ "type": "Feature", "properties": { "gnis_name": null, "streamorde": 2, "lengthkm": 0.51893808, "totdasqkm": 2.62750008, "slope": 0.01464529 }, "geometry": { "type": "LineString", "coordinates": [ [ -66.87227, 18.04405 ], [ -66.8723, 18.0436 ], [ -66.87213, 18.0427 ], [ -66.87187, 18.04217 ], [ -66.87229, 18.04046 ], [ -66.87254, 18.04011 ], [ -66.87268, 18.03959 ] ] } },
{ "type": "Feature", "properties": { "gnis_name": "Río Chiquito", "streamorde": 2, "lengthkm": 2.76402266, "totdasqkm": 7.42959985, "slope": 0.0798691 }, "geometry": { "type": "LineString", "coordinates": [ [ -66.88014, 18.13128 ], [ -66.87922, 18.13103 ], [ -66.87865, 18.13117 ], [ -66.87811, 18.13143 ], [ -66.87779, 18.13142 ], [ -66.87761, 18.13136 ], [ -66.8773, 18.13057 ], [ -66.87707, 18.13032 ], [ -66.87652, 18.13019 ], [ -66.876, 18.13025 ], [ -66.87583, 18.13015 ], [ -66.87504, 18.12905 ], [ -66.87387, 18.12848 ], [ -66.87383, 18.12831 ], [ -66.8743, 18.12739 ], [ -66.8742, 18.12705 ], [ -66.87391, 18.12674 ], [ -66.87296, 18.1261 ], [ -66.87239, 18.1256 ], [ -66.87205, 18.12517 ], [ -66.87186, 18.12473 ], [ -66.87182, 18.12448 ], [ -66.87188, 18.12424 ], [ -66.87268, 18.12302 ], [ -66.87277, 18.12265 ], [ -66.8725, 18.12117 ], [ -66.87301, 18.12049 ], [ -66.87314, 18.12007 ], [ -66.87324, 18.11933 ], [ -66.87343, 18.11911 ], [ -66.87414, 18.11915 ], [ -66.8745, 18.11892 ], [ -66.87454, 18.11859 ], [ -66.87443, 18.11826 ], [ -66.87385, 18.11755 ], [ -66.87384, 18.11713 ], [ -66.87423, 18.11692 ], [ -66.87461, 18.11691 ], [ -66.87522, 18.11725 ], [ -66.87577, 18.11739 ], [ -66.87631, 18.11738 ], [ -66.87691, 18.1172 ], [ -66.87702, 18.11723 ] ] } },
{ "type": "Feature", "properties": { "gnis_name": "Río Naranjo", "streamorde": 2, "lengthkm": 1.905, "totdasqkm": 5.36300028, "slope": 0.0335958 }, "geometry": { "type": "LineString", "coordinates": [ [ -66.85683, 18.1095 ], [ -66.85677, 18.1091 ], [ -66.85667, 18.10893 ], [ -66.85648, 18.10883 ], [ -66.85536, 18.10866 ], [ -66.85488, 18.10874 ], [ -66.85432, 18.10841 ], [ -66.85413, 18.10797 ], [ -66.85417, 18.10772 ], [ -66.8544, 18.10727 ], [ -66.85382, 18.10678 ], [ -66.85365, 18.10648 ], [ -66.85359, 18.10598 ], [ -66.8537, 18.10567 ], [ -66.85397, 18.10558 ], [ -66.85421, 18.10566 ], [ -66.8547, 18.10621 ], [ -66.85494, 18.10633 ], [ -66.85538, 18.10635 ], [ -66.85567, 18.10623 ], [ -66.85597, 18.10593 ], [ -66.85632, 18.10537 ], [ -66.85652, 18.10517 ], [ -66.85712, 18.1049 ], [ -66.85753, 18.10447 ], [ -66.85813, 18.10407 ], [ -66.86001, 18.10352 ], [ -66.861, 18.1036 ], [ -66.862, 18.10328 ], [ -66.86278, 18.10316 ], [ -66.86307, 18.10304 ], [ -66.8636, 18.10262 ] ] } },
{ "type": "Feature", "properties": { "gnis_name": "Río Loco", "streamorde": 2, "lengthkm": 0.72990295, "totdasqkm": 2.84410019, "slope": 0.07843509 }, "geometry": { "type": "LineString", "coordinates": [ [ -66.91433, 18.10624 ], [ -66.91414, 18.10583 ], [ -66.91408, 18.10473 ], [ -66.91357, 18.10398 ], [ -66.91244, 18.10371 ], [ -66.91227, 18.10378 ], [ -66.91196, 18.10419 ], [ -66.91136, 18.10441 ], [ -66.91008, 18.10386 ], [ -66.90985, 18.1036 ] ] } },
{ "type": "Feature", "properties": { "gnis_name": "Río Cañas", "streamorde": 2, "lengthkm": 1.22288775, "totdasqkm": 7.12740005, "slope": 1.0000000000000001e-05 }, "geometry": { "type": "LineString", "coordinates": [ [ -66.8984, 18.04251 ], [ -66.89832, 18.04258 ], [ -66.89822, 18.04305 ], [ -66.89811, 18.04308 ], [ -66.89716, 18.04197 ], [ -66.89629, 18.04154 ], [ -66.89615, 18.04111 ], [ -66.89628, 18.04047 ], [ -66.89612, 18.04016 ], [ -66.8957, 18.0401 ], [ -66.89529, 18.04026 ], [ -66.89504, 18.04018 ], [ -66.89411, 18.03921 ], [ -66.89372, 18.0385 ], [ -66.89296, 18.03784 ], [ -66.89276, 18.03727 ], [ -66.89284, 18.03679 ], [ -66.89262, 18.03666 ], [ -66.89168, 18.0365 ] ] } },
{ "type": "Feature", "properties": { "gnis_name": null, "streamorde": 1, "lengthkm": 0.3734983, "totdasqkm": 0.5748, "slope": 0.01381532 }, "geometry": { "type": "LineString", "coordinates": [ [ -66.82951, 18.20326 ], [ -66.82965, 18.20247 ], [ -66.82985, 18.20237 ], [ -66.83047, 18.20149 ], [ -66.83086, 18.20054 ], [ -66.83109, 18.20041 ] ] } },
{ "type": "Feature", "properties": { "gnis_name": null, "streamorde": 1, "lengthkm": 0.851, "totdasqkm": 1.15140003, "slope": 0.30145139 }, "geometry": { "type": "LineString", "coordinates": [ [ -66.51598, 18.15114 ], [ -66.51569, 18.1509 ], [ -66.51405, 18.14858 ], [ -66.5135, 18.14819 ], [ -66.51293, 18.14795 ], [ -66.51256, 18.14761 ], [ -66.51204, 18.14732 ], [ -66.51148, 18.14728 ], [ -66.51123, 18.14716 ], [ -66.51062, 18.14646 ], [ -66.51014, 18.14649 ] ] } },
{ "type": "Feature", "properties": { "gnis_name": "Río Limaní", "streamorde": 3, "lengthkm": 0.63115431, "totdasqkm": 14.65010013, "slope": 0.01473491 }, "geometry": { "type": "LineString", "coordinates": [ [ -66.80308, 18.17544 ], [ -66.80389, 18.17598 ], [ -66.80442, 18.17697 ], [ -66.80467, 18.17709 ], [ -66.8059, 18.17729 ], [ -66.80651, 18.17771 ], [ -66.80693, 18.17786 ], [ -66.80707, 18.178 ], [ -66.80706, 18.17818 ], [ -66.80662, 18.17868 ] ] } },
{ "type": "Feature", "properties": { "gnis_name": null, "streamorde": 1, "lengthkm": 1.50278543, "totdasqkm": 1.0614999, "slope": 0.0761485 }, "geometry": { "type": "LineString", "coordinates": [ [ -66.49178, 18.19823 ], [ -66.49117, 18.19801 ], [ -66.49095, 18.1976 ], [ -66.49071, 18.1974 ], [ -66.48973, 18.19697 ], [ -66.48939, 18.19699 ], [ -66.48894, 18.19725 ], [ -66.4886, 18.19727 ], [ -66.48744, 18.19657 ], [ -66.48707, 18.19656 ], [ -66.48677, 18.19644 ], [ -66.48656, 18.19648 ], [ -66.48625, 18.19673 ], [ -66.48537, 18.19793 ], [ -66.48435, 18.19812 ], [ -66.4833, 18.1986 ], [ -66.48299, 18.19867 ], [ -66.48278, 18.19849 ], [ -66.48261, 18.19802 ], [ -66.48242, 18.19788 ], [ -66.48131, 18.19787 ], [ -66.48093, 18.1978 ], [ -66.4803, 18.19734 ], [ -66.48001, 18.19727 ] ] } },
{ "type": "Feature", "properties": { "gnis_name": null, "streamorde": 1, "lengthkm": 2.764, "totdasqkm": 2.21929993, "slope": 0.16798423 }, "geometry": { "type": "LineString", "coordinates": [ [ -66.44648, 18.17108 ], [ -66.4467, 18.17068 ], [ -66.44669, 18.17031 ], [ -66.44646, 18.1699 ], [ -66.44554, 18.16907 ], [ -66.44547, 18.16893 ], [ -66.4453, 18.16817 ], [ -66.44503, 18.16779 ], [ -66.44521, 18.16694 ], [ -66.44487, 18.16613 ], [ -66.44463, 18.16588 ], [ -66.4442, 18.16568 ], [ -66.44375, 18.16533 ], [ -66.44264, 18.16386 ], [ -66.44171, 18.16336 ], [ -66.44131, 18.16322 ], [ -66.44024, 18.16321 ], [ -66.43937, 18.16286 ], [ -66.4393, 18.16277 ], [ -66.43929, 18.1624 ], [ -66.43866, 18.16204 ], [ -66.43799, 18.1615 ], [ -66.43778, 18.16142 ], [ -66.43701, 18.16149 ], [ -66.43668, 18.1614 ], [ -66.43625, 18.16066 ], [ -66.43594, 18.16048 ], [ -66.4352, 18.16034 ], [ -66.43425, 18.1603 ], [ -66.43336, 18.15999 ], [ -66.43251, 18.16 ], [ -66.43094, 18.15949 ], [ -66.43022, 18.15874 ], [ -66.43013, 18.15848 ], [ -66.43011, 18.15795 ], [ -66.42976, 18.15765 ], [ -66.42971, 18.15702 ], [ -66.42964, 18.15687 ], [ -66.42945, 18.15677 ] ] } },
{ "type": "Feature", "properties": { "gnis_name": "Río Yahuecas", "streamorde": 3, "lengthkm": 0.19996422, "totdasqkm": 10.10859998, "slope": 0.00040007 }, "geometry": { "type": "LineString", "coordinates": [ [ -66.79989, 18.17413 ], [ -66.80012, 18.1742 ], [ -66.80059, 18.17466 ], [ -66.80098, 18.17489 ], [ -66.80149, 18.17489 ] ] } },
{ "type": "Feature", "properties": { "gnis_name": null, "streamorde": 1, "lengthkm": 0.673, "totdasqkm": 0.44050005, "slope": 0.09211169 }, "geometry": { "type": "LineString", "coordinates": [ [ -66.83591, 18.13145 ], [ -66.83556, 18.13054 ], [ -66.83508, 18.13047 ], [ -66.83477, 18.13015 ], [ -66.8345, 18.13006 ], [ -66.83422, 18.12983 ], [ -66.83349, 18.12972 ], [ -66.83293, 18.12928 ], [ -66.83243, 18.12911 ], [ -66.83173, 18.1285 ], [ -66.83138, 18.12789 ] ] } },
{ "type": "Feature", "properties": { "gnis_name": null, "streamorde": 1, "lengthkm": 2.20303078, "totdasqkm": 1.28350006, "slope": 0.19829953 }, "geometry": { "type": "LineString", "coordinates": [ [ -66.82054, 18.13141 ], [ -66.82106, 18.13092 ], [ -66.8218, 18.13001 ], [ -66.82242, 18.12897 ], [ -66.82311, 18.12834 ], [ -66.8237, 18.1276 ], [ -66.82422, 18.12736 ], [ -66.825, 18.12677 ], [ -66.8257, 18.1265 ], [ -66.82631, 18.12648 ], [ -66.82649, 18.12635 ], [ -66.82677, 18.12567 ], [ -66.82788, 18.12409 ], [ -66.82781, 18.12337 ], [ -66.82769, 18.12302 ], [ -66.82778, 18.12232 ], [ -66.82774, 18.12143 ], [ -66.82793, 18.12098 ], [ -66.82771, 18.11958 ], [ -66.8275, 18.11928 ], [ -66.82664, 18.11849 ], [ -66.82681, 18.11775 ], [ -66.82645, 18.11701 ], [ -66.82537, 18.11668 ], [ -66.82506, 18.11624 ] ] } },
{ "type": "Feature", "properties": { "gnis_name": "Río Prieto", "streamorde": 2, "lengthkm": 3.439, "totdasqkm": 4.71599994, "slope": 0.05311719 }, "geometry": { "type": "LineString", "coordinates": [ [ -66.85242, 18.19891 ], [ -66.8525, 18.19918 ], [ -66.85296, 18.19943 ], [ -66.853, 18.1996 ], [ -66.85287, 18.20004 ], [ -66.85292, 18.20014 ], [ -66.85332, 18.20037 ], [ -66.85336, 18.20073 ], [ -66.85318, 18.20191 ], [ -66.85326, 18.20251 ], [ -66.85307, 18.20286 ], [ -66.85336, 18.20304 ], [ -66.85349, 18.20338 ], [ -66.85329, 18.20402 ], [ -66.85231, 18.20453 ], [ -66.85208, 18.20479 ], [ -66.85203, 18.20509 ], [ -66.85233, 18.20572 ], [ -66.85243, 18.20655 ], [ -66.85265, 18.20675 ], [ -66.85288, 18.20683 ], [ -66.85417, 18.20683 ], [ -66.85432, 18.20708 ], [ -66.85411, 18.20733 ], [ -66.85407, 18.20782 ], [ -66.85417, 18.20804 ], [ -66.85441, 18.20823 ], [ -66.85597, 18.20857 ], [ -66.8577, 18.20908 ], [ -66.85826, 18.20976 ], [ -66.85965, 18.21025 ], [ -66.86051, 18.21143 ], [ -66.86051, 18.21168 ], [ -66.86001, 18.21177 ], [ -66.85981, 18.21203 ], [ -66.85991, 18.21254 ], [ -66.8603, 18.213 ], [ -66.8607, 18.21316 ], [ -66.86102, 18.21309 ], [ -66.86128, 18.21286 ], [ -66.86151, 18.21229 ], [ -66.86174, 18.21205 ], [ -66.86202, 18.21202 ], [ -66.86262, 18.21221 ], [ -66.86294, 18.21234 ], [ -66.863, 18.21251 ], [ -66.86273, 18.21315 ], [ -66.86296, 18.21347 ], [ -66.86337, 18.2136 ], [ -66.86427, 18.21324 ], [ -66.86457, 18.21326 ], [ -66.86474, 18.21336 ], [ -66.86459, 18.21425 ], [ -66.86436, 18.21469 ], [ -66.86437, 18.21496 ], [ -66.86448, 18.21511 ], [ -66.86474, 18.21516 ], [ -66.86549, 18.21502 ] ] } },
{ "type": "Feature", "properties": { "gnis_name": null, "streamorde": 1, "lengthkm": 1.46040903, "totdasqkm": 0.48389998, "slope": 0.05280765 }, "geometry": { "type": "LineString", "coordinates": [ [ -66.89594, 18.05459 ], [ -66.89546, 18.05495 ], [ -66.89454, 18.05509 ], [ -66.89428, 18.05504 ], [ -66.89365, 18.05447 ], [ -66.89316, 18.05424 ], [ -66.8927, 18.0543 ], [ -66.89168, 18.05474 ], [ -66.8908, 18.05453 ], [ -66.88999, 18.05405 ], [ -66.88932, 18.0533 ], [ -66.8887, 18.05304 ], [ -66.88821, 18.05256 ], [ -66.88699, 18.05218 ], [ -66.88629, 18.05181 ], [ -66.88545, 18.05119 ], [ -66.88438, 18.05018 ] ] } },
{ "type": "Feature", "properties": { "gnis_name": null, "streamorde": 1, "lengthkm": 0.889, "totdasqkm": 0.69040004, "slope": 0.17498098 }, "geometry": { "type": "LineString", "coordinates": [ [ -66.89272, 18.10849 ], [ -66.89332, 18.10822 ], [ -66.89351, 18.10788 ], [ -66.89381, 18.10759 ], [ -66.89386, 18.10738 ], [ -66.89371, 18.10672 ], [ -66.89377, 18.10647 ], [ -66.89397, 18.10614 ], [ -66.89435, 18.10577 ], [ -66.89479, 18.10565 ], [ -66.89493, 18.10551 ], [ -66.89536, 18.10408 ], [ -66.89517, 18.10324 ], [ -66.8952, 18.10298 ], [ -66.89563, 18.10255 ], [ -66.89625, 18.10224 ] ] } },
{ "type": "Feature", "properties": { "gnis_name": "Río Guayo", "streamorde": 3, "lengthkm": 0.05860054, "totdasqkm": 25.01340019, "slope": 0.06382193 }, "geometry": { "type": "LineString", "coordinates": [ [ -66.83506, 18.21003 ], [ -66.83489, 18.21054 ] ] } }
]
}
