{
"type": "FeatureCollection",
"name": "transfers_canals",
"crs": { "type": "name", "properties": { "name": "urn:ogc:def:crs:OGC:1.3:CRS84" } },
"xy_coordinate_resolution": 1e-05,
"features": [
{ "type": "Feature", "properties": { "fcode": 33600, "label": "Canal or ditch", "name": "Canal Principal De Riego Valle De Lajas", "source": "NHDPlus HR network flowline", "length_mi": 0.65, "directed": true, "direction": "recorded" }, "geometry": { "type": "LineString", "coordinates": [ [ -66.91978, 18.03425 ], [ -66.91987, 18.03426 ], [ -66.9201, 18.03431 ], [ -66.92028, 18.03432 ], [ -66.92039, 18.03433 ], [ -66.92056, 18.03433 ], [ -66.92115, 18.03433 ], [ -66.9215, 18.03435 ], [ -66.92193, 18.03441 ], [ -66.92205, 18.03446 ], [ -66.92225, 18.03461 ], [ -66.92227, 18.03461 ], [ -66.92234, 18.03462 ], [ -66.92245, 18.0346 ], [ -66.92269, 18.03451 ], [ -66.92287, 18.03446 ], [ -66.92298, 18.03444 ], [ -66.9231, 18.03446 ], [ -66.92343, 18.03453 ], [ -66.9237, 18.03458 ], [ -66.92378, 18.03461 ], [ -66.92383, 18.03466 ], [ -66.92385, 18.03471 ], [ -66.92387, 18.03481 ], [ -66.92388, 18.03494 ], [ -66.9239, 18.03511 ], [ -66.92391, 18.03526 ], [ -66.92399, 18.03537 ], [ -66.92409, 18.03542 ], [ -66.92437, 18.03549 ], [ -66.92451, 18.03554 ], [ -66.92462, 18.03557 ], [ -66.92472, 18.03564 ], [ -66.92477, 18.0357 ], [ -66.92487, 18.03588 ], [ -66.925, 18.03608 ], [ -66.92511, 18.0362 ], [ -66.92527, 18.03625 ], [ -66.92541, 18.03626 ], [ -66.92573, 18.03621 ], [ -66.92605, 18.03618 ], [ -66.92623, 18.03615 ], [ -66.92633, 18.03611 ], [ -66.92648, 18.03601 ], [ -66.92662, 18.03589 ], [ -66.92674, 18.03582 ], [ -66.92686, 18.03577 ], [ -66.92702, 18.03574 ], [ -66.92723, 18.0357 ], [ -66.92736, 18.03569 ], [ -66.92744, 18.0357 ], [ -66.92755, 18.03575 ], [ -66.92764, 18.0358 ], [ -66.92772, 18.03588 ], [ -66.92778, 18.03598 ], [ -66.92787, 18.03615 ], [ -66.92799, 18.03635 ] ] } },
{ "type": "Feature", "properties": { "fcode": 33600, "label": "Canal or ditch", "name": null, "source": "NHDPlus HR network flowline", "length_mi": 0.45, "directed": true, "direction": "recorded" }, "geometry": { "type": "LineString", "coordinates": [ [ -66.81578, 17.98012 ], [ -66.80911, 17.97837 ] ] } },
{ "type": "Feature", "properties": { "fcode": 33600, "label": "Canal or ditch", "name": null, "source": "NHDPlus HR network flowline", "length_mi": 1.55, "directed": true, "direction": "recorded" }, "geometry": { "type": "LineString", "coordinates": [ [ -67.0414, 18.02703 ], [ -67.03961, 18.02683 ], [ -67.03944, 18.02677 ], [ -67.03734, 18.02652 ], [ -67.03737, 18.02606 ], [ -67.03784, 18.0232 ], [ -67.03847, 18.01944 ], [ -67.03904, 18.01594 ], [ -67.03943, 18.01361 ], [ -67.04075, 18.01359 ], [ -67.04086, 18.01216 ], [ -67.0411, 18.00944 ], [ -67.04112, 18.00933 ] ] } },
{ "type": "Feature", "properties": { "fcode": 33600, "label": "Canal or ditch", "name": null, "source": "NHDPlus HR network flowline", "length_mi": 0.38, "directed": true, "direction": "recorded" }, "geometry": { "type": "LineString", "coordinates": [ [ -66.97955, 18.01971 ], [ -66.9798, 18.01784 ], [ -66.98002, 18.01619 ], [ -66.98028, 18.0143 ] ] } },
{ "type": "Feature", "properties": { "fcode": 33600, "label": "Canal or ditch", "name": null, "source": "NHDPlus HR network flowline", "length_mi": 0.11, "directed": true, "direction": "recorded" }, "geometry": { "type": "LineString", "coordinates": [ [ -66.51052, 18.17434 ], [ -66.51049, 18.17456 ], [ -66.51048, 18.17464 ], [ -66.51045, 18.17471 ], [ -66.51039, 18.17473 ], [ -66.51032, 18.17472 ], [ -66.51025, 18.17469 ], [ -66.51015, 18.17464 ], [ -66.51003, 18.1746 ], [ -66.5099, 18.1746 ], [ -66.50972, 18.17464 ], [ -66.50955, 18.1747 ], [ -66.50936, 18.17486 ], [ -66.50935, 18.17496 ] ] } },
{ "type": "Feature", "properties": { "fcode": 33600, "label": "Canal or ditch", "name": null, "source": "NHDPlus HR network flowline", "length_mi": 0.23, "directed": true, "direction": "recorded" }, "geometry": { "type": "LineString", "coordinates": [ [ -66.93778, 18.02412 ], [ -66.93775, 18.02404 ], [ -66.93775, 18.02386 ], [ -66.9378, 18.02366 ], [ -66.93793, 18.02318 ], [ -66.93803, 18.02284 ], [ -66.93812, 18.02254 ], [ -66.93823, 18.02206 ], [ -66.93854, 18.02092 ], [ -66.93855, 18.02087 ] ] } },
{ "type": "Feature", "properties": { "fcode": 33600, "label": "Canal or ditch", "name": null, "source": "NHDPlus HR network flowline", "length_mi": 0.27, "directed": true, "direction": "recorded" }, "geometry": { "type": "LineString", "coordinates": [ [ -66.56506, 17.97287 ], [ -66.56472, 17.9716 ], [ -66.56459, 17.9711 ], [ -66.56456, 17.97088 ], [ -66.56451, 17.97058 ], [ -66.56441, 17.97041 ], [ -66.56442, 17.97026 ], [ -66.56435, 17.97006 ], [ -66.56426, 17.96992 ], [ -66.56422, 17.96971 ], [ -66.56421, 17.96949 ], [ -66.56418, 17.96931 ], [ -66.56414, 17.96914 ] ] } },
{ "type": "Feature", "properties": { "fcode": 33600, "label": "Canal or ditch", "name": null, "source": "NHDPlus HR network flowline", "length_mi": 0.19, "directed": true, "direction": "recorded" }, "geometry": { "type": "LineString", "coordinates": [ [ -66.97251, 18.02239 ], [ -66.97278, 18.01963 ] ] } },
{ "type": "Feature", "properties": { "fcode": 33600, "label": "Canal or ditch", "name": "Caño Majagual", "source": "NHDPlus HR network flowline", "length_mi": 0.7, "directed": true, "direction": "recorded" }, "geometry": { "type": "LineString", "coordinates": [ [ -67.15021, 18.18958 ], [ -67.15028, 18.18956 ], [ -67.15051, 18.18948 ], [ -67.15099, 18.18929 ], [ -67.15131, 18.1891 ], [ -67.15155, 18.18898 ], [ -67.15183, 18.18882 ], [ -67.15212, 18.18863 ], [ -67.15224, 18.18854 ], [ -67.15245, 18.18842 ], [ -67.15259, 18.18831 ], [ -67.15273, 18.18818 ], [ -67.1528, 18.18806 ], [ -67.15286, 18.1879 ], [ -67.15291, 18.18776 ], [ -67.15301, 18.18763 ], [ -67.15313, 18.18754 ], [ -67.15326, 18.18745 ], [ -67.15352, 18.18736 ], [ -67.15376, 18.1873 ], [ -67.1542, 18.18719 ], [ -67.15454, 18.18708 ], [ -67.15497, 18.18698 ], [ -67.15531, 18.18692 ], [ -67.15553, 18.18687 ], [ -67.15576, 18.18682 ], [ -67.15597, 18.18678 ], [ -67.1562, 18.18677 ], [ -67.15637, 18.18679 ], [ -67.1567, 18.18679 ], [ -67.15704, 18.18681 ], [ -67.15739, 18.18685 ], [ -67.15754, 18.18686 ], [ -67.15772, 18.18692 ], [ -67.15798, 18.18701 ], [ -67.1581, 18.18706 ], [ -67.15837, 18.18709 ], [ -67.15862, 18.18707 ], [ -67.15897, 18.18696 ], [ -67.15924, 18.18683 ], [ -67.15935, 18.18685 ], [ -67.15945, 18.18689 ], [ -67.15952, 18.18694 ], [ -67.15956, 18.18703 ], [ -67.15961, 18.18713 ], [ -67.15966, 18.18725 ] ] } },
{ "type": "Feature", "properties": { "fcode": 33600, "label": "Canal or ditch", "name": null, "source": "NHDPlus HR network flowline", "length_mi": 0.58, "directed": true, "direction": "recorded" }, "geometry": { "type": "LineString", "coordinates": [ [ -66.93855, 18.02087 ], [ -66.93868, 18.0204 ], [ -66.93885, 18.01973 ], [ -66.93901, 18.01915 ], [ -66.93908, 18.0188 ], [ -66.93908, 18.01845 ], [ -66.93912, 18.01825 ], [ -66.93924, 18.01788 ], [ -66.93939, 18.01727 ], [ -66.93946, 18.01701 ], [ -66.9397, 18.01605 ], [ -66.93982, 18.01557 ], [ -66.93997, 18.01503 ], [ -66.94005, 18.01466 ], [ -66.94012, 18.01445 ], [ -66.94016, 18.01438 ], [ -66.94028, 18.01418 ], [ -66.94041, 18.01393 ], [ -66.94044, 18.01381 ], [ -66.94045, 18.01367 ], [ -66.94051, 18.01354 ], [ -66.94055, 18.01341 ], [ -66.94071, 18.01305 ], [ -66.9408, 18.0128 ] ] } },
{ "type": "Feature", "properties": { "fcode": 33600, "label": "Canal or ditch", "name": null, "source": "NHDPlus HR network flowline", "length_mi": 0.12, "directed": true, "direction": "recorded" }, "geometry": { "type": "LineString", "coordinates": [ [ -66.476, 17.99228 ], [ -66.47608, 17.99228 ], [ -66.47782, 17.99222 ] ] } },
{ "type": "Feature", "properties": { "fcode": 33600, "label": "Canal or ditch", "name": null, "source": "NHDPlus HR network flowline", "length_mi": 0.68, "directed": true, "direction": "recorded" }, "geometry": { "type": "LineString", "coordinates": [ [ -66.8816, 18.01399 ], [ -66.8807, 18.01386 ], [ -66.87959, 18.01368 ], [ -66.87932, 18.01308 ], [ -66.8779, 18.01197 ], [ -66.87731, 18.01149 ], [ -66.8772, 18.01136 ], [ -66.87708, 18.01123 ], [ -66.87801, 18.01013 ], [ -66.87772, 18.00905 ], [ -66.87875, 18.00745 ] ] } },
{ "type": "Feature", "properties": { "fcode": 33600, "label": "Canal or ditch", "name": null, "source": "NHDPlus HR network flowline", "length_mi": 0.15, "directed": true, "direction": "recorded" }, "geometry": { "type": "LineString", "coordinates": [ [ -67.04636, 18.02763 ], [ -67.04602, 18.02763 ], [ -67.04547, 18.02751 ], [ -67.0453, 18.0275 ], [ -67.04474, 18.02743 ], [ -67.04438, 18.02738 ], [ -67.04415, 18.02735 ] ] } },
{ "type": "Feature", "properties": { "fcode": 33600, "label": "Canal or ditch", "name": null, "source": "NHDPlus HR network flowline", "length_mi": 0.84, "directed": true, "direction": "recorded" }, "geometry": { "type": "LineString", "coordinates": [ [ -66.77425, 18.01312 ], [ -66.77679, 18.01312 ], [ -66.77697, 18.0131 ], [ -66.77705, 18.01304 ], [ -66.77708, 18.01295 ], [ -66.77711, 18.01279 ], [ -66.77707, 18.00985 ], [ -66.77703, 18.00606 ], [ -66.77703, 18.00565 ], [ -66.77698, 18.00539 ], [ -66.77685, 18.00489 ], [ -66.77673, 18.00448 ], [ -66.77659, 18.0043 ], [ -66.77641, 18.00413 ], [ -66.77619, 18.00392 ], [ -66.7761, 18.00379 ] ] } },
{ "type": "Feature", "properties": { "fcode": 33600, "label": "Canal or ditch", "name": null, "source": "NHDPlus HR network flowline", "length_mi": 0.2, "directed": true, "direction": "recorded" }, "geometry": { "type": "LineString", "coordinates": [ [ -66.94658, 18.01747 ], [ -66.9466, 18.01725 ], [ -66.94665, 18.01697 ], [ -66.94671, 18.01661 ], [ -66.94676, 18.01628 ], [ -66.94676, 18.01592 ], [ -66.94679, 18.01568 ], [ -66.94692, 18.01535 ], [ -66.94699, 18.01499 ], [ -66.947, 18.01486 ], [ -66.94703, 18.01475 ], [ -66.94704, 18.0146 ] ] } },
{ "type": "Feature", "properties": { "fcode": 33600, "label": "Canal or ditch", "name": "Caño Majagual", "source": "NHDPlus HR network flowline", "length_mi": 1.02, "directed": true, "direction": "recorded" }, "geometry": { "type": "LineString", "coordinates": [ [ -67.13198, 18.1905 ], [ -67.132, 18.19048 ], [ -67.13205, 18.19042 ], [ -67.13211, 18.19036 ], [ -67.1322, 18.19025 ], [ -67.13227, 18.19009 ], [ -67.13233, 18.18996 ], [ -67.13241, 18.18987 ], [ -67.13249, 18.1898 ], [ -67.13271, 18.1897 ], [ -67.13301, 18.18959 ], [ -67.13333, 18.18944 ], [ -67.13354, 18.18933 ], [ -67.13384, 18.18915 ], [ -67.13399, 18.18901 ], [ -67.13415, 18.18889 ], [ -67.13437, 18.18881 ], [ -67.13456, 18.18878 ], [ -67.13475, 18.1888 ], [ -67.13494, 18.18884 ], [ -67.13516, 18.1889 ], [ -67.13542, 18.18899 ], [ -67.13568, 18.18908 ], [ -67.13586, 18.18921 ], [ -67.13599, 18.18932 ], [ -67.13607, 18.18945 ], [ -67.13618, 18.18968 ], [ -67.13629, 18.18983 ], [ -67.13644, 18.18995 ], [ -67.13645, 18.18996 ], [ -67.1366, 18.1901 ], [ -67.13665, 18.19013 ], [ -67.13673, 18.19015 ], [ -67.1368, 18.19016 ], [ -67.1369, 18.19016 ], [ -67.13715, 18.19024 ], [ -67.13736, 18.19024 ], [ -67.13746, 18.19021 ], [ -67.13752, 18.19018 ], [ -67.13762, 18.19011 ], [ -67.13768, 18.1901 ], [ -67.13771, 18.19013 ], [ -67.13775, 18.1902 ], [ -67.13778, 18.19025 ], [ -67.13783, 18.1903 ], [ -67.13797, 18.19044 ], [ -67.13812, 18.19053 ], [ -67.13819, 18.19061 ], [ -67.13833, 18.19074 ], [ -67.13844, 18.19084 ], [ -67.13859, 18.19092 ], [ -67.13876, 18.19102 ], [ -67.13888, 18.19107 ], [ -67.13894, 18.19111 ], [ -67.13899, 18.19116 ], [ -67.13905, 18.19119 ], [ -67.13914, 18.19122 ], [ -67.13924, 18.19121 ], [ -67.13937, 18.19125 ], [ -67.13955, 18.1913 ], [ -67.13969, 18.19135 ], [ -67.1399, 18.19144 ], [ -67.14014, 18.19152 ], [ -67.1404, 18.19162 ], [ -67.14071, 18.19174 ], [ -67.14102, 18.19184 ], [ -67.14137, 18.19197 ], [ -67.14167, 18.19207 ], [ -67.1418, 18.19211 ], [ -67.1419, 18.19211 ], [ -67.14201, 18.19212 ], [ -67.14213, 18.19216 ], [ -67.14239, 18.19228 ], [ -67.14247, 18.19237 ], [ -67.14253, 18.19242 ], [ -67.14266, 18.19245 ], [ -67.14279, 18.19245 ], [ -67.14316, 18.19249 ], [ -67.14331, 18.1925 ], [ -67.14349, 18.19248 ], [ -67.14378, 18.19245 ], [ -67.14416, 18.19239 ], [ -67.14551, 18.1922 ] ] } },
{ "type": "Feature", "properties": { "fcode": 33600, "label": "Canal or ditch", "name": null, "source": "NHDPlus HR network flowline", "length_mi": 0.6, "directed": true, "direction": "recorded" }, "geometry": { "type": "LineString", "coordinates": [ [ -66.95581, 18.01522 ], [ -66.956, 18.01103 ], [ -66.95618, 18.00651 ] ] } },
{ "type": "Feature", "properties": { "fcode": 33600, "label": "Canal or ditch", "name": null, "source": "NHDPlus HR network flowline", "length_mi": 0.11, "directed": true, "direction": "recorded" }, "geometry": { "type": "LineString", "coordinates": [ [ -66.99234, 18.01189 ], [ -66.9919, 18.01166 ], [ -66.99134, 18.01139 ], [ -66.9909, 18.01113 ], [ -66.99089, 18.01113 ] ] } },
{ "type": "Feature", "properties": { "fcode": 33600, "label": "Canal or ditch", "name": null, "source": "NHDPlus HR network flowline", "length_mi": 0.22, "directed": true, "direction": "recorded" }, "geometry": { "type": "LineString", "coordinates": [ [ -67.0028, 18.01961 ], [ -67.00258, 18.01957 ], [ -67.00318, 18.01672 ] ] } },
{ "type": "Feature", "properties": { "fcode": 33600, "label": "Canal or ditch", "name": null, "source": "NHDPlus HR network flowline", "length_mi": 0.42, "directed": true, "direction": "recorded" }, "geometry": { "type": "LineString", "coordinates": [ [ -67.06462, 18.01319 ], [ -67.06164, 18.01246 ], [ -67.06033, 18.01212 ], [ -67.05846, 18.01172 ] ] } },
{ "type": "Feature", "properties": { "fcode": 33600, "label": "Canal or ditch", "name": null, "source": "NHDPlus HR network flowline", "length_mi": 0.02, "directed": true, "direction": "recorded" }, "geometry": { "type": "LineString", "coordinates": [ [ -66.4795, 17.99216 ], [ -66.47949, 17.99183 ] ] } },
{ "type": "Feature", "properties": { "fcode": 33600, "label": "Canal or ditch", "name": null, "source": "NHDPlus HR network flowline", "length_mi": 0.74, "directed": true, "direction": "recorded" }, "geometry": { "type": "LineString", "coordinates": [ [ -67.11126, 18.01254 ], [ -67.11226, 18.0128 ], [ -67.1141, 18.01326 ], [ -67.11434, 18.01331 ], [ -67.11447, 18.01329 ], [ -67.11539, 18.01326 ], [ -67.11651, 18.01312 ], [ -67.11818, 18.01283 ], [ -67.1207, 18.01252 ], [ -67.12126, 18.01251 ], [ -67.12159, 18.0124 ], [ -67.12229, 18.0124 ] ] } },
{ "type": "Feature", "properties": { "fcode": 33600, "label": "Canal or ditch", "name": null, "source": "NHDPlus HR network flowline", "length_mi": 0.27, "directed": true, "direction": "recorded" }, "geometry": { "type": "LineString", "coordinates": [ [ -67.06871, 18.01425 ], [ -67.06655, 18.01367 ], [ -67.06591, 18.0135 ], [ -67.06474, 18.01322 ] ] } },
{ "type": "Feature", "properties": { "fcode": 33600, "label": "Canal or ditch", "name": null, "source": "NHDPlus HR network flowline", "length_mi": 0.58, "directed": true, "direction": "recorded" }, "geometry": { "type": "LineString", "coordinates": [ [ -66.9408, 18.0128 ], [ -66.94101, 18.01234 ], [ -66.94109, 18.01219 ], [ -66.94128, 18.01173 ], [ -66.94155, 18.01112 ], [ -66.94198, 18.01007 ], [ -66.942, 18.01006 ], [ -66.94213, 18.00979 ], [ -66.94222, 18.00956 ], [ -66.94238, 18.00913 ], [ -66.94258, 18.00873 ], [ -66.94287, 18.00806 ], [ -66.94331, 18.00698 ], [ -66.94368, 18.00607 ], [ -66.94415, 18.00503 ], [ -66.94418, 18.00495 ] ] } },
{ "type": "Feature", "properties": { "fcode": 33600, "label": "Canal or ditch", "name": null, "source": "NHDPlus HR network flowline", "length_mi": 0.52, "directed": true, "direction": "recorded" }, "geometry": { "type": "LineString", "coordinates": [ [ -67.04112, 18.00933 ], [ -67.04101, 18.00929 ], [ -67.04067, 18.00915 ], [ -67.04029, 18.00901 ], [ -67.04001, 18.00892 ], [ -67.03977, 18.00886 ], [ -67.03949, 18.00877 ], [ -67.03913, 18.00865 ], [ -67.03881, 18.00856 ], [ -67.03851, 18.00847 ], [ -67.03832, 18.00841 ], [ -67.03817, 18.00837 ], [ -67.03803, 18.00831 ], [ -67.03792, 18.00829 ], [ -67.03783, 18.00826 ], [ -67.03779, 18.00823 ], [ -67.03773, 18.00823 ], [ -67.03766, 18.0082 ], [ -67.03758, 18.00818 ], [ -67.03749, 18.00817 ], [ -67.03726, 18.0081 ], [ -67.03704, 18.00804 ], [ -67.03683, 18.00799 ], [ -67.03667, 18.00795 ], [ -67.03654, 18.00791 ], [ -67.0364, 18.00786 ], [ -67.0361, 18.00777 ], [ -67.03598, 18.00774 ], [ -67.03576, 18.00767 ], [ -67.03545, 18.00758 ], [ -67.0353, 18.00752 ], [ -67.03513, 18.00747 ], [ -67.03505, 18.00746 ], [ -67.03496, 18.00743 ], [ -67.03479, 18.00737 ], [ -67.03464, 18.00733 ], [ -67.03446, 18.00726 ], [ -67.03431, 18.00722 ], [ -67.03398, 18.00709 ], [ -67.03364, 18.00701 ] ] } },
{ "type": "Feature", "properties": { "fcode": 33600, "label": "Canal or ditch", "name": null, "source": "NHDPlus HR network flowline", "length_mi": 0.16, "directed": true, "direction": "recorded" }, "geometry": { "type": "LineString", "coordinates": [ [ -67.13218, 18.01153 ], [ -67.13251, 18.01145 ], [ -67.13338, 18.01122 ], [ -67.13405, 18.01101 ], [ -67.13455, 18.01092 ] ] } },
{ "type": "Feature", "properties": { "fcode": 33600, "label": "Canal or ditch", "name": null, "source": "NHDPlus HR network flowline", "length_mi": 0.43, "directed": true, "direction": "recorded" }, "geometry": { "type": "LineString", "coordinates": [ [ -66.84166, 17.99231 ], [ -66.84178, 17.99314 ], [ -66.8418, 17.9934 ], [ -66.84145, 17.99359 ], [ -66.8417, 17.99564 ], [ -66.84091, 17.99722 ], [ -66.84069, 17.99765 ], [ -66.84048, 17.99803 ] ] } },
{ "type": "Feature", "properties": { "fcode": 33600, "label": "Canal or ditch", "name": null, "source": "NHDPlus HR network flowline", "length_mi": 0.06, "directed": true, "direction": "recorded" }, "geometry": { "type": "LineString", "coordinates": [ [ -67.10789, 18.01239 ], [ -67.10803, 18.01239 ], [ -67.10839, 18.01236 ], [ -67.10883, 18.01238 ] ] } },
{ "type": "Feature", "properties": { "fcode": 33600, "label": "Canal or ditch", "name": null, "source": "NHDPlus HR network flowline", "length_mi": 0.27, "directed": true, "direction": "recorded" }, "geometry": { "type": "LineString", "coordinates": [ [ -66.99419, 18.01706 ], [ -66.99466, 18.01517 ], [ -66.99502, 18.01368 ], [ -66.99511, 18.01326 ] ] } },
{ "type": "Feature", "properties": { "fcode": 33600, "label": "Canal or ditch", "name": null, "source": "NHDPlus HR network flowline", "length_mi": 0.01, "directed": true, "direction": "recorded" }, "geometry": { "type": "LineString", "coordinates": [ [ -67.06474, 18.01322 ], [ -67.06462, 18.01319 ] ] } },
{ "type": "Feature", "properties": { "fcode": 33600, "label": "Canal or ditch", "name": null, "source": "NHDPlus HR network flowline", "length_mi": 0.6, "directed": true, "direction": "recorded" }, "geometry": { "type": "LineString", "coordinates": [ [ -66.97591, 18.01885 ], [ -66.97603, 18.01695 ], [ -66.97611, 18.01504 ], [ -66.97614, 18.01432 ], [ -66.97618, 18.01409 ], [ -66.97627, 18.01405 ], [ -66.97682, 18.01408 ], [ -66.97955, 18.01425 ], [ -66.9802, 18.01429 ], [ -66.98028, 18.0143 ] ] } },
{ "type": "Feature", "properties": { "fcode": 33600, "label": "Canal or ditch", "name": null, "source": "NHDPlus HR network flowline", "length_mi": 0.02, "directed": true, "direction": "recorded" }, "geometry": { "type": "LineString", "coordinates": [ [ -67.00608, 18.00476 ], [ -67.00586, 18.00483 ] ] } },
{ "type": "Feature", "properties": { "fcode": 33600, "label": "Canal or ditch", "name": null, "source": "NHDPlus HR network flowline", "length_mi": 0.01, "directed": true, "direction": "recorded" }, "geometry": { "type": "LineString", "coordinates": [ [ -66.50683, 18.19362 ], [ -66.50695, 18.19351 ] ] } },
{ "type": "Feature", "properties": { "fcode": 33600, "label": "Canal or ditch", "name": null, "source": "NHDPlus HR network flowline", "length_mi": 0.12, "directed": true, "direction": "recorded" }, "geometry": { "type": "LineString", "coordinates": [ [ -66.94704, 18.0146 ], [ -66.94703, 18.01448 ], [ -66.94704, 18.01443 ], [ -66.94705, 18.01436 ], [ -66.94707, 18.01417 ], [ -66.9471, 18.01397 ], [ -66.94712, 18.0138 ], [ -66.94713, 18.01357 ], [ -66.94714, 18.01349 ], [ -66.94725, 18.01282 ] ] } },
{ "type": "Feature", "properties": { "fcode": 33600, "label": "Canal or ditch", "name": null, "source": "NHDPlus HR network flowline", "length_mi": 0.44, "directed": true, "direction": "recorded" }, "geometry": { "type": "LineString", "coordinates": [ [ -67.06588, 18.01766 ], [ -67.06622, 18.01767 ], [ -67.06811, 18.01768 ], [ -67.06956, 18.01769 ], [ -67.07099, 18.01771 ], [ -67.07259, 18.01776 ] ] } },
{ "type": "Feature", "properties": { "fcode": 33600, "label": "Canal or ditch", "name": "Canal Principal De Riego Valle De Lajas", "source": "NHDPlus HR network flowline", "length_mi": 0.18, "directed": true, "direction": "recorded" }, "geometry": { "type": "LineString", "coordinates": [ [ -67.01913, 18.04833 ], [ -67.01929, 18.04842 ], [ -67.01956, 18.04858 ], [ -67.01978, 18.04872 ], [ -67.01986, 18.04876 ], [ -67.01993, 18.04878 ], [ -67.02003, 18.04879 ], [ -67.0203, 18.0488 ], [ -67.02045, 18.04881 ], [ -67.02059, 18.04882 ], [ -67.02066, 18.0488 ], [ -67.02075, 18.04875 ], [ -67.02084, 18.04865 ], [ -67.02106, 18.04837 ], [ -67.02118, 18.04822 ], [ -67.02132, 18.04815 ], [ -67.0214, 18.04814 ] ] } },
{ "type": "Feature", "properties": { "fcode": 33600, "label": "Canal or ditch", "name": null, "source": "NHDPlus HR network flowline", "length_mi": 0.06, "directed": true, "direction": "recorded" }, "geometry": { "type": "LineString", "coordinates": [ [ -67.04202, 18.00968 ], [ -67.04146, 18.00947 ], [ -67.04134, 18.0094 ], [ -67.04123, 18.00936 ], [ -67.04112, 18.00933 ] ] } },
{ "type": "Feature", "properties": { "fcode": 33600, "label": "Canal or ditch", "name": null, "source": "NHDPlus HR network flowline", "length_mi": 0.03, "directed": true, "direction": "recorded" }, "geometry": { "type": "LineString", "coordinates": [ [ -66.94744, 18.0114 ], [ -66.94749, 18.01095 ] ] } },
{ "type": "Feature", "properties": { "fcode": 33600, "label": "Canal or ditch", "name": null, "source": "NHDPlus HR network flowline", "length_mi": 0.5, "directed": true, "direction": "recorded" }, "geometry": { "type": "LineString", "coordinates": [ [ -66.94797, 18.02337 ], [ -66.94808, 18.02312 ], [ -66.94809, 18.02295 ], [ -66.94814, 18.02286 ], [ -66.94818, 18.02267 ], [ -66.94828, 18.02223 ], [ -66.94848, 18.02171 ], [ -66.94857, 18.02158 ], [ -66.94859, 18.02134 ], [ -66.94855, 18.02125 ], [ -66.94841, 18.0212 ], [ -66.94833, 18.02117 ], [ -66.94823, 18.02114 ], [ -66.94807, 18.02111 ], [ -66.94789, 18.02105 ], [ -66.94772, 18.02095 ], [ -66.94759, 18.02089 ], [ -66.94733, 18.0208 ], [ -66.9469, 18.02063 ], [ -66.94665, 18.02043 ], [ -66.94651, 18.02025 ], [ -66.94644, 18.01999 ], [ -66.94635, 18.01946 ], [ -66.94634, 18.01929 ], [ -66.94633, 18.01902 ], [ -66.94636, 18.0186 ], [ -66.94639, 18.01833 ], [ -66.94645, 18.01809 ], [ -66.94653, 18.01765 ], [ -66.94658, 18.01747 ] ] } },
{ "type": "Feature", "properties": { "fcode": 33600, "label": "Canal or ditch", "name": null, "source": "NHDPlus HR network flowline", "length_mi": 0.6, "directed": true, "direction": "recorded" }, "geometry": { "type": "LineString", "coordinates": [ [ -67.00494, 18.00954 ], [ -67.00392, 18.00931 ], [ -67.0016, 18.00894 ], [ -67.00075, 18.0088 ], [ -66.99962, 18.00862 ], [ -66.99814, 18.0084 ], [ -66.99601, 18.00809 ] ] } },
{ "type": "Feature", "properties": { "fcode": 33600, "label": "Canal or ditch", "name": null, "source": "NHDPlus HR network flowline", "length_mi": 0.78, "directed": true, "direction": "recorded" }, "geometry": { "type": "LineString", "coordinates": [ [ -67.00465, 18.02767 ], [ -67.006, 18.02257 ], [ -67.00663, 18.02027 ], [ -67.0028, 18.01961 ] ] } },
{ "type": "Feature", "properties": { "fcode": 33600, "label": "Canal or ditch", "name": null, "source": "NHDPlus HR network flowline", "length_mi": 0.38, "directed": true, "direction": "recorded" }, "geometry": { "type": "LineString", "coordinates": [ [ -67.04995, 18.01133 ], [ -67.04989, 18.01133 ], [ -67.04983, 18.01135 ], [ -67.04949, 18.01134 ], [ -67.04892, 18.01128 ], [ -67.04879, 18.01126 ], [ -67.04832, 18.01122 ], [ -67.04768, 18.01114 ], [ -67.04657, 18.01094 ], [ -67.0455, 18.0108 ], [ -67.04485, 18.01071 ], [ -67.04423, 18.01061 ] ] } },
{ "type": "Feature", "properties": { "fcode": 33600, "label": "Canal or ditch", "name": "Canal Principal De Riego Valle De Lajas", "source": "NHDPlus HR network flowline", "length_mi": 0.15, "directed": true, "direction": "recorded" }, "geometry": { "type": "LineString", "coordinates": [ [ -66.9118, 18.03406 ], [ -66.91188, 18.03405 ], [ -66.91197, 18.03405 ], [ -66.91206, 18.03408 ], [ -66.91211, 18.03412 ], [ -66.91222, 18.0342 ], [ -66.91231, 18.03427 ], [ -66.91253, 18.03443 ], [ -66.91278, 18.03461 ], [ -66.91313, 18.03488 ], [ -66.91324, 18.03495 ], [ -66.91335, 18.03498 ], [ -66.9135, 18.03499 ], [ -66.9137, 18.035 ] ] } },
{ "type": "Feature", "properties": { "fcode": 33600, "label": "Canal or ditch", "name": null, "source": "NHDPlus HR network flowline", "length_mi": 0.04, "directed": true, "direction": "recorded" }, "geometry": { "type": "LineString", "coordinates": [ [ -66.47536, 17.99231 ], [ -66.476, 17.99228 ] ] } },
{ "type": "Feature", "properties": { "fcode": 33600, "label": "Canal or ditch", "name": null, "source": "NHDPlus HR network flowline", "length_mi": 0.01, "directed": true, "direction": "recorded" }, "geometry": { "type": "LineString", "coordinates": [ [ -66.94725, 18.01282 ], [ -66.94726, 18.01271 ] ] } },
{ "type": "Feature", "properties": { "fcode": 33600, "label": "Canal or ditch", "name": null, "source": "NHDPlus HR network flowline", "length_mi": 1.91, "directed": true, "direction": "recorded" }, "geometry": { "type": "LineString", "coordinates": [ [ -67.03359, 18.00696 ], [ -67.0335, 18.00694 ], [ -67.0332, 18.00682 ], [ -67.03297, 18.00675 ], [ -67.03267, 18.00667 ], [ -67.03234, 18.00657 ], [ -67.03209, 18.0065 ], [ -67.0319, 18.00644 ], [ -67.0317, 18.0064 ], [ -67.03148, 18.00632 ], [ -67.03137, 18.00628 ], [ -67.03108, 18.00621 ], [ -67.03069, 18.00608 ], [ -67.03045, 18.00601 ], [ -67.0301, 18.0059 ], [ -67.02986, 18.00583 ], [ -67.02975, 18.00578 ], [ -67.02965, 18.00577 ], [ -67.02945, 18.00569 ], [ -67.02927, 18.00562 ], [ -67.0291, 18.00557 ], [ -67.02878, 18.00547 ], [ -67.02847, 18.00537 ], [ -67.0282, 18.00529 ], [ -67.02798, 18.00524 ], [ -67.02775, 18.00514 ], [ -67.02736, 18.00502 ], [ -67.0271, 18.00495 ], [ -67.02693, 18.0049 ], [ -67.02671, 18.00482 ], [ -67.02639, 18.00471 ], [ -67.02606, 18.00461 ], [ -67.02591, 18.00455 ], [ -67.02572, 18.00451 ], [ -67.02559, 18.00446 ], [ -67.02547, 18.00442 ], [ -67.02525, 18.00435 ], [ -67.02506, 18.00428 ], [ -67.02479, 18.00419 ], [ -67.02447, 18.00409 ], [ -67.02403, 18.00397 ], [ -67.02277, 18.00354 ], [ -67.02204, 18.00329 ], [ -67.02038, 18.0028 ], [ -67.02032, 18.00278 ], [ -67.01936, 18.00245 ], [ -67.01873, 18.00225 ], [ -67.01793, 18.00196 ], [ -67.01733, 18.00177 ], [ -67.01692, 18.00167 ], [ -67.01651, 18.00159 ], [ -67.01647, 18.00159 ], [ -67.01605, 18.00156 ], [ -67.01554, 18.00166 ], [ -67.01528, 18.00175 ], [ -67.01452, 18.002 ], [ -67.01396, 18.0022 ], [ -67.01347, 18.00236 ], [ -67.01295, 18.00253 ], [ -67.01205, 18.00285 ], [ -67.01139, 18.00305 ], [ -67.01091, 18.0032 ], [ -67.0101, 18.00346 ], [ -67.00931, 18.00372 ], [ -67.00865, 18.00392 ], [ -67.00793, 18.00415 ], [ -67.00728, 18.00438 ], [ -67.00702, 18.00446 ], [ -67.00642, 18.00465 ], [ -67.00608, 18.00476 ] ] } },
{ "type": "Feature", "properties": { "fcode": 33600, "label": "Canal or ditch", "name": "Canal Principal De Riego Valle De Lajas", "source": "NHDPlus HR network flowline", "length_mi": 0.29, "directed": true, "direction": "recorded" }, "geometry": { "type": "LineString", "coordinates": [ [ -66.91538, 18.03448 ], [ -66.9155, 18.03442 ], [ -66.91565, 18.03436 ], [ -66.91579, 18.0343 ], [ -66.91588, 18.03428 ], [ -66.91611, 18.03426 ], [ -66.91651, 18.03424 ], [ -66.91685, 18.03423 ], [ -66.91726, 18.03421 ], [ -66.91754, 18.0342 ], [ -66.91786, 18.03419 ], [ -66.91831, 18.03417 ], [ -66.91864, 18.03416 ], [ -66.91909, 18.03415 ], [ -66.91919, 18.03416 ], [ -66.91931, 18.03416 ], [ -66.91951, 18.03419 ], [ -66.91959, 18.03421 ], [ -66.91978, 18.03425 ] ] } },
{ "type": "Feature", "properties": { "fcode": 33600, "label": "Canal or ditch", "name": null, "source": "NHDPlus HR network flowline", "length_mi": 0.54, "directed": true, "direction": "recorded" }, "geometry": { "type": "LineString", "coordinates": [ [ -66.87875, 18.00745 ], [ -66.8793, 18.00653 ], [ -66.88049, 18.00563 ], [ -66.88132, 18.0056 ], [ -66.88272, 18.00479 ], [ -66.88291, 18.00409 ], [ -66.88295, 18.00407 ], [ -66.88307, 18.00186 ] ] } },
{ "type": "Feature", "properties": { "fcode": 33600, "label": "Canal or ditch", "name": null, "source": "NHDPlus HR network flowline", "length_mi": 0.28, "directed": true, "direction": "recorded" }, "geometry": { "type": "LineString", "coordinates": [ [ -66.98028, 18.0143 ], [ -66.98055, 18.01201 ], [ -66.98078, 18.01021 ] ] } },
{ "type": "Feature", "properties": { "fcode": 33600, "label": "Canal or ditch", "name": null, "source": "NHDPlus HR network flowline", "length_mi": 0.07, "directed": true, "direction": "recorded" }, "geometry": { "type": "LineString", "coordinates": [ [ -66.48183, 17.99172 ], [ -66.48176, 17.9913 ], [ -66.48189, 17.99101 ], [ -66.48199, 17.99075 ] ] } },
{ "type": "Feature", "properties": { "fcode": 33600, "label": "Canal or ditch", "name": "Canal Principal De Riego Valle De Lajas", "source": "NHDPlus HR network flowline", "length_mi": 0.02, "directed": true, "direction": "recorded" }, "geometry": { "type": "LineString", "coordinates": [ [ -67.10406, 18.03757 ], [ -67.10436, 18.03757 ] ] } },
{ "type": "Feature", "properties": { "fcode": 33600, "label": "Canal or ditch", "name": null, "source": "NHDPlus HR network flowline", "length_mi": 0.42, "directed": true, "direction": "recorded" }, "geometry": { "type": "LineString", "coordinates": [ [ -66.94626, 18.02927 ], [ -66.9465, 18.02817 ], [ -66.94658, 18.02788 ], [ -66.94662, 18.02772 ], [ -66.94672, 18.02728 ], [ -66.94685, 18.0267 ], [ -66.94734, 18.02528 ], [ -66.94754, 18.02467 ], [ -66.94764, 18.02442 ], [ -66.94789, 18.02358 ], [ -66.94797, 18.02337 ] ] } },
{ "type": "Feature", "properties": { "fcode": 33600, "label": "Canal or ditch", "name": null, "source": "NHDPlus HR network flowline", "length_mi": 0.11, "directed": true, "direction": "recorded" }, "geometry": { "type": "LineString", "coordinates": [ [ -66.47782, 17.99222 ], [ -66.4795, 17.99216 ] ] } },
{ "type": "Feature", "properties": { "fcode": 33600, "label": "Canal or ditch", "name": "Canal Principal De Riego Valle De Lajas", "source": "NHDPlus HR network flowline", "length_mi": 1.09, "directed": true, "direction": "recorded" }, "geometry": { "type": "LineString", "coordinates": [ [ -66.89773, 18.03314 ], [ -66.8978, 18.03314 ], [ -66.89789, 18.03314 ], [ -66.89794, 18.03314 ], [ -66.89803, 18.03315 ], [ -66.89813, 18.03318 ], [ -66.89824, 18.03322 ], [ -66.89833, 18.03326 ], [ -66.89842, 18.03329 ], [ -66.89859, 18.03334 ], [ -66.89905, 18.03344 ], [ -66.89937, 18.03351 ], [ -66.89982, 18.0336 ], [ -66.90013, 18.03363 ], [ -66.90047, 18.03366 ], [ -66.90104, 18.03369 ], [ -66.9012, 18.03368 ], [ -66.90138, 18.03364 ], [ -66.90169, 18.03353 ], [ -66.90192, 18.03345 ], [ -66.90204, 18.03344 ], [ -66.90211, 18.03345 ], [ -66.90219, 18.03346 ], [ -66.90228, 18.0335 ], [ -66.90238, 18.03357 ], [ -66.9025, 18.03365 ], [ -66.90257, 18.03368 ], [ -66.90267, 18.0337 ], [ -66.90276, 18.0337 ], [ -66.90295, 18.03369 ], [ -66.9032, 18.03369 ], [ -66.90329, 18.03367 ], [ -66.90337, 18.03363 ], [ -66.90344, 18.03356 ], [ -66.90354, 18.03342 ], [ -66.90361, 18.03323 ], [ -66.90365, 18.03314 ], [ -66.90369, 18.03308 ], [ -66.90372, 18.03305 ], [ -66.90378, 18.03301 ], [ -66.90384, 18.033 ], [ -66.90388, 18.03301 ], [ -66.90395, 18.03303 ], [ -66.904, 18.03307 ], [ -66.90406, 18.03316 ], [ -66.90412, 18.03324 ], [ -66.90419, 18.03333 ], [ -66.90428, 18.03344 ], [ -66.90439, 18.03353 ], [ -66.90447, 18.03358 ], [ -66.90461, 18.03364 ], [ -66.90482, 18.0337 ], [ -66.90515, 18.03378 ], [ -66.90531, 18.03378 ], [ -66.90538, 18.03375 ], [ -66.90551, 18.03368 ], [ -66.90558, 18.03357 ], [ -66.90569, 18.03336 ], [ -66.90569, 18.03335 ], [ -66.90576, 18.03327 ], [ -66.90585, 18.0332 ], [ -66.90592, 18.03318 ], [ -66.90603, 18.03317 ], [ -66.9061, 18.03317 ], [ -66.90624, 18.03315 ], [ -66.90632, 18.03315 ], [ -66.90644, 18.03316 ], [ -66.90653, 18.03318 ], [ -66.9066, 18.03321 ], [ -66.90667, 18.03326 ], [ -66.90686, 18.03337 ], [ -66.90718, 18.03358 ], [ -66.9075, 18.03378 ], [ -66.90755, 18.03385 ], [ -66.90758, 18.03392 ], [ -66.90758, 18.03398 ], [ -66.90757, 18.03431 ], [ -66.90759, 18.0345 ], [ -66.90761, 18.03455 ], [ -66.90768, 18.03466 ], [ -66.9078, 18.03474 ], [ -66.90801, 18.03482 ], [ -66.90808, 18.03483 ], [ -66.90818, 18.03482 ], [ -66.90827, 18.03478 ], [ -66.90841, 18.03468 ], [ -66.90857, 18.03458 ], [ -66.90872, 18.0345 ], [ -66.90885, 18.03445 ], [ -66.90901, 18.0344 ], [ -66.90934, 18.03433 ], [ -66.90964, 18.03425 ], [ -66.90987, 18.0342 ], [ -66.91012, 18.03415 ], [ -66.91027, 18.03417 ], [ -66.91035, 18.03418 ], [ -66.91055, 18.03426 ], [ -66.91081, 18.03438 ], [ -66.91094, 18.03443 ], [ -66.91104, 18.03444 ], [ -66.91108, 18.03443 ], [ -66.91111, 18.03443 ], [ -66.91117, 18.03438 ], [ -66.91128, 18.03422 ], [ -66.91132, 18.03419 ], [ -66.91136, 18.03416 ], [ -66.91149, 18.03412 ], [ -66.9118, 18.03406 ] ] } },
{ "type": "Feature", "properties": { "fcode": 33600, "label": "Canal or ditch", "name": null, "source": "NHDPlus HR network flowline", "length_mi": 1.13, "directed": true, "direction": "recorded" }, "geometry": { "type": "LineString", "coordinates": [ [ -66.50776, 18.19217 ], [ -66.5079, 18.19191 ], [ -66.50807, 18.19164 ], [ -66.50827, 18.19136 ], [ -66.50839, 18.19124 ], [ -66.50847, 18.19118 ], [ -66.50849, 18.19113 ], [ -66.50846, 18.19106 ], [ -66.5084, 18.19099 ], [ -66.50834, 18.19091 ], [ -66.50824, 18.19072 ], [ -66.50821, 18.19063 ], [ -66.50821, 18.19055 ], [ -66.50825, 18.19039 ], [ -66.50833, 18.19018 ], [ -66.5084, 18.19012 ], [ -66.50853, 18.19006 ], [ -66.50865, 18.18997 ], [ -66.50873, 18.18983 ], [ -66.50882, 18.18972 ], [ -66.50896, 18.1896 ], [ -66.5091, 18.18952 ], [ -66.50921, 18.18946 ], [ -66.50926, 18.1894 ], [ -66.50928, 18.1893 ], [ -66.50926, 18.1892 ], [ -66.50923, 18.18915 ], [ -66.50912, 18.18909 ], [ -66.50902, 18.18905 ], [ -66.50896, 18.18899 ], [ -66.50895, 18.18893 ], [ -66.50895, 18.18884 ], [ -66.50903, 18.18865 ], [ -66.50913, 18.18845 ], [ -66.50917, 18.18834 ], [ -66.50919, 18.18819 ], [ -66.50921, 18.1881 ], [ -66.50926, 18.18799 ], [ -66.50939, 18.18787 ], [ -66.50942, 18.18781 ], [ -66.50942, 18.18769 ], [ -66.50937, 18.18754 ], [ -66.50928, 18.18744 ], [ -66.5091, 18.18731 ], [ -66.5088, 18.18709 ], [ -66.50853, 18.18683 ], [ -66.50837, 18.18667 ], [ -66.50828, 18.18663 ], [ -66.50813, 18.18661 ], [ -66.508, 18.18661 ], [ -66.50795, 18.18658 ], [ -66.5079, 18.18653 ], [ -66.50788, 18.18649 ], [ -66.50788, 18.18644 ], [ -66.50794, 18.18633 ], [ -66.50806, 18.18618 ], [ -66.5081, 18.18609 ], [ -66.50809, 18.18595 ], [ -66.50802, 18.18574 ], [ -66.50793, 18.18554 ], [ -66.5078, 18.18539 ], [ -66.50779, 18.18533 ], [ -66.50783, 18.18523 ], [ -66.50788, 18.18517 ], [ -66.50802, 18.1851 ], [ -66.50811, 18.18502 ], [ -66.50815, 18.18491 ], [ -66.50817, 18.18476 ], [ -66.50819, 18.1847 ], [ -66.50823, 18.18466 ], [ -66.50843, 18.18456 ], [ -66.50854, 18.1845 ], [ -66.50864, 18.1844 ], [ -66.50871, 18.1843 ], [ -66.50877, 18.18406 ], [ -66.50884, 18.18388 ], [ -66.50895, 18.18386 ], [ -66.50903, 18.18381 ], [ -66.50908, 18.18377 ], [ -66.50911, 18.18366 ], [ -66.50916, 18.18352 ], [ -66.50922, 18.18343 ], [ -66.50942, 18.18328 ], [ -66.50946, 18.18323 ], [ -66.50946, 18.18318 ], [ -66.50941, 18.1831 ], [ -66.50933, 18.183 ], [ -66.50927, 18.18291 ], [ -66.50922, 18.1828 ], [ -66.50918, 18.18276 ], [ -66.50908, 18.18268 ], [ -66.50904, 18.18264 ], [ -66.50901, 18.18257 ], [ -66.50899, 18.18243 ], [ -66.50897, 18.18224 ], [ -66.50894, 18.18194 ], [ -66.50894, 18.18179 ], [ -66.5089, 18.18166 ], [ -66.50881, 18.18149 ], [ -66.50879, 18.18142 ], [ -66.5088, 18.18132 ], [ -66.50881, 18.1811 ], [ -66.50883, 18.18092 ], [ -66.50883, 18.18081 ], [ -66.50877, 18.18067 ], [ -66.50846, 18.18033 ], [ -66.50845, 18.18031 ], [ -66.50846, 18.18025 ], [ -66.50855, 18.18002 ], [ -66.50855, 18.17991 ], [ -66.50855, 18.17969 ], [ -66.50854, 18.1796 ], [ -66.50856, 18.17957 ], [ -66.50872, 18.17952 ], [ -66.50875, 18.17951 ], [ -66.50878, 18.17947 ], [ -66.50879, 18.17937 ], [ -66.50878, 18.17914 ], [ -66.50876, 18.17896 ], [ -66.50878, 18.17887 ], [ -66.5088, 18.17884 ] ] } },
{ "type": "Feature", "properties": { "fcode": 33600, "label": "Canal or ditch", "name": null, "source": "NHDPlus HR network flowline", "length_mi": 0.2, "directed": true, "direction": "recorded" }, "geometry": { "type": "LineString", "coordinates": [ [ -67.07778, 18.02873 ], [ -67.07784, 18.02694 ], [ -67.07779, 18.02609 ], [ -67.07766, 18.02592 ] ] } },
{ "type": "Feature", "properties": { "fcode": 33600, "label": "Canal or ditch", "name": "Caño Majagual", "source": "NHDPlus HR network flowline", "length_mi": 0.02, "directed": true, "direction": "recorded" }, "geometry": { "type": "LineString", "coordinates": [ [ -67.14988, 18.18975 ], [ -67.15006, 18.18966 ], [ -67.15021, 18.18958 ] ] } },
{ "type": "Feature", "properties": { "fcode": 33600, "label": "Canal or ditch", "name": null, "source": "NHDPlus HR network flowline", "length_mi": 0.15, "directed": true, "direction": "recorded" }, "geometry": { "type": "LineString", "coordinates": [ [ -67.13809, 18.10283 ], [ -67.13793, 18.10307 ], [ -67.13775, 18.10346 ], [ -67.13765, 18.10374 ], [ -67.13756, 18.10413 ], [ -67.1375, 18.10446 ], [ -67.13749, 18.10462 ], [ -67.13749, 18.10482 ], [ -67.13746, 18.10497 ] ] } },
{ "type": "Feature", "properties": { "fcode": 33600, "label": "Canal or ditch", "name": null, "source": "NHDPlus HR network flowline", "length_mi": 0.89, "directed": true, "direction": "recorded" }, "geometry": { "type": "LineString", "coordinates": [ [ -67.1355, 18.08705 ], [ -67.1355, 18.08724 ], [ -67.13545, 18.08742 ], [ -67.13534, 18.08759 ], [ -67.13527, 18.08772 ], [ -67.13522, 18.08787 ], [ -67.13524, 18.08799 ], [ -67.13528, 18.08818 ], [ -67.13532, 18.08844 ], [ -67.13537, 18.08861 ], [ -67.13549, 18.08878 ], [ -67.1357, 18.0889 ], [ -67.13578, 18.08897 ], [ -67.1358, 18.08907 ], [ -67.1358, 18.08916 ], [ -67.13577, 18.08926 ], [ -67.13566, 18.08933 ], [ -67.13543, 18.08937 ], [ -67.13523, 18.0894 ], [ -67.13512, 18.08946 ], [ -67.13504, 18.08956 ], [ -67.13498, 18.08972 ], [ -67.13492, 18.0898 ], [ -67.13475, 18.08987 ], [ -67.13465, 18.08992 ], [ -67.13461, 18.08997 ], [ -67.1346, 18.09003 ], [ -67.13471, 18.0901 ], [ -67.1348, 18.09017 ], [ -67.13482, 18.09024 ], [ -67.1348, 18.09033 ], [ -67.13466, 18.09043 ], [ -67.13459, 18.09046 ], [ -67.13455, 18.09049 ], [ -67.13454, 18.0906 ], [ -67.1345, 18.09072 ], [ -67.13445, 18.09079 ], [ -67.13432, 18.09085 ], [ -67.13421, 18.0909 ], [ -67.13417, 18.09096 ], [ -67.13411, 18.09107 ], [ -67.13409, 18.09112 ], [ -67.13411, 18.09126 ], [ -67.13418, 18.09137 ], [ -67.13428, 18.09155 ], [ -67.13434, 18.09172 ], [ -67.13435, 18.09176 ], [ -67.13432, 18.09193 ], [ -67.13429, 18.09215 ], [ -67.13423, 18.09228 ], [ -67.13423, 18.09235 ], [ -67.13429, 18.09243 ], [ -67.13449, 18.09256 ], [ -67.1346, 18.09268 ], [ -67.13469, 18.09276 ], [ -67.13483, 18.09279 ], [ -67.13493, 18.09282 ], [ -67.13508, 18.09287 ], [ -67.13533, 18.09298 ], [ -67.13546, 18.09305 ], [ -67.13561, 18.09319 ], [ -67.13572, 18.09335 ], [ -67.13577, 18.09348 ], [ -67.13591, 18.09361 ], [ -67.13602, 18.09375 ], [ -67.13653, 18.09448 ], [ -67.13663, 18.09459 ], [ -67.1368, 18.09483 ], [ -67.13701, 18.09513 ], [ -67.13727, 18.09551 ], [ -67.13753, 18.09588 ], [ -67.13783, 18.09633 ], [ -67.13807, 18.09666 ], [ -67.13831, 18.097 ] ] } },
{ "type": "Feature", "properties": { "fcode": 33600, "label": "Canal or ditch", "name": null, "source": "NHDPlus HR network flowline", "length_mi": 0.18, "directed": true, "direction": "recorded" }, "geometry": { "type": "LineString", "coordinates": [ [ -67.04415, 18.02735 ], [ -67.04374, 18.02732 ], [ -67.04267, 18.02717 ], [ -67.04152, 18.02704 ], [ -67.0414, 18.02703 ] ] } },
{ "type": "Feature", "properties": { "fcode": 33600, "label": "Canal or ditch", "name": null, "source": "NHDPlus HR network flowline", "length_mi": 0.04, "directed": true, "direction": "recorded" }, "geometry": { "type": "LineString", "coordinates": [ [ -67.06533, 18.01752 ], [ -67.06567, 18.01757 ], [ -67.06576, 18.01762 ], [ -67.06588, 18.01766 ] ] } },
{ "type": "Feature", "properties": { "fcode": 33600, "label": "Canal or ditch", "name": null, "source": "NHDPlus HR network flowline", "length_mi": 0.02, "directed": true, "direction": "recorded" }, "geometry": { "type": "LineString", "coordinates": [ [ -66.54989, 17.97511 ], [ -66.54984, 17.97502 ], [ -66.54982, 17.97494 ], [ -66.54983, 17.97488 ] ] } },
{ "type": "Feature", "properties": { "fcode": 33600, "label": "Canal or ditch", "name": null, "source": "NHDPlus HR network flowline", "length_mi": 0.09, "directed": true, "direction": "recorded" }, "geometry": { "type": "LineString", "coordinates": [ [ -67.12216, 18.01368 ], [ -67.12229, 18.0124 ] ] } },
{ "type": "Feature", "properties": { "fcode": 33600, "label": "Canal or ditch", "name": null, "source": "NHDPlus HR network flowline", "length_mi": 0.23, "directed": true, "direction": "recorded" }, "geometry": { "type": "LineString", "coordinates": [ [ -66.50946, 18.17356 ], [ -66.50956, 18.17358 ], [ -66.50954, 18.17383 ], [ -66.50955, 18.17403 ], [ -66.50961, 18.17421 ], [ -66.5097, 18.17433 ], [ -66.50986, 18.17438 ], [ -66.51007, 18.17444 ], [ -66.5102, 18.17446 ], [ -66.5103, 18.17446 ], [ -66.51035, 18.17443 ], [ -66.51037, 18.17433 ], [ -66.51037, 18.17416 ], [ -66.51036, 18.17395 ], [ -66.51037, 18.1736 ], [ -66.51043, 18.1732 ], [ -66.51045, 18.17309 ], [ -66.51045, 18.1729 ], [ -66.51047, 18.17279 ], [ -66.5105, 18.17271 ], [ -66.51057, 18.17267 ] ] } },
{ "type": "Feature", "properties": { "fcode": 33600, "label": "Canal or ditch", "name": null, "source": "NHDPlus HR network flowline", "length_mi": 0.02, "directed": true, "direction": "recorded" }, "geometry": { "type": "LineString", "coordinates": [ [ -66.93785, 18.02437 ], [ -66.93778, 18.02412 ] ] } },
{ "type": "Feature", "properties": { "fcode": 33600, "label": "Canal or ditch", "name": null, "source": "NHDPlus HR network flowline", "length_mi": 0.67, "directed": true, "direction": "recorded" }, "geometry": { "type": "LineString", "coordinates": [ [ -67.00586, 18.00483 ], [ -67.00496, 18.00512 ], [ -67.00406, 18.00542 ], [ -67.00383, 18.00549 ], [ -67.0026, 18.00588 ], [ -67.00169, 18.00617 ], [ -67.00076, 18.00647 ], [ -67.00041, 18.00658 ], [ -66.99963, 18.00682 ], [ -66.99957, 18.00684 ], [ -66.99955, 18.00685 ], [ -66.9978, 18.00749 ], [ -66.99619, 18.008 ] ] } },
{ "type": "Feature", "properties": { "fcode": 33600, "label": "Canal or ditch", "name": null, "source": "NHDPlus HR network flowline", "length_mi": 0.43, "directed": true, "direction": "recorded" }, "geometry": { "type": "LineString", "coordinates": [ [ -67.01406, 18.02312 ], [ -67.01491, 18.017 ] ] } },
{ "type": "Feature", "properties": { "fcode": 33600, "label": "Canal or ditch", "name": "Canal Principal De Riego Valle De Lajas", "source": "NHDPlus HR network flowline", "length_mi": 0.01, "directed": true, "direction": "recorded" }, "geometry": { "type": "LineString", "coordinates": [ [ -67.0214, 18.04814 ], [ -67.02158, 18.04818 ] ] } },
{ "type": "Feature", "properties": { "fcode": 33600, "label": "Canal or ditch", "name": null, "source": "NHDPlus HR network flowline", "length_mi": 0.13, "directed": true, "direction": "recorded" }, "geometry": { "type": "LineString", "coordinates": [ [ -66.97075, 18.01959 ], [ -66.97278, 18.01963 ] ] } },
{ "type": "Feature", "properties": { "fcode": 33600, "label": "Canal or ditch", "name": null, "source": "NHDPlus HR network flowline", "length_mi": 0.2, "directed": true, "direction": "recorded" }, "geometry": { "type": "LineString", "coordinates": [ [ -66.94418, 18.00495 ], [ -66.94424, 18.00482 ], [ -66.94452, 18.00415 ], [ -66.94475, 18.00361 ], [ -66.94506, 18.00285 ], [ -66.94528, 18.00229 ] ] } },
{ "type": "Feature", "properties": { "fcode": 33600, "label": "Canal or ditch", "name": null, "source": "NHDPlus HR network flowline", "length_mi": 0.3, "directed": true, "direction": "recorded" }, "geometry": { "type": "LineString", "coordinates": [ [ -67.06557, 18.022 ], [ -67.06565, 18.02124 ], [ -67.06571, 18.02079 ], [ -67.06575, 18.02038 ], [ -67.06581, 18.01953 ], [ -67.06585, 18.01849 ], [ -67.06588, 18.01766 ] ] } },
{ "type": "Feature", "properties": { "fcode": 33600, "label": "Canal or ditch", "name": null, "source": "NHDPlus HR network flowline", "length_mi": 0.73, "directed": true, "direction": "recorded" }, "geometry": { "type": "LineString", "coordinates": [ [ -67.07767, 18.01377 ], [ -67.07855, 18.01393 ], [ -67.07962, 18.01408 ], [ -67.08037, 18.01419 ], [ -67.08258, 18.01452 ], [ -67.08342, 18.01463 ], [ -67.085, 18.01484 ], [ -67.08552, 18.01482 ], [ -67.08654, 18.01473 ], [ -67.0887, 18.01448 ] ] } },
{ "type": "Feature", "properties": { "fcode": 33600, "label": "Canal or ditch", "name": null, "source": "NHDPlus HR network flowline", "length_mi": 0.48, "directed": true, "direction": "recorded" }, "geometry": { "type": "LineString", "coordinates": [ [ -67.03186, 18.0138 ], [ -67.03364, 18.00701 ] ] } },
{ "type": "Feature", "properties": { "fcode": 33600, "label": "Canal or ditch", "name": null, "source": "NHDPlus HR network flowline", "length_mi": 0.5, "directed": true, "direction": "recorded" }, "geometry": { "type": "LineString", "coordinates": [ [ -66.94749, 18.01095 ], [ -66.94755, 18.01056 ], [ -66.94761, 18.01009 ], [ -66.94768, 18.00967 ], [ -66.94769, 18.00958 ], [ -66.94774, 18.00931 ], [ -66.94776, 18.00926 ], [ -66.94776, 18.00899 ], [ -66.94784, 18.00881 ], [ -66.94796, 18.00859 ], [ -66.94809, 18.0083 ], [ -66.94833, 18.00771 ], [ -66.94867, 18.00695 ], [ -66.94908, 18.00599 ], [ -66.9495, 18.00499 ], [ -66.94976, 18.0044 ], [ -66.9498, 18.00422 ], [ -66.94979, 18.00403 ] ] } },
{ "type": "Feature", "properties": { "fcode": 33600, "label": "Canal or ditch", "name": null, "source": "NHDPlus HR network flowline", "length_mi": 0.0, "directed": true, "direction": "recorded" }, "geometry": { "type": "LineString", "coordinates": [ [ -67.03364, 18.00701 ], [ -67.03359, 18.00696 ] ] } },
{ "type": "Feature", "properties": { "fcode": 33600, "label": "Canal or ditch", "name": null, "source": "NHDPlus HR network flowline", "length_mi": 0.19, "directed": true, "direction": "recorded" }, "geometry": { "type": "LineString", "coordinates": [ [ -67.0887, 18.01448 ], [ -67.0904, 18.01433 ], [ -67.09164, 18.01415 ] ] } },
{ "type": "Feature", "properties": { "fcode": 33600, "label": "Canal or ditch", "name": null, "source": "NHDPlus HR network flowline", "length_mi": 0.04, "directed": true, "direction": "recorded" }, "geometry": { "type": "LineString", "coordinates": [ [ -66.47537, 17.99287 ], [ -66.47536, 17.99231 ] ] } },
{ "type": "Feature", "properties": { "fcode": 33600, "label": "Canal or ditch", "name": "Canal Principal De Riego Valle De Lajas", "source": "NHDPlus HR network flowline", "length_mi": 0.1, "directed": true, "direction": "recorded" }, "geometry": { "type": "LineString", "coordinates": [ [ -66.91399, 18.03501 ], [ -66.91411, 18.035 ], [ -66.91419, 18.03498 ], [ -66.91425, 18.03493 ], [ -66.91442, 18.03472 ], [ -66.91449, 18.03466 ], [ -66.91458, 18.03464 ], [ -66.91471, 18.03462 ], [ -66.91495, 18.03459 ], [ -66.91514, 18.03456 ], [ -66.91538, 18.03448 ] ] } },
{ "type": "Feature", "properties": { "fcode": 33600, "label": "Canal or ditch", "name": null, "source": "NHDPlus HR network flowline", "length_mi": 0.7, "directed": true, "direction": "recorded" }, "geometry": { "type": "LineString", "coordinates": [ [ -67.12229, 18.0124 ], [ -67.12284, 18.01242 ], [ -67.12364, 18.0124 ], [ -67.12429, 18.01225 ], [ -67.12474, 18.01209 ], [ -67.12508, 18.01196 ], [ -67.12578, 18.0117 ], [ -67.12597, 18.01169 ], [ -67.12649, 18.01168 ], [ -67.12676, 18.0116 ], [ -67.12705, 18.01164 ], [ -67.12728, 18.0116 ], [ -67.12745, 18.01168 ], [ -67.12757, 18.01173 ], [ -67.12772, 18.0119 ], [ -67.12783, 18.01192 ], [ -67.12799, 18.01191 ], [ -67.12821, 18.01186 ], [ -67.12855, 18.01179 ], [ -67.12886, 18.01181 ], [ -67.12908, 18.01193 ], [ -67.12937, 18.01216 ], [ -67.12975, 18.01243 ], [ -67.1299, 18.01248 ], [ -67.12997, 18.01247 ], [ -67.13031, 18.01238 ], [ -67.13061, 18.01231 ], [ -67.13113, 18.01216 ], [ -67.13148, 18.01181 ], [ -67.13186, 18.01161 ], [ -67.13218, 18.01153 ] ] } },
{ "type": "Feature", "properties": { "fcode": 33600, "label": "Canal or ditch", "name": null, "source": "NHDPlus HR network flowline", "length_mi": 0.11, "directed": true, "direction": "recorded" }, "geometry": { "type": "LineString", "coordinates": [ [ -66.96525, 18.0775 ], [ -66.96528, 18.07725 ], [ -66.96537, 18.07678 ], [ -66.96541, 18.07642 ], [ -66.96542, 18.07614 ], [ -66.96536, 18.07592 ] ] } },
{ "type": "Feature", "properties": { "fcode": 33600, "label": "Canal or ditch", "name": null, "source": "NHDPlus HR network flowline", "length_mi": 0.43, "directed": true, "direction": "recorded" }, "geometry": { "type": "LineString", "coordinates": [ [ -67.07454, 18.02398 ], [ -67.07438, 18.02323 ], [ -67.07412, 18.02188 ], [ -67.07393, 18.02058 ], [ -67.07343, 18.01778 ] ] } },
{ "type": "Feature", "properties": { "fcode": 33600, "label": "Canal or ditch", "name": "Canal Principal De Riego Valle De Lajas", "source": "NHDPlus HR network flowline", "length_mi": 0.6, "directed": true, "direction": "recorded" }, "geometry": { "type": "LineString", "coordinates": [ [ -67.02158, 18.04818 ], [ -67.02171, 18.04819 ], [ -67.02189, 18.04819 ], [ -67.02212, 18.0482 ], [ -67.02241, 18.04821 ], [ -67.02255, 18.04823 ], [ -67.02273, 18.04831 ], [ -67.02287, 18.04837 ], [ -67.02296, 18.04839 ], [ -67.02313, 18.04838 ], [ -67.0232, 18.04841 ], [ -67.02327, 18.04851 ], [ -67.02332, 18.04866 ], [ -67.02343, 18.04877 ], [ -67.02351, 18.04881 ], [ -67.02361, 18.04882 ], [ -67.02368, 18.04881 ], [ -67.02377, 18.04876 ], [ -67.02381, 18.04872 ], [ -67.02385, 18.0486 ], [ -67.02391, 18.04843 ], [ -67.02394, 18.04839 ], [ -67.02404, 18.04832 ], [ -67.02417, 18.04823 ], [ -67.02429, 18.04815 ], [ -67.02444, 18.04808 ], [ -67.02477, 18.04795 ], [ -67.02486, 18.04789 ], [ -67.02492, 18.04782 ], [ -67.02496, 18.04775 ], [ -67.0251, 18.04758 ], [ -67.0252, 18.04748 ], [ -67.02541, 18.04729 ], [ -67.0256, 18.04712 ], [ -67.02581, 18.04694 ], [ -67.0259, 18.04691 ], [ -67.02598, 18.04691 ], [ -67.02606, 18.04693 ], [ -67.02614, 18.04698 ], [ -67.02623, 18.04706 ], [ -67.02633, 18.04714 ], [ -67.0264, 18.04717 ], [ -67.02646, 18.04717 ], [ -67.02651, 18.04715 ], [ -67.02659, 18.04711 ], [ -67.0268, 18.047 ], [ -67.02691, 18.04697 ], [ -67.0271, 18.04695 ], [ -67.02807, 18.04694 ], [ -67.02817, 18.04694 ], [ -67.02826, 18.04693 ], [ -67.02833, 18.04689 ], [ -67.02839, 18.04681 ], [ -67.02845, 18.04671 ], [ -67.0285, 18.04665 ], [ -67.02856, 18.04662 ], [ -67.02863, 18.04661 ], [ -67.02877, 18.04661 ], [ -67.02936, 18.04658 ] ] } },
{ "type": "Feature", "properties": { "fcode": 33600, "label": "Canal or ditch", "name": null, "source": "NHDPlus HR network flowline", "length_mi": 0.42, "directed": true, "direction": "recorded" }, "geometry": { "type": "LineString", "coordinates": [ [ -67.13831, 18.097 ], [ -67.13854, 18.09745 ], [ -67.1387, 18.09779 ], [ -67.13898, 18.09838 ], [ -67.13915, 18.09874 ], [ -67.13917, 18.09888 ], [ -67.13902, 18.09939 ], [ -67.13867, 18.10071 ], [ -67.13851, 18.10131 ], [ -67.13832, 18.10195 ], [ -67.13809, 18.10283 ] ] } },
{ "type": "Feature", "properties": { "fcode": 33600, "label": "Canal or ditch", "name": null, "source": "NHDPlus HR network flowline", "length_mi": 0.33, "directed": true, "direction": "recorded" }, "geometry": { "type": "LineString", "coordinates": [ [ -66.50541, 18.19814 ], [ -66.50546, 18.19805 ], [ -66.50553, 18.19793 ], [ -66.50561, 18.19784 ], [ -66.50564, 18.19779 ], [ -66.50565, 18.19768 ], [ -66.50561, 18.19754 ], [ -66.50551, 18.19743 ], [ -66.50536, 18.19737 ], [ -66.5051, 18.19732 ], [ -66.50502, 18.19729 ], [ -66.50501, 18.19726 ], [ -66.50503, 18.19718 ], [ -66.50506, 18.19703 ], [ -66.50507, 18.19683 ], [ -66.50501, 18.19667 ], [ -66.50499, 18.19661 ], [ -66.50503, 18.1965 ], [ -66.50516, 18.1964 ], [ -66.5054, 18.19632 ], [ -66.50554, 18.19623 ], [ -66.50567, 18.19606 ], [ -66.50573, 18.19586 ], [ -66.50578, 18.19557 ], [ -66.5058, 18.19539 ], [ -66.50582, 18.19533 ], [ -66.50587, 18.19528 ], [ -66.50599, 18.19528 ], [ -66.50608, 18.19525 ], [ -66.50613, 18.19522 ], [ -66.50615, 18.19512 ], [ -66.50614, 18.19492 ], [ -66.50614, 18.19477 ], [ -66.50619, 18.19459 ], [ -66.50631, 18.19436 ] ] } },
{ "type": "Feature", "properties": { "fcode": 33600, "label": "Canal or ditch", "name": null, "source": "NHDPlus HR network flowline", "length_mi": 0.16, "directed": true, "direction": "recorded" }, "geometry": { "type": "LineString", "coordinates": [ [ -67.04423, 18.01061 ], [ -67.04202, 18.00968 ] ] } },
{ "type": "Feature", "properties": { "fcode": 33600, "label": "Canal or ditch", "name": null, "source": "NHDPlus HR network flowline", "length_mi": 0.15, "directed": true, "direction": "recorded" }, "geometry": { "type": "LineString", "coordinates": [ [ -67.13455, 18.01092 ], [ -67.13468, 18.01093 ], [ -67.13501, 18.01109 ], [ -67.13545, 18.0113 ], [ -67.13543, 18.01137 ], [ -67.13542, 18.01147 ], [ -67.13543, 18.01154 ], [ -67.13548, 18.01159 ], [ -67.13558, 18.0116 ], [ -67.13583, 18.01155 ], [ -67.13604, 18.01149 ], [ -67.13614, 18.01146 ], [ -67.13621, 18.01147 ], [ -67.13623, 18.0115 ], [ -67.13626, 18.01158 ], [ -67.13632, 18.01163 ] ] } },
{ "type": "Feature", "properties": { "fcode": 33600, "label": "Canal or ditch", "name": null, "source": "NHDPlus HR network flowline", "length_mi": 0.12, "directed": true, "direction": "recorded" }, "geometry": { "type": "LineString", "coordinates": [ [ -67.13746, 18.10497 ], [ -67.13721, 18.10582 ], [ -67.13717, 18.10601 ], [ -67.13717, 18.10615 ], [ -67.13718, 18.10637 ], [ -67.1372, 18.10647 ], [ -67.1372, 18.1066 ] ] } },
{ "type": "Feature", "properties": { "fcode": 33600, "label": "Canal or ditch", "name": null, "source": "NHDPlus HR network flowline", "length_mi": 0.85, "directed": true, "direction": "recorded" }, "geometry": { "type": "LineString", "coordinates": [ [ -67.07766, 18.02592 ], [ -67.07768, 18.02578 ], [ -67.07765, 18.02506 ], [ -67.07758, 18.02394 ], [ -67.07759, 18.02333 ], [ -67.07758, 18.02241 ], [ -67.07753, 18.02126 ], [ -67.07747, 18.01962 ], [ -67.07745, 18.0193 ], [ -67.07747, 18.01864 ], [ -67.07743, 18.01714 ], [ -67.07739, 18.01557 ], [ -67.07733, 18.01408 ], [ -67.0774, 18.01394 ], [ -67.07755, 18.01387 ], [ -67.07767, 18.01377 ] ] } },
{ "type": "Feature", "properties": { "fcode": 33600, "label": "Canal or ditch", "name": null, "source": "NHDPlus HR network flowline", "length_mi": 1.59, "directed": true, "direction": "recorded" }, "geometry": { "type": "LineString", "coordinates": [ [ -67.15285, 18.00512 ], [ -67.15293, 18.00517 ], [ -67.15298, 18.00534 ], [ -67.15325, 18.00684 ], [ -67.15369, 18.00957 ], [ -67.15433, 18.01326 ], [ -67.15483, 18.01632 ], [ -67.15489, 18.01673 ], [ -67.15493, 18.01676 ], [ -67.15655, 18.01725 ], [ -67.15826, 18.01776 ], [ -67.16147, 18.01783 ], [ -67.16292, 18.01786 ], [ -67.16573, 18.01792 ], [ -67.16596, 18.01786 ], [ -67.16618, 18.0178 ], [ -67.16643, 18.01762 ] ] } },
{ "type": "Feature", "properties": { "fcode": 33600, "label": "Canal or ditch", "name": "Canal Principal De Riego Valle De Lajas", "source": "NHDPlus HR network flowline", "length_mi": 0.08, "directed": true, "direction": "recorded" }, "geometry": { "type": "LineString", "coordinates": [ [ -66.89662, 18.03372 ], [ -66.89683, 18.03356 ], [ -66.89723, 18.03335 ], [ -66.89755, 18.03319 ], [ -66.89773, 18.03314 ] ] } },
{ "type": "Feature", "properties": { "fcode": 33600, "label": "Canal or ditch", "name": null, "source": "NHDPlus HR network flowline", "length_mi": 0.56, "directed": true, "direction": "recorded" }, "geometry": { "type": "LineString", "coordinates": [ [ -67.05846, 18.01172 ], [ -67.05756, 18.01169 ], [ -67.05607, 18.01163 ], [ -67.05501, 18.01156 ], [ -67.05409, 18.01157 ], [ -67.05368, 18.01155 ], [ -67.05193, 18.01147 ], [ -67.05142, 18.01144 ], [ -67.05054, 18.01139 ], [ -67.05012, 18.01134 ], [ -67.04995, 18.01133 ] ] } },
{ "type": "Feature", "properties": { "fcode": 33600, "label": "Canal or ditch", "name": null, "source": "NHDPlus HR network flowline", "length_mi": 0.26, "directed": true, "direction": "recorded" }, "geometry": { "type": "LineString", "coordinates": [ [ -66.97278, 18.01963 ], [ -66.9736, 18.0196 ], [ -66.97373, 18.01874 ], [ -66.97591, 18.01885 ] ] } },
{ "type": "Feature", "properties": { "fcode": 33600, "label": "Canal or ditch", "name": "Caño Majagual", "source": "NHDPlus HR network flowline", "length_mi": 0.19, "directed": true, "direction": "recorded" }, "geometry": { "type": "LineString", "coordinates": [ [ -67.14722, 18.191 ], [ -67.14776, 18.19073 ], [ -67.14826, 18.19049 ], [ -67.14867, 18.19032 ], [ -67.14936, 18.19 ], [ -67.14988, 18.18975 ] ] } },
{ "type": "Feature", "properties": { "fcode": 33600, "label": "Canal or ditch", "name": null, "source": "NHDPlus HR network flowline", "length_mi": 0.23, "directed": true, "direction": "recorded" }, "geometry": { "type": "LineString", "coordinates": [ [ -66.95252, 18.03338 ], [ -66.95267, 18.03008 ] ] } },
{ "type": "Feature", "properties": { "fcode": 33600, "label": "Canal or ditch", "name": "Caño Majagual", "source": "NHDPlus HR network flowline", "length_mi": 0.14, "directed": true, "direction": "recorded" }, "geometry": { "type": "LineString", "coordinates": [ [ -67.14551, 18.1922 ], [ -67.14628, 18.19163 ], [ -67.1467, 18.19132 ], [ -67.14697, 18.19113 ], [ -67.14722, 18.191 ] ] } },
{ "type": "Feature", "properties": { "fcode": 33600, "label": "Canal or ditch", "name": null, "source": "NHDPlus HR network flowline", "length_mi": 0.16, "directed": true, "direction": "recorded" }, "geometry": { "type": "LineString", "coordinates": [ [ -67.10883, 18.01238 ], [ -67.11032, 18.01242 ], [ -67.11069, 18.01242 ], [ -67.11097, 18.01248 ], [ -67.11126, 18.01254 ] ] } },
{ "type": "Feature", "properties": { "fcode": 33600, "label": "Canal or ditch", "name": null, "source": "NHDPlus HR network flowline", "length_mi": 0.06, "directed": true, "direction": "recorded" }, "geometry": { "type": "LineString", "coordinates": [ [ -67.07259, 18.01776 ], [ -67.07343, 18.01778 ] ] } },
{ "type": "Feature", "properties": { "fcode": 33600, "label": "Canal or ditch", "name": null, "source": "NHDPlus HR network flowline", "length_mi": 0.49, "directed": true, "direction": "recorded" }, "geometry": { "type": "LineString", "coordinates": [ [ -67.14023, 18.01522 ], [ -67.13967, 18.01542 ], [ -67.13771, 18.01607 ], [ -67.13769, 18.016 ], [ -67.13765, 18.01587 ], [ -67.13756, 18.01543 ], [ -67.13744, 18.01503 ], [ -67.13709, 18.01379 ], [ -67.13675, 18.01279 ], [ -67.13658, 18.01233 ], [ -67.13637, 18.01183 ], [ -67.13626, 18.01174 ] ] } },
{ "type": "Feature", "properties": { "fcode": 33600, "label": "Canal or ditch", "name": null, "source": "NHDPlus HR network flowline", "length_mi": 0.37, "directed": true, "direction": "recorded" }, "geometry": { "type": "LineString", "coordinates": [ [ -67.07343, 18.01778 ], [ -67.07295, 18.0165 ], [ -67.07223, 18.01475 ], [ -67.07167, 18.0134 ], [ -67.07156, 18.01308 ], [ -67.07181, 18.01288 ] ] } },
{ "type": "Feature", "properties": { "fcode": 33600, "label": "Canal or ditch", "name": null, "source": "NHDPlus HR network flowline", "length_mi": 0.39, "directed": true, "direction": "recorded" }, "geometry": { "type": "LineString", "coordinates": [ [ -67.07181, 18.01288 ], [ -67.07295, 18.01305 ], [ -67.0743, 18.01327 ], [ -67.07521, 18.01342 ], [ -67.0763, 18.0136 ], [ -67.07691, 18.01369 ], [ -67.07727, 18.01375 ], [ -67.07767, 18.01377 ] ] } },
{ "type": "Feature", "properties": { "fcode": 33600, "label": "Canal or ditch", "name": null, "source": "NHDPlus HR network flowline", "length_mi": 0.09, "directed": true, "direction": "recorded" }, "geometry": { "type": "LineString", "coordinates": [ [ -66.94726, 18.01271 ], [ -66.9473, 18.01249 ], [ -66.94737, 18.01198 ], [ -66.94738, 18.01176 ], [ -66.94744, 18.0114 ] ] } },
{ "type": "Feature", "properties": { "fcode": 33600, "label": "Canal or ditch", "name": null, "source": "NHDPlus HR network flowline", "length_mi": 0.42, "directed": true, "direction": "recorded" }, "geometry": { "type": "LineString", "coordinates": [ [ -66.88235, 18.01238 ], [ -66.88208, 18.01167 ], [ -66.882, 18.01151 ], [ -66.88192, 18.01133 ], [ -66.88187, 18.0112 ], [ -66.88181, 18.01112 ], [ -66.88051, 18.00956 ], [ -66.87974, 18.00865 ], [ -66.87897, 18.00772 ], [ -66.87875, 18.00745 ] ] } },
{ "type": "Feature", "properties": { "fcode": 33600, "label": "Canal or ditch", "name": null, "source": "NHDPlus HR network flowline", "length_mi": 0.64, "directed": true, "direction": "recorded" }, "geometry": { "type": "LineString", "coordinates": [ [ -66.95267, 18.03008 ], [ -66.95258, 18.03003 ], [ -66.95252, 18.03 ], [ -66.95253, 18.02988 ], [ -66.95255, 18.02976 ], [ -66.95257, 18.02965 ], [ -66.95257, 18.02953 ], [ -66.95258, 18.02936 ], [ -66.95259, 18.02922 ], [ -66.95262, 18.02896 ], [ -66.95265, 18.02852 ], [ -66.95267, 18.02805 ], [ -66.95271, 18.02753 ], [ -66.95273, 18.02725 ], [ -66.95276, 18.02692 ], [ -66.9528, 18.0264 ], [ -66.9528, 18.02635 ], [ -66.95274, 18.02625 ], [ -66.95228, 18.02599 ], [ -66.95174, 18.02566 ], [ -66.95146, 18.02549 ], [ -66.95121, 18.02535 ], [ -66.95107, 18.02527 ], [ -66.9509, 18.02516 ], [ -66.95077, 18.02511 ], [ -66.95069, 18.02506 ], [ -66.95016, 18.02474 ], [ -66.94973, 18.02451 ], [ -66.94917, 18.02418 ], [ -66.94901, 18.02405 ], [ -66.94846, 18.02375 ], [ -66.94822, 18.0236 ], [ -66.94797, 18.02337 ] ] } },
{ "type": "Feature", "properties": { "fcode": 33600, "label": "Canal or ditch", "name": null, "source": "NHDPlus HR network flowline", "length_mi": 0.56, "directed": true, "direction": "recorded" }, "geometry": { "type": "LineString", "coordinates": [ [ -66.95846, 18.03499 ], [ -66.95834, 18.03484 ], [ -66.95827, 18.0347 ], [ -66.95822, 18.0346 ], [ -66.9582, 18.03452 ], [ -66.95822, 18.03438 ], [ -66.95825, 18.03424 ], [ -66.95831, 18.03414 ], [ -66.95842, 18.03396 ], [ -66.95846, 18.03378 ], [ -66.95848, 18.0335 ], [ -66.9585, 18.03336 ], [ -66.95856, 18.03281 ], [ -66.95861, 18.03178 ], [ -66.95863, 18.03134 ], [ -66.95864, 18.03073 ], [ -66.95864, 18.03052 ], [ -66.95863, 18.03033 ], [ -66.95856, 18.03011 ], [ -66.95848, 18.02993 ], [ -66.95841, 18.02977 ], [ -66.95831, 18.0295 ], [ -66.95827, 18.02921 ], [ -66.95826, 18.02919 ], [ -66.95825, 18.02887 ], [ -66.95826, 18.02874 ], [ -66.95823, 18.02866 ], [ -66.95818, 18.0286 ], [ -66.95816, 18.02841 ], [ -66.95806, 18.02825 ], [ -66.95794, 18.02812 ], [ -66.95778, 18.02799 ], [ -66.95769, 18.02788 ], [ -66.95764, 18.02778 ], [ -66.95756, 18.0275 ], [ -66.95757, 18.02732 ], [ -66.95766, 18.02722 ] ] } },
{ "type": "Feature", "properties": { "fcode": 33600, "label": "Canal or ditch", "name": null, "source": "NHDPlus HR network flowline", "length_mi": 0.59, "directed": true, "direction": "recorded" }, "geometry": { "type": "LineString", "coordinates": [ [ -67.00318, 18.01672 ], [ -67.00199, 18.01656 ], [ -67.00181, 18.01651 ], [ -67.00176, 18.0165 ], [ -67.0014, 18.01638 ], [ -67.00105, 18.01622 ], [ -67.00041, 18.01591 ], [ -66.99966, 18.01554 ], [ -66.99889, 18.01516 ], [ -66.99786, 18.01464 ], [ -66.9971, 18.01426 ], [ -66.99621, 18.01383 ], [ -66.99511, 18.01326 ] ] } },
{ "type": "Feature", "properties": { "fcode": 33600, "label": "Canal or ditch", "name": null, "source": "NHDPlus HR network flowline", "length_mi": 0.1, "directed": true, "direction": "recorded" }, "geometry": { "type": "LineString", "coordinates": [ [ -66.484, 17.99216 ], [ -66.48397, 17.99201 ], [ -66.48374, 17.99203 ], [ -66.48369, 17.99171 ], [ -66.48361, 17.99137 ], [ -66.48351, 17.99098 ] ] } },
{ "type": "Feature", "properties": { "fcode": 33600, "label": "Canal or ditch", "name": null, "source": "NHDPlus HR network flowline", "length_mi": 0.06, "directed": true, "direction": "recorded" }, "geometry": { "type": "LineString", "coordinates": [ [ -66.5088, 18.17884 ], [ -66.50892, 18.17872 ], [ -66.50896, 18.17863 ], [ -66.50895, 18.17855 ], [ -66.50888, 18.17844 ], [ -66.50876, 18.17831 ], [ -66.50872, 18.17826 ], [ -66.50869, 18.17817 ], [ -66.5087, 18.17814 ] ] } },
{ "type": "Feature", "properties": { "fcode": 33600, "label": "Canal or ditch", "name": null, "source": "NHDPlus HR network flowline", "length_mi": 0.04, "directed": true, "direction": "recorded" }, "geometry": { "type": "LineString", "coordinates": [ [ -66.50695, 18.19351 ], [ -66.50704, 18.19342 ], [ -66.50706, 18.19339 ], [ -66.50703, 18.19335 ], [ -66.50695, 18.19326 ], [ -66.50688, 18.19315 ], [ -66.50685, 18.19303 ], [ -66.50682, 18.19297 ] ] } },
{ "type": "Feature", "properties": { "fcode": 33600, "label": "Canal or ditch", "name": null, "source": "NHDPlus HR network flowline", "length_mi": 0.22, "directed": true, "direction": "recorded" }, "geometry": { "type": "LineString", "coordinates": [ [ -66.99166, 18.01509 ], [ -66.99202, 18.01353 ], [ -66.99228, 18.01235 ], [ -66.99234, 18.01189 ] ] } },
{ "type": "Feature", "properties": { "fcode": 33600, "label": "Canal or ditch", "name": null, "source": "NHDPlus HR network flowline", "length_mi": 0.21, "directed": true, "direction": "recorded" }, "geometry": { "type": "LineString", "coordinates": [ [ -66.99511, 18.01326 ], [ -66.99494, 18.01317 ], [ -66.99413, 18.01279 ], [ -66.99245, 18.01194 ], [ -66.99234, 18.01189 ] ] } },
{ "type": "Feature", "properties": { "fcode": 33600, "label": "Canal or ditch", "name": null, "source": "NHDPlus HR network flowline", "length_mi": 0.11, "directed": true, "direction": "recorded" }, "geometry": { "type": "LineString", "coordinates": [ [ -66.99089, 18.01113 ], [ -66.99025, 18.01057 ], [ -66.98996, 18.01035 ], [ -66.98967, 18.01003 ] ] } },
{ "type": "Feature", "properties": { "fcode": 33600, "label": "Canal or ditch", "name": null, "source": "NHDPlus HR network flowline", "length_mi": 0.33, "directed": true, "direction": "recorded" }, "geometry": { "type": "LineString", "coordinates": [ [ -66.97554, 18.02355 ], [ -66.97554, 18.02353 ], [ -66.9756, 18.02183 ], [ -66.97566, 18.02043 ], [ -66.97576, 18.01923 ], [ -66.9759, 18.01895 ], [ -66.97591, 18.01885 ] ] } },
{ "type": "Feature", "properties": { "fcode": 33600, "label": "Canal or ditch", "name": null, "source": "NHDPlus HR non network flowline", "length_mi": 0.2, "directed": false, "direction": "unknown" }, "geometry": { "type": "LineString", "coordinates": [ [ -66.52025, 18.00575 ], [ -66.52026, 18.00568 ], [ -66.52029, 18.00564 ], [ -66.52041, 18.00562 ], [ -66.52149, 18.00565 ], [ -66.52171, 18.00551 ], [ -66.5229, 18.00469 ] ] } },
{ "type": "Feature", "properties": { "fcode": 33600, "label": "Canal or ditch", "name": null, "source": "NHDPlus HR non network flowline", "length_mi": 0.13, "directed": false, "direction": "unknown" }, "geometry": { "type": "LineString", "coordinates": [ [ -66.47877, 17.98891 ], [ -66.47878, 17.98883 ], [ -66.47882, 17.98877 ], [ -66.47889, 17.98856 ], [ -66.47894, 17.98832 ], [ -66.47897, 17.98812 ], [ -66.47901, 17.98794 ], [ -66.47904, 17.98775 ], [ -66.47908, 17.98766 ], [ -66.47914, 17.98757 ], [ -66.47924, 17.98752 ], [ -66.47942, 17.98751 ], [ -66.47955, 17.98748 ], [ -66.47959, 17.98748 ] ] } },
{ "type": "Feature", "properties": { "fcode": 33600, "label": "Canal or ditch", "name": null, "source": "NHDPlus HR non network flowline", "length_mi": 0.16, "directed": false, "direction": "unknown" }, "geometry": { "type": "LineString", "coordinates": [ [ -66.56853, 17.98021 ], [ -66.56604, 17.98008 ] ] } },
{ "type": "Feature", "properties": { "fcode": 33600, "label": "Canal or ditch", "name": null, "source": "NHDPlus HR non network flowline", "length_mi": 0.13, "directed": false, "direction": "unknown" }, "geometry": { "type": "LineString", "coordinates": [ [ -66.60734, 17.9758 ], [ -66.60778, 17.97528 ], [ -66.60808, 17.97482 ], [ -66.6083, 17.97449 ], [ -66.60839, 17.9743 ], [ -66.60841, 17.97425 ], [ -66.60841, 17.97425 ] ] } },
{ "type": "Feature", "properties": { "fcode": 33600, "label": "Canal or ditch", "name": null, "source": "NHDPlus HR non network flowline", "length_mi": 0.02, "directed": false, "direction": "unknown" }, "geometry": { "type": "LineString", "coordinates": [ [ -66.58143, 17.98139 ], [ -66.58118, 17.98142 ] ] } },
{ "type": "Feature", "properties": { "fcode": 33600, "label": "Canal or ditch", "name": null, "source": "NHDPlus HR non network flowline", "length_mi": 0.28, "directed": false, "direction": "unknown" }, "geometry": { "type": "LineString", "coordinates": [ [ -67.15417, 18.16767 ], [ -67.15436, 18.16771 ], [ -67.15452, 18.16773 ], [ -67.15474, 18.16778 ], [ -67.15497, 18.16781 ], [ -67.15513, 18.16784 ], [ -67.15522, 18.16785 ], [ -67.15527, 18.16787 ], [ -67.15532, 18.16791 ], [ -67.15535, 18.168 ], [ -67.15537, 18.16806 ], [ -67.15546, 18.16831 ], [ -67.15552, 18.16852 ], [ -67.15558, 18.16889 ], [ -67.15573, 18.16985 ], [ -67.15573, 18.16985 ], [ -67.15675, 18.17015 ] ] } },
{ "type": "Feature", "properties": { "fcode": 33600, "label": "Canal or ditch", "name": null, "source": "NHDPlus HR non network flowline", "length_mi": 0.54, "directed": true, "direction": "inferred" }, "geometry": { "type": "LineString", "coordinates": [ [ -66.52425, 17.99779 ], [ -66.52282, 17.99546 ], [ -66.52151, 17.99332 ], [ -66.52115, 17.99272 ], [ -66.5209, 17.99162 ], [ -66.52168, 17.99129 ] ] } },
{ "type": "Feature", "properties": { "fcode": 33600, "label": "Canal or ditch", "name": null, "source": "NHDPlus HR non network flowline", "length_mi": 0.42, "directed": false, "direction": "unknown" }, "geometry": { "type": "LineString", "coordinates": [ [ -66.48387, 17.99728 ], [ -66.48394, 17.99755 ], [ -66.48401, 17.99791 ], [ -66.48404, 17.99802 ], [ -66.48409, 17.99812 ], [ -66.48416, 17.99847 ], [ -66.48428, 17.99914 ], [ -66.48441, 17.9998 ], [ -66.48453, 18.00035 ], [ -66.48465, 18.001 ], [ -66.4848, 18.00185 ], [ -66.485, 18.00273 ], [ -66.48509, 18.00323 ] ] } },
{ "type": "Feature", "properties": { "fcode": 33600, "label": "Canal or ditch", "name": null, "source": "NHDPlus HR non network flowline", "length_mi": 0.09, "directed": false, "direction": "unknown" }, "geometry": { "type": "LineString", "coordinates": [ [ -66.56716, 18.00293 ], [ -66.56751, 18.00297 ], [ -66.56789, 18.00302 ], [ -66.56817, 18.00303 ], [ -66.56845, 18.00306 ] ] } },
{ "type": "Feature", "properties": { "fcode": 33600, "label": "Canal or ditch", "name": null, "source": "NHDPlus HR non network flowline", "length_mi": 0.11, "directed": true, "direction": "inferred" }, "geometry": { "type": "LineString", "coordinates": [ [ -66.51614, 18.16273 ], [ -66.51607, 18.16279 ], [ -66.51603, 18.16279 ], [ -66.51598, 18.16277 ], [ -66.51588, 18.16265 ], [ -66.51583, 18.1626 ], [ -66.51575, 18.1626 ], [ -66.51564, 18.16266 ], [ -66.51549, 18.16284 ], [ -66.51533, 18.163 ], [ -66.51525, 18.16306 ], [ -66.51515, 18.16307 ], [ -66.51507, 18.16306 ], [ -66.51491, 18.16306 ], [ -66.51483, 18.16308 ] ] } },
{ "type": "Feature", "properties": { "fcode": 33600, "label": "Canal or ditch", "name": null, "source": "NHDPlus HR non network flowline", "length_mi": 0.84, "directed": true, "direction": "inferred" }, "geometry": { "type": "LineString", "coordinates": [ [ -66.90899, 18.01789 ], [ -66.91154, 18.01577 ], [ -66.91244, 18.01502 ], [ -66.91288, 18.01463 ], [ -66.91415, 18.01358 ], [ -66.91434, 18.0133 ], [ -66.91438, 18.01326 ], [ -66.9144, 18.01311 ], [ -66.91445, 18.01247 ], [ -66.91452, 18.0123 ], [ -66.91468, 18.01212 ], [ -66.915, 18.01182 ], [ -66.91564, 18.01125 ], [ -66.91602, 18.01078 ], [ -66.9161, 18.01071 ], [ -66.91621, 18.01058 ], [ -66.91627, 18.01045 ], [ -66.91633, 18.01023 ], [ -66.91676, 18.00872 ] ] } },
{ "type": "Feature", "properties": { "fcode": 33600, "label": "Canal or ditch", "name": null, "source": "NHDPlus HR non network flowline", "length_mi": 0.05, "directed": false, "direction": "unknown" }, "geometry": { "type": "LineString", "coordinates": [ [ -66.72061, 17.99159 ], [ -66.72078, 17.99086 ] ] } },
{ "type": "Feature", "properties": { "fcode": 33600, "label": "Canal or ditch", "name": null, "source": "NHDPlus HR non network flowline", "length_mi": 0.4, "directed": false, "direction": "unknown" }, "geometry": { "type": "LineString", "coordinates": [ [ -66.7478, 17.99593 ], [ -66.74739, 17.99412 ], [ -66.7469, 17.99172 ], [ -66.74657, 17.99021 ] ] } },
{ "type": "Feature", "properties": { "fcode": 33600, "label": "Canal or ditch", "name": "Canal Principal De Riego Valle De Lajas", "source": "NHDPlus HR non network flowline", "length_mi": 0.52, "directed": true, "direction": "inferred" }, "geometry": { "type": "LineString", "coordinates": [ [ -66.94068, 18.04103 ], [ -66.94075, 18.04113 ], [ -66.94098, 18.04119 ], [ -66.94105, 18.04122 ], [ -66.94112, 18.04127 ], [ -66.94122, 18.04137 ], [ -66.94129, 18.04147 ], [ -66.94134, 18.04157 ], [ -66.94134, 18.04164 ], [ -66.94132, 18.04171 ], [ -66.94129, 18.04178 ], [ -66.94117, 18.04189 ], [ -66.9409, 18.04211 ], [ -66.94082, 18.04224 ], [ -66.94082, 18.04228 ], [ -66.9408, 18.04232 ], [ -66.94075, 18.0424 ], [ -66.9407, 18.04251 ], [ -66.94066, 18.0426 ], [ -66.94066, 18.0427 ], [ -66.9407, 18.04279 ], [ -66.94075, 18.04283 ], [ -66.94083, 18.04288 ], [ -66.94091, 18.04293 ], [ -66.94095, 18.04296 ], [ -66.94104, 18.04306 ], [ -66.94107, 18.04311 ], [ -66.94114, 18.04317 ], [ -66.94119, 18.04325 ], [ -66.94122, 18.0433 ], [ -66.94123, 18.04336 ], [ -66.94124, 18.04341 ], [ -66.94131, 18.04345 ], [ -66.94137, 18.04346 ], [ -66.9415, 18.04345 ], [ -66.94165, 18.04343 ], [ -66.94178, 18.04338 ], [ -66.94187, 18.04331 ], [ -66.94196, 18.04322 ], [ -66.94207, 18.04317 ], [ -66.94218, 18.04317 ], [ -66.94238, 18.0432 ], [ -66.94251, 18.0432 ], [ -66.94256, 18.04319 ], [ -66.94265, 18.04313 ], [ -66.94273, 18.04304 ], [ -66.94277, 18.04295 ], [ -66.94285, 18.04285 ], [ -66.94295, 18.04278 ], [ -66.94313, 18.04276 ], [ -66.94349, 18.04271 ], [ -66.9437, 18.04269 ], [ -66.94381, 18.0427 ], [ -66.94386, 18.04274 ], [ -66.94393, 18.04281 ], [ -66.94395, 18.04289 ], [ -66.94394, 18.04299 ], [ -66.94393, 18.04315 ], [ -66.94395, 18.04323 ], [ -66.94399, 18.04328 ], [ -66.94404, 18.04331 ], [ -66.94414, 18.04334 ], [ -66.94421, 18.04334 ], [ -66.94439, 18.04335 ], [ -66.94453, 18.04332 ], [ -66.94469, 18.04325 ], [ -66.94492, 18.04317 ] ] } },
{ "type": "Feature", "properties": { "fcode": 33600, "label": "Canal or ditch", "name": null, "source": "NHDPlus HR non network flowline", "length_mi": 0.1, "directed": false, "direction": "unknown" }, "geometry": { "type": "LineString", "coordinates": [ [ -66.99588, 18.02874 ], [ -66.99549, 18.02849 ], [ -66.99545, 18.02839 ], [ -66.99543, 18.02815 ], [ -66.99541, 18.02782 ], [ -66.99538, 18.02749 ] ] } },
{ "type": "Feature", "properties": { "fcode": 33600, "label": "Canal or ditch", "name": null, "source": "NHDPlus HR non network flowline", "length_mi": 0.22, "directed": false, "direction": "unknown" }, "geometry": { "type": "LineString", "coordinates": [ [ -66.56122, 17.98192 ], [ -66.56069, 17.98045 ], [ -66.56017, 17.97894 ] ] } },
{ "type": "Feature", "properties": { "fcode": 33600, "label": "Canal or ditch", "name": null, "source": "NHDPlus HR non network flowline", "length_mi": 0.19, "directed": false, "direction": "unknown" }, "geometry": { "type": "LineString", "coordinates": [ [ -66.5977, 17.98013 ], [ -66.59492, 17.98066 ] ] } },
{ "type": "Feature", "properties": { "fcode": 33600, "label": "Canal or ditch", "name": null, "source": "NHDPlus HR non network flowline", "length_mi": 0.61, "directed": false, "direction": "unknown" }, "geometry": { "type": "LineString", "coordinates": [ [ -66.81673, 17.97464 ], [ -66.81529, 17.97447 ], [ -66.81491, 17.9746 ], [ -66.81138, 17.97613 ], [ -66.8086, 17.97622 ], [ -66.80786, 17.97624 ] ] } },
{ "type": "Feature", "properties": { "fcode": 33600, "label": "Canal or ditch", "name": null, "source": "NHDPlus HR non network flowline", "length_mi": 0.2, "directed": false, "direction": "unknown" }, "geometry": { "type": "LineString", "coordinates": [ [ -66.55594, 17.99943 ], [ -66.55595, 18.00081 ], [ -66.556, 18.00235 ] ] } },
{ "type": "Feature", "properties": { "fcode": 33600, "label": "Canal or ditch", "name": null, "source": "NHDPlus HR non network flowline", "length_mi": 0.28, "directed": false, "direction": "unknown" }, "geometry": { "type": "LineString", "coordinates": [ [ -66.55463, 17.98044 ], [ -66.55449, 17.98047 ], [ -66.5543, 17.98063 ], [ -66.55412, 17.98083 ], [ -66.55402, 17.98092 ], [ -66.55381, 17.98116 ], [ -66.55357, 17.98149 ], [ -66.55347, 17.98161 ], [ -66.55323, 17.98192 ], [ -66.553, 17.98226 ], [ -66.5528, 17.98259 ], [ -66.55263, 17.98302 ], [ -66.5524, 17.98376 ] ] } },
{ "type": "Feature", "properties": { "fcode": 33600, "label": "Canal or ditch", "name": null, "source": "NHDPlus HR non network flowline", "length_mi": 0.22, "directed": false, "direction": "unknown" }, "geometry": { "type": "LineString", "coordinates": [ [ -66.51318, 18.01773 ], [ -66.50981, 18.01761 ] ] } },
{ "type": "Feature", "properties": { "fcode": 33600, "label": "Canal or ditch", "name": null, "source": "NHDPlus HR non network flowline", "length_mi": 0.37, "directed": false, "direction": "unknown" }, "geometry": { "type": "LineString", "coordinates": [ [ -66.545, 17.99676 ], [ -66.54509, 17.99645 ], [ -66.54535, 17.99586 ], [ -66.54542, 17.99555 ], [ -66.54541, 17.99529 ], [ -66.54539, 17.99511 ], [ -66.54547, 17.99498 ], [ -66.54554, 17.99494 ], [ -66.54711, 17.99479 ], [ -66.54832, 17.99466 ], [ -66.54845, 17.99459 ], [ -66.54858, 17.99436 ], [ -66.54863, 17.9941 ], [ -66.54863, 17.99408 ] ] } },
{ "type": "Feature", "properties": { "fcode": 33600, "label": "Canal or ditch", "name": null, "source": "NHDPlus HR non network flowline", "length_mi": 0.03, "directed": false, "direction": "unknown" }, "geometry": { "type": "LineString", "coordinates": [ [ -66.57315, 17.96972 ], [ -66.57289, 17.96944 ] ] } },
{ "type": "Feature", "properties": { "fcode": 33600, "label": "Canal or ditch", "name": null, "source": "NHDPlus HR non network flowline", "length_mi": 0.36, "directed": false, "direction": "unknown" }, "geometry": { "type": "LineString", "coordinates": [ [ -66.45991, 17.99798 ], [ -66.45993, 17.99803 ], [ -66.45986, 17.9982 ], [ -66.45978, 17.99859 ], [ -66.45966, 17.99915 ], [ -66.45954, 17.99977 ], [ -66.45943, 18.00031 ], [ -66.45936, 18.0007 ], [ -66.45929, 18.00102 ], [ -66.45925, 18.00122 ], [ -66.4592, 18.0015 ], [ -66.45917, 18.00198 ], [ -66.45914, 18.00235 ], [ -66.4591, 18.00274 ], [ -66.45909, 18.00299 ], [ -66.45907, 18.00311 ] ] } },
{ "type": "Feature", "properties": { "fcode": 33600, "label": "Canal or ditch", "name": null, "source": "NHDPlus HR non network flowline", "length_mi": 0.08, "directed": false, "direction": "unknown" }, "geometry": { "type": "LineString", "coordinates": [ [ -66.58838, 17.9823 ], [ -66.58833, 17.98108 ] ] } },
{ "type": "Feature", "properties": { "fcode": 33600, "label": "Canal or ditch", "name": null, "source": "NHDPlus HR non network flowline", "length_mi": 0.16, "directed": false, "direction": "unknown" }, "geometry": { "type": "LineString", "coordinates": [ [ -66.58203, 17.98887 ], [ -66.5819, 17.98732 ], [ -66.58185, 17.98657 ] ] } },
{ "type": "Feature", "properties": { "fcode": 33600, "label": "Canal or ditch", "name": null, "source": "NHDPlus HR non network flowline", "length_mi": 0.13, "directed": false, "direction": "unknown" }, "geometry": { "type": "LineString", "coordinates": [ [ -66.48241, 17.99729 ], [ -66.48232, 17.99802 ], [ -66.48229, 17.99822 ], [ -66.48224, 17.99876 ], [ -66.48217, 17.99915 ] ] } },
{ "type": "Feature", "properties": { "fcode": 33600, "label": "Canal or ditch", "name": "Canal Principal De Riego Valle De Lajas", "source": "NHDPlus HR non network flowline", "length_mi": 0.48, "directed": false, "direction": "unknown" }, "geometry": { "type": "LineString", "coordinates": [ [ -67.04869, 18.04456 ], [ -67.04941, 18.04383 ], [ -67.04965, 18.04353 ], [ -67.04977, 18.04343 ], [ -67.04989, 18.04334 ], [ -67.05001, 18.0433 ], [ -67.05015, 18.04331 ], [ -67.05038, 18.04339 ], [ -67.05055, 18.04347 ], [ -67.05063, 18.04351 ], [ -67.05071, 18.04357 ], [ -67.05083, 18.04368 ], [ -67.05093, 18.04375 ], [ -67.05101, 18.04378 ], [ -67.05112, 18.0438 ], [ -67.05122, 18.04379 ], [ -67.05128, 18.04375 ], [ -67.05136, 18.04366 ], [ -67.05144, 18.04355 ], [ -67.05149, 18.04344 ], [ -67.05153, 18.04331 ], [ -67.05156, 18.0432 ], [ -67.05155, 18.04299 ], [ -67.05154, 18.04285 ], [ -67.05154, 18.04275 ], [ -67.05156, 18.04269 ], [ -67.05159, 18.04264 ], [ -67.05164, 18.0426 ], [ -67.05173, 18.04259 ], [ -67.05177, 18.04259 ], [ -67.0519, 18.04265 ], [ -67.052, 18.0427 ], [ -67.05208, 18.04277 ], [ -67.05213, 18.04285 ], [ -67.05215, 18.043 ], [ -67.05217, 18.04313 ], [ -67.0522, 18.04334 ], [ -67.05224, 18.04346 ], [ -67.05229, 18.04353 ], [ -67.05236, 18.04358 ], [ -67.05255, 18.04371 ], [ -67.05272, 18.04379 ], [ -67.05281, 18.04383 ], [ -67.05321, 18.04424 ], [ -67.05327, 18.04436 ] ] } },
{ "type": "Feature", "properties": { "fcode": 33600, "label": "Canal or ditch", "name": null, "source": "NHDPlus HR non network flowline", "length_mi": 0.38, "directed": false, "direction": "unknown" }, "geometry": { "type": "LineString", "coordinates": [ [ -66.38999, 17.97167 ], [ -66.39064, 17.96867 ], [ -66.39073, 17.96835 ], [ -66.39076, 17.96825 ], [ -66.3909, 17.96809 ], [ -66.39095, 17.96799 ], [ -66.39102, 17.96775 ], [ -66.39107, 17.96741 ], [ -66.39109, 17.96733 ], [ -66.39137, 17.96692 ], [ -66.39159, 17.9666 ], [ -66.39167, 17.9665 ] ] } },
{ "type": "Feature", "properties": { "fcode": 33600, "label": "Canal or ditch", "name": null, "source": "NHDPlus HR non network flowline", "length_mi": 0.04, "directed": false, "direction": "unknown" }, "geometry": { "type": "LineString", "coordinates": [ [ -66.55415, 17.98808 ], [ -66.55429, 17.98749 ] ] } },
{ "type": "Feature", "properties": { "fcode": 33600, "label": "Canal or ditch", "name": null, "source": "NHDPlus HR non network flowline", "length_mi": 0.03, "directed": false, "direction": "unknown" }, "geometry": { "type": "LineString", "coordinates": [ [ -66.72456, 17.99274 ], [ -66.72455, 17.99273 ], [ -66.72419, 17.99252 ] ] } },
{ "type": "Feature", "properties": { "fcode": 33600, "label": "Canal or ditch", "name": null, "source": "NHDPlus HR non network flowline", "length_mi": 0.16, "directed": false, "direction": "unknown" }, "geometry": { "type": "LineString", "coordinates": [ [ -66.58833, 17.98108 ], [ -66.58824, 17.97899 ], [ -66.58823, 17.97872 ] ] } },
{ "type": "Feature", "properties": { "fcode": 33600, "label": "Canal or ditch", "name": "Canal Principal De Riego Valle De Lajas", "source": "NHDPlus HR non network flowline", "length_mi": 0.05, "directed": false, "direction": "unknown" }, "geometry": { "type": "LineString", "coordinates": [ [ -67.03467, 18.04732 ], [ -67.03476, 18.0473 ], [ -67.03489, 18.04727 ], [ -67.03503, 18.04723 ], [ -67.03518, 18.04713 ], [ -67.03536, 18.04694 ] ] } },
{ "type": "Feature", "properties": { "fcode": 33600, "label": "Canal or ditch", "name": null, "source": "NHDPlus HR non network flowline", "length_mi": 0.76, "directed": false, "direction": "unknown" }, "geometry": { "type": "LineString", "coordinates": [ [ -66.44826, 18.01674 ], [ -66.44825, 18.01669 ], [ -66.44825, 18.01662 ], [ -66.44826, 18.0165 ], [ -66.44829, 18.0164 ], [ -66.44827, 18.01631 ], [ -66.44823, 18.01623 ], [ -66.44814, 18.01612 ], [ -66.44802, 18.01606 ], [ -66.44789, 18.01604 ], [ -66.44773, 18.01604 ], [ -66.44757, 18.01607 ], [ -66.44742, 18.01609 ], [ -66.44724, 18.01612 ], [ -66.44711, 18.01611 ], [ -66.44688, 18.01612 ], [ -66.44672, 18.01612 ], [ -66.44662, 18.01612 ], [ -66.44644, 18.01609 ], [ -66.4463, 18.01609 ], [ -66.4461, 18.01611 ], [ -66.44587, 18.01618 ], [ -66.44569, 18.01622 ], [ -66.44546, 18.01628 ], [ -66.44523, 18.01633 ], [ -66.44499, 18.0164 ], [ -66.44476, 18.01648 ], [ -66.44452, 18.01658 ], [ -66.44434, 18.01668 ], [ -66.44419, 18.0168 ], [ -66.44409, 18.01689 ], [ -66.44396, 18.01702 ], [ -66.44387, 18.01714 ], [ -66.44382, 18.01723 ], [ -66.4438, 18.01726 ], [ -66.44378, 18.01728 ], [ -66.44373, 18.01728 ], [ -66.44365, 18.01722 ], [ -66.44356, 18.01709 ], [ -66.44342, 18.01695 ], [ -66.4433, 18.0168 ], [ -66.44315, 18.01662 ], [ -66.44296, 18.01642 ], [ -66.44283, 18.01633 ], [ -66.44273, 18.01628 ], [ -66.44263, 18.01624 ], [ -66.44252, 18.01621 ], [ -66.44239, 18.01621 ], [ -66.44231, 18.01621 ], [ -66.44226, 18.01619 ], [ -66.44217, 18.01611 ], [ -66.44207, 18.01598 ], [ -66.44196, 18.01585 ], [ -66.44186, 18.01574 ], [ -66.44172, 18.01563 ], [ -66.44159, 18.01552 ], [ -66.44147, 18.01544 ], [ -66.44139, 18.0154 ], [ -66.44132, 18.01537 ], [ -66.44123, 18.01537 ], [ -66.44114, 18.01538 ], [ -66.44104, 18.01546 ], [ -66.44092, 18.01559 ], [ -66.44087, 18.01565 ], [ -66.44084, 18.01569 ], [ -66.44081, 18.01572 ], [ -66.44076, 18.01573 ], [ -66.44068, 18.01572 ], [ -66.44057, 18.01568 ], [ -66.44033, 18.01556 ], [ -66.4402, 18.01553 ], [ -66.4401, 18.01551 ], [ -66.44002, 18.0155 ], [ -66.43985, 18.01556 ], [ -66.43966, 18.01564 ], [ -66.43946, 18.01574 ], [ -66.43925, 18.01585 ], [ -66.43913, 18.01591 ], [ -66.43907, 18.01593 ], [ -66.43899, 18.01593 ], [ -66.43894, 18.01591 ], [ -66.43888, 18.01584 ] ] } },
{ "type": "Feature", "properties": { "fcode": 33600, "label": "Canal or ditch", "name": null, "source": "NHDPlus HR non network flowline", "length_mi": 0.17, "directed": false, "direction": "unknown" }, "geometry": { "type": "LineString", "coordinates": [ [ -66.56226, 17.98465 ], [ -66.56226, 17.98464 ], [ -66.56184, 17.98388 ], [ -66.56173, 17.9836 ], [ -66.56164, 17.98332 ], [ -66.56151, 17.9828 ], [ -66.56136, 17.98229 ] ] } },
{ "type": "Feature", "properties": { "fcode": 33600, "label": "Canal or ditch", "name": null, "source": "NHDPlus HR non network flowline", "length_mi": 0.65, "directed": false, "direction": "unknown" }, "geometry": { "type": "LineString", "coordinates": [ [ -66.56566, 17.9951 ], [ -66.56462, 17.99358 ], [ -66.56333, 17.99172 ], [ -66.56198, 17.98973 ], [ -66.56128, 17.98877 ], [ -66.56072, 17.98796 ], [ -66.56019, 17.98719 ] ] } },
{ "type": "Feature", "properties": { "fcode": 33600, "label": "Canal or ditch", "name": null, "source": "NHDPlus HR non network flowline", "length_mi": 0.09, "directed": false, "direction": "unknown" }, "geometry": { "type": "LineString", "coordinates": [ [ -66.47615, 17.99106 ], [ -66.47614, 17.99132 ], [ -66.47605, 17.99204 ], [ -66.47603, 17.99227 ], [ -66.476, 17.99228 ] ] } },
{ "type": "Feature", "properties": { "fcode": 33600, "label": "Canal or ditch", "name": "Caño Merle", "source": "NHDPlus HR non network flowline", "length_mi": 0.19, "directed": false, "direction": "unknown" }, "geometry": { "type": "LineString", "coordinates": [ [ -67.15665, 18.17324 ], [ -67.15665, 18.17331 ], [ -67.15665, 18.17339 ], [ -67.15668, 18.17356 ], [ -67.15672, 18.17361 ], [ -67.15681, 18.1737 ], [ -67.15696, 18.17387 ], [ -67.1571, 18.17399 ], [ -67.1573, 18.17408 ], [ -67.15753, 18.17415 ], [ -67.15767, 18.17421 ], [ -67.15772, 18.17431 ], [ -67.15776, 18.17449 ], [ -67.15786, 18.17463 ], [ -67.15804, 18.17475 ], [ -67.15823, 18.17485 ], [ -67.15845, 18.17494 ], [ -67.1585, 18.17499 ] ] } },
{ "type": "Feature", "properties": { "fcode": 33600, "label": "Canal or ditch", "name": null, "source": "NHDPlus HR non network flowline", "length_mi": 0.38, "directed": false, "direction": "unknown" }, "geometry": { "type": "LineString", "coordinates": [ [ -66.95144, 18.01643 ], [ -66.95033, 18.01601 ], [ -66.95028, 18.01596 ], [ -66.95025, 18.01562 ], [ -66.9502, 18.01475 ], [ -66.95019, 18.01469 ], [ -66.95017, 18.01466 ], [ -66.94845, 18.01461 ], [ -66.94757, 18.01459 ], [ -66.94724, 18.01457 ], [ -66.94704, 18.0146 ] ] } },
{ "type": "Feature", "properties": { "fcode": 33600, "label": "Canal or ditch", "name": null, "source": "NHDPlus HR non network flowline", "length_mi": 0.26, "directed": false, "direction": "unknown" }, "geometry": { "type": "LineString", "coordinates": [ [ -66.58038, 17.98583 ], [ -66.58025, 17.98378 ], [ -66.58016, 17.98208 ] ] } },
{ "type": "Feature", "properties": { "fcode": 33600, "label": "Canal or ditch", "name": null, "source": "NHDPlus HR non network flowline", "length_mi": 0.17, "directed": false, "direction": "unknown" }, "geometry": { "type": "LineString", "coordinates": [ [ -66.57048, 17.97342 ], [ -66.57041, 17.97208 ], [ -66.57036, 17.97096 ] ] } },
{ "type": "Feature", "properties": { "fcode": 33600, "label": "Canal or ditch", "name": null, "source": "NHDPlus HR non network flowline", "length_mi": 0.55, "directed": false, "direction": "unknown" }, "geometry": { "type": "LineString", "coordinates": [ [ -66.59264, 17.99304 ], [ -66.59256, 17.99148 ], [ -66.59249, 17.99001 ], [ -66.59245, 17.98869 ], [ -66.59239, 17.98697 ], [ -66.59239, 17.98613 ], [ -66.59231, 17.98551 ], [ -66.59231, 17.98502 ] ] } },
{ "type": "Feature", "properties": { "fcode": 33600, "label": "Canal or ditch", "name": null, "source": "NHDPlus HR non network flowline", "length_mi": 0.16, "directed": false, "direction": "unknown" }, "geometry": { "type": "LineString", "coordinates": [ [ -66.48985, 18.00887 ], [ -66.48984, 18.00871 ], [ -66.48983, 18.00859 ], [ -66.4898, 18.00848 ], [ -66.48977, 18.00843 ], [ -66.48976, 18.00843 ], [ -66.48968, 18.00836 ], [ -66.48937, 18.00817 ], [ -66.48905, 18.00802 ], [ -66.48866, 18.00779 ], [ -66.48851, 18.00769 ], [ -66.48834, 18.00759 ], [ -66.48819, 18.00752 ], [ -66.48815, 18.00749 ] ] } },
{ "type": "Feature", "properties": { "fcode": 33600, "label": "Canal or ditch", "name": null, "source": "NHDPlus HR non network flowline", "length_mi": 0.16, "directed": false, "direction": "unknown" }, "geometry": { "type": "LineString", "coordinates": [ [ -66.55238, 17.98144 ], [ -66.55282, 17.9812 ], [ -66.5532, 17.98107 ], [ -66.55352, 17.98091 ], [ -66.55391, 17.98069 ], [ -66.55428, 17.98052 ], [ -66.55446, 17.98045 ], [ -66.55463, 17.98044 ] ] } },
{ "type": "Feature", "properties": { "fcode": 33600, "label": "Canal or ditch", "name": null, "source": "NHDPlus HR non network flowline", "length_mi": 0.27, "directed": false, "direction": "unknown" }, "geometry": { "type": "LineString", "coordinates": [ [ -66.47615, 17.99106 ], [ -66.47621, 17.99048 ], [ -66.47629, 17.98994 ], [ -66.47634, 17.98973 ], [ -66.47645, 17.98958 ], [ -66.47665, 17.98947 ], [ -66.47696, 17.98936 ], [ -66.47743, 17.98922 ], [ -66.47778, 17.98909 ], [ -66.47806, 17.98901 ], [ -66.47828, 17.98895 ], [ -66.47857, 17.98894 ], [ -66.47874, 17.98891 ], [ -66.47877, 17.98891 ] ] } },
{ "type": "Feature", "properties": { "fcode": 33600, "label": "Canal or ditch", "name": null, "source": "NHDPlus HR non network flowline", "length_mi": 0.1, "directed": false, "direction": "unknown" }, "geometry": { "type": "LineString", "coordinates": [ [ -66.58112, 17.973 ], [ -66.58028, 17.97345 ], [ -66.57977, 17.97373 ] ] } },
{ "type": "Feature", "properties": { "fcode": 33600, "label": "Canal or ditch", "name": null, "source": "NHDPlus HR non network flowline", "length_mi": 0.2, "directed": false, "direction": "unknown" }, "geometry": { "type": "LineString", "coordinates": [ [ -66.56215, 17.97832 ], [ -66.56157, 17.97667 ], [ -66.56115, 17.97554 ] ] } },
{ "type": "Feature", "properties": { "fcode": 33600, "label": "Canal or ditch", "name": null, "source": "NHDPlus HR non network flowline", "length_mi": 0.26, "directed": false, "direction": "unknown" }, "geometry": { "type": "LineString", "coordinates": [ [ -66.52408, 18.00847 ], [ -66.52187, 18.00828 ], [ -66.52138, 18.00837 ], [ -66.52083, 18.0079 ], [ -66.52033, 18.00793 ] ] } },
{ "type": "Feature", "properties": { "fcode": 33600, "label": "Canal or ditch", "name": null, "source": "NHDPlus HR non network flowline", "length_mi": 0.17, "directed": false, "direction": "unknown" }, "geometry": { "type": "LineString", "coordinates": [ [ -66.58589, 17.98513 ], [ -66.58556, 17.98377 ], [ -66.58541, 17.98319 ], [ -66.58527, 17.98265 ] ] } },
{ "type": "Feature", "properties": { "fcode": 33600, "label": "Canal or ditch", "name": "Canal Principal De Riego Valle De Lajas", "source": "NHDPlus HR non network flowline", "length_mi": 0.43, "directed": false, "direction": "unknown" }, "geometry": { "type": "LineString", "coordinates": [ [ -67.01396, 18.04758 ], [ -67.014, 18.04762 ], [ -67.01502, 18.04787 ], [ -67.01512, 18.04785 ], [ -67.01522, 18.04778 ], [ -67.01528, 18.04771 ], [ -67.01533, 18.04764 ], [ -67.01534, 18.04757 ], [ -67.01535, 18.04751 ], [ -67.0154, 18.04741 ], [ -67.01552, 18.0473 ], [ -67.01561, 18.04726 ], [ -67.0157, 18.04724 ], [ -67.01588, 18.04721 ], [ -67.016, 18.04718 ], [ -67.01608, 18.04719 ], [ -67.01616, 18.04721 ], [ -67.01623, 18.04729 ], [ -67.01628, 18.04746 ], [ -67.01631, 18.04757 ], [ -67.01635, 18.04774 ], [ -67.01641, 18.04788 ], [ -67.01656, 18.04809 ], [ -67.0167, 18.04828 ], [ -67.01678, 18.04836 ], [ -67.01684, 18.0484 ], [ -67.01696, 18.04843 ], [ -67.0171, 18.04842 ], [ -67.01728, 18.04838 ], [ -67.01756, 18.0483 ], [ -67.01795, 18.04818 ], [ -67.01829, 18.04807 ], [ -67.01842, 18.04804 ], [ -67.01861, 18.04808 ], [ -67.01913, 18.04833 ] ] } },
{ "type": "Feature", "properties": { "fcode": 33600, "label": "Canal or ditch", "name": null, "source": "NHDPlus HR non network flowline", "length_mi": 0.02, "directed": false, "direction": "unknown" }, "geometry": { "type": "LineString", "coordinates": [ [ -66.48183, 17.99172 ], [ -66.48187, 17.99198 ], [ -66.48187, 17.99202 ] ] } },
{ "type": "Feature", "properties": { "fcode": 33600, "label": "Canal or ditch", "name": null, "source": "NHDPlus HR non network flowline", "length_mi": 0.17, "directed": false, "direction": "unknown" }, "geometry": { "type": "LineString", "coordinates": [ [ -66.61235, 17.97989 ], [ -66.61205, 17.97792 ], [ -66.61202, 17.97775 ], [ -66.61203, 17.9775 ] ] } },
{ "type": "Feature", "properties": { "fcode": 33600, "label": "Canal or ditch", "name": null, "source": "NHDPlus HR non network flowline", "length_mi": 0.11, "directed": false, "direction": "unknown" }, "geometry": { "type": "LineString", "coordinates": [ [ -66.47886, 17.99577 ], [ -66.47718, 17.99564 ] ] } },
{ "type": "Feature", "properties": { "fcode": 33600, "label": "Canal or ditch", "name": null, "source": "NHDPlus HR non network flowline", "length_mi": 0.24, "directed": false, "direction": "unknown" }, "geometry": { "type": "LineString", "coordinates": [ [ -66.55238, 17.98144 ], [ -66.55232, 17.9813 ], [ -66.55229, 17.98117 ], [ -66.55233, 17.98093 ], [ -66.55238, 17.98073 ], [ -66.55237, 17.98055 ], [ -66.55231, 17.9803 ], [ -66.55218, 17.98 ], [ -66.55213, 17.97983 ], [ -66.55212, 17.97973 ], [ -66.55236, 17.97911 ], [ -66.552, 17.9781 ] ] } },
{ "type": "Feature", "properties": { "fcode": 33600, "label": "Canal or ditch", "name": null, "source": "NHDPlus HR non network flowline", "length_mi": 0.37, "directed": false, "direction": "unknown" }, "geometry": { "type": "LineString", "coordinates": [ [ -66.51715, 18.00799 ], [ -66.51702, 18.00801 ], [ -66.51693, 18.00811 ], [ -66.51652, 18.00854 ], [ -66.51578, 18.0121 ], [ -66.51572, 18.01244 ], [ -66.51569, 18.01253 ], [ -66.51564, 18.01267 ], [ -66.51559, 18.01281 ], [ -66.51556, 18.0129 ], [ -66.51555, 18.0129 ], [ -66.51552, 18.01295 ] ] } },
{ "type": "Feature", "properties": { "fcode": 33600, "label": "Canal or ditch", "name": null, "source": "NHDPlus HR non network flowline", "length_mi": 0.36, "directed": true, "direction": "inferred" }, "geometry": { "type": "LineString", "coordinates": [ [ -66.57201, 18.0132 ], [ -66.57198, 18.01304 ], [ -66.57194, 18.01281 ], [ -66.57193, 18.01252 ], [ -66.57191, 18.01229 ], [ -66.57184, 18.01205 ], [ -66.57162, 18.01132 ], [ -66.5712, 18.0101 ], [ -66.57093, 18.00935 ], [ -66.57089, 18.00916 ], [ -66.5709, 18.00901 ], [ -66.57095, 18.00889 ], [ -66.57105, 18.00866 ], [ -66.5712, 18.00816 ] ] } },
{ "type": "Feature", "properties": { "fcode": 33600, "label": "Canal or ditch", "name": null, "source": "NHDPlus HR non network flowline", "length_mi": 0.07, "directed": false, "direction": "unknown" }, "geometry": { "type": "LineString", "coordinates": [ [ -66.55607, 17.98002 ], [ -66.55573, 17.97903 ] ] } },
{ "type": "Feature", "properties": { "fcode": 33600, "label": "Canal or ditch", "name": null, "source": "NHDPlus HR non network flowline", "length_mi": 0.18, "directed": false, "direction": "unknown" }, "geometry": { "type": "LineString", "coordinates": [ [ -66.54795, 18.03793 ], [ -66.54764, 18.0372 ], [ -66.54591, 18.0371 ], [ -66.54579, 18.03701 ] ] } },
{ "type": "Feature", "properties": { "fcode": 33600, "label": "Canal or ditch", "name": null, "source": "NHDPlus HR non network flowline", "length_mi": 0.22, "directed": false, "direction": "unknown" }, "geometry": { "type": "LineString", "coordinates": [ [ -66.97327, 18.02692 ], [ -66.97349, 18.02692 ], [ -66.97549, 18.02703 ], [ -66.97665, 18.0271 ] ] } },
{ "type": "Feature", "properties": { "fcode": 33600, "label": "Canal or ditch", "name": "Canal Principal De Riego Valle De Lajas", "source": "NHDPlus HR non network flowline", "length_mi": 0.15, "directed": false, "direction": "unknown" }, "geometry": { "type": "LineString", "coordinates": [ [ -67.02967, 18.04657 ], [ -67.0297, 18.04657 ], [ -67.03047, 18.04657 ], [ -67.03053, 18.04656 ], [ -67.0306, 18.04654 ], [ -67.03071, 18.04649 ], [ -67.03101, 18.04635 ], [ -67.03132, 18.0462 ], [ -67.03149, 18.04613 ], [ -67.03185, 18.04606 ] ] } },
{ "type": "Feature", "properties": { "fcode": 33600, "label": "Canal or ditch", "name": null, "source": "NHDPlus HR non network flowline", "length_mi": 0.31, "directed": false, "direction": "unknown" }, "geometry": { "type": "LineString", "coordinates": [ [ -66.60901, 17.97177 ], [ -66.60907, 17.9715 ], [ -66.60901, 17.97119 ], [ -66.60894, 17.97082 ], [ -66.60887, 17.97035 ], [ -66.60881, 17.96982 ], [ -66.60874, 17.96931 ], [ -66.60869, 17.96891 ], [ -66.60863, 17.96861 ], [ -66.60856, 17.96833 ], [ -66.60854, 17.96811 ], [ -66.60862, 17.96786 ], [ -66.60858, 17.96771 ], [ -66.60849, 17.96755 ], [ -66.60837, 17.96742 ] ] } },
{ "type": "Feature", "properties": { "fcode": 33600, "label": "Canal or ditch", "name": null, "source": "NHDPlus HR non network flowline", "length_mi": 0.49, "directed": true, "direction": "inferred" }, "geometry": { "type": "LineString", "coordinates": [ [ -66.9607, 18.04736 ], [ -66.96083, 18.04728 ], [ -66.96089, 18.04717 ], [ -66.96129, 18.046 ], [ -66.96176, 18.04467 ], [ -66.96209, 18.04376 ], [ -66.9623, 18.04311 ], [ -66.96272, 18.04195 ], [ -66.9629, 18.04145 ], [ -66.96293, 18.0412 ], [ -66.96299, 18.04066 ] ] } },
{ "type": "Feature", "properties": { "fcode": 33600, "label": "Canal or ditch", "name": "Canal Principal De Riego Valle De Lajas", "source": "NHDPlus HR non network flowline", "length_mi": 0.07, "directed": false, "direction": "unknown" }, "geometry": { "type": "LineString", "coordinates": [ [ -67.07763, 18.03784 ], [ -67.07776, 18.03782 ], [ -67.07791, 18.03778 ], [ -67.07804, 18.03774 ], [ -67.07821, 18.03766 ], [ -67.07841, 18.03757 ], [ -67.07867, 18.03744 ] ] } },
{ "type": "Feature", "properties": { "fcode": 33600, "label": "Canal or ditch", "name": null, "source": "NHDPlus HR non network flowline", "length_mi": 0.19, "directed": false, "direction": "unknown" }, "geometry": { "type": "LineString", "coordinates": [ [ -66.57289, 17.96944 ], [ -66.57293, 17.96938 ], [ -66.57312, 17.96909 ], [ -66.57331, 17.9689 ], [ -66.57363, 17.96861 ], [ -66.57397, 17.96831 ], [ -66.57421, 17.96807 ], [ -66.57442, 17.96779 ], [ -66.57459, 17.9675 ], [ -66.57469, 17.96733 ] ] } },
{ "type": "Feature", "properties": { "fcode": 33600, "label": "Canal or ditch", "name": null, "source": "NHDPlus HR non network flowline", "length_mi": 0.12, "directed": false, "direction": "unknown" }, "geometry": { "type": "LineString", "coordinates": [ [ -66.55079, 17.98297 ], [ -66.55106, 17.98312 ], [ -66.55135, 17.98327 ], [ -66.55166, 17.98343 ], [ -66.55212, 17.98364 ], [ -66.5524, 17.98376 ] ] } },
{ "type": "Feature", "properties": { "fcode": 33600, "label": "Canal or ditch", "name": null, "source": "NHDPlus HR non network flowline", "length_mi": 0.03, "directed": false, "direction": "unknown" }, "geometry": { "type": "LineString", "coordinates": [ [ -66.57163, 17.9902 ], [ -66.572, 17.99001 ] ] } },
{ "type": "Feature", "properties": { "fcode": 33600, "label": "Canal or ditch", "name": null, "source": "NHDPlus HR non network flowline", "length_mi": 0.08, "directed": false, "direction": "unknown" }, "geometry": { "type": "LineString", "coordinates": [ [ -67.0881, 18.03218 ], [ -67.08785, 18.03213 ], [ -67.08712, 18.03193 ], [ -67.08704, 18.03179 ] ] } },
{ "type": "Feature", "properties": { "fcode": 33600, "label": "Canal or ditch", "name": null, "source": "NHDPlus HR non network flowline", "length_mi": 0.01, "directed": false, "direction": "unknown" }, "geometry": { "type": "LineString", "coordinates": [ [ -66.74858, 18.0008 ], [ -66.74861, 18.00092 ] ] } },
{ "type": "Feature", "properties": { "fcode": 33600, "label": "Canal or ditch", "name": null, "source": "NHDPlus HR non network flowline", "length_mi": 0.28, "directed": false, "direction": "unknown" }, "geometry": { "type": "LineString", "coordinates": [ [ -66.48239, 17.996 ], [ -66.48216, 17.99419 ], [ -66.48187, 17.99202 ] ] } },
{ "type": "Feature", "properties": { "fcode": 33600, "label": "Canal or ditch", "name": null, "source": "NHDPlus HR non network flowline", "length_mi": 0.1, "directed": false, "direction": "unknown" }, "geometry": { "type": "LineString", "coordinates": [ [ -66.48795, 18.0004 ], [ -66.48795, 18.00039 ], [ -66.48777, 18.00017 ], [ -66.48753, 17.99987 ], [ -66.48737, 17.99968 ], [ -66.4873, 17.99957 ], [ -66.48724, 17.99943 ], [ -66.48718, 17.99925 ], [ -66.48717, 17.99924 ] ] } },
{ "type": "Feature", "properties": { "fcode": 33600, "label": "Canal or ditch", "name": null, "source": "NHDPlus HR non network flowline", "length_mi": 0.04, "directed": false, "direction": "unknown" }, "geometry": { "type": "LineString", "coordinates": [ [ -66.48368, 18.00627 ], [ -66.48348, 18.00649 ], [ -66.48327, 18.00672 ] ] } },
{ "type": "Feature", "properties": { "fcode": 33600, "label": "Canal or ditch", "name": null, "source": "NHDPlus HR non network flowline", "length_mi": 0.16, "directed": false, "direction": "unknown" }, "geometry": { "type": "LineString", "coordinates": [ [ -66.60923, 17.97401 ], [ -66.6093, 17.97345 ], [ -66.60934, 17.97305 ], [ -66.60932, 17.9728 ], [ -66.60925, 17.97239 ], [ -66.6092, 17.97209 ], [ -66.60913, 17.97188 ], [ -66.60901, 17.97177 ] ] } },
{ "type": "Feature", "properties": { "fcode": 33600, "label": "Canal or ditch", "name": null, "source": "NHDPlus HR non network flowline", "length_mi": 0.37, "directed": false, "direction": "unknown" }, "geometry": { "type": "LineString", "coordinates": [ [ -66.56506, 17.97287 ], [ -66.56714, 17.9721 ], [ -66.56926, 17.97133 ], [ -66.57036, 17.97096 ] ] } },
{ "type": "Feature", "properties": { "fcode": 33600, "label": "Canal or ditch", "name": "Canal Principal De Riego Valle De Lajas", "source": "NHDPlus HR non network flowline", "length_mi": 0.09, "directed": false, "direction": "unknown" }, "geometry": { "type": "LineString", "coordinates": [ [ -66.97254, 18.0493 ], [ -66.97257, 18.0493 ], [ -66.97272, 18.04923 ], [ -66.97292, 18.04908 ], [ -66.97314, 18.04896 ], [ -66.97334, 18.04891 ], [ -66.97368, 18.04883 ], [ -66.97386, 18.0488 ] ] } },
{ "type": "Feature", "properties": { "fcode": 33600, "label": "Canal or ditch", "name": null, "source": "NHDPlus HR non network flowline", "length_mi": 0.11, "directed": false, "direction": "unknown" }, "geometry": { "type": "LineString", "coordinates": [ [ -66.48353, 17.9917 ], [ -66.48183, 17.99172 ] ] } },
{ "type": "Feature", "properties": { "fcode": 33600, "label": "Canal or ditch", "name": null, "source": "NHDPlus HR non network flowline", "length_mi": 0.63, "directed": true, "direction": "inferred" }, "geometry": { "type": "LineString", "coordinates": [ [ -66.4499, 18.00673 ], [ -66.45013, 18.00672 ], [ -66.45049, 18.0067 ], [ -66.45088, 18.0067 ], [ -66.45088, 18.0065 ], [ -66.45086, 18.00611 ], [ -66.45084, 18.00585 ], [ -66.45103, 18.00585 ], [ -66.45145, 18.00584 ], [ -66.45208, 18.00584 ], [ -66.45268, 18.00584 ], [ -66.45336, 18.00581 ], [ -66.45406, 18.00581 ], [ -66.45472, 18.0058 ], [ -66.45515, 18.00579 ], [ -66.4555, 18.0058 ], [ -66.45575, 18.00581 ], [ -66.45595, 18.00584 ], [ -66.45631, 18.0059 ], [ -66.45676, 18.00598 ], [ -66.45711, 18.00603 ], [ -66.45745, 18.00608 ], [ -66.45787, 18.00615 ], [ -66.45841, 18.00624 ], [ -66.45849, 18.00626 ] ] } },
{ "type": "Feature", "properties": { "fcode": 33600, "label": "Canal or ditch", "name": null, "source": "NHDPlus HR non network flowline", "length_mi": 0.43, "directed": true, "direction": "inferred" }, "geometry": { "type": "LineString", "coordinates": [ [ -66.79124, 18.01574 ], [ -66.79064, 18.01269 ], [ -66.79019, 18.01047 ], [ -66.79009, 18.00994 ], [ -66.79007, 18.00975 ], [ -66.79007, 18.00965 ] ] } },
{ "type": "Feature", "properties": { "fcode": 33600, "label": "Canal or ditch", "name": null, "source": "NHDPlus HR non network flowline", "length_mi": 0.01, "directed": false, "direction": "unknown" }, "geometry": { "type": "LineString", "coordinates": [ [ -66.48241, 17.99729 ], [ -66.48239, 17.99714 ] ] } },
{ "type": "Feature", "properties": { "fcode": 33600, "label": "Canal or ditch", "name": null, "source": "NHDPlus HR non network flowline", "length_mi": 0.04, "directed": false, "direction": "unknown" }, "geometry": { "type": "LineString", "coordinates": [ [ -66.58143, 17.98139 ], [ -66.5814, 17.9809 ], [ -66.58137, 17.98076 ] ] } },
{ "type": "Feature", "properties": { "fcode": 33600, "label": "Canal or ditch", "name": null, "source": "NHDPlus HR non network flowline", "length_mi": 0.03, "directed": false, "direction": "unknown" }, "geometry": { "type": "LineString", "coordinates": [ [ -66.43766, 17.97197 ], [ -66.43817, 17.9719 ] ] } },
{ "type": "Feature", "properties": { "fcode": 33600, "label": "Canal or ditch", "name": null, "source": "NHDPlus HR non network flowline", "length_mi": 0.57, "directed": false, "direction": "unknown" }, "geometry": { "type": "LineString", "coordinates": [ [ -66.58095, 17.99457 ], [ -66.58084, 17.99323 ], [ -66.58075, 17.99128 ], [ -66.58066, 17.98995 ], [ -66.58066, 17.98956 ], [ -66.58056, 17.98775 ], [ -66.58049, 17.98672 ], [ -66.58046, 17.98623 ] ] } },
{ "type": "Feature", "properties": { "fcode": 33600, "label": "Canal or ditch", "name": null, "source": "NHDPlus HR non network flowline", "length_mi": 0.24, "directed": false, "direction": "unknown" }, "geometry": { "type": "LineString", "coordinates": [ [ -67.00318, 18.01672 ], [ -67.00404, 18.01334 ] ] } },
{ "type": "Feature", "properties": { "fcode": 33600, "label": "Canal or ditch", "name": null, "source": "NHDPlus HR non network flowline", "length_mi": 0.4, "directed": false, "direction": "unknown" }, "geometry": { "type": "LineString", "coordinates": [ [ -66.41912, 17.98278 ], [ -66.41799, 17.98461 ], [ -66.41794, 17.9847 ], [ -66.41788, 17.98473 ], [ -66.41781, 17.98475 ], [ -66.4177, 17.98476 ], [ -66.41615, 17.98465 ], [ -66.41609, 17.98467 ], [ -66.41553, 17.98463 ], [ -66.41423, 17.98458 ] ] } },
{ "type": "Feature", "properties": { "fcode": 33600, "label": "Canal or ditch", "name": null, "source": "NHDPlus HR non network flowline", "length_mi": 0.63, "directed": true, "direction": "inferred" }, "geometry": { "type": "LineString", "coordinates": [ [ -66.58598, 17.99428 ], [ -66.58618, 17.99404 ], [ -66.58627, 17.99387 ], [ -66.58661, 17.99247 ], [ -66.58711, 17.99048 ], [ -66.58581, 17.99004 ], [ -66.58368, 17.98939 ], [ -66.58246, 17.98901 ], [ -66.58203, 17.98887 ] ] } },
{ "type": "Feature", "properties": { "fcode": 33600, "label": "Canal or ditch", "name": null, "source": "NHDPlus HR non network flowline", "length_mi": 0.9, "directed": false, "direction": "unknown" }, "geometry": { "type": "LineString", "coordinates": [ [ -66.52033, 18.00793 ], [ -66.52004, 18.00797 ], [ -66.52, 18.00814 ], [ -66.51956, 18.01056 ], [ -66.51955, 18.01063 ], [ -66.5196, 18.01078 ], [ -66.51982, 18.0112 ], [ -66.51984, 18.01127 ], [ -66.51985, 18.01133 ], [ -66.51979, 18.01146 ], [ -66.51935, 18.01228 ], [ -66.51888, 18.01312 ], [ -66.51881, 18.01322 ], [ -66.51858, 18.01346 ], [ -66.51792, 18.01416 ], [ -66.51711, 18.01502 ], [ -66.517, 18.0152 ], [ -66.51687, 18.01546 ], [ -66.51681, 18.01552 ], [ -66.51659, 18.0157 ], [ -66.51524, 18.01668 ], [ -66.51417, 18.01752 ], [ -66.51396, 18.01767 ], [ -66.51381, 18.01773 ], [ -66.51365, 18.01774 ], [ -66.51347, 18.01773 ], [ -66.51318, 18.01773 ] ] } },
{ "type": "Feature", "properties": { "fcode": 33600, "label": "Canal or ditch", "name": null, "source": "NHDPlus HR non network flowline", "length_mi": 0.3, "directed": false, "direction": "unknown" }, "geometry": { "type": "LineString", "coordinates": [ [ -66.56355, 17.98716 ], [ -66.56509, 17.98616 ], [ -66.56417, 17.98374 ] ] } },
{ "type": "Feature", "properties": { "fcode": 33600, "label": "Canal or ditch", "name": null, "source": "NHDPlus HR non network flowline", "length_mi": 0.08, "directed": false, "direction": "unknown" }, "geometry": { "type": "LineString", "coordinates": [ [ -66.72553, 17.99335 ], [ -66.72456, 17.99274 ] ] } },
{ "type": "Feature", "properties": { "fcode": 33600, "label": "Canal or ditch", "name": null, "source": "NHDPlus HR non network flowline", "length_mi": 0.12, "directed": false, "direction": "unknown" }, "geometry": { "type": "LineString", "coordinates": [ [ -66.58541, 17.97957 ], [ -66.58539, 17.97947 ], [ -66.58544, 17.97911 ], [ -66.58555, 17.97855 ], [ -66.58563, 17.97782 ] ] } },
{ "type": "Feature", "properties": { "fcode": 33600, "label": "Canal or ditch", "name": null, "source": "NHDPlus HR non network flowline", "length_mi": 0.26, "directed": false, "direction": "unknown" }, "geometry": { "type": "LineString", "coordinates": [ [ -66.47764, 17.9994 ], [ -66.47759, 17.99895 ], [ -66.47754, 17.99836 ], [ -66.47746, 17.99803 ], [ -66.47718, 17.99564 ] ] } },
{ "type": "Feature", "properties": { "fcode": 33600, "label": "Canal or ditch", "name": null, "source": "NHDPlus HR non network flowline", "length_mi": 0.26, "directed": false, "direction": "unknown" }, "geometry": { "type": "LineString", "coordinates": [ [ -66.58419, 17.97134 ], [ -66.58441, 17.97075 ], [ -66.58497, 17.96934 ], [ -66.58561, 17.96784 ] ] } },
{ "type": "Feature", "properties": { "fcode": 33600, "label": "Canal or ditch", "name": null, "source": "NHDPlus HR non network flowline", "length_mi": 0.54, "directed": false, "direction": "unknown" }, "geometry": { "type": "LineString", "coordinates": [ [ -66.46048, 17.99327 ], [ -66.46066, 17.99328 ], [ -66.46099, 17.99332 ], [ -66.46137, 17.99333 ], [ -66.46179, 17.99335 ], [ -66.46222, 17.99335 ], [ -66.46345, 17.99328 ], [ -66.46629, 17.99309 ], [ -66.4687, 17.99293 ] ] } },
{ "type": "Feature", "properties": { "fcode": 33600, "label": "Canal or ditch", "name": null, "source": "NHDPlus HR non network flowline", "length_mi": 0.04, "directed": false, "direction": "unknown" }, "geometry": { "type": "LineString", "coordinates": [ [ -66.43789, 17.97244 ], [ -66.43771, 17.97207 ], [ -66.43769, 17.97203 ], [ -66.43766, 17.97197 ] ] } },
{ "type": "Feature", "properties": { "fcode": 33600, "label": "Canal or ditch", "name": null, "source": "NHDPlus HR non network flowline", "length_mi": 0.32, "directed": false, "direction": "unknown" }, "geometry": { "type": "LineString", "coordinates": [ [ -66.47132, 17.99185 ], [ -66.47355, 17.9915 ], [ -66.47607, 17.99108 ], [ -66.47615, 17.99106 ] ] } },
{ "type": "Feature", "properties": { "fcode": 33600, "label": "Canal or ditch", "name": null, "source": "NHDPlus HR non network flowline", "length_mi": 0.21, "directed": false, "direction": "unknown" }, "geometry": { "type": "LineString", "coordinates": [ [ -66.59567, 17.97329 ], [ -66.5958, 17.97313 ], [ -66.59692, 17.97185 ], [ -66.59771, 17.97092 ] ] } },
{ "type": "Feature", "properties": { "fcode": 33600, "label": "Canal or ditch", "name": null, "source": "NHDPlus HR non network flowline", "length_mi": 0.01, "directed": false, "direction": "unknown" }, "geometry": { "type": "LineString", "coordinates": [ [ -66.58119, 17.98153 ], [ -66.58118, 17.98142 ] ] } },
{ "type": "Feature", "properties": { "fcode": 33600, "label": "Canal or ditch", "name": null, "source": "NHDPlus HR non network flowline", "length_mi": 0.14, "directed": false, "direction": "unknown" }, "geometry": { "type": "LineString", "coordinates": [ [ -66.56339, 17.98167 ], [ -66.56136, 17.98229 ] ] } },
{ "type": "Feature", "properties": { "fcode": 33600, "label": "Canal or ditch", "name": null, "source": "NHDPlus HR non network flowline", "length_mi": 0.22, "directed": false, "direction": "unknown" }, "geometry": { "type": "LineString", "coordinates": [ [ -66.46066, 17.99006 ], [ -66.46065, 17.9902 ], [ -66.46063, 17.99051 ], [ -66.46059, 17.99117 ], [ -66.46057, 17.99156 ], [ -66.46049, 17.99305 ], [ -66.46048, 17.99327 ] ] } },
{ "type": "Feature", "properties": { "fcode": 33600, "label": "Canal or ditch", "name": null, "source": "NHDPlus HR non network flowline", "length_mi": 0.13, "directed": false, "direction": "unknown" }, "geometry": { "type": "LineString", "coordinates": [ [ -66.56226, 17.98465 ], [ -66.56225, 17.98466 ], [ -66.56053, 17.98551 ] ] } },
{ "type": "Feature", "properties": { "fcode": 33600, "label": "Canal or ditch", "name": null, "source": "NHDPlus HR non network flowline", "length_mi": 0.01, "directed": false, "direction": "unknown" }, "geometry": { "type": "LineString", "coordinates": [ [ -66.57162, 17.99029 ], [ -66.57162, 17.99027 ], [ -66.57163, 17.99022 ], [ -66.57163, 17.9902 ] ] } },
{ "type": "Feature", "properties": { "fcode": 33600, "label": "Canal or ditch", "name": null, "source": "NHDPlus HR non network flowline", "length_mi": 0.07, "directed": false, "direction": "unknown" }, "geometry": { "type": "LineString", "coordinates": [ [ -66.58586, 17.98355 ], [ -66.58562, 17.98249 ] ] } },
{ "type": "Feature", "properties": { "fcode": 33600, "label": "Canal or ditch", "name": "Canal Principal De Riego Valle De Lajas", "source": "NHDPlus HR non network flowline", "length_mi": 0.29, "directed": true, "direction": "inferred" }, "geometry": { "type": "LineString", "coordinates": [ [ -66.9607, 18.04736 ], [ -66.96072, 18.04727 ], [ -66.96074, 18.04718 ], [ -66.96073, 18.0471 ], [ -66.9607, 18.04704 ], [ -66.96063, 18.04699 ], [ -66.96055, 18.04697 ], [ -66.96044, 18.04696 ], [ -66.96025, 18.04696 ], [ -66.9601, 18.04694 ], [ -66.96003, 18.04694 ], [ -66.95996, 18.04692 ], [ -66.95988, 18.04685 ], [ -66.95985, 18.04676 ], [ -66.95985, 18.04667 ], [ -66.95983, 18.0466 ], [ -66.95978, 18.04652 ], [ -66.95974, 18.0465 ], [ -66.95963, 18.04646 ], [ -66.95946, 18.04642 ], [ -66.95938, 18.0464 ], [ -66.95932, 18.0464 ], [ -66.95918, 18.04641 ], [ -66.95891, 18.04643 ], [ -66.95873, 18.04645 ], [ -66.95858, 18.04646 ], [ -66.95852, 18.04647 ], [ -66.95844, 18.0465 ], [ -66.95839, 18.04653 ], [ -66.9583, 18.04663 ], [ -66.95822, 18.04668 ], [ -66.95803, 18.04673 ], [ -66.95759, 18.04683 ], [ -66.95729, 18.04691 ], [ -66.95709, 18.04693 ] ] } },
{ "type": "Feature", "properties": { "fcode": 33600, "label": "Canal or ditch", "name": null, "source": "NHDPlus HR non network flowline", "length_mi": 0.19, "directed": false, "direction": "unknown" }, "geometry": { "type": "LineString", "coordinates": [ [ -66.56853, 17.98021 ], [ -66.56843, 17.98244 ], [ -66.5686, 17.98299 ] ] } },
{ "type": "Feature", "properties": { "fcode": 33600, "label": "Canal or ditch", "name": null, "source": "NHDPlus HR non network flowline", "length_mi": 0.74, "directed": false, "direction": "unknown" }, "geometry": { "type": "LineString", "coordinates": [ [ -66.49433, 18.00833 ], [ -66.49434, 18.00829 ], [ -66.49436, 18.00825 ], [ -66.4944, 18.00812 ], [ -66.49446, 18.00797 ], [ -66.49455, 18.00774 ], [ -66.49468, 18.00733 ], [ -66.49485, 18.00687 ], [ -66.49499, 18.00652 ], [ -66.49515, 18.00603 ], [ -66.49528, 18.00569 ], [ -66.49541, 18.00535 ], [ -66.49568, 18.00464 ], [ -66.49593, 18.00401 ], [ -66.49607, 18.00366 ], [ -66.4963, 18.00307 ], [ -66.49644, 18.00273 ], [ -66.49646, 18.00269 ], [ -66.49652, 18.00257 ], [ -66.49655, 18.00246 ], [ -66.49664, 18.00219 ], [ -66.49675, 18.0019 ], [ -66.4969, 18.00151 ], [ -66.49698, 18.00131 ], [ -66.49698, 18.00106 ], [ -66.49699, 18.00062 ], [ -66.497, 18.00011 ], [ -66.49702, 17.99955 ], [ -66.49704, 17.99893 ], [ -66.49706, 17.99834 ], [ -66.49706, 17.99802 ] ] } },
{ "type": "Feature", "properties": { "fcode": 33600, "label": "Canal or ditch", "name": null, "source": "NHDPlus HR non network flowline", "length_mi": 0.77, "directed": false, "direction": "unknown" }, "geometry": { "type": "LineString", "coordinates": [ [ -66.5643, 17.99697 ], [ -66.56289, 17.99493 ], [ -66.56149, 17.99291 ], [ -66.56015, 17.99102 ], [ -66.55958, 17.99012 ], [ -66.56019, 17.98719 ] ] } },
{ "type": "Feature", "properties": { "fcode": 33600, "label": "Canal or ditch", "name": null, "source": "NHDPlus HR non network flowline", "length_mi": 0.07, "directed": false, "direction": "unknown" }, "geometry": { "type": "LineString", "coordinates": [ [ -66.5516, 17.98211 ], [ -66.55183, 17.98184 ], [ -66.55206, 17.98166 ], [ -66.55229, 17.98151 ], [ -66.55238, 17.98144 ] ] } },
{ "type": "Feature", "properties": { "fcode": 33600, "label": "Canal or ditch", "name": "Caño Merle", "source": "NHDPlus HR non network flowline", "length_mi": 0.65, "directed": true, "direction": "inferred" }, "geometry": { "type": "LineString", "coordinates": [ [ -67.1421, 18.17042 ], [ -67.14213, 18.17043 ], [ -67.14218, 18.17045 ], [ -67.14235, 18.1705 ], [ -67.14257, 18.17058 ], [ -67.14285, 18.17065 ], [ -67.14302, 18.17073 ], [ -67.14308, 18.17075 ], [ -67.14315, 18.17079 ], [ -67.14324, 18.17084 ], [ -67.1433, 18.17092 ], [ -67.14333, 18.171 ], [ -67.14332, 18.17105 ], [ -67.14332, 18.17113 ], [ -67.14333, 18.17119 ], [ -67.14338, 18.17123 ], [ -67.14342, 18.17127 ], [ -67.14346, 18.17132 ], [ -67.14348, 18.17139 ], [ -67.14355, 18.17149 ], [ -67.14357, 18.17157 ], [ -67.14361, 18.17163 ], [ -67.14367, 18.17175 ], [ -67.14372, 18.17186 ], [ -67.14384, 18.17203 ], [ -67.14396, 18.17217 ], [ -67.14415, 18.17226 ], [ -67.14437, 18.17228 ], [ -67.14447, 18.1723 ], [ -67.14454, 18.17234 ], [ -67.14463, 18.17249 ], [ -67.14471, 18.17274 ], [ -67.14485, 18.17294 ], [ -67.14515, 18.17317 ], [ -67.14531, 18.17322 ], [ -67.14547, 18.17317 ], [ -67.14552, 18.17312 ], [ -67.14558, 18.17307 ], [ -67.14573, 18.17297 ], [ -67.14576, 18.17298 ], [ -67.14582, 18.17297 ], [ -67.14592, 18.17295 ], [ -67.14606, 18.17293 ], [ -67.1462, 18.1729 ], [ -67.1465, 18.17287 ], [ -67.14676, 18.17283 ], [ -67.14709, 18.17272 ], [ -67.14722, 18.17267 ], [ -67.14752, 18.17262 ], [ -67.14768, 18.17261 ], [ -67.14792, 18.17257 ], [ -67.14807, 18.17253 ], [ -67.14839, 18.17247 ], [ -67.15025, 18.17203 ] ] } },
{ "type": "Feature", "properties": { "fcode": 33600, "label": "Canal or ditch", "name": null, "source": "NHDPlus HR non network flowline", "length_mi": 0.3, "directed": false, "direction": "unknown" }, "geometry": { "type": "LineString", "coordinates": [ [ -66.59141, 17.97782 ], [ -66.59128, 17.97639 ], [ -66.59118, 17.9755 ], [ -66.59111, 17.97473 ], [ -66.58986, 17.975 ] ] } },
{ "type": "Feature", "properties": { "fcode": 33600, "label": "Canal or ditch", "name": null, "source": "NHDPlus HR non network flowline", "length_mi": 0.11, "directed": false, "direction": "unknown" }, "geometry": { "type": "LineString", "coordinates": [ [ -66.54282, 18.02443 ], [ -66.54288, 18.02433 ], [ -66.54292, 18.02423 ], [ -66.54296, 18.02419 ], [ -66.54304, 18.02416 ], [ -66.5432, 18.02412 ], [ -66.54402, 18.02405 ], [ -66.54407, 18.02422 ], [ -66.5441, 18.02427 ] ] } },
{ "type": "Feature", "properties": { "fcode": 33600, "label": "Canal or ditch", "name": null, "source": "NHDPlus HR non network flowline", "length_mi": 0.15, "directed": false, "direction": "unknown" }, "geometry": { "type": "LineString", "coordinates": [ [ -66.72349, 17.99455 ], [ -66.72356, 17.9944 ], [ -66.72387, 17.99357 ], [ -66.72417, 17.99256 ], [ -66.72419, 17.99252 ] ] } },
{ "type": "Feature", "properties": { "fcode": 33600, "label": "Canal or ditch", "name": null, "source": "NHDPlus HR non network flowline", "length_mi": 0.31, "directed": false, "direction": "unknown" }, "geometry": { "type": "LineString", "coordinates": [ [ -66.57173, 17.98526 ], [ -66.57172, 17.98316 ], [ -66.57174, 17.98124 ], [ -66.57175, 17.9809 ], [ -66.57165, 17.9808 ] ] } },
{ "type": "Feature", "properties": { "fcode": 33600, "label": "Canal or ditch", "name": null, "source": "NHDPlus HR non network flowline", "length_mi": 0.17, "directed": false, "direction": "unknown" }, "geometry": { "type": "LineString", "coordinates": [ [ -66.95005, 18.01158 ], [ -66.94744, 18.0114 ] ] } },
{ "type": "Feature", "properties": { "fcode": 33600, "label": "Canal or ditch", "name": null, "source": "NHDPlus HR non network flowline", "length_mi": 0.3, "directed": false, "direction": "unknown" }, "geometry": { "type": "LineString", "coordinates": [ [ -66.57461, 18.00434 ], [ -66.57377, 18.00407 ], [ -66.57322, 18.0039 ], [ -66.5729, 18.0038 ], [ -66.57252, 18.00371 ], [ -66.57225, 18.00365 ], [ -66.57079, 18.00345 ], [ -66.57018, 18.00336 ] ] } },
{ "type": "Feature", "properties": { "fcode": 33600, "label": "Canal or ditch", "name": null, "source": "NHDPlus HR non network flowline", "length_mi": 0.33, "directed": false, "direction": "unknown" }, "geometry": { "type": "LineString", "coordinates": [ [ -67.09112, 18.02925 ], [ -67.09095, 18.03044 ], [ -67.08999, 18.03176 ], [ -67.08879, 18.03231 ], [ -67.0881, 18.03218 ] ] } },
{ "type": "Feature", "properties": { "fcode": 33600, "label": "Canal or ditch", "name": null, "source": "NHDPlus HR non network flowline", "length_mi": 0.12, "directed": false, "direction": "unknown" }, "geometry": { "type": "LineString", "coordinates": [ [ -66.48079, 17.99589 ], [ -66.47903, 17.99578 ] ] } },
{ "type": "Feature", "properties": { "fcode": 33600, "label": "Canal or ditch", "name": "Canal Principal De Riego Valle De Lajas", "source": "NHDPlus HR non network flowline", "length_mi": 0.1, "directed": false, "direction": "unknown" }, "geometry": { "type": "LineString", "coordinates": [ [ -66.9607, 18.04736 ], [ -66.9607, 18.04738 ], [ -66.96068, 18.04746 ], [ -66.96067, 18.0476 ], [ -66.96066, 18.04768 ], [ -66.96068, 18.04773 ], [ -66.96079, 18.04782 ], [ -66.96102, 18.04788 ], [ -66.96122, 18.04793 ], [ -66.96149, 18.04799 ], [ -66.9617, 18.04803 ] ] } },
{ "type": "Feature", "properties": { "fcode": 33600, "label": "Canal or ditch", "name": null, "source": "NHDPlus HR non network flowline", "length_mi": 0.41, "directed": false, "direction": "unknown" }, "geometry": { "type": "LineString", "coordinates": [ [ -66.57357, 17.97984 ], [ -66.57363, 17.98073 ], [ -66.57372, 17.98305 ], [ -66.57378, 17.98451 ], [ -66.57379, 17.98468 ], [ -66.5738, 17.98486 ], [ -66.57384, 17.98577 ] ] } },
{ "type": "Feature", "properties": { "fcode": 33600, "label": "Canal or ditch", "name": null, "source": "NHDPlus HR non network flowline", "length_mi": 0.58, "directed": false, "direction": "unknown" }, "geometry": { "type": "LineString", "coordinates": [ [ -67.10883, 18.01238 ], [ -67.10884, 18.01248 ], [ -67.10896, 18.01375 ], [ -67.10778, 18.01478 ], [ -67.10784, 18.01556 ], [ -67.10706, 18.01722 ], [ -67.10406, 18.01729 ], [ -67.10394, 18.01733 ] ] } },
{ "type": "Feature", "properties": { "fcode": 33600, "label": "Canal or ditch", "name": null, "source": "NHDPlus HR non network flowline", "length_mi": 0.12, "directed": false, "direction": "unknown" }, "geometry": { "type": "LineString", "coordinates": [ [ -66.56136, 17.98229 ], [ -66.56134, 17.98229 ], [ -66.55961, 17.98282 ] ] } },
{ "type": "Feature", "properties": { "fcode": 33600, "label": "Canal or ditch", "name": null, "source": "NHDPlus HR non network flowline", "length_mi": 0.01, "directed": false, "direction": "unknown" }, "geometry": { "type": "LineString", "coordinates": [ [ -66.58589, 17.98513 ], [ -66.58599, 17.98511 ] ] } },
{ "type": "Feature", "properties": { "fcode": 33600, "label": "Canal or ditch", "name": null, "source": "NHDPlus HR non network flowline", "length_mi": 0.47, "directed": true, "direction": "inferred" }, "geometry": { "type": "LineString", "coordinates": [ [ -67.01112, 18.03155 ], [ -67.01094, 18.03141 ], [ -67.01077, 18.03059 ], [ -67.01049, 18.02935 ], [ -67.01057, 18.02901 ], [ -67.01074, 18.02847 ], [ -67.01096, 18.02757 ], [ -67.01133, 18.02597 ], [ -67.01156, 18.02492 ] ] } },
{ "type": "Feature", "properties": { "fcode": 33600, "label": "Canal or ditch", "name": null, "source": "NHDPlus HR non network flowline", "length_mi": 0.48, "directed": false, "direction": "unknown" }, "geometry": { "type": "LineString", "coordinates": [ [ -66.59086, 17.985 ], [ -66.59064, 17.98304 ], [ -66.59047, 17.9814 ], [ -66.59026, 17.97939 ], [ -66.59014, 17.97802 ] ] } },
{ "type": "Feature", "properties": { "fcode": 33600, "label": "Canal or ditch", "name": null, "source": "NHDPlus HR non network flowline", "length_mi": 0.07, "directed": false, "direction": "unknown" }, "geometry": { "type": "LineString", "coordinates": [ [ -66.6032, 17.97524 ], [ -66.60309, 17.9743 ] ] } },
{ "type": "Feature", "properties": { "fcode": 33600, "label": "Canal or ditch", "name": null, "source": "NHDPlus HR non network flowline", "length_mi": 1.31, "directed": true, "direction": "inferred" }, "geometry": { "type": "LineString", "coordinates": [ [ -66.38994, 18.0124 ], [ -66.38991, 18.01238 ], [ -66.38995, 18.01218 ], [ -66.38996, 18.01204 ], [ -66.38993, 18.01192 ], [ -66.38988, 18.01171 ], [ -66.38982, 18.01162 ], [ -66.38968, 18.0115 ], [ -66.3895, 18.01133 ], [ -66.38938, 18.01122 ], [ -66.38928, 18.01114 ], [ -66.38918, 18.01103 ], [ -66.38914, 18.01096 ], [ -66.38888, 18.01055 ], [ -66.38885, 18.01048 ], [ -66.38886, 18.01042 ], [ -66.38885, 18.01038 ], [ -66.38886, 18.0103 ], [ -66.38885, 18.0101 ], [ -66.38879, 18.0099 ], [ -66.38875, 18.00983 ], [ -66.38867, 18.00975 ], [ -66.38862, 18.0097 ], [ -66.38855, 18.00963 ], [ -66.38851, 18.00957 ], [ -66.38849, 18.00947 ], [ -66.38847, 18.00935 ], [ -66.38844, 18.0093 ], [ -66.38832, 18.00919 ], [ -66.3882, 18.00908 ], [ -66.38813, 18.00901 ], [ -66.38808, 18.00894 ], [ -66.38808, 18.00886 ], [ -66.38811, 18.00873 ], [ -66.38812, 18.00859 ], [ -66.38812, 18.00853 ], [ -66.38808, 18.00838 ], [ -66.38803, 18.0082 ], [ -66.388, 18.00815 ], [ -66.38784, 18.00811 ], [ -66.38776, 18.00809 ], [ -66.38756, 18.00804 ], [ -66.38747, 18.00801 ], [ -66.38727, 18.00801 ], [ -66.38713, 18.008 ], [ -66.38693, 18.00799 ], [ -66.38666, 18.00801 ], [ -66.38637, 18.00805 ], [ -66.38626, 18.00805 ], [ -66.3862, 18.00805 ], [ -66.38613, 18.00801 ], [ -66.38585, 18.00781 ], [ -66.38573, 18.00772 ], [ -66.38565, 18.00767 ], [ -66.38544, 18.00761 ], [ -66.38529, 18.00756 ], [ -66.38517, 18.00752 ], [ -66.38512, 18.00748 ], [ -66.38489, 18.00723 ], [ -66.3848, 18.00711 ], [ -66.38475, 18.00707 ], [ -66.3847, 18.00705 ], [ -66.38462, 18.00707 ], [ -66.38423, 18.00722 ], [ -66.38417, 18.00723 ], [ -66.38408, 18.00722 ], [ -66.38373, 18.00711 ], [ -66.38362, 18.00707 ], [ -66.38291, 18.00684 ], [ -66.38229, 18.00667 ], [ -66.38198, 18.00658 ], [ -66.38187, 18.00656 ], [ -66.38178, 18.00657 ], [ -66.3815, 18.00661 ], [ -66.38077, 18.00671 ], [ -66.38035, 18.00675 ], [ -66.37955, 18.00683 ], [ -66.37886, 18.0069 ], [ -66.37858, 18.00693 ], [ -66.37848, 18.00702 ], [ -66.37797, 18.0076 ], [ -66.37791, 18.00766 ], [ -66.37776, 18.00772 ], [ -66.37721, 18.00787 ], [ -66.377, 18.00796 ], [ -66.3767, 18.00814 ], [ -66.37599, 18.00853 ], [ -66.37576, 18.00866 ], [ -66.37568, 18.00869 ], [ -66.37528, 18.00871 ], [ -66.3746, 18.00877 ], [ -66.37443, 18.00879 ], [ -66.37436, 18.00879 ], [ -66.37434, 18.00879 ] ] } },
{ "type": "Feature", "properties": { "fcode": 33600, "label": "Canal or ditch", "name": null, "source": "NHDPlus HR non network flowline", "length_mi": 0.06, "directed": false, "direction": "unknown" }, "geometry": { "type": "LineString", "coordinates": [ [ -66.59014, 17.97802 ], [ -66.59097, 17.97791 ] ] } },
{ "type": "Feature", "properties": { "fcode": 33600, "label": "Canal or ditch", "name": null, "source": "NHDPlus HR non network flowline", "length_mi": 0.11, "directed": false, "direction": "unknown" }, "geometry": { "type": "LineString", "coordinates": [ [ -66.58589, 17.98513 ], [ -66.58425, 17.98536 ] ] } },
{ "type": "Feature", "properties": { "fcode": 33600, "label": "Canal or ditch", "name": null, "source": "NHDPlus HR non network flowline", "length_mi": 0.16, "directed": false, "direction": "unknown" }, "geometry": { "type": "LineString", "coordinates": [ [ -66.55834, 17.99558 ], [ -66.5582, 17.9955 ], [ -66.55813, 17.99542 ], [ -66.55819, 17.99504 ], [ -66.55852, 17.99341 ] ] } },
{ "type": "Feature", "properties": { "fcode": 33600, "label": "Canal or ditch", "name": null, "source": "NHDPlus HR non network flowline", "length_mi": 0.32, "directed": false, "direction": "unknown" }, "geometry": { "type": "LineString", "coordinates": [ [ -66.52168, 17.99129 ], [ -66.52306, 17.9907 ], [ -66.52326, 17.9904 ], [ -66.5234, 17.99027 ], [ -66.5242, 17.98978 ], [ -66.52486, 17.9894 ], [ -66.52535, 17.98917 ], [ -66.52566, 17.98907 ], [ -66.52583, 17.98905 ] ] } },
{ "type": "Feature", "properties": { "fcode": 33600, "label": "Canal or ditch", "name": null, "source": "NHDPlus HR non network flowline", "length_mi": 0.18, "directed": false, "direction": "unknown" }, "geometry": { "type": "LineString", "coordinates": [ [ -66.48281, 17.99983 ], [ -66.48277, 17.99953 ], [ -66.48271, 17.99891 ], [ -66.48263, 17.99832 ], [ -66.4826, 17.99805 ], [ -66.48257, 17.99802 ], [ -66.48242, 17.99738 ], [ -66.48241, 17.99729 ] ] } },
{ "type": "Feature", "properties": { "fcode": 33600, "label": "Canal or ditch", "name": null, "source": "NHDPlus HR non network flowline", "length_mi": 0.32, "directed": false, "direction": "unknown" }, "geometry": { "type": "LineString", "coordinates": [ [ -67.1038, 18.02944 ], [ -67.10442, 18.0294 ], [ -67.10454, 18.02936 ], [ -67.1046, 18.02927 ], [ -67.10463, 18.02902 ], [ -67.10466, 18.02883 ], [ -67.10471, 18.02857 ], [ -67.1048, 18.02838 ], [ -67.10494, 18.02828 ], [ -67.10521, 18.02818 ], [ -67.10555, 18.02809 ], [ -67.10587, 18.02803 ], [ -67.10668, 18.02797 ], [ -67.10778, 18.02787 ] ] } },
{ "type": "Feature", "properties": { "fcode": 33600, "label": "Canal or ditch", "name": null, "source": "NHDPlus HR non network flowline", "length_mi": 0.05, "directed": false, "direction": "unknown" }, "geometry": { "type": "LineString", "coordinates": [ [ -66.72924, 17.99207 ], [ -66.72918, 17.99275 ] ] } },
{ "type": "Feature", "properties": { "fcode": 33600, "label": "Canal or ditch", "name": null, "source": "NHDPlus HR non network flowline", "length_mi": 0.26, "directed": false, "direction": "unknown" }, "geometry": { "type": "LineString", "coordinates": [ [ -66.5487, 17.97982 ], [ -66.5489, 17.97955 ], [ -66.54916, 17.97927 ], [ -66.54941, 17.97909 ], [ -66.54971, 17.97893 ], [ -66.54998, 17.97889 ], [ -66.55032, 17.97889 ], [ -66.55065, 17.97888 ], [ -66.55096, 17.97886 ], [ -66.55118, 17.9788 ], [ -66.55136, 17.9787 ], [ -66.55151, 17.97858 ], [ -66.55166, 17.97841 ], [ -66.5518, 17.97815 ], [ -66.55183, 17.97803 ] ] } },
{ "type": "Feature", "properties": { "fcode": 33600, "label": "Canal or ditch", "name": null, "source": "NHDPlus HR non network flowline", "length_mi": 0.43, "directed": false, "direction": "unknown" }, "geometry": { "type": "LineString", "coordinates": [ [ -66.95417, 18.02103 ], [ -66.95462, 18.02087 ], [ -66.95491, 18.02076 ], [ -66.95514, 18.02064 ], [ -66.9554, 18.02044 ], [ -66.95579, 18.02008 ], [ -66.95616, 18.01971 ], [ -66.95698, 18.0198 ], [ -66.9581, 18.01987 ], [ -66.9593, 18.01988 ], [ -66.95934, 18.01975 ], [ -66.95935, 18.01943 ], [ -66.95944, 18.01907 ], [ -66.95951, 18.01898 ] ] } },
{ "type": "Feature", "properties": { "fcode": 33600, "label": "Canal or ditch", "name": null, "source": "NHDPlus HR non network flowline", "length_mi": 0.31, "directed": false, "direction": "unknown" }, "geometry": { "type": "LineString", "coordinates": [ [ -66.54863, 17.99408 ], [ -66.54862, 17.9937 ], [ -66.54862, 17.99311 ], [ -66.54864, 17.99205 ], [ -66.54865, 17.99112 ], [ -66.54865, 17.99058 ], [ -66.54871, 17.99003 ], [ -66.54873, 17.98976 ], [ -66.54875, 17.98962 ] ] } },
{ "type": "Feature", "properties": { "fcode": 33600, "label": "Canal or ditch", "name": "Canal Principal De Riego Valle De Lajas", "source": "NHDPlus HR non network flowline", "length_mi": 0.11, "directed": false, "direction": "unknown" }, "geometry": { "type": "LineString", "coordinates": [ [ -67.11461, 18.03588 ], [ -67.11476, 18.03579 ], [ -67.11488, 18.03571 ], [ -67.11493, 18.0356 ], [ -67.11499, 18.03545 ], [ -67.11505, 18.0353 ], [ -67.11512, 18.03523 ], [ -67.11514, 18.03522 ], [ -67.11529, 18.03518 ], [ -67.11547, 18.03516 ], [ -67.11574, 18.03514 ], [ -67.11593, 18.03512 ] ] } },
{ "type": "Feature", "properties": { "fcode": 33600, "label": "Canal or ditch", "name": null, "source": "NHDPlus HR non network flowline", "length_mi": 0.3, "directed": false, "direction": "unknown" }, "geometry": { "type": "LineString", "coordinates": [ [ -66.95766, 18.02722 ], [ -66.95763, 18.02712 ], [ -66.95756, 18.02699 ], [ -66.95737, 18.02631 ], [ -66.95721, 18.02566 ], [ -66.95642, 18.02523 ], [ -66.95466, 18.02438 ] ] } },
{ "type": "Feature", "properties": { "fcode": 33600, "label": "Canal or ditch", "name": null, "source": "NHDPlus HR non network flowline", "length_mi": 0.07, "directed": false, "direction": "unknown" }, "geometry": { "type": "LineString", "coordinates": [ [ -66.38867, 17.99802 ], [ -66.38859, 17.9972 ], [ -66.38857, 17.99702 ] ] } },
{ "type": "Feature", "properties": { "fcode": 33600, "label": "Canal or ditch", "name": null, "source": "NHDPlus HR non network flowline", "length_mi": 0.18, "directed": false, "direction": "unknown" }, "geometry": { "type": "LineString", "coordinates": [ [ -67.16397, 18.17668 ], [ -67.16395, 18.17659 ], [ -67.16375, 18.17596 ], [ -67.16339, 18.1748 ], [ -67.1632, 18.17417 ] ] } },
{ "type": "Feature", "properties": { "fcode": 33600, "label": "Canal or ditch", "name": null, "source": "NHDPlus HR non network flowline", "length_mi": 0.08, "directed": false, "direction": "unknown" }, "geometry": { "type": "LineString", "coordinates": [ [ -66.96549, 18.02963 ], [ -66.96496, 18.02929 ], [ -66.96455, 18.02894 ] ] } },
{ "type": "Feature", "properties": { "fcode": 33600, "label": "Canal or ditch", "name": null, "source": "NHDPlus HR non network flowline", "length_mi": 0.17, "directed": false, "direction": "unknown" }, "geometry": { "type": "LineString", "coordinates": [ [ -66.57072, 17.97085 ], [ -66.5716, 17.97031 ], [ -66.57266, 17.96971 ], [ -66.57282, 17.96955 ], [ -66.57289, 17.96944 ] ] } },
{ "type": "Feature", "properties": { "fcode": 33600, "label": "Canal or ditch", "name": null, "source": "NHDPlus HR non network flowline", "length_mi": 0.08, "directed": false, "direction": "unknown" }, "geometry": { "type": "LineString", "coordinates": [ [ -66.5588, 17.99205 ], [ -66.55757, 17.992 ] ] } },
{ "type": "Feature", "properties": { "fcode": 33600, "label": "Canal or ditch", "name": null, "source": "NHDPlus HR non network flowline", "length_mi": 0.3, "directed": false, "direction": "unknown" }, "geometry": { "type": "LineString", "coordinates": [ [ -67.06533, 18.01752 ], [ -67.06512, 18.01617 ], [ -67.06481, 18.01453 ], [ -67.06462, 18.01319 ] ] } },
{ "type": "Feature", "properties": { "fcode": 33600, "label": "Canal or ditch", "name": null, "source": "NHDPlus HR non network flowline", "length_mi": 0.43, "directed": false, "direction": "unknown" }, "geometry": { "type": "LineString", "coordinates": [ [ -66.41175, 18.0143 ], [ -66.41162, 18.01421 ], [ -66.41132, 18.01398 ], [ -66.41105, 18.01381 ], [ -66.41089, 18.01372 ], [ -66.41079, 18.01367 ], [ -66.41065, 18.01364 ], [ -66.41044, 18.01363 ], [ -66.41022, 18.01362 ], [ -66.41003, 18.01362 ], [ -66.40978, 18.01365 ], [ -66.40961, 18.01368 ], [ -66.40942, 18.01376 ], [ -66.40932, 18.01382 ], [ -66.40925, 18.01384 ], [ -66.40917, 18.01386 ], [ -66.40906, 18.01383 ], [ -66.40896, 18.01378 ], [ -66.40886, 18.01366 ], [ -66.40872, 18.01348 ], [ -66.40855, 18.01322 ], [ -66.40838, 18.01305 ], [ -66.40821, 18.01289 ], [ -66.40811, 18.01278 ], [ -66.40799, 18.01268 ], [ -66.40777, 18.01258 ], [ -66.40758, 18.0125 ], [ -66.40732, 18.01241 ], [ -66.40711, 18.01231 ], [ -66.40692, 18.01225 ], [ -66.40678, 18.01225 ], [ -66.40659, 18.0122 ], [ -66.40643, 18.01211 ], [ -66.40635, 18.01201 ], [ -66.40628, 18.01191 ] ] } },
{ "type": "Feature", "properties": { "fcode": 33600, "label": "Canal or ditch", "name": null, "source": "NHDPlus HR non network flowline", "length_mi": 0.03, "directed": false, "direction": "unknown" }, "geometry": { "type": "LineString", "coordinates": [ [ -66.43869, 17.97405 ], [ -66.4385, 17.97364 ] ] } },
{ "type": "Feature", "properties": { "fcode": 33600, "label": "Canal or ditch", "name": null, "source": "NHDPlus HR non network flowline", "length_mi": 0.2, "directed": false, "direction": "unknown" }, "geometry": { "type": "LineString", "coordinates": [ [ -66.52168, 17.98967 ], [ -66.52075, 17.98862 ], [ -66.52055, 17.9884 ], [ -66.52035, 17.98828 ], [ -66.51978, 17.98792 ], [ -66.5197, 17.98785 ], [ -66.51961, 17.98764 ] ] } },
{ "type": "Feature", "properties": { "fcode": 33600, "label": "Canal or ditch", "name": null, "source": "NHDPlus HR non network flowline", "length_mi": 0.08, "directed": false, "direction": "unknown" }, "geometry": { "type": "LineString", "coordinates": [ [ -66.58016, 17.98208 ], [ -66.58119, 17.98153 ] ] } },
{ "type": "Feature", "properties": { "fcode": 33600, "label": "Canal or ditch", "name": null, "source": "NHDPlus HR non network flowline", "length_mi": 0.06, "directed": false, "direction": "unknown" }, "geometry": { "type": "LineString", "coordinates": [ [ -66.57003, 17.99437 ], [ -66.57016, 17.99356 ] ] } },
{ "type": "Feature", "properties": { "fcode": 33600, "label": "Canal or ditch", "name": null, "source": "NHDPlus HR non network flowline", "length_mi": 0.09, "directed": false, "direction": "unknown" }, "geometry": { "type": "LineString", "coordinates": [ [ -66.57338, 17.9761 ], [ -66.5733, 17.97481 ] ] } },
{ "type": "Feature", "properties": { "fcode": 33600, "label": "Canal or ditch", "name": null, "source": "NHDPlus HR non network flowline", "length_mi": 0.28, "directed": false, "direction": "unknown" }, "geometry": { "type": "LineString", "coordinates": [ [ -66.58878, 17.98949 ], [ -66.58862, 17.98821 ], [ -66.58857, 17.98772 ], [ -66.58856, 17.98741 ], [ -66.58853, 17.98669 ], [ -66.58848, 17.9855 ] ] } },
{ "type": "Feature", "properties": { "fcode": 33600, "label": "Canal or ditch", "name": null, "source": "NHDPlus HR non network flowline", "length_mi": 0.58, "directed": false, "direction": "unknown" }, "geometry": { "type": "LineString", "coordinates": [ [ -66.57722, 17.97991 ], [ -66.57718, 17.97739 ], [ -66.57881, 17.97618 ], [ -66.57892, 17.97606 ], [ -66.57898, 17.97578 ], [ -66.57908, 17.97564 ], [ -66.57933, 17.97548 ], [ -66.57946, 17.97539 ], [ -66.58003, 17.97462 ], [ -66.58091, 17.97344 ], [ -66.58107, 17.9731 ], [ -66.58112, 17.973 ] ] } },
{ "type": "Feature", "properties": { "fcode": 33600, "label": "Canal or ditch", "name": null, "source": "NHDPlus HR non network flowline", "length_mi": 0.01, "directed": false, "direction": "unknown" }, "geometry": { "type": "LineString", "coordinates": [ [ -66.43752, 17.97199 ], [ -66.43766, 17.97197 ] ] } },
{ "type": "Feature", "properties": { "fcode": 33600, "label": "Canal or ditch", "name": null, "source": "NHDPlus HR non network flowline", "length_mi": 0.86, "directed": true, "direction": "inferred" }, "geometry": { "type": "LineString", "coordinates": [ [ -67.06009, 18.03335 ], [ -67.06009, 18.03325 ], [ -67.06013, 18.03272 ], [ -67.06016, 18.03203 ], [ -67.06019, 18.03149 ], [ -67.06024, 18.03106 ], [ -67.06004, 18.03108 ], [ -67.05904, 18.03125 ], [ -67.05842, 18.03136 ], [ -67.05825, 18.03138 ], [ -67.05815, 18.03137 ], [ -67.05748, 18.03099 ], [ -67.057, 18.03074 ], [ -67.05668, 18.03057 ], [ -67.05654, 18.03049 ], [ -67.0565, 18.03045 ], [ -67.05646, 18.03035 ], [ -67.05648, 18.03021 ], [ -67.05655, 18.02878 ], [ -67.05665, 18.02711 ], [ -67.05675, 18.02545 ], [ -67.05679, 18.02483 ], [ -67.0568, 18.02448 ], [ -67.05682, 18.02407 ] ] } },
{ "type": "Feature", "properties": { "fcode": 33600, "label": "Canal or ditch", "name": null, "source": "NHDPlus HR non network flowline", "length_mi": 0.4, "directed": true, "direction": "inferred" }, "geometry": { "type": "LineString", "coordinates": [ [ -67.01023, 18.04325 ], [ -67.01016, 18.04321 ], [ -67.0101, 18.04313 ], [ -67.01008, 18.04306 ], [ -67.01008, 18.043 ], [ -67.01012, 18.04292 ], [ -67.01013, 18.04284 ], [ -67.01012, 18.04277 ], [ -67.01008, 18.04274 ], [ -67.00993, 18.04255 ], [ -67.00978, 18.04236 ], [ -67.0097, 18.04218 ], [ -67.00968, 18.04212 ], [ -67.00975, 18.04203 ], [ -67.00996, 18.04184 ], [ -67.01008, 18.04175 ], [ -67.0102, 18.04164 ], [ -67.01031, 18.04156 ], [ -67.01032, 18.04143 ], [ -67.01027, 18.04136 ], [ -67.01017, 18.04131 ], [ -67.00974, 18.04108 ], [ -67.00959, 18.04096 ], [ -67.00927, 18.04058 ], [ -67.0089, 18.04012 ], [ -67.0085, 18.03966 ], [ -67.00811, 18.03926 ], [ -67.00783, 18.03894 ] ] } },
{ "type": "Feature", "properties": { "fcode": 33600, "label": "Canal or ditch", "name": null, "source": "NHDPlus HR non network flowline", "length_mi": 0.37, "directed": false, "direction": "unknown" }, "geometry": { "type": "LineString", "coordinates": [ [ -66.49397, 17.9983 ], [ -66.49353, 17.99825 ], [ -66.49285, 17.99824 ], [ -66.49226, 17.9982 ], [ -66.49161, 17.99816 ], [ -66.49092, 17.99813 ], [ -66.49034, 17.99812 ], [ -66.4898, 17.99809 ], [ -66.48933, 17.99808 ], [ -66.48885, 17.99805 ], [ -66.48842, 17.99803 ], [ -66.48829, 17.99802 ] ] } },
{ "type": "Feature", "properties": { "fcode": 33600, "label": "Canal or ditch", "name": null, "source": "NHDPlus HR non network flowline", "length_mi": 0.1, "directed": false, "direction": "unknown" }, "geometry": { "type": "LineString", "coordinates": [ [ -66.97154, 18.02923 ], [ -66.97085, 18.02922 ], [ -66.97016, 18.02874 ] ] } },
{ "type": "Feature", "properties": { "fcode": 33600, "label": "Canal or ditch", "name": null, "source": "NHDPlus HR non network flowline", "length_mi": 0.45, "directed": false, "direction": "unknown" }, "geometry": { "type": "LineString", "coordinates": [ [ -67.16513, 18.16808 ], [ -67.16515, 18.16927 ], [ -67.16515, 18.16986 ], [ -67.16516, 18.17019 ], [ -67.16517, 18.17082 ], [ -67.16519, 18.17125 ], [ -67.16523, 18.17155 ], [ -67.16523, 18.17155 ], [ -67.16585, 18.17322 ], [ -67.16457, 18.17319 ], [ -67.16449, 18.17318 ] ] } },
{ "type": "Feature", "properties": { "fcode": 33600, "label": "Canal or ditch", "name": null, "source": "NHDPlus HR non network flowline", "length_mi": 0.08, "directed": false, "direction": "unknown" }, "geometry": { "type": "LineString", "coordinates": [ [ -66.48239, 17.99714 ], [ -66.48222, 17.99599 ] ] } },
{ "type": "Feature", "properties": { "fcode": 33600, "label": "Canal or ditch", "name": null, "source": "NHDPlus HR non network flowline", "length_mi": 0.04, "directed": false, "direction": "unknown" }, "geometry": { "type": "LineString", "coordinates": [ [ -66.55607, 17.98002 ], [ -66.5556, 17.98044 ] ] } },
{ "type": "Feature", "properties": { "fcode": 33600, "label": "Canal or ditch", "name": "Canal Principal De Riego Valle De Lajas", "source": "NHDPlus HR non network flowline", "length_mi": 0.84, "directed": true, "direction": "inferred" }, "geometry": { "type": "LineString", "coordinates": [ [ -66.92799, 18.03635 ], [ -66.92811, 18.03645 ], [ -66.92817, 18.03647 ], [ -66.92829, 18.03648 ], [ -66.9285, 18.03645 ], [ -66.92856, 18.03644 ], [ -66.92863, 18.0364 ], [ -66.92867, 18.03633 ], [ -66.92869, 18.03628 ], [ -66.92869, 18.03619 ], [ -66.92874, 18.03605 ], [ -66.92881, 18.03596 ], [ -66.92898, 18.03587 ], [ -66.92919, 18.03579 ], [ -66.92932, 18.03576 ], [ -66.92944, 18.03575 ], [ -66.92953, 18.03577 ], [ -66.92964, 18.03581 ], [ -66.92974, 18.03588 ], [ -66.92982, 18.03598 ], [ -66.92987, 18.03611 ], [ -66.92994, 18.03629 ], [ -66.92997, 18.03636 ], [ -66.93005, 18.03646 ], [ -66.9301, 18.03651 ], [ -66.93018, 18.03655 ], [ -66.93024, 18.03657 ], [ -66.93048, 18.03664 ], [ -66.93055, 18.03665 ], [ -66.93067, 18.03664 ], [ -66.93083, 18.03657 ], [ -66.93105, 18.03644 ], [ -66.93114, 18.03638 ], [ -66.93133, 18.03629 ], [ -66.93139, 18.03628 ], [ -66.9315, 18.0363 ], [ -66.93168, 18.03635 ], [ -66.93192, 18.03642 ], [ -66.93206, 18.03645 ], [ -66.93233, 18.03653 ], [ -66.93299, 18.03672 ], [ -66.93314, 18.03678 ], [ -66.93341, 18.03693 ], [ -66.93368, 18.03709 ], [ -66.93397, 18.03721 ], [ -66.93416, 18.03725 ], [ -66.93443, 18.03729 ], [ -66.93474, 18.03735 ], [ -66.93493, 18.03742 ], [ -66.9351, 18.03751 ], [ -66.93524, 18.03759 ], [ -66.93531, 18.03766 ], [ -66.93536, 18.03774 ], [ -66.93537, 18.03781 ], [ -66.93537, 18.03789 ], [ -66.93537, 18.03802 ], [ -66.93531, 18.03813 ], [ -66.93524, 18.0382 ], [ -66.93512, 18.03829 ], [ -66.93507, 18.03836 ], [ -66.93504, 18.03842 ], [ -66.93505, 18.03851 ], [ -66.93511, 18.03861 ], [ -66.93516, 18.03865 ], [ -66.9352, 18.03866 ], [ -66.93521, 18.03866 ], [ -66.93535, 18.03867 ], [ -66.93558, 18.03866 ], [ -66.93579, 18.03866 ], [ -66.93597, 18.03871 ], [ -66.93619, 18.03882 ], [ -66.9364, 18.03895 ], [ -66.9366, 18.03907 ], [ -66.9369, 18.03921 ], [ -66.93708, 18.03928 ], [ -66.93716, 18.03933 ], [ -66.93732, 18.03946 ], [ -66.93744, 18.03957 ], [ -66.93746, 18.03961 ], [ -66.93749, 18.03968 ], [ -66.93748, 18.03974 ], [ -66.93751, 18.03981 ], [ -66.93757, 18.03986 ], [ -66.93764, 18.03989 ] ] } },
{ "type": "Feature", "properties": { "fcode": 33600, "label": "Canal or ditch", "name": null, "source": "NHDPlus HR non network flowline", "length_mi": 0.18, "directed": false, "direction": "unknown" }, "geometry": { "type": "LineString", "coordinates": [ [ -66.56017, 17.97894 ], [ -66.55983, 17.97806 ], [ -66.55814, 17.97855 ] ] } },
{ "type": "Feature", "properties": { "fcode": 33600, "label": "Canal or ditch", "name": null, "source": "NHDPlus HR non network flowline", "length_mi": 0.57, "directed": false, "direction": "unknown" }, "geometry": { "type": "LineString", "coordinates": [ [ -67.13131, 18.09774 ], [ -67.1321, 18.09866 ], [ -67.13308, 18.09983 ], [ -67.13422, 18.10052 ], [ -67.13571, 18.10144 ], [ -67.13603, 18.10163 ], [ -67.13746, 18.10248 ], [ -67.13809, 18.10283 ] ] } },
{ "type": "Feature", "properties": { "fcode": 33600, "label": "Canal or ditch", "name": null, "source": "NHDPlus HR non network flowline", "length_mi": 0.08, "directed": true, "direction": "inferred" }, "geometry": { "type": "LineString", "coordinates": [ [ -66.54841, 18.03902 ], [ -66.5482, 18.0385 ], [ -66.54795, 18.03793 ] ] } },
{ "type": "Feature", "properties": { "fcode": 33600, "label": "Canal or ditch", "name": null, "source": "NHDPlus HR non network flowline", "length_mi": 0.5, "directed": false, "direction": "unknown" }, "geometry": { "type": "LineString", "coordinates": [ [ -67.13177, 18.10028 ], [ -67.13345, 18.10247 ], [ -67.13468, 18.10324 ], [ -67.13523, 18.10359 ], [ -67.13692, 18.10463 ], [ -67.13746, 18.10497 ] ] } },
{ "type": "Feature", "properties": { "fcode": 33600, "label": "Canal or ditch", "name": null, "source": "NHDPlus HR non network flowline", "length_mi": 1.02, "directed": false, "direction": "unknown" }, "geometry": { "type": "LineString", "coordinates": [ [ -66.48353, 17.9917 ], [ -66.4836, 17.99173 ], [ -66.48471, 17.99558 ], [ -66.48543, 17.99802 ], [ -66.4855, 17.99818 ], [ -66.48573, 17.99903 ], [ -66.48611, 18.00036 ], [ -66.48642, 18.00142 ], [ -66.4867, 18.00236 ], [ -66.48687, 18.00292 ], [ -66.48647, 18.00334 ], [ -66.48585, 18.00397 ], [ -66.48526, 18.00455 ], [ -66.48466, 18.00522 ] ] } },
{ "type": "Feature", "properties": { "fcode": 33600, "label": "Canal or ditch", "name": null, "source": "NHDPlus HR non network flowline", "length_mi": 0.16, "directed": false, "direction": "unknown" }, "geometry": { "type": "LineString", "coordinates": [ [ -66.58636, 17.98576 ], [ -66.58632, 17.9856 ], [ -66.58632, 17.98549 ], [ -66.58602, 17.98421 ], [ -66.58586, 17.98355 ] ] } },
{ "type": "Feature", "properties": { "fcode": 33600, "label": "Canal or ditch", "name": null, "source": "NHDPlus HR non network flowline", "length_mi": 0.03, "directed": false, "direction": "unknown" }, "geometry": { "type": "LineString", "coordinates": [ [ -66.45798, 17.99803 ], [ -66.45841, 17.99796 ] ] } },
{ "type": "Feature", "properties": { "fcode": 33600, "label": "Canal or ditch", "name": "Canal Principal De Riego Valle De Lajas", "source": "NHDPlus HR non network flowline", "length_mi": 1.03, "directed": true, "direction": "inferred" }, "geometry": { "type": "LineString", "coordinates": [ [ -66.99171, 18.04464 ], [ -66.99165, 18.0446 ], [ -66.99157, 18.04453 ], [ -66.99155, 18.04442 ], [ -66.99157, 18.04431 ], [ -66.99157, 18.04417 ], [ -66.99158, 18.04408 ], [ -66.99155, 18.044 ], [ -66.99152, 18.04395 ], [ -66.99142, 18.0439 ], [ -66.99128, 18.04384 ], [ -66.99117, 18.04376 ], [ -66.99115, 18.04372 ], [ -66.99114, 18.04363 ], [ -66.99113, 18.04344 ], [ -66.99108, 18.0433 ], [ -66.99099, 18.04312 ], [ -66.99086, 18.04291 ], [ -66.99069, 18.0427 ], [ -66.99055, 18.0426 ], [ -66.99041, 18.04252 ], [ -66.99036, 18.0425 ], [ -66.99002, 18.04245 ], [ -66.98983, 18.04243 ], [ -66.98958, 18.04249 ], [ -66.98935, 18.04255 ], [ -66.98919, 18.04261 ], [ -66.98912, 18.04267 ], [ -66.98905, 18.04277 ], [ -66.98901, 18.04286 ], [ -66.989, 18.04292 ], [ -66.98902, 18.04306 ], [ -66.98902, 18.04313 ], [ -66.98898, 18.04321 ], [ -66.98893, 18.04325 ], [ -66.98886, 18.04329 ], [ -66.98877, 18.04328 ], [ -66.98869, 18.04326 ], [ -66.98854, 18.0432 ], [ -66.98845, 18.04315 ], [ -66.98836, 18.04306 ], [ -66.98828, 18.043 ], [ -66.9882, 18.04297 ], [ -66.98809, 18.04299 ], [ -66.98802, 18.04305 ], [ -66.98789, 18.0433 ], [ -66.98779, 18.04354 ], [ -66.98771, 18.04362 ], [ -66.98764, 18.04364 ], [ -66.98757, 18.04363 ], [ -66.98751, 18.04361 ], [ -66.98744, 18.04355 ], [ -66.98735, 18.04347 ], [ -66.98722, 18.04343 ], [ -66.98698, 18.04341 ], [ -66.9868, 18.04341 ], [ -66.98672, 18.04343 ], [ -66.98662, 18.04343 ], [ -66.98655, 18.0434 ], [ -66.98649, 18.04334 ], [ -66.98645, 18.04326 ], [ -66.98643, 18.0432 ], [ -66.98637, 18.04314 ], [ -66.98628, 18.04307 ], [ -66.98621, 18.04301 ], [ -66.98619, 18.04297 ], [ -66.98616, 18.04287 ], [ -66.98614, 18.04278 ], [ -66.98609, 18.04271 ], [ -66.98602, 18.04267 ], [ -66.98584, 18.04261 ], [ -66.98577, 18.04259 ], [ -66.98563, 18.04258 ], [ -66.98548, 18.04259 ], [ -66.98531, 18.0426 ], [ -66.9851, 18.0426 ], [ -66.98494, 18.04261 ], [ -66.98485, 18.04261 ], [ -66.98474, 18.04264 ], [ -66.98465, 18.04273 ], [ -66.98462, 18.04282 ], [ -66.98464, 18.04293 ], [ -66.9847, 18.04307 ], [ -66.98474, 18.0432 ], [ -66.98474, 18.04335 ], [ -66.98471, 18.04348 ], [ -66.9847, 18.04353 ], [ -66.98463, 18.04362 ], [ -66.98452, 18.04365 ], [ -66.98444, 18.04365 ], [ -66.9843, 18.04356 ], [ -66.98416, 18.04349 ], [ -66.98402, 18.04342 ], [ -66.98387, 18.04338 ], [ -66.98381, 18.04336 ], [ -66.98373, 18.04337 ], [ -66.98364, 18.04341 ], [ -66.98358, 18.04347 ], [ -66.98356, 18.04353 ], [ -66.98356, 18.04361 ], [ -66.98359, 18.04374 ], [ -66.98362, 18.04382 ], [ -66.98364, 18.04392 ], [ -66.98363, 18.04398 ], [ -66.98358, 18.04407 ], [ -66.98349, 18.04417 ], [ -66.9834, 18.04425 ], [ -66.9833, 18.04433 ], [ -66.98326, 18.04438 ], [ -66.98325, 18.04447 ], [ -66.98326, 18.04463 ], [ -66.98325, 18.04472 ], [ -66.98321, 18.04479 ], [ -66.98316, 18.04485 ], [ -66.98314, 18.04503 ], [ -66.98313, 18.04513 ], [ -66.98317, 18.04522 ], [ -66.98324, 18.04532 ], [ -66.98332, 18.04541 ], [ -66.98341, 18.04548 ], [ -66.98349, 18.04556 ], [ -66.98352, 18.04564 ], [ -66.98353, 18.04572 ], [ -66.98354, 18.04581 ], [ -66.98352, 18.04595 ], [ -66.98349, 18.04605 ], [ -66.9834, 18.04618 ], [ -66.98332, 18.04627 ] ] } },
{ "type": "Feature", "properties": { "fcode": 33600, "label": "Canal or ditch", "name": null, "source": "NHDPlus HR non network flowline", "length_mi": 0.07, "directed": false, "direction": "unknown" }, "geometry": { "type": "LineString", "coordinates": [ [ -66.72553, 17.99335 ], [ -66.72576, 17.99239 ] ] } },
{ "type": "Feature", "properties": { "fcode": 33600, "label": "Canal or ditch", "name": "Canal Principal De Riego Valle De Lajas", "source": "NHDPlus HR non network flowline", "length_mi": 0.2, "directed": false, "direction": "unknown" }, "geometry": { "type": "LineString", "coordinates": [ [ -66.94938, 18.04267 ], [ -66.94947, 18.04265 ], [ -66.94957, 18.04263 ], [ -66.9497, 18.0426 ], [ -66.94983, 18.04261 ], [ -66.94995, 18.04266 ], [ -66.95003, 18.04274 ], [ -66.9501, 18.04285 ], [ -66.95025, 18.04312 ], [ -66.95031, 18.04317 ], [ -66.95036, 18.0432 ], [ -66.95043, 18.0432 ], [ -66.95051, 18.0432 ], [ -66.9507, 18.04312 ], [ -66.95097, 18.04303 ], [ -66.95108, 18.043 ], [ -66.95134, 18.04292 ], [ -66.9514, 18.04291 ], [ -66.95163, 18.0429 ], [ -66.95177, 18.0429 ], [ -66.95188, 18.04295 ], [ -66.95191, 18.043 ], [ -66.95194, 18.04307 ] ] } },
{ "type": "Feature", "properties": { "fcode": 33600, "label": "Canal or ditch", "name": "Canal Principal De Riego Valle De Lajas", "source": "NHDPlus HR non network flowline", "length_mi": 0.25, "directed": false, "direction": "unknown" }, "geometry": { "type": "LineString", "coordinates": [ [ -67.08702, 18.03576 ], [ -67.08723, 18.03572 ], [ -67.08763, 18.03564 ], [ -67.08825, 18.03556 ], [ -67.08884, 18.03547 ], [ -67.08941, 18.03538 ], [ -67.08991, 18.03532 ], [ -67.09012, 18.03528 ], [ -67.09028, 18.03526 ], [ -67.09055, 18.03526 ], [ -67.09072, 18.03529 ], [ -67.09076, 18.0353 ] ] } },
{ "type": "Feature", "properties": { "fcode": 33600, "label": "Canal or ditch", "name": null, "source": "NHDPlus HR non network flowline", "length_mi": 0.15, "directed": false, "direction": "unknown" }, "geometry": { "type": "LineString", "coordinates": [ [ -66.48183, 17.99172 ], [ -66.47954, 17.99175 ] ] } },
{ "type": "Feature", "properties": { "fcode": 33600, "label": "Canal or ditch", "name": null, "source": "NHDPlus HR non network flowline", "length_mi": 0.16, "directed": false, "direction": "unknown" }, "geometry": { "type": "LineString", "coordinates": [ [ -66.43766, 17.97197 ], [ -66.43757, 17.97178 ], [ -66.43738, 17.97131 ], [ -66.43676, 17.96982 ] ] } },
{ "type": "Feature", "properties": { "fcode": 33600, "label": "Canal or ditch", "name": null, "source": "NHDPlus HR non network flowline", "length_mi": 0.13, "directed": false, "direction": "unknown" }, "geometry": { "type": "LineString", "coordinates": [ [ -66.58354, 17.98343 ], [ -66.58445, 17.98303 ], [ -66.58527, 17.98265 ] ] } },
{ "type": "Feature", "properties": { "fcode": 33600, "label": "Canal or ditch", "name": null, "source": "NHDPlus HR non network flowline", "length_mi": 0.64, "directed": true, "direction": "inferred" }, "geometry": { "type": "LineString", "coordinates": [ [ -66.95951, 18.01898 ], [ -66.95957, 18.01894 ], [ -66.95963, 18.01885 ], [ -66.95967, 18.01864 ], [ -66.95988, 18.01658 ], [ -66.96011, 18.01408 ], [ -66.9602, 18.01409 ], [ -66.96055, 18.01415 ], [ -66.9623, 18.01442 ], [ -66.96325, 18.01457 ], [ -66.96462, 18.01475 ] ] } },
{ "type": "Feature", "properties": { "fcode": 33600, "label": "Canal or ditch", "name": null, "source": "NHDPlus HR non network flowline", "length_mi": 0.86, "directed": true, "direction": "inferred" }, "geometry": { "type": "LineString", "coordinates": [ [ -67.02864, 18.02609 ], [ -67.02528, 18.02582 ], [ -67.02546, 18.02403 ], [ -67.02584, 18.02117 ], [ -67.02591, 18.02058 ], [ -67.02571, 18.02044 ], [ -67.02296, 18.02017 ], [ -67.02183, 18.02002 ] ] } },
{ "type": "Feature", "properties": { "fcode": 33600, "label": "Canal or ditch", "name": null, "source": "NHDPlus HR non network flowline", "length_mi": 0.14, "directed": false, "direction": "unknown" }, "geometry": { "type": "LineString", "coordinates": [ [ -66.54331, 17.99776 ], [ -66.54331, 17.99755 ], [ -66.54339, 17.99741 ], [ -66.54353, 17.99734 ], [ -66.54433, 17.99703 ], [ -66.54475, 17.99687 ], [ -66.545, 17.99676 ] ] } },
{ "type": "Feature", "properties": { "fcode": 33600, "label": "Canal or ditch", "name": "Canal Principal De Riego Valle De Lajas", "source": "NHDPlus HR non network flowline", "length_mi": 0.21, "directed": false, "direction": "unknown" }, "geometry": { "type": "LineString", "coordinates": [ [ -67.12322, 18.03457 ], [ -67.1234, 18.03462 ], [ -67.12359, 18.0347 ], [ -67.12365, 18.03471 ], [ -67.12372, 18.03468 ], [ -67.12374, 18.03467 ], [ -67.12384, 18.03461 ], [ -67.12395, 18.03454 ], [ -67.12403, 18.03452 ], [ -67.12408, 18.03451 ], [ -67.12423, 18.03451 ], [ -67.12439, 18.03454 ], [ -67.12456, 18.03461 ], [ -67.12479, 18.03467 ], [ -67.12516, 18.03477 ], [ -67.12558, 18.0349 ], [ -67.12579, 18.03492 ], [ -67.1259, 18.0349 ], [ -67.1261, 18.03486 ], [ -67.12626, 18.03485 ], [ -67.12627, 18.03485 ] ] } },
{ "type": "Feature", "properties": { "fcode": 33600, "label": "Canal or ditch", "name": null, "source": "NHDPlus HR non network flowline", "length_mi": 0.47, "directed": true, "direction": "inferred" }, "geometry": { "type": "LineString", "coordinates": [ [ -66.72794, 17.99852 ], [ -66.72797, 17.99824 ], [ -66.72805, 17.99803 ], [ -66.72817, 17.99729 ], [ -66.72833, 17.99665 ], [ -66.7285, 17.99616 ], [ -66.72876, 17.99564 ], [ -66.72908, 17.99503 ], [ -66.72948, 17.99425 ], [ -66.72974, 17.99376 ], [ -66.72985, 17.99353 ], [ -66.72983, 17.99307 ], [ -66.72967, 17.99211 ] ] } },
{ "type": "Feature", "properties": { "fcode": 33600, "label": "Canal or ditch", "name": "Canal Principal De Riego Valle De Lajas", "source": "NHDPlus HR non network flowline", "length_mi": 0.18, "directed": false, "direction": "unknown" }, "geometry": { "type": "LineString", "coordinates": [ [ -67.07383, 18.03924 ], [ -67.07413, 18.03927 ], [ -67.07422, 18.03928 ], [ -67.07432, 18.03924 ], [ -67.07439, 18.03918 ], [ -67.07445, 18.0391 ], [ -67.07447, 18.039 ], [ -67.07452, 18.03856 ], [ -67.07453, 18.03842 ], [ -67.07458, 18.03836 ], [ -67.07464, 18.03831 ], [ -67.07474, 18.03827 ], [ -67.07492, 18.03821 ], [ -67.07508, 18.03816 ], [ -67.07517, 18.03814 ], [ -67.07538, 18.03814 ], [ -67.07559, 18.03814 ], [ -67.07571, 18.03815 ], [ -67.07579, 18.03817 ] ] } },
{ "type": "Feature", "properties": { "fcode": 33600, "label": "Canal or ditch", "name": null, "source": "NHDPlus HR non network flowline", "length_mi": 0.58, "directed": false, "direction": "unknown" }, "geometry": { "type": "LineString", "coordinates": [ [ -66.55429, 17.98749 ], [ -66.55437, 17.9849 ], [ -66.55325, 17.98409 ], [ -66.55313, 17.984 ], [ -66.55307, 17.98389 ], [ -66.55309, 17.98373 ], [ -66.55319, 17.98353 ], [ -66.55334, 17.98334 ], [ -66.55493, 17.98128 ], [ -66.5556, 17.98044 ] ] } },
{ "type": "Feature", "properties": { "fcode": 33600, "label": "Canal or ditch", "name": null, "source": "NHDPlus HR non network flowline", "length_mi": 0.58, "directed": false, "direction": "unknown" }, "geometry": { "type": "LineString", "coordinates": [ [ -66.45907, 18.00311 ], [ -66.45906, 18.00311 ], [ -66.45867, 18.00304 ], [ -66.45802, 18.00294 ], [ -66.45756, 18.00288 ], [ -66.45739, 18.00284 ], [ -66.45735, 18.00283 ], [ -66.45734, 18.00265 ], [ -66.45733, 18.00258 ], [ -66.4573, 18.00248 ], [ -66.45715, 18.00204 ], [ -66.45697, 18.00158 ], [ -66.45679, 18.00114 ], [ -66.45671, 18.00086 ], [ -66.45665, 18.00071 ], [ -66.45698, 18.00084 ], [ -66.45754, 18.00107 ], [ -66.45788, 18.00118 ], [ -66.45794, 18.00088 ], [ -66.45807, 18.00016 ], [ -66.45822, 17.99951 ], [ -66.45835, 17.99897 ], [ -66.45844, 17.99854 ], [ -66.45845, 17.99844 ], [ -66.45842, 17.99841 ], [ -66.45831, 17.99836 ], [ -66.45828, 17.99832 ], [ -66.45829, 17.99809 ], [ -66.45829, 17.99803 ] ] } },
{ "type": "Feature", "properties": { "fcode": 33600, "label": "Canal or ditch", "name": null, "source": "NHDPlus HR non network flowline", "length_mi": 0.22, "directed": false, "direction": "unknown" }, "geometry": { "type": "LineString", "coordinates": [ [ -66.57165, 17.9808 ], [ -66.57164, 17.98079 ], [ -66.57124, 17.98036 ], [ -66.56853, 17.98021 ] ] } },
{ "type": "Feature", "properties": { "fcode": 33600, "label": "Canal or ditch", "name": null, "source": "NHDPlus HR non network flowline", "length_mi": 0.97, "directed": true, "direction": "inferred" }, "geometry": { "type": "LineString", "coordinates": [ [ -66.48622, 18.03593 ], [ -66.48622, 18.03593 ], [ -66.48619, 18.03583 ], [ -66.48622, 18.03568 ], [ -66.48628, 18.0355 ], [ -66.48635, 18.03533 ], [ -66.48642, 18.03521 ], [ -66.4865, 18.03513 ], [ -66.48661, 18.03501 ], [ -66.48671, 18.03493 ], [ -66.48683, 18.03481 ], [ -66.48692, 18.03465 ], [ -66.48696, 18.03455 ], [ -66.48692, 18.03442 ], [ -66.48684, 18.03431 ], [ -66.48675, 18.03425 ], [ -66.4866, 18.0342 ], [ -66.48637, 18.03418 ], [ -66.48615, 18.0342 ], [ -66.48595, 18.03423 ], [ -66.48575, 18.03429 ], [ -66.48563, 18.03438 ], [ -66.48542, 18.03448 ], [ -66.48523, 18.03452 ], [ -66.48512, 18.03454 ], [ -66.48507, 18.03454 ], [ -66.48503, 18.03451 ], [ -66.485, 18.03446 ], [ -66.48503, 18.03437 ], [ -66.48509, 18.03425 ], [ -66.48514, 18.03409 ], [ -66.48519, 18.03399 ], [ -66.48519, 18.03392 ], [ -66.48517, 18.03385 ], [ -66.48515, 18.03377 ], [ -66.48518, 18.0337 ], [ -66.48523, 18.03361 ], [ -66.48525, 18.03351 ], [ -66.48522, 18.03334 ], [ -66.48514, 18.0332 ], [ -66.48498, 18.03308 ], [ -66.48486, 18.03299 ], [ -66.4847, 18.03298 ], [ -66.48452, 18.033 ], [ -66.48437, 18.03303 ], [ -66.48426, 18.03301 ], [ -66.48414, 18.03295 ], [ -66.48396, 18.03282 ], [ -66.4838, 18.03275 ], [ -66.48366, 18.03275 ], [ -66.48351, 18.03276 ], [ -66.48336, 18.03274 ], [ -66.48312, 18.03271 ], [ -66.48297, 18.0327 ], [ -66.48287, 18.03269 ], [ -66.48273, 18.03269 ], [ -66.48264, 18.03274 ], [ -66.48259, 18.03275 ], [ -66.48253, 18.03271 ], [ -66.48244, 18.03259 ], [ -66.48233, 18.03244 ], [ -66.48227, 18.03235 ], [ -66.48214, 18.0323 ], [ -66.48195, 18.03224 ], [ -66.48182, 18.03218 ], [ -66.48174, 18.03214 ], [ -66.48168, 18.03205 ], [ -66.48166, 18.0319 ], [ -66.48167, 18.03166 ], [ -66.48168, 18.03138 ], [ -66.48169, 18.03115 ], [ -66.4817, 18.03104 ], [ -66.48171, 18.03096 ], [ -66.48172, 18.03082 ], [ -66.4817, 18.03054 ], [ -66.48168, 18.03027 ], [ -66.48168, 18.03004 ], [ -66.48167, 18.02991 ], [ -66.48163, 18.02975 ], [ -66.48157, 18.02965 ], [ -66.48154, 18.02961 ], [ -66.48148, 18.02957 ], [ -66.48143, 18.02954 ], [ -66.48135, 18.02952 ], [ -66.48127, 18.02954 ], [ -66.48114, 18.02963 ], [ -66.48105, 18.02973 ], [ -66.48095, 18.02987 ], [ -66.48087, 18.03002 ], [ -66.48083, 18.03018 ], [ -66.4808, 18.03031 ], [ -66.48078, 18.03035 ], [ -66.48073, 18.0304 ], [ -66.4807, 18.03041 ], [ -66.48064, 18.03041 ], [ -66.4806, 18.03036 ], [ -66.48054, 18.03028 ], [ -66.48051, 18.03013 ], [ -66.4805, 18.02999 ], [ -66.4805, 18.02992 ], [ -66.48049, 18.02981 ], [ -66.48047, 18.02973 ], [ -66.48043, 18.02969 ], [ -66.48029, 18.02965 ], [ -66.48017, 18.0296 ], [ -66.48009, 18.02959 ], [ -66.48003, 18.02954 ], [ -66.48, 18.02947 ] ] } },
{ "type": "Feature", "properties": { "fcode": 33600, "label": "Canal or ditch", "name": null, "source": "NHDPlus HR non network flowline", "length_mi": 0.29, "directed": false, "direction": "unknown" }, "geometry": { "type": "LineString", "coordinates": [ [ -66.57338, 17.9761 ], [ -66.57523, 17.97506 ], [ -66.57632, 17.97442 ], [ -66.57718, 17.97395 ] ] } },
{ "type": "Feature", "properties": { "fcode": 33600, "label": "Canal or ditch", "name": null, "source": "NHDPlus HR non network flowline", "length_mi": 0.35, "directed": false, "direction": "unknown" }, "geometry": { "type": "LineString", "coordinates": [ [ -66.5733, 17.97481 ], [ -66.57324, 17.97368 ], [ -66.57316, 17.9721 ], [ -66.57308, 17.97058 ], [ -66.57304, 17.96982 ], [ -66.57315, 17.96972 ] ] } },
{ "type": "Feature", "properties": { "fcode": 33600, "label": "Canal or ditch", "name": null, "source": "NHDPlus HR non network flowline", "length_mi": 0.06, "directed": false, "direction": "unknown" }, "geometry": { "type": "LineString", "coordinates": [ [ -66.58193, 17.97255 ], [ -66.58131, 17.97289 ], [ -66.58112, 17.973 ] ] } },
{ "type": "Feature", "properties": { "fcode": 33600, "label": "Canal or ditch", "name": "Canal Principal De Riego Valle De Lajas", "source": "NHDPlus HR non network flowline", "length_mi": 0.27, "directed": false, "direction": "unknown" }, "geometry": { "type": "LineString", "coordinates": [ [ -67.08315, 18.03516 ], [ -67.08336, 18.03505 ], [ -67.08366, 18.035 ], [ -67.08382, 18.03503 ], [ -67.08394, 18.03506 ], [ -67.08438, 18.03524 ], [ -67.08457, 18.0353 ], [ -67.0853, 18.03559 ], [ -67.08566, 18.03572 ], [ -67.08589, 18.03581 ], [ -67.08611, 18.03587 ], [ -67.08621, 18.03588 ], [ -67.08636, 18.03586 ], [ -67.08668, 18.03581 ], [ -67.08702, 18.03576 ] ] } },
{ "type": "Feature", "properties": { "fcode": 33600, "label": "Canal or ditch", "name": "Caño Merle", "source": "NHDPlus HR non network flowline", "length_mi": 0.01, "directed": false, "direction": "unknown" }, "geometry": { "type": "LineString", "coordinates": [ [ -67.15671, 18.17308 ], [ -67.15669, 18.17315 ], [ -67.15665, 18.17323 ], [ -67.15665, 18.17324 ] ] } },
{ "type": "Feature", "properties": { "fcode": 33600, "label": "Canal or ditch", "name": null, "source": "NHDPlus HR non network flowline", "length_mi": 0.75, "directed": false, "direction": "unknown" }, "geometry": { "type": "LineString", "coordinates": [ [ -66.49433, 18.00833 ], [ -66.49415, 18.00828 ], [ -66.4941, 18.00823 ], [ -66.49405, 18.00813 ], [ -66.49405, 18.00806 ], [ -66.4942, 18.00766 ], [ -66.49455, 18.00681 ], [ -66.49488, 18.00596 ], [ -66.49503, 18.0056 ], [ -66.49528, 18.0049 ], [ -66.49546, 18.00444 ], [ -66.49563, 18.00405 ], [ -66.49579, 18.00363 ], [ -66.49594, 18.00322 ], [ -66.49606, 18.00292 ], [ -66.49617, 18.00262 ], [ -66.49623, 18.00248 ], [ -66.49631, 18.00229 ], [ -66.49637, 18.00214 ], [ -66.49642, 18.00201 ], [ -66.49647, 18.00186 ], [ -66.49653, 18.00172 ], [ -66.4966, 18.00153 ], [ -66.49662, 18.00143 ], [ -66.49663, 18.00134 ], [ -66.49664, 18.00118 ], [ -66.49664, 18.00097 ], [ -66.49664, 18.00068 ], [ -66.49664, 18.00025 ], [ -66.49666, 17.9997 ], [ -66.49669, 17.99886 ], [ -66.4967, 17.9987 ], [ -66.49673, 17.99844 ], [ -66.49676, 17.99815 ], [ -66.49676, 17.99802 ] ] } },
{ "type": "Feature", "properties": { "fcode": 33600, "label": "Canal or ditch", "name": "Canal Principal De Riego Valle De Lajas", "source": "NHDPlus HR non network flowline", "length_mi": 0.33, "directed": false, "direction": "unknown" }, "geometry": { "type": "LineString", "coordinates": [ [ -66.96863, 18.04619 ], [ -66.96872, 18.04619 ], [ -66.96882, 18.04625 ], [ -66.96889, 18.04631 ], [ -66.96898, 18.04642 ], [ -66.96908, 18.04652 ], [ -66.96916, 18.04663 ], [ -66.96922, 18.04678 ], [ -66.96932, 18.04692 ], [ -66.96939, 18.04701 ], [ -66.96944, 18.04707 ], [ -66.96946, 18.04716 ], [ -66.96947, 18.04721 ], [ -66.96948, 18.0474 ], [ -66.96948, 18.04756 ], [ -66.9695, 18.04777 ], [ -66.96954, 18.0479 ], [ -66.96961, 18.04798 ], [ -66.96973, 18.04808 ], [ -66.96979, 18.04809 ], [ -66.96989, 18.04808 ], [ -66.96999, 18.04807 ], [ -66.97011, 18.04811 ], [ -66.97025, 18.04818 ], [ -66.97037, 18.04825 ], [ -66.9706, 18.04838 ], [ -66.97074, 18.04846 ], [ -66.97092, 18.04855 ], [ -66.9711, 18.04865 ], [ -66.97131, 18.04877 ], [ -66.97149, 18.04889 ], [ -66.97156, 18.04898 ], [ -66.97169, 18.04913 ], [ -66.97176, 18.04922 ], [ -66.9719, 18.04929 ] ] } },
{ "type": "Feature", "properties": { "fcode": 33600, "label": "Canal or ditch", "name": null, "source": "NHDPlus HR non network flowline", "length_mi": 0.26, "directed": false, "direction": "unknown" }, "geometry": { "type": "LineString", "coordinates": [ [ -66.57091, 17.9794 ], [ -66.57071, 17.97693 ], [ -66.57062, 17.97561 ] ] } },
{ "type": "Feature", "properties": { "fcode": 33600, "label": "Canal or ditch", "name": null, "source": "NHDPlus HR non network flowline", "length_mi": 0.15, "directed": false, "direction": "unknown" }, "geometry": { "type": "LineString", "coordinates": [ [ -67.15825, 18.17279 ], [ -67.15823, 18.17293 ], [ -67.15831, 18.17353 ], [ -67.15843, 18.17433 ], [ -67.15849, 18.17481 ], [ -67.1585, 18.17499 ] ] } },
{ "type": "Feature", "properties": { "fcode": 33600, "label": "Canal or ditch", "name": null, "source": "NHDPlus HR non network flowline", "length_mi": 0.73, "directed": false, "direction": "unknown" }, "geometry": { "type": "LineString", "coordinates": [ [ -66.58137, 17.98076 ], [ -66.58127, 17.98031 ], [ -66.58183, 17.97836 ], [ -66.5823, 17.97662 ], [ -66.58238, 17.97628 ], [ -66.58253, 17.97614 ], [ -66.58293, 17.97585 ], [ -66.58353, 17.9754 ], [ -66.5837, 17.97524 ], [ -66.58459, 17.97427 ], [ -66.58398, 17.97189 ], [ -66.58419, 17.97134 ] ] } },
{ "type": "Feature", "properties": { "fcode": 33600, "label": "Canal or ditch", "name": null, "source": "NHDPlus HR non network flowline", "length_mi": 0.23, "directed": false, "direction": "unknown" }, "geometry": { "type": "LineString", "coordinates": [ [ -66.55536, 17.97894 ], [ -66.55442, 17.97879 ], [ -66.55324, 17.97862 ], [ -66.55275, 17.97848 ], [ -66.55244, 17.97835 ], [ -66.55214, 17.97821 ], [ -66.552, 17.9781 ] ] } },
{ "type": "Feature", "properties": { "fcode": 33600, "label": "Canal or ditch", "name": null, "source": "NHDPlus HR non network flowline", "length_mi": 0.33, "directed": false, "direction": "unknown" }, "geometry": { "type": "LineString", "coordinates": [ [ -67.05682, 18.02407 ], [ -67.05612, 18.02416 ], [ -67.05608, 18.02406 ], [ -67.05505, 18.0242 ], [ -67.05421, 18.02428 ], [ -67.05341, 18.02441 ], [ -67.05272, 18.02449 ], [ -67.05199, 18.02459 ] ] } },
{ "type": "Feature", "properties": { "fcode": 33600, "label": "Canal or ditch", "name": null, "source": "NHDPlus HR non network flowline", "length_mi": 0.1, "directed": false, "direction": "unknown" }, "geometry": { "type": "LineString", "coordinates": [ [ -66.99538, 18.02749 ], [ -66.99535, 18.0275 ], [ -66.99476, 18.02751 ], [ -66.99448, 18.02742 ], [ -66.99397, 18.02722 ], [ -66.99394, 18.02721 ] ] } },
{ "type": "Feature", "properties": { "fcode": 33600, "label": "Canal or ditch", "name": null, "source": "NHDPlus HR non network flowline", "length_mi": 0.13, "directed": false, "direction": "unknown" }, "geometry": { "type": "LineString", "coordinates": [ [ -66.72857, 17.99408 ], [ -66.72778, 17.99582 ], [ -66.72777, 17.99585 ] ] } },
{ "type": "Feature", "properties": { "fcode": 33600, "label": "Canal or ditch", "name": null, "source": "NHDPlus HR non network flowline", "length_mi": 0.11, "directed": false, "direction": "unknown" }, "geometry": { "type": "LineString", "coordinates": [ [ -66.72239, 17.99133 ], [ -66.72174, 17.99117 ], [ -66.72078, 17.99086 ] ] } },
{ "type": "Feature", "properties": { "fcode": 33600, "label": "Canal or ditch", "name": null, "source": "NHDPlus HR non network flowline", "length_mi": 0.91, "directed": false, "direction": "unknown" }, "geometry": { "type": "LineString", "coordinates": [ [ -66.71698, 17.99081 ], [ -66.71658, 17.99131 ], [ -66.71689, 17.99164 ], [ -66.71622, 17.99238 ], [ -66.71648, 17.99271 ], [ -66.71658, 17.9928 ], [ -66.71683, 17.99293 ], [ -66.71699, 17.99304 ], [ -66.71719, 17.99317 ], [ -66.71737, 17.99326 ], [ -66.71757, 17.99339 ], [ -66.71783, 17.99361 ], [ -66.71803, 17.99388 ], [ -66.71829, 17.9942 ], [ -66.71849, 17.99454 ], [ -66.7187, 17.99482 ], [ -66.71881, 17.99495 ], [ -66.71893, 17.99508 ], [ -66.71919, 17.9953 ], [ -66.7194, 17.99543 ], [ -66.71964, 17.99554 ], [ -66.7198, 17.9956 ], [ -66.71996, 17.99561 ], [ -66.72007, 17.99559 ], [ -66.72028, 17.99549 ], [ -66.72055, 17.99537 ], [ -66.72087, 17.99523 ], [ -66.72115, 17.9952 ], [ -66.72178, 17.9951 ], [ -66.72234, 17.99499 ], [ -66.72271, 17.99484 ], [ -66.72298, 17.9947 ], [ -66.72318, 17.99447 ], [ -66.72333, 17.99414 ], [ -66.72345, 17.99379 ], [ -66.72361, 17.99331 ], [ -66.72374, 17.9929 ], [ -66.72383, 17.99267 ], [ -66.72381, 17.99246 ], [ -66.72372, 17.9922 ], [ -66.72357, 17.9919 ], [ -66.72348, 17.99178 ] ] } },
{ "type": "Feature", "properties": { "fcode": 33600, "label": "Canal or ditch", "name": null, "source": "NHDPlus HR non network flowline", "length_mi": 0.2, "directed": false, "direction": "unknown" }, "geometry": { "type": "LineString", "coordinates": [ [ -66.60769, 17.99244 ], [ -66.60827, 17.98959 ] ] } },
{ "type": "Feature", "properties": { "fcode": 33600, "label": "Canal or ditch", "name": null, "source": "NHDPlus HR non network flowline", "length_mi": 0.21, "directed": false, "direction": "unknown" }, "geometry": { "type": "LineString", "coordinates": [ [ -66.44206, 17.97797 ], [ -66.44191, 17.97812 ], [ -66.44173, 17.97831 ], [ -66.44104, 17.97903 ], [ -66.44012, 17.97997 ], [ -66.43999, 17.98028 ] ] } },
{ "type": "Feature", "properties": { "fcode": 33600, "label": "Canal or ditch", "name": null, "source": "NHDPlus HR non network flowline", "length_mi": 0.09, "directed": false, "direction": "unknown" }, "geometry": { "type": "LineString", "coordinates": [ [ -66.5846, 17.98664 ], [ -66.58425, 17.98536 ] ] } },
{ "type": "Feature", "properties": { "fcode": 33600, "label": "Canal or ditch", "name": null, "source": "NHDPlus HR non network flowline", "length_mi": 0.17, "directed": false, "direction": "unknown" }, "geometry": { "type": "LineString", "coordinates": [ [ -66.55591, 17.99806 ], [ -66.55844, 17.99808 ] ] } },
{ "type": "Feature", "properties": { "fcode": 33600, "label": "Canal or ditch", "name": null, "source": "NHDPlus HR non network flowline", "length_mi": 0.03, "directed": false, "direction": "unknown" }, "geometry": { "type": "LineString", "coordinates": [ [ -66.54486, 17.99721 ], [ -66.545, 17.99676 ] ] } },
{ "type": "Feature", "properties": { "fcode": 33600, "label": "Canal or ditch", "name": null, "source": "NHDPlus HR non network flowline", "length_mi": 0.1, "directed": false, "direction": "unknown" }, "geometry": { "type": "LineString", "coordinates": [ [ -66.57864, 17.97829 ], [ -66.5782, 17.97836 ], [ -66.57797, 17.9784 ], [ -66.57782, 17.97846 ], [ -66.57773, 17.97859 ], [ -66.57762, 17.97868 ], [ -66.57748, 17.97874 ], [ -66.57729, 17.97883 ] ] } },
{ "type": "Feature", "properties": { "fcode": 33600, "label": "Canal or ditch", "name": null, "source": "NHDPlus HR non network flowline", "length_mi": 0.33, "directed": false, "direction": "unknown" }, "geometry": { "type": "LineString", "coordinates": [ [ -66.49076, 18.00434 ], [ -66.49042, 18.00386 ], [ -66.48961, 18.00274 ], [ -66.48897, 18.00182 ], [ -66.48877, 18.00155 ], [ -66.48848, 18.00113 ], [ -66.48829, 18.00087 ], [ -66.48809, 18.0006 ], [ -66.488, 18.00048 ], [ -66.48795, 18.0004 ] ] } },
{ "type": "Feature", "properties": { "fcode": 33600, "label": "Canal or ditch", "name": null, "source": "NHDPlus HR non network flowline", "length_mi": 0.05, "directed": true, "direction": "inferred" }, "geometry": { "type": "LineString", "coordinates": [ [ -66.52557, 18.16041 ], [ -66.52553, 18.16046 ], [ -66.52546, 18.16048 ], [ -66.52531, 18.16047 ], [ -66.52496, 18.16037 ], [ -66.52488, 18.16036 ] ] } },
{ "type": "Feature", "properties": { "fcode": 33600, "label": "Canal or ditch", "name": null, "source": "NHDPlus HR non network flowline", "length_mi": 0.04, "directed": false, "direction": "unknown" }, "geometry": { "type": "LineString", "coordinates": [ [ -66.55183, 17.97803 ], [ -66.55167, 17.97794 ], [ -66.55144, 17.97775 ], [ -66.55138, 17.97768 ] ] } },
{ "type": "Feature", "properties": { "fcode": 33600, "label": "Canal or ditch", "name": "Canal Principal De Riego Valle De Lajas", "source": "NHDPlus HR non network flowline", "length_mi": 0.23, "directed": false, "direction": "unknown" }, "geometry": { "type": "LineString", "coordinates": [ [ -67.07058, 18.0393 ], [ -67.07064, 18.03921 ], [ -67.07099, 18.03864 ], [ -67.07106, 18.03856 ], [ -67.07113, 18.03854 ], [ -67.07119, 18.03854 ], [ -67.07132, 18.03861 ], [ -67.07164, 18.0389 ], [ -67.07183, 18.03911 ], [ -67.07195, 18.03928 ], [ -67.07207, 18.03946 ], [ -67.07216, 18.03959 ], [ -67.07222, 18.03962 ], [ -67.07231, 18.03963 ], [ -67.07242, 18.03958 ], [ -67.07254, 18.03951 ], [ -67.07265, 18.03943 ], [ -67.0727, 18.03935 ], [ -67.07275, 18.03925 ], [ -67.07285, 18.03917 ] ] } },
{ "type": "Feature", "properties": { "fcode": 33600, "label": "Canal or ditch", "name": null, "source": "NHDPlus HR non network flowline", "length_mi": 0.56, "directed": true, "direction": "inferred" }, "geometry": { "type": "LineString", "coordinates": [ [ -67.05682, 18.02407 ], [ -67.05848, 18.02385 ], [ -67.05848, 18.02349 ], [ -67.05849, 18.02133 ], [ -67.05847, 18.0201 ], [ -67.05849, 18.01865 ], [ -67.05851, 18.01748 ], [ -67.05852, 18.01738 ] ] } },
{ "type": "Feature", "properties": { "fcode": 33600, "label": "Canal or ditch", "name": null, "source": "NHDPlus HR non network flowline", "length_mi": 0.04, "directed": false, "direction": "unknown" }, "geometry": { "type": "LineString", "coordinates": [ [ -66.72486, 17.9923 ], [ -66.72431, 17.99205 ] ] } },
{ "type": "Feature", "properties": { "fcode": 33600, "label": "Canal or ditch", "name": null, "source": "NHDPlus HR non network flowline", "length_mi": 1.97, "directed": true, "direction": "inferred" }, "geometry": { "type": "LineString", "coordinates": [ [ -66.38916, 17.97976 ], [ -66.38947, 17.97933 ], [ -66.38966, 17.97917 ], [ -66.39093, 17.978 ], [ -66.39245, 17.97661 ], [ -66.39369, 17.97545 ], [ -66.39428, 17.97456 ], [ -66.39426, 17.97437 ], [ -66.39563, 17.9718 ], [ -66.39597, 17.97119 ], [ -66.39689, 17.96947 ], [ -66.39757, 17.9682 ], [ -66.39815, 17.96723 ], [ -66.39891, 17.96584 ], [ -66.3991, 17.9654 ], [ -66.39919, 17.9651 ], [ -66.39934, 17.96454 ], [ -66.39816, 17.96443 ], [ -66.39502, 17.96436 ], [ -66.39163, 17.96433 ], [ -66.38866, 17.96429 ] ] } },
{ "type": "Feature", "properties": { "fcode": 33600, "label": "Canal or ditch", "name": null, "source": "NHDPlus HR non network flowline", "length_mi": 0.57, "directed": false, "direction": "unknown" }, "geometry": { "type": "LineString", "coordinates": [ [ -66.55034, 17.99543 ], [ -66.55097, 17.99437 ], [ -66.55121, 17.99396 ], [ -66.55138, 17.99371 ], [ -66.55216, 17.99259 ], [ -66.55264, 17.99189 ], [ -66.55289, 17.99147 ], [ -66.55305, 17.99123 ], [ -66.5532, 17.99085 ], [ -66.55356, 17.98977 ], [ -66.55399, 17.98854 ], [ -66.55409, 17.98825 ], [ -66.55415, 17.98808 ] ] } },
{ "type": "Feature", "properties": { "fcode": 33600, "label": "Canal or ditch", "name": null, "source": "NHDPlus HR non network flowline", "length_mi": 0.14, "directed": false, "direction": "unknown" }, "geometry": { "type": "LineString", "coordinates": [ [ -66.56215, 17.97832 ], [ -66.56017, 17.97894 ] ] } },
{ "type": "Feature", "properties": { "fcode": 33600, "label": "Canal or ditch", "name": null, "source": "NHDPlus HR non network flowline", "length_mi": 0.34, "directed": true, "direction": "inferred" }, "geometry": { "type": "LineString", "coordinates": [ [ -66.57423, 18.01768 ], [ -66.57291, 18.01507 ], [ -66.57239, 18.01406 ], [ -66.57215, 18.01359 ], [ -66.57201, 18.0132 ] ] } },
{ "type": "Feature", "properties": { "fcode": 33600, "label": "Canal or ditch", "name": null, "source": "NHDPlus HR non network flowline", "length_mi": 0.15, "directed": false, "direction": "unknown" }, "geometry": { "type": "LineString", "coordinates": [ [ -66.591, 17.98947 ], [ -66.58878, 17.98949 ] ] } },
{ "type": "Feature", "properties": { "fcode": 33600, "label": "Canal or ditch", "name": "Canal Principal De Riego Valle De Lajas", "source": "NHDPlus HR non network flowline", "length_mi": 0.34, "directed": false, "direction": "unknown" }, "geometry": { "type": "LineString", "coordinates": [ [ -67.05419, 18.04431 ], [ -67.05424, 18.04414 ], [ -67.05428, 18.04403 ], [ -67.05442, 18.04378 ], [ -67.05454, 18.04361 ], [ -67.05469, 18.04346 ], [ -67.05501, 18.04333 ], [ -67.05528, 18.04321 ], [ -67.05546, 18.04318 ], [ -67.05558, 18.04317 ], [ -67.05586, 18.04313 ], [ -67.05601, 18.04307 ], [ -67.05613, 18.04307 ], [ -67.05617, 18.04308 ], [ -67.05628, 18.04319 ], [ -67.05646, 18.04339 ], [ -67.05651, 18.04342 ], [ -67.05656, 18.04344 ], [ -67.05679, 18.04344 ], [ -67.05732, 18.04345 ], [ -67.05767, 18.04346 ], [ -67.05777, 18.04347 ], [ -67.0579, 18.04354 ], [ -67.05803, 18.04364 ], [ -67.05815, 18.04374 ], [ -67.05821, 18.04379 ], [ -67.05825, 18.04379 ], [ -67.05829, 18.04381 ], [ -67.05832, 18.04381 ], [ -67.05841, 18.0438 ] ] } },
{ "type": "Feature", "properties": { "fcode": 33600, "label": "Canal or ditch", "name": null, "source": "NHDPlus HR non network flowline", "length_mi": 0.11, "directed": false, "direction": "unknown" }, "geometry": { "type": "LineString", "coordinates": [ [ -66.58891, 17.99105 ], [ -66.58878, 17.98949 ] ] } },
{ "type": "Feature", "properties": { "fcode": 33600, "label": "Canal or ditch", "name": null, "source": "NHDPlus HR non network flowline", "length_mi": 0.2, "directed": true, "direction": "inferred" }, "geometry": { "type": "LineString", "coordinates": [ [ -67.00383, 18.03049 ], [ -67.00465, 18.02767 ] ] } },
{ "type": "Feature", "properties": { "fcode": 33600, "label": "Canal or ditch", "name": null, "source": "NHDPlus HR non network flowline", "length_mi": 0.04, "directed": false, "direction": "unknown" }, "geometry": { "type": "LineString", "coordinates": [ [ -66.96067, 18.03601 ], [ -66.96052, 18.03606 ], [ -66.96035, 18.03609 ], [ -66.96021, 18.03627 ] ] } },
{ "type": "Feature", "properties": { "fcode": 33600, "label": "Canal or ditch", "name": null, "source": "NHDPlus HR non network flowline", "length_mi": 0.17, "directed": false, "direction": "unknown" }, "geometry": { "type": "LineString", "coordinates": [ [ -66.58815, 17.97532 ], [ -66.58813, 17.97405 ], [ -66.5891, 17.97337 ] ] } },
{ "type": "Feature", "properties": { "fcode": 33600, "label": "Canal or ditch", "name": null, "source": "NHDPlus HR non network flowline", "length_mi": 0.12, "directed": true, "direction": "inferred" }, "geometry": { "type": "LineString", "coordinates": [ [ -67.08315, 18.03516 ], [ -67.08313, 18.03488 ], [ -67.08329, 18.03339 ] ] } },
{ "type": "Feature", "properties": { "fcode": 33600, "label": "Canal or ditch", "name": null, "source": "NHDPlus HR non network flowline", "length_mi": 0.26, "directed": false, "direction": "unknown" }, "geometry": { "type": "LineString", "coordinates": [ [ -66.59316, 17.97756 ], [ -66.59296, 17.976 ], [ -66.59281, 17.97496 ], [ -66.5928, 17.97481 ], [ -66.59297, 17.97473 ], [ -66.59379, 17.97466 ] ] } },
{ "type": "Feature", "properties": { "fcode": 33600, "label": "Canal or ditch", "name": null, "source": "NHDPlus HR non network flowline", "length_mi": 0.49, "directed": true, "direction": "inferred" }, "geometry": { "type": "LineString", "coordinates": [ [ -66.59416, 17.99502 ], [ -66.5938, 17.99495 ], [ -66.59343, 17.99489 ], [ -66.59309, 17.99478 ], [ -66.59289, 17.99473 ], [ -66.59271, 17.99466 ], [ -66.59257, 17.99446 ], [ -66.59231, 17.99377 ], [ -66.59174, 17.9922 ], [ -66.59163, 17.99182 ], [ -66.5912, 17.99165 ], [ -66.59053, 17.99154 ], [ -66.58997, 17.99135 ], [ -66.58934, 17.99115 ], [ -66.58891, 17.99105 ] ] } },
{ "type": "Feature", "properties": { "fcode": 33600, "label": "Canal or ditch", "name": null, "source": "NHDPlus HR non network flowline", "length_mi": 0.7, "directed": true, "direction": "inferred" }, "geometry": { "type": "LineString", "coordinates": [ [ -66.51414, 18.03355 ], [ -66.51235, 18.03031 ], [ -66.51226, 18.03009 ], [ -66.51216, 18.02997 ], [ -66.51202, 18.02981 ], [ -66.51184, 18.02967 ], [ -66.51163, 18.02953 ], [ -66.51135, 18.0294 ], [ -66.51111, 18.02928 ], [ -66.51087, 18.02915 ], [ -66.51066, 18.02899 ], [ -66.5105, 18.02884 ], [ -66.51038, 18.02868 ], [ -66.51028, 18.02854 ], [ -66.51022, 18.02839 ], [ -66.51019, 18.02826 ], [ -66.51017, 18.02812 ], [ -66.51018, 18.0279 ], [ -66.51019, 18.02768 ], [ -66.51024, 18.02748 ], [ -66.51026, 18.02729 ], [ -66.51027, 18.02709 ], [ -66.5103, 18.02687 ], [ -66.51033, 18.02672 ], [ -66.51037, 18.02662 ], [ -66.5104, 18.02657 ], [ -66.51041, 18.0265 ], [ -66.51039, 18.02635 ], [ -66.51025, 18.02605 ], [ -66.51003, 18.02577 ], [ -66.50984, 18.02552 ], [ -66.50968, 18.02538 ], [ -66.50961, 18.02526 ], [ -66.50957, 18.02517 ], [ -66.50953, 18.02499 ] ] } },
{ "type": "Feature", "properties": { "fcode": 33600, "label": "Canal or ditch", "name": null, "source": "NHDPlus HR non network flowline", "length_mi": 0.08, "directed": false, "direction": "unknown" }, "geometry": { "type": "LineString", "coordinates": [ [ -67.13856, 18.03522 ], [ -67.13868, 18.03527 ], [ -67.13887, 18.03531 ], [ -67.13898, 18.03535 ], [ -67.1392, 18.03547 ], [ -67.13938, 18.03559 ], [ -67.13953, 18.03563 ], [ -67.13966, 18.03567 ] ] } },
{ "type": "Feature", "properties": { "fcode": 33600, "label": "Canal or ditch", "name": null, "source": "NHDPlus HR non network flowline", "length_mi": 0.12, "directed": false, "direction": "unknown" }, "geometry": { "type": "LineString", "coordinates": [ [ -66.58382, 17.9852 ], [ -66.58354, 17.98343 ] ] } },
{ "type": "Feature", "properties": { "fcode": 33600, "label": "Canal or ditch", "name": null, "source": "NHDPlus HR non network flowline", "length_mi": 0.27, "directed": false, "direction": "unknown" }, "geometry": { "type": "LineString", "coordinates": [ [ -67.00403, 18.01337 ], [ -67.00494, 18.00954 ] ] } },
{ "type": "Feature", "properties": { "fcode": 33600, "label": "Canal or ditch", "name": null, "source": "NHDPlus HR non network flowline", "length_mi": 0.14, "directed": false, "direction": "unknown" }, "geometry": { "type": "LineString", "coordinates": [ [ -66.96596, 18.01577 ], [ -66.96468, 18.01415 ] ] } },
{ "type": "Feature", "properties": { "fcode": 33600, "label": "Canal or ditch", "name": null, "source": "NHDPlus HR non network flowline", "length_mi": 0.19, "directed": false, "direction": "unknown" }, "geometry": { "type": "LineString", "coordinates": [ [ -66.78986, 18.00518 ], [ -66.78985, 18.00498 ], [ -66.78887, 18.00261 ] ] } },
{ "type": "Feature", "properties": { "fcode": 33600, "label": "Canal or ditch", "name": null, "source": "NHDPlus HR non network flowline", "length_mi": 0.01, "directed": false, "direction": "unknown" }, "geometry": { "type": "LineString", "coordinates": [ [ -66.48239, 17.996 ], [ -66.48222, 17.99599 ] ] } },
{ "type": "Feature", "properties": { "fcode": 33600, "label": "Canal or ditch", "name": null, "source": "NHDPlus HR non network flowline", "length_mi": 0.7, "directed": false, "direction": "unknown" }, "geometry": { "type": "LineString", "coordinates": [ [ -66.48983, 18.04295 ], [ -66.48975, 18.04284 ], [ -66.48964, 18.0427 ], [ -66.48952, 18.04255 ], [ -66.48946, 18.04248 ], [ -66.48945, 18.04237 ], [ -66.48948, 18.04226 ], [ -66.48951, 18.04218 ], [ -66.48955, 18.04216 ], [ -66.48962, 18.04213 ], [ -66.48976, 18.04211 ], [ -66.48988, 18.04211 ], [ -66.48995, 18.04211 ], [ -66.49002, 18.04212 ], [ -66.49009, 18.04208 ], [ -66.49017, 18.04198 ], [ -66.4902, 18.04182 ], [ -66.49021, 18.0417 ], [ -66.49019, 18.04152 ], [ -66.49015, 18.04129 ], [ -66.49006, 18.04108 ], [ -66.48994, 18.04089 ], [ -66.4898, 18.0407 ], [ -66.48963, 18.04057 ], [ -66.48945, 18.04041 ], [ -66.48935, 18.04035 ], [ -66.48924, 18.04028 ], [ -66.48911, 18.04014 ], [ -66.48894, 18.04003 ], [ -66.48885, 18.03993 ], [ -66.48875, 18.03985 ], [ -66.48866, 18.03973 ], [ -66.48861, 18.03959 ], [ -66.48853, 18.03936 ], [ -66.48849, 18.03914 ], [ -66.48845, 18.03893 ], [ -66.48842, 18.0387 ], [ -66.4884, 18.03843 ], [ -66.48837, 18.03824 ], [ -66.48834, 18.03805 ], [ -66.4883, 18.03789 ], [ -66.48827, 18.03776 ], [ -66.48813, 18.03749 ], [ -66.48802, 18.03726 ], [ -66.48788, 18.03701 ], [ -66.48776, 18.03679 ], [ -66.48766, 18.03665 ], [ -66.48754, 18.03645 ], [ -66.48746, 18.03625 ], [ -66.48742, 18.03611 ], [ -66.48735, 18.03595 ], [ -66.4873, 18.03582 ], [ -66.48726, 18.03568 ], [ -66.48724, 18.0356 ], [ -66.48715, 18.03552 ], [ -66.48706, 18.03548 ], [ -66.48693, 18.03549 ], [ -66.4868, 18.03561 ], [ -66.48671, 18.03575 ], [ -66.48663, 18.03589 ], [ -66.48657, 18.03598 ], [ -66.48651, 18.03602 ], [ -66.48644, 18.03603 ], [ -66.48637, 18.03603 ], [ -66.48628, 18.036 ], [ -66.48622, 18.03593 ] ] } },
{ "type": "Feature", "properties": { "fcode": 33600, "label": "Canal or ditch", "name": "Canal Principal De Riego Valle De Lajas", "source": "NHDPlus HR non network flowline", "length_mi": 0.33, "directed": false, "direction": "unknown" }, "geometry": { "type": "LineString", "coordinates": [ [ -67.09328, 18.03498 ], [ -67.09335, 18.03505 ], [ -67.09344, 18.03512 ], [ -67.09353, 18.03517 ], [ -67.09365, 18.03522 ], [ -67.09376, 18.03524 ], [ -67.09385, 18.03522 ], [ -67.09396, 18.0352 ], [ -67.09426, 18.03513 ], [ -67.09466, 18.03505 ], [ -67.09509, 18.03495 ], [ -67.0955, 18.03486 ], [ -67.09574, 18.03482 ], [ -67.09586, 18.03483 ], [ -67.09597, 18.03486 ], [ -67.09604, 18.03491 ], [ -67.09612, 18.03494 ], [ -67.0962, 18.03497 ], [ -67.09634, 18.035 ], [ -67.09642, 18.03499 ], [ -67.09663, 18.03493 ], [ -67.09696, 18.03482 ], [ -67.09758, 18.03461 ], [ -67.098, 18.03446 ] ] } },
{ "type": "Feature", "properties": { "fcode": 33600, "label": "Canal or ditch", "name": null, "source": "NHDPlus HR non network flowline", "length_mi": 0.11, "directed": false, "direction": "unknown" }, "geometry": { "type": "LineString", "coordinates": [ [ -66.59444, 17.97657 ], [ -66.59608, 17.97642 ] ] } },
{ "type": "Feature", "properties": { "fcode": 33600, "label": "Canal or ditch", "name": "Canal Principal De Riego Valle De Lajas", "source": "NHDPlus HR non network flowline", "length_mi": 0.15, "directed": false, "direction": "unknown" }, "geometry": { "type": "LineString", "coordinates": [ [ -67.11676, 18.03504 ], [ -67.11684, 18.03502 ], [ -67.11697, 18.03502 ], [ -67.11702, 18.03501 ], [ -67.11706, 18.03501 ], [ -67.11711, 18.035 ], [ -67.11718, 18.03497 ], [ -67.11725, 18.0349 ], [ -67.11728, 18.03482 ], [ -67.11729, 18.03476 ], [ -67.11728, 18.03468 ], [ -67.11723, 18.03453 ], [ -67.11721, 18.03444 ], [ -67.11719, 18.03434 ], [ -67.1172, 18.03422 ], [ -67.11723, 18.03411 ], [ -67.11726, 18.03401 ], [ -67.11729, 18.03395 ], [ -67.11734, 18.0339 ], [ -67.1174, 18.03388 ], [ -67.11746, 18.03388 ], [ -67.11751, 18.03389 ], [ -67.11758, 18.03391 ], [ -67.11762, 18.03395 ], [ -67.11766, 18.03401 ], [ -67.11769, 18.03406 ], [ -67.11773, 18.03409 ], [ -67.11777, 18.03409 ], [ -67.11784, 18.03407 ] ] } },
{ "type": "Feature", "properties": { "fcode": 33600, "label": "Canal or ditch", "name": null, "source": "NHDPlus HR non network flowline", "length_mi": 0.16, "directed": false, "direction": "unknown" }, "geometry": { "type": "LineString", "coordinates": [ [ -66.72048, 17.99211 ], [ -66.71874, 17.99179 ], [ -66.71889, 17.99122 ] ] } },
{ "type": "Feature", "properties": { "fcode": 33600, "label": "Canal or ditch", "name": null, "source": "NHDPlus HR non network flowline", "length_mi": 0.02, "directed": false, "direction": "unknown" }, "geometry": { "type": "LineString", "coordinates": [ [ -66.41282, 18.00624 ], [ -66.41282, 18.00625 ], [ -66.4128, 18.00636 ], [ -66.41279, 18.00652 ] ] } },
{ "type": "Feature", "properties": { "fcode": 33600, "label": "Canal or ditch", "name": null, "source": "NHDPlus HR non network flowline", "length_mi": 0.88, "directed": false, "direction": "unknown" }, "geometry": { "type": "LineString", "coordinates": [ [ -67.00404, 18.01334 ], [ -67.00292, 18.01313 ], [ -67.00203, 18.01301 ], [ -67.00085, 18.0128 ], [ -66.99962, 18.01259 ], [ -66.99445, 18.01167 ], [ -66.99088, 18.01113 ] ] } },
{ "type": "Feature", "properties": { "fcode": 33600, "label": "Canal or ditch", "name": null, "source": "NHDPlus HR non network flowline", "length_mi": 0.53, "directed": false, "direction": "unknown" }, "geometry": { "type": "LineString", "coordinates": [ [ -66.60332, 17.99307 ], [ -66.6034, 17.99 ], [ -66.60354, 17.98776 ], [ -66.60357, 17.98605 ], [ -66.60358, 17.98541 ] ] } },
{ "type": "Feature", "properties": { "fcode": 33600, "label": "Canal or ditch", "name": null, "source": "NHDPlus HR non network flowline", "length_mi": 0.07, "directed": false, "direction": "unknown" }, "geometry": { "type": "LineString", "coordinates": [ [ -66.59212, 17.97774 ], [ -66.59316, 17.97756 ] ] } },
{ "type": "Feature", "properties": { "fcode": 33600, "label": "Canal or ditch", "name": null, "source": "NHDPlus HR non network flowline", "length_mi": 0.02, "directed": false, "direction": "unknown" }, "geometry": { "type": "LineString", "coordinates": [ [ -66.57036, 17.97096 ], [ -66.57034, 17.97064 ] ] } },
{ "type": "Feature", "properties": { "fcode": 33600, "label": "Canal or ditch", "name": null, "source": "NHDPlus HR non network flowline", "length_mi": 0.14, "directed": false, "direction": "unknown" }, "geometry": { "type": "LineString", "coordinates": [ [ -66.61242, 17.9826 ], [ -66.6121, 17.98287 ], [ -66.61049, 17.98319 ] ] } },
{ "type": "Feature", "properties": { "fcode": 33600, "label": "Canal or ditch", "name": null, "source": "NHDPlus HR non network flowline", "length_mi": 0.48, "directed": false, "direction": "unknown" }, "geometry": { "type": "LineString", "coordinates": [ [ -67.03359, 18.00696 ], [ -67.03276, 18.01006 ], [ -67.03207, 18.01276 ], [ -67.03179, 18.01379 ] ] } },
{ "type": "Feature", "properties": { "fcode": 33600, "label": "Canal or ditch", "name": null, "source": "NHDPlus HR non network flowline", "length_mi": 0.37, "directed": false, "direction": "unknown" }, "geometry": { "type": "LineString", "coordinates": [ [ -66.57384, 17.98577 ], [ -66.57386, 17.98622 ], [ -66.57389, 17.98683 ], [ -66.57398, 17.98896 ], [ -66.572, 17.99001 ] ] } },
{ "type": "Feature", "properties": { "fcode": 33600, "label": "Canal or ditch", "name": null, "source": "NHDPlus HR non network flowline", "length_mi": 0.09, "directed": false, "direction": "unknown" }, "geometry": { "type": "LineString", "coordinates": [ [ -66.58842, 17.98328 ], [ -66.58702, 17.98341 ] ] } },
{ "type": "Feature", "properties": { "fcode": 33600, "label": "Canal or ditch", "name": null, "source": "NHDPlus HR non network flowline", "length_mi": 0.06, "directed": false, "direction": "unknown" }, "geometry": { "type": "LineString", "coordinates": [ [ -66.94631, 18.01273 ], [ -66.94726, 18.01271 ] ] } },
{ "type": "Feature", "properties": { "fcode": 33600, "label": "Canal or ditch", "name": null, "source": "NHDPlus HR non network flowline", "length_mi": 0.06, "directed": false, "direction": "unknown" }, "geometry": { "type": "LineString", "coordinates": [ [ -66.96394, 18.02942 ], [ -66.96447, 18.02936 ], [ -66.96455, 18.02894 ] ] } },
{ "type": "Feature", "properties": { "fcode": 33600, "label": "Canal or ditch", "name": null, "source": "NHDPlus HR non network flowline", "length_mi": 0.01, "directed": false, "direction": "unknown" }, "geometry": { "type": "LineString", "coordinates": [ [ -66.58173, 17.98628 ], [ -66.58172, 17.98609 ] ] } },
{ "type": "Feature", "properties": { "fcode": 33600, "label": "Canal or ditch", "name": null, "source": "NHDPlus HR non network flowline", "length_mi": 1.1, "directed": true, "direction": "inferred" }, "geometry": { "type": "LineString", "coordinates": [ [ -67.01156, 18.02492 ], [ -67.01158, 18.0248 ], [ -67.01169, 18.02466 ], [ -67.0121, 18.02303 ], [ -67.01298, 18.01964 ], [ -67.01305, 18.01905 ], [ -67.01293, 18.01874 ], [ -67.0124, 18.01838 ], [ -67.01185, 18.01826 ], [ -67.01092, 18.018 ], [ -67.0102, 18.01785 ], [ -67.00975, 18.01775 ], [ -67.00638, 18.01724 ], [ -67.00342, 18.01678 ], [ -67.00318, 18.01672 ] ] } },
{ "type": "Feature", "properties": { "fcode": 33600, "label": "Canal or ditch", "name": null, "source": "NHDPlus HR non network flowline", "length_mi": 0.04, "directed": false, "direction": "unknown" }, "geometry": { "type": "LineString", "coordinates": [ [ -66.72456, 17.99274 ], [ -66.72486, 17.9923 ] ] } },
{ "type": "Feature", "properties": { "fcode": 33600, "label": "Canal or ditch", "name": null, "source": "NHDPlus HR non network flowline", "length_mi": 0.03, "directed": false, "direction": "unknown" }, "geometry": { "type": "LineString", "coordinates": [ [ -66.54868, 18.03921 ], [ -66.5485, 18.03921 ], [ -66.54846, 18.03914 ], [ -66.54841, 18.03902 ] ] } },
{ "type": "Feature", "properties": { "fcode": 33600, "label": "Canal or ditch", "name": "Canal Principal De Riego Valle De Lajas", "source": "NHDPlus HR non network flowline", "length_mi": 0.32, "directed": true, "direction": "inferred" }, "geometry": { "type": "LineString", "coordinates": [ [ -67.1096, 18.03677 ], [ -67.10976, 18.03676 ], [ -67.10985, 18.03673 ], [ -67.10996, 18.03666 ], [ -67.1102, 18.03648 ], [ -67.11041, 18.03634 ], [ -67.1105, 18.03629 ], [ -67.11062, 18.03628 ], [ -67.11081, 18.03626 ], [ -67.11107, 18.03625 ], [ -67.11134, 18.03623 ], [ -67.11144, 18.03622 ], [ -67.11154, 18.03627 ], [ -67.1118, 18.03639 ], [ -67.11207, 18.03652 ], [ -67.11236, 18.03664 ], [ -67.1125, 18.03667 ], [ -67.11274, 18.03668 ], [ -67.11298, 18.03668 ], [ -67.11319, 18.03667 ], [ -67.11332, 18.0366 ], [ -67.11351, 18.03642 ], [ -67.11367, 18.03631 ], [ -67.11397, 18.03614 ] ] } },
{ "type": "Feature", "properties": { "fcode": 33600, "label": "Canal or ditch", "name": null, "source": "NHDPlus HR non network flowline", "length_mi": 0.23, "directed": false, "direction": "unknown" }, "geometry": { "type": "LineString", "coordinates": [ [ -66.60827, 17.98959 ], [ -66.60869, 17.98772 ], [ -66.60885, 17.98702 ], [ -66.60897, 17.98648 ], [ -66.609, 17.98625 ] ] } },
{ "type": "Feature", "properties": { "fcode": 33600, "label": "Canal or ditch", "name": null, "source": "NHDPlus HR non network flowline", "length_mi": 0.19, "directed": false, "direction": "unknown" }, "geometry": { "type": "LineString", "coordinates": [ [ -67.15803, 18.16762 ], [ -67.15675, 18.17015 ] ] } },
{ "type": "Feature", "properties": { "fcode": 33600, "label": "Canal or ditch", "name": null, "source": "NHDPlus HR non network flowline", "length_mi": 0.17, "directed": false, "direction": "unknown" }, "geometry": { "type": "LineString", "coordinates": [ [ -66.80911, 17.97837 ], [ -66.80877, 17.97778 ], [ -66.80786, 17.97624 ] ] } },
{ "type": "Feature", "properties": { "fcode": 33600, "label": "Canal or ditch", "name": null, "source": "NHDPlus HR non network flowline", "length_mi": 0.42, "directed": true, "direction": "inferred" }, "geometry": { "type": "LineString", "coordinates": [ [ -66.51929, 17.98775 ], [ -66.51849, 17.98804 ], [ -66.51835, 17.98798 ], [ -66.51821, 17.98782 ], [ -66.51809, 17.98769 ], [ -66.51792, 17.98749 ], [ -66.51781, 17.98729 ], [ -66.51777, 17.98713 ], [ -66.51778, 17.98695 ], [ -66.51769, 17.98671 ], [ -66.5176, 17.98646 ], [ -66.51755, 17.98617 ], [ -66.51756, 17.98583 ], [ -66.51762, 17.98549 ], [ -66.51758, 17.98518 ], [ -66.51747, 17.98485 ], [ -66.5173, 17.98446 ], [ -66.51708, 17.98418 ], [ -66.51686, 17.98392 ], [ -66.51662, 17.98367 ], [ -66.51651, 17.98358 ], [ -66.5164, 17.98346 ] ] } },
{ "type": "Feature", "properties": { "fcode": 33600, "label": "Canal or ditch", "name": null, "source": "NHDPlus HR non network flowline", "length_mi": 0.1, "directed": false, "direction": "unknown" }, "geometry": { "type": "LineString", "coordinates": [ [ -66.72918, 17.99275 ], [ -66.72916, 17.99282 ], [ -66.72858, 17.99406 ], [ -66.72857, 17.99408 ] ] } },
{ "type": "Feature", "properties": { "fcode": 33600, "label": "Canal or ditch", "name": null, "source": "NHDPlus HR non network flowline", "length_mi": 0.2, "directed": false, "direction": "unknown" }, "geometry": { "type": "LineString", "coordinates": [ [ -66.58562, 17.98249 ], [ -66.58555, 17.9823 ], [ -66.5855, 17.98213 ], [ -66.58548, 17.98205 ], [ -66.58548, 17.98108 ], [ -66.58547, 17.97993 ], [ -66.58546, 17.97973 ], [ -66.58542, 17.97959 ], [ -66.58541, 17.97957 ] ] } },
{ "type": "Feature", "properties": { "fcode": 33600, "label": "Canal or ditch", "name": null, "source": "NHDPlus HR non network flowline", "length_mi": 0.16, "directed": false, "direction": "unknown" }, "geometry": { "type": "LineString", "coordinates": [ [ -66.58419, 17.97134 ], [ -66.58401, 17.97144 ], [ -66.5833, 17.97182 ], [ -66.58212, 17.97244 ] ] } },
{ "type": "Feature", "properties": { "fcode": 33600, "label": "Canal or ditch", "name": null, "source": "NHDPlus HR non network flowline", "length_mi": 0.14, "directed": false, "direction": "unknown" }, "geometry": { "type": "LineString", "coordinates": [ [ -66.58848, 17.9855 ], [ -66.58636, 17.98576 ] ] } },
{ "type": "Feature", "properties": { "fcode": 33600, "label": "Canal or ditch", "name": null, "source": "NHDPlus HR non network flowline", "length_mi": 0.11, "directed": false, "direction": "unknown" }, "geometry": { "type": "LineString", "coordinates": [ [ -66.61242, 17.9826 ], [ -66.61227, 17.98103 ] ] } },
{ "type": "Feature", "properties": { "fcode": 33600, "label": "Canal or ditch", "name": null, "source": "NHDPlus HR non network flowline", "length_mi": 0.18, "directed": false, "direction": "unknown" }, "geometry": { "type": "LineString", "coordinates": [ [ -66.43486, 17.97229 ], [ -66.43752, 17.97199 ] ] } },
{ "type": "Feature", "properties": { "fcode": 33600, "label": "Canal or ditch", "name": null, "source": "NHDPlus HR non network flowline", "length_mi": 0.38, "directed": false, "direction": "unknown" }, "geometry": { "type": "LineString", "coordinates": [ [ -66.56115, 17.97554 ], [ -66.56052, 17.97384 ], [ -66.56036, 17.97346 ], [ -66.56015, 17.97296 ], [ -66.55961, 17.97159 ], [ -66.55931, 17.97074 ], [ -66.55914, 17.97036 ] ] } },
{ "type": "Feature", "properties": { "fcode": 33600, "label": "Canal or ditch", "name": null, "source": "NHDPlus HR non network flowline", "length_mi": 0.22, "directed": false, "direction": "unknown" }, "geometry": { "type": "LineString", "coordinates": [ [ -66.45849, 18.00626 ], [ -66.45858, 18.00591 ], [ -66.45867, 18.00538 ], [ -66.45877, 18.00495 ], [ -66.45886, 18.00457 ], [ -66.45894, 18.00411 ], [ -66.45902, 18.00369 ], [ -66.45908, 18.00335 ], [ -66.45911, 18.00319 ], [ -66.45911, 18.00314 ], [ -66.4591, 18.00312 ], [ -66.45907, 18.00311 ] ] } },
{ "type": "Feature", "properties": { "fcode": 33600, "label": "Canal or ditch", "name": null, "source": "NHDPlus HR non network flowline", "length_mi": 0.05, "directed": false, "direction": "unknown" }, "geometry": { "type": "LineString", "coordinates": [ [ -66.58823, 17.97872 ], [ -66.58827, 17.97872 ], [ -66.58899, 17.9785 ] ] } },
{ "type": "Feature", "properties": { "fcode": 33600, "label": "Canal or ditch", "name": null, "source": "NHDPlus HR non network flowline", "length_mi": 0.25, "directed": false, "direction": "unknown" }, "geometry": { "type": "LineString", "coordinates": [ [ -66.47886, 17.99577 ], [ -66.47869, 17.99803 ], [ -66.47867, 17.99834 ], [ -66.47862, 17.99886 ], [ -66.47857, 17.99938 ] ] } },
{ "type": "Feature", "properties": { "fcode": 33600, "label": "Canal or ditch", "name": null, "source": "NHDPlus HR non network flowline", "length_mi": 0.12, "directed": false, "direction": "unknown" }, "geometry": { "type": "LineString", "coordinates": [ [ -66.57018, 18.00336 ], [ -66.56961, 18.0033 ], [ -66.56886, 18.00321 ], [ -66.5686, 18.00316 ], [ -66.56853, 18.00314 ], [ -66.5685, 18.00313 ], [ -66.56847, 18.00311 ], [ -66.56845, 18.00306 ] ] } },
{ "type": "Feature", "properties": { "fcode": 33600, "label": "Canal or ditch", "name": null, "source": "NHDPlus HR non network flowline", "length_mi": 0.17, "directed": false, "direction": "unknown" }, "geometry": { "type": "LineString", "coordinates": [ [ -66.72241, 17.99194 ], [ -66.72242, 17.99248 ], [ -66.72049, 17.99211 ], [ -66.72048, 17.99211 ] ] } },
{ "type": "Feature", "properties": { "fcode": 33600, "label": "Canal or ditch", "name": null, "source": "NHDPlus HR non network flowline", "length_mi": 0.24, "directed": false, "direction": "unknown" }, "geometry": { "type": "LineString", "coordinates": [ [ -66.5516, 17.98211 ], [ -66.54987, 17.98179 ], [ -66.54799, 17.98147 ] ] } },
{ "type": "Feature", "properties": { "fcode": 33600, "label": "Canal or ditch", "name": null, "source": "NHDPlus HR non network flowline", "length_mi": 0.99, "directed": true, "direction": "inferred" }, "geometry": { "type": "LineString", "coordinates": [ [ -66.54282, 18.02443 ], [ -66.54277, 18.02441 ], [ -66.54268, 18.0244 ], [ -66.54257, 18.02438 ], [ -66.54238, 18.02437 ], [ -66.54227, 18.02435 ], [ -66.54212, 18.02415 ], [ -66.54215, 18.02391 ], [ -66.54216, 18.02349 ], [ -66.54227, 18.02282 ], [ -66.54236, 18.02231 ], [ -66.54251, 18.02149 ], [ -66.54271, 18.01984 ], [ -66.54289, 18.01864 ], [ -66.5431, 18.01597 ], [ -66.54321, 18.01508 ], [ -66.54313, 18.01497 ], [ -66.54309, 18.01495 ], [ -66.543, 18.01491 ], [ -66.54291, 18.01487 ], [ -66.54283, 18.0148 ], [ -66.54281, 18.0147 ], [ -66.54281, 18.01456 ], [ -66.54286, 18.01429 ], [ -66.54304, 18.01324 ], [ -66.54297, 18.01292 ], [ -66.54316, 18.01172 ], [ -66.54306, 18.01146 ], [ -66.54291, 18.01088 ] ] } },
{ "type": "Feature", "properties": { "fcode": 33600, "label": "Canal or ditch", "name": null, "source": "NHDPlus HR non network flowline", "length_mi": 0.3, "directed": false, "direction": "unknown" }, "geometry": { "type": "LineString", "coordinates": [ [ -66.56636, 17.98444 ], [ -66.5662, 17.98212 ], [ -66.56608, 17.98092 ], [ -66.56604, 17.98008 ] ] } },
{ "type": "Feature", "properties": { "fcode": 33600, "label": "Canal or ditch", "name": null, "source": "NHDPlus HR non network flowline", "length_mi": 0.2, "directed": false, "direction": "unknown" }, "geometry": { "type": "LineString", "coordinates": [ [ -66.59379, 17.97466 ], [ -66.59368, 17.97381 ], [ -66.59556, 17.9734 ], [ -66.59566, 17.9733 ], [ -66.59567, 17.97329 ] ] } },
{ "type": "Feature", "properties": { "fcode": 33600, "label": "Canal or ditch", "name": null, "source": "NHDPlus HR non network flowline", "length_mi": 2.43, "directed": true, "direction": "inferred" }, "geometry": { "type": "LineString", "coordinates": [ [ -66.48, 18.02947 ], [ -66.47999, 18.02945 ], [ -66.47999, 18.02935 ], [ -66.48001, 18.02932 ], [ -66.48005, 18.02929 ], [ -66.48013, 18.02926 ], [ -66.48028, 18.02924 ], [ -66.4804, 18.0292 ], [ -66.48054, 18.02914 ], [ -66.4806, 18.02908 ], [ -66.48068, 18.02901 ], [ -66.48071, 18.02894 ], [ -66.48073, 18.02884 ], [ -66.48074, 18.02877 ], [ -66.48071, 18.02859 ], [ -66.48069, 18.02853 ], [ -66.4807, 18.02849 ], [ -66.48072, 18.02842 ], [ -66.48077, 18.02838 ], [ -66.48082, 18.02829 ], [ -66.48084, 18.0282 ], [ -66.48084, 18.02811 ], [ -66.48079, 18.02796 ], [ -66.48067, 18.02785 ], [ -66.48057, 18.02775 ], [ -66.48047, 18.02764 ], [ -66.48042, 18.02757 ], [ -66.48039, 18.02748 ], [ -66.48039, 18.02744 ], [ -66.48041, 18.0274 ], [ -66.48048, 18.02726 ], [ -66.4806, 18.0271 ], [ -66.48067, 18.027 ], [ -66.48073, 18.02691 ], [ -66.48076, 18.02682 ], [ -66.48074, 18.02673 ], [ -66.48068, 18.02661 ], [ -66.48062, 18.02651 ], [ -66.4806, 18.02648 ], [ -66.48059, 18.02645 ], [ -66.48058, 18.02635 ], [ -66.4806, 18.02628 ], [ -66.48064, 18.02619 ], [ -66.4807, 18.02609 ], [ -66.48073, 18.02604 ], [ -66.48075, 18.026 ], [ -66.48074, 18.02594 ], [ -66.48067, 18.02583 ], [ -66.48061, 18.02572 ], [ -66.48061, 18.02565 ], [ -66.48063, 18.02554 ], [ -66.48064, 18.02547 ], [ -66.48065, 18.02535 ], [ -66.4806, 18.02521 ], [ -66.4805, 18.02507 ], [ -66.48041, 18.02499 ], [ -66.4803, 18.02489 ], [ -66.48017, 18.02483 ], [ -66.48005, 18.02481 ], [ -66.47992, 18.0248 ], [ -66.47979, 18.02482 ], [ -66.47969, 18.02487 ], [ -66.47962, 18.02499 ], [ -66.47957, 18.02517 ], [ -66.47953, 18.02532 ], [ -66.4795, 18.02546 ], [ -66.47948, 18.02561 ], [ -66.47945, 18.02579 ], [ -66.47942, 18.02597 ], [ -66.47939, 18.02611 ], [ -66.47935, 18.0262 ], [ -66.4793, 18.02627 ], [ -66.47921, 18.02632 ], [ -66.47914, 18.02633 ], [ -66.47912, 18.02628 ], [ -66.47915, 18.02612 ], [ -66.47916, 18.02603 ], [ -66.47916, 18.02595 ], [ -66.47913, 18.02586 ], [ -66.47909, 18.02581 ], [ -66.479, 18.02571 ], [ -66.47894, 18.02565 ], [ -66.47886, 18.0256 ], [ -66.47883, 18.02555 ], [ -66.47881, 18.02551 ], [ -66.47881, 18.02548 ], [ -66.47885, 18.02542 ], [ -66.47894, 18.02532 ], [ -66.47901, 18.02522 ], [ -66.47905, 18.02513 ], [ -66.47907, 18.02503 ], [ -66.47907, 18.02495 ], [ -66.47904, 18.02485 ], [ -66.47896, 18.02471 ], [ -66.47888, 18.02457 ], [ -66.47877, 18.02445 ], [ -66.47868, 18.02438 ], [ -66.47859, 18.02432 ], [ -66.4785, 18.02428 ], [ -66.47842, 18.02426 ], [ -66.47831, 18.02428 ], [ -66.47818, 18.02431 ], [ -66.47804, 18.02432 ], [ -66.47795, 18.02438 ], [ -66.47789, 18.02441 ], [ -66.47785, 18.02441 ], [ -66.4778, 18.02441 ], [ -66.47777, 18.02435 ], [ -66.47778, 18.02427 ], [ -66.47783, 18.02412 ], [ -66.47788, 18.02392 ], [ -66.4779, 18.0238 ], [ -66.47788, 18.0237 ], [ -66.47781, 18.02359 ], [ -66.47767, 18.02347 ], [ -66.47753, 18.02338 ], [ -66.47736, 18.02327 ], [ -66.47718, 18.02315 ], [ -66.47706, 18.02302 ], [ -66.47691, 18.02291 ], [ -66.4768, 18.02286 ], [ -66.4767, 18.02284 ], [ -66.47658, 18.0229 ], [ -66.47641, 18.02304 ], [ -66.4763, 18.02317 ], [ -66.47624, 18.02322 ], [ -66.47608, 18.02328 ], [ -66.47587, 18.02336 ], [ -66.47576, 18.02342 ], [ -66.47557, 18.02349 ], [ -66.47544, 18.02355 ], [ -66.47534, 18.02357 ], [ -66.47525, 18.02355 ], [ -66.47518, 18.02349 ], [ -66.4751, 18.02329 ], [ -66.47502, 18.02311 ], [ -66.47496, 18.02298 ], [ -66.47488, 18.02278 ], [ -66.47483, 18.02256 ], [ -66.47475, 18.02236 ], [ -66.47473, 18.02223 ], [ -66.47468, 18.02212 ], [ -66.47466, 18.02202 ], [ -66.47463, 18.02188 ], [ -66.47459, 18.02177 ], [ -66.47453, 18.02165 ], [ -66.47448, 18.02155 ], [ -66.47443, 18.02151 ], [ -66.47436, 18.02149 ], [ -66.4743, 18.0215 ], [ -66.47422, 18.02155 ], [ -66.47413, 18.02162 ], [ -66.47405, 18.02177 ], [ -66.47398, 18.02193 ], [ -66.47393, 18.0221 ], [ -66.47393, 18.02223 ], [ -66.47396, 18.02238 ], [ -66.47402, 18.02254 ], [ -66.47408, 18.02268 ], [ -66.47411, 18.02276 ], [ -66.47408, 18.02284 ], [ -66.47404, 18.02289 ], [ -66.47394, 18.02292 ], [ -66.47384, 18.02292 ], [ -66.47375, 18.02292 ], [ -66.47359, 18.02288 ], [ -66.47347, 18.02283 ], [ -66.47335, 18.02278 ], [ -66.47329, 18.02274 ], [ -66.47323, 18.02264 ], [ -66.47316, 18.02254 ], [ -66.47306, 18.02246 ], [ -66.47296, 18.02239 ], [ -66.47287, 18.02239 ], [ -66.47275, 18.02238 ], [ -66.47262, 18.02239 ], [ -66.47243, 18.02244 ], [ -66.47225, 18.02249 ], [ -66.47211, 18.02253 ], [ -66.472, 18.02256 ], [ -66.47192, 18.0226 ], [ -66.47188, 18.02262 ], [ -66.47187, 18.0227 ], [ -66.47189, 18.02285 ], [ -66.47191, 18.02299 ], [ -66.47192, 18.02309 ], [ -66.47192, 18.02317 ], [ -66.4719, 18.02321 ], [ -66.47184, 18.02323 ], [ -66.47173, 18.02325 ], [ -66.47164, 18.02325 ], [ -66.47148, 18.02322 ], [ -66.47131, 18.02323 ], [ -66.47115, 18.02327 ], [ -66.47107, 18.02331 ], [ -66.47098, 18.02339 ], [ -66.47088, 18.02358 ], [ -66.47078, 18.02375 ], [ -66.47065, 18.02396 ], [ -66.47059, 18.0241 ], [ -66.47054, 18.02423 ], [ -66.47055, 18.02435 ], [ -66.47061, 18.02456 ], [ -66.47068, 18.02478 ], [ -66.47078, 18.02499 ], [ -66.47087, 18.02518 ], [ -66.47096, 18.02538 ], [ -66.47103, 18.0255 ], [ -66.4711, 18.0256 ], [ -66.47118, 18.02568 ], [ -66.47125, 18.02574 ], [ -66.47133, 18.02581 ], [ -66.47139, 18.02589 ], [ -66.47143, 18.02597 ], [ -66.47145, 18.02606 ], [ -66.47145, 18.0261 ], [ -66.47143, 18.02615 ], [ -66.47135, 18.0262 ], [ -66.47124, 18.02621 ], [ -66.47117, 18.02619 ], [ -66.47108, 18.02617 ], [ -66.47092, 18.02611 ], [ -66.4707, 18.02605 ], [ -66.4705, 18.02602 ], [ -66.47032, 18.02601 ], [ -66.47013, 18.02597 ], [ -66.47002, 18.02593 ], [ -66.46989, 18.02589 ], [ -66.46975, 18.02582 ], [ -66.46955, 18.02578 ], [ -66.46939, 18.02575 ], [ -66.46923, 18.02575 ], [ -66.46909, 18.02576 ], [ -66.46895, 18.02581 ], [ -66.46874, 18.02591 ], [ -66.4686, 18.02601 ], [ -66.46847, 18.02614 ], [ -66.46837, 18.02628 ], [ -66.46832, 18.02641 ], [ -66.4683, 18.02656 ], [ -66.46827, 18.0267 ], [ -66.46827, 18.0269 ], [ -66.46828, 18.02711 ], [ -66.46831, 18.02735 ], [ -66.46833, 18.02751 ], [ -66.46836, 18.02767 ], [ -66.46836, 18.02775 ], [ -66.46836, 18.02781 ], [ -66.46828, 18.02792 ], [ -66.4682, 18.02802 ], [ -66.46812, 18.02813 ], [ -66.46806, 18.02827 ], [ -66.46796, 18.02851 ], [ -66.46792, 18.02868 ], [ -66.46789, 18.02883 ], [ -66.46788, 18.02896 ], [ -66.46789, 18.02912 ], [ -66.46794, 18.02928 ], [ -66.468, 18.0294 ], [ -66.46808, 18.02953 ], [ -66.46816, 18.02967 ], [ -66.46821, 18.0298 ], [ -66.46823, 18.02994 ], [ -66.46822, 18.0301 ], [ -66.46821, 18.03029 ], [ -66.46821, 18.03042 ], [ -66.46822, 18.03054 ], [ -66.46823, 18.03071 ], [ -66.46824, 18.03088 ], [ -66.46827, 18.03099 ], [ -66.46829, 18.03116 ], [ -66.46831, 18.03137 ], [ -66.46832, 18.03153 ], [ -66.46834, 18.03168 ], [ -66.46835, 18.03181 ], [ -66.46834, 18.03189 ], [ -66.46833, 18.03197 ], [ -66.46827, 18.03207 ], [ -66.46816, 18.03217 ], [ -66.46808, 18.03224 ], [ -66.46796, 18.03231 ], [ -66.46786, 18.03236 ], [ -66.46785, 18.03236 ] ] } },
{ "type": "Feature", "properties": { "fcode": 33600, "label": "Canal or ditch", "name": null, "source": "NHDPlus HR non network flowline", "length_mi": 1.87, "directed": true, "direction": "inferred" }, "geometry": { "type": "LineString", "coordinates": [ [ -66.42603, 18.01115 ], [ -66.42517, 18.01065 ], [ -66.42429, 18.01018 ], [ -66.42277, 18.00931 ], [ -66.42172, 18.00875 ], [ -66.41977, 18.00765 ], [ -66.41879, 18.00711 ], [ -66.41909, 18.00656 ], [ -66.41962, 18.00561 ], [ -66.42018, 18.00463 ], [ -66.4206, 18.00386 ], [ -66.42078, 18.00356 ], [ -66.42103, 18.00308 ], [ -66.42143, 18.00234 ], [ -66.42155, 18.00215 ], [ -66.42128, 18.00201 ], [ -66.42066, 18.00172 ], [ -66.41999, 18.0014 ], [ -66.41926, 18.00101 ], [ -66.41866, 18.00077 ], [ -66.41828, 18.0006 ], [ -66.41793, 18.00041 ], [ -66.41734, 18.0001 ], [ -66.41688, 17.99987 ], [ -66.4163, 17.99955 ], [ -66.41582, 17.99927 ], [ -66.41556, 17.99913 ], [ -66.41533, 17.99899 ], [ -66.41534, 17.99844 ], [ -66.41533, 17.99803 ], [ -66.41528, 17.99726 ], [ -66.41532, 17.99684 ], [ -66.41541, 17.99511 ], [ -66.41561, 17.99225 ] ] } },
{ "type": "Feature", "properties": { "fcode": 33600, "label": "Canal or ditch", "name": null, "source": "NHDPlus HR non network flowline", "length_mi": 0.17, "directed": false, "direction": "unknown" }, "geometry": { "type": "LineString", "coordinates": [ [ -66.48387, 17.99728 ], [ -66.48386, 17.99725 ], [ -66.48365, 17.99609 ], [ -66.48239, 17.996 ] ] } },
{ "type": "Feature", "properties": { "fcode": 33600, "label": "Canal or ditch", "name": null, "source": "NHDPlus HR non network flowline", "length_mi": 0.04, "directed": false, "direction": "unknown" }, "geometry": { "type": "LineString", "coordinates": [ [ -66.55536, 17.97939 ], [ -66.55545, 17.97926 ], [ -66.55557, 17.9791 ], [ -66.55565, 17.97905 ], [ -66.55573, 17.97903 ] ] } },
{ "type": "Feature", "properties": { "fcode": 33600, "label": "Canal or ditch", "name": null, "source": "NHDPlus HR non network flowline", "length_mi": 0.15, "directed": false, "direction": "unknown" }, "geometry": { "type": "LineString", "coordinates": [ [ -66.59461, 17.98513 ], [ -66.59231, 17.98502 ] ] } },
{ "type": "Feature", "properties": { "fcode": 33600, "label": "Canal or ditch", "name": null, "source": "NHDPlus HR non network flowline", "length_mi": 0.21, "directed": false, "direction": "unknown" }, "geometry": { "type": "LineString", "coordinates": [ [ -66.96455, 18.02894 ], [ -66.96488, 18.02703 ], [ -66.96492, 18.0267 ], [ -66.96496, 18.02636 ], [ -66.965, 18.02607 ], [ -66.965, 18.02594 ] ] } },
{ "type": "Feature", "properties": { "fcode": 33600, "label": "Canal or ditch", "name": null, "source": "NHDPlus HR non network flowline", "length_mi": 0.23, "directed": false, "direction": "unknown" }, "geometry": { "type": "LineString", "coordinates": [ [ -67.15675, 18.17015 ], [ -67.15646, 18.1707 ], [ -67.15709, 18.17124 ], [ -67.15708, 18.17157 ], [ -67.15709, 18.17182 ], [ -67.1571, 18.17208 ], [ -67.15711, 18.17225 ], [ -67.157, 18.1725 ], [ -67.15687, 18.17274 ], [ -67.15678, 18.17291 ], [ -67.15671, 18.17308 ] ] } },
{ "type": "Feature", "properties": { "fcode": 33600, "label": "Canal or ditch", "name": null, "source": "NHDPlus HR non network flowline", "length_mi": 0.36, "directed": false, "direction": "unknown" }, "geometry": { "type": "LineString", "coordinates": [ [ -66.94487, 18.02502 ], [ -66.94467, 18.0258 ], [ -66.94346, 18.02547 ], [ -66.94236, 18.02685 ], [ -66.94083, 18.02651 ] ] } },
{ "type": "Feature", "properties": { "fcode": 33600, "label": "Canal or ditch", "name": null, "source": "NHDPlus HR non network flowline", "length_mi": 0.06, "directed": false, "direction": "unknown" }, "geometry": { "type": "LineString", "coordinates": [ [ -66.54875, 17.98962 ], [ -66.54881, 17.98879 ] ] } },
{ "type": "Feature", "properties": { "fcode": 33600, "label": "Canal or ditch", "name": null, "source": "NHDPlus HR non network flowline", "length_mi": 0.05, "directed": false, "direction": "unknown" }, "geometry": { "type": "LineString", "coordinates": [ [ -66.71698, 17.99081 ], [ -66.71686, 17.99081 ], [ -66.71673, 17.99079 ], [ -66.71673, 17.99071 ], [ -66.71675, 17.99043 ], [ -66.71675, 17.99028 ], [ -66.71674, 17.99025 ] ] } },
{ "type": "Feature", "properties": { "fcode": 33600, "label": "Canal or ditch", "name": null, "source": "NHDPlus HR non network flowline", "length_mi": 0.58, "directed": true, "direction": "inferred" }, "geometry": { "type": "LineString", "coordinates": [ [ -67.11983, 18.02938 ], [ -67.11965, 18.02731 ], [ -67.11924, 18.0209 ] ] } },
{ "type": "Feature", "properties": { "fcode": 33600, "label": "Canal or ditch", "name": null, "source": "NHDPlus HR non network flowline", "length_mi": 0.53, "directed": false, "direction": "unknown" }, "geometry": { "type": "LineString", "coordinates": [ [ -66.90962, 17.99466 ], [ -66.91019, 17.9947 ], [ -66.91303, 17.99482 ], [ -66.91368, 17.99483 ], [ -66.91384, 17.99483 ], [ -66.91771, 17.99504 ] ] } },
{ "type": "Feature", "properties": { "fcode": 33600, "label": "Canal or ditch", "name": null, "source": "NHDPlus HR non network flowline", "length_mi": 0.1, "directed": false, "direction": "unknown" }, "geometry": { "type": "LineString", "coordinates": [ [ -66.52422, 18.00357 ], [ -66.52328, 18.00303 ], [ -66.52296, 18.00285 ], [ -66.52288, 18.00281 ] ] } },
{ "type": "Feature", "properties": { "fcode": 33600, "label": "Canal or ditch", "name": null, "source": "NHDPlus HR non network flowline", "length_mi": 0.04, "directed": false, "direction": "unknown" }, "geometry": { "type": "LineString", "coordinates": [ [ -66.54875, 17.98962 ], [ -66.54934, 17.98964 ] ] } },
{ "type": "Feature", "properties": { "fcode": 33600, "label": "Canal or ditch", "name": null, "source": "NHDPlus HR non network flowline", "length_mi": 0.15, "directed": false, "direction": "unknown" }, "geometry": { "type": "LineString", "coordinates": [ [ -66.57165, 17.9808 ], [ -66.57283, 17.98053 ], [ -66.57357, 17.97984 ] ] } },
{ "type": "Feature", "properties": { "fcode": 33600, "label": "Canal or ditch", "name": null, "source": "NHDPlus HR non network flowline", "length_mi": 0.48, "directed": true, "direction": "inferred" }, "geometry": { "type": "LineString", "coordinates": [ [ -66.43487, 17.98453 ], [ -66.43686, 17.9825 ], [ -66.43697, 17.98234 ], [ -66.43709, 17.98227 ], [ -66.43728, 17.98222 ], [ -66.43766, 17.98215 ], [ -66.4393, 17.98194 ], [ -66.43999, 17.98028 ] ] } },
{ "type": "Feature", "properties": { "fcode": 33600, "label": "Canal or ditch", "name": null, "source": "NHDPlus HR non network flowline", "length_mi": 0.09, "directed": false, "direction": "unknown" }, "geometry": { "type": "LineString", "coordinates": [ [ -66.4385, 17.97364 ], [ -66.43789, 17.97244 ] ] } },
{ "type": "Feature", "properties": { "fcode": 33600, "label": "Canal or ditch", "name": null, "source": "NHDPlus HR non network flowline", "length_mi": 0.3, "directed": false, "direction": "unknown" }, "geometry": { "type": "LineString", "coordinates": [ [ -66.58138, 17.98583 ], [ -66.5813, 17.98354 ], [ -66.58119, 17.98153 ] ] } },
{ "type": "Feature", "properties": { "fcode": 33600, "label": "Canal or ditch", "name": null, "source": "NHDPlus HR non network flowline", "length_mi": 0.27, "directed": true, "direction": "inferred" }, "geometry": { "type": "LineString", "coordinates": [ [ -66.5219, 18.16086 ], [ -66.52147, 18.16114 ], [ -66.52105, 18.16143 ], [ -66.52078, 18.1616 ], [ -66.52061, 18.16169 ], [ -66.52039, 18.16175 ], [ -66.51992, 18.16182 ], [ -66.51949, 18.16186 ], [ -66.51891, 18.16193 ], [ -66.51832, 18.16195 ], [ -66.51816, 18.16198 ], [ -66.51806, 18.162 ] ] } },
{ "type": "Feature", "properties": { "fcode": 33600, "label": "Canal or ditch", "name": null, "source": "NHDPlus HR non network flowline", "length_mi": 0.07, "directed": false, "direction": "unknown" }, "geometry": { "type": "LineString", "coordinates": [ [ -66.58842, 17.98328 ], [ -66.58838, 17.9823 ] ] } },
{ "type": "Feature", "properties": { "fcode": 33600, "label": "Canal or ditch", "name": null, "source": "NHDPlus HR non network flowline", "length_mi": 0.32, "directed": false, "direction": "unknown" }, "geometry": { "type": "LineString", "coordinates": [ [ -67.10106, 18.02387 ], [ -67.10202, 18.02379 ], [ -67.1031, 18.02371 ], [ -67.10435, 18.0236 ], [ -67.1053, 18.02353 ], [ -67.10592, 18.02348 ] ] } },
{ "type": "Feature", "properties": { "fcode": 33600, "label": "Canal or ditch", "name": null, "source": "NHDPlus HR non network flowline", "length_mi": 0.08, "directed": false, "direction": "unknown" }, "geometry": { "type": "LineString", "coordinates": [ [ -66.58173, 17.98628 ], [ -66.5815, 17.9863 ], [ -66.58122, 17.9863 ], [ -66.58046, 17.98623 ] ] } },
{ "type": "Feature", "properties": { "fcode": 33600, "label": "Canal or ditch", "name": null, "source": "NHDPlus HR non network flowline", "length_mi": 0.04, "directed": false, "direction": "unknown" }, "geometry": { "type": "LineString", "coordinates": [ [ -66.58425, 17.98536 ], [ -66.58385, 17.9854 ], [ -66.58382, 17.9852 ] ] } },
{ "type": "Feature", "properties": { "fcode": 33600, "label": "Canal or ditch", "name": null, "source": "NHDPlus HR non network flowline", "length_mi": 0.29, "directed": false, "direction": "unknown" }, "geometry": { "type": "LineString", "coordinates": [ [ -66.52168, 17.99129 ], [ -66.52068, 17.9895 ], [ -66.52056, 17.98932 ], [ -66.51978, 17.98843 ], [ -66.51967, 17.98829 ], [ -66.51939, 17.9879 ], [ -66.51929, 17.98775 ] ] } },
{ "type": "Feature", "properties": { "fcode": 33600, "label": "Canal or ditch", "name": null, "source": "NHDPlus HR non network flowline", "length_mi": 0.08, "directed": false, "direction": "unknown" }, "geometry": { "type": "LineString", "coordinates": [ [ -66.61227, 17.98103 ], [ -66.61225, 17.98059 ], [ -66.61227, 17.9802 ], [ -66.61235, 17.97989 ] ] } },
{ "type": "Feature", "properties": { "fcode": 33600, "label": "Canal or ditch", "name": null, "source": "NHDPlus HR non network flowline", "length_mi": 0.36, "directed": false, "direction": "unknown" }, "geometry": { "type": "LineString", "coordinates": [ [ -66.78822, 18.01462 ], [ -66.78797, 18.01265 ], [ -66.78763, 18.00942 ] ] } },
{ "type": "Feature", "properties": { "fcode": 33600, "label": "Canal or ditch", "name": null, "source": "NHDPlus HR non network flowline", "length_mi": 0.78, "directed": true, "direction": "inferred" }, "geometry": { "type": "LineString", "coordinates": [ [ -66.39037, 17.96143 ], [ -66.39044, 17.95833 ], [ -66.39045, 17.95635 ], [ -66.39042, 17.95545 ], [ -66.39038, 17.95445 ], [ -66.39031, 17.95273 ], [ -66.39021, 17.95126 ], [ -66.3901, 17.95006 ] ] } },
{ "type": "Feature", "properties": { "fcode": 33600, "label": "Canal or ditch", "name": null, "source": "NHDPlus HR non network flowline", "length_mi": 0.02, "directed": false, "direction": "unknown" }, "geometry": { "type": "LineString", "coordinates": [ [ -66.58876, 17.96906 ], [ -66.58894, 17.96876 ] ] } },
{ "type": "Feature", "properties": { "fcode": 33600, "label": "Canal or ditch", "name": "Canal Principal De Riego Valle De Lajas", "source": "NHDPlus HR non network flowline", "length_mi": 0.16, "directed": false, "direction": "unknown" }, "geometry": { "type": "LineString", "coordinates": [ [ -67.10621, 18.03752 ], [ -67.10635, 18.03752 ], [ -67.10641, 18.0375 ], [ -67.10648, 18.03747 ], [ -67.10652, 18.03742 ], [ -67.10656, 18.03736 ], [ -67.10668, 18.03718 ], [ -67.10676, 18.03706 ], [ -67.10685, 18.03696 ], [ -67.10691, 18.03693 ], [ -67.10701, 18.03691 ], [ -67.10718, 18.0369 ], [ -67.10739, 18.03691 ], [ -67.10753, 18.0369 ], [ -67.10783, 18.03686 ], [ -67.1081, 18.03682 ], [ -67.10838, 18.03681 ], [ -67.10839, 18.0368 ] ] } },
{ "type": "Feature", "properties": { "fcode": 33600, "label": "Canal or ditch", "name": null, "source": "NHDPlus HR non network flowline", "length_mi": 1.84, "directed": true, "direction": "inferred" }, "geometry": { "type": "LineString", "coordinates": [ [ -67.03179, 18.01379 ], [ -67.02719, 18.01308 ], [ -67.02284, 18.01245 ], [ -67.02015, 18.01203 ], [ -67.01794, 18.01127 ], [ -67.0129, 18.00952 ], [ -67.00608, 18.00476 ] ] } },
{ "type": "Feature", "properties": { "fcode": 33600, "label": "Canal or ditch", "name": null, "source": "NHDPlus HR non network flowline", "length_mi": 0.11, "directed": false, "direction": "unknown" }, "geometry": { "type": "LineString", "coordinates": [ [ -66.56223, 17.98808 ], [ -66.56245, 17.98788 ], [ -66.56261, 17.98779 ], [ -66.56355, 17.98716 ] ] } },
{ "type": "Feature", "properties": { "fcode": 33600, "label": "Canal or ditch", "name": "Canal Principal De Riego Valle De Lajas", "source": "NHDPlus HR non network flowline", "length_mi": 0.05, "directed": true, "direction": "inferred" }, "geometry": { "type": "LineString", "coordinates": [ [ -66.95194, 18.04307 ], [ -66.95196, 18.04312 ], [ -66.95201, 18.04327 ], [ -66.9521, 18.04348 ], [ -66.95216, 18.04364 ], [ -66.95217, 18.04365 ], [ -66.95226, 18.0437 ] ] } },
{ "type": "Feature", "properties": { "fcode": 33600, "label": "Canal or ditch", "name": null, "source": "NHDPlus HR non network flowline", "length_mi": 0.27, "directed": false, "direction": "unknown" }, "geometry": { "type": "LineString", "coordinates": [ [ -66.5891, 17.97337 ], [ -66.58878, 17.97243 ], [ -66.58864, 17.97212 ], [ -66.58796, 17.97063 ], [ -66.58849, 17.96977 ] ] } },
{ "type": "Feature", "properties": { "fcode": 33600, "label": "Canal or ditch", "name": null, "source": "NHDPlus HR non network flowline", "length_mi": 0.18, "directed": false, "direction": "unknown" }, "geometry": { "type": "LineString", "coordinates": [ [ -66.5686, 17.98299 ], [ -66.56876, 17.98201 ], [ -66.56883, 17.98192 ], [ -66.5703, 17.98133 ] ] } },
{ "type": "Feature", "properties": { "fcode": 33600, "label": "Canal or ditch", "name": null, "source": "NHDPlus HR non network flowline", "length_mi": 0.09, "directed": false, "direction": "unknown" }, "geometry": { "type": "LineString", "coordinates": [ [ -66.96021, 18.03627 ], [ -66.96008, 18.0361 ], [ -66.95995, 18.03594 ], [ -66.95979, 18.03571 ], [ -66.95976, 18.03557 ], [ -66.95966, 18.03549 ], [ -66.9595, 18.03539 ], [ -66.95936, 18.03523 ] ] } },
{ "type": "Feature", "properties": { "fcode": 33600, "label": "Canal or ditch", "name": null, "source": "NHDPlus HR non network flowline", "length_mi": 0.06, "directed": false, "direction": "unknown" }, "geometry": { "type": "LineString", "coordinates": [ [ -66.57926, 17.98219 ], [ -66.58016, 17.98208 ] ] } },
{ "type": "Feature", "properties": { "fcode": 33600, "label": "Canal or ditch", "name": null, "source": "NHDPlus HR non network flowline", "length_mi": 0.2, "directed": false, "direction": "unknown" }, "geometry": { "type": "LineString", "coordinates": [ [ -66.60571, 17.97556 ], [ -66.60677, 17.97478 ], [ -66.60841, 17.97425 ] ] } },
{ "type": "Feature", "properties": { "fcode": 33600, "label": "Canal or ditch", "name": null, "source": "NHDPlus HR non network flowline", "length_mi": 0.29, "directed": false, "direction": "unknown" }, "geometry": { "type": "LineString", "coordinates": [ [ -66.55429, 17.98749 ], [ -66.55344, 17.98574 ], [ -66.5524, 17.98376 ] ] } },
{ "type": "Feature", "properties": { "fcode": 33600, "label": "Canal or ditch", "name": null, "source": "NHDPlus HR non network flowline", "length_mi": 0.29, "directed": false, "direction": "unknown" }, "geometry": { "type": "LineString", "coordinates": [ [ -66.55138, 17.97768 ], [ -66.55123, 17.97786 ], [ -66.55113, 17.97795 ], [ -66.55098, 17.97799 ], [ -66.55059, 17.978 ], [ -66.55003, 17.97794 ], [ -66.54957, 17.9779 ], [ -66.54928, 17.97791 ], [ -66.54907, 17.97792 ], [ -66.54883, 17.97791 ], [ -66.54841, 17.97778 ], [ -66.548, 17.97769 ], [ -66.54771, 17.9776 ], [ -66.54751, 17.97755 ], [ -66.5474, 17.97748 ], [ -66.54735, 17.97741 ], [ -66.54732, 17.97735 ] ] } },
{ "type": "Feature", "properties": { "fcode": 33600, "label": "Canal or ditch", "name": null, "source": "NHDPlus HR non network flowline", "length_mi": 0.16, "directed": false, "direction": "unknown" }, "geometry": { "type": "LineString", "coordinates": [ [ -66.5642, 17.98639 ], [ -66.56304, 17.98429 ] ] } },
{ "type": "Feature", "properties": { "fcode": 33600, "label": "Canal or ditch", "name": null, "source": "NHDPlus HR non network flowline", "length_mi": 0.55, "directed": false, "direction": "unknown" }, "geometry": { "type": "LineString", "coordinates": [ [ -66.57844, 17.99405 ], [ -66.57853, 17.99236 ], [ -66.5786, 17.99113 ], [ -66.57864, 17.99058 ], [ -66.57861, 17.99039 ], [ -66.5786, 17.99013 ], [ -66.57851, 17.98796 ], [ -66.57844, 17.98647 ], [ -66.57843, 17.98613 ] ] } },
{ "type": "Feature", "properties": { "fcode": 33600, "label": "Canal or ditch", "name": "Canal Principal De Riego Valle De Lajas", "source": "NHDPlus HR non network flowline", "length_mi": 0.09, "directed": false, "direction": "unknown" }, "geometry": { "type": "LineString", "coordinates": [ [ -67.11866, 18.03391 ], [ -67.11872, 18.0339 ], [ -67.11883, 18.03388 ], [ -67.11897, 18.03385 ], [ -67.1191, 18.03383 ], [ -67.11915, 18.03381 ], [ -67.1192, 18.03378 ], [ -67.11926, 18.03371 ], [ -67.11937, 18.03357 ], [ -67.11965, 18.03322 ], [ -67.11969, 18.03316 ] ] } },
{ "type": "Feature", "properties": { "fcode": 33600, "label": "Canal or ditch", "name": null, "source": "NHDPlus HR non network flowline", "length_mi": 0.39, "directed": false, "direction": "unknown" }, "geometry": { "type": "LineString", "coordinates": [ [ -66.48634, 17.99733 ], [ -66.48411, 17.99214 ], [ -66.484, 17.99216 ] ] } },
{ "type": "Feature", "properties": { "fcode": 33600, "label": "Canal or ditch", "name": null, "source": "NHDPlus HR non network flowline", "length_mi": 0.06, "directed": false, "direction": "unknown" }, "geometry": { "type": "LineString", "coordinates": [ [ -66.72576, 17.99239 ], [ -66.72486, 17.9923 ], [ -66.72486, 17.9923 ] ] } },
{ "type": "Feature", "properties": { "fcode": 33600, "label": "Canal or ditch", "name": null, "source": "NHDPlus HR non network flowline", "length_mi": 2.38, "directed": true, "direction": "inferred" }, "geometry": { "type": "LineString", "coordinates": [ [ -66.46407, 18.02973 ], [ -66.46404, 18.0297 ], [ -66.46403, 18.02958 ], [ -66.464, 18.02942 ], [ -66.46402, 18.02924 ], [ -66.46404, 18.02913 ], [ -66.46407, 18.02898 ], [ -66.46409, 18.02886 ], [ -66.46413, 18.0287 ], [ -66.46413, 18.0286 ], [ -66.46413, 18.02844 ], [ -66.46415, 18.0283 ], [ -66.46412, 18.02818 ], [ -66.46408, 18.02798 ], [ -66.46404, 18.0278 ], [ -66.46401, 18.02766 ], [ -66.46394, 18.02752 ], [ -66.46388, 18.02745 ], [ -66.46381, 18.0274 ], [ -66.46373, 18.02735 ], [ -66.46366, 18.02733 ], [ -66.46353, 18.02735 ], [ -66.46337, 18.02736 ], [ -66.46322, 18.0274 ], [ -66.46306, 18.02747 ], [ -66.46291, 18.0275 ], [ -66.46277, 18.02752 ], [ -66.46263, 18.02752 ], [ -66.46254, 18.02752 ], [ -66.46245, 18.0275 ], [ -66.46238, 18.02747 ], [ -66.46233, 18.02743 ], [ -66.46223, 18.02731 ], [ -66.46217, 18.02721 ], [ -66.46212, 18.02709 ], [ -66.46209, 18.02702 ], [ -66.46207, 18.02696 ], [ -66.46206, 18.02691 ], [ -66.46206, 18.02683 ], [ -66.46206, 18.02678 ], [ -66.46209, 18.02672 ], [ -66.46218, 18.02662 ], [ -66.46229, 18.02649 ], [ -66.46243, 18.02636 ], [ -66.46254, 18.02626 ], [ -66.46264, 18.02615 ], [ -66.4627, 18.02608 ], [ -66.46278, 18.02595 ], [ -66.46283, 18.02581 ], [ -66.46287, 18.0257 ], [ -66.46292, 18.02557 ], [ -66.46296, 18.02546 ], [ -66.46296, 18.02538 ], [ -66.46296, 18.02533 ], [ -66.46295, 18.02521 ], [ -66.46294, 18.02511 ], [ -66.46291, 18.02498 ], [ -66.4629, 18.02484 ], [ -66.4629, 18.02474 ], [ -66.4629, 18.02468 ], [ -66.46294, 18.02458 ], [ -66.46302, 18.02435 ], [ -66.46308, 18.02415 ], [ -66.46312, 18.02405 ], [ -66.46315, 18.02395 ], [ -66.46316, 18.02388 ], [ -66.46313, 18.02378 ], [ -66.46298, 18.0236 ], [ -66.46288, 18.02347 ], [ -66.46275, 18.02341 ], [ -66.46202, 18.02327 ], [ -66.46188, 18.02327 ], [ -66.46173, 18.02327 ], [ -66.46154, 18.02333 ], [ -66.46138, 18.02343 ], [ -66.46119, 18.02356 ], [ -66.46108, 18.02366 ], [ -66.461, 18.02383 ], [ -66.46096, 18.02396 ], [ -66.46094, 18.02411 ], [ -66.46086, 18.02427 ], [ -66.46079, 18.0244 ], [ -66.46061, 18.02456 ], [ -66.46046, 18.02464 ], [ -66.46032, 18.0247 ], [ -66.46021, 18.02473 ], [ -66.46003, 18.02474 ], [ -66.45989, 18.02474 ], [ -66.45981, 18.02473 ], [ -66.45976, 18.02469 ], [ -66.45972, 18.02461 ], [ -66.4597, 18.02452 ], [ -66.45969, 18.02441 ], [ -66.45974, 18.02431 ], [ -66.45981, 18.02415 ], [ -66.45991, 18.02401 ], [ -66.46004, 18.02392 ], [ -66.46015, 18.02384 ], [ -66.46022, 18.02377 ], [ -66.46026, 18.02369 ], [ -66.46027, 18.0236 ], [ -66.46029, 18.0235 ], [ -66.46034, 18.0234 ], [ -66.46042, 18.02325 ], [ -66.46048, 18.02316 ], [ -66.46054, 18.02308 ], [ -66.46059, 18.02301 ], [ -66.4606, 18.02291 ], [ -66.46058, 18.02283 ], [ -66.46052, 18.02269 ], [ -66.46046, 18.02254 ], [ -66.46044, 18.02247 ], [ -66.46043, 18.02239 ], [ -66.46044, 18.02226 ], [ -66.4605, 18.02215 ], [ -66.46056, 18.02202 ], [ -66.46059, 18.02192 ], [ -66.4606, 18.02185 ], [ -66.46059, 18.02177 ], [ -66.46057, 18.02173 ], [ -66.46052, 18.02167 ], [ -66.46038, 18.02162 ], [ -66.46028, 18.02162 ], [ -66.46018, 18.02162 ], [ -66.45997, 18.02171 ], [ -66.45979, 18.02179 ], [ -66.45964, 18.0219 ], [ -66.45953, 18.02196 ], [ -66.45947, 18.02198 ], [ -66.45938, 18.022 ], [ -66.45929, 18.02199 ], [ -66.45922, 18.02198 ], [ -66.45916, 18.02194 ], [ -66.45908, 18.02187 ], [ -66.459, 18.02174 ], [ -66.45892, 18.02158 ], [ -66.45884, 18.02142 ], [ -66.45877, 18.02129 ], [ -66.45869, 18.02113 ], [ -66.45858, 18.02099 ], [ -66.45846, 18.02087 ], [ -66.45838, 18.02079 ], [ -66.45827, 18.02069 ], [ -66.45815, 18.02065 ], [ -66.45798, 18.02062 ], [ -66.45779, 18.02063 ], [ -66.45762, 18.02068 ], [ -66.45745, 18.02072 ], [ -66.45738, 18.02076 ], [ -66.45724, 18.02084 ], [ -66.45711, 18.0209 ], [ -66.45694, 18.02094 ], [ -66.45672, 18.02098 ], [ -66.45651, 18.02102 ], [ -66.45638, 18.02105 ], [ -66.45632, 18.0211 ], [ -66.45616, 18.02117 ], [ -66.45606, 18.0212 ], [ -66.45599, 18.02121 ], [ -66.45591, 18.0212 ], [ -66.45584, 18.02115 ], [ -66.45576, 18.02108 ], [ -66.45566, 18.02103 ], [ -66.45558, 18.02101 ], [ -66.45552, 18.02099 ], [ -66.45546, 18.02099 ], [ -66.45535, 18.02105 ], [ -66.45518, 18.02119 ], [ -66.45496, 18.0214 ], [ -66.4548, 18.02156 ], [ -66.4547, 18.02163 ], [ -66.4546, 18.02167 ], [ -66.45453, 18.02168 ], [ -66.45444, 18.02165 ], [ -66.45439, 18.02163 ], [ -66.45433, 18.02155 ], [ -66.45431, 18.02147 ], [ -66.45432, 18.02135 ], [ -66.45435, 18.02122 ], [ -66.45435, 18.02111 ], [ -66.45433, 18.02099 ], [ -66.4543, 18.0209 ], [ -66.45426, 18.02082 ], [ -66.45423, 18.02074 ], [ -66.45423, 18.02069 ], [ -66.45422, 18.02063 ], [ -66.45422, 18.02058 ], [ -66.45425, 18.02053 ], [ -66.45434, 18.02049 ], [ -66.45445, 18.02047 ], [ -66.45459, 18.02037 ], [ -66.45472, 18.0203 ], [ -66.45478, 18.02028 ], [ -66.45485, 18.02021 ], [ -66.45491, 18.02013 ], [ -66.45496, 18.02002 ], [ -66.45502, 18.01988 ], [ -66.45506, 18.01976 ], [ -66.45509, 18.01965 ], [ -66.45511, 18.01952 ], [ -66.45512, 18.01938 ], [ -66.45513, 18.01927 ], [ -66.45515, 18.01917 ], [ -66.45519, 18.01905 ], [ -66.45527, 18.01892 ], [ -66.45531, 18.01882 ], [ -66.45534, 18.01876 ], [ -66.45535, 18.01866 ], [ -66.45533, 18.01855 ], [ -66.45527, 18.01841 ], [ -66.45518, 18.0183 ], [ -66.45507, 18.01818 ], [ -66.45502, 18.01812 ], [ -66.45496, 18.01809 ], [ -66.45489, 18.01808 ], [ -66.4548, 18.01811 ], [ -66.45466, 18.01819 ], [ -66.45455, 18.0183 ], [ -66.45448, 18.01838 ], [ -66.45441, 18.01839 ], [ -66.45435, 18.01839 ], [ -66.45427, 18.01836 ], [ -66.45418, 18.01829 ], [ -66.45405, 18.01822 ], [ -66.45386, 18.01808 ], [ -66.4537, 18.01795 ], [ -66.45357, 18.01786 ], [ -66.45345, 18.01772 ], [ -66.4534, 18.01763 ], [ -66.45338, 18.01751 ], [ -66.45337, 18.01736 ], [ -66.45336, 18.01725 ], [ -66.45333, 18.0172 ], [ -66.45329, 18.01716 ], [ -66.45322, 18.01714 ], [ -66.45313, 18.01715 ], [ -66.45303, 18.01722 ], [ -66.45288, 18.01735 ], [ -66.45279, 18.01748 ], [ -66.45266, 18.01755 ], [ -66.45251, 18.01768 ], [ -66.4524, 18.01784 ], [ -66.4523, 18.01801 ], [ -66.45222, 18.01817 ], [ -66.45216, 18.01826 ], [ -66.4521, 18.01827 ], [ -66.45203, 18.01828 ], [ -66.45198, 18.01825 ], [ -66.45189, 18.01818 ], [ -66.45185, 18.01813 ], [ -66.45179, 18.01807 ], [ -66.4516, 18.01801 ], [ -66.45144, 18.01796 ], [ -66.4512, 18.01792 ], [ -66.45098, 18.01789 ], [ -66.45067, 18.01788 ], [ -66.45048, 18.01791 ], [ -66.45025, 18.01796 ], [ -66.45014, 18.01797 ], [ -66.45004, 18.01795 ], [ -66.44998, 18.01793 ], [ -66.44994, 18.01791 ], [ -66.44986, 18.01779 ], [ -66.44976, 18.01768 ], [ -66.44967, 18.01758 ], [ -66.44955, 18.01751 ], [ -66.44946, 18.01748 ], [ -66.44935, 18.01746 ], [ -66.44926, 18.01744 ], [ -66.44916, 18.01749 ], [ -66.44904, 18.01757 ], [ -66.44896, 18.01761 ], [ -66.44885, 18.01764 ], [ -66.44876, 18.01766 ], [ -66.44873, 18.01766 ], [ -66.44866, 18.01766 ] ] } },
{ "type": "Feature", "properties": { "fcode": 33600, "label": "Canal or ditch", "name": null, "source": "NHDPlus HR non network flowline", "length_mi": 0.01, "directed": false, "direction": "unknown" }, "geometry": { "type": "LineString", "coordinates": [ [ -66.74855, 18.00065 ], [ -66.74858, 18.0008 ] ] } },
{ "type": "Feature", "properties": { "fcode": 33600, "label": "Canal or ditch", "name": null, "source": "NHDPlus HR non network flowline", "length_mi": 0.03, "directed": false, "direction": "unknown" }, "geometry": { "type": "LineString", "coordinates": [ [ -66.59097, 17.97791 ], [ -66.59141, 17.97782 ] ] } },
{ "type": "Feature", "properties": { "fcode": 33600, "label": "Canal or ditch", "name": null, "source": "NHDPlus HR non network flowline", "length_mi": 0.46, "directed": false, "direction": "unknown" }, "geometry": { "type": "LineString", "coordinates": [ [ -66.56682, 17.97938 ], [ -66.56611, 17.97681 ], [ -66.5656, 17.97492 ], [ -66.56525, 17.97345 ], [ -66.56506, 17.97287 ] ] } },
{ "type": "Feature", "properties": { "fcode": 33600, "label": "Canal or ditch", "name": null, "source": "NHDPlus HR non network flowline", "length_mi": 0.18, "directed": false, "direction": "unknown" }, "geometry": { "type": "LineString", "coordinates": [ [ -66.4604, 17.99586 ], [ -66.46048, 17.99327 ] ] } },
{ "type": "Feature", "properties": { "fcode": 33600, "label": "Canal or ditch", "name": null, "source": "NHDPlus HR non network flowline", "length_mi": 0.27, "directed": false, "direction": "unknown" }, "geometry": { "type": "LineString", "coordinates": [ [ -66.57016, 17.99356 ], [ -66.57018, 17.99337 ], [ -66.57025, 17.99298 ], [ -66.57034, 17.99215 ], [ -66.57041, 17.99149 ], [ -66.57047, 17.99101 ], [ -66.57048, 17.99081 ], [ -66.57162, 17.99029 ] ] } },
{ "type": "Feature", "properties": { "fcode": 33600, "label": "Canal or ditch", "name": null, "source": "NHDPlus HR non network flowline", "length_mi": 0.1, "directed": false, "direction": "unknown" }, "geometry": { "type": "LineString", "coordinates": [ [ -66.5703, 17.98133 ], [ -66.57137, 17.98091 ], [ -66.57165, 17.9808 ] ] } },
{ "type": "Feature", "properties": { "fcode": 33600, "label": "Canal or ditch", "name": null, "source": "NHDPlus HR non network flowline", "length_mi": 0.11, "directed": false, "direction": "unknown" }, "geometry": { "type": "LineString", "coordinates": [ [ -66.43194, 17.99802 ], [ -66.43252, 17.99655 ] ] } },
{ "type": "Feature", "properties": { "fcode": 33600, "label": "Canal or ditch", "name": null, "source": "NHDPlus HR non network flowline", "length_mi": 0.01, "directed": false, "direction": "unknown" }, "geometry": { "type": "LineString", "coordinates": [ [ -66.58639, 17.98593 ], [ -66.58636, 17.98576 ] ] } },
{ "type": "Feature", "properties": { "fcode": 33600, "label": "Canal or ditch", "name": null, "source": "NHDPlus HR non network flowline", "length_mi": 0.63, "directed": false, "direction": "unknown" }, "geometry": { "type": "LineString", "coordinates": [ [ -66.476, 17.99228 ], [ -66.47571, 17.99247 ], [ -66.47575, 17.99383 ], [ -66.47583, 17.99552 ], [ -66.47584, 17.99579 ], [ -66.4758, 17.99803 ], [ -66.47581, 17.99828 ], [ -66.47574, 17.9989 ], [ -66.47571, 17.9993 ], [ -66.4757, 17.99961 ], [ -66.47568, 18.00022 ], [ -66.47568, 18.00075 ], [ -66.47568, 18.00112 ], [ -66.47568, 18.00132 ] ] } },
{ "type": "Feature", "properties": { "fcode": 33600, "label": "Canal or ditch", "name": "Canal Principal De Riego Valle De Lajas", "source": "NHDPlus HR non network flowline", "length_mi": 0.29, "directed": false, "direction": "unknown" }, "geometry": { "type": "LineString", "coordinates": [ [ -67.06691, 18.04249 ], [ -67.06708, 18.04246 ], [ -67.0673, 18.0424 ], [ -67.06748, 18.04234 ], [ -67.06755, 18.04228 ], [ -67.06757, 18.04222 ], [ -67.06756, 18.04207 ], [ -67.0675, 18.04185 ], [ -67.06739, 18.04137 ], [ -67.06737, 18.04099 ], [ -67.06734, 18.04054 ], [ -67.06735, 18.0403 ], [ -67.06742, 18.04016 ], [ -67.06752, 18.04008 ], [ -67.06766, 18.03998 ], [ -67.06777, 18.03993 ], [ -67.06794, 18.03991 ], [ -67.06813, 18.03989 ], [ -67.06847, 18.03983 ], [ -67.06874, 18.03976 ] ] } },
{ "type": "Feature", "properties": { "fcode": 33600, "label": "Canal or ditch", "name": "Canal Principal De Riego Valle De Lajas", "source": "NHDPlus HR non network flowline", "length_mi": 0.3, "directed": false, "direction": "unknown" }, "geometry": { "type": "LineString", "coordinates": [ [ -67.07915, 18.03719 ], [ -67.07935, 18.03711 ], [ -67.07961, 18.037 ], [ -67.08018, 18.03678 ], [ -67.08052, 18.03664 ], [ -67.0809, 18.03645 ], [ -67.08162, 18.03604 ], [ -67.08222, 18.03569 ], [ -67.08311, 18.03519 ], [ -67.08315, 18.03516 ] ] } },
{ "type": "Feature", "properties": { "fcode": 33600, "label": "Canal or ditch", "name": null, "source": "NHDPlus HR non network flowline", "length_mi": 0.31, "directed": false, "direction": "unknown" }, "geometry": { "type": "LineString", "coordinates": [ [ -66.57048, 17.97342 ], [ -66.57017, 17.97353 ], [ -66.56966, 17.97367 ], [ -66.5691, 17.97386 ], [ -66.56891, 17.97394 ], [ -66.56874, 17.97401 ], [ -66.56851, 17.97404 ], [ -66.56813, 17.9741 ], [ -66.5677, 17.97417 ], [ -66.56732, 17.97426 ], [ -66.56685, 17.97442 ], [ -66.56631, 17.97459 ], [ -66.56598, 17.97471 ] ] } },
{ "type": "Feature", "properties": { "fcode": 33600, "label": "Canal or ditch", "name": null, "source": "NHDPlus HR non network flowline", "length_mi": 0.16, "directed": false, "direction": "unknown" }, "geometry": { "type": "LineString", "coordinates": [ [ -67.1632, 18.17417 ], [ -67.16371, 18.17422 ], [ -67.16367, 18.1734 ], [ -67.16451, 18.17343 ], [ -67.16449, 18.17318 ] ] } },
{ "type": "Feature", "properties": { "fcode": 33600, "label": "Canal or ditch", "name": null, "source": "NHDPlus HR non network flowline", "length_mi": 0.03, "directed": false, "direction": "unknown" }, "geometry": { "type": "LineString", "coordinates": [ [ -66.58185, 17.98657 ], [ -66.58183, 17.98629 ], [ -66.58173, 17.98628 ] ] } },
{ "type": "Feature", "properties": { "fcode": 33600, "label": "Canal or ditch", "name": null, "source": "NHDPlus HR non network flowline", "length_mi": 1.17, "directed": true, "direction": "inferred" }, "geometry": { "type": "LineString", "coordinates": [ [ -67.04415, 18.02735 ], [ -67.04414, 18.02719 ], [ -67.04417, 18.02656 ], [ -67.04423, 18.02504 ], [ -67.04426, 18.02445 ], [ -67.0443, 18.02406 ], [ -67.04431, 18.02382 ], [ -67.04432, 18.02355 ], [ -67.04433, 18.02275 ], [ -67.04437, 18.02206 ], [ -67.0444, 18.02153 ], [ -67.04442, 18.02099 ], [ -67.04444, 18.02071 ], [ -67.04443, 18.02047 ], [ -67.04446, 18.01988 ], [ -67.04447, 18.01932 ], [ -67.04449, 18.01915 ], [ -67.0445, 18.0187 ], [ -67.04452, 18.01796 ], [ -67.04453, 18.0172 ], [ -67.04456, 18.01639 ], [ -67.04457, 18.01569 ], [ -67.04458, 18.01525 ], [ -67.0446, 18.01464 ], [ -67.04461, 18.01424 ], [ -67.04464, 18.01379 ], [ -67.04465, 18.01319 ], [ -67.04467, 18.01275 ], [ -67.04469, 18.01225 ], [ -67.0447, 18.0116 ], [ -67.04469, 18.01109 ], [ -67.04462, 18.01089 ], [ -67.04455, 18.01081 ], [ -67.04439, 18.0107 ], [ -67.04423, 18.01061 ] ] } },
{ "type": "Feature", "properties": { "fcode": 33600, "label": "Canal or ditch", "name": null, "source": "NHDPlus HR non network flowline", "length_mi": 0.02, "directed": false, "direction": "unknown" }, "geometry": { "type": "LineString", "coordinates": [ [ -66.51961, 17.98764 ], [ -66.51929, 17.98775 ] ] } },
{ "type": "Feature", "properties": { "fcode": 33600, "label": "Canal or ditch", "name": null, "source": "NHDPlus HR non network flowline", "length_mi": 0.45, "directed": true, "direction": "inferred" }, "geometry": { "type": "LineString", "coordinates": [ [ -66.39677, 18.0114 ], [ -66.39615, 18.01121 ], [ -66.39576, 18.01111 ], [ -66.39546, 18.01105 ], [ -66.39521, 18.011 ], [ -66.39512, 18.011 ], [ -66.39482, 18.01103 ], [ -66.39452, 18.01111 ], [ -66.39418, 18.01119 ], [ -66.39392, 18.0113 ], [ -66.39353, 18.01154 ], [ -66.39328, 18.01171 ], [ -66.39308, 18.01193 ], [ -66.3928, 18.01221 ], [ -66.39249, 18.01262 ], [ -66.39232, 18.01283 ], [ -66.39224, 18.0129 ], [ -66.39219, 18.01293 ], [ -66.39204, 18.01295 ], [ -66.39151, 18.0131 ], [ -66.3913, 18.01306 ], [ -66.39085, 18.01297 ] ] } },
{ "type": "Feature", "properties": { "fcode": 33600, "label": "Canal or ditch", "name": null, "source": "NHDPlus HR non network flowline", "length_mi": 0.09, "directed": false, "direction": "unknown" }, "geometry": { "type": "LineString", "coordinates": [ [ -66.58541, 17.97957 ], [ -66.58677, 17.97917 ] ] } },
{ "type": "Feature", "properties": { "fcode": 33600, "label": "Canal or ditch", "name": null, "source": "NHDPlus HR non network flowline", "length_mi": 0.4, "directed": false, "direction": "unknown" }, "geometry": { "type": "LineString", "coordinates": [ [ -67.15964, 18.02564 ], [ -67.15968, 18.02526 ], [ -67.15968, 18.02494 ], [ -67.1597, 18.02457 ], [ -67.15972, 18.02405 ], [ -67.15974, 18.02368 ], [ -67.15975, 18.02327 ], [ -67.15976, 18.0231 ], [ -67.15979, 18.02251 ], [ -67.15981, 18.02196 ], [ -67.15982, 18.02157 ], [ -67.15983, 18.0212 ], [ -67.15985, 18.02089 ], [ -67.15988, 18.02077 ], [ -67.15989, 18.02056 ], [ -67.15981, 18.02029 ], [ -67.15979, 18.0201 ], [ -67.15981, 18.02005 ], [ -67.15998, 18.01984 ] ] } },
{ "type": "Feature", "properties": { "fcode": 33600, "label": "Canal or ditch", "name": null, "source": "NHDPlus HR non network flowline", "length_mi": 2.33, "directed": true, "direction": "inferred" }, "geometry": { "type": "LineString", "coordinates": [ [ -66.88284, 18.00151 ], [ -66.88288, 18.00147 ], [ -66.88209, 17.99998 ], [ -66.88207, 17.99956 ], [ -66.88205, 17.99924 ], [ -66.88202, 17.99869 ], [ -66.882, 17.99813 ], [ -66.88199, 17.99802 ], [ -66.88198, 17.99794 ], [ -66.88199, 17.99771 ], [ -66.88205, 17.99768 ], [ -66.88213, 17.99768 ], [ -66.88234, 17.99768 ], [ -66.8825, 17.99764 ], [ -66.8826, 17.99757 ], [ -66.88272, 17.99745 ], [ -66.88293, 17.99724 ], [ -66.88342, 17.99675 ], [ -66.88357, 17.99669 ], [ -66.88385, 17.99666 ], [ -66.88413, 17.99668 ], [ -66.88454, 17.99671 ], [ -66.8849, 17.99674 ], [ -66.88592, 17.99679 ], [ -66.88682, 17.99682 ], [ -66.88709, 17.9968 ], [ -66.88801, 17.99683 ], [ -66.88851, 17.99685 ], [ -66.88948, 17.9969 ], [ -66.89039, 17.99695 ], [ -66.89084, 17.99697 ], [ -66.89099, 17.99675 ], [ -66.8915, 17.99624 ], [ -66.89154, 17.99619 ], [ -66.89164, 17.99605 ], [ -66.89172, 17.99587 ], [ -66.89175, 17.9957 ], [ -66.89176, 17.99559 ], [ -66.89178, 17.99551 ], [ -66.89177, 17.99538 ], [ -66.8918, 17.99528 ], [ -66.89175, 17.99511 ], [ -66.89171, 17.99503 ], [ -66.8917, 17.99497 ], [ -66.89169, 17.99492 ], [ -66.89163, 17.99481 ], [ -66.89152, 17.99466 ], [ -66.89142, 17.99454 ], [ -66.89131, 17.99441 ], [ -66.89126, 17.99432 ], [ -66.89119, 17.9942 ], [ -66.89115, 17.9941 ], [ -66.89113, 17.99403 ], [ -66.89112, 17.99398 ], [ -66.89114, 17.99381 ], [ -66.89114, 17.99372 ], [ -66.89118, 17.99361 ], [ -66.89178, 17.99241 ], [ -66.89218, 17.99159 ], [ -66.89285, 17.9902 ], [ -66.8932, 17.98949 ], [ -66.8933, 17.98925 ], [ -66.89336, 17.98913 ], [ -66.89344, 17.98906 ], [ -66.89361, 17.98892 ], [ -66.89375, 17.98876 ], [ -66.89385, 17.98863 ], [ -66.89396, 17.98846 ], [ -66.89404, 17.98828 ], [ -66.89412, 17.98817 ], [ -66.89425, 17.98801 ], [ -66.89439, 17.98792 ], [ -66.89451, 17.98778 ], [ -66.89459, 17.98769 ], [ -66.89473, 17.9875 ], [ -66.89484, 17.98741 ], [ -66.89505, 17.98711 ], [ -66.89533, 17.98673 ], [ -66.89597, 17.98587 ], [ -66.8968, 17.98476 ], [ -66.89765, 17.98359 ], [ -66.89818, 17.98287 ], [ -66.89883, 17.98197 ], [ -66.899, 17.9814 ], [ -66.89943, 17.97991 ], [ -66.89975, 17.97872 ] ] } },
{ "type": "Feature", "properties": { "fcode": 33600, "label": "Canal or ditch", "name": null, "source": "NHDPlus HR non network flowline", "length_mi": 0.02, "directed": false, "direction": "unknown" }, "geometry": { "type": "LineString", "coordinates": [ [ -66.609, 17.98625 ], [ -66.60916, 17.98593 ] ] } },
{ "type": "Feature", "properties": { "fcode": 33600, "label": "Canal or ditch", "name": null, "source": "NHDPlus HR non network flowline", "length_mi": 0.75, "directed": true, "direction": "inferred" }, "geometry": { "type": "LineString", "coordinates": [ [ -66.81931, 17.98395 ], [ -66.81862, 17.98387 ], [ -66.81859, 17.98383 ], [ -66.81863, 17.9836 ], [ -66.81863, 17.9833 ], [ -66.8186, 17.98315 ], [ -66.81856, 17.98299 ], [ -66.81847, 17.98283 ], [ -66.81834, 17.98268 ], [ -66.81813, 17.98256 ], [ -66.81788, 17.98242 ], [ -66.81763, 17.98229 ], [ -66.81742, 17.98223 ], [ -66.81705, 17.98219 ], [ -66.81666, 17.98213 ], [ -66.81628, 17.98207 ], [ -66.81607, 17.98206 ], [ -66.81591, 17.98209 ], [ -66.81577, 17.98211 ], [ -66.81551, 17.98216 ], [ -66.81537, 17.98215 ], [ -66.81524, 17.98213 ], [ -66.81512, 17.98208 ], [ -66.81504, 17.98201 ], [ -66.81491, 17.9819 ], [ -66.80928, 17.98148 ] ] } },
{ "type": "Feature", "properties": { "fcode": 33600, "label": "Canal or ditch", "name": null, "source": "NHDPlus HR non network flowline", "length_mi": 0.64, "directed": true, "direction": "inferred" }, "geometry": { "type": "LineString", "coordinates": [ [ -66.60827, 17.98959 ], [ -66.60951, 17.98984 ], [ -66.60979, 17.98984 ], [ -66.61005, 17.98943 ], [ -66.6106, 17.98828 ], [ -66.61098, 17.9876 ], [ -66.61111, 17.98733 ], [ -66.61124, 17.98671 ], [ -66.61143, 17.98588 ], [ -66.61158, 17.98537 ], [ -66.61167, 17.98496 ], [ -66.61183, 17.98447 ], [ -66.61199, 17.98406 ], [ -66.6122, 17.98365 ], [ -66.61238, 17.98326 ], [ -66.61246, 17.98309 ], [ -66.61242, 17.9826 ] ] } },
{ "type": "Feature", "properties": { "fcode": 33600, "label": "Canal or ditch", "name": null, "source": "NHDPlus HR non network flowline", "length_mi": 0.17, "directed": false, "direction": "unknown" }, "geometry": { "type": "LineString", "coordinates": [ [ -66.58498, 17.99303 ], [ -66.58353, 17.99295 ], [ -66.58237, 17.99288 ] ] } },
{ "type": "Feature", "properties": { "fcode": 33600, "label": "Canal or ditch", "name": null, "source": "NHDPlus HR non network flowline", "length_mi": 0.09, "directed": false, "direction": "unknown" }, "geometry": { "type": "LineString", "coordinates": [ [ -66.55428, 17.97467 ], [ -66.55529, 17.97387 ] ] } },
{ "type": "Feature", "properties": { "fcode": 33600, "label": "Canal or ditch", "name": null, "source": "NHDPlus HR non network flowline", "length_mi": 0.22, "directed": false, "direction": "unknown" }, "geometry": { "type": "LineString", "coordinates": [ [ -66.59608, 17.97642 ], [ -66.59591, 17.97537 ], [ -66.59578, 17.97434 ], [ -66.59567, 17.97329 ] ] } },
{ "type": "Feature", "properties": { "fcode": 33600, "label": "Canal or ditch", "name": null, "source": "NHDPlus HR non network flowline", "length_mi": 0.27, "directed": false, "direction": "unknown" }, "geometry": { "type": "LineString", "coordinates": [ [ -66.57843, 17.98613 ], [ -66.57832, 17.98406 ], [ -66.57824, 17.98216 ] ] } },
{ "type": "Feature", "properties": { "fcode": 33600, "label": "Canal or ditch", "name": null, "source": "NHDPlus HR non network flowline", "length_mi": 0.14, "directed": false, "direction": "unknown" }, "geometry": { "type": "LineString", "coordinates": [ [ -66.57173, 17.98526 ], [ -66.57287, 17.98554 ], [ -66.57353, 17.9857 ], [ -66.57384, 17.98577 ] ] } },
{ "type": "Feature", "properties": { "fcode": 33600, "label": "Canal or ditch", "name": "Canal Principal De Riego Valle De Lajas", "source": "NHDPlus HR non network flowline", "length_mi": 0.24, "directed": false, "direction": "unknown" }, "geometry": { "type": "LineString", "coordinates": [ [ -67.10126, 18.03568 ], [ -67.10141, 18.03573 ], [ -67.10151, 18.03576 ], [ -67.10158, 18.0358 ], [ -67.10161, 18.03586 ], [ -67.10163, 18.03593 ], [ -67.10164, 18.03616 ], [ -67.10166, 18.03646 ], [ -67.1017, 18.03657 ], [ -67.10175, 18.03661 ], [ -67.10184, 18.03664 ], [ -67.10198, 18.03666 ], [ -67.1023, 18.03674 ], [ -67.10248, 18.03679 ], [ -67.10261, 18.03686 ], [ -67.10269, 18.03697 ], [ -67.10274, 18.03712 ], [ -67.10278, 18.03725 ], [ -67.10286, 18.03733 ], [ -67.10303, 18.03742 ], [ -67.10324, 18.03753 ], [ -67.10333, 18.03756 ], [ -67.10352, 18.03757 ], [ -67.10369, 18.03758 ] ] } },
{ "type": "Feature", "properties": { "fcode": 33600, "label": "Canal or ditch", "name": null, "source": "NHDPlus HR non network flowline", "length_mi": 0.08, "directed": false, "direction": "unknown" }, "geometry": { "type": "LineString", "coordinates": [ [ -66.55079, 17.98297 ], [ -66.55105, 17.98272 ], [ -66.55137, 17.98238 ], [ -66.5516, 17.98211 ] ] } },
{ "type": "Feature", "properties": { "fcode": 33600, "label": "Canal or ditch", "name": null, "source": "NHDPlus HR non network flowline", "length_mi": 0.7, "directed": true, "direction": "inferred" }, "geometry": { "type": "LineString", "coordinates": [ [ -66.94072, 18.0393 ], [ -66.94145, 18.03948 ], [ -66.94191, 18.0396 ], [ -66.94243, 18.03974 ], [ -66.94261, 18.03979 ], [ -66.94274, 18.03982 ], [ -66.94279, 18.03982 ], [ -66.94285, 18.03978 ], [ -66.9429, 18.03975 ], [ -66.94299, 18.03968 ], [ -66.94308, 18.03962 ], [ -66.94317, 18.03957 ], [ -66.94327, 18.03957 ], [ -66.94335, 18.03912 ], [ -66.94341, 18.03881 ], [ -66.94343, 18.03868 ], [ -66.94349, 18.03841 ], [ -66.94354, 18.03825 ], [ -66.94365, 18.03786 ], [ -66.94375, 18.03758 ], [ -66.94386, 18.03723 ], [ -66.94396, 18.03698 ], [ -66.94409, 18.03655 ], [ -66.94419, 18.03623 ], [ -66.94431, 18.03591 ], [ -66.94436, 18.03577 ], [ -66.94457, 18.0352 ], [ -66.94463, 18.03504 ], [ -66.94473, 18.03499 ], [ -66.94484, 18.03493 ], [ -66.94503, 18.03479 ], [ -66.9453, 18.03451 ], [ -66.94548, 18.03434 ], [ -66.94554, 18.03419 ], [ -66.94568, 18.03382 ], [ -66.94583, 18.03336 ], [ -66.94596, 18.03299 ], [ -66.94605, 18.03299 ], [ -66.94618, 18.03298 ], [ -66.94628, 18.03295 ], [ -66.94635, 18.03295 ] ] } },
{ "type": "Feature", "properties": { "fcode": 33600, "label": "Canal or ditch", "name": null, "source": "NHDPlus HR non network flowline", "length_mi": 0.42, "directed": false, "direction": "unknown" }, "geometry": { "type": "LineString", "coordinates": [ [ -66.4687, 17.99293 ], [ -66.4688, 17.99501 ], [ -66.4685, 17.99527 ], [ -66.46826, 17.99665 ], [ -66.46778, 17.99714 ], [ -66.46768, 17.99803 ], [ -66.46765, 17.99818 ], [ -66.46756, 17.99864 ] ] } },
{ "type": "Feature", "properties": { "fcode": 33600, "label": "Canal or ditch", "name": null, "source": "NHDPlus HR non network flowline", "length_mi": 0.32, "directed": false, "direction": "unknown" }, "geometry": { "type": "LineString", "coordinates": [ [ -66.56764, 17.99054 ], [ -66.56767, 17.98799 ], [ -66.5677, 17.98684 ], [ -66.56773, 17.98625 ], [ -66.56807, 17.98633 ] ] } },
{ "type": "Feature", "properties": { "fcode": 33600, "label": "Canal or ditch", "name": null, "source": "NHDPlus HR non network flowline", "length_mi": 0.1, "directed": false, "direction": "unknown" }, "geometry": { "type": "LineString", "coordinates": [ [ -66.56647, 17.98585 ], [ -66.56641, 17.98516 ], [ -66.56636, 17.98444 ] ] } },
{ "type": "Feature", "properties": { "fcode": 33600, "label": "Canal or ditch", "name": null, "source": "NHDPlus HR non network flowline", "length_mi": 0.34, "directed": false, "direction": "unknown" }, "geometry": { "type": "LineString", "coordinates": [ [ -66.54934, 17.98964 ], [ -66.54958, 17.98964 ], [ -66.5498, 17.98958 ], [ -66.55096, 17.9892 ], [ -66.55241, 17.98871 ], [ -66.55415, 17.98808 ] ] } },
{ "type": "Feature", "properties": { "fcode": 33600, "label": "Canal or ditch", "name": null, "source": "NHDPlus HR non network flowline", "length_mi": 0.09, "directed": false, "direction": "unknown" }, "geometry": { "type": "LineString", "coordinates": [ [ -66.48253, 17.99712 ], [ -66.48387, 17.99728 ] ] } },
{ "type": "Feature", "properties": { "fcode": 33600, "label": "Canal or ditch", "name": null, "source": "NHDPlus HR non network flowline", "length_mi": 0.15, "directed": false, "direction": "unknown" }, "geometry": { "type": "LineString", "coordinates": [ [ -66.59207, 17.99729 ], [ -66.59182, 17.99713 ], [ -66.59151, 17.99693 ], [ -66.59128, 17.99672 ], [ -66.59111, 17.99655 ], [ -66.59094, 17.99632 ], [ -66.59084, 17.9961 ], [ -66.59072, 17.99595 ], [ -66.59059, 17.99588 ], [ -66.59049, 17.99588 ] ] } },
{ "type": "Feature", "properties": { "fcode": 33600, "label": "Canal or ditch", "name": null, "source": "NHDPlus HR non network flowline", "length_mi": 0.36, "directed": false, "direction": "unknown" }, "geometry": { "type": "LineString", "coordinates": [ [ -67.10383, 18.01764 ], [ -67.10213, 18.01768 ], [ -67.10142, 18.01852 ], [ -67.09884, 18.01849 ] ] } },
{ "type": "Feature", "properties": { "fcode": 33600, "label": "Canal or ditch", "name": null, "source": "NHDPlus HR non network flowline", "length_mi": 0.22, "directed": false, "direction": "unknown" }, "geometry": { "type": "LineString", "coordinates": [ [ -66.45719, 17.99274 ], [ -66.45999, 17.9932 ], [ -66.46043, 17.99327 ], [ -66.46048, 17.99327 ] ] } },
{ "type": "Feature", "properties": { "fcode": 33600, "label": "Canal or ditch", "name": null, "source": "NHDPlus HR non network flowline", "length_mi": 0.17, "directed": false, "direction": "unknown" }, "geometry": { "type": "LineString", "coordinates": [ [ -66.58419, 17.97134 ], [ -66.58424, 17.97131 ], [ -66.58459, 17.9711 ], [ -66.58643, 17.97016 ] ] } },
{ "type": "Feature", "properties": { "fcode": 33600, "label": "Canal or ditch", "name": null, "source": "NHDPlus HR non network flowline", "length_mi": 0.11, "directed": false, "direction": "unknown" }, "geometry": { "type": "LineString", "coordinates": [ [ -66.60734, 17.9758 ], [ -66.60571, 17.97556 ] ] } },
{ "type": "Feature", "properties": { "fcode": 33600, "label": "Canal or ditch", "name": null, "source": "NHDPlus HR non network flowline", "length_mi": 0.9, "directed": true, "direction": "inferred" }, "geometry": { "type": "LineString", "coordinates": [ [ -66.98926, 18.02908 ], [ -66.99059, 18.02899 ], [ -66.9907, 18.02579 ], [ -66.99065, 18.02519 ], [ -66.99016, 18.02453 ], [ -66.98951, 18.02354 ], [ -66.98948, 18.02349 ], [ -66.98904, 18.02285 ], [ -66.98887, 18.0223 ], [ -66.98887, 18.02199 ], [ -66.9891, 18.02059 ], [ -66.98949, 18.0185 ], [ -66.98956, 18.01794 ], [ -66.98952, 18.01775 ] ] } },
{ "type": "Feature", "properties": { "fcode": 33600, "label": "Canal or ditch", "name": "Canal Principal De Riego Valle De Lajas", "source": "NHDPlus HR non network flowline", "length_mi": 0.83, "directed": false, "direction": "unknown" }, "geometry": { "type": "LineString", "coordinates": [ [ -67.03536, 18.04694 ], [ -67.03542, 18.04691 ], [ -67.03555, 18.04675 ], [ -67.03561, 18.04671 ], [ -67.03572, 18.04667 ], [ -67.03585, 18.04664 ], [ -67.03596, 18.04658 ], [ -67.03613, 18.04641 ], [ -67.03635, 18.04618 ], [ -67.03669, 18.04586 ], [ -67.03675, 18.04583 ], [ -67.03694, 18.0458 ], [ -67.03704, 18.04585 ], [ -67.03714, 18.04594 ], [ -67.03725, 18.04612 ], [ -67.03733, 18.04626 ], [ -67.03739, 18.04632 ], [ -67.03749, 18.04638 ], [ -67.03761, 18.04645 ], [ -67.03795, 18.04667 ], [ -67.03812, 18.04678 ], [ -67.03817, 18.04684 ], [ -67.03824, 18.047 ], [ -67.03827, 18.04713 ], [ -67.03834, 18.04734 ], [ -67.0384, 18.04743 ], [ -67.03854, 18.04747 ], [ -67.03884, 18.04753 ], [ -67.0392, 18.04761 ], [ -67.03973, 18.0477 ], [ -67.03985, 18.0477 ], [ -67.03997, 18.04762 ], [ -67.04026, 18.04743 ], [ -67.0407, 18.04713 ], [ -67.04108, 18.04689 ], [ -67.04119, 18.04684 ], [ -67.04135, 18.04682 ], [ -67.04144, 18.04683 ], [ -67.04151, 18.04685 ], [ -67.04166, 18.04691 ], [ -67.04175, 18.04691 ], [ -67.04195, 18.04687 ], [ -67.04202, 18.04683 ], [ -67.04211, 18.04675 ], [ -67.04212, 18.0467 ], [ -67.04211, 18.0465 ], [ -67.04213, 18.04642 ], [ -67.04221, 18.04631 ], [ -67.04234, 18.04618 ], [ -67.04246, 18.04607 ], [ -67.04252, 18.04598 ], [ -67.04253, 18.04592 ], [ -67.04252, 18.0458 ], [ -67.04251, 18.04565 ], [ -67.04253, 18.04558 ], [ -67.04259, 18.04553 ], [ -67.0426, 18.0455 ], [ -67.04265, 18.04538 ], [ -67.04266, 18.04534 ], [ -67.04271, 18.04529 ], [ -67.04281, 18.04524 ], [ -67.04294, 18.04522 ], [ -67.04309, 18.0452 ], [ -67.04329, 18.04519 ], [ -67.04347, 18.04519 ], [ -67.04358, 18.04525 ], [ -67.04371, 18.0454 ], [ -67.04378, 18.04549 ], [ -67.04389, 18.04554 ], [ -67.04406, 18.04557 ], [ -67.04435, 18.04559 ], [ -67.04447, 18.04559 ], [ -67.04459, 18.04562 ], [ -67.0447, 18.0457 ], [ -67.04492, 18.04586 ] ] } },
{ "type": "Feature", "properties": { "fcode": 33600, "label": "Canal or ditch", "name": null, "source": "NHDPlus HR non network flowline", "length_mi": 0.31, "directed": false, "direction": "unknown" }, "geometry": { "type": "LineString", "coordinates": [ [ -66.55573, 17.97903 ], [ -66.55534, 17.97783 ], [ -66.55506, 17.97696 ], [ -66.55485, 17.97641 ], [ -66.55437, 17.97492 ], [ -66.55428, 17.97467 ] ] } },
{ "type": "Feature", "properties": { "fcode": 33600, "label": "Canal or ditch", "name": null, "source": "NHDPlus HR non network flowline", "length_mi": 0.29, "directed": false, "direction": "unknown" }, "geometry": { "type": "LineString", "coordinates": [ [ -67.15864, 18.16869 ], [ -67.15863, 18.16985 ], [ -67.1586, 18.17066 ], [ -67.15853, 18.17173 ], [ -67.15841, 18.17174 ], [ -67.15825, 18.17279 ] ] } },
{ "type": "Feature", "properties": { "fcode": 33600, "label": "Canal or ditch", "name": null, "source": "NHDPlus HR non network flowline", "length_mi": 0.4, "directed": false, "direction": "unknown" }, "geometry": { "type": "LineString", "coordinates": [ [ -67.10592, 18.023 ], [ -67.10566, 18.02257 ], [ -67.10522, 18.02174 ], [ -67.10477, 18.02082 ], [ -67.1043, 18.01981 ], [ -67.10407, 18.01933 ], [ -67.104, 18.0191 ], [ -67.10397, 18.01885 ], [ -67.10383, 18.01764 ] ] } },
{ "type": "Feature", "properties": { "fcode": 33600, "label": "Canal or ditch", "name": null, "source": "NHDPlus HR non network flowline", "length_mi": 0.25, "directed": false, "direction": "unknown" }, "geometry": { "type": "LineString", "coordinates": [ [ -66.47615, 17.99106 ], [ -66.4778, 17.99079 ], [ -66.47847, 17.98946 ], [ -66.47877, 17.98891 ] ] } },
{ "type": "Feature", "properties": { "fcode": 33600, "label": "Canal or ditch", "name": null, "source": "NHDPlus HR non network flowline", "length_mi": 0.92, "directed": true, "direction": "inferred" }, "geometry": { "type": "LineString", "coordinates": [ [ -66.54605, 18.03521 ], [ -66.5457, 18.03517 ], [ -66.54552, 18.03513 ], [ -66.5455, 18.03511 ], [ -66.54548, 18.03502 ], [ -66.54549, 18.03488 ], [ -66.54551, 18.03465 ], [ -66.54551, 18.03443 ], [ -66.54549, 18.03427 ], [ -66.54541, 18.03405 ], [ -66.54526, 18.03373 ], [ -66.54508, 18.0335 ], [ -66.54494, 18.03333 ], [ -66.54486, 18.03316 ], [ -66.54482, 18.03297 ], [ -66.5448, 18.03268 ], [ -66.54479, 18.03224 ], [ -66.54478, 18.03195 ], [ -66.5447, 18.03183 ], [ -66.54464, 18.03183 ], [ -66.54429, 18.03181 ], [ -66.54411, 18.0318 ], [ -66.54393, 18.03176 ], [ -66.54376, 18.03168 ], [ -66.54365, 18.03155 ], [ -66.54359, 18.03135 ], [ -66.54355, 18.03082 ], [ -66.54344, 18.02946 ], [ -66.54328, 18.02643 ], [ -66.54224, 18.0262 ], [ -66.54208, 18.02615 ], [ -66.54206, 18.02608 ], [ -66.54205, 18.02598 ], [ -66.54208, 18.02577 ], [ -66.54214, 18.02559 ], [ -66.54222, 18.02551 ], [ -66.5423, 18.02544 ], [ -66.54234, 18.02538 ], [ -66.54234, 18.0253 ], [ -66.54233, 18.02518 ], [ -66.54234, 18.02496 ], [ -66.54238, 18.02478 ], [ -66.54248, 18.02466 ], [ -66.54264, 18.02454 ], [ -66.54282, 18.02443 ] ] } },
{ "type": "Feature", "properties": { "fcode": 33600, "label": "Canal or ditch", "name": null, "source": "NHDPlus HR non network flowline", "length_mi": 0.21, "directed": false, "direction": "unknown" }, "geometry": { "type": "LineString", "coordinates": [ [ -66.59014, 17.97802 ], [ -66.58999, 17.9767 ], [ -66.58988, 17.97562 ], [ -66.58986, 17.975 ] ] } },
{ "type": "Feature", "properties": { "fcode": 33600, "label": "Canal or ditch", "name": null, "source": "NHDPlus HR non network flowline", "length_mi": 0.43, "directed": true, "direction": "inferred" }, "geometry": { "type": "LineString", "coordinates": [ [ -66.54895, 18.02416 ], [ -66.54902, 18.02326 ], [ -66.54905, 18.02311 ], [ -66.54937, 18.02253 ], [ -66.54942, 18.02249 ], [ -66.54949, 18.02247 ], [ -66.55118, 18.02253 ], [ -66.55124, 18.02253 ], [ -66.55129, 18.02251 ], [ -66.55133, 18.02247 ], [ -66.55224, 18.01999 ] ] } },
{ "type": "Feature", "properties": { "fcode": 33600, "label": "Canal or ditch", "name": "Canal Principal De Riego Valle De Lajas", "source": "NHDPlus HR non network flowline", "length_mi": 0.13, "directed": false, "direction": "unknown" }, "geometry": { "type": "LineString", "coordinates": [ [ -67.03239, 18.04612 ], [ -67.03334, 18.04668 ], [ -67.03406, 18.04707 ] ] } },
{ "type": "Feature", "properties": { "fcode": 33600, "label": "Canal or ditch", "name": null, "source": "NHDPlus HR non network flowline", "length_mi": 0.28, "directed": false, "direction": "unknown" }, "geometry": { "type": "LineString", "coordinates": [ [ -66.48222, 17.99599 ], [ -66.48211, 17.99522 ], [ -66.48177, 17.99232 ], [ -66.48187, 17.99202 ] ] } },
{ "type": "Feature", "properties": { "fcode": 33600, "label": "Canal or ditch", "name": null, "source": "NHDPlus HR non network flowline", "length_mi": 0.02, "directed": false, "direction": "unknown" }, "geometry": { "type": "LineString", "coordinates": [ [ -67.10383, 18.01764 ], [ -67.10394, 18.01733 ] ] } },
{ "type": "Feature", "properties": { "fcode": 33600, "label": "Canal or ditch", "name": null, "source": "NHDPlus HR non network flowline", "length_mi": 0.19, "directed": false, "direction": "unknown" }, "geometry": { "type": "LineString", "coordinates": [ [ -66.57062, 17.97561 ], [ -66.57021, 17.97573 ], [ -66.56983, 17.97582 ], [ -66.56962, 17.97588 ], [ -66.56934, 17.976 ], [ -66.56898, 17.9761 ], [ -66.56867, 17.97616 ], [ -66.56847, 17.9762 ], [ -66.56834, 17.9763 ], [ -66.56821, 17.97638 ], [ -66.56804, 17.97643 ], [ -66.56791, 17.97647 ] ] } },
{ "type": "Feature", "properties": { "fcode": 33600, "label": "Canal or ditch", "name": null, "source": "NHDPlus HR non network flowline", "length_mi": 0.36, "directed": true, "direction": "inferred" }, "geometry": { "type": "LineString", "coordinates": [ [ -67.10778, 18.02787 ], [ -67.10769, 18.02711 ], [ -67.10763, 18.02663 ], [ -67.10754, 18.026 ], [ -67.10697, 18.02493 ], [ -67.10625, 18.02352 ], [ -67.10592, 18.023 ] ] } },
{ "type": "Feature", "properties": { "fcode": 33600, "label": "Canal or ditch", "name": null, "source": "NHDPlus HR non network flowline", "length_mi": 0.78, "directed": false, "direction": "unknown" }, "geometry": { "type": "LineString", "coordinates": [ [ -66.56716, 18.00293 ], [ -66.56674, 18.00292 ], [ -66.56638, 18.00292 ], [ -66.56602, 18.00296 ], [ -66.56576, 18.00301 ], [ -66.56541, 18.00316 ], [ -66.56516, 18.00333 ], [ -66.56492, 18.00351 ], [ -66.56467, 18.00379 ], [ -66.56455, 18.00399 ], [ -66.56449, 18.00417 ], [ -66.56447, 18.00431 ], [ -66.5645, 18.00448 ], [ -66.56456, 18.00482 ], [ -66.5646, 18.00507 ], [ -66.56462, 18.00519 ], [ -66.56464, 18.00526 ], [ -66.56476, 18.00534 ], [ -66.56513, 18.00549 ], [ -66.5667, 18.00617 ], [ -66.56913, 18.00792 ], [ -66.5712, 18.00816 ] ] } },
{ "type": "Feature", "properties": { "fcode": 33600, "label": "Canal or ditch", "name": null, "source": "NHDPlus HR non network flowline", "length_mi": 1.08, "directed": true, "direction": "inferred" }, "geometry": { "type": "LineString", "coordinates": [ [ -66.51158, 17.99625 ], [ -66.511, 17.99597 ], [ -66.51063, 17.99579 ], [ -66.5105, 17.99574 ], [ -66.51038, 17.99573 ], [ -66.50986, 17.9947 ], [ -66.5092, 17.99461 ], [ -66.50888, 17.99387 ], [ -66.50837, 17.99267 ], [ -66.50806, 17.99196 ], [ -66.50765, 17.99108 ], [ -66.5076, 17.99094 ], [ -66.50748, 17.9908 ], [ -66.50701, 17.99031 ], [ -66.50665, 17.98991 ], [ -66.50634, 17.98954 ], [ -66.50624, 17.98946 ], [ -66.50614, 17.98946 ], [ -66.506, 17.9895 ], [ -66.50521, 17.98979 ], [ -66.50444, 17.99002 ], [ -66.50421, 17.99007 ], [ -66.50398, 17.99006 ], [ -66.50378, 17.9901 ], [ -66.50367, 17.99014 ], [ -66.50359, 17.99012 ], [ -66.50204, 17.98936 ], [ -66.50082, 17.9897 ], [ -66.5001, 17.98993 ], [ -66.49984, 17.99002 ], [ -66.4997, 17.99002 ], [ -66.49962, 17.99001 ] ] } },
{ "type": "Feature", "properties": { "fcode": 33600, "label": "Canal or ditch", "name": null, "source": "NHDPlus HR non network flowline", "length_mi": 0.28, "directed": false, "direction": "unknown" }, "geometry": { "type": "LineString", "coordinates": [ [ -66.58237, 17.99288 ], [ -66.58219, 17.99094 ], [ -66.58208, 17.9894 ], [ -66.58203, 17.98887 ] ] } },
{ "type": "Feature", "properties": { "fcode": 33600, "label": "Canal or ditch", "name": null, "source": "NHDPlus HR non network flowline", "length_mi": 0.26, "directed": false, "direction": "unknown" }, "geometry": { "type": "LineString", "coordinates": [ [ -66.57939, 17.98597 ], [ -66.57926, 17.98219 ] ] } },
{ "type": "Feature", "properties": { "fcode": 33600, "label": "Canal or ditch", "name": null, "source": "NHDPlus HR non network flowline", "length_mi": 0.19, "directed": false, "direction": "unknown" }, "geometry": { "type": "LineString", "coordinates": [ [ -66.58118, 17.98142 ], [ -66.58115, 17.98074 ], [ -66.57925, 17.98176 ] ] } },
{ "type": "Feature", "properties": { "fcode": 33600, "label": "Canal or ditch", "name": null, "source": "NHDPlus HR non network flowline", "length_mi": 0.43, "directed": false, "direction": "unknown" }, "geometry": { "type": "LineString", "coordinates": [ [ -66.60547, 17.99113 ], [ -66.60613, 17.98922 ], [ -66.60729, 17.98805 ], [ -66.6085, 17.98687 ], [ -66.60854, 17.9867 ], [ -66.60877, 17.98674 ], [ -66.609, 17.98625 ] ] } },
{ "type": "Feature", "properties": { "fcode": 33600, "label": "Canal or ditch", "name": null, "source": "NHDPlus HR non network flowline", "length_mi": 0.43, "directed": true, "direction": "inferred" }, "geometry": { "type": "LineString", "coordinates": [ [ -66.45742, 18.00982 ], [ -66.45746, 18.00952 ], [ -66.4576, 18.00954 ], [ -66.45794, 18.00956 ], [ -66.4581, 18.00957 ], [ -66.45837, 18.00959 ], [ -66.45857, 18.0096 ], [ -66.45876, 18.00958 ], [ -66.45883, 18.00957 ], [ -66.4589, 18.00921 ], [ -66.45908, 18.00821 ], [ -66.45923, 18.00749 ], [ -66.45926, 18.00724 ], [ -66.45946, 18.00704 ], [ -66.45986, 18.00661 ], [ -66.45955, 18.00648 ], [ -66.45939, 18.00643 ], [ -66.45914, 18.00638 ], [ -66.45867, 18.00628 ], [ -66.45849, 18.00626 ] ] } },
{ "type": "Feature", "properties": { "fcode": 33600, "label": "Canal or ditch", "name": null, "source": "NHDPlus HR non network flowline", "length_mi": 0.02, "directed": false, "direction": "unknown" }, "geometry": { "type": "LineString", "coordinates": [ [ -66.57047, 17.99357 ], [ -66.57016, 17.99356 ] ] } },
{ "type": "Feature", "properties": { "fcode": 33600, "label": "Canal or ditch", "name": null, "source": "NHDPlus HR non network flowline", "length_mi": 1.08, "directed": true, "direction": "inferred" }, "geometry": { "type": "LineString", "coordinates": [ [ -66.43888, 18.01584 ], [ -66.43886, 18.01582 ], [ -66.43878, 18.01573 ], [ -66.43863, 18.01555 ], [ -66.43849, 18.01543 ], [ -66.43838, 18.01532 ], [ -66.43823, 18.01523 ], [ -66.43812, 18.01519 ], [ -66.43803, 18.01516 ], [ -66.43791, 18.01516 ], [ -66.43778, 18.01516 ], [ -66.43769, 18.01519 ], [ -66.43759, 18.01525 ], [ -66.43751, 18.01525 ], [ -66.43745, 18.01524 ], [ -66.43729, 18.01516 ], [ -66.43713, 18.01506 ], [ -66.4369, 18.01494 ], [ -66.43671, 18.01485 ], [ -66.4366, 18.01478 ], [ -66.43655, 18.01477 ], [ -66.43642, 18.01475 ], [ -66.43628, 18.01478 ], [ -66.43616, 18.01479 ], [ -66.43603, 18.01477 ], [ -66.43586, 18.0147 ], [ -66.43569, 18.01463 ], [ -66.43553, 18.01452 ], [ -66.43535, 18.01446 ], [ -66.43517, 18.01438 ], [ -66.43504, 18.01434 ], [ -66.43493, 18.0143 ], [ -66.43484, 18.01427 ], [ -66.43474, 18.01427 ], [ -66.43459, 18.0143 ], [ -66.43447, 18.01432 ], [ -66.43431, 18.01436 ], [ -66.43411, 18.01442 ], [ -66.43399, 18.01445 ], [ -66.4339, 18.01446 ], [ -66.43384, 18.01446 ], [ -66.43379, 18.01444 ], [ -66.43369, 18.01437 ], [ -66.43355, 18.01428 ], [ -66.43338, 18.01421 ], [ -66.43307, 18.01414 ], [ -66.43262, 18.01402 ], [ -66.43209, 18.01385 ], [ -66.43171, 18.01373 ], [ -66.43151, 18.01366 ], [ -66.43139, 18.01361 ], [ -66.43117, 18.01364 ], [ -66.43066, 18.01379 ], [ -66.42981, 18.01405 ], [ -66.42936, 18.01419 ], [ -66.42929, 18.01424 ], [ -66.42916, 18.01423 ], [ -66.42904, 18.01423 ], [ -66.42887, 18.0143 ], [ -66.42868, 18.01441 ], [ -66.42858, 18.01446 ], [ -66.4284, 18.01446 ], [ -66.42814, 18.01444 ], [ -66.42791, 18.01443 ], [ -66.42777, 18.01442 ], [ -66.42766, 18.01438 ], [ -66.42757, 18.01434 ], [ -66.42748, 18.01431 ], [ -66.42734, 18.01432 ], [ -66.42718, 18.01439 ], [ -66.42705, 18.01441 ], [ -66.42695, 18.01441 ], [ -66.42682, 18.01438 ], [ -66.42666, 18.01435 ], [ -66.42653, 18.01435 ], [ -66.42644, 18.01441 ], [ -66.42632, 18.01457 ], [ -66.42623, 18.01477 ], [ -66.42618, 18.01486 ], [ -66.42608, 18.01492 ], [ -66.42583, 18.01498 ], [ -66.42559, 18.01506 ], [ -66.42538, 18.01514 ], [ -66.42515, 18.0152 ], [ -66.42501, 18.01527 ], [ -66.42488, 18.01538 ], [ -66.42471, 18.01552 ], [ -66.42459, 18.0156 ], [ -66.42453, 18.01564 ], [ -66.4245, 18.01568 ], [ -66.42428, 18.01557 ], [ -66.42412, 18.01549 ], [ -66.42402, 18.01545 ] ] } },
{ "type": "Feature", "properties": { "fcode": 33600, "label": "Canal or ditch", "name": null, "source": "NHDPlus HR non network flowline", "length_mi": 0.03, "directed": false, "direction": "unknown" }, "geometry": { "type": "LineString", "coordinates": [ [ -66.60571, 17.97556 ], [ -66.60527, 17.97551 ] ] } },
{ "type": "Feature", "properties": { "fcode": 33600, "label": "Canal or ditch", "name": null, "source": "NHDPlus HR non network flowline", "length_mi": 0.19, "directed": true, "direction": "inferred" }, "geometry": { "type": "LineString", "coordinates": [ [ -67.09112, 18.02925 ], [ -67.09007, 18.02904 ], [ -67.09022, 18.02822 ], [ -67.09046, 18.02732 ] ] } },
{ "type": "Feature", "properties": { "fcode": 33600, "label": "Canal or ditch", "name": null, "source": "NHDPlus HR non network flowline", "length_mi": 0.05, "directed": false, "direction": "unknown" }, "geometry": { "type": "LineString", "coordinates": [ [ -66.58749, 17.97894 ], [ -66.58823, 17.97872 ] ] } },
{ "type": "Feature", "properties": { "fcode": 33600, "label": "Canal or ditch", "name": null, "source": "NHDPlus HR non network flowline", "length_mi": 0.44, "directed": false, "direction": "unknown" }, "geometry": { "type": "LineString", "coordinates": [ [ -66.94428, 18.01127 ], [ -66.94449, 18.00826 ], [ -66.94462, 18.00642 ], [ -66.94466, 18.00609 ], [ -66.94465, 18.00592 ], [ -66.94462, 18.00576 ], [ -66.94456, 18.00557 ], [ -66.94446, 18.0054 ], [ -66.94439, 18.00528 ], [ -66.94425, 18.00504 ], [ -66.94418, 18.00495 ] ] } },
{ "type": "Feature", "properties": { "fcode": 33600, "label": "Canal or ditch", "name": null, "source": "NHDPlus HR non network flowline", "length_mi": 0.1, "directed": false, "direction": "unknown" }, "geometry": { "type": "LineString", "coordinates": [ [ -66.48466, 18.00522 ], [ -66.48456, 18.00532 ], [ -66.48384, 18.00608 ], [ -66.48368, 18.00627 ] ] } },
{ "type": "Feature", "properties": { "fcode": 33600, "label": "Canal or ditch", "name": null, "source": "NHDPlus HR non network flowline", "length_mi": 0.23, "directed": false, "direction": "unknown" }, "geometry": { "type": "LineString", "coordinates": [ [ -66.72918, 17.99275 ], [ -66.72733, 17.99255 ], [ -66.72576, 17.99239 ], [ -66.72576, 17.99239 ] ] } },
{ "type": "Feature", "properties": { "fcode": 33600, "label": "Canal or ditch", "name": null, "source": "NHDPlus HR non network flowline", "length_mi": 0.05, "directed": false, "direction": "unknown" }, "geometry": { "type": "LineString", "coordinates": [ [ -66.58677, 17.97917 ], [ -66.58749, 17.97894 ] ] } },
{ "type": "Feature", "properties": { "fcode": 33600, "label": "Canal or ditch", "name": null, "source": "NHDPlus HR non network flowline", "length_mi": 0.01, "directed": false, "direction": "unknown" }, "geometry": { "type": "LineString", "coordinates": [ [ -66.40628, 18.01191 ], [ -66.40622, 18.01183 ], [ -66.40614, 18.01179 ] ] } },
{ "type": "Feature", "properties": { "fcode": 33600, "label": "Canal or ditch", "name": null, "source": "NHDPlus HR non network flowline", "length_mi": 0.06, "directed": false, "direction": "unknown" }, "geometry": { "type": "LineString", "coordinates": [ [ -67.16222, 18.1741 ], [ -67.1632, 18.17417 ] ] } },
{ "type": "Feature", "properties": { "fcode": 33600, "label": "Canal or ditch", "name": null, "source": "NHDPlus HR non network flowline", "length_mi": 0.06, "directed": false, "direction": "unknown" }, "geometry": { "type": "LineString", "coordinates": [ [ -66.57899, 17.97417 ], [ -66.57977, 17.97373 ] ] } },
{ "type": "Feature", "properties": { "fcode": 33600, "label": "Canal or ditch", "name": null, "source": "NHDPlus HR non network flowline", "length_mi": 0.06, "directed": false, "direction": "unknown" }, "geometry": { "type": "LineString", "coordinates": [ [ -66.58931, 17.98227 ], [ -66.59019, 17.98224 ] ] } },
{ "type": "Feature", "properties": { "fcode": 33600, "label": "Canal or ditch", "name": null, "source": "NHDPlus HR non network flowline", "length_mi": 0.8, "directed": true, "direction": "inferred" }, "geometry": { "type": "LineString", "coordinates": [ [ -66.73745, 18.00549 ], [ -66.73717, 18.004 ], [ -66.73673, 18.00179 ], [ -66.73639, 18.00001 ], [ -66.7361, 17.99861 ], [ -66.73604, 17.99803 ], [ -66.73568, 17.99609 ], [ -66.73524, 17.99407 ] ] } },
{ "type": "Feature", "properties": { "fcode": 33600, "label": "Canal or ditch", "name": null, "source": "NHDPlus HR non network flowline", "length_mi": 0.09, "directed": false, "direction": "unknown" }, "geometry": { "type": "LineString", "coordinates": [ [ -66.55463, 17.98044 ], [ -66.55476, 17.9802 ], [ -66.55507, 17.97976 ], [ -66.55522, 17.97955 ], [ -66.55536, 17.97939 ] ] } },
{ "type": "Feature", "properties": { "fcode": 33600, "label": "Canal or ditch", "name": null, "source": "NHDPlus HR non network flowline", "length_mi": 0.3, "directed": false, "direction": "unknown" }, "geometry": { "type": "LineString", "coordinates": [ [ -66.59049, 17.99588 ], [ -66.5904, 17.99527 ], [ -66.59037, 17.99483 ], [ -66.59034, 17.99463 ], [ -66.59018, 17.99428 ], [ -66.58995, 17.9938 ], [ -66.58972, 17.99329 ], [ -66.58957, 17.99276 ], [ -66.58949, 17.99236 ], [ -66.58944, 17.99199 ], [ -66.58939, 17.99171 ] ] } },
{ "type": "Feature", "properties": { "fcode": 33600, "label": "Canal or ditch", "name": null, "source": "NHDPlus HR non network flowline", "length_mi": 0.44, "directed": false, "direction": "unknown" }, "geometry": { "type": "LineString", "coordinates": [ [ -66.52288, 18.00281 ], [ -66.52146, 18.00265 ], [ -66.52085, 18.00319 ], [ -66.52039, 18.00316 ], [ -66.51878, 18.00222 ], [ -66.51868, 18.00215 ], [ -66.51857, 18.00211 ], [ -66.51833, 18.00207 ], [ -66.51818, 18.00205 ], [ -66.51807, 18.00202 ], [ -66.51788, 18.00193 ], [ -66.51763, 18.00179 ], [ -66.51738, 18.00171 ], [ -66.51718, 18.00167 ], [ -66.51689, 18.00163 ] ] } },
{ "type": "Feature", "properties": { "fcode": 33600, "label": "Canal or ditch", "name": null, "source": "NHDPlus HR non network flowline", "length_mi": 0.05, "directed": false, "direction": "unknown" }, "geometry": { "type": "LineString", "coordinates": [ [ -66.61284, 17.97764 ], [ -66.61203, 17.9775 ] ] } },
{ "type": "Feature", "properties": { "fcode": 33600, "label": "Canal or ditch", "name": null, "source": "NHDPlus HR non network flowline", "length_mi": 0.29, "directed": false, "direction": "unknown" }, "geometry": { "type": "LineString", "coordinates": [ [ -66.5733, 17.97481 ], [ -66.57364, 17.9746 ], [ -66.5741, 17.97432 ], [ -66.57463, 17.97403 ], [ -66.57557, 17.97346 ], [ -66.57575, 17.9733 ], [ -66.57582, 17.97315 ], [ -66.57579, 17.97292 ], [ -66.57562, 17.97252 ], [ -66.57544, 17.97214 ], [ -66.57535, 17.97202 ] ] } },
{ "type": "Feature", "properties": { "fcode": 33600, "label": "Canal or ditch", "name": null, "source": "NHDPlus HR non network flowline", "length_mi": 0.15, "directed": false, "direction": "unknown" }, "geometry": { "type": "LineString", "coordinates": [ [ -66.58848, 17.9855 ], [ -66.58842, 17.98328 ] ] } },
{ "type": "Feature", "properties": { "fcode": 33600, "label": "Canal or ditch", "name": null, "source": "NHDPlus HR non network flowline", "length_mi": 0.79, "directed": false, "direction": "unknown" }, "geometry": { "type": "LineString", "coordinates": [ [ -66.98401, 18.00603 ], [ -66.98563, 18.00639 ], [ -66.98739, 18.00676 ], [ -66.98831, 18.00695 ], [ -66.98888, 18.00712 ], [ -66.98951, 18.00719 ], [ -66.99136, 18.00742 ], [ -66.99397, 18.0078 ], [ -66.99579, 18.00806 ] ] } },
{ "type": "Feature", "properties": { "fcode": 33600, "label": "Canal or ditch", "name": null, "source": "NHDPlus HR non network flowline", "length_mi": 0.15, "directed": false, "direction": "unknown" }, "geometry": { "type": "LineString", "coordinates": [ [ -66.57062, 17.97561 ], [ -66.57054, 17.97446 ], [ -66.57048, 17.97342 ] ] } },
{ "type": "Feature", "properties": { "fcode": 33600, "label": "Canal or ditch", "name": null, "source": "NHDPlus HR non network flowline", "length_mi": 0.52, "directed": true, "direction": "inferred" }, "geometry": { "type": "LineString", "coordinates": [ [ -66.38916, 17.97976 ], [ -66.38915, 17.97942 ], [ -66.38916, 17.97927 ], [ -66.38899, 17.97905 ], [ -66.38896, 17.97894 ], [ -66.389, 17.97601 ], [ -66.38981, 17.97239 ] ] } },
{ "type": "Feature", "properties": { "fcode": 33600, "label": "Canal or ditch", "name": null, "source": "NHDPlus HR non network flowline", "length_mi": 0.28, "directed": false, "direction": "unknown" }, "geometry": { "type": "LineString", "coordinates": [ [ -66.52242, 17.99007 ], [ -66.52118, 17.98861 ], [ -66.52044, 17.98775 ], [ -66.52033, 17.98763 ], [ -66.52022, 17.9874 ], [ -66.51961, 17.98764 ] ] } },
{ "type": "Feature", "properties": { "fcode": 33600, "label": "Canal or ditch", "name": null, "source": "NHDPlus HR non network flowline", "length_mi": 0.14, "directed": false, "direction": "unknown" }, "geometry": { "type": "LineString", "coordinates": [ [ -66.58986, 17.975 ], [ -66.58952, 17.97504 ], [ -66.58947, 17.97456 ], [ -66.58943, 17.97431 ], [ -66.58924, 17.97375 ], [ -66.5891, 17.97337 ] ] } },
{ "type": "Feature", "properties": { "fcode": 33600, "label": "Canal or ditch", "name": null, "source": "NHDPlus HR non network flowline", "length_mi": 0.19, "directed": false, "direction": "unknown" }, "geometry": { "type": "LineString", "coordinates": [ [ -66.56355, 17.98716 ], [ -66.56226, 17.98465 ] ] } },
{ "type": "Feature", "properties": { "fcode": 33600, "label": "Canal or ditch", "name": null, "source": "NHDPlus HR non network flowline", "length_mi": 0.13, "directed": false, "direction": "unknown" }, "geometry": { "type": "LineString", "coordinates": [ [ -66.58643, 17.97016 ], [ -66.58728, 17.96964 ], [ -66.58767, 17.96942 ], [ -66.58786, 17.96932 ], [ -66.588, 17.96931 ], [ -66.58816, 17.96933 ] ] } },
{ "type": "Feature", "properties": { "fcode": 33600, "label": "Canal or ditch", "name": "Canal Principal De Riego Valle De Lajas", "source": "NHDPlus HR non network flowline", "length_mi": 1.16, "directed": false, "direction": "unknown" }, "geometry": { "type": "LineString", "coordinates": [ [ -66.99302, 18.04511 ], [ -66.99304, 18.04511 ], [ -66.9932, 18.04499 ], [ -66.99335, 18.04488 ], [ -66.99349, 18.04482 ], [ -66.99358, 18.04481 ], [ -66.9937, 18.04485 ], [ -66.99387, 18.04489 ], [ -66.99409, 18.04496 ], [ -66.99425, 18.04498 ], [ -66.99434, 18.04497 ], [ -66.99448, 18.04492 ], [ -66.99477, 18.04478 ], [ -66.99516, 18.04459 ], [ -66.99532, 18.04453 ], [ -66.99542, 18.04451 ], [ -66.99555, 18.04452 ], [ -66.99573, 18.04454 ], [ -66.99591, 18.04457 ], [ -66.99605, 18.04459 ], [ -66.99619, 18.04458 ], [ -66.9963, 18.04456 ], [ -66.99647, 18.04452 ], [ -66.99661, 18.04445 ], [ -66.99687, 18.04436 ], [ -66.99712, 18.04424 ], [ -66.99727, 18.04418 ], [ -66.99744, 18.04414 ], [ -66.99759, 18.04413 ], [ -66.99786, 18.04408 ], [ -66.99817, 18.04402 ], [ -66.99842, 18.044 ], [ -66.99854, 18.04397 ], [ -66.99865, 18.04392 ], [ -66.99882, 18.04378 ], [ -66.99893, 18.04371 ], [ -66.999, 18.0437 ], [ -66.99907, 18.04369 ], [ -66.99914, 18.0437 ], [ -66.99927, 18.04371 ], [ -66.99946, 18.04369 ], [ -66.99962, 18.04367 ], [ -66.99975, 18.04364 ], [ -66.99997, 18.04353 ], [ -67.00013, 18.04345 ], [ -67.0002, 18.04344 ], [ -67.00062, 18.04338 ], [ -67.00078, 18.04336 ], [ -67.00086, 18.04338 ], [ -67.001, 18.04343 ], [ -67.00116, 18.0435 ], [ -67.00127, 18.04355 ], [ -67.00135, 18.04356 ], [ -67.00142, 18.04354 ], [ -67.00152, 18.04346 ], [ -67.00161, 18.04339 ], [ -67.00169, 18.04336 ], [ -67.00178, 18.04335 ], [ -67.00187, 18.04337 ], [ -67.00199, 18.04341 ], [ -67.00218, 18.04346 ], [ -67.00231, 18.04347 ], [ -67.00251, 18.04345 ], [ -67.00273, 18.0434 ], [ -67.00287, 18.04339 ], [ -67.00298, 18.04344 ], [ -67.00308, 18.0435 ], [ -67.00316, 18.04354 ], [ -67.00325, 18.04355 ], [ -67.00337, 18.04355 ], [ -67.00346, 18.04355 ], [ -67.00355, 18.04358 ], [ -67.00366, 18.04364 ], [ -67.00374, 18.04369 ], [ -67.00384, 18.04372 ], [ -67.00393, 18.0437 ], [ -67.004, 18.04367 ], [ -67.00404, 18.04363 ], [ -67.00414, 18.04347 ], [ -67.00434, 18.04318 ], [ -67.00441, 18.04312 ], [ -67.0045, 18.0431 ], [ -67.00472, 18.04308 ], [ -67.005, 18.04304 ], [ -67.00524, 18.04301 ], [ -67.00536, 18.04302 ], [ -67.00551, 18.04306 ], [ -67.00561, 18.04314 ], [ -67.00566, 18.04325 ], [ -67.00573, 18.04341 ], [ -67.0058, 18.04349 ], [ -67.00588, 18.04353 ], [ -67.00595, 18.04353 ], [ -67.00603, 18.04349 ], [ -67.0061, 18.04345 ], [ -67.00619, 18.04338 ], [ -67.0063, 18.04332 ], [ -67.00641, 18.04331 ], [ -67.0065, 18.04333 ], [ -67.00662, 18.04337 ], [ -67.00674, 18.04338 ], [ -67.00682, 18.04335 ], [ -67.00686, 18.04331 ], [ -67.00688, 18.04327 ], [ -67.00689, 18.04318 ], [ -67.00688, 18.04305 ], [ -67.0069, 18.04297 ], [ -67.00698, 18.04288 ], [ -67.00704, 18.04285 ], [ -67.00716, 18.04283 ], [ -67.00727, 18.04285 ], [ -67.00738, 18.04291 ], [ -67.00744, 18.043 ], [ -67.0075, 18.04308 ], [ -67.00758, 18.04315 ], [ -67.0077, 18.04321 ], [ -67.00785, 18.04328 ], [ -67.00799, 18.04328 ], [ -67.00809, 18.0433 ], [ -67.00823, 18.04335 ], [ -67.00846, 18.04342 ], [ -67.00869, 18.0435 ] ] } },
{ "type": "Feature", "properties": { "fcode": 33600, "label": "Canal or ditch", "name": null, "source": "NHDPlus HR non network flowline", "length_mi": 0.09, "directed": false, "direction": "unknown" }, "geometry": { "type": "LineString", "coordinates": [ [ -66.55591, 17.99806 ], [ -66.55591, 17.99895 ], [ -66.55594, 17.99943 ] ] } },
{ "type": "Feature", "properties": { "fcode": 33600, "label": "Canal or ditch", "name": null, "source": "NHDPlus HR non network flowline", "length_mi": 0.77, "directed": true, "direction": "inferred" }, "geometry": { "type": "LineString", "coordinates": [ [ -66.79231, 18.01603 ], [ -66.79214, 18.01424 ], [ -66.792, 18.01273 ], [ -66.79177, 18.01054 ], [ -66.7917, 18.00964 ], [ -66.79153, 18.0093 ], [ -66.79071, 18.00771 ], [ -66.79016, 18.00642 ], [ -66.78995, 18.00577 ], [ -66.78988, 18.00542 ], [ -66.78986, 18.00518 ] ] } },
{ "type": "Feature", "properties": { "fcode": 33600, "label": "Canal or ditch", "name": null, "source": "NHDPlus HR non network flowline", "length_mi": 0.27, "directed": false, "direction": "unknown" }, "geometry": { "type": "LineString", "coordinates": [ [ -66.52427, 18.00001 ], [ -66.52425, 18.00022 ], [ -66.52423, 18.00027 ], [ -66.52414, 18.00029 ], [ -66.52307, 18.00033 ], [ -66.52297, 18.00034 ], [ -66.52294, 18.00036 ], [ -66.52293, 18.00041 ], [ -66.52291, 18.00084 ], [ -66.52293, 18.00182 ], [ -66.52294, 18.00192 ], [ -66.52287, 18.00212 ], [ -66.52288, 18.00281 ] ] } },
{ "type": "Feature", "properties": { "fcode": 33600, "label": "Canal or ditch", "name": null, "source": "NHDPlus HR non network flowline", "length_mi": 0.47, "directed": false, "direction": "unknown" }, "geometry": { "type": "LineString", "coordinates": [ [ -66.55811, 17.9866 ], [ -66.55752, 17.98448 ], [ -66.55725, 17.98368 ], [ -66.55641, 17.98107 ], [ -66.55607, 17.98002 ] ] } },
{ "type": "Feature", "properties": { "fcode": 33600, "label": "Canal or ditch", "name": null, "source": "NHDPlus HR non network flowline", "length_mi": 0.55, "directed": true, "direction": "inferred" }, "geometry": { "type": "LineString", "coordinates": [ [ -66.50904, 18.02299 ], [ -66.50872, 18.02063 ], [ -66.5087, 18.02052 ], [ -66.50871, 18.02046 ], [ -66.50874, 18.02044 ], [ -66.51061, 18.02014 ], [ -66.51106, 18.02008 ], [ -66.5113, 18.02001 ], [ -66.51144, 18.01995 ], [ -66.51161, 18.01979 ], [ -66.51186, 18.01943 ], [ -66.51218, 18.01886 ], [ -66.51247, 18.0184 ], [ -66.51269, 18.01809 ], [ -66.51297, 18.01783 ], [ -66.51318, 18.01773 ] ] } },
{ "type": "Feature", "properties": { "fcode": 33600, "label": "Canal or ditch", "name": null, "source": "NHDPlus HR non network flowline", "length_mi": 0.15, "directed": false, "direction": "unknown" }, "geometry": { "type": "LineString", "coordinates": [ [ -66.46785, 18.03236 ], [ -66.46776, 18.0324 ], [ -66.46771, 18.03241 ], [ -66.46761, 18.03236 ], [ -66.46751, 18.03231 ], [ -66.46744, 18.03224 ], [ -66.46738, 18.03211 ], [ -66.46733, 18.03192 ], [ -66.46732, 18.03178 ], [ -66.46729, 18.03163 ], [ -66.46726, 18.03152 ], [ -66.46719, 18.03141 ], [ -66.46713, 18.03127 ], [ -66.46708, 18.03119 ], [ -66.467, 18.03107 ], [ -66.46693, 18.03097 ], [ -66.46681, 18.03091 ], [ -66.4667, 18.03086 ], [ -66.4666, 18.03082 ], [ -66.46657, 18.0308 ] ] } },
{ "type": "Feature", "properties": { "fcode": 33600, "label": "Canal or ditch", "name": null, "source": "NHDPlus HR non network flowline", "length_mi": 0.1, "directed": false, "direction": "unknown" }, "geometry": { "type": "LineString", "coordinates": [ [ -66.58833, 17.98108 ], [ -66.58687, 17.98117 ] ] } },
{ "type": "Feature", "properties": { "fcode": 33600, "label": "Canal or ditch", "name": null, "source": "NHDPlus HR non network flowline", "length_mi": 0.79, "directed": true, "direction": "inferred" }, "geometry": { "type": "LineString", "coordinates": [ [ -66.54687, 18.00195 ], [ -66.54726, 18.00193 ], [ -66.55142, 18.00151 ], [ -66.55145, 18.00143 ], [ -66.55148, 18.00136 ], [ -66.55225, 18.00131 ], [ -66.5523, 18.00006 ], [ -66.55281, 17.99959 ], [ -66.55309, 17.99805 ], [ -66.55529, 17.99807 ], [ -66.55534, 17.99806 ], [ -66.55591, 17.99806 ] ] } },
{ "type": "Feature", "properties": { "fcode": 33600, "label": "Canal or ditch", "name": null, "source": "NHDPlus HR non network flowline", "length_mi": 0.44, "directed": false, "direction": "unknown" }, "geometry": { "type": "LineString", "coordinates": [ [ -66.4687, 17.99293 ], [ -66.46986, 17.99286 ], [ -66.47, 17.99285 ], [ -66.47096, 17.99273 ], [ -66.4741, 17.99239 ], [ -66.47462, 17.99232 ], [ -66.47492, 17.99233 ], [ -66.47536, 17.99231 ] ] } },
{ "type": "Feature", "properties": { "fcode": 33600, "label": "Canal or ditch", "name": null, "source": "NHDPlus HR non network flowline", "length_mi": 0.03, "directed": false, "direction": "unknown" }, "geometry": { "type": "LineString", "coordinates": [ [ -66.56339, 17.98167 ], [ -66.56324, 17.98122 ] ] } },
{ "type": "Feature", "properties": { "fcode": 33600, "label": "Canal or ditch", "name": null, "source": "NHDPlus HR non network flowline", "length_mi": 0.12, "directed": false, "direction": "unknown" }, "geometry": { "type": "LineString", "coordinates": [ [ -66.72061, 17.99159 ], [ -66.71889, 17.99122 ] ] } },
{ "type": "Feature", "properties": { "fcode": 33600, "label": "Canal or ditch", "name": null, "source": "NHDPlus HR non network flowline", "length_mi": 0.24, "directed": false, "direction": "unknown" }, "geometry": { "type": "LineString", "coordinates": [ [ -66.47718, 17.99564 ], [ -66.47715, 17.99545 ], [ -66.47791, 17.99327 ], [ -66.47782, 17.99222 ] ] } },
{ "type": "Feature", "properties": { "fcode": 33600, "label": "Canal or ditch", "name": null, "source": "NHDPlus HR non network flowline", "length_mi": 0.12, "directed": false, "direction": "unknown" }, "geometry": { "type": "LineString", "coordinates": [ [ -66.60527, 17.97551 ], [ -66.60658, 17.9744 ] ] } },
{ "type": "Feature", "properties": { "fcode": 33600, "label": "Canal or ditch", "name": null, "source": "NHDPlus HR non network flowline", "length_mi": 0.08, "directed": false, "direction": "unknown" }, "geometry": { "type": "LineString", "coordinates": [ [ -66.48253, 17.99712 ], [ -66.48239, 17.996 ] ] } },
{ "type": "Feature", "properties": { "fcode": 33600, "label": "Canal or ditch", "name": null, "source": "NHDPlus HR non network flowline", "length_mi": 0.3, "directed": false, "direction": "unknown" }, "geometry": { "type": "LineString", "coordinates": [ [ -66.72777, 17.99585 ], [ -66.72582, 17.99526 ], [ -66.72412, 17.99475 ], [ -66.72349, 17.99455 ] ] } },
{ "type": "Feature", "properties": { "fcode": 33600, "label": "Canal or ditch", "name": null, "source": "NHDPlus HR non network flowline", "length_mi": 0.08, "directed": false, "direction": "unknown" }, "geometry": { "type": "LineString", "coordinates": [ [ -66.99288, 18.02768 ], [ -66.99394, 18.02721 ] ] } },
{ "type": "Feature", "properties": { "fcode": 33600, "label": "Canal or ditch", "name": null, "source": "NHDPlus HR non network flowline", "length_mi": 0.08, "directed": false, "direction": "unknown" }, "geometry": { "type": "LineString", "coordinates": [ [ -66.59458, 17.97771 ], [ -66.59444, 17.97657 ] ] } },
{ "type": "Feature", "properties": { "fcode": 33600, "label": "Canal or ditch", "name": "Canal Principal De Riego Valle De Lajas", "source": "NHDPlus HR non network flowline", "length_mi": 0.11, "directed": false, "direction": "unknown" }, "geometry": { "type": "LineString", "coordinates": [ [ -67.05945, 18.04361 ], [ -67.05992, 18.04349 ], [ -67.06023, 18.04344 ], [ -67.06068, 18.04338 ], [ -67.06112, 18.04331 ] ] } },
{ "type": "Feature", "properties": { "fcode": 33600, "label": "Canal or ditch", "name": null, "source": "NHDPlus HR non network flowline", "length_mi": 0.18, "directed": false, "direction": "unknown" }, "geometry": { "type": "LineString", "coordinates": [ [ -66.48239, 17.99714 ], [ -66.48074, 17.99695 ], [ -66.48079, 17.99589 ] ] } },
{ "type": "Feature", "properties": { "fcode": 33600, "label": "Canal or ditch", "name": null, "source": "NHDPlus HR non network flowline", "length_mi": 0.1, "directed": false, "direction": "unknown" }, "geometry": { "type": "LineString", "coordinates": [ [ -66.54863, 17.99408 ], [ -66.54836, 17.99401 ], [ -66.54769, 17.99379 ], [ -66.54724, 17.99363 ] ] } },
{ "type": "Feature", "properties": { "fcode": 33600, "label": "Canal or ditch", "name": null, "source": "NHDPlus HR non network flowline", "length_mi": 0.49, "directed": true, "direction": "inferred" }, "geometry": { "type": "LineString", "coordinates": [ [ -66.48815, 18.00749 ], [ -66.48815, 18.00727 ], [ -66.48817, 18.00691 ], [ -66.48818, 18.0066 ], [ -66.48818, 18.00604 ], [ -66.48818, 18.00546 ], [ -66.48819, 18.00488 ], [ -66.4882, 18.00443 ], [ -66.48821, 18.00421 ], [ -66.48821, 18.00408 ], [ -66.4882, 18.00383 ], [ -66.48817, 18.00349 ], [ -66.48816, 18.00291 ], [ -66.48812, 18.00249 ], [ -66.48809, 18.00205 ], [ -66.48805, 18.00159 ], [ -66.488, 18.00098 ], [ -66.48797, 18.00061 ], [ -66.48795, 18.0004 ] ] } },
{ "type": "Feature", "properties": { "fcode": 33600, "label": "Canal or ditch", "name": null, "source": "NHDPlus HR non network flowline", "length_mi": 0.12, "directed": false, "direction": "unknown" }, "geometry": { "type": "LineString", "coordinates": [ [ -66.48353, 17.9917 ], [ -66.48348, 17.99168 ], [ -66.48213, 17.99069 ] ] } },
{ "type": "Feature", "properties": { "fcode": 33600, "label": "Canal or ditch", "name": "Canal Principal De Riego Valle De Lajas", "source": "NHDPlus HR non network flowline", "length_mi": 0.15, "directed": false, "direction": "unknown" }, "geometry": { "type": "LineString", "coordinates": [ [ -67.11969, 18.03316 ], [ -67.11979, 18.03303 ], [ -67.11985, 18.03295 ], [ -67.1199, 18.03292 ], [ -67.11996, 18.03289 ], [ -67.12002, 18.03288 ], [ -67.12006, 18.03289 ], [ -67.12015, 18.03294 ], [ -67.12055, 18.03315 ], [ -67.12123, 18.0335 ], [ -67.12126, 18.03352 ], [ -67.12129, 18.03357 ], [ -67.12131, 18.03366 ], [ -67.12131, 18.03368 ], [ -67.12132, 18.03371 ], [ -67.12137, 18.03375 ], [ -67.12154, 18.03382 ] ] } },
{ "type": "Feature", "properties": { "fcode": 33600, "label": "Canal or ditch", "name": null, "source": "NHDPlus HR non network flowline", "length_mi": 0.41, "directed": false, "direction": "unknown" }, "geometry": { "type": "LineString", "coordinates": [ [ -67.16449, 18.17318 ], [ -67.16375, 18.17312 ], [ -67.16355, 18.17319 ], [ -67.16168, 18.17303 ], [ -67.15998, 18.17289 ], [ -67.1591, 18.17281 ], [ -67.15882, 18.17277 ], [ -67.1583, 18.17276 ], [ -67.15825, 18.17279 ] ] } },
{ "type": "Feature", "properties": { "fcode": 33600, "label": "Canal or ditch", "name": null, "source": "NHDPlus HR non network flowline", "length_mi": 0.03, "directed": false, "direction": "unknown" }, "geometry": { "type": "LineString", "coordinates": [ [ -66.49483, 18.00845 ], [ -66.49439, 18.00835 ], [ -66.49433, 18.00833 ] ] } },
{ "type": "Feature", "properties": { "fcode": 33600, "label": "Canal or ditch", "name": null, "source": "NHDPlus HR non network flowline", "length_mi": 0.03, "directed": false, "direction": "unknown" }, "geometry": { "type": "LineString", "coordinates": [ [ -66.71889, 17.99122 ], [ -66.71901, 17.99077 ] ] } },
{ "type": "Feature", "properties": { "fcode": 33600, "label": "Canal or ditch", "name": null, "source": "NHDPlus HR non network flowline", "length_mi": 0.37, "directed": false, "direction": "unknown" }, "geometry": { "type": "LineString", "coordinates": [ [ -66.57541, 17.9934 ], [ -66.57578, 17.9922 ], [ -66.57611, 17.99105 ], [ -66.57618, 17.99085 ], [ -66.57628, 17.99 ], [ -66.57723, 17.98845 ] ] } },
{ "type": "Feature", "properties": { "fcode": 33600, "label": "Canal or ditch", "name": null, "source": "NHDPlus HR non network flowline", "length_mi": 0.16, "directed": false, "direction": "unknown" }, "geometry": { "type": "LineString", "coordinates": [ [ -66.57723, 17.98845 ], [ -66.57724, 17.98607 ] ] } },
{ "type": "Feature", "properties": { "fcode": 33600, "label": "Canal or ditch", "name": null, "source": "NHDPlus HR non network flowline", "length_mi": 0.18, "directed": false, "direction": "unknown" }, "geometry": { "type": "LineString", "coordinates": [ [ -67.15633, 18.02232 ], [ -67.15625, 18.02262 ], [ -67.156, 18.02336 ], [ -67.15574, 18.0242 ], [ -67.15554, 18.0248 ] ] } },
{ "type": "Feature", "properties": { "fcode": 33600, "label": "Canal or ditch", "name": "Canal Principal De Riego Valle De Lajas", "source": "NHDPlus HR non network flowline", "length_mi": 0.23, "directed": false, "direction": "unknown" }, "geometry": { "type": "LineString", "coordinates": [ [ -67.01089, 18.04296 ], [ -67.01092, 18.04295 ], [ -67.01095, 18.04296 ], [ -67.011, 18.04304 ], [ -67.01107, 18.04313 ], [ -67.01127, 18.04337 ], [ -67.01142, 18.04342 ], [ -67.01157, 18.04346 ], [ -67.01174, 18.0435 ], [ -67.01182, 18.0435 ], [ -67.0119, 18.04349 ], [ -67.012, 18.04344 ], [ -67.01219, 18.04331 ], [ -67.01234, 18.04319 ], [ -67.01241, 18.0431 ], [ -67.01249, 18.04304 ], [ -67.01255, 18.04303 ], [ -67.01261, 18.04303 ], [ -67.01278, 18.04303 ], [ -67.01291, 18.04303 ], [ -67.01303, 18.04307 ], [ -67.01311, 18.04315 ], [ -67.01316, 18.04328 ], [ -67.01317, 18.04336 ], [ -67.01314, 18.04349 ], [ -67.01311, 18.04355 ], [ -67.01305, 18.04368 ], [ -67.01297, 18.04385 ], [ -67.01293, 18.04394 ] ] } },
{ "type": "Feature", "properties": { "fcode": 33600, "label": "Canal or ditch", "name": null, "source": "NHDPlus HR non network flowline", "length_mi": 0.54, "directed": true, "direction": "inferred" }, "geometry": { "type": "LineString", "coordinates": [ [ -66.59264, 17.99775 ], [ -66.59234, 17.99675 ], [ -66.59215, 17.99613 ], [ -66.59205, 17.99602 ], [ -66.59182, 17.99598 ], [ -66.59168, 17.99497 ], [ -66.59163, 17.99422 ], [ -66.59161, 17.99408 ], [ -66.59148, 17.99394 ], [ -66.59143, 17.99378 ], [ -66.59144, 17.99365 ], [ -66.59146, 17.99361 ], [ -66.59129, 17.99218 ], [ -66.58939, 17.99171 ] ] } },
{ "type": "Feature", "properties": { "fcode": 33600, "label": "Canal or ditch", "name": null, "source": "NHDPlus HR non network flowline", "length_mi": 0.03, "directed": false, "direction": "unknown" }, "geometry": { "type": "LineString", "coordinates": [ [ -66.72419, 17.99252 ], [ -66.72431, 17.99205 ] ] } },
{ "type": "Feature", "properties": { "fcode": 33600, "label": "Canal or ditch", "name": null, "source": "NHDPlus HR non network flowline", "length_mi": 0.13, "directed": false, "direction": "unknown" }, "geometry": { "type": "LineString", "coordinates": [ [ -66.43796, 17.98035 ], [ -66.43999, 17.98028 ] ] } },
{ "type": "Feature", "properties": { "fcode": 33600, "label": "Canal or ditch", "name": null, "source": "NHDPlus HR non network flowline", "length_mi": 0.05, "directed": false, "direction": "unknown" }, "geometry": { "type": "LineString", "coordinates": [ [ -66.96365, 18.04035 ], [ -66.96343, 18.0406 ], [ -66.96299, 18.04066 ] ] } },
{ "type": "Feature", "properties": { "fcode": 33600, "label": "Canal or ditch", "name": null, "source": "NHDPlus HR non network flowline", "length_mi": 0.03, "directed": false, "direction": "unknown" }, "geometry": { "type": "LineString", "coordinates": [ [ -66.58527, 17.98265 ], [ -66.58562, 17.98249 ] ] } },
{ "type": "Feature", "properties": { "fcode": 33600, "label": "Canal or ditch", "name": "Canal Principal De Riego Valle De Lajas", "source": "NHDPlus HR non network flowline", "length_mi": 0.15, "directed": false, "direction": "unknown" }, "geometry": { "type": "LineString", "coordinates": [ [ -66.93898, 18.04037 ], [ -66.93903, 18.04037 ], [ -66.9391, 18.04036 ], [ -66.93926, 18.0403 ], [ -66.93944, 18.04022 ], [ -66.9396, 18.04015 ], [ -66.93972, 18.04011 ], [ -66.9398, 18.0401 ], [ -66.93987, 18.04011 ], [ -66.93995, 18.04014 ], [ -66.94006, 18.04018 ], [ -66.94019, 18.04023 ], [ -66.94036, 18.04033 ], [ -66.94048, 18.04045 ], [ -66.94056, 18.04058 ], [ -66.94063, 18.04074 ], [ -66.94064, 18.04084 ], [ -66.94068, 18.04103 ] ] } },
{ "type": "Feature", "properties": { "fcode": 33600, "label": "Canal or ditch", "name": null, "source": "NHDPlus HR non network flowline", "length_mi": 0.19, "directed": false, "direction": "unknown" }, "geometry": { "type": "LineString", "coordinates": [ [ -66.94749, 18.01095 ], [ -66.94473, 18.01045 ] ] } },
{ "type": "Feature", "properties": { "fcode": 33600, "label": "Canal or ditch", "name": null, "source": "NHDPlus HR non network flowline", "length_mi": 0.35, "directed": false, "direction": "unknown" }, "geometry": { "type": "LineString", "coordinates": [ [ -67.12627, 18.03485 ], [ -67.12676, 18.035 ], [ -67.12702, 18.03507 ], [ -67.12764, 18.03523 ], [ -67.12774, 18.03525 ], [ -67.1283, 18.03541 ], [ -67.12852, 18.03548 ], [ -67.12874, 18.0356 ], [ -67.12896, 18.03576 ], [ -67.12907, 18.03583 ], [ -67.12925, 18.03588 ], [ -67.12946, 18.03592 ], [ -67.12987, 18.03597 ], [ -67.13003, 18.03598 ], [ -67.13024, 18.03606 ], [ -67.13035, 18.03617 ], [ -67.1305, 18.0364 ], [ -67.13059, 18.03648 ], [ -67.1308, 18.03657 ], [ -67.13116, 18.03666 ] ] } },
{ "type": "Feature", "properties": { "fcode": 33600, "label": "Canal or ditch", "name": null, "source": "NHDPlus HR non network flowline", "length_mi": 0.08, "directed": false, "direction": "unknown" }, "geometry": { "type": "LineString", "coordinates": [ [ -66.72348, 17.99178 ], [ -66.7234, 17.99169 ], [ -66.72322, 17.99157 ], [ -66.72277, 17.99142 ], [ -66.72239, 17.99133 ] ] } },
{ "type": "Feature", "properties": { "fcode": 33600, "label": "Canal or ditch", "name": null, "source": "NHDPlus HR non network flowline", "length_mi": 0.15, "directed": false, "direction": "unknown" }, "geometry": { "type": "LineString", "coordinates": [ [ -66.58172, 17.98609 ], [ -66.58258, 17.98576 ], [ -66.58382, 17.9852 ] ] } },
{ "type": "Feature", "properties": { "fcode": 33600, "label": "Canal or ditch", "name": null, "source": "NHDPlus HR non network flowline", "length_mi": 0.0, "directed": false, "direction": "unknown" }, "geometry": { "type": "LineString", "coordinates": [ [ -66.55844, 17.99808 ], [ -66.55844, 17.99803 ] ] } },
{ "type": "Feature", "properties": { "fcode": 33600, "label": "Canal or ditch", "name": null, "source": "NHDPlus HR non network flowline", "length_mi": 0.67, "directed": false, "direction": "unknown" }, "geometry": { "type": "LineString", "coordinates": [ [ -66.56845, 18.00306 ], [ -66.56854, 18.00268 ], [ -66.56883, 18.00136 ], [ -66.56902, 18.00043 ], [ -66.56934, 17.99895 ], [ -66.56951, 17.99818 ], [ -66.56956, 17.99803 ], [ -66.56973, 17.99729 ], [ -66.56991, 17.99636 ], [ -66.57002, 17.99565 ], [ -66.57014, 17.9951 ], [ -66.57026, 17.99455 ], [ -66.57038, 17.99398 ], [ -66.57047, 17.99357 ] ] } },
{ "type": "Feature", "properties": { "fcode": 33600, "label": "Canal or ditch", "name": null, "source": "NHDPlus HR non network flowline", "length_mi": 0.08, "directed": false, "direction": "unknown" }, "geometry": { "type": "LineString", "coordinates": [ [ -66.55311, 17.99802 ], [ -66.55333, 17.99694 ] ] } },
{ "type": "Feature", "properties": { "fcode": 33600, "label": "Canal or ditch", "name": null, "source": "NHDPlus HR non network flowline", "length_mi": 0.06, "directed": false, "direction": "unknown" }, "geometry": { "type": "LineString", "coordinates": [ [ -66.44233, 17.97766 ], [ -66.4427, 17.97726 ], [ -66.4428, 17.97714 ], [ -66.44293, 17.97706 ], [ -66.44298, 17.97703 ] ] } },
{ "type": "Feature", "properties": { "fcode": 33600, "label": "Canal or ditch", "name": null, "source": "NHDPlus HR non network flowline", "length_mi": 0.32, "directed": false, "direction": "unknown" }, "geometry": { "type": "LineString", "coordinates": [ [ -66.58172, 17.98609 ], [ -66.58161, 17.98402 ], [ -66.58145, 17.98183 ], [ -66.58143, 17.98139 ] ] } },
{ "type": "Feature", "properties": { "fcode": 33600, "label": "Canal or ditch", "name": null, "source": "NHDPlus HR non network flowline", "length_mi": 0.21, "directed": true, "direction": "inferred" }, "geometry": { "type": "LineString", "coordinates": [ [ -66.46407, 18.02973 ], [ -66.46407, 18.02974 ], [ -66.46409, 18.02976 ], [ -66.46415, 18.02978 ], [ -66.46421, 18.02982 ], [ -66.4643, 18.02987 ], [ -66.46439, 18.02994 ], [ -66.4645, 18.03005 ], [ -66.46462, 18.03015 ], [ -66.4647, 18.03029 ], [ -66.46479, 18.03043 ], [ -66.46489, 18.03058 ], [ -66.46498, 18.03069 ], [ -66.46507, 18.03077 ], [ -66.46514, 18.03081 ], [ -66.46518, 18.03082 ], [ -66.46523, 18.0308 ], [ -66.46529, 18.03078 ], [ -66.4654, 18.03071 ], [ -66.46557, 18.03062 ], [ -66.46566, 18.03055 ], [ -66.46585, 18.03047 ], [ -66.46595, 18.03043 ], [ -66.46607, 18.03044 ], [ -66.46616, 18.03047 ], [ -66.46625, 18.03052 ], [ -66.46634, 18.0306 ], [ -66.46644, 18.03068 ], [ -66.46653, 18.03077 ], [ -66.46657, 18.0308 ] ] } },
{ "type": "Feature", "properties": { "fcode": 33600, "label": "Canal or ditch", "name": "Canal Principal De Riego Valle De Lajas", "source": "NHDPlus HR non network flowline", "length_mi": 0.27, "directed": true, "direction": "inferred" }, "geometry": { "type": "LineString", "coordinates": [ [ -66.88817, 18.04107 ], [ -66.88818, 18.041 ], [ -66.88818, 18.04093 ], [ -66.88816, 18.04085 ], [ -66.88813, 18.04077 ], [ -66.8881, 18.0407 ], [ -66.8881, 18.04064 ], [ -66.8881, 18.04061 ], [ -66.88814, 18.04049 ], [ -66.88821, 18.04039 ], [ -66.88832, 18.0402 ], [ -66.8884, 18.04005 ], [ -66.88844, 18.04003 ], [ -66.8885, 18.03999 ], [ -66.88854, 18.03997 ], [ -66.88858, 18.03993 ], [ -66.8886, 18.03987 ], [ -66.88864, 18.03967 ], [ -66.88868, 18.03951 ], [ -66.88872, 18.03938 ], [ -66.88873, 18.03929 ], [ -66.88874, 18.03919 ], [ -66.88873, 18.03913 ], [ -66.88874, 18.03904 ], [ -66.88878, 18.03888 ], [ -66.88883, 18.0387 ], [ -66.88888, 18.03863 ], [ -66.88895, 18.03856 ], [ -66.88909, 18.03846 ], [ -66.88923, 18.03838 ], [ -66.88946, 18.03827 ], [ -66.88955, 18.03822 ], [ -66.88963, 18.03815 ], [ -66.88968, 18.03804 ], [ -66.88973, 18.03794 ], [ -66.88978, 18.03788 ], [ -66.88987, 18.03784 ] ] } },
{ "type": "Feature", "properties": { "fcode": 33600, "label": "Canal or ditch", "name": null, "source": "NHDPlus HR non network flowline", "length_mi": 0.02, "directed": false, "direction": "unknown" }, "geometry": { "type": "LineString", "coordinates": [ [ -67.14121, 18.03583 ], [ -67.14145, 18.03586 ] ] } },
{ "type": "Feature", "properties": { "fcode": 33600, "label": "Canal or ditch", "name": null, "source": "NHDPlus HR non network flowline", "length_mi": 0.37, "directed": false, "direction": "unknown" }, "geometry": { "type": "LineString", "coordinates": [ [ -66.58976, 17.9876 ], [ -66.58965, 17.98623 ], [ -66.58949, 17.98435 ], [ -66.58931, 17.98227 ] ] } },
{ "type": "Feature", "properties": { "fcode": 33600, "label": "Canal or ditch", "name": "Canal Principal De Riego Valle De Lajas", "source": "NHDPlus HR non network flowline", "length_mi": 0.02, "directed": false, "direction": "unknown" }, "geometry": { "type": "LineString", "coordinates": [ [ -67.07727, 18.0379 ], [ -67.07763, 18.03784 ] ] } },
{ "type": "Feature", "properties": { "fcode": 33600, "label": "Canal or ditch", "name": null, "source": "NHDPlus HR non network flowline", "length_mi": 0.26, "directed": false, "direction": "unknown" }, "geometry": { "type": "LineString", "coordinates": [ [ -66.45841, 17.99796 ], [ -66.45851, 17.99677 ], [ -66.45856, 17.99587 ], [ -66.4604, 17.99586 ] ] } },
{ "type": "Feature", "properties": { "fcode": 33600, "label": "Canal or ditch", "name": null, "source": "NHDPlus HR non network flowline", "length_mi": 0.19, "directed": true, "direction": "inferred" }, "geometry": { "type": "LineString", "coordinates": [ [ -66.97235, 18.02931 ], [ -66.97261, 18.02929 ], [ -66.97301, 18.02929 ], [ -66.97304, 18.02829 ], [ -66.97316, 18.02717 ] ] } },
{ "type": "Feature", "properties": { "fcode": 33600, "label": "Canal or ditch", "name": null, "source": "NHDPlus HR non network flowline", "length_mi": 0.09, "directed": false, "direction": "unknown" }, "geometry": { "type": "LineString", "coordinates": [ [ -67.10786, 18.02916 ], [ -67.10778, 18.02787 ] ] } },
{ "type": "Feature", "properties": { "fcode": 33600, "label": "Canal or ditch", "name": null, "source": "NHDPlus HR non network flowline", "length_mi": 1.43, "directed": true, "direction": "inferred" }, "geometry": { "type": "LineString", "coordinates": [ [ -66.53219, 17.99436 ], [ -66.53231, 17.99423 ], [ -66.53253, 17.99402 ], [ -66.53273, 17.99386 ], [ -66.533, 17.9937 ], [ -66.53389, 17.99333 ], [ -66.53453, 17.99308 ], [ -66.53523, 17.9926 ], [ -66.53552, 17.99238 ], [ -66.53581, 17.99212 ], [ -66.53592, 17.99204 ], [ -66.53687, 17.99151 ], [ -66.53757, 17.99073 ], [ -66.53756, 17.98987 ], [ -66.53756, 17.9896 ], [ -66.53759, 17.98939 ], [ -66.53795, 17.98872 ], [ -66.53815, 17.98831 ], [ -66.53839, 17.9877 ], [ -66.53852, 17.98744 ], [ -66.5386, 17.98722 ], [ -66.53856, 17.98699 ], [ -66.53839, 17.98671 ], [ -66.53818, 17.98647 ], [ -66.53806, 17.98613 ], [ -66.53802, 17.98587 ], [ -66.53806, 17.98558 ], [ -66.5381, 17.98529 ], [ -66.53811, 17.98506 ], [ -66.53806, 17.98489 ], [ -66.5376, 17.98408 ], [ -66.53715, 17.98339 ], [ -66.53682, 17.98287 ], [ -66.5367, 17.98274 ], [ -66.53655, 17.98265 ], [ -66.53539, 17.98239 ], [ -66.53528, 17.982 ], [ -66.53512, 17.98183 ], [ -66.53482, 17.98154 ], [ -66.53462, 17.9814 ], [ -66.53341, 17.98082 ], [ -66.53229, 17.98026 ], [ -66.53204, 17.98013 ], [ -66.5319, 17.9801 ], [ -66.53176, 17.98013 ], [ -66.5317, 17.98014 ] ] } },
{ "type": "Feature", "properties": { "fcode": 33600, "label": "Canal or ditch", "name": null, "source": "NHDPlus HR non network flowline", "length_mi": 0.15, "directed": false, "direction": "unknown" }, "geometry": { "type": "LineString", "coordinates": [ [ -66.58702, 17.98341 ], [ -66.58687, 17.98117 ] ] } },
{ "type": "Feature", "properties": { "fcode": 33600, "label": "Canal or ditch", "name": null, "source": "NHDPlus HR non network flowline", "length_mi": 0.04, "directed": false, "direction": "unknown" }, "geometry": { "type": "LineString", "coordinates": [ [ -66.72239, 17.99133 ], [ -66.72241, 17.99194 ] ] } },
{ "type": "Feature", "properties": { "fcode": 33600, "label": "Canal or ditch", "name": null, "source": "NHDPlus HR non network flowline", "length_mi": 0.12, "directed": false, "direction": "unknown" }, "geometry": { "type": "LineString", "coordinates": [ [ -66.72078, 17.99086 ], [ -66.72055, 17.99079 ], [ -66.72017, 17.99072 ], [ -66.71976, 17.99068 ], [ -66.71942, 17.99069 ], [ -66.71915, 17.99075 ], [ -66.71901, 17.99077 ] ] } },
{ "type": "Feature", "properties": { "fcode": 33600, "label": "Canal or ditch", "name": null, "source": "NHDPlus HR non network flowline", "length_mi": 0.99, "directed": false, "direction": "unknown" }, "geometry": { "type": "LineString", "coordinates": [ [ -66.99394, 18.02721 ], [ -66.99421, 18.02563 ], [ -66.9945, 18.02402 ], [ -66.9949, 18.02188 ], [ -66.99496, 18.02149 ], [ -66.99498, 18.02138 ], [ -66.99235, 18.02087 ], [ -66.99052, 18.02052 ], [ -66.99034, 18.02048 ], [ -66.99092, 18.01794 ], [ -66.98963, 18.01776 ], [ -66.98952, 18.01775 ] ] } },
{ "type": "Feature", "properties": { "fcode": 33600, "label": "Canal or ditch", "name": null, "source": "NHDPlus HR non network flowline", "length_mi": 0.77, "directed": true, "direction": "inferred" }, "geometry": { "type": "LineString", "coordinates": [ [ -66.41761, 17.98898 ], [ -66.4164, 17.98882 ], [ -66.41649, 17.98771 ], [ -66.41708, 17.98735 ], [ -66.41758, 17.98705 ], [ -66.41779, 17.98684 ], [ -66.4183, 17.98641 ], [ -66.41858, 17.98616 ], [ -66.41862, 17.98612 ], [ -66.41902, 17.98541 ], [ -66.41918, 17.98515 ], [ -66.41921, 17.98509 ], [ -66.41925, 17.98493 ], [ -66.41931, 17.98466 ], [ -66.41937, 17.98446 ], [ -66.41947, 17.98429 ], [ -66.41959, 17.98414 ], [ -66.41967, 17.98404 ], [ -66.4201, 17.98351 ], [ -66.42055, 17.98295 ], [ -66.42087, 17.98251 ], [ -66.42144, 17.98228 ], [ -66.42212, 17.98202 ], [ -66.42266, 17.98139 ] ] } },
{ "type": "Feature", "properties": { "fcode": 33600, "label": "Canal or ditch", "name": null, "source": "NHDPlus HR non network flowline", "length_mi": 0.13, "directed": false, "direction": "unknown" }, "geometry": { "type": "LineString", "coordinates": [ [ -66.5229, 18.00469 ], [ -66.52288, 18.00281 ] ] } },
{ "type": "Feature", "properties": { "fcode": 33600, "label": "Canal or ditch", "name": null, "source": "NHDPlus HR non network flowline", "length_mi": 0.71, "directed": true, "direction": "inferred" }, "geometry": { "type": "LineString", "coordinates": [ [ -66.56293, 18.00188 ], [ -66.56308, 17.999 ], [ -66.56244, 17.99803 ], [ -66.56071, 17.99544 ], [ -66.55947, 17.99364 ], [ -66.55941, 17.99354 ], [ -66.55939, 17.99347 ], [ -66.55852, 17.99341 ] ] } },
{ "type": "Feature", "properties": { "fcode": 33600, "label": "Canal or ditch", "name": null, "source": "NHDPlus HR non network flowline", "length_mi": 0.57, "directed": false, "direction": "unknown" }, "geometry": { "type": "LineString", "coordinates": [ [ -66.6584, 17.98248 ], [ -66.65929, 17.97924 ], [ -66.65996, 17.97668 ], [ -66.65994, 17.97597 ], [ -66.66073, 17.9746 ] ] } },
{ "type": "Feature", "properties": { "fcode": 33600, "label": "Canal or ditch", "name": null, "source": "NHDPlus HR non network flowline", "length_mi": 0.11, "directed": false, "direction": "unknown" }, "geometry": { "type": "LineString", "coordinates": [ [ -66.61077, 17.98158 ], [ -66.61147, 17.98131 ], [ -66.61225, 17.98104 ], [ -66.61227, 17.98103 ] ] } },
{ "type": "Feature", "properties": { "fcode": 33600, "label": "Canal or ditch", "name": null, "source": "NHDPlus HR non network flowline", "length_mi": 0.09, "directed": false, "direction": "unknown" }, "geometry": { "type": "LineString", "coordinates": [ [ -67.10394, 18.01733 ], [ -67.10388, 18.01702 ], [ -67.10382, 18.01668 ], [ -67.10382, 18.01639 ], [ -67.10375, 18.01609 ] ] } },
{ "type": "Feature", "properties": { "fcode": 33600, "label": "Canal or ditch", "name": "Canal Principal De Riego Valle De Lajas", "source": "NHDPlus HR non network flowline", "length_mi": 0.05, "directed": false, "direction": "unknown" }, "geometry": { "type": "LineString", "coordinates": [ [ -67.10881, 18.0368 ], [ -67.10961, 18.03677 ] ] } },
{ "type": "Feature", "properties": { "fcode": 33600, "label": "Canal or ditch", "name": null, "source": "NHDPlus HR non network flowline", "length_mi": 0.1, "directed": false, "direction": "unknown" }, "geometry": { "type": "LineString", "coordinates": [ [ -66.56324, 17.98122 ], [ -66.56275, 17.97989 ] ] } },
{ "type": "Feature", "properties": { "fcode": 33600, "label": "Canal or ditch", "name": null, "source": "NHDPlus HR non network flowline", "length_mi": 0.38, "directed": false, "direction": "unknown" }, "geometry": { "type": "LineString", "coordinates": [ [ -66.96299, 18.04066 ], [ -66.96297, 18.04053 ], [ -66.96288, 18.04035 ], [ -66.96282, 18.04016 ], [ -66.96281, 18.04006 ], [ -66.96283, 18.03988 ], [ -66.96288, 18.03955 ], [ -66.96285, 18.03941 ], [ -66.9628, 18.03928 ], [ -66.9627, 18.03916 ], [ -66.96254, 18.03901 ], [ -66.96237, 18.03888 ], [ -66.96229, 18.0388 ], [ -66.96222, 18.03869 ], [ -66.96219, 18.03856 ], [ -66.96217, 18.03839 ], [ -66.96215, 18.03823 ], [ -66.96213, 18.03807 ], [ -66.96211, 18.03797 ], [ -66.96208, 18.0379 ], [ -66.9619, 18.0377 ], [ -66.96164, 18.03758 ], [ -66.96148, 18.0375 ], [ -66.96135, 18.03743 ], [ -66.961, 18.03716 ], [ -66.96069, 18.0369 ], [ -66.96032, 18.03644 ], [ -66.96021, 18.03627 ] ] } },
{ "type": "Feature", "properties": { "fcode": 33600, "label": "Canal or ditch", "name": null, "source": "NHDPlus HR non network flowline", "length_mi": 0.07, "directed": false, "direction": "unknown" }, "geometry": { "type": "LineString", "coordinates": [ [ -66.60923, 17.97401 ], [ -66.61022, 17.97367 ] ] } },
{ "type": "Feature", "properties": { "fcode": 33600, "label": "Canal or ditch", "name": null, "source": "NHDPlus HR non network flowline", "length_mi": 0.01, "directed": false, "direction": "unknown" }, "geometry": { "type": "LineString", "coordinates": [ [ -66.552, 17.9781 ], [ -66.55183, 17.97803 ] ] } },
{ "type": "Feature", "properties": { "fcode": 33600, "label": "Canal or ditch", "name": null, "source": "NHDPlus HR non network flowline", "length_mi": 0.09, "directed": false, "direction": "unknown" }, "geometry": { "type": "LineString", "coordinates": [ [ -66.71901, 17.99077 ], [ -66.71888, 17.99079 ], [ -66.71861, 17.99081 ], [ -66.7184, 17.99085 ], [ -66.71814, 17.99087 ], [ -66.71785, 17.99084 ], [ -66.71764, 17.99085 ], [ -66.71761, 17.99085 ] ] } },
{ "type": "Feature", "properties": { "fcode": 33600, "label": "Canal or ditch", "name": "Canal Principal De Riego Valle De Lajas", "source": "NHDPlus HR non network flowline", "length_mi": 0.06, "directed": true, "direction": "inferred" }, "geometry": { "type": "LineString", "coordinates": [ [ -67.01023, 18.04325 ], [ -67.01021, 18.0433 ], [ -67.01019, 18.04341 ], [ -67.01012, 18.04353 ], [ -67.01003, 18.04363 ], [ -67.00993, 18.04372 ], [ -67.00984, 18.04378 ], [ -67.00978, 18.04381 ], [ -67.00971, 18.04383 ] ] } },
{ "type": "Feature", "properties": { "fcode": 33600, "label": "Canal or ditch", "name": null, "source": "NHDPlus HR non network flowline", "length_mi": 0.04, "directed": true, "direction": "inferred" }, "geometry": { "type": "LineString", "coordinates": [ [ -66.96067, 18.03601 ], [ -66.96088, 18.03593 ], [ -66.96126, 18.03582 ] ] } },
{ "type": "Feature", "properties": { "fcode": 33600, "label": "Canal or ditch", "name": null, "source": "NHDPlus HR non network flowline", "length_mi": 0.01, "directed": false, "direction": "unknown" }, "geometry": { "type": "LineString", "coordinates": [ [ -66.74858, 18.0008 ], [ -66.74852, 18.00083 ] ] } },
{ "type": "Feature", "properties": { "fcode": 33600, "label": "Canal or ditch", "name": null, "source": "NHDPlus HR non network flowline", "length_mi": 0.53, "directed": false, "direction": "unknown" }, "geometry": { "type": "LineString", "coordinates": [ [ -66.58563, 17.97782 ], [ -66.58596, 17.9748 ], [ -66.58624, 17.97185 ], [ -66.58643, 17.97016 ] ] } },
{ "type": "Feature", "properties": { "fcode": 33600, "label": "Canal or ditch", "name": "Canal Principal De Riego Valle De Lajas", "source": "NHDPlus HR non network flowline", "length_mi": 0.24, "directed": false, "direction": "unknown" }, "geometry": { "type": "LineString", "coordinates": [ [ -67.01293, 18.04394 ], [ -67.0129, 18.04399 ], [ -67.01288, 18.04407 ], [ -67.01285, 18.04422 ], [ -67.01287, 18.04444 ], [ -67.01297, 18.04475 ], [ -67.01302, 18.04487 ], [ -67.01306, 18.045 ], [ -67.01314, 18.04517 ], [ -67.01319, 18.04523 ], [ -67.01336, 18.04541 ], [ -67.01358, 18.0456 ], [ -67.01372, 18.04574 ], [ -67.01382, 18.04594 ], [ -67.01386, 18.04608 ], [ -67.01387, 18.04617 ], [ -67.01385, 18.04622 ], [ -67.0138, 18.04628 ], [ -67.01375, 18.04631 ], [ -67.01369, 18.04638 ], [ -67.01366, 18.04646 ], [ -67.01366, 18.04654 ], [ -67.01371, 18.04677 ], [ -67.01376, 18.04697 ] ] } },
{ "type": "Feature", "properties": { "fcode": 33600, "label": "Canal or ditch", "name": null, "source": "NHDPlus HR non network flowline", "length_mi": 0.05, "directed": true, "direction": "inferred" }, "geometry": { "type": "LineString", "coordinates": [ [ -66.42336, 18.01513 ], [ -66.42343, 18.01517 ], [ -66.42361, 18.01524 ], [ -66.4239, 18.01539 ], [ -66.42402, 18.01545 ] ] } },
{ "type": "Feature", "properties": { "fcode": 33600, "label": "Canal or ditch", "name": null, "source": "NHDPlus HR non network flowline", "length_mi": 0.06, "directed": false, "direction": "unknown" }, "geometry": { "type": "LineString", "coordinates": [ [ -66.97235, 18.02931 ], [ -66.97219, 18.0293 ], [ -66.97211, 18.02922 ], [ -66.97153, 18.02922 ] ] } },
{ "type": "Feature", "properties": { "fcode": 33600, "label": "Canal or ditch", "name": null, "source": "NHDPlus HR non network flowline", "length_mi": 0.95, "directed": true, "direction": "inferred" }, "geometry": { "type": "LineString", "coordinates": [ [ -66.47809, 18.00592 ], [ -66.47797, 18.00564 ], [ -66.47778, 18.00512 ], [ -66.47758, 18.00456 ], [ -66.47749, 18.00431 ], [ -66.47742, 18.00413 ], [ -66.47736, 18.00401 ], [ -66.47716, 18.00376 ], [ -66.47689, 18.00331 ], [ -66.47654, 18.00278 ], [ -66.47625, 18.00241 ], [ -66.47599, 18.00202 ], [ -66.47577, 18.0017 ], [ -66.47569, 18.0016 ], [ -66.47556, 18.00149 ], [ -66.47548, 18.0014 ], [ -66.47542, 18.00128 ], [ -66.47538, 18.00117 ], [ -66.47536, 18.00085 ], [ -66.47536, 18.00023 ], [ -66.47536, 17.99977 ], [ -66.47536, 17.99938 ], [ -66.47537, 17.99915 ], [ -66.47538, 17.99901 ], [ -66.47539, 17.99883 ], [ -66.4754, 17.99803 ], [ -66.47537, 17.99287 ] ] } },
{ "type": "Feature", "properties": { "fcode": 33600, "label": "Canal or ditch", "name": null, "source": "NHDPlus HR non network flowline", "length_mi": 0.41, "directed": false, "direction": "unknown" }, "geometry": { "type": "LineString", "coordinates": [ [ -66.40273, 18.01191 ], [ -66.40236, 18.01185 ], [ -66.40203, 18.01181 ], [ -66.40185, 18.01179 ], [ -66.40177, 18.0118 ], [ -66.40167, 18.01184 ], [ -66.40116, 18.01215 ], [ -66.401, 18.01222 ], [ -66.40094, 18.01224 ], [ -66.40081, 18.01222 ], [ -66.40045, 18.01218 ], [ -66.40013, 18.01215 ], [ -66.39994, 18.01215 ], [ -66.39955, 18.01208 ], [ -66.39925, 18.01202 ], [ -66.39883, 18.01195 ], [ -66.39865, 18.01194 ], [ -66.39833, 18.01192 ], [ -66.39821, 18.01189 ], [ -66.39802, 18.01179 ], [ -66.39777, 18.01167 ], [ -66.39761, 18.01162 ], [ -66.39726, 18.01154 ], [ -66.39697, 18.01145 ], [ -66.39677, 18.0114 ] ] } },
{ "type": "Feature", "properties": { "fcode": 33600, "label": "Canal or ditch", "name": null, "source": "NHDPlus HR non network flowline", "length_mi": 0.03, "directed": false, "direction": "unknown" }, "geometry": { "type": "LineString", "coordinates": [ [ -66.57926, 17.98219 ], [ -66.57925, 17.98176 ] ] } },
{ "type": "Feature", "properties": { "fcode": 33600, "label": "Canal or ditch", "name": null, "source": "NHDPlus HR non network flowline", "length_mi": 0.08, "directed": false, "direction": "unknown" }, "geometry": { "type": "LineString", "coordinates": [ [ -66.57843, 17.98613 ], [ -66.57842, 17.98613 ], [ -66.57724, 17.98607 ] ] } },
{ "type": "Feature", "properties": { "fcode": 33600, "label": "Canal or ditch", "name": null, "source": "NHDPlus HR non network flowline", "length_mi": 0.17, "directed": false, "direction": "unknown" }, "geometry": { "type": "LineString", "coordinates": [ [ -66.48454, 18.00819 ], [ -66.4844, 18.00751 ], [ -66.4843, 18.00711 ], [ -66.48394, 18.00706 ], [ -66.4837, 18.00702 ], [ -66.48369, 18.00663 ], [ -66.48368, 18.00627 ] ] } },
{ "type": "Feature", "properties": { "fcode": 33600, "label": "Canal or ditch", "name": null, "source": "NHDPlus HR non network flowline", "length_mi": 0.57, "directed": false, "direction": "unknown" }, "geometry": { "type": "LineString", "coordinates": [ [ -66.57724, 17.98607 ], [ -66.57727, 17.98341 ], [ -66.5773, 17.98163 ], [ -66.57742, 17.9815 ], [ -66.57752, 17.98128 ], [ -66.57751, 17.98095 ], [ -66.57749, 17.98067 ], [ -66.57749, 17.98034 ], [ -66.57744, 17.98007 ], [ -66.57739, 17.97989 ], [ -66.57744, 17.97974 ], [ -66.57759, 17.97954 ], [ -66.57864, 17.97829 ] ] } },
{ "type": "Feature", "properties": { "fcode": 33600, "label": "Canal or ditch", "name": "Canal Principal De Riego Valle De Lajas", "source": "NHDPlus HR non network flowline", "length_mi": 0.12, "directed": false, "direction": "unknown" }, "geometry": { "type": "LineString", "coordinates": [ [ -66.96813, 18.04736 ], [ -66.96826, 18.04711 ], [ -66.96824, 18.04705 ], [ -66.96821, 18.04705 ], [ -66.96814, 18.04689 ], [ -66.96802, 18.04655 ], [ -66.96802, 18.04648 ], [ -66.96805, 18.04637 ], [ -66.96812, 18.04629 ], [ -66.96822, 18.04621 ], [ -66.96827, 18.04619 ], [ -66.96837, 18.04618 ], [ -66.96862, 18.04619 ], [ -66.96863, 18.04619 ] ] } },
{ "type": "Feature", "properties": { "fcode": 33600, "label": "Canal or ditch", "name": null, "source": "NHDPlus HR non network flowline", "length_mi": 0.01, "directed": false, "direction": "unknown" }, "geometry": { "type": "LineString", "coordinates": [ [ -66.47903, 17.99578 ], [ -66.47886, 17.99577 ] ] } },
{ "type": "Feature", "properties": { "fcode": 33600, "label": "Canal or ditch", "name": null, "source": "NHDPlus HR non network flowline", "length_mi": 0.11, "directed": false, "direction": "unknown" }, "geometry": { "type": "LineString", "coordinates": [ [ -66.59567, 17.97329 ], [ -66.59552, 17.97226 ], [ -66.59546, 17.97175 ] ] } },
{ "type": "Feature", "properties": { "fcode": 33600, "label": "Canal or ditch", "name": null, "source": "NHDPlus HR non network flowline", "length_mi": 0.67, "directed": false, "direction": "unknown" }, "geometry": { "type": "LineString", "coordinates": [ [ -66.48696, 18.00153 ], [ -66.48668, 18.00066 ], [ -66.48631, 17.99944 ], [ -66.48603, 17.99853 ], [ -66.48588, 17.99802 ], [ -66.484, 17.99216 ] ] } },
{ "type": "Feature", "properties": { "fcode": 33600, "label": "Canal or ditch", "name": null, "source": "NHDPlus HR non network flowline", "length_mi": 0.0, "directed": false, "direction": "unknown" }, "geometry": { "type": "LineString", "coordinates": [ [ -67.03186, 18.0138 ], [ -67.03179, 18.01379 ] ] } },
{ "type": "Feature", "properties": { "fcode": 33600, "label": "Canal or ditch", "name": null, "source": "NHDPlus HR non network flowline", "length_mi": 0.34, "directed": false, "direction": "unknown" }, "geometry": { "type": "LineString", "coordinates": [ [ -66.57163, 17.9902 ], [ -66.57168, 17.98924 ], [ -66.57172, 17.98809 ], [ -66.57171, 17.98717 ], [ -66.57172, 17.98648 ], [ -66.5717, 17.98548 ], [ -66.57173, 17.98526 ] ] } },
{ "type": "Feature", "properties": { "fcode": 33600, "label": "Canal or ditch", "name": null, "source": "NHDPlus HR non network flowline", "length_mi": 0.34, "directed": false, "direction": "unknown" }, "geometry": { "type": "LineString", "coordinates": [ [ -66.58193, 17.97255 ], [ -66.58258, 17.9712 ], [ -66.58306, 17.97019 ], [ -66.58327, 17.96966 ], [ -66.58364, 17.96868 ], [ -66.58394, 17.96801 ] ] } },
{ "type": "Feature", "properties": { "fcode": 33600, "label": "Canal or ditch", "name": null, "source": "NHDPlus HR non network flowline", "length_mi": 0.04, "directed": false, "direction": "unknown" }, "geometry": { "type": "LineString", "coordinates": [ [ -66.71761, 17.99085 ], [ -66.7174, 17.99084 ], [ -66.71717, 17.99083 ], [ -66.71702, 17.99081 ], [ -66.71698, 17.99081 ] ] } },
{ "type": "Feature", "properties": { "fcode": 33600, "label": "Canal or ditch", "name": null, "source": "NHDPlus HR non network flowline", "length_mi": 0.43, "directed": false, "direction": "unknown" }, "geometry": { "type": "LineString", "coordinates": [ [ -66.48343, 18.00336 ], [ -66.48335, 18.00278 ], [ -66.48323, 18.0018 ], [ -66.48313, 18.00101 ], [ -66.48304, 18.00033 ], [ -66.48296, 17.9997 ], [ -66.48288, 17.99908 ], [ -66.48281, 17.9986 ], [ -66.48276, 17.99825 ], [ -66.48271, 17.99802 ], [ -66.48253, 17.99712 ] ] } },
{ "type": "Feature", "properties": { "fcode": 33600, "label": "Canal or ditch", "name": null, "source": "NHDPlus HR non network flowline", "length_mi": 0.23, "directed": false, "direction": "unknown" }, "geometry": { "type": "LineString", "coordinates": [ [ -66.58823, 17.97872 ], [ -66.58823, 17.97871 ], [ -66.58819, 17.97699 ], [ -66.58817, 17.97561 ], [ -66.58815, 17.97532 ] ] } },
{ "type": "Feature", "properties": { "fcode": 33600, "label": "Canal or ditch", "name": null, "source": "NHDPlus HR non network flowline", "length_mi": 0.12, "directed": false, "direction": "unknown" }, "geometry": { "type": "LineString", "coordinates": [ [ -66.55986, 17.98699 ], [ -66.55938, 17.98691 ], [ -66.55893, 17.9868 ], [ -66.55811, 17.9866 ] ] } },
{ "type": "Feature", "properties": { "fcode": 33600, "label": "Canal or ditch", "name": null, "source": "NHDPlus HR non network flowline", "length_mi": 0.15, "directed": false, "direction": "unknown" }, "geometry": { "type": "LineString", "coordinates": [ [ -66.56417, 17.98374 ], [ -66.56339, 17.98167 ] ] } },
{ "type": "Feature", "properties": { "fcode": 33600, "label": "Canal or ditch", "name": null, "source": "NHDPlus HR non network flowline", "length_mi": 0.18, "directed": false, "direction": "unknown" }, "geometry": { "type": "LineString", "coordinates": [ [ -66.61227, 17.98103 ], [ -66.61342, 17.98065 ], [ -66.61484, 17.98013 ] ] } },
{ "type": "Feature", "properties": { "fcode": 33600, "label": "Canal or ditch", "name": null, "source": "NHDPlus HR non network flowline", "length_mi": 0.6, "directed": false, "direction": "unknown" }, "geometry": { "type": "LineString", "coordinates": [ [ -66.72348, 17.99178 ], [ -66.72322, 17.9921 ], [ -66.72278, 17.99358 ], [ -66.72276, 17.99359 ], [ -66.72058, 17.99339 ], [ -66.71998, 17.99332 ], [ -66.71981, 17.99326 ], [ -66.71967, 17.99316 ], [ -66.71723, 17.99172 ], [ -66.71761, 17.99085 ] ] } },
{ "type": "Feature", "properties": { "fcode": 33600, "label": "Canal or ditch", "name": null, "source": "NHDPlus HR non network flowline", "length_mi": 0.26, "directed": false, "direction": "unknown" }, "geometry": { "type": "LineString", "coordinates": [ [ -66.58931, 17.98227 ], [ -66.58916, 17.98038 ], [ -66.58905, 17.97906 ], [ -66.58899, 17.9785 ] ] } },
{ "type": "Feature", "properties": { "fcode": 33600, "label": "Canal or ditch", "name": null, "source": "NHDPlus HR non network flowline", "length_mi": 0.17, "directed": true, "direction": "inferred" }, "geometry": { "type": "LineString", "coordinates": [ [ -66.5094, 18.17744 ], [ -66.5095, 18.17732 ], [ -66.50954, 18.17723 ], [ -66.50955, 18.17708 ], [ -66.50954, 18.17695 ], [ -66.50952, 18.17679 ], [ -66.50954, 18.17671 ], [ -66.5096, 18.17657 ], [ -66.50974, 18.17647 ], [ -66.50986, 18.17638 ], [ -66.50991, 18.17627 ], [ -66.50991, 18.17614 ], [ -66.50984, 18.17596 ], [ -66.50975, 18.17585 ], [ -66.5096, 18.17578 ], [ -66.50945, 18.17577 ], [ -66.50935, 18.17575 ], [ -66.50929, 18.17572 ], [ -66.50929, 18.17567 ], [ -66.5093, 18.17563 ], [ -66.50933, 18.17555 ] ] } },
{ "type": "Feature", "properties": { "fcode": 33600, "label": "Canal or ditch", "name": null, "source": "NHDPlus HR non network flowline", "length_mi": 0.12, "directed": false, "direction": "unknown" }, "geometry": { "type": "LineString", "coordinates": [ [ -66.52456, 18.0043 ], [ -66.52452, 18.00436 ], [ -66.52448, 18.00437 ], [ -66.52439, 18.00438 ], [ -66.52342, 18.00434 ], [ -66.5229, 18.00469 ] ] } },
{ "type": "Feature", "properties": { "fcode": 33600, "label": "Canal or ditch", "name": "Caño Merle", "source": "NHDPlus HR non network flowline", "length_mi": 0.4, "directed": false, "direction": "unknown" }, "geometry": { "type": "LineString", "coordinates": [ [ -67.1585, 18.17499 ], [ -67.15852, 18.17502 ], [ -67.15858, 18.17516 ], [ -67.1586, 18.17528 ], [ -67.15857, 18.17541 ], [ -67.15856, 18.17561 ], [ -67.15852, 18.17586 ], [ -67.15849, 18.17613 ], [ -67.15847, 18.17627 ], [ -67.15859, 18.17641 ], [ -67.15878, 18.17651 ], [ -67.15903, 18.17668 ], [ -67.15915, 18.17679 ], [ -67.15918, 18.17695 ], [ -67.15917, 18.17707 ], [ -67.15913, 18.17722 ], [ -67.159, 18.17737 ], [ -67.15887, 18.17755 ], [ -67.15884, 18.17766 ], [ -67.15888, 18.17774 ], [ -67.15899, 18.17781 ], [ -67.15913, 18.17787 ], [ -67.15932, 18.17794 ], [ -67.15968, 18.17808 ], [ -67.15994, 18.17821 ], [ -67.1602, 18.17828 ], [ -67.16045, 18.17837 ], [ -67.16076, 18.17851 ], [ -67.16118, 18.17868 ], [ -67.16116, 18.17885 ] ] } },
{ "type": "Feature", "properties": { "fcode": 33600, "label": "Canal or ditch", "name": null, "source": "NHDPlus HR non network flowline", "length_mi": 0.06, "directed": false, "direction": "unknown" }, "geometry": { "type": "LineString", "coordinates": [ [ -66.60841, 17.97425 ], [ -66.60842, 17.97425 ], [ -66.60923, 17.97401 ] ] } },
{ "type": "Feature", "properties": { "fcode": 33600, "label": "Canal or ditch", "name": null, "source": "NHDPlus HR non network flowline", "length_mi": 0.1, "directed": false, "direction": "unknown" }, "geometry": { "type": "LineString", "coordinates": [ [ -66.45991, 17.99798 ], [ -66.45948, 17.99792 ], [ -66.45886, 17.99794 ], [ -66.45841, 17.99796 ] ] } },
{ "type": "Feature", "properties": { "fcode": 33600, "label": "Canal or ditch", "name": null, "source": "NHDPlus HR non network flowline", "length_mi": 0.25, "directed": true, "direction": "inferred" }, "geometry": { "type": "LineString", "coordinates": [ [ -66.38889, 17.98331 ], [ -66.38896, 17.98225 ], [ -66.38907, 17.97991 ], [ -66.38916, 17.97976 ] ] } },
{ "type": "Feature", "properties": { "fcode": 33600, "label": "Canal or ditch", "name": "Caño Merle", "source": "NHDPlus HR non network flowline", "length_mi": 0.42, "directed": true, "direction": "inferred" }, "geometry": { "type": "LineString", "coordinates": [ [ -67.15086, 18.17183 ], [ -67.15111, 18.17179 ], [ -67.15126, 18.17176 ], [ -67.15144, 18.17171 ], [ -67.15154, 18.17167 ], [ -67.15164, 18.17163 ], [ -67.15173, 18.17162 ], [ -67.15185, 18.17163 ], [ -67.15197, 18.17165 ], [ -67.15213, 18.17169 ], [ -67.15234, 18.17174 ], [ -67.15252, 18.17177 ], [ -67.15266, 18.17179 ], [ -67.1528, 18.17179 ], [ -67.15301, 18.17181 ], [ -67.15313, 18.17181 ], [ -67.1532, 18.17181 ], [ -67.15336, 18.17177 ], [ -67.1535, 18.17173 ], [ -67.15355, 18.17171 ], [ -67.15364, 18.17171 ], [ -67.15377, 18.17171 ], [ -67.15395, 18.17173 ], [ -67.15406, 18.17178 ], [ -67.15417, 18.1719 ], [ -67.15421, 18.17195 ], [ -67.15426, 18.17208 ], [ -67.15431, 18.17216 ], [ -67.15438, 18.1722 ], [ -67.15461, 18.17226 ], [ -67.15497, 18.17229 ], [ -67.15519, 18.17233 ], [ -67.15557, 18.17244 ], [ -67.15621, 18.17259 ], [ -67.15635, 18.17268 ], [ -67.15663, 18.17292 ], [ -67.15672, 18.17304 ], [ -67.15671, 18.17308 ] ] } },
{ "type": "Feature", "properties": { "fcode": 33600, "label": "Canal or ditch", "name": null, "source": "NHDPlus HR non network flowline", "length_mi": 0.26, "directed": true, "direction": "inferred" }, "geometry": { "type": "LineString", "coordinates": [ [ -66.96067, 18.03601 ], [ -66.9609, 18.036 ], [ -66.9613, 18.03604 ], [ -66.96167, 18.03614 ], [ -66.96189, 18.0361 ], [ -66.96212, 18.03606 ], [ -66.96227, 18.03601 ], [ -66.9624, 18.03592 ], [ -66.96252, 18.03582 ], [ -66.96257, 18.03576 ], [ -66.96258, 18.03569 ], [ -66.96254, 18.03553 ], [ -66.96254, 18.03544 ], [ -66.96258, 18.03537 ], [ -66.96262, 18.03534 ], [ -66.9627, 18.03533 ], [ -66.96283, 18.0353 ], [ -66.96298, 18.0353 ], [ -66.96309, 18.03534 ], [ -66.96317, 18.03543 ], [ -66.96323, 18.03554 ], [ -66.96331, 18.03565 ], [ -66.9635, 18.03564 ], [ -66.9637, 18.03559 ], [ -66.96382, 18.0355 ] ] } },
{ "type": "Feature", "properties": { "fcode": 33600, "label": "Canal or ditch", "name": null, "source": "NHDPlus HR non network flowline", "length_mi": 0.08, "directed": false, "direction": "unknown" }, "geometry": { "type": "LineString", "coordinates": [ [ -66.58702, 17.98341 ], [ -66.58586, 17.98355 ] ] } },
{ "type": "Feature", "properties": { "fcode": 33600, "label": "Canal or ditch", "name": null, "source": "NHDPlus HR non network flowline", "length_mi": 0.23, "directed": false, "direction": "unknown" }, "geometry": { "type": "LineString", "coordinates": [ [ -66.6001, 17.97496 ], [ -66.60028, 17.97479 ], [ -66.60044, 17.97459 ], [ -66.60064, 17.97444 ], [ -66.60075, 17.97447 ], [ -66.60082, 17.97454 ], [ -66.60099, 17.97464 ], [ -66.60121, 17.97477 ], [ -66.60138, 17.97486 ], [ -66.60151, 17.97492 ], [ -66.60176, 17.97493 ], [ -66.60217, 17.975 ], [ -66.60252, 17.97516 ], [ -66.60267, 17.97526 ], [ -66.6032, 17.97524 ] ] } },
{ "type": "Feature", "properties": { "fcode": 33600, "label": "Canal or ditch", "name": null, "source": "NHDPlus HR non network flowline", "length_mi": 0.64, "directed": true, "direction": "inferred" }, "geometry": { "type": "LineString", "coordinates": [ [ -67.02, 18.0288 ], [ -67.01975, 18.02873 ], [ -67.01965, 18.02865 ], [ -67.01959, 18.02855 ], [ -67.01956, 18.02845 ], [ -67.01959, 18.02829 ], [ -67.01979, 18.02761 ], [ -67.02001, 18.02687 ], [ -67.02028, 18.0258 ], [ -67.0207, 18.02426 ], [ -67.0211, 18.02277 ], [ -67.02146, 18.02139 ], [ -67.02183, 18.02002 ] ] } },
{ "type": "Feature", "properties": { "fcode": 33600, "label": "Canal or ditch", "name": "Canal Principal De Riego Valle De Lajas", "source": "NHDPlus HR non network flowline", "length_mi": 0.08, "directed": false, "direction": "unknown" }, "geometry": { "type": "LineString", "coordinates": [ [ -67.07579, 18.03817 ], [ -67.07592, 18.03823 ], [ -67.07601, 18.03828 ], [ -67.07611, 18.03831 ], [ -67.07619, 18.0383 ], [ -67.07628, 18.03825 ], [ -67.07635, 18.03817 ], [ -67.0764, 18.03809 ], [ -67.07646, 18.03804 ], [ -67.07653, 18.03802 ], [ -67.07669, 18.03799 ], [ -67.07688, 18.03796 ] ] } },
{ "type": "Feature", "properties": { "fcode": 33600, "label": "Canal or ditch", "name": null, "source": "NHDPlus HR non network flowline", "length_mi": 1.28, "directed": true, "direction": "inferred" }, "geometry": { "type": "LineString", "coordinates": [ [ -67.04796, 18.04447 ], [ -67.04791, 18.04435 ], [ -67.04782, 18.04427 ], [ -67.04769, 18.04423 ], [ -67.04738, 18.04419 ], [ -67.04688, 18.04414 ], [ -67.04647, 18.04406 ], [ -67.04635, 18.044 ], [ -67.04629, 18.04393 ], [ -67.04625, 18.0438 ], [ -67.04616, 18.04324 ], [ -67.04607, 18.0426 ], [ -67.04595, 18.0418 ], [ -67.04569, 18.03992 ], [ -67.0454, 18.03825 ], [ -67.04539, 18.03819 ], [ -67.04529, 18.03812 ], [ -67.04507, 18.03801 ], [ -67.04482, 18.03788 ], [ -67.04471, 18.03778 ], [ -67.04468, 18.03772 ], [ -67.04467, 18.03765 ], [ -67.0447, 18.03747 ], [ -67.0448, 18.03696 ], [ -67.0449, 18.03643 ], [ -67.04505, 18.03564 ], [ -67.04525, 18.0345 ], [ -67.04534, 18.03389 ], [ -67.0455, 18.03291 ], [ -67.0456, 18.03242 ], [ -67.04567, 18.03199 ], [ -67.04605, 18.02957 ], [ -67.04612, 18.02916 ], [ -67.04629, 18.02824 ], [ -67.04636, 18.02763 ] ] } },
{ "type": "Feature", "properties": { "fcode": 33600, "label": "Canal or ditch", "name": null, "source": "NHDPlus HR non network flowline", "length_mi": 0.48, "directed": false, "direction": "unknown" }, "geometry": { "type": "LineString", "coordinates": [ [ -66.54934, 17.98964 ], [ -66.55003, 17.98862 ], [ -66.5501, 17.98768 ], [ -66.55015, 17.98761 ], [ -66.55052, 17.98743 ], [ -66.55091, 17.98733 ], [ -66.55104, 17.98729 ], [ -66.55114, 17.98717 ], [ -66.55123, 17.98704 ], [ -66.55135, 17.98686 ], [ -66.55146, 17.98659 ], [ -66.5521, 17.98472 ], [ -66.5524, 17.98376 ] ] } },
{ "type": "Feature", "properties": { "fcode": 33600, "label": "Canal or ditch", "name": null, "source": "NHDPlus HR non network flowline", "length_mi": 0.76, "directed": false, "direction": "unknown" }, "geometry": { "type": "LineString", "coordinates": [ [ -67.02183, 18.02002 ], [ -67.02192, 18.01965 ], [ -67.02196, 18.0195 ], [ -67.02193, 18.01938 ], [ -67.02162, 18.01933 ], [ -67.01999, 18.01919 ], [ -67.01835, 18.01904 ], [ -67.01756, 18.01894 ], [ -67.0169, 18.01891 ], [ -67.01661, 18.01888 ], [ -67.01645, 18.01882 ], [ -67.01651, 18.01865 ], [ -67.01679, 18.01745 ], [ -67.01711, 18.01611 ], [ -67.01743, 18.01475 ], [ -67.01658, 18.01457 ], [ -67.01653, 18.01448 ] ] } },
{ "type": "Feature", "properties": { "fcode": 33600, "label": "Canal or ditch", "name": null, "source": "NHDPlus HR non network flowline", "length_mi": 0.05, "directed": false, "direction": "unknown" }, "geometry": { "type": "LineString", "coordinates": [ [ -66.59141, 17.97782 ], [ -66.59212, 17.97774 ] ] } },
{ "type": "Feature", "properties": { "fcode": 33600, "label": "Canal or ditch", "name": null, "source": "NHDPlus HR non network flowline", "length_mi": 0.18, "directed": false, "direction": "unknown" }, "geometry": { "type": "LineString", "coordinates": [ [ -66.94797, 18.02337 ], [ -66.9453, 18.02319 ] ] } },
{ "type": "Feature", "properties": { "fcode": 33600, "label": "Canal or ditch", "name": null, "source": "NHDPlus HR non network flowline", "length_mi": 0.13, "directed": false, "direction": "unknown" }, "geometry": { "type": "LineString", "coordinates": [ [ -66.58046, 17.98623 ], [ -66.57929, 17.98618 ], [ -66.57843, 17.98613 ] ] } },
{ "type": "Feature", "properties": { "fcode": 33600, "label": "Canal or ditch", "name": null, "source": "NHDPlus HR non network flowline", "length_mi": 0.02, "directed": false, "direction": "unknown" }, "geometry": { "type": "LineString", "coordinates": [ [ -66.57925, 17.98176 ], [ -66.57896, 17.98192 ] ] } },
{ "type": "Feature", "properties": { "fcode": 33600, "label": "Canal or ditch", "name": null, "source": "NHDPlus HR non network flowline", "length_mi": 0.26, "directed": false, "direction": "unknown" }, "geometry": { "type": "LineString", "coordinates": [ [ -66.57338, 17.9761 ], [ -66.57339, 17.97704 ], [ -66.57355, 17.97943 ], [ -66.57357, 17.97984 ] ] } },
{ "type": "Feature", "properties": { "fcode": 33600, "label": "Canal or ditch", "name": null, "source": "NHDPlus HR non network flowline", "length_mi": 0.12, "directed": false, "direction": "unknown" }, "geometry": { "type": "LineString", "coordinates": [ [ -66.72241, 17.99194 ], [ -66.72062, 17.99159 ], [ -66.72061, 17.99159 ] ] } },
{ "type": "Feature", "properties": { "fcode": 33600, "label": "Canal or ditch", "name": null, "source": "NHDPlus HR non network flowline", "length_mi": 0.33, "directed": false, "direction": "unknown" }, "geometry": { "type": "LineString", "coordinates": [ [ -66.58563, 17.97782 ], [ -66.58425, 17.9786 ], [ -66.58322, 17.97921 ], [ -66.58205, 17.97997 ], [ -66.58146, 17.98037 ] ] } },
{ "type": "Feature", "properties": { "fcode": 33600, "label": "Canal or ditch", "name": null, "source": "NHDPlus HR non network flowline", "length_mi": 0.17, "directed": false, "direction": "unknown" }, "geometry": { "type": "LineString", "coordinates": [ [ -66.60841, 17.97425 ], [ -66.6086, 17.97337 ], [ -66.6088, 17.9726 ], [ -66.60894, 17.9721 ], [ -66.609, 17.97183 ], [ -66.60901, 17.97177 ] ] } },
{ "type": "Feature", "properties": { "fcode": 33600, "label": "Canal or ditch", "name": null, "source": "NHDPlus HR non network flowline", "length_mi": 0.23, "directed": false, "direction": "unknown" }, "geometry": { "type": "LineString", "coordinates": [ [ -66.56807, 17.98633 ], [ -66.56841, 17.98424 ], [ -66.5686, 17.98299 ] ] } },
{ "type": "Feature", "properties": { "fcode": 33600, "label": "Canal or ditch", "name": "Canal Principal De Riego Valle De Lajas", "source": "NHDPlus HR non network flowline", "length_mi": 0.54, "directed": false, "direction": "unknown" }, "geometry": { "type": "LineString", "coordinates": [ [ -66.97386, 18.0488 ], [ -66.97394, 18.04878 ], [ -66.97407, 18.04881 ], [ -66.97418, 18.04884 ], [ -66.97435, 18.04886 ], [ -66.97455, 18.04888 ], [ -66.97466, 18.04888 ], [ -66.97478, 18.04888 ], [ -66.97489, 18.04887 ], [ -66.9749, 18.04887 ], [ -66.97498, 18.04883 ], [ -66.97502, 18.04878 ], [ -66.97503, 18.04868 ], [ -66.97505, 18.04849 ], [ -66.97505, 18.04834 ], [ -66.97506, 18.04833 ], [ -66.97512, 18.04819 ], [ -66.97523, 18.04807 ], [ -66.97536, 18.04795 ], [ -66.9755, 18.04786 ], [ -66.9756, 18.04784 ], [ -66.97581, 18.0478 ], [ -66.97593, 18.04778 ], [ -66.97603, 18.04778 ], [ -66.97609, 18.0478 ], [ -66.97616, 18.04783 ], [ -66.9763, 18.04798 ], [ -66.97636, 18.04805 ], [ -66.97651, 18.04813 ], [ -66.97675, 18.0482 ], [ -66.97692, 18.04826 ], [ -66.977, 18.04835 ], [ -66.9771, 18.04852 ], [ -66.97713, 18.04867 ], [ -66.97715, 18.04897 ], [ -66.97714, 18.04906 ], [ -66.97716, 18.04921 ], [ -66.97726, 18.04937 ], [ -66.97735, 18.04951 ], [ -66.97746, 18.04968 ], [ -66.97755, 18.04979 ], [ -66.97764, 18.04997 ], [ -66.97769, 18.05007 ], [ -66.97776, 18.05012 ], [ -66.97789, 18.05017 ], [ -66.97797, 18.05022 ], [ -66.97802, 18.0503 ], [ -66.97808, 18.05041 ], [ -66.97816, 18.05053 ], [ -66.97824, 18.05064 ], [ -66.97838, 18.05078 ], [ -66.97847, 18.05084 ], [ -66.97852, 18.05085 ], [ -66.97858, 18.05086 ], [ -66.97869, 18.05087 ], [ -66.9788, 18.05092 ], [ -66.97891, 18.05095 ], [ -66.97903, 18.05097 ], [ -66.97915, 18.051 ], [ -66.97926, 18.05105 ], [ -66.97931, 18.05106 ], [ -66.97938, 18.05104 ] ] } },
{ "type": "Feature", "properties": { "fcode": 33600, "label": "Canal or ditch", "name": null, "source": "NHDPlus HR non network flowline", "length_mi": 0.62, "directed": true, "direction": "inferred" }, "geometry": { "type": "LineString", "coordinates": [ [ -66.95194, 18.04307 ], [ -66.9523, 18.04308 ], [ -66.95282, 18.04299 ], [ -66.9531, 18.04284 ], [ -66.95367, 18.04207 ], [ -66.95423, 18.04128 ], [ -66.95426, 18.04099 ], [ -66.95387, 18.03924 ], [ -66.95465, 18.03925 ], [ -66.95561, 18.03926 ], [ -66.95574, 18.037 ] ] } },
{ "type": "Feature", "properties": { "fcode": 33600, "label": "Canal or ditch", "name": null, "source": "NHDPlus HR non network flowline", "length_mi": 0.22, "directed": false, "direction": "unknown" }, "geometry": { "type": "LineString", "coordinates": [ [ -66.59258, 17.98095 ], [ -66.59233, 17.97922 ], [ -66.59222, 17.9785 ], [ -66.59212, 17.97774 ] ] } },
{ "type": "Feature", "properties": { "fcode": 33600, "label": "Canal or ditch", "name": null, "source": "NHDPlus HR non network flowline", "length_mi": 0.06, "directed": false, "direction": "unknown" }, "geometry": { "type": "LineString", "coordinates": [ [ -66.54509, 18.03689 ], [ -66.54561, 18.03766 ] ] } },
{ "type": "Feature", "properties": { "fcode": 33600, "label": "Canal or ditch", "name": null, "source": "NHDPlus HR non network flowline", "length_mi": 0.15, "directed": false, "direction": "unknown" }, "geometry": { "type": "LineString", "coordinates": [ [ -66.48939, 17.99924 ], [ -66.48784, 17.99924 ], [ -66.48717, 17.99924 ] ] } },
{ "type": "Feature", "properties": { "fcode": 33600, "label": "Canal or ditch", "name": null, "source": "NHDPlus HR non network flowline", "length_mi": 0.09, "directed": true, "direction": "inferred" }, "geometry": { "type": "LineString", "coordinates": [ [ -66.9407, 18.04065 ], [ -66.94072, 18.04034 ], [ -66.94071, 18.03979 ], [ -66.94071, 18.03944 ], [ -66.94072, 18.0393 ] ] } },
{ "type": "Feature", "properties": { "fcode": 33600, "label": "Canal or ditch", "name": null, "source": "NHDPlus HR non network flowline", "length_mi": 0.17, "directed": false, "direction": "unknown" }, "geometry": { "type": "LineString", "coordinates": [ [ -66.58251, 17.99576 ], [ -66.58159, 17.99551 ], [ -66.58073, 17.99532 ], [ -66.58006, 17.99518 ] ] } },
{ "type": "Feature", "properties": { "fcode": 33600, "label": "Canal or ditch", "name": null, "source": "NHDPlus HR non network flowline", "length_mi": 0.2, "directed": false, "direction": "unknown" }, "geometry": { "type": "LineString", "coordinates": [ [ -66.58251, 17.99576 ], [ -66.58248, 17.99506 ], [ -66.58243, 17.99371 ], [ -66.58237, 17.99288 ] ] } },
{ "type": "Feature", "properties": { "fcode": 33600, "label": "Canal or ditch", "name": null, "source": "NHDPlus HR non network flowline", "length_mi": 0.16, "directed": false, "direction": "unknown" }, "geometry": { "type": "LineString", "coordinates": [ [ -66.58306, 17.98026 ], [ -66.5854, 17.97957 ], [ -66.58541, 17.97957 ] ] } },
{ "type": "Feature", "properties": { "fcode": 33600, "label": "Canal or ditch", "name": null, "source": "NHDPlus HR non network flowline", "length_mi": 0.21, "directed": false, "direction": "unknown" }, "geometry": { "type": "LineString", "coordinates": [ [ -66.55138, 17.97768 ], [ -66.55103, 17.97733 ], [ -66.55063, 17.97682 ], [ -66.55043, 17.97653 ], [ -66.55034, 17.97637 ], [ -66.55029, 17.97612 ], [ -66.55029, 17.97582 ], [ -66.55028, 17.97556 ], [ -66.5502, 17.97546 ], [ -66.55, 17.9752 ], [ -66.54989, 17.97511 ] ] } },
{ "type": "Feature", "properties": { "fcode": 33600, "label": "Canal or ditch", "name": null, "source": "NHDPlus HR non network flowline", "length_mi": 0.22, "directed": false, "direction": "unknown" }, "geometry": { "type": "LineString", "coordinates": [ [ -66.56466, 17.97427 ], [ -66.56424, 17.97441 ], [ -66.56394, 17.9746 ], [ -66.5635, 17.9748 ], [ -66.5633, 17.9749 ], [ -66.56298, 17.975 ], [ -66.56242, 17.97516 ], [ -66.56202, 17.97529 ], [ -66.56175, 17.97539 ], [ -66.5615, 17.97545 ] ] } },
{ "type": "Feature", "properties": { "fcode": 33600, "label": "Canal or ditch", "name": null, "source": "NHDPlus HR non network flowline", "length_mi": 0.03, "directed": false, "direction": "unknown" }, "geometry": { "type": "LineString", "coordinates": [ [ -66.56136, 17.98229 ], [ -66.56136, 17.98229 ], [ -66.56122, 17.98192 ] ] } },
{ "type": "Feature", "properties": { "fcode": 33600, "label": "Canal or ditch", "name": null, "source": "NHDPlus HR non network flowline", "length_mi": 0.07, "directed": false, "direction": "unknown" }, "geometry": { "type": "LineString", "coordinates": [ [ -66.57154, 17.99124 ], [ -66.57162, 17.99029 ] ] } },
{ "type": "Feature", "properties": { "fcode": 33600, "label": "Canal or ditch", "name": null, "source": "NHDPlus HR non network flowline", "length_mi": 0.14, "directed": false, "direction": "unknown" }, "geometry": { "type": "LineString", "coordinates": [ [ -66.5712, 18.00816 ], [ -66.5723, 18.00829 ], [ -66.57259, 18.00834 ], [ -66.5728, 18.00837 ], [ -66.57302, 18.00841 ], [ -66.57314, 18.00844 ], [ -66.57329, 18.00853 ] ] } },
{ "type": "Feature", "properties": { "fcode": 33600, "label": "Canal or ditch", "name": null, "source": "NHDPlus HR non network flowline", "length_mi": 0.04, "directed": false, "direction": "unknown" }, "geometry": { "type": "LineString", "coordinates": [ [ -66.72048, 17.99211 ], [ -66.72061, 17.99159 ] ] } },
{ "type": "Feature", "properties": { "fcode": 33600, "label": "Canal or ditch", "name": null, "source": "NHDPlus HR non network flowline", "length_mi": 0.41, "directed": true, "direction": "inferred" }, "geometry": { "type": "LineString", "coordinates": [ [ -66.78921, 18.01532 ], [ -66.78928, 18.01511 ], [ -66.78928, 18.01491 ], [ -66.78913, 18.01386 ], [ -66.78884, 18.01174 ], [ -66.78852, 18.00949 ] ] } },
{ "type": "Feature", "properties": { "fcode": 33600, "label": "Canal or ditch", "name": null, "source": "NHDPlus HR non network flowline", "length_mi": 0.54, "directed": false, "direction": "unknown" }, "geometry": { "type": "LineString", "coordinates": [ [ -66.98952, 18.01775 ], [ -66.98939, 18.01753 ], [ -66.98916, 18.01705 ], [ -66.98896, 18.01663 ], [ -66.98888, 18.01627 ], [ -66.98893, 18.01572 ], [ -66.98902, 18.01497 ], [ -66.98911, 18.01435 ], [ -66.9892, 18.01363 ], [ -66.98935, 18.01237 ], [ -66.98947, 18.01143 ], [ -66.98957, 18.01059 ], [ -66.98964, 18.0102 ], [ -66.98967, 18.01003 ] ] } },
{ "type": "Feature", "properties": { "fcode": 33600, "label": "Canal or ditch", "name": null, "source": "NHDPlus HR non network flowline", "length_mi": 0.14, "directed": false, "direction": "unknown" }, "geometry": { "type": "LineString", "coordinates": [ [ -66.56324, 17.98122 ], [ -66.56122, 17.98192 ] ] } },
{ "type": "Feature", "properties": { "fcode": 33600, "label": "Canal or ditch", "name": "Canal Principal De Riego Valle De Lajas", "source": "NHDPlus HR non network flowline", "length_mi": 0.03, "directed": true, "direction": "inferred" }, "geometry": { "type": "LineString", "coordinates": [ [ -67.07285, 18.03917 ], [ -67.07291, 18.03915 ], [ -67.07298, 18.03916 ], [ -67.07315, 18.03918 ], [ -67.07336, 18.03919 ] ] } },
{ "type": "Feature", "properties": { "fcode": 33600, "label": "Canal or ditch", "name": "Canal Principal De Riego Valle De Lajas", "source": "NHDPlus HR non network flowline", "length_mi": 0.4, "directed": false, "direction": "unknown" }, "geometry": { "type": "LineString", "coordinates": [ [ -66.95277, 18.04395 ], [ -66.95301, 18.04407 ], [ -66.95314, 18.04414 ], [ -66.95331, 18.04422 ], [ -66.95337, 18.04427 ], [ -66.95343, 18.04439 ], [ -66.95345, 18.04451 ], [ -66.95347, 18.04464 ], [ -66.95349, 18.04477 ], [ -66.95349, 18.04485 ], [ -66.95348, 18.04495 ], [ -66.95345, 18.04507 ], [ -66.9534, 18.0452 ], [ -66.95335, 18.04533 ], [ -66.95336, 18.04546 ], [ -66.9534, 18.04552 ], [ -66.95345, 18.04556 ], [ -66.95351, 18.04559 ], [ -66.95367, 18.04568 ], [ -66.95388, 18.04581 ], [ -66.95389, 18.04582 ], [ -66.95408, 18.04593 ], [ -66.95415, 18.04598 ], [ -66.95421, 18.04603 ], [ -66.95428, 18.0461 ], [ -66.95442, 18.04627 ], [ -66.95448, 18.04635 ], [ -66.95456, 18.04648 ], [ -66.95462, 18.04658 ], [ -66.95474, 18.04679 ], [ -66.95483, 18.04691 ], [ -66.95491, 18.04694 ], [ -66.95495, 18.04695 ], [ -66.95496, 18.04695 ], [ -66.95502, 18.04695 ], [ -66.95516, 18.04691 ], [ -66.95537, 18.04688 ], [ -66.95556, 18.04689 ], [ -66.95578, 18.0469 ], [ -66.95591, 18.04693 ], [ -66.95608, 18.04701 ], [ -66.95623, 18.04709 ], [ -66.95635, 18.04712 ], [ -66.95653, 18.0471 ], [ -66.95663, 18.04707 ] ] } },
{ "type": "Feature", "properties": { "fcode": 33600, "label": "Canal or ditch", "name": null, "source": "NHDPlus HR non network flowline", "length_mi": 0.05, "directed": false, "direction": "unknown" }, "geometry": { "type": "LineString", "coordinates": [ [ -66.4866, 17.99802 ], [ -66.48634, 17.99733 ] ] } },
{ "type": "Feature", "properties": { "fcode": 33600, "label": "Canal or ditch", "name": null, "source": "NHDPlus HR non network flowline", "length_mi": 0.22, "directed": false, "direction": "unknown" }, "geometry": { "type": "LineString", "coordinates": [ [ -66.94173, 18.02175 ], [ -66.94059, 18.02146 ], [ -66.9397, 18.02119 ], [ -66.93944, 18.02112 ], [ -66.93855, 18.02087 ] ] } },
{ "type": "Feature", "properties": { "fcode": 33600, "label": "Canal or ditch", "name": null, "source": "NHDPlus HR non network flowline", "length_mi": 0.67, "directed": true, "direction": "inferred" }, "geometry": { "type": "LineString", "coordinates": [ [ -66.57812, 17.99784 ], [ -66.57817, 17.99737 ], [ -66.57817, 17.99722 ], [ -66.57806, 17.99712 ], [ -66.57791, 17.99699 ], [ -66.57723, 17.99635 ], [ -66.57723, 17.99623 ], [ -66.5772, 17.99423 ], [ -66.57721, 17.99169 ], [ -66.57723, 17.99003 ], [ -66.57723, 17.98845 ] ] } },
{ "type": "Feature", "properties": { "fcode": 33600, "label": "Canal or ditch", "name": null, "source": "NHDPlus HR non network flowline", "length_mi": 0.77, "directed": false, "direction": "unknown" }, "geometry": { "type": "LineString", "coordinates": [ [ -66.55844, 17.99808 ], [ -66.5588, 17.99808 ], [ -66.55914, 17.99808 ], [ -66.5593, 17.99805 ], [ -66.5599, 17.99807 ], [ -66.56195, 17.99808 ], [ -66.56195, 18.00043 ], [ -66.56197, 18.00241 ], [ -66.56199, 18.00589 ] ] } },
{ "type": "Feature", "properties": { "fcode": 33600, "label": "Canal or ditch", "name": null, "source": "NHDPlus HR non network flowline", "length_mi": 0.01, "directed": false, "direction": "unknown" }, "geometry": { "type": "LineString", "coordinates": [ [ -66.58193, 17.97255 ], [ -66.58212, 17.97244 ] ] } },
{ "type": "Feature", "properties": { "fcode": 33600, "label": "Canal or ditch", "name": null, "source": "NHDPlus HR non network flowline", "length_mi": 0.46, "directed": false, "direction": "unknown" }, "geometry": { "type": "LineString", "coordinates": [ [ -66.62097, 17.99725 ], [ -66.6214, 17.99724 ], [ -66.62154, 17.9965 ], [ -66.62172, 17.99598 ], [ -66.62196, 17.99552 ], [ -66.62237, 17.99492 ], [ -66.62291, 17.99409 ], [ -66.62324, 17.99362 ], [ -66.62355, 17.99292 ], [ -66.62399, 17.992 ], [ -66.6242, 17.9916 ] ] } },
{ "type": "Feature", "properties": { "fcode": 33600, "label": "Canal or ditch", "name": null, "source": "NHDPlus HR non network flowline", "length_mi": 0.06, "directed": false, "direction": "unknown" }, "geometry": { "type": "LineString", "coordinates": [ [ -66.58899, 17.9785 ], [ -66.58979, 17.97826 ] ] } },
{ "type": "Feature", "properties": { "fcode": 33600, "label": "Canal or ditch", "name": null, "source": "NHDPlus HR non network flowline", "length_mi": 0.07, "directed": false, "direction": "unknown" }, "geometry": { "type": "LineString", "coordinates": [ [ -66.55536, 17.97939 ], [ -66.55551, 17.98004 ], [ -66.55556, 17.98025 ], [ -66.5556, 17.98044 ] ] } },
{ "type": "Feature", "properties": { "fcode": 33600, "label": "Canal or ditch", "name": "Canal Principal De Riego Valle De Lajas", "source": "NHDPlus HR non network flowline", "length_mi": 0.02, "directed": true, "direction": "inferred" }, "geometry": { "type": "LineString", "coordinates": [ [ -67.01047, 18.04301 ], [ -67.01042, 18.04303 ], [ -67.01031, 18.04312 ], [ -67.01026, 18.04318 ], [ -67.01023, 18.04325 ] ] } },
{ "type": "Feature", "properties": { "fcode": 33600, "label": "Canal or ditch", "name": null, "source": "NHDPlus HR non network flowline", "length_mi": 0.49, "directed": true, "direction": "inferred" }, "geometry": { "type": "LineString", "coordinates": [ [ -66.94521, 18.03663 ], [ -66.94531, 18.03648 ], [ -66.94548, 18.03624 ], [ -66.9456, 18.03602 ], [ -66.94567, 18.0358 ], [ -66.94575, 18.03574 ], [ -66.94587, 18.0357 ], [ -66.94612, 18.03569 ], [ -66.94629, 18.03563 ], [ -66.94635, 18.03554 ], [ -66.94636, 18.03546 ], [ -66.94636, 18.03535 ], [ -66.94642, 18.03511 ], [ -66.94649, 18.035 ], [ -66.94662, 18.03484 ], [ -66.94664, 18.03472 ], [ -66.94667, 18.03448 ], [ -66.94666, 18.03437 ], [ -66.94668, 18.03433 ], [ -66.94672, 18.03426 ], [ -66.94676, 18.03409 ], [ -66.94677, 18.03404 ], [ -66.94676, 18.03393 ], [ -66.9468, 18.03358 ], [ -66.94681, 18.0334 ], [ -66.94682, 18.03313 ], [ -66.94681, 18.03294 ], [ -66.94681, 18.03288 ], [ -66.94684, 18.03282 ], [ -66.94691, 18.03276 ], [ -66.94706, 18.03267 ], [ -66.9471, 18.03256 ], [ -66.9471, 18.03241 ], [ -66.94702, 18.03214 ], [ -66.94691, 18.03181 ], [ -66.94691, 18.03167 ], [ -66.94696, 18.03147 ], [ -66.94701, 18.03127 ], [ -66.94707, 18.03108 ], [ -66.94711, 18.03098 ], [ -66.94722, 18.03073 ], [ -66.94724, 18.03053 ], [ -66.94724, 18.03041 ] ] } },
{ "type": "Feature", "properties": { "fcode": 33600, "label": "Canal or ditch", "name": null, "source": "NHDPlus HR non network flowline", "length_mi": 0.35, "directed": false, "direction": "unknown" }, "geometry": { "type": "LineString", "coordinates": [ [ -66.55428, 17.97467 ], [ -66.55398, 17.97379 ], [ -66.5514, 17.97463 ], [ -66.55023, 17.97501 ], [ -66.54999, 17.97505 ], [ -66.54989, 17.97511 ] ] } },
{ "type": "Feature", "properties": { "fcode": 33600, "label": "Canal or ditch", "name": null, "source": "NHDPlus HR non network flowline", "length_mi": 0.44, "directed": false, "direction": "unknown" }, "geometry": { "type": "LineString", "coordinates": [ [ -66.39527, 17.97507 ], [ -66.39536, 17.97518 ], [ -66.39546, 17.9753 ], [ -66.39557, 17.97539 ], [ -66.39578, 17.97548 ], [ -66.39594, 17.97557 ], [ -66.39611, 17.9756 ], [ -66.39638, 17.97552 ], [ -66.39665, 17.97543 ], [ -66.39687, 17.97532 ], [ -66.39712, 17.97519 ], [ -66.39718, 17.97514 ], [ -66.3985, 17.97379 ], [ -66.39858, 17.97366 ], [ -66.39863, 17.97357 ], [ -66.39867, 17.97338 ], [ -66.39902, 17.97137 ] ] } },
{ "type": "Feature", "properties": { "fcode": 33600, "label": "Canal or ditch", "name": null, "source": "NHDPlus HR non network flowline", "length_mi": 0.15, "directed": false, "direction": "unknown" }, "geometry": { "type": "LineString", "coordinates": [ [ -66.59444, 17.97657 ], [ -66.59442, 17.97646 ], [ -66.59401, 17.97639 ], [ -66.5939, 17.97537 ], [ -66.59379, 17.97466 ] ] } },
{ "type": "Feature", "properties": { "fcode": 33600, "label": "Canal or ditch", "name": null, "source": "NHDPlus HR non network flowline", "length_mi": 1.21, "directed": true, "direction": "inferred" }, "geometry": { "type": "LineString", "coordinates": [ [ -66.49962, 18.0477 ], [ -66.49954, 18.04772 ], [ -66.49944, 18.04779 ], [ -66.49935, 18.04786 ], [ -66.49926, 18.04797 ], [ -66.49918, 18.04807 ], [ -66.49909, 18.04811 ], [ -66.49899, 18.04817 ], [ -66.49893, 18.04818 ], [ -66.49887, 18.04818 ], [ -66.49881, 18.04817 ], [ -66.49871, 18.04813 ], [ -66.49862, 18.04808 ], [ -66.49849, 18.04796 ], [ -66.49841, 18.04782 ], [ -66.49836, 18.04766 ], [ -66.49833, 18.04752 ], [ -66.49833, 18.04739 ], [ -66.49831, 18.04729 ], [ -66.4983, 18.04724 ], [ -66.49821, 18.04711 ], [ -66.49815, 18.04705 ], [ -66.49808, 18.04701 ], [ -66.49797, 18.04701 ], [ -66.49786, 18.04699 ], [ -66.49772, 18.04699 ], [ -66.49757, 18.04703 ], [ -66.49742, 18.04708 ], [ -66.49723, 18.04717 ], [ -66.4971, 18.04726 ], [ -66.497, 18.04735 ], [ -66.49691, 18.04741 ], [ -66.49688, 18.04745 ], [ -66.49682, 18.04748 ], [ -66.49673, 18.04748 ], [ -66.49666, 18.04748 ], [ -66.4966, 18.04745 ], [ -66.49652, 18.04738 ], [ -66.49646, 18.04727 ], [ -66.49642, 18.04719 ], [ -66.49639, 18.04709 ], [ -66.49636, 18.047 ], [ -66.49636, 18.04692 ], [ -66.49637, 18.04688 ], [ -66.49644, 18.0468 ], [ -66.49649, 18.04675 ], [ -66.49654, 18.04667 ], [ -66.49656, 18.04659 ], [ -66.49658, 18.04648 ], [ -66.49659, 18.04642 ], [ -66.49662, 18.04636 ], [ -66.49671, 18.04626 ], [ -66.4968, 18.04621 ], [ -66.4969, 18.04616 ], [ -66.497, 18.04612 ], [ -66.49704, 18.04606 ], [ -66.49711, 18.04597 ], [ -66.49715, 18.04591 ], [ -66.4972, 18.04585 ], [ -66.49728, 18.04579 ], [ -66.49731, 18.04572 ], [ -66.49734, 18.04566 ], [ -66.49734, 18.04561 ], [ -66.4973, 18.04556 ], [ -66.49726, 18.04555 ], [ -66.49724, 18.04554 ], [ -66.49716, 18.04553 ], [ -66.4971, 18.04552 ], [ -66.497, 18.04553 ], [ -66.49689, 18.04555 ], [ -66.4968, 18.04553 ], [ -66.49671, 18.04551 ], [ -66.49663, 18.04553 ], [ -66.49659, 18.04558 ], [ -66.49654, 18.04563 ], [ -66.49647, 18.04569 ], [ -66.49642, 18.04572 ], [ -66.49636, 18.04575 ], [ -66.49632, 18.04577 ], [ -66.49629, 18.04578 ], [ -66.49626, 18.04579 ], [ -66.49606, 18.04582 ], [ -66.49588, 18.04585 ], [ -66.49573, 18.04589 ], [ -66.4956, 18.04591 ], [ -66.49551, 18.04598 ], [ -66.49547, 18.04606 ], [ -66.49541, 18.04618 ], [ -66.49531, 18.04647 ], [ -66.49528, 18.04655 ], [ -66.49522, 18.04671 ], [ -66.49514, 18.04701 ], [ -66.49509, 18.0473 ], [ -66.49504, 18.04752 ], [ -66.49495, 18.04768 ], [ -66.49494, 18.0477 ], [ -66.49493, 18.04771 ], [ -66.49489, 18.04776 ], [ -66.49484, 18.04781 ], [ -66.49482, 18.04782 ], [ -66.49479, 18.04785 ], [ -66.49472, 18.0479 ], [ -66.4947, 18.0479 ], [ -66.49462, 18.04794 ], [ -66.49454, 18.04798 ], [ -66.49447, 18.048 ], [ -66.49442, 18.04799 ], [ -66.49437, 18.04793 ], [ -66.49433, 18.04784 ], [ -66.49431, 18.04772 ], [ -66.49431, 18.04768 ], [ -66.4943, 18.04757 ], [ -66.49428, 18.04744 ], [ -66.49425, 18.04735 ], [ -66.49415, 18.04716 ], [ -66.49409, 18.04703 ], [ -66.49399, 18.0469 ], [ -66.49391, 18.04681 ], [ -66.49381, 18.04674 ], [ -66.49379, 18.04672 ], [ -66.49375, 18.04669 ], [ -66.4937, 18.04666 ], [ -66.49361, 18.04663 ], [ -66.49356, 18.0466 ], [ -66.49349, 18.04656 ], [ -66.49341, 18.04648 ], [ -66.49315, 18.04618 ], [ -66.49293, 18.04589 ], [ -66.49265, 18.04554 ], [ -66.49225, 18.04513 ], [ -66.49196, 18.04486 ], [ -66.49177, 18.04471 ], [ -66.4916, 18.04458 ], [ -66.4914, 18.04446 ], [ -66.49124, 18.04437 ], [ -66.49105, 18.04432 ], [ -66.49088, 18.0443 ], [ -66.49066, 18.04426 ], [ -66.49057, 18.04424 ], [ -66.49049, 18.0442 ], [ -66.49043, 18.04414 ], [ -66.49031, 18.04398 ], [ -66.49019, 18.04378 ], [ -66.49006, 18.04355 ], [ -66.48995, 18.04344 ], [ -66.48988, 18.04332 ], [ -66.48985, 18.04322 ], [ -66.48983, 18.04316 ], [ -66.48984, 18.04304 ], [ -66.48984, 18.043 ], [ -66.48983, 18.04295 ] ] } },
{ "type": "Feature", "properties": { "fcode": 33600, "label": "Canal or ditch", "name": null, "source": "NHDPlus HR non network flowline", "length_mi": 0.13, "directed": true, "direction": "inferred" }, "geometry": { "type": "LineString", "coordinates": [ [ -66.59051, 17.99777 ], [ -66.59055, 17.99694 ], [ -66.59057, 17.99641 ], [ -66.59054, 17.9961 ], [ -66.59049, 17.99588 ] ] } },
{ "type": "Feature", "properties": { "fcode": 33600, "label": "Canal or ditch", "name": null, "source": "NHDPlus HR non network flowline", "length_mi": 0.26, "directed": true, "direction": "inferred" }, "geometry": { "type": "LineString", "coordinates": [ [ -66.97154, 18.02923 ], [ -66.97163, 18.0283 ], [ -66.97169, 18.02763 ], [ -66.97176, 18.02714 ], [ -66.97183, 18.02686 ], [ -66.97327, 18.02692 ] ] } },
{ "type": "Feature", "properties": { "fcode": 33600, "label": "Canal or ditch", "name": null, "source": "NHDPlus HR non network flowline", "length_mi": 0.1, "directed": false, "direction": "unknown" }, "geometry": { "type": "LineString", "coordinates": [ [ -66.55852, 17.99341 ], [ -66.5588, 17.99205 ] ] } },
{ "type": "Feature", "properties": { "fcode": 33600, "label": "Canal or ditch", "name": null, "source": "NHDPlus HR non network flowline", "length_mi": 0.07, "directed": false, "direction": "unknown" }, "geometry": { "type": "LineString", "coordinates": [ [ -66.59316, 17.97756 ], [ -66.59425, 17.97737 ] ] } },
{ "type": "Feature", "properties": { "fcode": 33600, "label": "Canal or ditch", "name": null, "source": "NHDPlus HR non network flowline", "length_mi": 0.28, "directed": false, "direction": "unknown" }, "geometry": { "type": "LineString", "coordinates": [ [ -66.48815, 18.00749 ], [ -66.48813, 18.00749 ], [ -66.48765, 18.00717 ], [ -66.48748, 18.00709 ], [ -66.48726, 18.00696 ], [ -66.48698, 18.00677 ], [ -66.48664, 18.00654 ], [ -66.48642, 18.00638 ], [ -66.48597, 18.0061 ], [ -66.48557, 18.00583 ], [ -66.48523, 18.00559 ], [ -66.48491, 18.00538 ], [ -66.48466, 18.00522 ] ] } },
{ "type": "Feature", "properties": { "fcode": 33600, "label": "Canal or ditch", "name": null, "source": "NHDPlus HR non network flowline", "length_mi": 0.22, "directed": false, "direction": "unknown" }, "geometry": { "type": "LineString", "coordinates": [ [ -67.15492, 18.17563 ], [ -67.1552, 18.17405 ], [ -67.15665, 18.17324 ] ] } },
{ "type": "Feature", "properties": { "fcode": 33600, "label": "Canal or ditch", "name": null, "source": "NHDPlus HR non network flowline", "length_mi": 0.27, "directed": false, "direction": "unknown" }, "geometry": { "type": "LineString", "coordinates": [ [ -66.58347, 17.98903 ], [ -66.58344, 17.98695 ], [ -66.58215, 17.98705 ], [ -66.58218, 17.98677 ], [ -66.58185, 17.98657 ] ] } },
{ "type": "Feature", "properties": { "fcode": 33600, "label": "Canal or ditch", "name": null, "source": "NHDPlus HR non network flowline", "length_mi": 0.33, "directed": false, "direction": "unknown" }, "geometry": { "type": "LineString", "coordinates": [ [ -66.47903, 17.99578 ], [ -66.47887, 17.99803 ], [ -66.47884, 17.99835 ], [ -66.47877, 17.99894 ], [ -66.4787, 17.99961 ], [ -66.47866, 18.00007 ], [ -66.47863, 18.00064 ] ] } },
{ "type": "Feature", "properties": { "fcode": 33600, "label": "Canal or ditch", "name": null, "source": "NHDPlus HR non network flowline", "length_mi": 0.19, "directed": false, "direction": "unknown" }, "geometry": { "type": "LineString", "coordinates": [ [ -66.5838, 17.99786 ], [ -66.58378, 17.99757 ], [ -66.5838, 17.99736 ], [ -66.58371, 17.9972 ], [ -66.58348, 17.99696 ], [ -66.58324, 17.99676 ], [ -66.58304, 17.99659 ], [ -66.58304, 17.99591 ], [ -66.58251, 17.99576 ] ] } },
{ "type": "Feature", "properties": { "fcode": 33600, "label": "Canal or ditch", "name": null, "source": "NHDPlus HR non network flowline", "length_mi": 0.34, "directed": false, "direction": "unknown" }, "geometry": { "type": "LineString", "coordinates": [ [ -67.00494, 18.00954 ], [ -67.00611, 18.00537 ], [ -67.00586, 18.00483 ] ] } },
{ "type": "Feature", "properties": { "fcode": 33600, "label": "Canal or ditch", "name": null, "source": "NHDPlus HR non network flowline", "length_mi": 0.17, "directed": false, "direction": "unknown" }, "geometry": { "type": "LineString", "coordinates": [ [ -67.02136, 18.03092 ], [ -67.02053, 18.02961 ], [ -67.02, 18.0288 ] ] } },
{ "type": "Feature", "properties": { "fcode": 33600, "label": "Canal or ditch", "name": null, "source": "NHDPlus HR non network flowline", "length_mi": 0.08, "directed": false, "direction": "unknown" }, "geometry": { "type": "LineString", "coordinates": [ [ -66.42054, 18.01701 ], [ -66.42046, 18.01701 ], [ -66.41987, 18.01701 ], [ -66.41938, 18.01702 ], [ -66.41929, 18.01703 ] ] } },
{ "type": "Feature", "properties": { "fcode": 33600, "label": "Canal or ditch", "name": null, "source": "NHDPlus HR non network flowline", "length_mi": 0.25, "directed": false, "direction": "unknown" }, "geometry": { "type": "LineString", "coordinates": [ [ -66.56115, 17.97554 ], [ -66.55982, 17.97591 ], [ -66.55896, 17.9762 ], [ -66.55862, 17.9763 ], [ -66.5583, 17.97641 ], [ -66.55791, 17.97646 ], [ -66.55771, 17.97651 ], [ -66.55754, 17.97658 ] ] } },
{ "type": "Feature", "properties": { "fcode": 33600, "label": "Canal or ditch", "name": null, "source": "NHDPlus HR non network flowline", "length_mi": 0.14, "directed": false, "direction": "unknown" }, "geometry": { "type": "LineString", "coordinates": [ [ -66.60527, 17.97551 ], [ -66.60394, 17.97535 ], [ -66.6032, 17.97524 ] ] } },
{ "type": "Feature", "properties": { "fcode": 33600, "label": "Canal or ditch", "name": "Canal Principal De Riego Valle De Lajas", "source": "NHDPlus HR non network flowline", "length_mi": 0.21, "directed": false, "direction": "unknown" }, "geometry": { "type": "LineString", "coordinates": [ [ -67.098, 18.03446 ], [ -67.09822, 18.03441 ], [ -67.09846, 18.03441 ], [ -67.09857, 18.03445 ], [ -67.09872, 18.03449 ], [ -67.09896, 18.03459 ], [ -67.09915, 18.03468 ], [ -67.09919, 18.03472 ], [ -67.09923, 18.03481 ], [ -67.09926, 18.03492 ], [ -67.09931, 18.035 ], [ -67.09938, 18.03505 ], [ -67.09949, 18.03509 ], [ -67.09969, 18.03516 ], [ -67.09996, 18.03525 ], [ -67.10035, 18.03538 ], [ -67.10078, 18.03553 ] ] } },
{ "type": "Feature", "properties": { "fcode": 33600, "label": "Canal or ditch", "name": null, "source": "NHDPlus HR non network flowline", "length_mi": 0.02, "directed": false, "direction": "unknown" }, "geometry": { "type": "LineString", "coordinates": [ [ -66.57076, 17.9936 ], [ -66.57047, 17.99357 ] ] } },
{ "type": "Feature", "properties": { "fcode": 33600, "label": "Canal or ditch", "name": null, "source": "NHDPlus HR non network flowline", "length_mi": 0.17, "directed": false, "direction": "unknown" }, "geometry": { "type": "LineString", "coordinates": [ [ -66.58647, 17.98752 ], [ -66.58589, 17.98513 ] ] } },
{ "type": "Feature", "properties": { "fcode": 33600, "label": "Canal or ditch", "name": null, "source": "NHDPlus HR non network flowline", "length_mi": 0.03, "directed": true, "direction": "inferred" }, "geometry": { "type": "LineString", "coordinates": [ [ -66.52379, 18.16055 ], [ -66.52336, 18.16056 ] ] } },
{ "type": "Feature", "properties": { "fcode": 33600, "label": "Canal or ditch", "name": null, "source": "NHDPlus HR non network flowline", "length_mi": 0.13, "directed": false, "direction": "unknown" }, "geometry": { "type": "LineString", "coordinates": [ [ -67.09305, 18.02908 ], [ -67.09175, 18.02937 ], [ -67.09112, 18.02925 ] ] } },
{ "type": "Feature", "properties": { "fcode": 33600, "label": "Canal or ditch", "name": null, "source": "NHDPlus HR non network flowline", "length_mi": 0.87, "directed": true, "direction": "inferred" }, "geometry": { "type": "LineString", "coordinates": [ [ -67.02864, 18.02609 ], [ -67.02918, 18.02398 ], [ -67.02977, 18.02158 ], [ -67.0305, 18.01874 ], [ -67.03129, 18.01569 ], [ -67.03176, 18.01389 ], [ -67.03179, 18.01379 ] ] } },
{ "type": "Feature", "properties": { "fcode": 33600, "label": "Canal or ditch", "name": null, "source": "NHDPlus HR non network flowline", "length_mi": 0.76, "directed": false, "direction": "unknown" }, "geometry": { "type": "LineString", "coordinates": [ [ -66.58046, 17.96184 ], [ -66.58032, 17.96189 ], [ -66.58011, 17.96193 ], [ -66.57994, 17.96203 ], [ -66.57984, 17.96219 ], [ -66.57983, 17.96219 ], [ -66.57968, 17.96232 ], [ -66.57952, 17.96241 ], [ -66.57926, 17.96244 ], [ -66.57903, 17.96248 ], [ -66.579, 17.96251 ], [ -66.57887, 17.9626 ], [ -66.57869, 17.96275 ], [ -66.57837, 17.96285 ], [ -66.57805, 17.96294 ], [ -66.57794, 17.96305 ], [ -66.57772, 17.9639 ], [ -66.57769, 17.96394 ], [ -66.57689, 17.96525 ], [ -66.57643, 17.96637 ], [ -66.57606, 17.9671 ], [ -66.57579, 17.96752 ], [ -66.57568, 17.96772 ], [ -66.57474, 17.96833 ], [ -66.57315, 17.96972 ] ] } },
{ "type": "Feature", "properties": { "fcode": 33600, "label": "Canal or ditch", "name": null, "source": "NHDPlus HR non network flowline", "length_mi": 0.15, "directed": false, "direction": "unknown" }, "geometry": { "type": "LineString", "coordinates": [ [ -66.45991, 17.99798 ], [ -66.46037, 17.99609 ], [ -66.46038, 17.99599 ], [ -66.4604, 17.99586 ] ] } },
{ "type": "Feature", "properties": { "fcode": 33600, "label": "Canal or ditch", "name": null, "source": "NHDPlus HR non network flowline", "length_mi": 0.12, "directed": false, "direction": "unknown" }, "geometry": { "type": "LineString", "coordinates": [ [ -66.58137, 17.98076 ], [ -66.58306, 17.98026 ] ] } },
{ "type": "Feature", "properties": { "fcode": 33600, "label": "Canal or ditch", "name": null, "source": "NHDPlus HR non network flowline", "length_mi": 0.08, "directed": false, "direction": "unknown" }, "geometry": { "type": "LineString", "coordinates": [ [ -66.56417, 17.98374 ], [ -66.56304, 17.98429 ] ] } },
{ "type": "Feature", "properties": { "fcode": 33600, "label": "Canal or ditch", "name": null, "source": "NHDPlus HR non network flowline", "length_mi": 0.23, "directed": false, "direction": "unknown" }, "geometry": { "type": "LineString", "coordinates": [ [ -66.47957, 17.99557 ], [ -66.4795, 17.99216 ] ] } },
{ "type": "Feature", "properties": { "fcode": 33600, "label": "Canal or ditch", "name": null, "source": "NHDPlus HR non network flowline", "length_mi": 0.24, "directed": false, "direction": "unknown" }, "geometry": { "type": "LineString", "coordinates": [ [ -66.55594, 17.99943 ], [ -66.55598, 17.9994 ], [ -66.55826, 17.99931 ], [ -66.55831, 17.99929 ], [ -66.55836, 17.99925 ], [ -66.55837, 17.99915 ], [ -66.55844, 17.99808 ] ] } },
{ "type": "Feature", "properties": { "fcode": 33600, "label": "Canal or ditch", "name": null, "source": "NHDPlus HR non network flowline", "length_mi": 0.35, "directed": true, "direction": "inferred" }, "geometry": { "type": "LineString", "coordinates": [ [ -66.94291, 18.0168 ], [ -66.94117, 18.0158 ], [ -66.94152, 18.01463 ], [ -66.9408, 18.0128 ] ] } },
{ "type": "Feature", "properties": { "fcode": 33600, "label": "Canal or ditch", "name": null, "source": "NHDPlus HR non network flowline", "length_mi": 1.24, "directed": false, "direction": "unknown" }, "geometry": { "type": "LineString", "coordinates": [ [ -66.56716, 18.00293 ], [ -66.5672, 18.00209 ], [ -66.56722, 18.00132 ], [ -66.56723, 18.00066 ], [ -66.56721, 17.99973 ], [ -66.5672, 17.99921 ], [ -66.56724, 17.99894 ], [ -66.56738, 17.99803 ], [ -66.56778, 17.99638 ], [ -66.56813, 17.99476 ], [ -66.56827, 17.99398 ], [ -66.56866, 17.99242 ], [ -66.56872, 17.992 ], [ -66.56868, 17.99186 ], [ -66.56865, 17.9917 ], [ -66.5688, 17.99096 ], [ -66.56903, 17.9899 ], [ -66.56918, 17.98911 ], [ -66.56933, 17.98826 ], [ -66.56951, 17.9874 ], [ -66.56963, 17.98674 ], [ -66.56965, 17.98666 ], [ -66.56807, 17.98633 ] ] } },
{ "type": "Feature", "properties": { "fcode": 33600, "label": "Canal or ditch", "name": "Canal Principal De Riego Valle De Lajas", "source": "NHDPlus HR non network flowline", "length_mi": 0.41, "directed": false, "direction": "unknown" }, "geometry": { "type": "LineString", "coordinates": [ [ -66.94492, 18.04317 ], [ -66.94506, 18.04312 ], [ -66.94515, 18.04311 ], [ -66.94522, 18.04313 ], [ -66.94534, 18.04317 ], [ -66.9455, 18.04323 ], [ -66.94569, 18.04331 ], [ -66.946, 18.04342 ], [ -66.94606, 18.04343 ], [ -66.94619, 18.04339 ], [ -66.94628, 18.04332 ], [ -66.94633, 18.04326 ], [ -66.9464, 18.04308 ], [ -66.94644, 18.04301 ], [ -66.94649, 18.04298 ], [ -66.94655, 18.04295 ], [ -66.94668, 18.04295 ], [ -66.94675, 18.04298 ], [ -66.94687, 18.04306 ], [ -66.94703, 18.04319 ], [ -66.94719, 18.04329 ], [ -66.94744, 18.04347 ], [ -66.94765, 18.04362 ], [ -66.94787, 18.04377 ], [ -66.94806, 18.04385 ], [ -66.9484, 18.04389 ], [ -66.94871, 18.04391 ], [ -66.94887, 18.04391 ], [ -66.94899, 18.04387 ], [ -66.94905, 18.04379 ], [ -66.94907, 18.04373 ], [ -66.94905, 18.04364 ], [ -66.94898, 18.04352 ], [ -66.94894, 18.04342 ], [ -66.94894, 18.04333 ], [ -66.94899, 18.04305 ], [ -66.949, 18.04298 ], [ -66.94904, 18.04282 ], [ -66.94912, 18.04274 ], [ -66.94918, 18.04271 ], [ -66.94929, 18.04269 ], [ -66.94938, 18.04267 ] ] } },
{ "type": "Feature", "properties": { "fcode": 33600, "label": "Canal or ditch", "name": null, "source": "NHDPlus HR non network flowline", "length_mi": 0.13, "directed": false, "direction": "unknown" }, "geometry": { "type": "LineString", "coordinates": [ [ -66.59608, 17.97642 ], [ -66.59715, 17.97633 ], [ -66.5981, 17.97628 ] ] } },
{ "type": "Feature", "properties": { "fcode": 33600, "label": "Canal or ditch", "name": null, "source": "NHDPlus HR non network flowline", "length_mi": 0.15, "directed": false, "direction": "unknown" }, "geometry": { "type": "LineString", "coordinates": [ [ -66.48634, 17.99733 ], [ -66.4865, 17.99738 ], [ -66.4867, 17.99802 ], [ -66.4867, 17.99806 ], [ -66.48673, 17.99822 ], [ -66.48684, 17.99846 ], [ -66.48696, 17.9987 ], [ -66.48705, 17.99898 ], [ -66.48717, 17.99924 ] ] } },
{ "type": "Feature", "properties": { "fcode": 33600, "label": "Canal or ditch", "name": null, "source": "NHDPlus HR non network flowline", "length_mi": 0.96, "directed": true, "direction": "inferred" }, "geometry": { "type": "LineString", "coordinates": [ [ -66.54674, 17.99317 ], [ -66.5477, 17.99096 ], [ -66.54777, 17.99066 ], [ -66.54781, 17.99044 ], [ -66.54803, 17.98974 ], [ -66.5482, 17.98819 ], [ -66.54717, 17.98683 ], [ -66.54774, 17.98429 ], [ -66.54811, 17.98286 ], [ -66.54815, 17.9828 ], [ -66.54825, 17.98271 ], [ -66.54833, 17.98252 ], [ -66.54838, 17.98239 ], [ -66.54843, 17.98233 ], [ -66.55079, 17.98297 ] ] } },
{ "type": "Feature", "properties": { "fcode": 33600, "label": "Canal or ditch", "name": null, "source": "NHDPlus HR non network flowline", "length_mi": 0.24, "directed": true, "direction": "inferred" }, "geometry": { "type": "LineString", "coordinates": [ [ -66.97386, 18.0488 ], [ -66.97396, 18.04752 ], [ -66.97409, 18.04602 ], [ -66.97418, 18.04534 ] ] } },
{ "type": "Feature", "properties": { "fcode": 33600, "label": "Canal or ditch", "name": null, "source": "NHDPlus HR non network flowline", "length_mi": 0.21, "directed": false, "direction": "unknown" }, "geometry": { "type": "LineString", "coordinates": [ [ -66.72857, 17.99408 ], [ -66.7256, 17.99341 ], [ -66.72553, 17.99336 ], [ -66.72553, 17.99335 ] ] } },
{ "type": "Feature", "properties": { "fcode": 33600, "label": "Canal or ditch", "name": null, "source": "NHDPlus HR non network flowline", "length_mi": 0.06, "directed": false, "direction": "unknown" }, "geometry": { "type": "LineString", "coordinates": [ [ -66.56304, 17.98429 ], [ -66.56226, 17.98465 ] ] } },
{ "type": "Feature", "properties": { "fcode": 33600, "label": "Canal or ditch", "name": null, "source": "NHDPlus HR non network flowline", "length_mi": 0.61, "directed": false, "direction": "unknown" }, "geometry": { "type": "LineString", "coordinates": [ [ -66.72777, 17.99585 ], [ -66.72727, 17.99695 ], [ -66.72719, 17.99716 ], [ -66.72702, 17.99753 ], [ -66.72689, 17.99757 ], [ -66.72678, 17.9976 ], [ -66.72661, 17.99759 ], [ -66.72644, 17.99755 ], [ -66.72618, 17.99746 ], [ -66.72412, 17.9969 ], [ -66.72265, 17.99644 ], [ -66.72249, 17.99638 ], [ -66.72233, 17.9962 ], [ -66.72225, 17.99605 ], [ -66.72219, 17.99591 ], [ -66.72219, 17.99574 ], [ -66.72223, 17.99552 ], [ -66.72232, 17.99538 ], [ -66.72248, 17.99528 ], [ -66.72269, 17.9952 ], [ -66.72296, 17.99512 ], [ -66.72315, 17.99499 ], [ -66.7233, 17.99484 ], [ -66.72343, 17.99465 ], [ -66.72349, 17.99455 ] ] } },
{ "type": "Feature", "properties": { "fcode": 33600, "label": "Canal or ditch", "name": null, "source": "NHDPlus HR non network flowline", "length_mi": 0.17, "directed": false, "direction": "unknown" }, "geometry": { "type": "LineString", "coordinates": [ [ -67.13684, 18.03628 ], [ -67.13686, 18.03628 ], [ -67.13687, 18.03617 ], [ -67.13687, 18.03603 ], [ -67.13688, 18.03579 ], [ -67.13692, 18.0356 ], [ -67.13701, 18.03547 ], [ -67.13717, 18.03537 ], [ -67.13735, 18.03526 ], [ -67.13759, 18.03511 ], [ -67.13774, 18.03506 ], [ -67.13796, 18.03507 ], [ -67.13818, 18.03512 ], [ -67.13853, 18.03521 ], [ -67.13856, 18.03522 ] ] } },
{ "type": "Feature", "properties": { "fcode": 33600, "label": "Canal or ditch", "name": null, "source": "NHDPlus HR non network flowline", "length_mi": 0.02, "directed": false, "direction": "unknown" }, "geometry": { "type": "LineString", "coordinates": [ [ -67.08805, 18.03184 ], [ -67.0881, 18.03218 ] ] } },
{ "type": "Feature", "properties": { "fcode": 33600, "label": "Canal or ditch", "name": null, "source": "NHDPlus HR non network flowline", "length_mi": 0.05, "directed": false, "direction": "unknown" }, "geometry": { "type": "LineString", "coordinates": [ [ -66.38857, 17.99702 ], [ -66.38804, 17.9965 ] ] } },
{ "type": "Feature", "properties": { "fcode": 33600, "label": "Canal or ditch", "name": null, "source": "NHDPlus HR non network flowline", "length_mi": 0.56, "directed": false, "direction": "unknown" }, "geometry": { "type": "LineString", "coordinates": [ [ -66.59231, 17.98502 ], [ -66.59134, 17.98496 ], [ -66.59105, 17.98394 ], [ -66.59083, 17.98321 ], [ -66.59081, 17.98308 ], [ -66.59089, 17.98285 ], [ -66.59099, 17.98224 ], [ -66.59117, 17.98094 ], [ -66.59123, 17.98057 ], [ -66.59117, 17.98009 ], [ -66.59104, 17.97919 ], [ -66.59101, 17.97893 ], [ -66.59099, 17.97839 ], [ -66.59097, 17.97791 ] ] } },
{ "type": "Feature", "properties": { "fcode": 33600, "label": "Canal or ditch", "name": null, "source": "NHDPlus HR non network flowline", "length_mi": 0.73, "directed": true, "direction": "inferred" }, "geometry": { "type": "LineString", "coordinates": [ [ -67.07763, 18.03784 ], [ -67.07762, 18.03767 ], [ -67.07762, 18.03754 ], [ -67.07764, 18.03747 ], [ -67.07774, 18.03734 ], [ -67.07782, 18.03726 ], [ -67.07784, 18.03714 ], [ -67.07783, 18.03703 ], [ -67.0778, 18.03691 ], [ -67.07775, 18.03668 ], [ -67.07767, 18.03637 ], [ -67.07766, 18.03615 ], [ -67.07768, 18.0351 ], [ -67.07772, 18.03421 ], [ -67.07776, 18.0334 ], [ -67.07779, 18.03269 ], [ -67.07781, 18.03251 ], [ -67.0779, 18.03246 ], [ -67.07809, 18.03247 ], [ -67.07867, 18.03249 ], [ -67.07948, 18.03253 ], [ -67.07962, 18.0325 ], [ -67.07964, 18.03245 ], [ -67.07966, 18.03226 ], [ -67.07967, 18.0316 ], [ -67.07967, 18.02905 ] ] } },
{ "type": "Feature", "properties": { "fcode": 33600, "label": "Canal or ditch", "name": null, "source": "NHDPlus HR non network flowline", "length_mi": 0.34, "directed": false, "direction": "unknown" }, "geometry": { "type": "LineString", "coordinates": [ [ -66.56884, 17.98607 ], [ -66.56947, 17.98413 ], [ -66.57008, 17.98226 ], [ -66.57021, 17.98179 ], [ -66.57026, 17.98159 ], [ -66.57029, 17.98143 ], [ -66.5703, 17.98133 ] ] } },
{ "type": "Feature", "properties": { "fcode": 33600, "label": "Canal or ditch", "name": null, "source": "NHDPlus HR non network flowline", "length_mi": 0.93, "directed": false, "direction": "unknown" }, "geometry": { "type": "LineString", "coordinates": [ [ -66.57018, 18.00336 ], [ -66.5706, 18.00104 ], [ -66.57096, 17.99911 ], [ -66.57118, 17.99803 ], [ -66.57134, 17.99686 ], [ -66.57151, 17.99538 ], [ -66.57165, 17.99412 ], [ -66.57177, 17.9928 ], [ -66.5719, 17.99126 ], [ -66.57197, 17.99037 ], [ -66.572, 17.99001 ] ] } },
{ "type": "Feature", "properties": { "fcode": 33600, "label": "Canal or ditch", "name": null, "source": "NHDPlus HR non network flowline", "length_mi": 0.06, "directed": false, "direction": "unknown" }, "geometry": { "type": "LineString", "coordinates": [ [ -66.58838, 17.9823 ], [ -66.58931, 17.98227 ] ] } },
{ "type": "Feature", "properties": { "fcode": 33600, "label": "Canal or ditch", "name": null, "source": "NHDPlus HR non network flowline", "length_mi": 0.22, "directed": false, "direction": "unknown" }, "geometry": { "type": "LineString", "coordinates": [ [ -66.56604, 17.98008 ], [ -66.56409, 17.97996 ], [ -66.56275, 17.97989 ] ] } },
{ "type": "Feature", "properties": { "fcode": 33600, "label": "Canal or ditch", "name": null, "source": "NHDPlus HR non network flowline", "length_mi": 0.29, "directed": false, "direction": "unknown" }, "geometry": { "type": "LineString", "coordinates": [ [ -66.61235, 17.97989 ], [ -66.61301, 17.97786 ], [ -66.61366, 17.97589 ] ] } },
{ "type": "Feature", "properties": { "fcode": 33600, "label": "Canal or ditch", "name": null, "source": "NHDPlus HR non network flowline", "length_mi": 0.55, "directed": false, "direction": "unknown" }, "geometry": { "type": "LineString", "coordinates": [ [ -66.41929, 18.01703 ], [ -66.41885, 18.01706 ], [ -66.41857, 18.01706 ], [ -66.41849, 18.01707 ], [ -66.41837, 18.01713 ], [ -66.41831, 18.01718 ], [ -66.41823, 18.01721 ], [ -66.41815, 18.01723 ], [ -66.41808, 18.01722 ], [ -66.41798, 18.01716 ], [ -66.41788, 18.01706 ], [ -66.41782, 18.01698 ], [ -66.41766, 18.01686 ], [ -66.41743, 18.01671 ], [ -66.41718, 18.01658 ], [ -66.41697, 18.01649 ], [ -66.41674, 18.01638 ], [ -66.4166, 18.01631 ], [ -66.41647, 18.01624 ], [ -66.41631, 18.01619 ], [ -66.41615, 18.01613 ], [ -66.41598, 18.01608 ], [ -66.41585, 18.01603 ], [ -66.41569, 18.01596 ], [ -66.41557, 18.0159 ], [ -66.41537, 18.0158 ], [ -66.41515, 18.01568 ], [ -66.41499, 18.01559 ], [ -66.41478, 18.0155 ], [ -66.41454, 18.01543 ], [ -66.41437, 18.01536 ], [ -66.4141, 18.01532 ], [ -66.41385, 18.0153 ], [ -66.41358, 18.01526 ], [ -66.41334, 18.0152 ], [ -66.41312, 18.01517 ], [ -66.41295, 18.01513 ], [ -66.41281, 18.01505 ], [ -66.4126, 18.01489 ], [ -66.41226, 18.01466 ], [ -66.41187, 18.01438 ], [ -66.41175, 18.0143 ] ] } },
{ "type": "Feature", "properties": { "fcode": 33600, "label": "Canal or ditch", "name": null, "source": "NHDPlus HR non network flowline", "length_mi": 0.09, "directed": false, "direction": "unknown" }, "geometry": { "type": "LineString", "coordinates": [ [ -66.94795, 18.01739 ], [ -66.94658, 18.01747 ] ] } },
{ "type": "Feature", "properties": { "fcode": 33600, "label": "Canal or ditch", "name": "Canal Principal De Riego Valle De Lajas", "source": "NHDPlus HR non network flowline", "length_mi": 0.13, "directed": false, "direction": "unknown" }, "geometry": { "type": "LineString", "coordinates": [ [ -67.0915, 18.03553 ], [ -67.09153, 18.03554 ], [ -67.09163, 18.03554 ], [ -67.09171, 18.03553 ], [ -67.09187, 18.03547 ], [ -67.0921, 18.03537 ], [ -67.09247, 18.0352 ], [ -67.09274, 18.03504 ], [ -67.09302, 18.03495 ], [ -67.09312, 18.03494 ], [ -67.09323, 18.03495 ], [ -67.09328, 18.03498 ] ] } },
{ "type": "Feature", "properties": { "fcode": 33600, "label": "Canal or ditch", "name": null, "source": "NHDPlus HR non network flowline", "length_mi": 0.12, "directed": false, "direction": "unknown" }, "geometry": { "type": "LineString", "coordinates": [ [ -66.56275, 17.97989 ], [ -66.56237, 17.97886 ], [ -66.56215, 17.97832 ] ] } },
{ "type": "Feature", "properties": { "fcode": 33600, "label": "Canal or ditch", "name": null, "source": "NHDPlus HR non network flowline", "length_mi": 0.98, "directed": true, "direction": "inferred" }, "geometry": { "type": "LineString", "coordinates": [ [ -66.41282, 18.00624 ], [ -66.41284, 18.00612 ], [ -66.41289, 18.00588 ], [ -66.41296, 18.00555 ], [ -66.41303, 18.00517 ], [ -66.41312, 18.00472 ], [ -66.4132, 18.00437 ], [ -66.41331, 18.004 ], [ -66.41338, 18.0037 ], [ -66.41343, 18.0035 ], [ -66.4135, 18.00321 ], [ -66.41362, 18.00281 ], [ -66.41374, 18.0024 ], [ -66.41384, 18.00207 ], [ -66.41398, 18.00155 ], [ -66.41409, 18.00121 ], [ -66.41421, 18.00085 ], [ -66.41433, 18.00043 ], [ -66.41445, 18.0 ], [ -66.4146, 17.99959 ], [ -66.41469, 17.99932 ], [ -66.41474, 17.99912 ], [ -66.41478, 17.9989 ], [ -66.41481, 17.99861 ], [ -66.41483, 17.99843 ], [ -66.41485, 17.99819 ], [ -66.41486, 17.99803 ], [ -66.415, 17.99749 ], [ -66.41521, 17.99504 ], [ -66.41527, 17.99408 ], [ -66.41537, 17.9922 ] ] } },
{ "type": "Feature", "properties": { "fcode": 33600, "label": "Canal or ditch", "name": null, "source": "NHDPlus HR non network flowline", "length_mi": 0.88, "directed": false, "direction": "unknown" }, "geometry": { "type": "LineString", "coordinates": [ [ -66.78373, 17.99727 ], [ -66.78446, 17.99803 ], [ -66.78608, 17.9996 ], [ -66.78509, 18.00049 ], [ -66.78596, 18.00225 ], [ -66.7866, 18.00237 ], [ -66.78665, 18.00244 ], [ -66.78659, 18.00255 ], [ -66.7865, 18.00267 ], [ -66.78642, 18.00285 ], [ -66.78643, 18.00308 ], [ -66.78652, 18.00326 ], [ -66.78663, 18.00342 ], [ -66.7867, 18.00369 ], [ -66.7867, 18.00404 ], [ -66.78664, 18.00436 ], [ -66.78658, 18.0045 ], [ -66.78663, 18.00462 ], [ -66.78705, 18.0049 ], [ -66.7872, 18.00495 ], [ -66.78755, 18.00491 ], [ -66.78787, 18.00484 ], [ -66.7881, 18.00478 ], [ -66.78839, 18.00476 ], [ -66.78885, 18.00484 ], [ -66.7892, 18.00492 ], [ -66.78952, 18.00506 ], [ -66.78986, 18.00518 ] ] } },
{ "type": "Feature", "properties": { "fcode": 33600, "label": "Canal or ditch", "name": null, "source": "NHDPlus HR non network flowline", "length_mi": 0.07, "directed": false, "direction": "unknown" }, "geometry": { "type": "LineString", "coordinates": [ [ -66.56019, 17.98719 ], [ -66.56039, 17.98622 ] ] } },
{ "type": "Feature", "properties": { "fcode": 33600, "label": "Canal or ditch", "name": null, "source": "NHDPlus HR non network flowline", "length_mi": 0.11, "directed": false, "direction": "unknown" }, "geometry": { "type": "LineString", "coordinates": [ [ -66.56807, 17.98425 ], [ -66.56636, 17.98444 ] ] } },
{ "type": "Feature", "properties": { "fcode": 33600, "label": "Canal or ditch", "name": null, "source": "NHDPlus HR non network flowline", "length_mi": 0.26, "directed": true, "direction": "inferred" }, "geometry": { "type": "LineString", "coordinates": [ [ -67.08702, 18.03576 ], [ -67.0871, 18.03529 ], [ -67.08717, 18.03502 ], [ -67.08753, 18.034 ], [ -67.08778, 18.0332 ], [ -67.0881, 18.03219 ], [ -67.0881, 18.03218 ] ] } },
{ "type": "Feature", "properties": { "fcode": 33600, "label": "Canal or ditch", "name": null, "source": "NHDPlus HR non network flowline", "length_mi": 0.01, "directed": false, "direction": "unknown" }, "geometry": { "type": "LineString", "coordinates": [ [ -66.72431, 17.99205 ], [ -66.72432, 17.99204 ], [ -66.72436, 17.99184 ] ] } },
{ "type": "Feature", "properties": { "fcode": 33600, "label": "Canal or ditch", "name": null, "source": "NHDPlus HR non network flowline", "length_mi": 0.39, "directed": false, "direction": "unknown" }, "geometry": { "type": "LineString", "coordinates": [ [ -66.5588, 17.99205 ], [ -66.55926, 17.98995 ], [ -66.55847, 17.98787 ], [ -66.55834, 17.98759 ], [ -66.55823, 17.98715 ], [ -66.55811, 17.9866 ] ] } },
{ "type": "Feature", "properties": { "fcode": 33600, "label": "Canal or ditch", "name": null, "source": "NHDPlus HR non network flowline", "length_mi": 0.11, "directed": false, "direction": "unknown" }, "geometry": { "type": "LineString", "coordinates": [ [ -66.94893, 18.01288 ], [ -66.94725, 18.01282 ] ] } },
{ "type": "Feature", "properties": { "fcode": 33600, "label": "Canal or ditch", "name": null, "source": "NHDPlus HR non network flowline", "length_mi": 0.05, "directed": false, "direction": "unknown" }, "geometry": { "type": "LineString", "coordinates": [ [ -66.57289, 17.96944 ], [ -66.57233, 17.96887 ] ] } },
{ "type": "Feature", "properties": { "fcode": 33600, "label": "Canal or ditch", "name": null, "source": "NHDPlus HR non network flowline", "length_mi": 0.54, "directed": false, "direction": "unknown" }, "geometry": { "type": "LineString", "coordinates": [ [ -66.57977, 17.97373 ], [ -66.57973, 17.97384 ], [ -66.57964, 17.97414 ], [ -66.57961, 17.97424 ], [ -66.57952, 17.97438 ], [ -66.57886, 17.97489 ], [ -66.57764, 17.97591 ], [ -66.577, 17.97641 ], [ -66.57613, 17.97709 ], [ -66.57597, 17.97724 ], [ -66.57587, 17.9774 ], [ -66.57584, 17.97758 ], [ -66.57589, 17.9778 ], [ -66.57599, 17.97802 ], [ -66.57612, 17.9782 ], [ -66.57624, 17.97847 ], [ -66.57627, 17.97873 ], [ -66.57622, 17.97899 ], [ -66.576, 17.97937 ], [ -66.57572, 17.97962 ] ] } },
{ "type": "Feature", "properties": { "fcode": 33600, "label": "Canal or ditch", "name": "Canal Principal De Riego Valle De Lajas", "source": "NHDPlus HR non network flowline", "length_mi": 0.07, "directed": false, "direction": "unknown" }, "geometry": { "type": "LineString", "coordinates": [ [ -67.10436, 18.03757 ], [ -67.10544, 18.03753 ] ] } },
{ "type": "Feature", "properties": { "fcode": 33600, "label": "Canal or ditch", "name": null, "source": "NHDPlus HR non network flowline", "length_mi": 0.22, "directed": false, "direction": "unknown" }, "geometry": { "type": "LineString", "coordinates": [ [ -66.58354, 17.98343 ], [ -66.58332, 17.98198 ], [ -66.58306, 17.98026 ] ] } },
{ "type": "Feature", "properties": { "fcode": 33600, "label": "Canal or ditch", "name": null, "source": "NHDPlus HR non network flowline", "length_mi": 0.1, "directed": false, "direction": "unknown" }, "geometry": { "type": "LineString", "coordinates": [ [ -66.59457, 17.97993 ], [ -66.5931, 17.9802 ] ] } },
{ "type": "Feature", "properties": { "fcode": 33600, "label": "Canal or ditch", "name": "Canal Principal De Riego Valle De Lajas", "source": "NHDPlus HR non network flowline", "length_mi": 0.34, "directed": false, "direction": "unknown" }, "geometry": { "type": "LineString", "coordinates": [ [ -66.97938, 18.05104 ], [ -66.97944, 18.05098 ], [ -66.97949, 18.05085 ], [ -66.97955, 18.0507 ], [ -66.97958, 18.05057 ], [ -66.9796, 18.05041 ], [ -66.97956, 18.05028 ], [ -66.97952, 18.05016 ], [ -66.9795, 18.05004 ], [ -66.97949, 18.05002 ], [ -66.97951, 18.04992 ], [ -66.97956, 18.0498 ], [ -66.97966, 18.04967 ], [ -66.97985, 18.04955 ], [ -66.97997, 18.04952 ], [ -66.98014, 18.04953 ], [ -66.98026, 18.04947 ], [ -66.98033, 18.04939 ], [ -66.98039, 18.04929 ], [ -66.98043, 18.04916 ], [ -66.98048, 18.04903 ], [ -66.98054, 18.04889 ], [ -66.98061, 18.0487 ], [ -66.98074, 18.04837 ], [ -66.98085, 18.04825 ], [ -66.9812, 18.04803 ], [ -66.98163, 18.04773 ], [ -66.98203, 18.04736 ], [ -66.98206, 18.04733 ] ] } },
{ "type": "Feature", "properties": { "fcode": 33600, "label": "Canal or ditch", "name": null, "source": "NHDPlus HR non network flowline", "length_mi": 0.09, "directed": false, "direction": "unknown" }, "geometry": { "type": "LineString", "coordinates": [ [ -66.48222, 17.99599 ], [ -66.48079, 17.99589 ] ] } },
{ "type": "Feature", "properties": { "fcode": 33600, "label": "Canal or ditch", "name": null, "source": "NHDPlus HR non network flowline", "length_mi": 0.06, "directed": false, "direction": "unknown" }, "geometry": { "type": "LineString", "coordinates": [ [ -66.58939, 17.99171 ], [ -66.5891, 17.99162 ], [ -66.589, 17.99132 ], [ -66.58894, 17.99113 ], [ -66.58891, 17.99105 ] ] } },
{ "type": "Feature", "properties": { "fcode": 33600, "label": "Canal or ditch", "name": null, "source": "NHDPlus HR non network flowline", "length_mi": 0.33, "directed": false, "direction": "unknown" }, "geometry": { "type": "LineString", "coordinates": [ [ -67.13116, 18.03666 ], [ -67.13133, 18.0367 ], [ -67.13158, 18.03679 ], [ -67.13189, 18.03686 ], [ -67.1322, 18.03691 ], [ -67.13245, 18.03703 ], [ -67.13259, 18.03706 ], [ -67.1327, 18.03705 ], [ -67.13277, 18.03702 ], [ -67.13294, 18.03691 ], [ -67.13309, 18.03684 ], [ -67.13353, 18.03676 ], [ -67.13433, 18.03667 ], [ -67.13581, 18.03648 ], [ -67.13596, 18.03645 ] ] } },
{ "type": "Feature", "properties": { "fcode": 33600, "label": "Canal or ditch", "name": null, "source": "NHDPlus HR non network flowline", "length_mi": 0.85, "directed": true, "direction": "inferred" }, "geometry": { "type": "LineString", "coordinates": [ [ -67.07285, 18.03917 ], [ -67.07273, 18.03786 ], [ -67.07251, 18.03661 ], [ -67.07248, 18.03646 ], [ -67.07249, 18.03587 ], [ -67.07255, 18.03494 ], [ -67.07258, 18.03406 ], [ -67.07264, 18.0328 ], [ -67.07265, 18.03176 ], [ -67.07271, 18.03042 ], [ -67.07274, 18.02959 ], [ -67.07279, 18.02866 ], [ -67.07288, 18.02688 ] ] } },
{ "type": "Feature", "properties": { "fcode": 33600, "label": "Canal or ditch", "name": null, "source": "NHDPlus HR non network flowline", "length_mi": 0.71, "directed": true, "direction": "inferred" }, "geometry": { "type": "LineString", "coordinates": [ [ -67.04403, 18.03756 ], [ -67.04411, 18.0374 ], [ -67.04412, 18.03727 ], [ -67.0441, 18.03716 ], [ -67.04392, 18.03655 ], [ -67.04379, 18.03613 ], [ -67.04377, 18.03594 ], [ -67.04375, 18.03575 ], [ -67.04376, 18.03524 ], [ -67.04381, 18.0339 ], [ -67.04388, 18.03248 ], [ -67.04406, 18.02894 ], [ -67.04409, 18.02821 ], [ -67.04415, 18.02735 ] ] } },
{ "type": "Feature", "properties": { "fcode": 33600, "label": "Canal or ditch", "name": null, "source": "NHDPlus HR non network flowline", "length_mi": 0.07, "directed": true, "direction": "inferred" }, "geometry": { "type": "LineString", "coordinates": [ [ -66.51663, 18.16255 ], [ -66.51757, 18.16222 ] ] } },
{ "type": "Feature", "properties": { "fcode": 33600, "label": "Canal or ditch", "name": null, "source": "NHDPlus HR non network flowline", "length_mi": 0.11, "directed": false, "direction": "unknown" }, "geometry": { "type": "LineString", "coordinates": [ [ -67.09134, 18.02774 ], [ -67.09112, 18.02925 ] ] } },
{ "type": "Feature", "properties": { "fcode": 33600, "label": "Canal or ditch", "name": null, "source": "NHDPlus HR non network flowline", "length_mi": 0.28, "directed": false, "direction": "unknown" }, "geometry": { "type": "LineString", "coordinates": [ [ -66.58749, 17.97894 ], [ -66.58733, 17.97712 ], [ -66.58722, 17.97595 ], [ -66.58815, 17.97532 ] ] } },
{ "type": "Feature", "properties": { "fcode": 33600, "label": "Canal or ditch", "name": "Canal Principal De Riego Valle De Lajas", "source": "NHDPlus HR non network flowline", "length_mi": 0.5, "directed": true, "direction": "inferred" }, "geometry": { "type": "LineString", "coordinates": [ [ -66.9624, 18.04821 ], [ -66.96251, 18.04823 ], [ -66.9626, 18.04825 ], [ -66.9627, 18.04824 ], [ -66.96277, 18.04821 ], [ -66.96282, 18.04813 ], [ -66.96286, 18.04803 ], [ -66.96291, 18.04789 ], [ -66.96298, 18.04771 ], [ -66.96303, 18.0475 ], [ -66.96308, 18.04728 ], [ -66.96311, 18.04718 ], [ -66.96313, 18.04715 ], [ -66.96322, 18.04706 ], [ -66.96335, 18.04692 ], [ -66.96338, 18.04689 ], [ -66.96348, 18.04686 ], [ -66.96359, 18.04685 ], [ -66.96365, 18.04685 ], [ -66.96373, 18.04688 ], [ -66.9638, 18.04693 ], [ -66.96384, 18.04701 ], [ -66.96389, 18.04718 ], [ -66.96399, 18.04751 ], [ -66.96402, 18.04757 ], [ -66.96413, 18.04762 ], [ -66.96424, 18.04761 ], [ -66.96431, 18.04758 ], [ -66.96441, 18.04754 ], [ -66.96464, 18.04745 ], [ -66.96485, 18.04736 ], [ -66.96497, 18.04734 ], [ -66.96515, 18.04733 ], [ -66.96528, 18.04731 ], [ -66.96544, 18.04731 ], [ -66.96554, 18.04729 ], [ -66.96563, 18.04725 ], [ -66.96575, 18.04718 ], [ -66.96588, 18.04706 ], [ -66.96596, 18.04702 ], [ -66.96614, 18.04696 ], [ -66.96625, 18.04697 ], [ -66.96636, 18.04702 ], [ -66.96644, 18.0471 ], [ -66.96655, 18.04719 ], [ -66.9666, 18.0473 ], [ -66.96662, 18.04739 ], [ -66.96664, 18.0475 ], [ -66.96667, 18.04756 ], [ -66.96671, 18.04759 ], [ -66.96676, 18.04762 ], [ -66.9668, 18.04762 ], [ -66.96687, 18.04762 ], [ -66.96703, 18.04757 ], [ -66.96718, 18.04753 ], [ -66.96724, 18.04752 ], [ -66.96734, 18.04755 ], [ -66.96759, 18.04767 ], [ -66.96769, 18.04771 ], [ -66.96782, 18.04777 ], [ -66.96785, 18.04776 ] ] } },
{ "type": "Feature", "properties": { "fcode": 33600, "label": "Canal or ditch", "name": null, "source": "NHDPlus HR non network flowline", "length_mi": 0.34, "directed": false, "direction": "unknown" }, "geometry": { "type": "LineString", "coordinates": [ [ -66.60734, 17.9758 ], [ -66.60811, 17.97591 ], [ -66.60835, 17.97595 ], [ -66.60922, 17.97643 ], [ -66.6099, 17.97683 ], [ -66.61081, 17.97728 ], [ -66.61099, 17.97731 ], [ -66.61123, 17.97736 ], [ -66.61203, 17.9775 ] ] } },
{ "type": "Feature", "properties": { "fcode": 33600, "label": "Canal or ditch", "name": "Caño Merle", "source": "NHDPlus HR non network flowline", "length_mi": 0.04, "directed": false, "direction": "unknown" }, "geometry": { "type": "LineString", "coordinates": [ [ -67.15025, 18.17203 ], [ -67.15033, 18.17199 ], [ -67.15046, 18.17195 ], [ -67.15071, 18.17187 ], [ -67.15086, 18.17183 ] ] } },
{ "type": "Feature", "properties": { "fcode": 33600, "label": "Canal or ditch", "name": null, "source": "NHDPlus HR non network flowline", "length_mi": 0.14, "directed": false, "direction": "unknown" }, "geometry": { "type": "LineString", "coordinates": [ [ -66.58687, 17.98117 ], [ -66.58679, 17.97948 ], [ -66.58677, 17.97917 ] ] } },
{ "type": "Feature", "properties": { "fcode": 33600, "label": "Canal or ditch", "name": null, "source": "NHDPlus HR non network flowline", "length_mi": 0.47, "directed": false, "direction": "unknown" }, "geometry": { "type": "LineString", "coordinates": [ [ -66.58212, 17.97244 ], [ -66.58212, 17.9725 ], [ -66.58212, 17.97258 ], [ -66.58197, 17.9729 ], [ -66.58181, 17.9732 ], [ -66.58128, 17.97421 ], [ -66.58128, 17.97434 ], [ -66.58129, 17.97472 ], [ -66.58129, 17.975 ], [ -66.58098, 17.9754 ], [ -66.58026, 17.97632 ], [ -66.58006, 17.97656 ], [ -66.57939, 17.97738 ], [ -66.57872, 17.97819 ], [ -66.57864, 17.97829 ] ] } },
{ "type": "Feature", "properties": { "fcode": 33600, "label": "Canal or ditch", "name": null, "source": "NHDPlus HR area feature", "length_mi": null, "directed": false, "direction": "unknown" }, "geometry": { "type": "Polygon", "coordinates": [ [ [ -66.74799, 17.99802 ], [ -66.74818, 17.99906 ], [ -66.74818, 17.99909 ], [ -66.74843, 18.00031 ], [ -66.74849, 18.00066 ], [ -66.74855, 18.00065 ], [ -66.74858, 18.00061 ], [ -66.74828, 17.99918 ], [ -66.74806, 17.99802 ], [ -66.74799, 17.99802 ] ] ] } },
{ "type": "Feature", "properties": { "fcode": 33600, "label": "Canal or ditch", "name": null, "source": "NHDPlus HR area feature", "length_mi": null, "directed": false, "direction": "unknown" }, "geometry": { "type": "Polygon", "coordinates": [ [ [ -66.47954, 17.99175 ], [ -66.47946, 17.99139 ], [ -66.47893, 17.98911 ], [ -66.47902, 17.98893 ], [ -66.47919, 17.98882 ], [ -66.4794, 17.98875 ], [ -66.47961, 17.98867 ], [ -66.47977, 17.98861 ], [ -66.4799, 17.98849 ], [ -66.48, 17.98836 ], [ -66.48007, 17.98821 ], [ -66.48012, 17.98802 ], [ -66.48015, 17.98797 ], [ -66.48018, 17.98794 ], [ -66.4802, 17.98793 ], [ -66.48023, 17.98793 ], [ -66.4802, 17.98788 ], [ -66.48018, 17.98784 ], [ -66.48011, 17.98788 ], [ -66.47994, 17.98811 ], [ -66.47982, 17.98832 ], [ -66.47965, 17.9885 ], [ -66.47951, 17.98859 ], [ -66.47925, 17.98865 ], [ -66.479, 17.98874 ], [ -66.4789, 17.98884 ], [ -66.47884, 17.98891 ], [ -66.47877, 17.98891 ], [ -66.47876, 17.98897 ], [ -66.47929, 17.99155 ], [ -66.47933, 17.9917 ], [ -66.47933, 17.99176 ], [ -66.4793, 17.99179 ], [ -66.47921, 17.9918 ], [ -66.47917, 17.99182 ], [ -66.47916, 17.99183 ], [ -66.47918, 17.99185 ], [ -66.47924, 17.99186 ], [ -66.47941, 17.99185 ], [ -66.47945, 17.99185 ], [ -66.47949, 17.99183 ], [ -66.47954, 17.99181 ], [ -66.47953, 17.99176 ], [ -66.47954, 17.99175 ] ] ] } },
{ "type": "Feature", "properties": { "fcode": 33600, "label": "Canal or ditch", "name": null, "source": "NHDPlus HR area feature", "length_mi": null, "directed": false, "direction": "unknown" }, "geometry": { "type": "Polygon", "coordinates": [ [ [ -66.7472, 17.99802 ], [ -66.74728, 17.99864 ], [ -66.74626, 17.99883 ], [ -66.74422, 17.99925 ], [ -66.74291, 17.99954 ], [ -66.74291, 17.99957 ], [ -66.74292, 17.99961 ], [ -66.74441, 17.99933 ], [ -66.74592, 17.99903 ], [ -66.74749, 17.99873 ], [ -66.74738, 17.99802 ], [ -66.74725, 17.99717 ], [ -66.74719, 17.99693 ], [ -66.74719, 17.9968 ], [ -66.74722, 17.99655 ], [ -66.74724, 17.99647 ], [ -66.74727, 17.99646 ], [ -66.74721, 17.99619 ], [ -66.74717, 17.99588 ], [ -66.7471, 17.99556 ], [ -66.74703, 17.99531 ], [ -66.74698, 17.99502 ], [ -66.74692, 17.99469 ], [ -66.74687, 17.99425 ], [ -66.74682, 17.99389 ], [ -66.7468, 17.99351 ], [ -66.74672, 17.99313 ], [ -66.74666, 17.99277 ], [ -66.7466, 17.99241 ], [ -66.74656, 17.99211 ], [ -66.74654, 17.9918 ], [ -66.74651, 17.99138 ], [ -66.74643, 17.99112 ], [ -66.74635, 17.99086 ], [ -66.7463, 17.99064 ], [ -66.74625, 17.99049 ], [ -66.74624, 17.99036 ], [ -66.74625, 17.99028 ], [ -66.74587, 17.99027 ], [ -66.74538, 17.99026 ], [ -66.74545, 17.9905 ], [ -66.74554, 17.99083 ], [ -66.74567, 17.9914 ], [ -66.74574, 17.99183 ], [ -66.74581, 17.99201 ], [ -66.74591, 17.99212 ], [ -66.74603, 17.99244 ], [ -66.74609, 17.99306 ], [ -66.74629, 17.99388 ], [ -66.74645, 17.99475 ], [ -66.74652, 17.99504 ], [ -66.74656, 17.99515 ], [ -66.74662, 17.99518 ], [ -66.74672, 17.99522 ], [ -66.74678, 17.99532 ], [ -66.74679, 17.99549 ], [ -66.74677, 17.99556 ], [ -66.7467, 17.99574 ], [ -66.74676, 17.99614 ], [ -66.74683, 17.99661 ], [ -66.74689, 17.99678 ], [ -66.74694, 17.99681 ], [ -66.74702, 17.99686 ], [ -66.74703, 17.99694 ], [ -66.74707, 17.99724 ], [ -66.7472, 17.99802 ] ] ] } },
{ "type": "Feature", "properties": { "fcode": 33600, "label": "Canal or ditch", "name": null, "source": "NHDPlus HR area feature", "length_mi": null, "directed": false, "direction": "unknown" }, "geometry": { "type": "Polygon", "coordinates": [ [ [ -66.7485, 18.00078 ], [ -66.74843, 18.00079 ], [ -66.74801, 18.00098 ], [ -66.74753, 18.0012 ], [ -66.74681, 18.00152 ], [ -66.7459, 18.00189 ], [ -66.74579, 18.00193 ], [ -66.74575, 18.00201 ], [ -66.74574, 18.00213 ], [ -66.74575, 18.00216 ], [ -66.74579, 18.00216 ], [ -66.74581, 18.00213 ], [ -66.74586, 18.00203 ], [ -66.74592, 18.002 ], [ -66.74652, 18.00177 ], [ -66.74788, 18.00116 ], [ -66.74853, 18.00088 ], [ -66.7485, 18.00078 ] ] ] } },
{ "type": "Feature", "properties": { "fcode": 33600, "label": "Canal or ditch", "name": null, "source": "NHDPlus HR area feature", "length_mi": null, "directed": false, "direction": "unknown" }, "geometry": { "type": "Polygon", "coordinates": [ [ [ -66.73947, 17.99802 ], [ -66.73958, 17.99867 ], [ -66.73971, 17.99925 ], [ -66.73976, 17.99925 ], [ -66.73981, 17.99925 ], [ -66.73969, 17.99862 ], [ -66.73963, 17.99802 ], [ -66.73944, 17.99662 ], [ -66.73936, 17.99631 ], [ -66.73933, 17.99626 ], [ -66.73926, 17.99618 ], [ -66.73924, 17.99606 ], [ -66.73905, 17.99495 ], [ -66.73877, 17.99315 ], [ -66.7386, 17.9922 ], [ -66.7385, 17.99158 ], [ -66.73848, 17.99143 ], [ -66.73848, 17.99137 ], [ -66.73828, 17.99137 ], [ -66.73804, 17.99137 ], [ -66.73807, 17.99156 ], [ -66.73813, 17.99184 ], [ -66.73825, 17.99247 ], [ -66.73847, 17.99364 ], [ -66.73876, 17.99509 ], [ -66.73899, 17.99622 ], [ -66.73906, 17.9963 ], [ -66.73916, 17.99629 ], [ -66.73921, 17.99657 ], [ -66.73933, 17.99718 ], [ -66.73947, 17.99802 ] ] ] } },
{ "type": "Feature", "properties": { "fcode": 33600, "label": "Canal or ditch", "name": null, "source": "NHDPlus HR area feature", "length_mi": null, "directed": false, "direction": "unknown" }, "geometry": { "type": "Polygon", "coordinates": [ [ [ -67.17044, 18.17976 ], [ -67.17049, 18.1799 ], [ -67.17054, 18.17995 ], [ -67.17062, 18.18009 ], [ -67.17068, 18.18022 ], [ -67.17072, 18.18034 ], [ -67.17074, 18.18043 ], [ -67.17078, 18.18035 ], [ -67.17082, 18.18028 ], [ -67.17099, 18.17997 ], [ -67.17098, 18.17979 ], [ -67.17094, 18.17954 ], [ -67.17087, 18.17928 ], [ -67.17079, 18.17914 ], [ -67.17071, 18.17895 ], [ -67.17062, 18.17868 ], [ -67.17057, 18.17853 ], [ -67.17055, 18.17841 ], [ -67.17057, 18.1783 ], [ -67.17056, 18.17812 ], [ -67.17048, 18.17795 ], [ -67.17039, 18.17775 ], [ -67.17029, 18.1776 ], [ -67.17021, 18.17744 ], [ -67.17014, 18.17735 ], [ -67.17006, 18.17721 ], [ -67.17002, 18.17708 ], [ -67.17001, 18.17692 ], [ -67.17, 18.17687 ], [ -67.17, 18.17681 ], [ -67.17004, 18.17676 ], [ -67.17008, 18.17663 ], [ -67.17013, 18.17656 ], [ -67.17014, 18.1765 ], [ -67.17007, 18.17646 ], [ -67.16999, 18.17645 ], [ -67.16989, 18.17637 ], [ -67.16978, 18.17626 ], [ -67.16968, 18.17614 ], [ -67.16958, 18.17598 ], [ -67.16946, 18.17579 ], [ -67.16936, 18.17568 ], [ -67.16926, 18.1755 ], [ -67.16915, 18.17529 ], [ -67.16898, 18.17502 ], [ -67.16878, 18.17484 ], [ -67.16865, 18.1747 ], [ -67.16859, 18.17456 ], [ -67.16854, 18.17444 ], [ -67.16852, 18.17439 ], [ -67.1685, 18.17419 ], [ -67.16846, 18.17397 ], [ -67.16846, 18.17373 ], [ -67.16846, 18.17351 ], [ -67.1685, 18.17321 ], [ -67.16855, 18.17299 ], [ -67.1686, 18.17281 ], [ -67.16875, 18.17253 ], [ -67.16881, 18.1724 ], [ -67.16897, 18.17225 ], [ -67.16906, 18.17218 ], [ -67.16928, 18.17189 ], [ -67.16954, 18.17161 ], [ -67.16969, 18.17143 ], [ -67.16991, 18.17113 ], [ -67.17007, 18.17093 ], [ -67.17023, 18.17062 ], [ -67.17029, 18.17049 ], [ -67.17031, 18.17042 ], [ -67.17032, 18.17037 ], [ -67.17029, 18.1703 ], [ -67.17019, 18.17027 ], [ -67.17012, 18.17027 ], [ -67.1701, 18.17027 ], [ -67.16998, 18.17023 ], [ -67.16987, 18.1702 ], [ -67.16979, 18.17022 ], [ -67.16978, 18.17031 ], [ -67.16978, 18.17035 ], [ -67.1698, 18.17044 ], [ -67.16985, 18.1705 ], [ -67.16984, 18.17064 ], [ -67.16983, 18.17077 ], [ -67.16977, 18.17092 ], [ -67.1697, 18.17108 ], [ -67.16963, 18.1712 ], [ -67.16955, 18.17133 ], [ -67.16944, 18.17142 ], [ -67.1693, 18.17154 ], [ -67.16927, 18.17156 ], [ -67.16913, 18.17167 ], [ -67.16879, 18.17183 ], [ -67.16873, 18.17186 ], [ -67.16849, 18.17217 ], [ -67.16849, 18.17229 ], [ -67.16848, 18.17259 ], [ -67.1684, 18.1728 ], [ -67.16833, 18.17308 ], [ -67.16829, 18.17331 ], [ -67.16829, 18.17362 ], [ -67.16835, 18.17416 ], [ -67.16842, 18.1746 ], [ -67.16845, 18.17479 ], [ -67.16851, 18.17493 ], [ -67.16859, 18.17505 ], [ -67.16864, 18.17513 ], [ -67.16869, 18.17528 ], [ -67.16875, 18.17554 ], [ -67.16888, 18.1757 ], [ -67.16906, 18.17585 ], [ -67.16919, 18.17599 ], [ -67.1693, 18.17625 ], [ -67.16936, 18.17649 ], [ -67.16933, 18.17663 ], [ -67.16928, 18.17674 ], [ -67.16918, 18.17689 ], [ -67.16917, 18.17698 ], [ -67.16916, 18.17702 ], [ -67.16918, 18.17707 ], [ -67.16924, 18.17716 ], [ -67.16928, 18.17721 ], [ -67.1693, 18.17731 ], [ -67.16931, 18.17734 ], [ -67.16931, 18.17734 ], [ -67.16942, 18.17735 ], [ -67.16958, 18.17741 ], [ -67.16969, 18.17747 ], [ -67.16985, 18.17765 ], [ -67.16995, 18.1778 ], [ -67.17002, 18.17806 ], [ -67.17004, 18.17819 ], [ -67.1701, 18.1784 ], [ -67.17015, 18.17863 ], [ -67.17017, 18.17887 ], [ -67.17014, 18.17908 ], [ -67.17012, 18.17921 ], [ -67.17016, 18.17933 ], [ -67.17017, 18.17942 ], [ -67.17014, 18.17949 ], [ -67.17011, 18.17955 ], [ -67.17009, 18.17965 ], [ -67.17011, 18.17971 ], [ -67.17021, 18.17973 ], [ -67.17027, 18.17972 ], [ -67.17035, 18.1797 ], [ -67.17044, 18.17976 ] ] ] } },
{ "type": "Feature", "properties": { "fcode": 33600, "label": "Canal or ditch", "name": null, "source": "NHDPlus HR area feature", "length_mi": null, "directed": false, "direction": "unknown" }, "geometry": { "type": "Polygon", "coordinates": [ [ [ -66.93413, 17.99803 ], [ -66.93414, 17.99805 ], [ -66.93529, 17.99849 ], [ -66.93696, 17.99912 ], [ -66.93887, 17.99985 ], [ -66.94071, 18.00056 ], [ -66.94304, 18.00144 ], [ -66.94528, 18.00229 ], [ -66.94734, 18.00309 ], [ -66.94997, 18.0041 ], [ -66.95257, 18.00511 ], [ -66.9547, 18.00594 ], [ -66.95618, 18.00651 ], [ -66.95661, 18.00665 ], [ -66.95789, 18.00718 ], [ -66.95941, 18.00737 ], [ -66.96064, 18.00752 ], [ -66.96249, 18.00777 ], [ -66.96482, 18.00807 ], [ -66.96575, 18.0082 ], [ -66.96812, 18.00852 ], [ -66.97049, 18.00882 ], [ -66.97301, 18.00916 ], [ -66.97474, 18.00939 ], [ -66.97681, 18.00965 ], [ -66.97837, 18.00991 ], [ -66.98078, 18.01021 ], [ -66.98261, 18.01046 ], [ -66.98269, 18.01048 ], [ -66.98349, 18.01059 ], [ -66.98479, 18.01077 ], [ -66.9852, 18.01083 ], [ -66.98549, 18.01085 ], [ -66.98575, 18.01088 ], [ -66.98602, 18.01091 ], [ -66.98624, 18.01093 ], [ -66.98643, 18.01092 ], [ -66.98661, 18.01091 ], [ -66.98683, 18.01087 ], [ -66.98704, 18.01083 ], [ -66.98724, 18.01077 ], [ -66.98743, 18.01073 ], [ -66.98774, 18.01064 ], [ -66.98846, 18.01041 ], [ -66.98983, 18.00998 ], [ -66.99213, 18.00929 ], [ -66.99557, 18.00825 ], [ -66.99586, 18.00813 ], [ -66.99601, 18.00809 ], [ -66.99611, 18.00805 ], [ -66.99619, 18.008 ], [ -66.99608, 18.008 ], [ -66.99595, 18.00802 ], [ -66.99579, 18.00806 ], [ -66.9956, 18.00812 ], [ -66.99393, 18.00862 ], [ -66.99191, 18.00923 ], [ -66.99083, 18.00957 ], [ -66.98934, 18.01001 ], [ -66.98796, 18.01041 ], [ -66.98744, 18.01058 ], [ -66.98722, 18.01064 ], [ -66.98697, 18.0107 ], [ -66.98673, 18.01075 ], [ -66.98658, 18.01077 ], [ -66.98638, 18.01078 ], [ -66.98623, 18.01078 ], [ -66.98604, 18.01079 ], [ -66.98585, 18.01077 ], [ -66.98568, 18.01075 ], [ -66.98548, 18.0107 ], [ -66.98513, 18.01067 ], [ -66.98396, 18.0105 ], [ -66.98185, 18.01021 ], [ -66.97911, 18.00983 ], [ -66.97592, 18.0094 ], [ -66.97345, 18.00906 ], [ -66.97014, 18.00863 ], [ -66.96752, 18.00829 ], [ -66.96448, 18.00787 ], [ -66.96249, 18.0076 ], [ -66.95961, 18.00722 ], [ -66.95796, 18.00701 ], [ -66.95787, 18.00699 ], [ -66.95778, 18.00696 ], [ -66.9551, 18.00592 ], [ -66.95245, 18.00491 ], [ -66.94967, 18.00385 ], [ -66.94689, 18.00278 ], [ -66.94518, 18.00214 ], [ -66.94325, 18.00139 ], [ -66.94094, 18.0005 ], [ -66.9381, 17.99941 ], [ -66.93628, 17.99871 ], [ -66.93492, 17.99822 ], [ -66.93443, 17.99803 ], [ -66.93408, 17.99791 ], [ -66.93238, 17.99722 ], [ -66.93128, 17.99679 ], [ -66.92969, 17.99615 ], [ -66.92793, 17.99544 ], [ -66.92618, 17.99475 ], [ -66.92345, 17.99362 ], [ -66.92224, 17.99313 ], [ -66.92204, 17.99308 ], [ -66.92194, 17.99304 ], [ -66.92188, 17.993 ], [ -66.92174, 17.99288 ], [ -66.92154, 17.99273 ], [ -66.9213, 17.99253 ], [ -66.92089, 17.99225 ], [ -66.92043, 17.99194 ], [ -66.91993, 17.9916 ], [ -66.91962, 17.99138 ], [ -66.9193, 17.99119 ], [ -66.91908, 17.99102 ], [ -66.91894, 17.99093 ], [ -66.91879, 17.99085 ], [ -66.91853, 17.99074 ], [ -66.91834, 17.99061 ], [ -66.91811, 17.99055 ], [ -66.91791, 17.99051 ], [ -66.91765, 17.9905 ], [ -66.91747, 17.99051 ], [ -66.91743, 17.99052 ], [ -66.91744, 17.99055 ], [ -66.91745, 17.99059 ], [ -66.91771, 17.99059 ], [ -66.91794, 17.99061 ], [ -66.91808, 17.99063 ], [ -66.91824, 17.99067 ], [ -66.91844, 17.99078 ], [ -66.91864, 17.99087 ], [ -66.91888, 17.99103 ], [ -66.91915, 17.99121 ], [ -66.91951, 17.99144 ], [ -66.92006, 17.99183 ], [ -66.92114, 17.99261 ], [ -66.92163, 17.99295 ], [ -66.92182, 17.99309 ], [ -66.92192, 17.99315 ], [ -66.92211, 17.99322 ], [ -66.92271, 17.99345 ], [ -66.92473, 17.99427 ], [ -66.92721, 17.99525 ], [ -66.92755, 17.99541 ], [ -66.92825, 17.99568 ], [ -66.92913, 17.99602 ], [ -66.93078, 17.99669 ], [ -66.93132, 17.99692 ], [ -66.93187, 17.99712 ], [ -66.9334, 17.99776 ], [ -66.93413, 17.99803 ] ] ] } }
]
}
