{
"type": "FeatureCollection",
"name": "waterbodies",
"crs": { "type": "name", "properties": { "name": "urn:ogc:def:crs:OGC:1.3:CRS84" } },
"xy_coordinate_resolution": 1e-05,
"features": [
{ "type": "Feature", "properties": { "gnis_name": null, "areasqkm": 1.075, "ftype": 390 }, "geometry": { "type": "Polygon", "coordinates": [ [ [ -66.87462, 18.09347 ], [ -66.87462, 18.09335 ], [ -66.87447, 18.09342 ], [ -66.87424, 18.09357 ], [ -66.87401, 18.0936 ], [ -66.87388, 18.09356 ], [ -66.87379, 18.09342 ], [ -66.87367, 18.09327 ], [ -66.87357, 18.09328 ], [ -66.87335, 18.09338 ], [ -66.87302, 18.09361 ], [ -66.8728, 18.09368 ], [ -66.87264, 18.09362 ], [ -66.87244, 18.09348 ], [ -66.87224, 18.09338 ], [ -66.87198, 18.09333 ], [ -66.87186, 18.0934 ], [ -66.87186, 18.09356 ], [ -66.87184, 18.0937 ], [ -66.87171, 18.09376 ], [ -66.87154, 18.09377 ], [ -66.87125, 18.09369 ], [ -66.87075, 18.09355 ], [ -66.87061, 18.09357 ], [ -66.8706, 18.09369 ], [ -66.87067, 18.09383 ], [ -66.87074, 18.0941 ], [ -66.87064, 18.09424 ], [ -66.87046, 18.09429 ], [ -66.87012, 18.09431 ], [ -66.86999, 18.09428 ], [ -66.86996, 18.09419 ], [ -66.86997, 18.0941 ], [ -66.86998, 18.09391 ], [ -66.8699, 18.09389 ], [ -66.86978, 18.09387 ], [ -66.86967, 18.09382 ], [ -66.86958, 18.09367 ], [ -66.86948, 18.09343 ], [ -66.86933, 18.09336 ], [ -66.86904, 18.09323 ], [ -66.86888, 18.0932 ], [ -66.86866, 18.09322 ], [ -66.86848, 18.09316 ], [ -66.86835, 18.09309 ], [ -66.86818, 18.09308 ], [ -66.86793, 18.09309 ], [ -66.86751, 18.09313 ], [ -66.86734, 18.09309 ], [ -66.86726, 18.09297 ], [ -66.86718, 18.09296 ], [ -66.86712, 18.09294 ], [ -66.86706, 18.09295 ], [ -66.86692, 18.093 ], [ -66.86676, 18.093 ], [ -66.86662, 18.09298 ], [ -66.86641, 18.09297 ], [ -66.86624, 18.09299 ], [ -66.86611, 18.09295 ], [ -66.86602, 18.09297 ], [ -66.86581, 18.09297 ], [ -66.86562, 18.09292 ], [ -66.86547, 18.0929 ], [ -66.86537, 18.09294 ], [ -66.86523, 18.093 ], [ -66.86503, 18.09304 ], [ -66.86485, 18.09306 ], [ -66.86468, 18.09301 ], [ -66.8646, 18.09293 ], [ -66.86455, 18.09283 ], [ -66.86456, 18.0927 ], [ -66.86462, 18.09253 ], [ -66.86473, 18.09227 ], [ -66.8649, 18.09185 ], [ -66.86458, 18.09168 ], [ -66.8641, 18.09137 ], [ -66.86391, 18.09126 ], [ -66.86378, 18.09131 ], [ -66.86369, 18.09138 ], [ -66.86331, 18.09174 ], [ -66.86302, 18.09191 ], [ -66.86281, 18.09207 ], [ -66.86271, 18.09226 ], [ -66.86251, 18.09257 ], [ -66.86219, 18.09287 ], [ -66.86199, 18.09303 ], [ -66.86178, 18.09307 ], [ -66.86157, 18.09309 ], [ -66.86137, 18.09307 ], [ -66.86117, 18.09306 ], [ -66.86098, 18.09313 ], [ -66.86065, 18.0933 ], [ -66.86031, 18.09335 ], [ -66.85991, 18.09339 ], [ -66.85938, 18.09347 ], [ -66.85871, 18.09363 ], [ -66.8586, 18.09369 ], [ -66.85852, 18.09383 ], [ -66.85842, 18.09395 ], [ -66.85826, 18.09397 ], [ -66.85816, 18.09393 ], [ -66.85808, 18.09383 ], [ -66.85795, 18.09374 ], [ -66.85763, 18.0937 ], [ -66.85717, 18.09364 ], [ -66.85664, 18.09357 ], [ -66.85613, 18.0935 ], [ -66.85578, 18.09354 ], [ -66.85549, 18.09361 ], [ -66.85532, 18.09368 ], [ -66.85514, 18.09375 ], [ -66.85489, 18.09379 ], [ -66.85475, 18.09377 ], [ -66.85459, 18.09372 ], [ -66.85447, 18.09367 ], [ -66.85437, 18.09352 ], [ -66.8543, 18.09338 ], [ -66.85418, 18.09334 ], [ -66.85408, 18.09337 ], [ -66.85398, 18.09346 ], [ -66.85389, 18.0935 ], [ -66.85375, 18.0935 ], [ -66.85367, 18.09342 ], [ -66.85356, 18.09331 ], [ -66.85345, 18.09329 ], [ -66.85335, 18.09335 ], [ -66.85325, 18.09341 ], [ -66.8531, 18.09342 ], [ -66.85301, 18.09345 ], [ -66.853, 18.09359 ], [ -66.85303, 18.0937 ], [ -66.85299, 18.09381 ], [ -66.85303, 18.09396 ], [ -66.85305, 18.09413 ], [ -66.85299, 18.09425 ], [ -66.85283, 18.0944 ], [ -66.85251, 18.0945 ], [ -66.8523, 18.09449 ], [ -66.85204, 18.09446 ], [ -66.85176, 18.09441 ], [ -66.85167, 18.09444 ], [ -66.85155, 18.09452 ], [ -66.85137, 18.09463 ], [ -66.85108, 18.09473 ], [ -66.85115, 18.09479 ], [ -66.85131, 18.0948 ], [ -66.85148, 18.09475 ], [ -66.85166, 18.09466 ], [ -66.85176, 18.09464 ], [ -66.85214, 18.09462 ], [ -66.85237, 18.09465 ], [ -66.85254, 18.09473 ], [ -66.85265, 18.09474 ], [ -66.8528, 18.09471 ], [ -66.85296, 18.09467 ], [ -66.85311, 18.09471 ], [ -66.85325, 18.09481 ], [ -66.85331, 18.09492 ], [ -66.85334, 18.09512 ], [ -66.85332, 18.09528 ], [ -66.85335, 18.09534 ], [ -66.85345, 18.09542 ], [ -66.85347, 18.09563 ], [ -66.85347, 18.09579 ], [ -66.85353, 18.09587 ], [ -66.8537, 18.0961 ], [ -66.85385, 18.0964 ], [ -66.85391, 18.09663 ], [ -66.85394, 18.09671 ], [ -66.85398, 18.09676 ], [ -66.85403, 18.09675 ], [ -66.85411, 18.09658 ], [ -66.85405, 18.09632 ], [ -66.85395, 18.09611 ], [ -66.85388, 18.09599 ], [ -66.85382, 18.09589 ], [ -66.85384, 18.09571 ], [ -66.8539, 18.09536 ], [ -66.85392, 18.09509 ], [ -66.85388, 18.09486 ], [ -66.85382, 18.09457 ], [ -66.85379, 18.09436 ], [ -66.8538, 18.09424 ], [ -66.85385, 18.09417 ], [ -66.85397, 18.09413 ], [ -66.8541, 18.09415 ], [ -66.85421, 18.0943 ], [ -66.85431, 18.09453 ], [ -66.85446, 18.09464 ], [ -66.85463, 18.09467 ], [ -66.85484, 18.09468 ], [ -66.85514, 18.09462 ], [ -66.85532, 18.0946 ], [ -66.8556, 18.09462 ], [ -66.85613, 18.09478 ], [ -66.85636, 18.09497 ], [ -66.8565, 18.09524 ], [ -66.85659, 18.09545 ], [ -66.85665, 18.09559 ], [ -66.85674, 18.09566 ], [ -66.85687, 18.09571 ], [ -66.85699, 18.09584 ], [ -66.85707, 18.09602 ], [ -66.85714, 18.0962 ], [ -66.85719, 18.09625 ], [ -66.85731, 18.09618 ], [ -66.85741, 18.09613 ], [ -66.85753, 18.09607 ], [ -66.85771, 18.09607 ], [ -66.85779, 18.09616 ], [ -66.85783, 18.09624 ], [ -66.85793, 18.09623 ], [ -66.85807, 18.09615 ], [ -66.85823, 18.09595 ], [ -66.8584, 18.09587 ], [ -66.85854, 18.09583 ], [ -66.85866, 18.09581 ], [ -66.8588, 18.09588 ], [ -66.85889, 18.09601 ], [ -66.85894, 18.09613 ], [ -66.859, 18.09618 ], [ -66.85908, 18.09616 ], [ -66.85915, 18.09607 ], [ -66.85924, 18.09595 ], [ -66.85931, 18.09589 ], [ -66.85945, 18.09585 ], [ -66.85954, 18.09589 ], [ -66.85956, 18.09604 ], [ -66.85955, 18.09616 ], [ -66.85957, 18.09623 ], [ -66.85969, 18.09624 ], [ -66.85994, 18.09614 ], [ -66.86028, 18.09595 ], [ -66.86048, 18.09589 ], [ -66.86065, 18.09588 ], [ -66.86083, 18.09596 ], [ -66.86093, 18.09606 ], [ -66.86101, 18.0961 ], [ -66.86114, 18.09598 ], [ -66.8612, 18.09585 ], [ -66.86128, 18.09575 ], [ -66.86143, 18.09573 ], [ -66.86158, 18.09585 ], [ -66.86166, 18.09596 ], [ -66.86172, 18.096 ], [ -66.86181, 18.09599 ], [ -66.86185, 18.0958 ], [ -66.86187, 18.0957 ], [ -66.86191, 18.09564 ], [ -66.86208, 18.09569 ], [ -66.86217, 18.09582 ], [ -66.86225, 18.09591 ], [ -66.86236, 18.09591 ], [ -66.86245, 18.09586 ], [ -66.86261, 18.0958 ], [ -66.86278, 18.0958 ], [ -66.86287, 18.09577 ], [ -66.86297, 18.09556 ], [ -66.86304, 18.09545 ], [ -66.86314, 18.0954 ], [ -66.86332, 18.09545 ], [ -66.86346, 18.09548 ], [ -66.86359, 18.09547 ], [ -66.86381, 18.09525 ], [ -66.86393, 18.09517 ], [ -66.86412, 18.09522 ], [ -66.86422, 18.09525 ], [ -66.86442, 18.09519 ], [ -66.86459, 18.09519 ], [ -66.86484, 18.09521 ], [ -66.86511, 18.0953 ], [ -66.86527, 18.09535 ], [ -66.86555, 18.09543 ], [ -66.86568, 18.09552 ], [ -66.86566, 18.09572 ], [ -66.86544, 18.09598 ], [ -66.86521, 18.09611 ], [ -66.86492, 18.09619 ], [ -66.8647, 18.0963 ], [ -66.86458, 18.09638 ], [ -66.86437, 18.09644 ], [ -66.86416, 18.09661 ], [ -66.86406, 18.0968 ], [ -66.86394, 18.09691 ], [ -66.86377, 18.09694 ], [ -66.86347, 18.09692 ], [ -66.86333, 18.09696 ], [ -66.86321, 18.09713 ], [ -66.86299, 18.09744 ], [ -66.8629, 18.09759 ], [ -66.86287, 18.09772 ], [ -66.86302, 18.09783 ], [ -66.86327, 18.09785 ], [ -66.86341, 18.09795 ], [ -66.86341, 18.09812 ], [ -66.86329, 18.0983 ], [ -66.86315, 18.09848 ], [ -66.86288, 18.09884 ], [ -66.86279, 18.09898 ], [ -66.86278, 18.09913 ], [ -66.86283, 18.09934 ], [ -66.86286, 18.09951 ], [ -66.8628, 18.09968 ], [ -66.86278, 18.09985 ], [ -66.86282, 18.09995 ], [ -66.86294, 18.10009 ], [ -66.86305, 18.10034 ], [ -66.8631, 18.10048 ], [ -66.86317, 18.10057 ], [ -66.86328, 18.10067 ], [ -66.86399, 18.10089 ], [ -66.86416, 18.10098 ], [ -66.86425, 18.10112 ], [ -66.86421, 18.10139 ], [ -66.86397, 18.10179 ], [ -66.86384, 18.10201 ], [ -66.86376, 18.10221 ], [ -66.86366, 18.1024 ], [ -66.8636, 18.1025 ], [ -66.86358, 18.10258 ], [ -66.8636, 18.10262 ], [ -66.86388, 18.10253 ], [ -66.86418, 18.10235 ], [ -66.86433, 18.10218 ], [ -66.86447, 18.10184 ], [ -66.86464, 18.10151 ], [ -66.8647, 18.1013 ], [ -66.8647, 18.10094 ], [ -66.86466, 18.10062 ], [ -66.86456, 18.10044 ], [ -66.86434, 18.10028 ], [ -66.864, 18.10011 ], [ -66.86388, 18.09997 ], [ -66.86386, 18.09978 ], [ -66.86392, 18.09959 ], [ -66.8641, 18.0993 ], [ -66.86435, 18.0991 ], [ -66.8646, 18.09891 ], [ -66.86485, 18.09867 ], [ -66.86497, 18.0984 ], [ -66.86505, 18.09812 ], [ -66.86515, 18.09798 ], [ -66.86527, 18.09793 ], [ -66.86539, 18.09798 ], [ -66.86551, 18.09807 ], [ -66.86569, 18.0981 ], [ -66.86585, 18.09802 ], [ -66.86608, 18.09779 ], [ -66.86642, 18.09762 ], [ -66.8667, 18.09736 ], [ -66.86693, 18.09714 ], [ -66.86704, 18.09696 ], [ -66.86711, 18.09667 ], [ -66.8672, 18.09654 ], [ -66.86729, 18.0965 ], [ -66.86746, 18.09659 ], [ -66.86762, 18.09682 ], [ -66.86778, 18.09702 ], [ -66.86786, 18.09721 ], [ -66.86786, 18.09733 ], [ -66.8678, 18.09741 ], [ -66.86766, 18.09746 ], [ -66.86748, 18.09751 ], [ -66.86741, 18.09755 ], [ -66.86737, 18.0976 ], [ -66.86737, 18.09767 ], [ -66.8674, 18.09773 ], [ -66.86746, 18.09779 ], [ -66.86767, 18.09785 ], [ -66.86778, 18.09803 ], [ -66.86781, 18.09813 ], [ -66.86788, 18.09819 ], [ -66.86788, 18.09833 ], [ -66.86778, 18.09849 ], [ -66.86773, 18.09863 ], [ -66.8678, 18.0987 ], [ -66.86797, 18.09877 ], [ -66.86809, 18.09889 ], [ -66.86814, 18.09908 ], [ -66.86811, 18.09926 ], [ -66.86815, 18.09935 ], [ -66.86823, 18.09939 ], [ -66.86831, 18.09937 ], [ -66.86832, 18.09913 ], [ -66.86832, 18.09891 ], [ -66.86834, 18.09879 ], [ -66.86844, 18.09875 ], [ -66.86861, 18.09878 ], [ -66.86876, 18.0989 ], [ -66.86894, 18.09921 ], [ -66.86919, 18.09995 ], [ -66.86927, 18.10019 ], [ -66.86934, 18.10032 ], [ -66.8695, 18.10041 ], [ -66.86969, 18.1005 ], [ -66.86983, 18.10064 ], [ -66.86994, 18.10084 ], [ -66.87001, 18.10099 ], [ -66.87001, 18.10121 ], [ -66.86991, 18.10146 ], [ -66.86967, 18.10163 ], [ -66.86948, 18.10179 ], [ -66.86936, 18.10195 ], [ -66.86918, 18.10211 ], [ -66.86904, 18.10222 ], [ -66.869, 18.10228 ], [ -66.869, 18.10236 ], [ -66.86908, 18.10239 ], [ -66.86926, 18.10239 ], [ -66.86946, 18.10233 ], [ -66.86962, 18.10228 ], [ -66.86981, 18.10224 ], [ -66.87002, 18.10228 ], [ -66.87018, 18.10238 ], [ -66.87024, 18.1025 ], [ -66.87023, 18.10266 ], [ -66.87012, 18.103 ], [ -66.86992, 18.10337 ], [ -66.86965, 18.10368 ], [ -66.8695, 18.10382 ], [ -66.86944, 18.10391 ], [ -66.86941, 18.10409 ], [ -66.86935, 18.10455 ], [ -66.86927, 18.1047 ], [ -66.86927, 18.10485 ], [ -66.86936, 18.10512 ], [ -66.86948, 18.10535 ], [ -66.86951, 18.10552 ], [ -66.86956, 18.10582 ], [ -66.86962, 18.10596 ], [ -66.86973, 18.10614 ], [ -66.86983, 18.10634 ], [ -66.86984, 18.10666 ], [ -66.86982, 18.10694 ], [ -66.86986, 18.1071 ], [ -66.86991, 18.10725 ], [ -66.86993, 18.10744 ], [ -66.86997, 18.10757 ], [ -66.87006, 18.10769 ], [ -66.87019, 18.10806 ], [ -66.87041, 18.10858 ], [ -66.87055, 18.10891 ], [ -66.87073, 18.1092 ], [ -66.87083, 18.10941 ], [ -66.87093, 18.10947 ], [ -66.87095, 18.10948 ], [ -66.87104, 18.10933 ], [ -66.87119, 18.10926 ], [ -66.87131, 18.10922 ], [ -66.87153, 18.10925 ], [ -66.87181, 18.10932 ], [ -66.87214, 18.10945 ], [ -66.87246, 18.10959 ], [ -66.87274, 18.1098 ], [ -66.87299, 18.10998 ], [ -66.87332, 18.1101 ], [ -66.87363, 18.11017 ], [ -66.8739, 18.11024 ], [ -66.8743, 18.1102 ], [ -66.87449, 18.11018 ], [ -66.87462, 18.11015 ], [ -66.87462, 18.11035 ], [ -66.87473, 18.11034 ], [ -66.87477, 18.11033 ], [ -66.87482, 18.1103 ], [ -66.87485, 18.11025 ], [ -66.87488, 18.11016 ], [ -66.87489, 18.11007 ], [ -66.87491, 18.10997 ], [ -66.87494, 18.10991 ], [ -66.87496, 18.10984 ], [ -66.87497, 18.1097 ], [ -66.875, 18.10957 ], [ -66.87504, 18.10947 ], [ -66.87508, 18.10938 ], [ -66.87513, 18.10928 ], [ -66.87521, 18.1092 ], [ -66.87528, 18.10911 ], [ -66.87531, 18.10904 ], [ -66.87538, 18.10893 ], [ -66.87543, 18.10886 ], [ -66.87552, 18.10881 ], [ -66.87561, 18.10879 ], [ -66.87572, 18.10877 ], [ -66.87582, 18.10879 ], [ -66.87595, 18.1088 ], [ -66.87612, 18.10887 ], [ -66.87628, 18.10892 ], [ -66.87638, 18.10896 ], [ -66.87646, 18.10898 ], [ -66.87649, 18.10897 ], [ -66.8765, 18.10897 ], [ -66.8765, 18.10891 ], [ -66.87651, 18.10884 ], [ -66.87653, 18.10878 ], [ -66.87654, 18.10875 ], [ -66.87653, 18.10874 ], [ -66.8765, 18.10874 ], [ -66.87647, 18.10875 ], [ -66.87647, 18.10875 ], [ -66.87642, 18.10875 ], [ -66.87632, 18.10872 ], [ -66.87616, 18.10864 ], [ -66.87603, 18.10861 ], [ -66.87588, 18.10856 ], [ -66.87576, 18.10852 ], [ -66.87563, 18.10853 ], [ -66.87556, 18.10853 ], [ -66.87548, 18.10856 ], [ -66.8754, 18.1086 ], [ -66.87534, 18.10865 ], [ -66.87526, 18.10873 ], [ -66.87519, 18.10882 ], [ -66.87511, 18.10895 ], [ -66.87507, 18.10905 ], [ -66.87503, 18.10912 ], [ -66.87498, 18.10922 ], [ -66.87482, 18.1095 ], [ -66.87478, 18.10954 ], [ -66.87462, 18.10947 ], [ -66.87439, 18.10956 ], [ -66.87411, 18.10968 ], [ -66.87381, 18.10969 ], [ -66.87356, 18.10958 ], [ -66.87328, 18.10947 ], [ -66.8731, 18.10934 ], [ -66.87288, 18.10925 ], [ -66.87265, 18.10918 ], [ -66.87234, 18.10903 ], [ -66.8721, 18.10889 ], [ -66.87182, 18.10866 ], [ -66.87155, 18.10847 ], [ -66.87111, 18.10817 ], [ -66.87088, 18.10787 ], [ -66.87073, 18.10759 ], [ -66.87058, 18.10735 ], [ -66.87051, 18.10718 ], [ -66.87045, 18.10698 ], [ -66.87046, 18.10675 ], [ -66.87053, 18.10652 ], [ -66.87066, 18.10636 ], [ -66.87076, 18.10625 ], [ -66.87086, 18.1062 ], [ -66.87091, 18.10612 ], [ -66.87092, 18.10593 ], [ -66.87084, 18.10567 ], [ -66.87068, 18.10548 ], [ -66.87029, 18.1052 ], [ -66.87015, 18.10501 ], [ -66.87011, 18.10479 ], [ -66.87014, 18.10461 ], [ -66.87034, 18.10441 ], [ -66.87059, 18.10423 ], [ -66.87077, 18.1041 ], [ -66.87089, 18.104 ], [ -66.87104, 18.10397 ], [ -66.87126, 18.10397 ], [ -66.87139, 18.10391 ], [ -66.87145, 18.10382 ], [ -66.87148, 18.10373 ], [ -66.87157, 18.1037 ], [ -66.8717, 18.10372 ], [ -66.87177, 18.1037 ], [ -66.87184, 18.10361 ], [ -66.87186, 18.10343 ], [ -66.87192, 18.10318 ], [ -66.87203, 18.10305 ], [ -66.87215, 18.10288 ], [ -66.87222, 18.10268 ], [ -66.87225, 18.10252 ], [ -66.87226, 18.10232 ], [ -66.87231, 18.10211 ], [ -66.87241, 18.102 ], [ -66.87254, 18.10195 ], [ -66.87258, 18.10185 ], [ -66.87253, 18.10167 ], [ -66.87252, 18.10149 ], [ -66.87253, 18.10138 ], [ -66.87252, 18.10122 ], [ -66.8725, 18.10104 ], [ -66.87252, 18.10092 ], [ -66.87251, 18.10081 ], [ -66.87241, 18.10071 ], [ -66.87218, 18.1006 ], [ -66.87204, 18.10051 ], [ -66.87191, 18.10035 ], [ -66.87183, 18.10011 ], [ -66.8718, 18.0999 ], [ -66.87184, 18.09968 ], [ -66.87187, 18.09953 ], [ -66.87185, 18.09943 ], [ -66.8718, 18.0994 ], [ -66.87163, 18.09943 ], [ -66.87146, 18.09943 ], [ -66.87135, 18.09938 ], [ -66.87127, 18.09925 ], [ -66.8712, 18.09904 ], [ -66.87103, 18.09858 ], [ -66.87088, 18.09828 ], [ -66.87081, 18.09805 ], [ -66.87059, 18.09775 ], [ -66.87039, 18.09733 ], [ -66.87031, 18.09716 ], [ -66.87031, 18.09699 ], [ -66.87038, 18.09683 ], [ -66.87049, 18.09669 ], [ -66.87056, 18.09657 ], [ -66.87062, 18.09634 ], [ -66.87076, 18.09603 ], [ -66.87089, 18.09583 ], [ -66.87104, 18.09562 ], [ -66.87118, 18.09545 ], [ -66.87137, 18.09535 ], [ -66.87156, 18.0953 ], [ -66.87182, 18.0953 ], [ -66.872, 18.0954 ], [ -66.87208, 18.09557 ], [ -66.87212, 18.09574 ], [ -66.87215, 18.0958 ], [ -66.87226, 18.09577 ], [ -66.87236, 18.09564 ], [ -66.8724, 18.0955 ], [ -66.87238, 18.09526 ], [ -66.87235, 18.09513 ], [ -66.87234, 18.09499 ], [ -66.87237, 18.09489 ], [ -66.87248, 18.09481 ], [ -66.87264, 18.09477 ], [ -66.87291, 18.09478 ], [ -66.87309, 18.09485 ], [ -66.87324, 18.09491 ], [ -66.87346, 18.09498 ], [ -66.87366, 18.09501 ], [ -66.87381, 18.0951 ], [ -66.8739, 18.09518 ], [ -66.87397, 18.0952 ], [ -66.87401, 18.09507 ], [ -66.87399, 18.09484 ], [ -66.87405, 18.09475 ], [ -66.87416, 18.09473 ], [ -66.8743, 18.09466 ], [ -66.87449, 18.09455 ], [ -66.87462, 18.0945 ], [ -66.87462, 18.09463 ], [ -66.87479, 18.09465 ], [ -66.87489, 18.09463 ], [ -66.87497, 18.09462 ], [ -66.87503, 18.0946 ], [ -66.87512, 18.09462 ], [ -66.87523, 18.09464 ], [ -66.87534, 18.09467 ], [ -66.87544, 18.0947 ], [ -66.87553, 18.09477 ], [ -66.87564, 18.0948 ], [ -66.87573, 18.09487 ], [ -66.8758, 18.09489 ], [ -66.87589, 18.09491 ], [ -66.87593, 18.09493 ], [ -66.87597, 18.09491 ], [ -66.87601, 18.0949 ], [ -66.87602, 18.0949 ], [ -66.87602, 18.09487 ], [ -66.87597, 18.09479 ], [ -66.8759, 18.0947 ], [ -66.87581, 18.09463 ], [ -66.8757, 18.09459 ], [ -66.8756, 18.09453 ], [ -66.87553, 18.0945 ], [ -66.87549, 18.09446 ], [ -66.87542, 18.09442 ], [ -66.87534, 18.0944 ], [ -66.87529, 18.09437 ], [ -66.87527, 18.09432 ], [ -66.87528, 18.09429 ], [ -66.87531, 18.09425 ], [ -66.87533, 18.09422 ], [ -66.87537, 18.09416 ], [ -66.87548, 18.09411 ], [ -66.87553, 18.09409 ], [ -66.87561, 18.09405 ], [ -66.87571, 18.09401 ], [ -66.87582, 18.09398 ], [ -66.87594, 18.09396 ], [ -66.87603, 18.09389 ], [ -66.87611, 18.09382 ], [ -66.8762, 18.09373 ], [ -66.8763, 18.09361 ], [ -66.87639, 18.09351 ], [ -66.87644, 18.09346 ], [ -66.87649, 18.09334 ], [ -66.87653, 18.09328 ], [ -66.87654, 18.09324 ], [ -66.87654, 18.09323 ], [ -66.8765, 18.09319 ], [ -66.87647, 18.09319 ], [ -66.87643, 18.09319 ], [ -66.87636, 18.09323 ], [ -66.87628, 18.09328 ], [ -66.87619, 18.09336 ], [ -66.87611, 18.09342 ], [ -66.87603, 18.09346 ], [ -66.87588, 18.09351 ], [ -66.87562, 18.09359 ], [ -66.87555, 18.09362 ], [ -66.8755, 18.09363 ], [ -66.87545, 18.09363 ], [ -66.8754, 18.09361 ], [ -66.8753, 18.09356 ], [ -66.87522, 18.09346 ], [ -66.87516, 18.0934 ], [ -66.87512, 18.09337 ], [ -66.87508, 18.09335 ], [ -66.87503, 18.09333 ], [ -66.87498, 18.09333 ], [ -66.87494, 18.09334 ], [ -66.87486, 18.09342 ], [ -66.8748, 18.09348 ], [ -66.87472, 18.0935 ], [ -66.87462, 18.09347 ] ] ] } },
{ "type": "Feature", "properties": { "gnis_name": "Lago Guayo", "areasqkm": 1.04554838, "ftype": 390 }, "geometry": { "type": "Polygon", "coordinates": [ [ [ -66.8391, 18.20855 ], [ -66.83901, 18.20856 ], [ -66.83892, 18.20843 ], [ -66.83884, 18.20835 ], [ -66.83849, 18.20837 ], [ -66.83819, 18.20839 ], [ -66.83777, 18.20841 ], [ -66.83764, 18.20842 ], [ -66.83749, 18.20841 ], [ -66.83733, 18.20838 ], [ -66.83712, 18.20846 ], [ -66.83701, 18.20836 ], [ -66.83697, 18.2083 ], [ -66.83707, 18.20816 ], [ -66.83719, 18.20799 ], [ -66.83723, 18.20786 ], [ -66.83717, 18.20776 ], [ -66.83696, 18.20772 ], [ -66.83687, 18.20762 ], [ -66.8368, 18.20738 ], [ -66.83666, 18.20715 ], [ -66.83619, 18.20658 ], [ -66.83585, 18.20633 ], [ -66.83555, 18.20585 ], [ -66.83557, 18.20569 ], [ -66.83569, 18.20552 ], [ -66.83575, 18.20527 ], [ -66.83578, 18.20515 ], [ -66.83582, 18.205 ], [ -66.83594, 18.20478 ], [ -66.83615, 18.2047 ], [ -66.83629, 18.20465 ], [ -66.8362, 18.2046 ], [ -66.83593, 18.20445 ], [ -66.83567, 18.20437 ], [ -66.83558, 18.20432 ], [ -66.83554, 18.20399 ], [ -66.83549, 18.20381 ], [ -66.83528, 18.20367 ], [ -66.83524, 18.20353 ], [ -66.83525, 18.20343 ], [ -66.83537, 18.20332 ], [ -66.83549, 18.20306 ], [ -66.83552, 18.20301 ], [ -66.83558, 18.20291 ], [ -66.83558, 18.2028 ], [ -66.83557, 18.20269 ], [ -66.83556, 18.20263 ], [ -66.8356, 18.20259 ], [ -66.83567, 18.20256 ], [ -66.8357, 18.20252 ], [ -66.83569, 18.20247 ], [ -66.83569, 18.20246 ], [ -66.83569, 18.20239 ], [ -66.83573, 18.20228 ], [ -66.83579, 18.20224 ], [ -66.83588, 18.20222 ], [ -66.83599, 18.20228 ], [ -66.83611, 18.20222 ], [ -66.83601, 18.2021 ], [ -66.836, 18.20208 ], [ -66.8359, 18.20203 ], [ -66.83585, 18.202 ], [ -66.83554, 18.20184 ], [ -66.83547, 18.20186 ], [ -66.8354, 18.2018 ], [ -66.83538, 18.20166 ], [ -66.83537, 18.20141 ], [ -66.8354, 18.20126 ], [ -66.8355, 18.20118 ], [ -66.83563, 18.20111 ], [ -66.83599, 18.20109 ], [ -66.83638, 18.20106 ], [ -66.83676, 18.20097 ], [ -66.83685, 18.20085 ], [ -66.83698, 18.20087 ], [ -66.83717, 18.20088 ], [ -66.83726, 18.20084 ], [ -66.83686, 18.20067 ], [ -66.83663, 18.20049 ], [ -66.83638, 18.20047 ], [ -66.83626, 18.20042 ], [ -66.83607, 18.20034 ], [ -66.83605, 18.2003 ], [ -66.83616, 18.20019 ], [ -66.83623, 18.20014 ], [ -66.8363, 18.20015 ], [ -66.83637, 18.20016 ], [ -66.83655, 18.20006 ], [ -66.83652, 18.20004 ], [ -66.83643, 18.19997 ], [ -66.83613, 18.19987 ], [ -66.83596, 18.19982 ], [ -66.83579, 18.19983 ], [ -66.83577, 18.19989 ], [ -66.83571, 18.19991 ], [ -66.83566, 18.1999 ], [ -66.83567, 18.19983 ], [ -66.83564, 18.19978 ], [ -66.83564, 18.19971 ], [ -66.83567, 18.19964 ], [ -66.83575, 18.19954 ], [ -66.8358, 18.1994 ], [ -66.83589, 18.19931 ], [ -66.83584, 18.19927 ], [ -66.83581, 18.19928 ], [ -66.83571, 18.19928 ], [ -66.83558, 18.19914 ], [ -66.83553, 18.19911 ], [ -66.83549, 18.19908 ], [ -66.83548, 18.19902 ], [ -66.83552, 18.19888 ], [ -66.83554, 18.1988 ], [ -66.83555, 18.19875 ], [ -66.83553, 18.19872 ], [ -66.83547, 18.19865 ], [ -66.83542, 18.19861 ], [ -66.83537, 18.19853 ], [ -66.83535, 18.19844 ], [ -66.83542, 18.19838 ], [ -66.83537, 18.1983 ], [ -66.83532, 18.19828 ], [ -66.83533, 18.19822 ], [ -66.83537, 18.19808 ], [ -66.83546, 18.19804 ], [ -66.83553, 18.19805 ], [ -66.8356, 18.19802 ], [ -66.83568, 18.19796 ], [ -66.83566, 18.1979 ], [ -66.83553, 18.19785 ], [ -66.83546, 18.19773 ], [ -66.83544, 18.19757 ], [ -66.83544, 18.19752 ], [ -66.83542, 18.19737 ], [ -66.83538, 18.19732 ], [ -66.83537, 18.19713 ], [ -66.83542, 18.19707 ], [ -66.8355, 18.19704 ], [ -66.83551, 18.19698 ], [ -66.83544, 18.19693 ], [ -66.83534, 18.19694 ], [ -66.83524, 18.19696 ], [ -66.83521, 18.19697 ], [ -66.83514, 18.19702 ], [ -66.83519, 18.19705 ], [ -66.8352, 18.19706 ], [ -66.83519, 18.19737 ], [ -66.83519, 18.19763 ], [ -66.83515, 18.19769 ], [ -66.83509, 18.19769 ], [ -66.835, 18.19759 ], [ -66.83493, 18.1975 ], [ -66.83485, 18.19739 ], [ -66.83475, 18.19741 ], [ -66.83471, 18.19734 ], [ -66.83471, 18.19727 ], [ -66.83469, 18.19717 ], [ -66.83476, 18.19712 ], [ -66.83481, 18.19706 ], [ -66.83484, 18.1969 ], [ -66.83483, 18.1968 ], [ -66.83481, 18.19675 ], [ -66.83488, 18.1966 ], [ -66.83489, 18.19653 ], [ -66.83485, 18.19649 ], [ -66.8348, 18.19653 ], [ -66.83473, 18.1965 ], [ -66.83471, 18.19644 ], [ -66.83473, 18.19636 ], [ -66.83469, 18.196 ], [ -66.8346, 18.19594 ], [ -66.83443, 18.19573 ], [ -66.83414, 18.1956 ], [ -66.83409, 18.19558 ], [ -66.83402, 18.19558 ], [ -66.83391, 18.19557 ], [ -66.83368, 18.19565 ], [ -66.83361, 18.19561 ], [ -66.83359, 18.19554 ], [ -66.83362, 18.19545 ], [ -66.83378, 18.19536 ], [ -66.8339, 18.19536 ], [ -66.83392, 18.19529 ], [ -66.834, 18.19525 ], [ -66.83413, 18.19524 ], [ -66.83423, 18.19528 ], [ -66.83437, 18.19524 ], [ -66.8344, 18.19525 ], [ -66.83446, 18.1953 ], [ -66.83453, 18.19524 ], [ -66.83461, 18.19511 ], [ -66.83466, 18.19493 ], [ -66.83485, 18.19468 ], [ -66.83496, 18.19448 ], [ -66.83522, 18.19437 ], [ -66.83536, 18.19439 ], [ -66.83546, 18.19459 ], [ -66.83552, 18.19475 ], [ -66.83552, 18.19491 ], [ -66.83552, 18.195 ], [ -66.83559, 18.19515 ], [ -66.83562, 18.19521 ], [ -66.83568, 18.19539 ], [ -66.83577, 18.19539 ], [ -66.8359, 18.19536 ], [ -66.83606, 18.1953 ], [ -66.83606, 18.19522 ], [ -66.83613, 18.19519 ], [ -66.83626, 18.19524 ], [ -66.83644, 18.19523 ], [ -66.83663, 18.19514 ], [ -66.83676, 18.1951 ], [ -66.83677, 18.19502 ], [ -66.83646, 18.19485 ], [ -66.83628, 18.19485 ], [ -66.83623, 18.1949 ], [ -66.83621, 18.19497 ], [ -66.83615, 18.19501 ], [ -66.83603, 18.19496 ], [ -66.83597, 18.19499 ], [ -66.83593, 18.19506 ], [ -66.83581, 18.19497 ], [ -66.83579, 18.19492 ], [ -66.83588, 18.19487 ], [ -66.83602, 18.19477 ], [ -66.83605, 18.19466 ], [ -66.83603, 18.19449 ], [ -66.83597, 18.19442 ], [ -66.83582, 18.19434 ], [ -66.83581, 18.19426 ], [ -66.83594, 18.19419 ], [ -66.83612, 18.19408 ], [ -66.83625, 18.19405 ], [ -66.83637, 18.19406 ], [ -66.83669, 18.19391 ], [ -66.83676, 18.19382 ], [ -66.83675, 18.19371 ], [ -66.8367, 18.19365 ], [ -66.83674, 18.19356 ], [ -66.83684, 18.19357 ], [ -66.83689, 18.19362 ], [ -66.83698, 18.1937 ], [ -66.83705, 18.19366 ], [ -66.83703, 18.19358 ], [ -66.83699, 18.19346 ], [ -66.83702, 18.1934 ], [ -66.83712, 18.19337 ], [ -66.83724, 18.19349 ], [ -66.83737, 18.19352 ], [ -66.8374, 18.1935 ], [ -66.83745, 18.19347 ], [ -66.83745, 18.1934 ], [ -66.83746, 18.19326 ], [ -66.83748, 18.19321 ], [ -66.83758, 18.1932 ], [ -66.83769, 18.19312 ], [ -66.83787, 18.19311 ], [ -66.8379, 18.19296 ], [ -66.83769, 18.19276 ], [ -66.83768, 18.1927 ], [ -66.83777, 18.19257 ], [ -66.83777, 18.19229 ], [ -66.83781, 18.19227 ], [ -66.83783, 18.19226 ], [ -66.83785, 18.19183 ], [ -66.8378, 18.19178 ], [ -66.83775, 18.19174 ], [ -66.8378, 18.19165 ], [ -66.83781, 18.19164 ], [ -66.83782, 18.19148 ], [ -66.83783, 18.19135 ], [ -66.83789, 18.19127 ], [ -66.83808, 18.19102 ], [ -66.83813, 18.19091 ], [ -66.83812, 18.19089 ], [ -66.8381, 18.19086 ], [ -66.8381, 18.19075 ], [ -66.83819, 18.19066 ], [ -66.83829, 18.19048 ], [ -66.83844, 18.19041 ], [ -66.83863, 18.19032 ], [ -66.83873, 18.19033 ], [ -66.83878, 18.1904 ], [ -66.83879, 18.19052 ], [ -66.83886, 18.19065 ], [ -66.83895, 18.19082 ], [ -66.83901, 18.19086 ], [ -66.83922, 18.19092 ], [ -66.8393, 18.19115 ], [ -66.8394, 18.19133 ], [ -66.8396, 18.19156 ], [ -66.83971, 18.19163 ], [ -66.83978, 18.19165 ], [ -66.83979, 18.19161 ], [ -66.83976, 18.19146 ], [ -66.83972, 18.19136 ], [ -66.83975, 18.19125 ], [ -66.83981, 18.19117 ], [ -66.83993, 18.19115 ], [ -66.84007, 18.19116 ], [ -66.84013, 18.19122 ], [ -66.84023, 18.19121 ], [ -66.84032, 18.19123 ], [ -66.8405, 18.19126 ], [ -66.84031, 18.19111 ], [ -66.84015, 18.19095 ], [ -66.8401, 18.19083 ], [ -66.84017, 18.19072 ], [ -66.84029, 18.19065 ], [ -66.84063, 18.19067 ], [ -66.84073, 18.19058 ], [ -66.84086, 18.1904 ], [ -66.84094, 18.19015 ], [ -66.8408, 18.19017 ], [ -66.84062, 18.19029 ], [ -66.84044, 18.19038 ], [ -66.84022, 18.19041 ], [ -66.8401, 18.19049 ], [ -66.83983, 18.19047 ], [ -66.83969, 18.19049 ], [ -66.83959, 18.19042 ], [ -66.83951, 18.19028 ], [ -66.83943, 18.19021 ], [ -66.83938, 18.19016 ], [ -66.83925, 18.19008 ], [ -66.83917, 18.19007 ], [ -66.83881, 18.19002 ], [ -66.83867, 18.18994 ], [ -66.83855, 18.18995 ], [ -66.83842, 18.19002 ], [ -66.83817, 18.1901 ], [ -66.83787, 18.19029 ], [ -66.83768, 18.19036 ], [ -66.83768, 18.19036 ], [ -66.83758, 18.19032 ], [ -66.83751, 18.19007 ], [ -66.83749, 18.18998 ], [ -66.83741, 18.19 ], [ -66.83733, 18.1901 ], [ -66.83728, 18.19021 ], [ -66.83725, 18.19033 ], [ -66.83727, 18.19035 ], [ -66.83737, 18.19057 ], [ -66.83737, 18.19067 ], [ -66.8373, 18.19074 ], [ -66.83717, 18.19073 ], [ -66.83702, 18.19068 ], [ -66.83692, 18.19064 ], [ -66.83685, 18.19062 ], [ -66.83661, 18.1905 ], [ -66.83643, 18.19033 ], [ -66.83635, 18.19021 ], [ -66.83636, 18.19006 ], [ -66.8364, 18.18995 ], [ -66.83634, 18.18978 ], [ -66.83624, 18.18961 ], [ -66.83612, 18.18946 ], [ -66.83606, 18.18935 ], [ -66.83605, 18.18912 ], [ -66.83607, 18.18899 ], [ -66.83608, 18.18887 ], [ -66.83611, 18.1885 ], [ -66.83601, 18.1878 ], [ -66.836, 18.18748 ], [ -66.83592, 18.18729 ], [ -66.8359, 18.18727 ], [ -66.83579, 18.18717 ], [ -66.83567, 18.18707 ], [ -66.83568, 18.18693 ], [ -66.83594, 18.18661 ], [ -66.83614, 18.18633 ], [ -66.83632, 18.18601 ], [ -66.83638, 18.18589 ], [ -66.83643, 18.18584 ], [ -66.83645, 18.18581 ], [ -66.8365, 18.18566 ], [ -66.83647, 18.18555 ], [ -66.83628, 18.18541 ], [ -66.83604, 18.18531 ], [ -66.83598, 18.18532 ], [ -66.83597, 18.18532 ], [ -66.83595, 18.18533 ], [ -66.83587, 18.18535 ], [ -66.836, 18.18542 ], [ -66.83604, 18.18542 ], [ -66.83609, 18.18542 ], [ -66.83624, 18.1855 ], [ -66.83632, 18.18559 ], [ -66.83632, 18.18568 ], [ -66.83628, 18.18574 ], [ -66.83622, 18.18585 ], [ -66.83608, 18.18609 ], [ -66.83589, 18.18631 ], [ -66.83572, 18.18644 ], [ -66.83543, 18.18689 ], [ -66.83537, 18.18711 ], [ -66.83535, 18.18753 ], [ -66.83534, 18.18788 ], [ -66.83533, 18.18821 ], [ -66.83533, 18.18822 ], [ -66.83532, 18.18824 ], [ -66.83519, 18.18852 ], [ -66.83512, 18.1888 ], [ -66.83515, 18.18916 ], [ -66.8352, 18.18951 ], [ -66.83533, 18.18988 ], [ -66.83521, 18.19013 ], [ -66.83524, 18.1903 ], [ -66.83532, 18.19039 ], [ -66.83551, 18.19047 ], [ -66.8356, 18.1906 ], [ -66.8356, 18.1907 ], [ -66.83568, 18.19082 ], [ -66.83572, 18.19095 ], [ -66.83572, 18.19099 ], [ -66.83568, 18.19124 ], [ -66.83571, 18.19132 ], [ -66.83575, 18.19162 ], [ -66.83572, 18.19176 ], [ -66.83579, 18.19205 ], [ -66.83592, 18.19243 ], [ -66.83618, 18.19267 ], [ -66.83631, 18.19277 ], [ -66.83628, 18.19289 ], [ -66.83614, 18.19294 ], [ -66.83598, 18.19306 ], [ -66.83572, 18.19311 ], [ -66.83552, 18.19309 ], [ -66.83513, 18.19298 ], [ -66.83484, 18.19289 ], [ -66.83475, 18.19291 ], [ -66.83469, 18.19299 ], [ -66.83449, 18.19316 ], [ -66.83435, 18.19315 ], [ -66.83428, 18.19313 ], [ -66.83413, 18.1931 ], [ -66.834, 18.19307 ], [ -66.83367, 18.19302 ], [ -66.83343, 18.1928 ], [ -66.83331, 18.19278 ], [ -66.83333, 18.1931 ], [ -66.83338, 18.19324 ], [ -66.83323, 18.19344 ], [ -66.83291, 18.19369 ], [ -66.83275, 18.19386 ], [ -66.83257, 18.1939 ], [ -66.83245, 18.19397 ], [ -66.83252, 18.19424 ], [ -66.83256, 18.19427 ], [ -66.83266, 18.19426 ], [ -66.83275, 18.19429 ], [ -66.83275, 18.19436 ], [ -66.8326, 18.1945 ], [ -66.8324, 18.1948 ], [ -66.83244, 18.1949 ], [ -66.83236, 18.19503 ], [ -66.83216, 18.19516 ], [ -66.83189, 18.19529 ], [ -66.8318, 18.19534 ], [ -66.83175, 18.19533 ], [ -66.83136, 18.19528 ], [ -66.83101, 18.19523 ], [ -66.83063, 18.19509 ], [ -66.83068, 18.19529 ], [ -66.8308, 18.19552 ], [ -66.83096, 18.19572 ], [ -66.83121, 18.19583 ], [ -66.83126, 18.19581 ], [ -66.83136, 18.19579 ], [ -66.83149, 18.19583 ], [ -66.83152, 18.1959 ], [ -66.83155, 18.19593 ], [ -66.83173, 18.19598 ], [ -66.83189, 18.19598 ], [ -66.83197, 18.19598 ], [ -66.83206, 18.19598 ], [ -66.83225, 18.19591 ], [ -66.83242, 18.19617 ], [ -66.83248, 18.19627 ], [ -66.83253, 18.19637 ], [ -66.83244, 18.19649 ], [ -66.83238, 18.19652 ], [ -66.83227, 18.19631 ], [ -66.83212, 18.19607 ], [ -66.83199, 18.19606 ], [ -66.83204, 18.1961 ], [ -66.83205, 18.1962 ], [ -66.83206, 18.19621 ], [ -66.83187, 18.19649 ], [ -66.83188, 18.19657 ], [ -66.83196, 18.19674 ], [ -66.83204, 18.19686 ], [ -66.83221, 18.19695 ], [ -66.83238, 18.19706 ], [ -66.8325, 18.19711 ], [ -66.83256, 18.19711 ], [ -66.8326, 18.19711 ], [ -66.8327, 18.19711 ], [ -66.83281, 18.19714 ], [ -66.83289, 18.19738 ], [ -66.83287, 18.19774 ], [ -66.83285, 18.1978 ], [ -66.8328, 18.19799 ], [ -66.83263, 18.19826 ], [ -66.83262, 18.19828 ], [ -66.83254, 18.19833 ], [ -66.83236, 18.19831 ], [ -66.83212, 18.19817 ], [ -66.83204, 18.19805 ], [ -66.83193, 18.19787 ], [ -66.8319, 18.19776 ], [ -66.83178, 18.19768 ], [ -66.83167, 18.1976 ], [ -66.83165, 18.19759 ], [ -66.83163, 18.19753 ], [ -66.83158, 18.1974 ], [ -66.83152, 18.19721 ], [ -66.83148, 18.1971 ], [ -66.83138, 18.19693 ], [ -66.83125, 18.19684 ], [ -66.83114, 18.1968 ], [ -66.831, 18.19684 ], [ -66.83101, 18.19693 ], [ -66.83107, 18.19697 ], [ -66.83109, 18.197 ], [ -66.83112, 18.19706 ], [ -66.83112, 18.19711 ], [ -66.83112, 18.19728 ], [ -66.83111, 18.19751 ], [ -66.83111, 18.19775 ], [ -66.83112, 18.19783 ], [ -66.83114, 18.19796 ], [ -66.83114, 18.19805 ], [ -66.83114, 18.19812 ], [ -66.83111, 18.19818 ], [ -66.83109, 18.19822 ], [ -66.83109, 18.19827 ], [ -66.83117, 18.19837 ], [ -66.83119, 18.1984 ], [ -66.8312, 18.19842 ], [ -66.83126, 18.19859 ], [ -66.83136, 18.19868 ], [ -66.83148, 18.19878 ], [ -66.83156, 18.19885 ], [ -66.83166, 18.19898 ], [ -66.83173, 18.19913 ], [ -66.83165, 18.1993 ], [ -66.83147, 18.19938 ], [ -66.8313, 18.19941 ], [ -66.83129, 18.19941 ], [ -66.83116, 18.19952 ], [ -66.83099, 18.19961 ], [ -66.83088, 18.19963 ], [ -66.83076, 18.1996 ], [ -66.83061, 18.19956 ], [ -66.8305, 18.19952 ], [ -66.8304, 18.1995 ], [ -66.83025, 18.19947 ], [ -66.83011, 18.1994 ], [ -66.83, 18.19931 ], [ -66.82994, 18.19933 ], [ -66.8299, 18.19937 ], [ -66.82989, 18.19938 ], [ -66.82985, 18.19937 ], [ -66.82981, 18.19931 ], [ -66.82983, 18.19929 ], [ -66.82985, 18.19925 ], [ -66.8299, 18.1992 ], [ -66.82995, 18.19914 ], [ -66.82995, 18.199 ], [ -66.82989, 18.1988 ], [ -66.82977, 18.19865 ], [ -66.82961, 18.19855 ], [ -66.82946, 18.19849 ], [ -66.82912, 18.19835 ], [ -66.82897, 18.19832 ], [ -66.82865, 18.19824 ], [ -66.82861, 18.19824 ], [ -66.82845, 18.1981 ], [ -66.82835, 18.19795 ], [ -66.82835, 18.1979 ], [ -66.82835, 18.19783 ], [ -66.8283, 18.19774 ], [ -66.8282, 18.19767 ], [ -66.82814, 18.19763 ], [ -66.82798, 18.19758 ], [ -66.82792, 18.19749 ], [ -66.82789, 18.19743 ], [ -66.82787, 18.19737 ], [ -66.82776, 18.19733 ], [ -66.82775, 18.19733 ], [ -66.82756, 18.19731 ], [ -66.82742, 18.19733 ], [ -66.82729, 18.19733 ], [ -66.82726, 18.19717 ], [ -66.82731, 18.1971 ], [ -66.82732, 18.19709 ], [ -66.82734, 18.19696 ], [ -66.82732, 18.19683 ], [ -66.82721, 18.19668 ], [ -66.82711, 18.19663 ], [ -66.82699, 18.19656 ], [ -66.82693, 18.19651 ], [ -66.82689, 18.19649 ], [ -66.82682, 18.19643 ], [ -66.82676, 18.19636 ], [ -66.82672, 18.19632 ], [ -66.82667, 18.1962 ], [ -66.82667, 18.19619 ], [ -66.82669, 18.19609 ], [ -66.82677, 18.19595 ], [ -66.8268, 18.19593 ], [ -66.82678, 18.19581 ], [ -66.82671, 18.1957 ], [ -66.8267, 18.19561 ], [ -66.82671, 18.19554 ], [ -66.82679, 18.19546 ], [ -66.82679, 18.19541 ], [ -66.82652, 18.19548 ], [ -66.82649, 18.19552 ], [ -66.82645, 18.19556 ], [ -66.82644, 18.19569 ], [ -66.82643, 18.19573 ], [ -66.82644, 18.19584 ], [ -66.82646, 18.19606 ], [ -66.82648, 18.19625 ], [ -66.82656, 18.19654 ], [ -66.82668, 18.19667 ], [ -66.82673, 18.19677 ], [ -66.82667, 18.19683 ], [ -66.82652, 18.19684 ], [ -66.82634, 18.19689 ], [ -66.82622, 18.19692 ], [ -66.82615, 18.19693 ], [ -66.82603, 18.19704 ], [ -66.82604, 18.19706 ], [ -66.82604, 18.1972 ], [ -66.82608, 18.19727 ], [ -66.82611, 18.19733 ], [ -66.82618, 18.19741 ], [ -66.82621, 18.19752 ], [ -66.82615, 18.19754 ], [ -66.82614, 18.19755 ], [ -66.82601, 18.19755 ], [ -66.82587, 18.19748 ], [ -66.82581, 18.19752 ], [ -66.82582, 18.19758 ], [ -66.8259, 18.19764 ], [ -66.82609, 18.19774 ], [ -66.82631, 18.19778 ], [ -66.82641, 18.19775 ], [ -66.82662, 18.19768 ], [ -66.82681, 18.19782 ], [ -66.82689, 18.1983 ], [ -66.827, 18.19838 ], [ -66.82713, 18.19842 ], [ -66.82713, 18.19844 ], [ -66.82716, 18.19851 ], [ -66.82708, 18.19858 ], [ -66.82687, 18.19858 ], [ -66.82667, 18.19875 ], [ -66.82671, 18.19881 ], [ -66.82673, 18.19887 ], [ -66.82668, 18.19892 ], [ -66.82665, 18.19914 ], [ -66.82672, 18.19919 ], [ -66.82679, 18.19919 ], [ -66.82686, 18.19926 ], [ -66.82695, 18.19937 ], [ -66.82702, 18.1994 ], [ -66.82709, 18.19946 ], [ -66.82709, 18.19957 ], [ -66.82692, 18.19966 ], [ -66.82696, 18.19974 ], [ -66.82702, 18.1998 ], [ -66.8271, 18.19982 ], [ -66.82728, 18.19978 ], [ -66.82744, 18.19978 ], [ -66.82766, 18.19988 ], [ -66.82782, 18.19993 ], [ -66.82797, 18.19991 ], [ -66.82822, 18.20006 ], [ -66.82823, 18.20007 ], [ -66.82834, 18.20024 ], [ -66.82838, 18.20032 ], [ -66.82839, 18.20032 ], [ -66.82848, 18.20038 ], [ -66.82851, 18.20052 ], [ -66.82849, 18.20055 ], [ -66.82842, 18.20066 ], [ -66.82845, 18.20079 ], [ -66.8285, 18.20082 ], [ -66.82858, 18.20086 ], [ -66.82865, 18.20089 ], [ -66.82869, 18.20103 ], [ -66.82867, 18.20111 ], [ -66.82866, 18.20113 ], [ -66.82851, 18.20119 ], [ -66.82833, 18.2012 ], [ -66.82818, 18.2012 ], [ -66.82799, 18.20118 ], [ -66.82799, 18.20122 ], [ -66.82802, 18.20125 ], [ -66.82815, 18.20129 ], [ -66.82828, 18.20131 ], [ -66.82839, 18.20133 ], [ -66.82863, 18.20127 ], [ -66.82879, 18.20133 ], [ -66.82886, 18.20132 ], [ -66.82895, 18.20121 ], [ -66.82889, 18.20108 ], [ -66.82889, 18.20106 ], [ -66.82888, 18.20098 ], [ -66.82892, 18.20081 ], [ -66.82898, 18.20078 ], [ -66.82905, 18.20084 ], [ -66.8291, 18.20095 ], [ -66.8292, 18.20098 ], [ -66.82925, 18.20099 ], [ -66.82937, 18.2011 ], [ -66.82945, 18.20111 ], [ -66.8296, 18.20105 ], [ -66.82969, 18.20098 ], [ -66.82974, 18.20088 ], [ -66.82974, 18.20086 ], [ -66.82975, 18.20078 ], [ -66.82977, 18.2007 ], [ -66.82987, 18.20065 ], [ -66.83001, 18.20065 ], [ -66.83008, 18.20075 ], [ -66.83012, 18.20084 ], [ -66.83015, 18.2009 ], [ -66.83019, 18.20102 ], [ -66.83017, 18.2013 ], [ -66.83002, 18.20143 ], [ -66.82988, 18.20168 ], [ -66.82975, 18.20188 ], [ -66.82958, 18.20213 ], [ -66.82956, 18.2023 ], [ -66.82949, 18.20246 ], [ -66.82934, 18.20255 ], [ -66.82929, 18.20265 ], [ -66.82929, 18.2028 ], [ -66.8294, 18.20295 ], [ -66.82954, 18.20312 ], [ -66.82951, 18.20326 ], [ -66.82951, 18.20329 ], [ -66.82943, 18.20338 ], [ -66.82941, 18.20345 ], [ -66.82946, 18.2035 ], [ -66.82961, 18.20348 ], [ -66.82974, 18.20336 ], [ -66.82979, 18.20325 ], [ -66.8298, 18.20315 ], [ -66.82971, 18.20306 ], [ -66.82963, 18.20295 ], [ -66.82966, 18.20285 ], [ -66.82969, 18.20266 ], [ -66.82976, 18.20254 ], [ -66.82986, 18.20252 ], [ -66.82996, 18.20254 ], [ -66.83037, 18.20227 ], [ -66.83058, 18.20214 ], [ -66.83066, 18.20204 ], [ -66.83072, 18.20184 ], [ -66.83082, 18.20164 ], [ -66.83108, 18.20152 ], [ -66.83122, 18.20137 ], [ -66.83123, 18.2013 ], [ -66.8312, 18.20121 ], [ -66.83119, 18.2012 ], [ -66.83112, 18.20113 ], [ -66.8311, 18.20105 ], [ -66.8311, 18.20092 ], [ -66.83116, 18.2008 ], [ -66.83134, 18.20075 ], [ -66.83148, 18.20077 ], [ -66.83164, 18.20097 ], [ -66.83165, 18.20098 ], [ -66.83176, 18.20103 ], [ -66.83222, 18.20111 ], [ -66.83224, 18.20113 ], [ -66.83235, 18.20124 ], [ -66.83234, 18.20139 ], [ -66.83223, 18.20147 ], [ -66.83206, 18.20151 ], [ -66.83203, 18.20151 ], [ -66.83191, 18.2016 ], [ -66.83181, 18.20175 ], [ -66.83187, 18.20187 ], [ -66.83202, 18.20193 ], [ -66.83205, 18.20194 ], [ -66.83219, 18.20214 ], [ -66.83225, 18.20231 ], [ -66.83223, 18.20234 ], [ -66.83217, 18.20241 ], [ -66.83215, 18.20247 ], [ -66.83211, 18.20254 ], [ -66.83216, 18.20264 ], [ -66.83223, 18.2027 ], [ -66.83224, 18.2027 ], [ -66.83232, 18.20267 ], [ -66.83239, 18.20267 ], [ -66.83242, 18.20273 ], [ -66.83246, 18.20277 ], [ -66.8326, 18.20283 ], [ -66.83264, 18.20284 ], [ -66.83281, 18.20283 ], [ -66.83294, 18.20279 ], [ -66.83298, 18.20275 ], [ -66.83308, 18.20262 ], [ -66.83318, 18.2026 ], [ -66.83327, 18.20264 ], [ -66.83334, 18.20277 ], [ -66.83329, 18.20302 ], [ -66.8332, 18.20328 ], [ -66.83319, 18.2033 ], [ -66.83322, 18.20346 ], [ -66.83326, 18.20353 ], [ -66.83326, 18.20354 ], [ -66.8333, 18.20358 ], [ -66.83337, 18.20377 ], [ -66.83344, 18.20381 ], [ -66.8336, 18.20389 ], [ -66.83382, 18.20407 ], [ -66.83388, 18.20421 ], [ -66.83388, 18.20431 ], [ -66.83382, 18.20438 ], [ -66.83367, 18.20439 ], [ -66.8335, 18.20428 ], [ -66.83348, 18.20428 ], [ -66.83341, 18.20428 ], [ -66.8334, 18.20434 ], [ -66.83341, 18.20437 ], [ -66.83341, 18.2044 ], [ -66.83339, 18.20442 ], [ -66.83336, 18.20445 ], [ -66.83329, 18.20448 ], [ -66.8333, 18.20452 ], [ -66.83338, 18.20457 ], [ -66.83342, 18.20459 ], [ -66.8334, 18.20469 ], [ -66.83339, 18.20478 ], [ -66.83342, 18.20489 ], [ -66.83345, 18.20496 ], [ -66.83345, 18.20502 ], [ -66.83343, 18.20503 ], [ -66.8334, 18.20505 ], [ -66.83342, 18.20507 ], [ -66.83344, 18.20508 ], [ -66.8335, 18.2051 ], [ -66.83347, 18.20525 ], [ -66.83347, 18.20526 ], [ -66.83349, 18.20538 ], [ -66.83351, 18.2054 ], [ -66.83356, 18.20544 ], [ -66.83364, 18.20557 ], [ -66.83366, 18.20571 ], [ -66.83355, 18.2059 ], [ -66.83343, 18.20596 ], [ -66.8333, 18.20593 ], [ -66.83309, 18.20581 ], [ -66.83305, 18.20575 ], [ -66.83288, 18.20562 ], [ -66.83286, 18.2056 ], [ -66.83285, 18.20562 ], [ -66.83279, 18.20569 ], [ -66.83271, 18.20578 ], [ -66.83258, 18.20584 ], [ -66.83249, 18.20573 ], [ -66.83244, 18.20565 ], [ -66.83242, 18.20561 ], [ -66.83217, 18.20564 ], [ -66.83216, 18.20565 ], [ -66.83188, 18.20574 ], [ -66.83184, 18.20567 ], [ -66.83182, 18.20562 ], [ -66.83176, 18.20558 ], [ -66.83162, 18.20563 ], [ -66.83159, 18.20568 ], [ -66.83164, 18.20585 ], [ -66.83161, 18.20592 ], [ -66.83153, 18.20595 ], [ -66.8315, 18.20601 ], [ -66.83151, 18.20607 ], [ -66.83153, 18.20609 ], [ -66.83158, 18.20614 ], [ -66.8316, 18.2062 ], [ -66.8315, 18.20625 ], [ -66.83143, 18.20624 ], [ -66.83142, 18.20623 ], [ -66.83134, 18.20619 ], [ -66.83119, 18.20636 ], [ -66.83119, 18.20637 ], [ -66.8312, 18.20648 ], [ -66.83112, 18.20657 ], [ -66.83099, 18.20659 ], [ -66.83089, 18.20654 ], [ -66.83079, 18.20654 ], [ -66.83077, 18.20659 ], [ -66.83082, 18.20665 ], [ -66.83102, 18.20674 ], [ -66.83126, 18.20675 ], [ -66.83136, 18.20671 ], [ -66.83147, 18.20653 ], [ -66.83148, 18.20651 ], [ -66.83154, 18.2065 ], [ -66.83157, 18.20653 ], [ -66.8316, 18.20656 ], [ -66.83161, 18.20669 ], [ -66.83165, 18.20676 ], [ -66.83175, 18.2068 ], [ -66.83181, 18.20678 ], [ -66.83189, 18.20678 ], [ -66.83197, 18.20688 ], [ -66.83206, 18.20699 ], [ -66.83213, 18.20713 ], [ -66.83219, 18.20717 ], [ -66.8323, 18.20716 ], [ -66.83252, 18.20697 ], [ -66.83264, 18.20688 ], [ -66.83273, 18.20681 ], [ -66.83282, 18.20678 ], [ -66.83295, 18.20686 ], [ -66.83297, 18.20701 ], [ -66.83299, 18.20716 ], [ -66.833, 18.20735 ], [ -66.83334, 18.20744 ], [ -66.83342, 18.20758 ], [ -66.8334, 18.20783 ], [ -66.83326, 18.20803 ], [ -66.83323, 18.20808 ], [ -66.83306, 18.20813 ], [ -66.83296, 18.20803 ], [ -66.83292, 18.20789 ], [ -66.83291, 18.20783 ], [ -66.83279, 18.20774 ], [ -66.8327, 18.20773 ], [ -66.8326, 18.20772 ], [ -66.83254, 18.20768 ], [ -66.83243, 18.20762 ], [ -66.83225, 18.20764 ], [ -66.83204, 18.20786 ], [ -66.832, 18.20797 ], [ -66.83222, 18.20804 ], [ -66.83256, 18.20823 ], [ -66.83273, 18.20833 ], [ -66.83283, 18.20857 ], [ -66.83282, 18.20861 ], [ -66.83281, 18.20865 ], [ -66.8328, 18.20867 ], [ -66.83275, 18.20877 ], [ -66.83283, 18.20887 ], [ -66.83297, 18.20893 ], [ -66.83308, 18.2089 ], [ -66.83317, 18.20893 ], [ -66.83321, 18.20904 ], [ -66.83322, 18.20906 ], [ -66.83312, 18.20911 ], [ -66.8331, 18.20912 ], [ -66.83301, 18.20919 ], [ -66.83302, 18.20931 ], [ -66.83328, 18.20962 ], [ -66.83338, 18.20967 ], [ -66.83347, 18.20964 ], [ -66.83348, 18.20963 ], [ -66.83363, 18.20958 ], [ -66.83377, 18.20953 ], [ -66.83388, 18.20961 ], [ -66.8341, 18.20993 ], [ -66.83406, 18.21013 ], [ -66.83421, 18.2102 ], [ -66.83439, 18.21026 ], [ -66.83454, 18.21032 ], [ -66.83457, 18.21036 ], [ -66.83471, 18.21044 ], [ -66.83482, 18.2105 ], [ -66.83489, 18.21054 ], [ -66.835, 18.21058 ], [ -66.83509, 18.21062 ], [ -66.83514, 18.2106 ], [ -66.83518, 18.21063 ], [ -66.83522, 18.21069 ], [ -66.83532, 18.21086 ], [ -66.83536, 18.21092 ], [ -66.83548, 18.21091 ], [ -66.83559, 18.21098 ], [ -66.83569, 18.21112 ], [ -66.83576, 18.21116 ], [ -66.83594, 18.2112 ], [ -66.83599, 18.21119 ], [ -66.83617, 18.21118 ], [ -66.8363, 18.21114 ], [ -66.83652, 18.21108 ], [ -66.8367, 18.21105 ], [ -66.83695, 18.21104 ], [ -66.83705, 18.211 ], [ -66.83713, 18.21089 ], [ -66.83716, 18.21079 ], [ -66.83714, 18.21064 ], [ -66.83714, 18.21062 ], [ -66.83716, 18.21052 ], [ -66.83716, 18.21051 ], [ -66.83728, 18.21047 ], [ -66.83733, 18.21048 ], [ -66.83732, 18.21044 ], [ -66.83732, 18.21043 ], [ -66.83735, 18.21034 ], [ -66.83742, 18.2103 ], [ -66.8375, 18.21032 ], [ -66.83757, 18.21038 ], [ -66.83764, 18.2105 ], [ -66.83775, 18.21053 ], [ -66.83781, 18.21052 ], [ -66.83791, 18.21051 ], [ -66.83799, 18.21044 ], [ -66.83802, 18.21038 ], [ -66.83806, 18.21027 ], [ -66.83808, 18.21023 ], [ -66.83813, 18.2101 ], [ -66.83814, 18.21007 ], [ -66.83815, 18.21001 ], [ -66.83818, 18.2099 ], [ -66.83819, 18.20977 ], [ -66.83826, 18.20966 ], [ -66.83843, 18.20956 ], [ -66.83856, 18.20954 ], [ -66.83863, 18.20956 ], [ -66.83866, 18.20954 ], [ -66.83876, 18.20951 ], [ -66.83881, 18.20956 ], [ -66.83888, 18.2096 ], [ -66.8389, 18.20961 ], [ -66.83901, 18.2096 ], [ -66.83914, 18.20959 ], [ -66.83931, 18.20948 ], [ -66.83946, 18.20939 ], [ -66.8397, 18.20932 ], [ -66.83977, 18.20935 ], [ -66.83976, 18.20944 ], [ -66.83981, 18.20944 ], [ -66.83984, 18.20939 ], [ -66.83983, 18.20933 ], [ -66.84001, 18.20924 ], [ -66.84004, 18.20926 ], [ -66.84007, 18.20927 ], [ -66.84011, 18.20923 ], [ -66.84012, 18.20919 ], [ -66.84013, 18.20917 ], [ -66.84014, 18.20913 ], [ -66.84007, 18.20906 ], [ -66.84004, 18.20906 ], [ -66.83982, 18.20903 ], [ -66.83973, 18.20899 ], [ -66.83962, 18.20894 ], [ -66.83955, 18.20888 ], [ -66.83955, 18.20877 ], [ -66.83961, 18.20869 ], [ -66.83954, 18.20856 ], [ -66.83926, 18.20848 ], [ -66.8391, 18.20855 ] ] ] } },
{ "type": "Feature", "properties": { "gnis_name": null, "areasqkm": 0.21058039, "ftype": 390 }, "geometry": { "type": "Polygon", "coordinates": [ [ [ -66.88805, 18.04295 ], [ -66.888, 18.0429 ], [ -66.88799, 18.04285 ], [ -66.88799, 18.04272 ], [ -66.88796, 18.04263 ], [ -66.88794, 18.0426 ], [ -66.88789, 18.04256 ], [ -66.88787, 18.04251 ], [ -66.88772, 18.04251 ], [ -66.88758, 18.04251 ], [ -66.88704, 18.04251 ], [ -66.88658, 18.04227 ], [ -66.88657, 18.04231 ], [ -66.88652, 18.04232 ], [ -66.88645, 18.04236 ], [ -66.88642, 18.04237 ], [ -66.88615, 18.04248 ], [ -66.88588, 18.04258 ], [ -66.88561, 18.04271 ], [ -66.88539, 18.04278 ], [ -66.8852, 18.0428 ], [ -66.88483, 18.04273 ], [ -66.88468, 18.04263 ], [ -66.88445, 18.04234 ], [ -66.88435, 18.04217 ], [ -66.88429, 18.04205 ], [ -66.8842, 18.04202 ], [ -66.88416, 18.0421 ], [ -66.88416, 18.0422 ], [ -66.88416, 18.04233 ], [ -66.88412, 18.04248 ], [ -66.8841, 18.04254 ], [ -66.88404, 18.04263 ], [ -66.88401, 18.04273 ], [ -66.88395, 18.04281 ], [ -66.88387, 18.04288 ], [ -66.88376, 18.04292 ], [ -66.88369, 18.04294 ], [ -66.88352, 18.04295 ], [ -66.88345, 18.043 ], [ -66.88341, 18.04303 ], [ -66.88318, 18.04331 ], [ -66.88309, 18.04337 ], [ -66.88294, 18.04351 ], [ -66.88283, 18.04357 ], [ -66.8827, 18.04378 ], [ -66.88262, 18.04397 ], [ -66.88262, 18.04415 ], [ -66.88263, 18.04435 ], [ -66.8826, 18.04446 ], [ -66.88254, 18.04455 ], [ -66.88245, 18.04472 ], [ -66.88238, 18.04486 ], [ -66.88234, 18.04496 ], [ -66.88225, 18.04513 ], [ -66.88225, 18.04544 ], [ -66.88226, 18.04579 ], [ -66.88231, 18.04601 ], [ -66.88237, 18.04625 ], [ -66.88249, 18.04658 ], [ -66.88252, 18.04673 ], [ -66.88252, 18.0469 ], [ -66.88249, 18.04696 ], [ -66.88245, 18.04706 ], [ -66.88239, 18.04711 ], [ -66.88218, 18.04715 ], [ -66.882, 18.04719 ], [ -66.88193, 18.04722 ], [ -66.88176, 18.04723 ], [ -66.88159, 18.04722 ], [ -66.88138, 18.04721 ], [ -66.8813, 18.04727 ], [ -66.88106, 18.0475 ], [ -66.88102, 18.04758 ], [ -66.88101, 18.0477 ], [ -66.88102, 18.04793 ], [ -66.88099, 18.04813 ], [ -66.88099, 18.0482 ], [ -66.88103, 18.04832 ], [ -66.8811, 18.04842 ], [ -66.88117, 18.04848 ], [ -66.88119, 18.04844 ], [ -66.88109, 18.04833 ], [ -66.88107, 18.04819 ], [ -66.8811, 18.04796 ], [ -66.88105, 18.04783 ], [ -66.88109, 18.04769 ], [ -66.88116, 18.0475 ], [ -66.88125, 18.04742 ], [ -66.88132, 18.04736 ], [ -66.88141, 18.0473 ], [ -66.88146, 18.04727 ], [ -66.88151, 18.04727 ], [ -66.88154, 18.0473 ], [ -66.88152, 18.04738 ], [ -66.88142, 18.04754 ], [ -66.88138, 18.04762 ], [ -66.88132, 18.04775 ], [ -66.8813, 18.04782 ], [ -66.88133, 18.04804 ], [ -66.88131, 18.0482 ], [ -66.88135, 18.04838 ], [ -66.88149, 18.04859 ], [ -66.88172, 18.04882 ], [ -66.88188, 18.04893 ], [ -66.88206, 18.04903 ], [ -66.88231, 18.04917 ], [ -66.88254, 18.04927 ], [ -66.88274, 18.04933 ], [ -66.88291, 18.04937 ], [ -66.88322, 18.0494 ], [ -66.88334, 18.04938 ], [ -66.88357, 18.04933 ], [ -66.88367, 18.04929 ], [ -66.8838, 18.04921 ], [ -66.88391, 18.04912 ], [ -66.88396, 18.04908 ], [ -66.88409, 18.04907 ], [ -66.8843, 18.04906 ], [ -66.88442, 18.04907 ], [ -66.88462, 18.04916 ], [ -66.8848, 18.04936 ], [ -66.88486, 18.04952 ], [ -66.88486, 18.04969 ], [ -66.88482, 18.04983 ], [ -66.8847, 18.04991 ], [ -66.88446, 18.05 ], [ -66.88431, 18.05011 ], [ -66.88418, 18.05025 ], [ -66.88406, 18.05037 ], [ -66.88399, 18.0504 ], [ -66.88392, 18.05039 ], [ -66.8839, 18.05039 ], [ -66.88382, 18.05042 ], [ -66.88377, 18.05048 ], [ -66.88362, 18.05057 ], [ -66.88346, 18.05072 ], [ -66.88329, 18.05084 ], [ -66.88314, 18.05097 ], [ -66.88303, 18.05109 ], [ -66.88276, 18.05144 ], [ -66.88261, 18.05169 ], [ -66.8826, 18.05179 ], [ -66.88262, 18.05196 ], [ -66.88268, 18.05214 ], [ -66.88278, 18.05223 ], [ -66.88286, 18.05227 ], [ -66.88287, 18.05228 ], [ -66.88293, 18.05232 ], [ -66.88316, 18.05252 ], [ -66.8833, 18.05258 ], [ -66.88343, 18.05259 ], [ -66.88346, 18.05259 ], [ -66.88355, 18.05259 ], [ -66.88363, 18.05259 ], [ -66.88369, 18.0526 ], [ -66.8838, 18.05263 ], [ -66.88388, 18.05267 ], [ -66.88395, 18.05273 ], [ -66.88402, 18.05286 ], [ -66.88407, 18.05303 ], [ -66.88411, 18.05318 ], [ -66.88414, 18.05335 ], [ -66.88427, 18.05333 ], [ -66.88431, 18.05332 ], [ -66.88428, 18.05311 ], [ -66.88422, 18.05285 ], [ -66.88414, 18.05276 ], [ -66.88412, 18.05274 ], [ -66.88394, 18.05262 ], [ -66.88388, 18.05257 ], [ -66.88389, 18.05254 ], [ -66.88395, 18.05253 ], [ -66.88407, 18.05252 ], [ -66.88419, 18.05253 ], [ -66.88426, 18.05255 ], [ -66.88435, 18.05262 ], [ -66.88448, 18.0527 ], [ -66.88462, 18.05279 ], [ -66.88474, 18.05288 ], [ -66.88487, 18.05302 ], [ -66.88492, 18.05311 ], [ -66.88502, 18.05333 ], [ -66.88508, 18.05347 ], [ -66.88511, 18.05347 ], [ -66.88513, 18.05346 ], [ -66.88512, 18.05344 ], [ -66.88508, 18.05336 ], [ -66.88501, 18.05321 ], [ -66.88495, 18.05308 ], [ -66.88488, 18.05296 ], [ -66.88475, 18.05282 ], [ -66.88456, 18.05268 ], [ -66.88442, 18.05258 ], [ -66.8843, 18.05252 ], [ -66.88419, 18.05248 ], [ -66.88408, 18.05246 ], [ -66.8839, 18.05244 ], [ -66.88376, 18.05245 ], [ -66.88368, 18.05245 ], [ -66.88357, 18.05247 ], [ -66.88344, 18.05248 ], [ -66.88331, 18.05247 ], [ -66.88324, 18.05243 ], [ -66.88314, 18.05237 ], [ -66.88309, 18.05232 ], [ -66.88303, 18.05226 ], [ -66.88294, 18.05217 ], [ -66.88286, 18.0521 ], [ -66.88278, 18.05202 ], [ -66.88273, 18.05192 ], [ -66.88272, 18.05187 ], [ -66.88274, 18.05178 ], [ -66.88277, 18.05167 ], [ -66.88284, 18.05146 ], [ -66.8829, 18.05139 ], [ -66.88302, 18.0513 ], [ -66.88317, 18.05119 ], [ -66.88326, 18.05111 ], [ -66.88334, 18.051 ], [ -66.88344, 18.0509 ], [ -66.88353, 18.05085 ], [ -66.88364, 18.05078 ], [ -66.88376, 18.05068 ], [ -66.88381, 18.05065 ], [ -66.8839, 18.05058 ], [ -66.88403, 18.05047 ], [ -66.88415, 18.05036 ], [ -66.88428, 18.05025 ], [ -66.88435, 18.0502 ], [ -66.88438, 18.05018 ], [ -66.88453, 18.0501 ], [ -66.88473, 18.05002 ], [ -66.88482, 18.04995 ], [ -66.88491, 18.04984 ], [ -66.88495, 18.04968 ], [ -66.88495, 18.04952 ], [ -66.88491, 18.04934 ], [ -66.88479, 18.04918 ], [ -66.88473, 18.04912 ], [ -66.88464, 18.04903 ], [ -66.88451, 18.04894 ], [ -66.88438, 18.04887 ], [ -66.88422, 18.04878 ], [ -66.88417, 18.04879 ], [ -66.88409, 18.04882 ], [ -66.88397, 18.0489 ], [ -66.88381, 18.04903 ], [ -66.88373, 18.0491 ], [ -66.88363, 18.04916 ], [ -66.88349, 18.04922 ], [ -66.8834, 18.04925 ], [ -66.88335, 18.04928 ], [ -66.88329, 18.04928 ], [ -66.88316, 18.04926 ], [ -66.8829, 18.04923 ], [ -66.88277, 18.0492 ], [ -66.8826, 18.04914 ], [ -66.88253, 18.04908 ], [ -66.88244, 18.04903 ], [ -66.8824, 18.04904 ], [ -66.88231, 18.04898 ], [ -66.88217, 18.04889 ], [ -66.88194, 18.04875 ], [ -66.88181, 18.04865 ], [ -66.88165, 18.0485 ], [ -66.88148, 18.04834 ], [ -66.88142, 18.04824 ], [ -66.88141, 18.0481 ], [ -66.88143, 18.04805 ], [ -66.88151, 18.04788 ], [ -66.88161, 18.04766 ], [ -66.88165, 18.04752 ], [ -66.88176, 18.04742 ], [ -66.88192, 18.04737 ], [ -66.88214, 18.04737 ], [ -66.88242, 18.04737 ], [ -66.88246, 18.04735 ], [ -66.88251, 18.04735 ], [ -66.88269, 18.04743 ], [ -66.88273, 18.04748 ], [ -66.88288, 18.0475 ], [ -66.88293, 18.04753 ], [ -66.8829, 18.04759 ], [ -66.8828, 18.04765 ], [ -66.88274, 18.04767 ], [ -66.88269, 18.04766 ], [ -66.88268, 18.04769 ], [ -66.88268, 18.04775 ], [ -66.88263, 18.04776 ], [ -66.88256, 18.04779 ], [ -66.88266, 18.04779 ], [ -66.88267, 18.04783 ], [ -66.88263, 18.04787 ], [ -66.88262, 18.04791 ], [ -66.88265, 18.04794 ], [ -66.88258, 18.04795 ], [ -66.88246, 18.048 ], [ -66.88236, 18.04805 ], [ -66.88229, 18.04812 ], [ -66.88238, 18.0481 ], [ -66.88252, 18.04804 ], [ -66.88259, 18.04802 ], [ -66.88267, 18.04799 ], [ -66.88277, 18.04803 ], [ -66.88278, 18.04808 ], [ -66.88285, 18.04811 ], [ -66.88283, 18.04815 ], [ -66.88288, 18.04817 ], [ -66.88304, 18.04814 ], [ -66.88308, 18.04815 ], [ -66.88307, 18.0482 ], [ -66.88312, 18.04822 ], [ -66.88318, 18.04819 ], [ -66.88322, 18.04816 ], [ -66.88325, 18.04813 ], [ -66.88333, 18.04804 ], [ -66.88337, 18.04803 ], [ -66.88346, 18.04802 ], [ -66.88365, 18.04801 ], [ -66.88393, 18.04792 ], [ -66.88419, 18.04781 ], [ -66.88436, 18.04768 ], [ -66.88442, 18.04756 ], [ -66.88453, 18.0475 ], [ -66.88466, 18.04748 ], [ -66.88469, 18.0474 ], [ -66.88484, 18.0473 ], [ -66.88491, 18.0472 ], [ -66.88498, 18.04713 ], [ -66.8851, 18.04692 ], [ -66.88514, 18.04683 ], [ -66.88509, 18.04665 ], [ -66.88504, 18.04651 ], [ -66.88492, 18.04635 ], [ -66.88484, 18.04624 ], [ -66.88473, 18.04612 ], [ -66.88464, 18.04606 ], [ -66.88459, 18.04601 ], [ -66.88446, 18.04588 ], [ -66.88444, 18.04572 ], [ -66.88443, 18.04562 ], [ -66.88445, 18.04557 ], [ -66.88447, 18.04546 ], [ -66.88451, 18.04537 ], [ -66.88456, 18.04533 ], [ -66.88458, 18.04529 ], [ -66.88463, 18.04527 ], [ -66.88478, 18.0453 ], [ -66.88484, 18.04528 ], [ -66.88486, 18.04524 ], [ -66.88485, 18.04517 ], [ -66.88475, 18.04504 ], [ -66.88469, 18.04491 ], [ -66.88478, 18.04479 ], [ -66.88491, 18.04456 ], [ -66.885, 18.04436 ], [ -66.88522, 18.04413 ], [ -66.88531, 18.04412 ], [ -66.88538, 18.04417 ], [ -66.88549, 18.04424 ], [ -66.88559, 18.04425 ], [ -66.88566, 18.0443 ], [ -66.88572, 18.04438 ], [ -66.88584, 18.04455 ], [ -66.88589, 18.04457 ], [ -66.88595, 18.04458 ], [ -66.88597, 18.04458 ], [ -66.88602, 18.04455 ], [ -66.88606, 18.04445 ], [ -66.88606, 18.04432 ], [ -66.88601, 18.0442 ], [ -66.88601, 18.0442 ], [ -66.88599, 18.04415 ], [ -66.88599, 18.04404 ], [ -66.886, 18.04399 ], [ -66.88599, 18.04396 ], [ -66.88603, 18.04391 ], [ -66.88616, 18.04384 ], [ -66.88625, 18.04385 ], [ -66.88633, 18.04389 ], [ -66.88643, 18.04393 ], [ -66.88656, 18.0439 ], [ -66.88666, 18.0439 ], [ -66.88683, 18.04383 ], [ -66.88712, 18.04379 ], [ -66.88742, 18.04373 ], [ -66.88763, 18.04361 ], [ -66.88768, 18.04358 ], [ -66.88785, 18.04348 ], [ -66.88788, 18.04343 ], [ -66.88795, 18.04332 ], [ -66.88803, 18.04316 ], [ -66.88805, 18.04295 ] ] ] } },
{ "type": "Feature", "properties": { "gnis_name": null, "areasqkm": 1.40455556, "ftype": 390 }, "geometry": { "type": "Polygon", "coordinates": [ [ [ -66.50262, 18.10527 ], [ -66.50249, 18.10545 ], [ -66.50235, 18.10561 ], [ -66.50222, 18.10581 ], [ -66.50217, 18.1059 ], [ -66.50214, 18.10604 ], [ -66.5022, 18.10605 ], [ -66.50226, 18.10604 ], [ -66.50231, 18.10603 ], [ -66.50238, 18.10599 ], [ -66.50246, 18.10593 ], [ -66.50253, 18.10587 ], [ -66.50268, 18.1058 ], [ -66.50283, 18.10572 ], [ -66.50296, 18.10562 ], [ -66.5031, 18.1055 ], [ -66.50329, 18.10539 ], [ -66.50343, 18.10526 ], [ -66.50355, 18.10523 ], [ -66.50362, 18.10525 ], [ -66.50368, 18.10535 ], [ -66.5037, 18.10538 ], [ -66.50377, 18.10538 ], [ -66.50379, 18.10532 ], [ -66.5038, 18.10523 ], [ -66.5038, 18.10513 ], [ -66.50384, 18.10507 ], [ -66.50391, 18.10502 ], [ -66.50401, 18.10494 ], [ -66.50415, 18.10483 ], [ -66.50434, 18.10475 ], [ -66.50455, 18.10466 ], [ -66.50471, 18.10457 ], [ -66.50482, 18.10448 ], [ -66.50502, 18.1043 ], [ -66.50534, 18.1041 ], [ -66.50565, 18.1039 ], [ -66.50596, 18.10373 ], [ -66.50623, 18.10362 ], [ -66.50634, 18.10356 ], [ -66.50642, 18.10349 ], [ -66.50649, 18.10349 ], [ -66.5065, 18.10351 ], [ -66.5065, 18.10356 ], [ -66.50646, 18.10363 ], [ -66.50643, 18.10368 ], [ -66.50637, 18.10384 ], [ -66.50634, 18.10395 ], [ -66.50638, 18.10397 ], [ -66.50651, 18.10381 ], [ -66.50664, 18.10363 ], [ -66.50676, 18.10344 ], [ -66.50683, 18.10329 ], [ -66.50691, 18.10309 ], [ -66.50695, 18.10288 ], [ -66.50697, 18.10266 ], [ -66.50692, 18.10251 ], [ -66.50689, 18.10225 ], [ -66.50683, 18.10212 ], [ -66.5068, 18.10201 ], [ -66.50672, 18.10194 ], [ -66.50658, 18.10182 ], [ -66.5064, 18.10168 ], [ -66.50626, 18.10156 ], [ -66.50616, 18.10142 ], [ -66.50607, 18.10128 ], [ -66.50596, 18.10111 ], [ -66.50589, 18.101 ], [ -66.50583, 18.10092 ], [ -66.50576, 18.10087 ], [ -66.50563, 18.10081 ], [ -66.50545, 18.10074 ], [ -66.50531, 18.10065 ], [ -66.50519, 18.10059 ], [ -66.50508, 18.10045 ], [ -66.50501, 18.10024 ], [ -66.505, 18.10013 ], [ -66.505, 18.10002 ], [ -66.50502, 18.09998 ], [ -66.50508, 18.09995 ], [ -66.50515, 18.09995 ], [ -66.50521, 18.09997 ], [ -66.50529, 18.09999 ], [ -66.50537, 18.10001 ], [ -66.50543, 18.10001 ], [ -66.50551, 18.1 ], [ -66.50558, 18.09997 ], [ -66.50569, 18.09994 ], [ -66.50585, 18.09993 ], [ -66.50602, 18.0999 ], [ -66.50612, 18.0999 ], [ -66.50619, 18.09986 ], [ -66.50622, 18.09978 ], [ -66.50625, 18.0997 ], [ -66.50631, 18.09963 ], [ -66.50636, 18.09961 ], [ -66.50649, 18.09955 ], [ -66.50657, 18.09949 ], [ -66.50667, 18.09942 ], [ -66.5068, 18.0994 ], [ -66.50688, 18.0994 ], [ -66.50695, 18.09942 ], [ -66.50704, 18.09945 ], [ -66.50715, 18.09949 ], [ -66.50723, 18.09954 ], [ -66.50724, 18.09952 ], [ -66.50725, 18.09947 ], [ -66.50724, 18.09941 ], [ -66.50722, 18.09925 ], [ -66.50717, 18.09909 ], [ -66.5071, 18.0989 ], [ -66.50702, 18.09877 ], [ -66.50692, 18.09868 ], [ -66.50678, 18.09862 ], [ -66.50663, 18.09857 ], [ -66.50655, 18.0985 ], [ -66.50648, 18.09843 ], [ -66.50638, 18.09841 ], [ -66.5063, 18.09844 ], [ -66.5062, 18.09852 ], [ -66.50613, 18.09862 ], [ -66.50602, 18.09884 ], [ -66.50593, 18.099 ], [ -66.50587, 18.09907 ], [ -66.50582, 18.09906 ], [ -66.50566, 18.099 ], [ -66.50562, 18.09903 ], [ -66.50555, 18.09907 ], [ -66.50547, 18.09909 ], [ -66.50536, 18.09908 ], [ -66.50526, 18.09905 ], [ -66.50518, 18.09902 ], [ -66.50511, 18.09897 ], [ -66.50506, 18.09886 ], [ -66.50495, 18.09882 ], [ -66.50491, 18.09878 ], [ -66.50489, 18.09871 ], [ -66.50489, 18.09863 ], [ -66.5049, 18.09855 ], [ -66.50495, 18.0984 ], [ -66.50496, 18.0983 ], [ -66.50497, 18.09818 ], [ -66.505, 18.09812 ], [ -66.50505, 18.09808 ], [ -66.50512, 18.09805 ], [ -66.50522, 18.09799 ], [ -66.50529, 18.09794 ], [ -66.50531, 18.09787 ], [ -66.5053, 18.09781 ], [ -66.50528, 18.09777 ], [ -66.50524, 18.09768 ], [ -66.50513, 18.09754 ], [ -66.50506, 18.09738 ], [ -66.50504, 18.09729 ], [ -66.50506, 18.0972 ], [ -66.50509, 18.09714 ], [ -66.50516, 18.09707 ], [ -66.50519, 18.09699 ], [ -66.50518, 18.09689 ], [ -66.50518, 18.09675 ], [ -66.5052, 18.09661 ], [ -66.5052, 18.09651 ], [ -66.50523, 18.09639 ], [ -66.5053, 18.09621 ], [ -66.50536, 18.0961 ], [ -66.50544, 18.09606 ], [ -66.50552, 18.09607 ], [ -66.50556, 18.09612 ], [ -66.50562, 18.09616 ], [ -66.50568, 18.09622 ], [ -66.50574, 18.09628 ], [ -66.50585, 18.09631 ], [ -66.50592, 18.09634 ], [ -66.506, 18.0964 ], [ -66.50606, 18.09645 ], [ -66.50615, 18.09648 ], [ -66.50623, 18.09651 ], [ -66.50632, 18.0965 ], [ -66.50643, 18.0965 ], [ -66.50652, 18.09653 ], [ -66.50658, 18.09658 ], [ -66.50665, 18.09663 ], [ -66.50673, 18.09665 ], [ -66.50683, 18.09666 ], [ -66.50691, 18.09667 ], [ -66.50703, 18.09665 ], [ -66.50714, 18.09662 ], [ -66.50722, 18.09664 ], [ -66.50727, 18.09667 ], [ -66.50731, 18.0967 ], [ -66.50734, 18.09673 ], [ -66.50745, 18.09672 ], [ -66.50751, 18.09671 ], [ -66.50759, 18.09667 ], [ -66.50762, 18.09663 ], [ -66.50764, 18.09656 ], [ -66.50762, 18.09651 ], [ -66.50756, 18.09643 ], [ -66.50749, 18.0964 ], [ -66.50739, 18.09637 ], [ -66.50729, 18.09632 ], [ -66.50719, 18.09626 ], [ -66.5071, 18.0962 ], [ -66.50701, 18.09612 ], [ -66.50696, 18.09605 ], [ -66.50688, 18.09595 ], [ -66.50682, 18.09586 ], [ -66.50675, 18.09571 ], [ -66.50669, 18.0956 ], [ -66.50657, 18.09555 ], [ -66.50645, 18.09551 ], [ -66.50634, 18.09544 ], [ -66.50626, 18.0953 ], [ -66.50618, 18.09515 ], [ -66.50618, 18.09505 ], [ -66.50623, 18.09499 ], [ -66.50628, 18.09496 ], [ -66.50634, 18.09494 ], [ -66.50641, 18.09494 ], [ -66.50654, 18.09494 ], [ -66.50668, 18.09491 ], [ -66.50678, 18.09487 ], [ -66.50689, 18.09478 ], [ -66.50701, 18.09471 ], [ -66.50711, 18.09461 ], [ -66.50719, 18.09451 ], [ -66.50733, 18.09442 ], [ -66.50741, 18.09437 ], [ -66.50752, 18.09435 ], [ -66.50763, 18.09434 ], [ -66.50773, 18.0943 ], [ -66.5078, 18.09422 ], [ -66.50788, 18.09416 ], [ -66.50797, 18.09415 ], [ -66.50807, 18.09417 ], [ -66.50818, 18.0942 ], [ -66.50832, 18.0942 ], [ -66.50841, 18.09418 ], [ -66.50854, 18.09418 ], [ -66.50867, 18.0942 ], [ -66.50877, 18.09431 ], [ -66.50891, 18.09443 ], [ -66.50898, 18.09444 ], [ -66.5091, 18.09445 ], [ -66.50919, 18.09449 ], [ -66.50929, 18.09455 ], [ -66.50941, 18.09459 ], [ -66.50948, 18.09459 ], [ -66.50954, 18.09456 ], [ -66.50959, 18.09454 ], [ -66.50966, 18.09454 ], [ -66.50972, 18.09458 ], [ -66.50983, 18.09464 ], [ -66.50993, 18.09468 ], [ -66.50997, 18.09465 ], [ -66.50996, 18.09462 ], [ -66.50991, 18.09457 ], [ -66.50981, 18.09446 ], [ -66.50969, 18.09435 ], [ -66.5095, 18.09427 ], [ -66.50927, 18.09416 ], [ -66.50913, 18.09406 ], [ -66.50902, 18.09392 ], [ -66.50888, 18.09385 ], [ -66.50874, 18.09384 ], [ -66.50858, 18.09385 ], [ -66.50847, 18.09391 ], [ -66.50841, 18.09389 ], [ -66.50831, 18.09387 ], [ -66.50821, 18.09378 ], [ -66.50819, 18.09358 ], [ -66.50819, 18.09347 ], [ -66.50822, 18.09343 ], [ -66.50829, 18.0934 ], [ -66.50845, 18.09339 ], [ -66.50868, 18.09331 ], [ -66.50889, 18.09328 ], [ -66.50905, 18.09325 ], [ -66.50922, 18.0932 ], [ -66.50935, 18.09312 ], [ -66.5094, 18.09306 ], [ -66.50939, 18.093 ], [ -66.50934, 18.09297 ], [ -66.50917, 18.09296 ], [ -66.509, 18.09294 ], [ -66.50882, 18.09292 ], [ -66.50873, 18.09293 ], [ -66.50861, 18.09294 ], [ -66.50841, 18.09296 ], [ -66.50819, 18.09298 ], [ -66.50808, 18.09298 ], [ -66.50794, 18.09295 ], [ -66.50785, 18.09293 ], [ -66.50779, 18.09287 ], [ -66.50769, 18.09279 ], [ -66.5076, 18.09277 ], [ -66.50747, 18.09276 ], [ -66.50734, 18.09277 ], [ -66.50725, 18.09272 ], [ -66.50724, 18.09262 ], [ -66.50727, 18.09254 ], [ -66.50729, 18.09248 ], [ -66.50731, 18.09238 ], [ -66.50729, 18.09232 ], [ -66.50722, 18.09222 ], [ -66.50715, 18.09213 ], [ -66.50714, 18.09207 ], [ -66.50717, 18.09202 ], [ -66.50728, 18.09189 ], [ -66.50739, 18.09181 ], [ -66.50747, 18.09171 ], [ -66.50753, 18.09152 ], [ -66.50754, 18.09133 ], [ -66.50753, 18.09111 ], [ -66.5075, 18.09088 ], [ -66.50744, 18.09071 ], [ -66.5073, 18.09043 ], [ -66.50717, 18.09015 ], [ -66.50713, 18.08997 ], [ -66.50713, 18.08986 ], [ -66.50719, 18.08979 ], [ -66.50722, 18.08974 ], [ -66.50734, 18.08971 ], [ -66.50744, 18.08973 ], [ -66.50753, 18.08977 ], [ -66.50761, 18.08981 ], [ -66.50764, 18.08987 ], [ -66.50763, 18.08995 ], [ -66.50763, 18.09004 ], [ -66.50766, 18.09012 ], [ -66.50771, 18.09016 ], [ -66.50779, 18.09015 ], [ -66.50787, 18.09016 ], [ -66.50792, 18.0902 ], [ -66.50798, 18.09024 ], [ -66.50803, 18.09025 ], [ -66.50805, 18.09023 ], [ -66.50806, 18.09019 ], [ -66.50806, 18.09016 ], [ -66.50805, 18.09011 ], [ -66.50804, 18.09001 ], [ -66.50809, 18.08994 ], [ -66.50818, 18.08985 ], [ -66.50827, 18.08976 ], [ -66.50834, 18.0897 ], [ -66.50834, 18.08964 ], [ -66.50835, 18.08954 ], [ -66.50838, 18.08942 ], [ -66.50837, 18.08932 ], [ -66.50835, 18.08925 ], [ -66.5083, 18.08922 ], [ -66.50819, 18.08917 ], [ -66.50804, 18.08909 ], [ -66.50793, 18.08895 ], [ -66.50788, 18.08877 ], [ -66.50784, 18.08869 ], [ -66.50778, 18.08865 ], [ -66.50769, 18.08863 ], [ -66.50753, 18.0886 ], [ -66.50747, 18.08859 ], [ -66.50741, 18.08852 ], [ -66.50732, 18.08849 ], [ -66.50727, 18.08848 ], [ -66.50714, 18.08849 ], [ -66.50701, 18.08851 ], [ -66.50689, 18.08852 ], [ -66.50679, 18.08851 ], [ -66.50672, 18.08849 ], [ -66.50669, 18.08845 ], [ -66.50667, 18.08838 ], [ -66.50666, 18.08828 ], [ -66.5066, 18.08817 ], [ -66.50656, 18.08812 ], [ -66.50652, 18.08805 ], [ -66.50644, 18.08801 ], [ -66.50627, 18.08797 ], [ -66.50608, 18.08794 ], [ -66.50584, 18.0879 ], [ -66.50562, 18.08786 ], [ -66.50541, 18.08778 ], [ -66.50524, 18.08768 ], [ -66.50426, 18.08714 ], [ -66.50337, 18.0867 ], [ -66.50175, 18.08587 ], [ -66.50083, 18.08545 ], [ -66.50015, 18.0858 ], [ -66.50009, 18.08609 ], [ -66.50012, 18.08619 ], [ -66.50016, 18.08638 ], [ -66.50019, 18.08652 ], [ -66.50019, 18.08664 ], [ -66.50019, 18.0868 ], [ -66.50018, 18.08695 ], [ -66.50018, 18.08703 ], [ -66.50022, 18.08711 ], [ -66.50039, 18.08735 ], [ -66.5005, 18.08753 ], [ -66.50054, 18.08763 ], [ -66.50054, 18.08773 ], [ -66.50053, 18.08782 ], [ -66.50049, 18.08787 ], [ -66.50037, 18.08789 ], [ -66.50026, 18.0879 ], [ -66.50013, 18.08791 ], [ -66.50003, 18.08792 ], [ -66.49991, 18.08795 ], [ -66.49981, 18.08795 ], [ -66.49974, 18.08794 ], [ -66.49962, 18.08788 ], [ -66.49943, 18.08783 ], [ -66.49931, 18.08778 ], [ -66.49918, 18.08769 ], [ -66.49906, 18.08763 ], [ -66.49897, 18.08761 ], [ -66.49884, 18.08761 ], [ -66.49872, 18.08762 ], [ -66.49861, 18.0876 ], [ -66.4985, 18.08758 ], [ -66.49843, 18.08758 ], [ -66.49839, 18.0876 ], [ -66.49838, 18.08765 ], [ -66.49843, 18.08779 ], [ -66.49849, 18.08788 ], [ -66.49859, 18.08799 ], [ -66.49863, 18.08806 ], [ -66.49865, 18.08813 ], [ -66.49859, 18.08824 ], [ -66.49846, 18.0883 ], [ -66.49828, 18.08836 ], [ -66.49817, 18.08838 ], [ -66.49812, 18.08841 ], [ -66.4981, 18.08846 ], [ -66.49812, 18.08853 ], [ -66.49817, 18.0886 ], [ -66.49825, 18.08864 ], [ -66.49838, 18.08869 ], [ -66.49848, 18.08866 ], [ -66.49857, 18.08865 ], [ -66.49866, 18.08869 ], [ -66.49878, 18.08873 ], [ -66.49885, 18.08876 ], [ -66.4989, 18.08877 ], [ -66.49893, 18.08878 ], [ -66.49896, 18.08875 ], [ -66.49902, 18.08865 ], [ -66.49908, 18.08854 ], [ -66.49911, 18.08849 ], [ -66.49919, 18.08846 ], [ -66.49929, 18.08847 ], [ -66.49943, 18.08851 ], [ -66.49952, 18.08857 ], [ -66.49962, 18.08863 ], [ -66.4998, 18.08869 ], [ -66.49993, 18.08874 ], [ -66.50006, 18.08884 ], [ -66.50016, 18.08891 ], [ -66.50023, 18.089 ], [ -66.50028, 18.08912 ], [ -66.50032, 18.08926 ], [ -66.50034, 18.08938 ], [ -66.50034, 18.08946 ], [ -66.50032, 18.08956 ], [ -66.50029, 18.0897 ], [ -66.50019, 18.08979 ], [ -66.50008, 18.08986 ], [ -66.49999, 18.08992 ], [ -66.49998, 18.09 ], [ -66.5, 18.09009 ], [ -66.50005, 18.09014 ], [ -66.50015, 18.09021 ], [ -66.50026, 18.09023 ], [ -66.50038, 18.09025 ], [ -66.50047, 18.09026 ], [ -66.50056, 18.09028 ], [ -66.50061, 18.0903 ], [ -66.50072, 18.09036 ], [ -66.50076, 18.09042 ], [ -66.50084, 18.09051 ], [ -66.50093, 18.09056 ], [ -66.50102, 18.09061 ], [ -66.50105, 18.09064 ], [ -66.50111, 18.09068 ], [ -66.50119, 18.09067 ], [ -66.50127, 18.09065 ], [ -66.50136, 18.09066 ], [ -66.50139, 18.09067 ], [ -66.50143, 18.09069 ], [ -66.50145, 18.09072 ], [ -66.50147, 18.09077 ], [ -66.50145, 18.09083 ], [ -66.50142, 18.09098 ], [ -66.50137, 18.0911 ], [ -66.50133, 18.0912 ], [ -66.5013, 18.09129 ], [ -66.50126, 18.09134 ], [ -66.50121, 18.09136 ], [ -66.50112, 18.09135 ], [ -66.50103, 18.09127 ], [ -66.50093, 18.09119 ], [ -66.50076, 18.09108 ], [ -66.5006, 18.09103 ], [ -66.50046, 18.09099 ], [ -66.50033, 18.09088 ], [ -66.50025, 18.0908 ], [ -66.50021, 18.09078 ], [ -66.50012, 18.09077 ], [ -66.50002, 18.09081 ], [ -66.49993, 18.09085 ], [ -66.49987, 18.09089 ], [ -66.4998, 18.09088 ], [ -66.4997, 18.0909 ], [ -66.49969, 18.09097 ], [ -66.49975, 18.0911 ], [ -66.49977, 18.09117 ], [ -66.49978, 18.09124 ], [ -66.49989, 18.09125 ], [ -66.49998, 18.09126 ], [ -66.50006, 18.09129 ], [ -66.50012, 18.09132 ], [ -66.50016, 18.09134 ], [ -66.50019, 18.09143 ], [ -66.50019, 18.09152 ], [ -66.50015, 18.09164 ], [ -66.50003, 18.09174 ], [ -66.50005, 18.09179 ], [ -66.50017, 18.09177 ], [ -66.50019, 18.09194 ], [ -66.5002, 18.09205 ], [ -66.50022, 18.09213 ], [ -66.50028, 18.09215 ], [ -66.50038, 18.09215 ], [ -66.50048, 18.09218 ], [ -66.50054, 18.0922 ], [ -66.50063, 18.09226 ], [ -66.50077, 18.09237 ], [ -66.50089, 18.09247 ], [ -66.50098, 18.0925 ], [ -66.50111, 18.09251 ], [ -66.50124, 18.09252 ], [ -66.50136, 18.09249 ], [ -66.50149, 18.09243 ], [ -66.50163, 18.09238 ], [ -66.50172, 18.09234 ], [ -66.50184, 18.09236 ], [ -66.50193, 18.09238 ], [ -66.50198, 18.09241 ], [ -66.50204, 18.09246 ], [ -66.50205, 18.0925 ], [ -66.50206, 18.09258 ], [ -66.50205, 18.09269 ], [ -66.502, 18.09282 ], [ -66.50189, 18.09297 ], [ -66.50175, 18.09308 ], [ -66.50152, 18.09318 ], [ -66.50129, 18.09327 ], [ -66.50112, 18.09332 ], [ -66.50099, 18.09333 ], [ -66.50087, 18.09333 ], [ -66.50071, 18.0933 ], [ -66.50056, 18.09326 ], [ -66.50043, 18.09319 ], [ -66.50034, 18.09308 ], [ -66.50032, 18.09301 ], [ -66.50026, 18.09297 ], [ -66.50017, 18.09296 ], [ -66.50004, 18.09294 ], [ -66.49997, 18.09291 ], [ -66.49994, 18.09287 ], [ -66.4999, 18.09286 ], [ -66.49987, 18.09287 ], [ -66.49981, 18.09295 ], [ -66.49974, 18.09306 ], [ -66.49962, 18.09316 ], [ -66.49941, 18.09311 ], [ -66.49939, 18.09313 ], [ -66.49935, 18.09322 ], [ -66.49932, 18.0933 ], [ -66.49926, 18.09336 ], [ -66.49916, 18.0934 ], [ -66.49907, 18.09343 ], [ -66.49903, 18.09347 ], [ -66.49904, 18.09352 ], [ -66.49909, 18.09359 ], [ -66.49917, 18.09369 ], [ -66.49924, 18.09378 ], [ -66.49932, 18.09388 ], [ -66.49937, 18.09397 ], [ -66.4994, 18.09403 ], [ -66.49944, 18.09407 ], [ -66.49949, 18.09412 ], [ -66.49962, 18.09421 ], [ -66.49977, 18.0943 ], [ -66.49985, 18.09437 ], [ -66.49987, 18.09444 ], [ -66.49988, 18.09449 ], [ -66.49989, 18.09458 ], [ -66.49987, 18.09464 ], [ -66.49979, 18.09475 ], [ -66.49972, 18.09481 ], [ -66.49962, 18.09484 ], [ -66.4995, 18.0949 ], [ -66.49947, 18.09494 ], [ -66.49943, 18.09499 ], [ -66.49934, 18.095 ], [ -66.49927, 18.09501 ], [ -66.49923, 18.09504 ], [ -66.49925, 18.09512 ], [ -66.49924, 18.0952 ], [ -66.49919, 18.09531 ], [ -66.4991, 18.09537 ], [ -66.49904, 18.09541 ], [ -66.49901, 18.09545 ], [ -66.49899, 18.09554 ], [ -66.49898, 18.09556 ], [ -66.49892, 18.0956 ], [ -66.49891, 18.09566 ], [ -66.49895, 18.09576 ], [ -66.49896, 18.09584 ], [ -66.49895, 18.0959 ], [ -66.49889, 18.09597 ], [ -66.49883, 18.09599 ], [ -66.49874, 18.09603 ], [ -66.49869, 18.09609 ], [ -66.49865, 18.09615 ], [ -66.49861, 18.0962 ], [ -66.49855, 18.09623 ], [ -66.49846, 18.09622 ], [ -66.49837, 18.09618 ], [ -66.4983, 18.09611 ], [ -66.4982, 18.09603 ], [ -66.49815, 18.09599 ], [ -66.49811, 18.09598 ], [ -66.49806, 18.09601 ], [ -66.49806, 18.09609 ], [ -66.49807, 18.09615 ], [ -66.49804, 18.09624 ], [ -66.49792, 18.09631 ], [ -66.49774, 18.09638 ], [ -66.49757, 18.09646 ], [ -66.49742, 18.09652 ], [ -66.49734, 18.09654 ], [ -66.49725, 18.09655 ], [ -66.49711, 18.09651 ], [ -66.497, 18.09643 ], [ -66.49693, 18.09637 ], [ -66.4969, 18.09635 ], [ -66.49687, 18.09634 ], [ -66.49682, 18.09636 ], [ -66.49674, 18.09645 ], [ -66.49666, 18.0965 ], [ -66.49654, 18.09654 ], [ -66.49641, 18.09654 ], [ -66.4963, 18.09654 ], [ -66.49619, 18.09654 ], [ -66.49608, 18.09656 ], [ -66.49596, 18.09658 ], [ -66.49588, 18.09657 ], [ -66.4958, 18.09653 ], [ -66.49574, 18.09648 ], [ -66.4957, 18.09644 ], [ -66.49565, 18.09642 ], [ -66.49557, 18.09648 ], [ -66.49548, 18.09657 ], [ -66.4954, 18.09663 ], [ -66.49524, 18.09669 ], [ -66.49512, 18.0967 ], [ -66.49504, 18.09669 ], [ -66.49491, 18.09665 ], [ -66.49487, 18.09657 ], [ -66.49483, 18.09647 ], [ -66.49477, 18.0964 ], [ -66.49471, 18.09639 ], [ -66.49453, 18.09645 ], [ -66.49439, 18.09654 ], [ -66.4942, 18.0966 ], [ -66.49407, 18.09662 ], [ -66.49398, 18.0966 ], [ -66.49392, 18.09658 ], [ -66.49386, 18.0965 ], [ -66.49383, 18.09642 ], [ -66.4938, 18.09638 ], [ -66.49373, 18.09637 ], [ -66.49366, 18.09642 ], [ -66.49356, 18.0965 ], [ -66.49351, 18.09653 ], [ -66.49342, 18.09651 ], [ -66.49335, 18.09649 ], [ -66.49329, 18.09638 ], [ -66.4932, 18.09625 ], [ -66.49308, 18.09607 ], [ -66.49295, 18.09595 ], [ -66.49287, 18.09588 ], [ -66.49281, 18.09587 ], [ -66.49275, 18.09588 ], [ -66.49272, 18.09591 ], [ -66.49274, 18.09598 ], [ -66.49277, 18.09604 ], [ -66.49279, 18.0961 ], [ -66.49275, 18.09615 ], [ -66.49269, 18.09619 ], [ -66.49265, 18.09622 ], [ -66.49265, 18.09626 ], [ -66.49267, 18.09629 ], [ -66.49271, 18.09631 ], [ -66.49281, 18.09633 ], [ -66.49291, 18.09636 ], [ -66.49295, 18.09641 ], [ -66.49297, 18.09648 ], [ -66.49296, 18.09654 ], [ -66.49292, 18.09659 ], [ -66.49286, 18.09665 ], [ -66.49285, 18.09672 ], [ -66.4928, 18.09678 ], [ -66.49264, 18.09694 ], [ -66.49252, 18.09706 ], [ -66.49243, 18.09722 ], [ -66.49233, 18.09736 ], [ -66.49223, 18.09747 ], [ -66.49222, 18.0975 ], [ -66.49219, 18.09759 ], [ -66.49218, 18.09769 ], [ -66.49215, 18.09778 ], [ -66.49208, 18.09788 ], [ -66.49197, 18.09798 ], [ -66.4919, 18.09804 ], [ -66.49184, 18.09812 ], [ -66.49176, 18.09818 ], [ -66.49165, 18.09822 ], [ -66.49139, 18.09828 ], [ -66.49115, 18.09835 ], [ -66.49091, 18.09841 ], [ -66.49075, 18.09844 ], [ -66.49061, 18.09847 ], [ -66.49052, 18.09847 ], [ -66.49041, 18.09845 ], [ -66.49028, 18.09844 ], [ -66.49014, 18.09844 ], [ -66.49002, 18.09846 ], [ -66.4899, 18.09851 ], [ -66.48979, 18.09858 ], [ -66.48971, 18.09868 ], [ -66.48967, 18.09878 ], [ -66.48961, 18.09888 ], [ -66.48952, 18.09895 ], [ -66.48945, 18.09899 ], [ -66.48938, 18.09903 ], [ -66.48933, 18.09906 ], [ -66.48926, 18.09908 ], [ -66.48931, 18.09912 ], [ -66.48954, 18.09929 ], [ -66.48961, 18.09926 ], [ -66.4897, 18.0992 ], [ -66.48978, 18.09914 ], [ -66.48983, 18.09911 ], [ -66.48989, 18.09909 ], [ -66.48997, 18.09908 ], [ -66.49007, 18.09906 ], [ -66.49013, 18.09906 ], [ -66.4902, 18.09904 ], [ -66.49028, 18.09899 ], [ -66.49039, 18.09897 ], [ -66.49052, 18.09895 ], [ -66.49065, 18.09897 ], [ -66.49073, 18.09898 ], [ -66.49076, 18.09895 ], [ -66.49082, 18.0989 ], [ -66.49091, 18.09885 ], [ -66.49101, 18.09882 ], [ -66.49113, 18.09881 ], [ -66.49121, 18.09883 ], [ -66.49128, 18.09887 ], [ -66.49131, 18.0989 ], [ -66.49128, 18.09894 ], [ -66.49124, 18.099 ], [ -66.49116, 18.09908 ], [ -66.49107, 18.09915 ], [ -66.49101, 18.09917 ], [ -66.49094, 18.09919 ], [ -66.49088, 18.09923 ], [ -66.49083, 18.09927 ], [ -66.49081, 18.0993 ], [ -66.4908, 18.09934 ], [ -66.4908, 18.0994 ], [ -66.49081, 18.09946 ], [ -66.49083, 18.09949 ], [ -66.49085, 18.09951 ], [ -66.49089, 18.09953 ], [ -66.49097, 18.09954 ], [ -66.49105, 18.09954 ], [ -66.49108, 18.09951 ], [ -66.49115, 18.09944 ], [ -66.4912, 18.09938 ], [ -66.49122, 18.09934 ], [ -66.49124, 18.09923 ], [ -66.49126, 18.09916 ], [ -66.49133, 18.09907 ], [ -66.49144, 18.09897 ], [ -66.49153, 18.09887 ], [ -66.49159, 18.09879 ], [ -66.49164, 18.09877 ], [ -66.4917, 18.09873 ], [ -66.49178, 18.09872 ], [ -66.49189, 18.09868 ], [ -66.49206, 18.09867 ], [ -66.49213, 18.09865 ], [ -66.49214, 18.09865 ], [ -66.4922, 18.0986 ], [ -66.49233, 18.09853 ], [ -66.4925, 18.09846 ], [ -66.49268, 18.09843 ], [ -66.49283, 18.09839 ], [ -66.49291, 18.09842 ], [ -66.49298, 18.09847 ], [ -66.49305, 18.09857 ], [ -66.49312, 18.09868 ], [ -66.49315, 18.09877 ], [ -66.49316, 18.09889 ], [ -66.49316, 18.09904 ], [ -66.49314, 18.09914 ], [ -66.49317, 18.09916 ], [ -66.49321, 18.09914 ], [ -66.49325, 18.09912 ], [ -66.49331, 18.09907 ], [ -66.49335, 18.09897 ], [ -66.49336, 18.09889 ], [ -66.49335, 18.09883 ], [ -66.49333, 18.0987 ], [ -66.49332, 18.09861 ], [ -66.49336, 18.09855 ], [ -66.49344, 18.09848 ], [ -66.49354, 18.09844 ], [ -66.49375, 18.09835 ], [ -66.49394, 18.09828 ], [ -66.49412, 18.09824 ], [ -66.49427, 18.09817 ], [ -66.4944, 18.09808 ], [ -66.49453, 18.09797 ], [ -66.49472, 18.09786 ], [ -66.49491, 18.09777 ], [ -66.49505, 18.09773 ], [ -66.49517, 18.09773 ], [ -66.49519, 18.09769 ], [ -66.49521, 18.09766 ], [ -66.49525, 18.09759 ], [ -66.49531, 18.09754 ], [ -66.49541, 18.09754 ], [ -66.49555, 18.09757 ], [ -66.49562, 18.09766 ], [ -66.49567, 18.09771 ], [ -66.49571, 18.0977 ], [ -66.49573, 18.09767 ], [ -66.49578, 18.09759 ], [ -66.49585, 18.09751 ], [ -66.49592, 18.09749 ], [ -66.496, 18.0975 ], [ -66.49606, 18.09755 ], [ -66.49611, 18.09765 ], [ -66.49615, 18.09777 ], [ -66.49616, 18.09789 ], [ -66.49615, 18.09799 ], [ -66.49612, 18.09812 ], [ -66.49608, 18.09821 ], [ -66.49608, 18.09826 ], [ -66.4961, 18.09827 ], [ -66.49614, 18.09828 ], [ -66.49619, 18.09827 ], [ -66.49623, 18.09825 ], [ -66.49631, 18.09822 ], [ -66.49641, 18.09822 ], [ -66.49653, 18.09825 ], [ -66.49662, 18.09827 ], [ -66.49665, 18.09825 ], [ -66.49671, 18.09822 ], [ -66.49681, 18.09815 ], [ -66.49696, 18.09808 ], [ -66.49714, 18.09801 ], [ -66.49728, 18.09798 ], [ -66.49746, 18.09794 ], [ -66.49767, 18.09791 ], [ -66.4979, 18.09789 ], [ -66.49809, 18.09789 ], [ -66.49828, 18.09792 ], [ -66.49848, 18.09796 ], [ -66.49865, 18.098 ], [ -66.49874, 18.09802 ], [ -66.4988, 18.09803 ], [ -66.49885, 18.09803 ], [ -66.49895, 18.09801 ], [ -66.49912, 18.09803 ], [ -66.49921, 18.09806 ], [ -66.49924, 18.09812 ], [ -66.49926, 18.09817 ], [ -66.49935, 18.09824 ], [ -66.49941, 18.09828 ], [ -66.49942, 18.09832 ], [ -66.49939, 18.09835 ], [ -66.49935, 18.09837 ], [ -66.4993, 18.09837 ], [ -66.49918, 18.09838 ], [ -66.49905, 18.0984 ], [ -66.499, 18.09842 ], [ -66.49896, 18.09848 ], [ -66.49892, 18.09854 ], [ -66.49888, 18.09857 ], [ -66.49883, 18.09858 ], [ -66.49879, 18.0986 ], [ -66.49877, 18.09864 ], [ -66.49869, 18.0987 ], [ -66.49865, 18.09875 ], [ -66.49859, 18.09876 ], [ -66.49854, 18.09876 ], [ -66.49847, 18.09873 ], [ -66.49837, 18.0987 ], [ -66.49826, 18.09865 ], [ -66.49818, 18.09864 ], [ -66.49812, 18.09866 ], [ -66.49807, 18.0987 ], [ -66.49801, 18.09878 ], [ -66.49795, 18.09883 ], [ -66.4979, 18.09887 ], [ -66.49789, 18.09891 ], [ -66.49791, 18.09897 ], [ -66.49789, 18.09904 ], [ -66.49787, 18.09914 ], [ -66.49784, 18.09922 ], [ -66.49786, 18.09924 ], [ -66.49788, 18.09925 ], [ -66.49792, 18.09923 ], [ -66.49797, 18.09918 ], [ -66.49807, 18.09912 ], [ -66.49817, 18.09908 ], [ -66.49828, 18.09908 ], [ -66.49834, 18.0991 ], [ -66.49839, 18.09914 ], [ -66.49845, 18.09915 ], [ -66.49854, 18.09915 ], [ -66.49867, 18.09913 ], [ -66.49882, 18.09911 ], [ -66.49895, 18.09911 ], [ -66.49902, 18.09913 ], [ -66.49905, 18.09918 ], [ -66.49913, 18.09927 ], [ -66.49916, 18.09937 ], [ -66.49919, 18.09944 ], [ -66.49922, 18.09944 ], [ -66.49928, 18.09942 ], [ -66.49934, 18.09939 ], [ -66.49934, 18.09935 ], [ -66.49937, 18.09928 ], [ -66.4994, 18.0992 ], [ -66.49946, 18.0991 ], [ -66.49952, 18.09905 ], [ -66.49962, 18.09899 ], [ -66.49977, 18.09897 ], [ -66.4999, 18.09897 ], [ -66.50008, 18.09895 ], [ -66.50019, 18.09896 ], [ -66.5003, 18.09898 ], [ -66.50037, 18.09903 ], [ -66.50044, 18.09913 ], [ -66.50048, 18.09921 ], [ -66.50049, 18.09933 ], [ -66.50047, 18.0995 ], [ -66.50046, 18.0997 ], [ -66.50044, 18.09986 ], [ -66.50044, 18.1 ], [ -66.50047, 18.1001 ], [ -66.50055, 18.10023 ], [ -66.5006, 18.10041 ], [ -66.5006, 18.10058 ], [ -66.50061, 18.10068 ], [ -66.50059, 18.10079 ], [ -66.50055, 18.1009 ], [ -66.50046, 18.10102 ], [ -66.50032, 18.10116 ], [ -66.50016, 18.10128 ], [ -66.5001, 18.10134 ], [ -66.50011, 18.10139 ], [ -66.50014, 18.1014 ], [ -66.50024, 18.10139 ], [ -66.5004, 18.10136 ], [ -66.50061, 18.10131 ], [ -66.50077, 18.10125 ], [ -66.5009, 18.10116 ], [ -66.50098, 18.10099 ], [ -66.50103, 18.10088 ], [ -66.50108, 18.1007 ], [ -66.50109, 18.10048 ], [ -66.5011, 18.1002 ], [ -66.50113, 18.10003 ], [ -66.50118, 18.09992 ], [ -66.50131, 18.09978 ], [ -66.50141, 18.09973 ], [ -66.50152, 18.09972 ], [ -66.50162, 18.09974 ], [ -66.50174, 18.09978 ], [ -66.50183, 18.09989 ], [ -66.50196, 18.10002 ], [ -66.50203, 18.10015 ], [ -66.50205, 18.10031 ], [ -66.50208, 18.10051 ], [ -66.50207, 18.1006 ], [ -66.50211, 18.10067 ], [ -66.50218, 18.10077 ], [ -66.50223, 18.1009 ], [ -66.50224, 18.10101 ], [ -66.50223, 18.10106 ], [ -66.50224, 18.1011 ], [ -66.50228, 18.10112 ], [ -66.50234, 18.1011 ], [ -66.5024, 18.10112 ], [ -66.50243, 18.10116 ], [ -66.50245, 18.10124 ], [ -66.50248, 18.10128 ], [ -66.50253, 18.10131 ], [ -66.50258, 18.10131 ], [ -66.50272, 18.10129 ], [ -66.50284, 18.10128 ], [ -66.50291, 18.10131 ], [ -66.50293, 18.10136 ], [ -66.50295, 18.10143 ], [ -66.50295, 18.10156 ], [ -66.50292, 18.10171 ], [ -66.50292, 18.10179 ], [ -66.50295, 18.10184 ], [ -66.50311, 18.10192 ], [ -66.50321, 18.10196 ], [ -66.5033, 18.10199 ], [ -66.50337, 18.10194 ], [ -66.50349, 18.10188 ], [ -66.50352, 18.10182 ], [ -66.50353, 18.10176 ], [ -66.50349, 18.10172 ], [ -66.50343, 18.10172 ], [ -66.50333, 18.10171 ], [ -66.50324, 18.10166 ], [ -66.50323, 18.10162 ], [ -66.50321, 18.10155 ], [ -66.50322, 18.10149 ], [ -66.50327, 18.10144 ], [ -66.5034, 18.10137 ], [ -66.50357, 18.10132 ], [ -66.50373, 18.10133 ], [ -66.5039, 18.10137 ], [ -66.50409, 18.10144 ], [ -66.50425, 18.10154 ], [ -66.50435, 18.10161 ], [ -66.50436, 18.10167 ], [ -66.50436, 18.10174 ], [ -66.50434, 18.10181 ], [ -66.50431, 18.10187 ], [ -66.50426, 18.10197 ], [ -66.50422, 18.1021 ], [ -66.50421, 18.10221 ], [ -66.50423, 18.10232 ], [ -66.50426, 18.1024 ], [ -66.50435, 18.10259 ], [ -66.50446, 18.1027 ], [ -66.50461, 18.10286 ], [ -66.50472, 18.103 ], [ -66.50478, 18.10313 ], [ -66.50481, 18.10329 ], [ -66.50481, 18.10343 ], [ -66.5048, 18.10352 ], [ -66.50475, 18.10361 ], [ -66.5047, 18.10367 ], [ -66.50459, 18.10379 ], [ -66.50439, 18.10399 ], [ -66.50411, 18.10421 ], [ -66.50373, 18.10444 ], [ -66.5033, 18.10466 ], [ -66.50303, 18.10481 ], [ -66.50284, 18.10496 ], [ -66.50275, 18.10511 ], [ -66.50262, 18.10527 ] ], [ [ -66.50269, 18.09309 ], [ -66.50262, 18.09311 ], [ -66.50251, 18.09319 ], [ -66.50243, 18.09322 ], [ -66.50237, 18.09326 ], [ -66.50231, 18.09326 ], [ -66.50223, 18.09322 ], [ -66.5022, 18.09316 ], [ -66.50216, 18.09306 ], [ -66.50215, 18.09297 ], [ -66.50217, 18.09287 ], [ -66.5022, 18.09274 ], [ -66.50226, 18.09265 ], [ -66.50237, 18.09254 ], [ -66.5025, 18.09244 ], [ -66.50258, 18.09239 ], [ -66.50271, 18.09235 ], [ -66.50281, 18.09231 ], [ -66.50288, 18.0923 ], [ -66.50301, 18.09229 ], [ -66.50309, 18.09229 ], [ -66.50318, 18.09228 ], [ -66.50324, 18.09227 ], [ -66.50334, 18.09224 ], [ -66.50341, 18.09223 ], [ -66.50352, 18.09223 ], [ -66.50359, 18.09225 ], [ -66.50363, 18.0923 ], [ -66.50367, 18.09238 ], [ -66.50369, 18.09247 ], [ -66.5037, 18.09253 ], [ -66.5037, 18.09257 ], [ -66.50369, 18.09265 ], [ -66.50364, 18.09273 ], [ -66.50357, 18.09278 ], [ -66.50346, 18.09285 ], [ -66.50332, 18.09292 ], [ -66.50323, 18.09298 ], [ -66.50314, 18.09304 ], [ -66.50308, 18.09308 ], [ -66.50299, 18.09308 ], [ -66.50289, 18.09308 ], [ -66.5028, 18.09308 ], [ -66.50269, 18.09309 ] ], [ [ -66.50382, 18.09283 ], [ -66.50381, 18.09282 ], [ -66.50379, 18.09277 ], [ -66.50379, 18.09273 ], [ -66.50382, 18.09265 ], [ -66.50385, 18.09261 ], [ -66.50391, 18.09261 ], [ -66.50401, 18.0926 ], [ -66.50408, 18.09261 ], [ -66.5041, 18.09263 ], [ -66.50411, 18.09265 ], [ -66.50411, 18.09269 ], [ -66.50409, 18.09274 ], [ -66.50405, 18.09278 ], [ -66.50397, 18.09281 ], [ -66.50389, 18.09283 ], [ -66.50384, 18.09284 ], [ -66.50382, 18.09283 ] ], [ [ -66.50278, 18.09093 ], [ -66.50282, 18.09096 ], [ -66.50283, 18.09099 ], [ -66.50283, 18.09104 ], [ -66.50282, 18.09107 ], [ -66.50278, 18.09108 ], [ -66.50272, 18.09108 ], [ -66.5027, 18.09105 ], [ -66.50268, 18.09103 ], [ -66.50268, 18.09099 ], [ -66.50269, 18.09096 ], [ -66.5027, 18.09094 ], [ -66.50274, 18.09092 ], [ -66.50278, 18.09093 ] ] ] } },
{ "type": "Feature", "properties": { "gnis_name": "Lago de Matrullas", "areasqkm": 0.24715288, "ftype": 390 }, "geometry": { "type": "Polygon", "coordinates": [ [ [ -66.47876, 18.20103 ], [ -66.47874, 18.20108 ], [ -66.4787, 18.20126 ], [ -66.47868, 18.20142 ], [ -66.47869, 18.20154 ], [ -66.47873, 18.20169 ], [ -66.47877, 18.20181 ], [ -66.47877, 18.20196 ], [ -66.4788, 18.20215 ], [ -66.47882, 18.2023 ], [ -66.47884, 18.2024 ], [ -66.47882, 18.20246 ], [ -66.47878, 18.2025 ], [ -66.47872, 18.20254 ], [ -66.47866, 18.20256 ], [ -66.47854, 18.20263 ], [ -66.47851, 18.20267 ], [ -66.47852, 18.20272 ], [ -66.47863, 18.20273 ], [ -66.47887, 18.20275 ], [ -66.47896, 18.20277 ], [ -66.479, 18.20281 ], [ -66.47903, 18.20288 ], [ -66.47905, 18.20296 ], [ -66.47905, 18.20306 ], [ -66.47902, 18.20319 ], [ -66.479, 18.20329 ], [ -66.47902, 18.20336 ], [ -66.47906, 18.2035 ], [ -66.47908, 18.20361 ], [ -66.47911, 18.20372 ], [ -66.47915, 18.20382 ], [ -66.47916, 18.20396 ], [ -66.47916, 18.20409 ], [ -66.47912, 18.20421 ], [ -66.47909, 18.20438 ], [ -66.47907, 18.20463 ], [ -66.47907, 18.20478 ], [ -66.47897, 18.2051 ], [ -66.47894, 18.20528 ], [ -66.47891, 18.20537 ], [ -66.47886, 18.20549 ], [ -66.47873, 18.20544 ], [ -66.47862, 18.20555 ], [ -66.47851, 18.20572 ], [ -66.47849, 18.20588 ], [ -66.47851, 18.20593 ], [ -66.47852, 18.20598 ], [ -66.47846, 18.20606 ], [ -66.47841, 18.20615 ], [ -66.47842, 18.20619 ], [ -66.47849, 18.20621 ], [ -66.47853, 18.20618 ], [ -66.47857, 18.20616 ], [ -66.47867, 18.20617 ], [ -66.4787, 18.2062 ], [ -66.47871, 18.20628 ], [ -66.47867, 18.20636 ], [ -66.4786, 18.20646 ], [ -66.47852, 18.2065 ], [ -66.47849, 18.20654 ], [ -66.4785, 18.20659 ], [ -66.47855, 18.20663 ], [ -66.47862, 18.20673 ], [ -66.47868, 18.2069 ], [ -66.47871, 18.20704 ], [ -66.47871, 18.20735 ], [ -66.47866, 18.20747 ], [ -66.47858, 18.20751 ], [ -66.47855, 18.20757 ], [ -66.47855, 18.20762 ], [ -66.47855, 18.20771 ], [ -66.47851, 18.20778 ], [ -66.47841, 18.20779 ], [ -66.47831, 18.20779 ], [ -66.47819, 18.20781 ], [ -66.4781, 18.20784 ], [ -66.47808, 18.20785 ], [ -66.47806, 18.20789 ], [ -66.47798, 18.2079 ], [ -66.47793, 18.20788 ], [ -66.47786, 18.20784 ], [ -66.47775, 18.20782 ], [ -66.47765, 18.20784 ], [ -66.47759, 18.20787 ], [ -66.47749, 18.20787 ], [ -66.47745, 18.20791 ], [ -66.47741, 18.20795 ], [ -66.47742, 18.20801 ], [ -66.47744, 18.20806 ], [ -66.47749, 18.20808 ], [ -66.47757, 18.20811 ], [ -66.47761, 18.20812 ], [ -66.47765, 18.20816 ], [ -66.4777, 18.20818 ], [ -66.47775, 18.20817 ], [ -66.47782, 18.20818 ], [ -66.47787, 18.2082 ], [ -66.47791, 18.20828 ], [ -66.47796, 18.20832 ], [ -66.478, 18.20837 ], [ -66.47807, 18.20836 ], [ -66.47807, 18.20839 ], [ -66.47806, 18.20843 ], [ -66.47814, 18.2084 ], [ -66.4782, 18.20836 ], [ -66.47828, 18.20834 ], [ -66.47835, 18.20842 ], [ -66.47839, 18.20845 ], [ -66.47849, 18.20849 ], [ -66.47858, 18.20848 ], [ -66.47867, 18.20841 ], [ -66.47876, 18.20836 ], [ -66.47883, 18.20832 ], [ -66.47894, 18.20831 ], [ -66.47901, 18.20836 ], [ -66.47905, 18.20843 ], [ -66.47905, 18.20848 ], [ -66.47909, 18.20852 ], [ -66.47913, 18.20859 ], [ -66.47912, 18.20862 ], [ -66.4791, 18.20863 ], [ -66.47908, 18.20865 ], [ -66.47902, 18.20869 ], [ -66.47894, 18.20869 ], [ -66.4788, 18.20865 ], [ -66.47871, 18.20865 ], [ -66.47866, 18.2087 ], [ -66.47864, 18.20876 ], [ -66.47865, 18.20884 ], [ -66.4786, 18.20892 ], [ -66.47853, 18.209 ], [ -66.47846, 18.20906 ], [ -66.47843, 18.20916 ], [ -66.47829, 18.20927 ], [ -66.47816, 18.20927 ], [ -66.47806, 18.20924 ], [ -66.47801, 18.20926 ], [ -66.47798, 18.20932 ], [ -66.47794, 18.20939 ], [ -66.47797, 18.20951 ], [ -66.47796, 18.2097 ], [ -66.4779, 18.20977 ], [ -66.47784, 18.20981 ], [ -66.47775, 18.20982 ], [ -66.47768, 18.20984 ], [ -66.47766, 18.20986 ], [ -66.47765, 18.20991 ], [ -66.47762, 18.20996 ], [ -66.47747, 18.21004 ], [ -66.4774, 18.21008 ], [ -66.47727, 18.21012 ], [ -66.47728, 18.21018 ], [ -66.47734, 18.2102 ], [ -66.47737, 18.21019 ], [ -66.47745, 18.21016 ], [ -66.47759, 18.21015 ], [ -66.47765, 18.21018 ], [ -66.47768, 18.2102 ], [ -66.4777, 18.21023 ], [ -66.47769, 18.21029 ], [ -66.47772, 18.21031 ], [ -66.47773, 18.21028 ], [ -66.47778, 18.21024 ], [ -66.47787, 18.21021 ], [ -66.47791, 18.21011 ], [ -66.47799, 18.21007 ], [ -66.47805, 18.21006 ], [ -66.47811, 18.21004 ], [ -66.4782, 18.21003 ], [ -66.47831, 18.21005 ], [ -66.47836, 18.21004 ], [ -66.47844, 18.21007 ], [ -66.47854, 18.21011 ], [ -66.47861, 18.2102 ], [ -66.47862, 18.21026 ], [ -66.47864, 18.21042 ], [ -66.47866, 18.21057 ], [ -66.47873, 18.21073 ], [ -66.47879, 18.21081 ], [ -66.47884, 18.21085 ], [ -66.47891, 18.21091 ], [ -66.47912, 18.21099 ], [ -66.47923, 18.21098 ], [ -66.47929, 18.21096 ], [ -66.47929, 18.21095 ], [ -66.48018, 18.21039 ], [ -66.48097, 18.20994 ], [ -66.48101, 18.20987 ], [ -66.48104, 18.20978 ], [ -66.48106, 18.2097 ], [ -66.48104, 18.20956 ], [ -66.4811, 18.2095 ], [ -66.48119, 18.20951 ], [ -66.4812, 18.20948 ], [ -66.48117, 18.20943 ], [ -66.48115, 18.20937 ], [ -66.48117, 18.2093 ], [ -66.48122, 18.20928 ], [ -66.48127, 18.20932 ], [ -66.48128, 18.20929 ], [ -66.48128, 18.20921 ], [ -66.48131, 18.20916 ], [ -66.48136, 18.20908 ], [ -66.48139, 18.20901 ], [ -66.48144, 18.20898 ], [ -66.48144, 18.20893 ], [ -66.4814, 18.20893 ], [ -66.48124, 18.20892 ], [ -66.48122, 18.20893 ], [ -66.48115, 18.20896 ], [ -66.48108, 18.209 ], [ -66.481, 18.20903 ], [ -66.48092, 18.20901 ], [ -66.48089, 18.20897 ], [ -66.48088, 18.20888 ], [ -66.48089, 18.20878 ], [ -66.48091, 18.20866 ], [ -66.48095, 18.20847 ], [ -66.48094, 18.20838 ], [ -66.48089, 18.20826 ], [ -66.48087, 18.20815 ], [ -66.48087, 18.20808 ], [ -66.48091, 18.208 ], [ -66.48099, 18.20794 ], [ -66.48106, 18.20797 ], [ -66.48109, 18.20779 ], [ -66.48105, 18.20779 ], [ -66.4811, 18.20762 ], [ -66.48115, 18.20756 ], [ -66.48123, 18.20754 ], [ -66.48127, 18.20751 ], [ -66.48131, 18.20744 ], [ -66.4813, 18.20738 ], [ -66.48126, 18.20735 ], [ -66.4812, 18.20732 ], [ -66.48114, 18.20727 ], [ -66.4811, 18.20724 ], [ -66.48106, 18.20727 ], [ -66.48096, 18.20726 ], [ -66.4809, 18.20722 ], [ -66.48087, 18.20716 ], [ -66.48085, 18.20708 ], [ -66.48086, 18.207 ], [ -66.48085, 18.20696 ], [ -66.48081, 18.20694 ], [ -66.48078, 18.20686 ], [ -66.48078, 18.20678 ], [ -66.4808, 18.20673 ], [ -66.4808, 18.2067 ], [ -66.48078, 18.20667 ], [ -66.48074, 18.20665 ], [ -66.48073, 18.20661 ], [ -66.48074, 18.20655 ], [ -66.48075, 18.20647 ], [ -66.48077, 18.20639 ], [ -66.48083, 18.20626 ], [ -66.48089, 18.2062 ], [ -66.48098, 18.20615 ], [ -66.48102, 18.20611 ], [ -66.48106, 18.20607 ], [ -66.48108, 18.20602 ], [ -66.48114, 18.20599 ], [ -66.48114, 18.20596 ], [ -66.48111, 18.20593 ], [ -66.48105, 18.20594 ], [ -66.481, 18.20593 ], [ -66.48096, 18.2059 ], [ -66.48094, 18.20585 ], [ -66.48091, 18.20583 ], [ -66.48089, 18.20578 ], [ -66.4809, 18.20573 ], [ -66.48093, 18.20568 ], [ -66.48096, 18.20564 ], [ -66.48094, 18.2056 ], [ -66.48095, 18.20552 ], [ -66.481, 18.20544 ], [ -66.48101, 18.20538 ], [ -66.481, 18.20532 ], [ -66.48101, 18.20524 ], [ -66.48107, 18.20518 ], [ -66.48116, 18.20512 ], [ -66.48111, 18.20507 ], [ -66.48104, 18.20504 ], [ -66.48096, 18.205 ], [ -66.48087, 18.20497 ], [ -66.48084, 18.20494 ], [ -66.48085, 18.20492 ], [ -66.48089, 18.2049 ], [ -66.48089, 18.20487 ], [ -66.48087, 18.2048 ], [ -66.48086, 18.20475 ], [ -66.48078, 18.20468 ], [ -66.48074, 18.20463 ], [ -66.4807, 18.2046 ], [ -66.48061, 18.20458 ], [ -66.48057, 18.20451 ], [ -66.48053, 18.20445 ], [ -66.48051, 18.20438 ], [ -66.4805, 18.20434 ], [ -66.48048, 18.2043 ], [ -66.4804, 18.20424 ], [ -66.48027, 18.20411 ], [ -66.48022, 18.20404 ], [ -66.48022, 18.20394 ], [ -66.48026, 18.20371 ], [ -66.4803, 18.20358 ], [ -66.48033, 18.20343 ], [ -66.48033, 18.20338 ], [ -66.48035, 18.20334 ], [ -66.48036, 18.20331 ], [ -66.48034, 18.20328 ], [ -66.4803, 18.20327 ], [ -66.48028, 18.20323 ], [ -66.48024, 18.2032 ], [ -66.48023, 18.20316 ], [ -66.48021, 18.2031 ], [ -66.48022, 18.20301 ], [ -66.48023, 18.20292 ], [ -66.48022, 18.20286 ], [ -66.48026, 18.20279 ], [ -66.48029, 18.20276 ], [ -66.4803, 18.20269 ], [ -66.48031, 18.20263 ], [ -66.48039, 18.20258 ], [ -66.48041, 18.20256 ], [ -66.48048, 18.20253 ], [ -66.48068, 18.20252 ], [ -66.48083, 18.20255 ], [ -66.48089, 18.20251 ], [ -66.48091, 18.20247 ], [ -66.48087, 18.20241 ], [ -66.48079, 18.20238 ], [ -66.48068, 18.2023 ], [ -66.4806, 18.2022 ], [ -66.48051, 18.20213 ], [ -66.48045, 18.2021 ], [ -66.48035, 18.20211 ], [ -66.48019, 18.20208 ], [ -66.48005, 18.20202 ], [ -66.47992, 18.20193 ], [ -66.47984, 18.20186 ], [ -66.47976, 18.20177 ], [ -66.47963, 18.20169 ], [ -66.47957, 18.20155 ], [ -66.47956, 18.20137 ], [ -66.47962, 18.20117 ], [ -66.47959, 18.20113 ], [ -66.47951, 18.20112 ], [ -66.47943, 18.20109 ], [ -66.47938, 18.20103 ], [ -66.47932, 18.20089 ], [ -66.47929, 18.20077 ], [ -66.47928, 18.20066 ], [ -66.47932, 18.20059 ], [ -66.47937, 18.20057 ], [ -66.47937, 18.20053 ], [ -66.47934, 18.20053 ], [ -66.47932, 18.20049 ], [ -66.47933, 18.20044 ], [ -66.47935, 18.20037 ], [ -66.47939, 18.20024 ], [ -66.47945, 18.20013 ], [ -66.47957, 18.20005 ], [ -66.47958, 18.20001 ], [ -66.47953, 18.19999 ], [ -66.47948, 18.2 ], [ -66.47945, 18.20001 ], [ -66.47941, 18.19998 ], [ -66.4794, 18.19994 ], [ -66.47942, 18.19991 ], [ -66.47941, 18.19988 ], [ -66.47937, 18.19987 ], [ -66.47935, 18.19982 ], [ -66.47932, 18.19968 ], [ -66.47931, 18.19955 ], [ -66.47928, 18.19942 ], [ -66.47925, 18.19928 ], [ -66.47925, 18.19923 ], [ -66.47926, 18.19916 ], [ -66.47928, 18.19908 ], [ -66.47928, 18.19897 ], [ -66.47928, 18.19877 ], [ -66.47928, 18.19862 ], [ -66.47932, 18.19855 ], [ -66.47939, 18.19851 ], [ -66.47947, 18.1985 ], [ -66.4796, 18.19847 ], [ -66.47967, 18.19849 ], [ -66.47969, 18.19856 ], [ -66.47972, 18.19861 ], [ -66.47979, 18.19865 ], [ -66.47989, 18.19863 ], [ -66.47996, 18.19862 ], [ -66.48001, 18.19861 ], [ -66.48005, 18.19859 ], [ -66.48011, 18.19848 ], [ -66.48011, 18.19842 ], [ -66.48008, 18.19829 ], [ -66.48004, 18.19817 ], [ -66.48004, 18.19809 ], [ -66.48002, 18.19796 ], [ -66.48001, 18.19781 ], [ -66.47998, 18.1977 ], [ -66.48, 18.19756 ], [ -66.48, 18.19743 ], [ -66.48001, 18.19727 ], [ -66.48001, 18.19722 ], [ -66.47997, 18.19715 ], [ -66.47985, 18.19681 ], [ -66.47977, 18.19658 ], [ -66.47977, 18.19657 ], [ -66.47975, 18.19645 ], [ -66.47971, 18.19637 ], [ -66.47965, 18.19636 ], [ -66.47963, 18.1964 ], [ -66.47965, 18.19649 ], [ -66.47969, 18.19656 ], [ -66.4797, 18.19662 ], [ -66.4797, 18.19665 ], [ -66.47974, 18.19682 ], [ -66.47981, 18.197 ], [ -66.47987, 18.1971 ], [ -66.47988, 18.19722 ], [ -66.4799, 18.19738 ], [ -66.4799, 18.19786 ], [ -66.47987, 18.19798 ], [ -66.47989, 18.19803 ], [ -66.47992, 18.19808 ], [ -66.47992, 18.19816 ], [ -66.47997, 18.19826 ], [ -66.47998, 18.19833 ], [ -66.47997, 18.19843 ], [ -66.47994, 18.19851 ], [ -66.47989, 18.19855 ], [ -66.47986, 18.19857 ], [ -66.47981, 18.19856 ], [ -66.47975, 18.19849 ], [ -66.47969, 18.19842 ], [ -66.4796, 18.19837 ], [ -66.47952, 18.19832 ], [ -66.47949, 18.19831 ], [ -66.47942, 18.19831 ], [ -66.47939, 18.19829 ], [ -66.47935, 18.19826 ], [ -66.47934, 18.19822 ], [ -66.47932, 18.19818 ], [ -66.47931, 18.19816 ], [ -66.47935, 18.19815 ], [ -66.4794, 18.1982 ], [ -66.47946, 18.19821 ], [ -66.4795, 18.19818 ], [ -66.47958, 18.19819 ], [ -66.47963, 18.19824 ], [ -66.47967, 18.19823 ], [ -66.47971, 18.19818 ], [ -66.4797, 18.19809 ], [ -66.47962, 18.19795 ], [ -66.47963, 18.19784 ], [ -66.47961, 18.19769 ], [ -66.47957, 18.19766 ], [ -66.47956, 18.19751 ], [ -66.47953, 18.19739 ], [ -66.47943, 18.19744 ], [ -66.47935, 18.19761 ], [ -66.4793, 18.19773 ], [ -66.47934, 18.19785 ], [ -66.47935, 18.1979 ], [ -66.47931, 18.1979 ], [ -66.47922, 18.19793 ], [ -66.47922, 18.19802 ], [ -66.47925, 18.19809 ], [ -66.47926, 18.19815 ], [ -66.47929, 18.19821 ], [ -66.47929, 18.19826 ], [ -66.47932, 18.1983 ], [ -66.47934, 18.19832 ], [ -66.47937, 18.19836 ], [ -66.47936, 18.1984 ], [ -66.47927, 18.19846 ], [ -66.4792, 18.1985 ], [ -66.47918, 18.19854 ], [ -66.47911, 18.19852 ], [ -66.47908, 18.19856 ], [ -66.47909, 18.19862 ], [ -66.47907, 18.19873 ], [ -66.47902, 18.19881 ], [ -66.47891, 18.19889 ], [ -66.47889, 18.19893 ], [ -66.47875, 18.19896 ], [ -66.47871, 18.199 ], [ -66.47884, 18.19901 ], [ -66.47894, 18.19904 ], [ -66.479, 18.19908 ], [ -66.47905, 18.19915 ], [ -66.47904, 18.19918 ], [ -66.47902, 18.19941 ], [ -66.47902, 18.19963 ], [ -66.47898, 18.19977 ], [ -66.47896, 18.1999 ], [ -66.47888, 18.19996 ], [ -66.47881, 18.2 ], [ -66.47886, 18.20006 ], [ -66.47893, 18.20017 ], [ -66.47891, 18.20032 ], [ -66.47888, 18.20038 ], [ -66.47886, 18.20039 ], [ -66.47875, 18.20048 ], [ -66.47867, 18.20048 ], [ -66.47861, 18.2005 ], [ -66.47864, 18.20055 ], [ -66.47875, 18.20069 ], [ -66.47877, 18.20083 ], [ -66.47876, 18.20103 ] ] ] } },
{ "type": "Feature", "properties": { "gnis_name": null, "areasqkm": 2.37, "ftype": 390 }, "geometry": { "type": "Polygon", "coordinates": [ [ [ -66.46122, 18.10209 ], [ -66.46152, 18.10228 ], [ -66.46153, 18.10227 ], [ -66.46156, 18.10224 ], [ -66.46161, 18.10222 ], [ -66.46168, 18.10222 ], [ -66.46178, 18.10223 ], [ -66.46188, 18.10225 ], [ -66.46196, 18.10227 ], [ -66.46203, 18.10226 ], [ -66.4621, 18.10224 ], [ -66.46219, 18.10222 ], [ -66.4623, 18.10224 ], [ -66.4624, 18.10226 ], [ -66.46242, 18.10224 ], [ -66.46245, 18.1022 ], [ -66.46248, 18.1021 ], [ -66.46253, 18.10203 ], [ -66.4626, 18.10203 ], [ -66.46263, 18.10201 ], [ -66.46266, 18.10199 ], [ -66.46272, 18.10194 ], [ -66.46277, 18.10194 ], [ -66.46285, 18.10199 ], [ -66.46289, 18.10202 ], [ -66.46295, 18.10206 ], [ -66.46302, 18.10205 ], [ -66.46309, 18.10204 ], [ -66.46325, 18.10202 ], [ -66.4634, 18.102 ], [ -66.46355, 18.10198 ], [ -66.46369, 18.10197 ], [ -66.46377, 18.102 ], [ -66.46385, 18.10204 ], [ -66.46392, 18.10212 ], [ -66.46398, 18.10222 ], [ -66.46401, 18.10233 ], [ -66.46401, 18.10245 ], [ -66.46399, 18.10262 ], [ -66.46394, 18.10272 ], [ -66.46387, 18.10283 ], [ -66.4638, 18.10292 ], [ -66.46368, 18.10302 ], [ -66.46359, 18.10311 ], [ -66.4636, 18.10316 ], [ -66.46362, 18.10318 ], [ -66.46367, 18.10318 ], [ -66.46374, 18.10319 ], [ -66.46384, 18.10318 ], [ -66.46393, 18.10317 ], [ -66.46404, 18.1032 ], [ -66.46414, 18.10326 ], [ -66.46419, 18.10335 ], [ -66.46419, 18.10344 ], [ -66.46416, 18.10353 ], [ -66.46412, 18.10364 ], [ -66.46405, 18.10372 ], [ -66.464, 18.10375 ], [ -66.4639, 18.10378 ], [ -66.46386, 18.10384 ], [ -66.46386, 18.10389 ], [ -66.46384, 18.10398 ], [ -66.4638, 18.10404 ], [ -66.46374, 18.10417 ], [ -66.46373, 18.10427 ], [ -66.46374, 18.10431 ], [ -66.46376, 18.10432 ], [ -66.46383, 18.10431 ], [ -66.46386, 18.10428 ], [ -66.4639, 18.10421 ], [ -66.46395, 18.10414 ], [ -66.46402, 18.10409 ], [ -66.4641, 18.10409 ], [ -66.46418, 18.10411 ], [ -66.46425, 18.10417 ], [ -66.46432, 18.10422 ], [ -66.46437, 18.10419 ], [ -66.46441, 18.10416 ], [ -66.46442, 18.10411 ], [ -66.46443, 18.10399 ], [ -66.46448, 18.10387 ], [ -66.4646, 18.10377 ], [ -66.4647, 18.10369 ], [ -66.46475, 18.10359 ], [ -66.46481, 18.10348 ], [ -66.46487, 18.10345 ], [ -66.46495, 18.10348 ], [ -66.46502, 18.10354 ], [ -66.4651, 18.10364 ], [ -66.46516, 18.10368 ], [ -66.46524, 18.1037 ], [ -66.46529, 18.10374 ], [ -66.46529, 18.1038 ], [ -66.46528, 18.10388 ], [ -66.46525, 18.10393 ], [ -66.46527, 18.104 ], [ -66.46531, 18.10402 ], [ -66.46538, 18.10402 ], [ -66.46543, 18.10401 ], [ -66.46551, 18.104 ], [ -66.46552, 18.10397 ], [ -66.46551, 18.10394 ], [ -66.4655, 18.10391 ], [ -66.46547, 18.10385 ], [ -66.46544, 18.10372 ], [ -66.46544, 18.10362 ], [ -66.46549, 18.10351 ], [ -66.46554, 18.10339 ], [ -66.4656, 18.10335 ], [ -66.46567, 18.10334 ], [ -66.46573, 18.10335 ], [ -66.4658, 18.1034 ], [ -66.46585, 18.10346 ], [ -66.46594, 18.10355 ], [ -66.46601, 18.10364 ], [ -66.46613, 18.10377 ], [ -66.46622, 18.10386 ], [ -66.46629, 18.10395 ], [ -66.46636, 18.10406 ], [ -66.46638, 18.10416 ], [ -66.46637, 18.10422 ], [ -66.46638, 18.10429 ], [ -66.4664, 18.10429 ], [ -66.46645, 18.10426 ], [ -66.46651, 18.10422 ], [ -66.46665, 18.10418 ], [ -66.46676, 18.10416 ], [ -66.46681, 18.10419 ], [ -66.46682, 18.10424 ], [ -66.46682, 18.1043 ], [ -66.46682, 18.10434 ], [ -66.46677, 18.10445 ], [ -66.46679, 18.1045 ], [ -66.46685, 18.1045 ], [ -66.46688, 18.10448 ], [ -66.46692, 18.10441 ], [ -66.46698, 18.10441 ], [ -66.46703, 18.10444 ], [ -66.46708, 18.1045 ], [ -66.46711, 18.10448 ], [ -66.46712, 18.10444 ], [ -66.46714, 18.10438 ], [ -66.46722, 18.10439 ], [ -66.46726, 18.10442 ], [ -66.46728, 18.10447 ], [ -66.46732, 18.10455 ], [ -66.46735, 18.10467 ], [ -66.46738, 18.10482 ], [ -66.4674, 18.10487 ], [ -66.46741, 18.10494 ], [ -66.46739, 18.10503 ], [ -66.46737, 18.10514 ], [ -66.46739, 18.10521 ], [ -66.46746, 18.10525 ], [ -66.46752, 18.10525 ], [ -66.46756, 18.10522 ], [ -66.46759, 18.10516 ], [ -66.46764, 18.10503 ], [ -66.46771, 18.10486 ], [ -66.46776, 18.10468 ], [ -66.46787, 18.10458 ], [ -66.468, 18.10454 ], [ -66.46804, 18.10454 ], [ -66.46806, 18.10456 ], [ -66.46808, 18.10468 ], [ -66.46812, 18.10474 ], [ -66.46815, 18.10473 ], [ -66.46821, 18.10466 ], [ -66.46825, 18.10458 ], [ -66.46834, 18.10451 ], [ -66.46845, 18.10444 ], [ -66.46858, 18.10434 ], [ -66.4687, 18.10429 ], [ -66.46878, 18.10431 ], [ -66.46882, 18.10438 ], [ -66.46882, 18.10444 ], [ -66.46881, 18.10452 ], [ -66.46875, 18.10465 ], [ -66.46871, 18.10477 ], [ -66.4687, 18.10485 ], [ -66.46865, 18.10493 ], [ -66.46861, 18.10504 ], [ -66.46861, 18.1051 ], [ -66.46864, 18.10511 ], [ -66.46865, 18.10509 ], [ -66.46868, 18.10504 ], [ -66.46874, 18.10495 ], [ -66.46881, 18.10493 ], [ -66.46887, 18.10491 ], [ -66.46896, 18.10493 ], [ -66.46899, 18.10491 ], [ -66.46901, 18.10488 ], [ -66.46902, 18.10481 ], [ -66.46911, 18.10471 ], [ -66.46924, 18.10464 ], [ -66.46939, 18.10458 ], [ -66.46949, 18.10456 ], [ -66.46957, 18.10458 ], [ -66.46963, 18.10461 ], [ -66.4697, 18.10466 ], [ -66.46976, 18.10465 ], [ -66.46978, 18.10462 ], [ -66.4698, 18.10457 ], [ -66.46984, 18.1045 ], [ -66.4699, 18.1045 ], [ -66.46997, 18.10455 ], [ -66.47003, 18.10457 ], [ -66.47006, 18.10455 ], [ -66.47005, 18.1045 ], [ -66.47003, 18.10442 ], [ -66.47007, 18.10433 ], [ -66.47012, 18.10429 ], [ -66.4702, 18.10428 ], [ -66.4703, 18.10431 ], [ -66.47037, 18.10438 ], [ -66.47043, 18.10443 ], [ -66.47047, 18.10447 ], [ -66.47059, 18.10456 ], [ -66.47067, 18.10463 ], [ -66.47072, 18.10462 ], [ -66.47074, 18.1046 ], [ -66.47074, 18.10455 ], [ -66.47072, 18.1045 ], [ -66.4707, 18.10443 ], [ -66.47068, 18.10426 ], [ -66.47067, 18.10416 ], [ -66.47072, 18.10399 ], [ -66.47077, 18.10386 ], [ -66.47081, 18.10373 ], [ -66.4709, 18.10357 ], [ -66.471, 18.10346 ], [ -66.47107, 18.1034 ], [ -66.47116, 18.10337 ], [ -66.47122, 18.10338 ], [ -66.47129, 18.10341 ], [ -66.47136, 18.10345 ], [ -66.47142, 18.10353 ], [ -66.47149, 18.10365 ], [ -66.47153, 18.10376 ], [ -66.47153, 18.10386 ], [ -66.47156, 18.10398 ], [ -66.47163, 18.10398 ], [ -66.47167, 18.10397 ], [ -66.47171, 18.10394 ], [ -66.47176, 18.1039 ], [ -66.47184, 18.10388 ], [ -66.47192, 18.10388 ], [ -66.47197, 18.10392 ], [ -66.47204, 18.10396 ], [ -66.4721, 18.10398 ], [ -66.47215, 18.10395 ], [ -66.47221, 18.10389 ], [ -66.47227, 18.10383 ], [ -66.47231, 18.10379 ], [ -66.47231, 18.10368 ], [ -66.47231, 18.10347 ], [ -66.47232, 18.10335 ], [ -66.47238, 18.10329 ], [ -66.47244, 18.10327 ], [ -66.47253, 18.10328 ], [ -66.47263, 18.10333 ], [ -66.47272, 18.10333 ], [ -66.47275, 18.10331 ], [ -66.47278, 18.10328 ], [ -66.47286, 18.10326 ], [ -66.47295, 18.10327 ], [ -66.47303, 18.10332 ], [ -66.47314, 18.10344 ], [ -66.47323, 18.10357 ], [ -66.47332, 18.1036 ], [ -66.47336, 18.10359 ], [ -66.47338, 18.10356 ], [ -66.4734, 18.10353 ], [ -66.47343, 18.10343 ], [ -66.47345, 18.10332 ], [ -66.47353, 18.10319 ], [ -66.47362, 18.10315 ], [ -66.47377, 18.10313 ], [ -66.47391, 18.10316 ], [ -66.47402, 18.10323 ], [ -66.47408, 18.10332 ], [ -66.47406, 18.10341 ], [ -66.47401, 18.10349 ], [ -66.47398, 18.10357 ], [ -66.47394, 18.10365 ], [ -66.47394, 18.10376 ], [ -66.47396, 18.10381 ], [ -66.47398, 18.10383 ], [ -66.47408, 18.10384 ], [ -66.47415, 18.10386 ], [ -66.47424, 18.10391 ], [ -66.4743, 18.10394 ], [ -66.47433, 18.10392 ], [ -66.47437, 18.1039 ], [ -66.47445, 18.10383 ], [ -66.47453, 18.10377 ], [ -66.4746, 18.10378 ], [ -66.47467, 18.10384 ], [ -66.47477, 18.10388 ], [ -66.47484, 18.10388 ], [ -66.4749, 18.10387 ], [ -66.47501, 18.10384 ], [ -66.47511, 18.10384 ], [ -66.47518, 18.10387 ], [ -66.47522, 18.10392 ], [ -66.47522, 18.10399 ], [ -66.4752, 18.10404 ], [ -66.47517, 18.10406 ], [ -66.4751, 18.10419 ], [ -66.47502, 18.10433 ], [ -66.475, 18.10442 ], [ -66.47502, 18.10447 ], [ -66.47507, 18.10452 ], [ -66.47509, 18.10456 ], [ -66.47511, 18.10464 ], [ -66.47509, 18.10471 ], [ -66.47506, 18.10478 ], [ -66.47508, 18.10482 ], [ -66.4751, 18.10482 ], [ -66.47515, 18.10481 ], [ -66.47523, 18.10478 ], [ -66.47538, 18.10475 ], [ -66.4755, 18.10472 ], [ -66.47561, 18.1047 ], [ -66.47571, 18.10473 ], [ -66.47577, 18.10476 ], [ -66.47582, 18.1048 ], [ -66.47584, 18.10483 ], [ -66.47585, 18.1049 ], [ -66.47584, 18.10497 ], [ -66.47582, 18.10504 ], [ -66.47578, 18.10512 ], [ -66.47572, 18.10519 ], [ -66.47565, 18.10526 ], [ -66.47554, 18.10535 ], [ -66.47547, 18.1054 ], [ -66.47539, 18.10542 ], [ -66.47531, 18.10546 ], [ -66.47516, 18.10552 ], [ -66.475, 18.1056 ], [ -66.47483, 18.10565 ], [ -66.47467, 18.10572 ], [ -66.47453, 18.10576 ], [ -66.47439, 18.10578 ], [ -66.47423, 18.10581 ], [ -66.47414, 18.10583 ], [ -66.47413, 18.10585 ], [ -66.47413, 18.10589 ], [ -66.47414, 18.10593 ], [ -66.47411, 18.10603 ], [ -66.47409, 18.1061 ], [ -66.4741, 18.10611 ], [ -66.47415, 18.10613 ], [ -66.47419, 18.10612 ], [ -66.47426, 18.1061 ], [ -66.47434, 18.10607 ], [ -66.47446, 18.1061 ], [ -66.47457, 18.10612 ], [ -66.47459, 18.10615 ], [ -66.47465, 18.10628 ], [ -66.47466, 18.10639 ], [ -66.47468, 18.10653 ], [ -66.47473, 18.10654 ], [ -66.47473, 18.10654 ], [ -66.47475, 18.10645 ], [ -66.47479, 18.10635 ], [ -66.47483, 18.10621 ], [ -66.47493, 18.10606 ], [ -66.47507, 18.10596 ], [ -66.47521, 18.1059 ], [ -66.47539, 18.1059 ], [ -66.47553, 18.10591 ], [ -66.47558, 18.10594 ], [ -66.4756, 18.10603 ], [ -66.47557, 18.10614 ], [ -66.47553, 18.10622 ], [ -66.47547, 18.1063 ], [ -66.47538, 18.10641 ], [ -66.47533, 18.10653 ], [ -66.47534, 18.10665 ], [ -66.47538, 18.10677 ], [ -66.47543, 18.10686 ], [ -66.47552, 18.10691 ], [ -66.47559, 18.10693 ], [ -66.47561, 18.1069 ], [ -66.47565, 18.1068 ], [ -66.47573, 18.10671 ], [ -66.47582, 18.10667 ], [ -66.47594, 18.10666 ], [ -66.476, 18.10669 ], [ -66.47603, 18.10676 ], [ -66.47607, 18.10678 ], [ -66.47607, 18.10687 ], [ -66.47608, 18.10698 ], [ -66.47611, 18.10701 ], [ -66.47614, 18.107 ], [ -66.47618, 18.10698 ], [ -66.47623, 18.10694 ], [ -66.4763, 18.10687 ], [ -66.47635, 18.10687 ], [ -66.47641, 18.10689 ], [ -66.47646, 18.1069 ], [ -66.4765, 18.10687 ], [ -66.47656, 18.10687 ], [ -66.47664, 18.10689 ], [ -66.47669, 18.10691 ], [ -66.4768, 18.10699 ], [ -66.47687, 18.10709 ], [ -66.47692, 18.10712 ], [ -66.47696, 18.10712 ], [ -66.47697, 18.1071 ], [ -66.47699, 18.10704 ], [ -66.477, 18.10697 ], [ -66.47701, 18.10682 ], [ -66.47702, 18.10669 ], [ -66.47705, 18.10656 ], [ -66.4771, 18.10649 ], [ -66.47713, 18.10649 ], [ -66.47718, 18.10649 ], [ -66.47725, 18.10654 ], [ -66.47731, 18.1066 ], [ -66.4774, 18.1067 ], [ -66.47749, 18.10679 ], [ -66.47756, 18.10686 ], [ -66.47763, 18.10694 ], [ -66.47767, 18.10694 ], [ -66.47776, 18.1069 ], [ -66.47786, 18.10687 ], [ -66.47795, 18.10685 ], [ -66.478, 18.10688 ], [ -66.47804, 18.10694 ], [ -66.47805, 18.107 ], [ -66.47805, 18.10711 ], [ -66.47806, 18.10723 ], [ -66.47808, 18.10737 ], [ -66.4781, 18.10745 ], [ -66.47808, 18.10751 ], [ -66.47801, 18.10754 ], [ -66.4779, 18.10757 ], [ -66.47783, 18.1076 ], [ -66.47778, 18.10765 ], [ -66.47776, 18.10772 ], [ -66.47778, 18.10778 ], [ -66.47782, 18.10782 ], [ -66.47785, 18.10787 ], [ -66.47787, 18.10798 ], [ -66.47792, 18.10802 ], [ -66.47798, 18.10809 ], [ -66.47799, 18.10816 ], [ -66.47796, 18.1082 ], [ -66.47791, 18.10826 ], [ -66.47791, 18.10833 ], [ -66.47793, 18.10837 ], [ -66.47798, 18.10839 ], [ -66.47808, 18.10838 ], [ -66.47813, 18.10842 ], [ -66.47812, 18.10846 ], [ -66.47809, 18.10851 ], [ -66.47805, 18.10859 ], [ -66.478, 18.1087 ], [ -66.47793, 18.10872 ], [ -66.4779, 18.10877 ], [ -66.4779, 18.10879 ], [ -66.47785, 18.10887 ], [ -66.47778, 18.10891 ], [ -66.47768, 18.10893 ], [ -66.47764, 18.10897 ], [ -66.47767, 18.10898 ], [ -66.47771, 18.109 ], [ -66.47769, 18.10902 ], [ -66.47767, 18.10905 ], [ -66.47769, 18.10905 ], [ -66.47775, 18.10904 ], [ -66.47786, 18.10901 ], [ -66.47796, 18.109 ], [ -66.47802, 18.10898 ], [ -66.47812, 18.10888 ], [ -66.47825, 18.10879 ], [ -66.47842, 18.10875 ], [ -66.47857, 18.10871 ], [ -66.47866, 18.10873 ], [ -66.47874, 18.10877 ], [ -66.47875, 18.10884 ], [ -66.47876, 18.10888 ], [ -66.4788, 18.10887 ], [ -66.47885, 18.10887 ], [ -66.47887, 18.1089 ], [ -66.47891, 18.10891 ], [ -66.47892, 18.10886 ], [ -66.47893, 18.10878 ], [ -66.47895, 18.10869 ], [ -66.47902, 18.10864 ], [ -66.4791, 18.10862 ], [ -66.47921, 18.10864 ], [ -66.47933, 18.10869 ], [ -66.4794, 18.10875 ], [ -66.47944, 18.10875 ], [ -66.4795, 18.10872 ], [ -66.47958, 18.1087 ], [ -66.47968, 18.10875 ], [ -66.47976, 18.10884 ], [ -66.47981, 18.10885 ], [ -66.47981, 18.10882 ], [ -66.4798, 18.10878 ], [ -66.47977, 18.10872 ], [ -66.47976, 18.10863 ], [ -66.47971, 18.10854 ], [ -66.47965, 18.10848 ], [ -66.47953, 18.10842 ], [ -66.47947, 18.10835 ], [ -66.47941, 18.10826 ], [ -66.4794, 18.10818 ], [ -66.47942, 18.10805 ], [ -66.47944, 18.10795 ], [ -66.47946, 18.1079 ], [ -66.4795, 18.10785 ], [ -66.47959, 18.1078 ], [ -66.47968, 18.10778 ], [ -66.47977, 18.10781 ], [ -66.47984, 18.10782 ], [ -66.47994, 18.10787 ], [ -66.48003, 18.10793 ], [ -66.4801, 18.10792 ], [ -66.48015, 18.10788 ], [ -66.48028, 18.10782 ], [ -66.48043, 18.10778 ], [ -66.48055, 18.10776 ], [ -66.48066, 18.10777 ], [ -66.48076, 18.10781 ], [ -66.48082, 18.10786 ], [ -66.48096, 18.1079 ], [ -66.48106, 18.10788 ], [ -66.48114, 18.10785 ], [ -66.48128, 18.10775 ], [ -66.48138, 18.1077 ], [ -66.48155, 18.10772 ], [ -66.48167, 18.10777 ], [ -66.48184, 18.10789 ], [ -66.48196, 18.10796 ], [ -66.48208, 18.10799 ], [ -66.48223, 18.10803 ], [ -66.48232, 18.10807 ], [ -66.48238, 18.1081 ], [ -66.4824, 18.10819 ], [ -66.48244, 18.10824 ], [ -66.48252, 18.10826 ], [ -66.48264, 18.10831 ], [ -66.48268, 18.10835 ], [ -66.48267, 18.10842 ], [ -66.48264, 18.10852 ], [ -66.48266, 18.10857 ], [ -66.48269, 18.10856 ], [ -66.48272, 18.10851 ], [ -66.48278, 18.10846 ], [ -66.48283, 18.10848 ], [ -66.48286, 18.10849 ], [ -66.48287, 18.10841 ], [ -66.48288, 18.10828 ], [ -66.48293, 18.10823 ], [ -66.48306, 18.10792 ], [ -66.48311, 18.1079 ], [ -66.4832, 18.1079 ], [ -66.48325, 18.10792 ], [ -66.4833, 18.10801 ], [ -66.48335, 18.10805 ], [ -66.48344, 18.10808 ], [ -66.48348, 18.10813 ], [ -66.4835, 18.10817 ], [ -66.48353, 18.10818 ], [ -66.48359, 18.10817 ], [ -66.48365, 18.10814 ], [ -66.48369, 18.1081 ], [ -66.48374, 18.10803 ], [ -66.48377, 18.10792 ], [ -66.48381, 18.10778 ], [ -66.48384, 18.10771 ], [ -66.48388, 18.10762 ], [ -66.48393, 18.10754 ], [ -66.48406, 18.10747 ], [ -66.48423, 18.10739 ], [ -66.48439, 18.10732 ], [ -66.48453, 18.1073 ], [ -66.4846, 18.10724 ], [ -66.48461, 18.1072 ], [ -66.48459, 18.10718 ], [ -66.48457, 18.10717 ], [ -66.48451, 18.10713 ], [ -66.48451, 18.1071 ], [ -66.4845, 18.10705 ], [ -66.48447, 18.10703 ], [ -66.48441, 18.10703 ], [ -66.48435, 18.10701 ], [ -66.48427, 18.10696 ], [ -66.48419, 18.10689 ], [ -66.48415, 18.10678 ], [ -66.48412, 18.10666 ], [ -66.48411, 18.10656 ], [ -66.48414, 18.10647 ], [ -66.4842, 18.10638 ], [ -66.48431, 18.10626 ], [ -66.48445, 18.10614 ], [ -66.48453, 18.10606 ], [ -66.48454, 18.10598 ], [ -66.48456, 18.10582 ], [ -66.48458, 18.10564 ], [ -66.48459, 18.10549 ], [ -66.4846, 18.1054 ], [ -66.48465, 18.10536 ], [ -66.48471, 18.10533 ], [ -66.48475, 18.10533 ], [ -66.48482, 18.10536 ], [ -66.48487, 18.10541 ], [ -66.48494, 18.10552 ], [ -66.48499, 18.10563 ], [ -66.48504, 18.10573 ], [ -66.48505, 18.10588 ], [ -66.48509, 18.10601 ], [ -66.48513, 18.10622 ], [ -66.48519, 18.1063 ], [ -66.48526, 18.10636 ], [ -66.48534, 18.1064 ], [ -66.48538, 18.10648 ], [ -66.48539, 18.10654 ], [ -66.4854, 18.1066 ], [ -66.48542, 18.10676 ], [ -66.48547, 18.10685 ], [ -66.48553, 18.10686 ], [ -66.48558, 18.10687 ], [ -66.48563, 18.10692 ], [ -66.48567, 18.10692 ], [ -66.48572, 18.1069 ], [ -66.48575, 18.10691 ], [ -66.4858, 18.10695 ], [ -66.48584, 18.10696 ], [ -66.48586, 18.10694 ], [ -66.48589, 18.1069 ], [ -66.48593, 18.10691 ], [ -66.486, 18.10694 ], [ -66.48601, 18.10692 ], [ -66.48599, 18.10687 ], [ -66.48597, 18.10684 ], [ -66.48594, 18.10676 ], [ -66.48588, 18.10664 ], [ -66.48584, 18.10651 ], [ -66.48582, 18.10638 ], [ -66.48581, 18.10625 ], [ -66.48582, 18.10612 ], [ -66.48582, 18.10592 ], [ -66.48584, 18.10574 ], [ -66.48593, 18.10546 ], [ -66.48599, 18.10528 ], [ -66.486, 18.10518 ], [ -66.486, 18.10507 ], [ -66.48598, 18.10497 ], [ -66.48597, 18.10481 ], [ -66.48596, 18.1047 ], [ -66.48598, 18.10463 ], [ -66.48601, 18.1045 ], [ -66.48603, 18.10441 ], [ -66.48602, 18.10435 ], [ -66.48603, 18.10432 ], [ -66.48605, 18.10429 ], [ -66.48615, 18.10427 ], [ -66.48619, 18.10428 ], [ -66.48624, 18.10432 ], [ -66.48628, 18.10439 ], [ -66.48632, 18.1045 ], [ -66.48635, 18.10458 ], [ -66.48639, 18.10466 ], [ -66.48641, 18.10469 ], [ -66.48642, 18.10475 ], [ -66.48643, 18.10486 ], [ -66.48645, 18.10492 ], [ -66.4865, 18.10496 ], [ -66.4866, 18.10502 ], [ -66.48666, 18.10511 ], [ -66.4867, 18.10519 ], [ -66.48676, 18.10526 ], [ -66.48684, 18.1053 ], [ -66.48687, 18.10535 ], [ -66.48688, 18.10543 ], [ -66.48688, 18.10554 ], [ -66.48689, 18.10572 ], [ -66.48691, 18.10575 ], [ -66.48695, 18.10574 ], [ -66.487, 18.10573 ], [ -66.48706, 18.10568 ], [ -66.48716, 18.10562 ], [ -66.4873, 18.10557 ], [ -66.48739, 18.10558 ], [ -66.48745, 18.10562 ], [ -66.48749, 18.10568 ], [ -66.48754, 18.10578 ], [ -66.48761, 18.10585 ], [ -66.48768, 18.10601 ], [ -66.48773, 18.10616 ], [ -66.48772, 18.10628 ], [ -66.48771, 18.1064 ], [ -66.48771, 18.10656 ], [ -66.48774, 18.10664 ], [ -66.48779, 18.10666 ], [ -66.48784, 18.10664 ], [ -66.48791, 18.10661 ], [ -66.48798, 18.10661 ], [ -66.48805, 18.10663 ], [ -66.48808, 18.10663 ], [ -66.48813, 18.1066 ], [ -66.4882, 18.10658 ], [ -66.48826, 18.1066 ], [ -66.48828, 18.10655 ], [ -66.48832, 18.10649 ], [ -66.48838, 18.10647 ], [ -66.48852, 18.10643 ], [ -66.48855, 18.10639 ], [ -66.48855, 18.10633 ], [ -66.48856, 18.10628 ], [ -66.48862, 18.10623 ], [ -66.48864, 18.10617 ], [ -66.48863, 18.10611 ], [ -66.48865, 18.10605 ], [ -66.48873, 18.10603 ], [ -66.48881, 18.10601 ], [ -66.48884, 18.10596 ], [ -66.48885, 18.10586 ], [ -66.48891, 18.10578 ], [ -66.48902, 18.10569 ], [ -66.48912, 18.10567 ], [ -66.48924, 18.10565 ], [ -66.48936, 18.10566 ], [ -66.48949, 18.10569 ], [ -66.48965, 18.10576 ], [ -66.4897, 18.10577 ], [ -66.48973, 18.10576 ], [ -66.48974, 18.10573 ], [ -66.48973, 18.10567 ], [ -66.48971, 18.10562 ], [ -66.48972, 18.10552 ], [ -66.48974, 18.10544 ], [ -66.48981, 18.10529 ], [ -66.48987, 18.10516 ], [ -66.48986, 18.10511 ], [ -66.48984, 18.10507 ], [ -66.48981, 18.10505 ], [ -66.48973, 18.10501 ], [ -66.48963, 18.10499 ], [ -66.48953, 18.10497 ], [ -66.48943, 18.10489 ], [ -66.48939, 18.10482 ], [ -66.48937, 18.10474 ], [ -66.48937, 18.10466 ], [ -66.48938, 18.1046 ], [ -66.48944, 18.10453 ], [ -66.48959, 18.10442 ], [ -66.48964, 18.10434 ], [ -66.48963, 18.10429 ], [ -66.48961, 18.10421 ], [ -66.48957, 18.10413 ], [ -66.48957, 18.10409 ], [ -66.48959, 18.10405 ], [ -66.4896, 18.10401 ], [ -66.48959, 18.10396 ], [ -66.48953, 18.10391 ], [ -66.48944, 18.10382 ], [ -66.48938, 18.10374 ], [ -66.48938, 18.10369 ], [ -66.48939, 18.10362 ], [ -66.4894, 18.10357 ], [ -66.48939, 18.10347 ], [ -66.48936, 18.10342 ], [ -66.48932, 18.10333 ], [ -66.4893, 18.10326 ], [ -66.48933, 18.10314 ], [ -66.48935, 18.10305 ], [ -66.48936, 18.10298 ], [ -66.48933, 18.10295 ], [ -66.48931, 18.10287 ], [ -66.48929, 18.1028 ], [ -66.48928, 18.10274 ], [ -66.48929, 18.10264 ], [ -66.4893, 18.1026 ], [ -66.48934, 18.10253 ], [ -66.48941, 18.10247 ], [ -66.4895, 18.10242 ], [ -66.48963, 18.10238 ], [ -66.48978, 18.10234 ], [ -66.48994, 18.10233 ], [ -66.49006, 18.10229 ], [ -66.49015, 18.10223 ], [ -66.49025, 18.10217 ], [ -66.4904, 18.10209 ], [ -66.49056, 18.10201 ], [ -66.49067, 18.10199 ], [ -66.49076, 18.10194 ], [ -66.49079, 18.10191 ], [ -66.49079, 18.10188 ], [ -66.49078, 18.10185 ], [ -66.49075, 18.10182 ], [ -66.49072, 18.10178 ], [ -66.49067, 18.10173 ], [ -66.4906, 18.10165 ], [ -66.49053, 18.10159 ], [ -66.49049, 18.10149 ], [ -66.49043, 18.1014 ], [ -66.49041, 18.10132 ], [ -66.4904, 18.1012 ], [ -66.49038, 18.10112 ], [ -66.49036, 18.10106 ], [ -66.49032, 18.10101 ], [ -66.49025, 18.10095 ], [ -66.49022, 18.10089 ], [ -66.49022, 18.10089 ], [ -66.4902, 18.1009 ], [ -66.49017, 18.1009 ], [ -66.49027, 18.10081 ], [ -66.49029, 18.10074 ], [ -66.49034, 18.10067 ], [ -66.48993, 18.10034 ], [ -66.48946, 18.09997 ], [ -66.48919, 18.09977 ], [ -66.48884, 18.09951 ], [ -66.48851, 18.09926 ], [ -66.48825, 18.09907 ], [ -66.48802, 18.09887 ], [ -66.48788, 18.09877 ], [ -66.48781, 18.0989 ], [ -66.48774, 18.09904 ], [ -66.48771, 18.09912 ], [ -66.48767, 18.09919 ], [ -66.48753, 18.09926 ], [ -66.48742, 18.09933 ], [ -66.48736, 18.09937 ], [ -66.48735, 18.09946 ], [ -66.48731, 18.09951 ], [ -66.48718, 18.09954 ], [ -66.48703, 18.09952 ], [ -66.48691, 18.09949 ], [ -66.48684, 18.09947 ], [ -66.48678, 18.09946 ], [ -66.48669, 18.09953 ], [ -66.48661, 18.09962 ], [ -66.48655, 18.09968 ], [ -66.48649, 18.09972 ], [ -66.48643, 18.09974 ], [ -66.48637, 18.09974 ], [ -66.48635, 18.09966 ], [ -66.48633, 18.09958 ], [ -66.48628, 18.09954 ], [ -66.48621, 18.09951 ], [ -66.48617, 18.09946 ], [ -66.48613, 18.09942 ], [ -66.48604, 18.09949 ], [ -66.48599, 18.09955 ], [ -66.48591, 18.09957 ], [ -66.48583, 18.09957 ], [ -66.48569, 18.09954 ], [ -66.48551, 18.09946 ], [ -66.48537, 18.09943 ], [ -66.48529, 18.09945 ], [ -66.48524, 18.09945 ], [ -66.48521, 18.09943 ], [ -66.48522, 18.09934 ], [ -66.48526, 18.09928 ], [ -66.48529, 18.09921 ], [ -66.48528, 18.09916 ], [ -66.48519, 18.09913 ], [ -66.48512, 18.09909 ], [ -66.48508, 18.09901 ], [ -66.48507, 18.09898 ], [ -66.48501, 18.09896 ], [ -66.48497, 18.09898 ], [ -66.48492, 18.09903 ], [ -66.48486, 18.0991 ], [ -66.48475, 18.09911 ], [ -66.48468, 18.09911 ], [ -66.48464, 18.09913 ], [ -66.48458, 18.09918 ], [ -66.48452, 18.09921 ], [ -66.48446, 18.0992 ], [ -66.48437, 18.0991 ], [ -66.48427, 18.09895 ], [ -66.4842, 18.09887 ], [ -66.48409, 18.09886 ], [ -66.48396, 18.09889 ], [ -66.48386, 18.09887 ], [ -66.48377, 18.0988 ], [ -66.48372, 18.09875 ], [ -66.48367, 18.09875 ], [ -66.48364, 18.0988 ], [ -66.48361, 18.09881 ], [ -66.48353, 18.09881 ], [ -66.48351, 18.09882 ], [ -66.48351, 18.0989 ], [ -66.48351, 18.09902 ], [ -66.48351, 18.09911 ], [ -66.48349, 18.0992 ], [ -66.48345, 18.09926 ], [ -66.48338, 18.0993 ], [ -66.48327, 18.09932 ], [ -66.48321, 18.09935 ], [ -66.48313, 18.09944 ], [ -66.48303, 18.09952 ], [ -66.48295, 18.09956 ], [ -66.48288, 18.09957 ], [ -66.48284, 18.09958 ], [ -66.48289, 18.09962 ], [ -66.48295, 18.09972 ], [ -66.483, 18.0998 ], [ -66.48305, 18.09989 ], [ -66.48307, 18.09996 ], [ -66.48306, 18.10003 ], [ -66.48304, 18.1001 ], [ -66.48297, 18.10015 ], [ -66.48282, 18.10019 ], [ -66.48272, 18.10024 ], [ -66.48261, 18.1002 ], [ -66.48248, 18.10017 ], [ -66.48239, 18.10015 ], [ -66.48231, 18.10016 ], [ -66.4822, 18.1002 ], [ -66.48207, 18.10031 ], [ -66.4819, 18.1005 ], [ -66.48179, 18.10059 ], [ -66.48162, 18.10069 ], [ -66.48148, 18.10076 ], [ -66.48133, 18.10082 ], [ -66.48124, 18.10083 ], [ -66.48112, 18.10083 ], [ -66.48098, 18.10081 ], [ -66.48087, 18.10074 ], [ -66.48081, 18.10067 ], [ -66.48076, 18.10057 ], [ -66.48075, 18.10046 ], [ -66.48074, 18.10035 ], [ -66.48073, 18.10027 ], [ -66.48071, 18.10019 ], [ -66.48073, 18.1001 ], [ -66.48078, 18.10003 ], [ -66.48083, 18.10001 ], [ -66.48088, 18.09997 ], [ -66.48091, 18.09987 ], [ -66.48094, 18.09978 ], [ -66.48096, 18.09971 ], [ -66.48097, 18.09968 ], [ -66.48094, 18.09965 ], [ -66.48082, 18.09966 ], [ -66.4807, 18.09968 ], [ -66.48061, 18.09969 ], [ -66.48048, 18.09965 ], [ -66.48035, 18.09964 ], [ -66.48022, 18.09969 ], [ -66.48012, 18.09977 ], [ -66.48004, 18.09982 ], [ -66.48, 18.09983 ], [ -66.47986, 18.09982 ], [ -66.47976, 18.09977 ], [ -66.47972, 18.0997 ], [ -66.47969, 18.09963 ], [ -66.4797, 18.09953 ], [ -66.47976, 18.09944 ], [ -66.47984, 18.09935 ], [ -66.47989, 18.09925 ], [ -66.47996, 18.09914 ], [ -66.48001, 18.09911 ], [ -66.48008, 18.09903 ], [ -66.48012, 18.09895 ], [ -66.4802, 18.09891 ], [ -66.48033, 18.09882 ], [ -66.4804, 18.09874 ], [ -66.48045, 18.09866 ], [ -66.48046, 18.09862 ], [ -66.48047, 18.09858 ], [ -66.48046, 18.09858 ], [ -66.48027, 18.09855 ], [ -66.48015, 18.09857 ], [ -66.48008, 18.09859 ], [ -66.47988, 18.09859 ], [ -66.47963, 18.09862 ], [ -66.47938, 18.09866 ], [ -66.47921, 18.0987 ], [ -66.4791, 18.09869 ], [ -66.47901, 18.09865 ], [ -66.47896, 18.09855 ], [ -66.47897, 18.09842 ], [ -66.47899, 18.09834 ], [ -66.47903, 18.09821 ], [ -66.4791, 18.09812 ], [ -66.47918, 18.09807 ], [ -66.47929, 18.09802 ], [ -66.47931, 18.09799 ], [ -66.47933, 18.09796 ], [ -66.47932, 18.0978 ], [ -66.47933, 18.09768 ], [ -66.47933, 18.09755 ], [ -66.47938, 18.09751 ], [ -66.4794, 18.09747 ], [ -66.47935, 18.0974 ], [ -66.47922, 18.09742 ], [ -66.47904, 18.09756 ], [ -66.47894, 18.09765 ], [ -66.47886, 18.09771 ], [ -66.47878, 18.09767 ], [ -66.47869, 18.0976 ], [ -66.4786, 18.09752 ], [ -66.47854, 18.09749 ], [ -66.47845, 18.09751 ], [ -66.47831, 18.09753 ], [ -66.47821, 18.0976 ], [ -66.47812, 18.09768 ], [ -66.4781, 18.09776 ], [ -66.47805, 18.09785 ], [ -66.47798, 18.09788 ], [ -66.47797, 18.09796 ], [ -66.47794, 18.09802 ], [ -66.47786, 18.09807 ], [ -66.47778, 18.09807 ], [ -66.47771, 18.09803 ], [ -66.47767, 18.09788 ], [ -66.47764, 18.09775 ], [ -66.47755, 18.09769 ], [ -66.47743, 18.09769 ], [ -66.47733, 18.09766 ], [ -66.47725, 18.09759 ], [ -66.4772, 18.09753 ], [ -66.47723, 18.09739 ], [ -66.47722, 18.09724 ], [ -66.47724, 18.09709 ], [ -66.47725, 18.09699 ], [ -66.47718, 18.09692 ], [ -66.47706, 18.0968 ], [ -66.47699, 18.0967 ], [ -66.47694, 18.09665 ], [ -66.47689, 18.09664 ], [ -66.47686, 18.09672 ], [ -66.47686, 18.09685 ], [ -66.47684, 18.09697 ], [ -66.47678, 18.09705 ], [ -66.47669, 18.09712 ], [ -66.47657, 18.09723 ], [ -66.47647, 18.09733 ], [ -66.47638, 18.09748 ], [ -66.47629, 18.09759 ], [ -66.47624, 18.09764 ], [ -66.47617, 18.09771 ], [ -66.47617, 18.09777 ], [ -66.47625, 18.09784 ], [ -66.4764, 18.09792 ], [ -66.47647, 18.09802 ], [ -66.47652, 18.09809 ], [ -66.47653, 18.09813 ], [ -66.47652, 18.09819 ], [ -66.47651, 18.09826 ], [ -66.47645, 18.09836 ], [ -66.47644, 18.09841 ], [ -66.47639, 18.09843 ], [ -66.47629, 18.09837 ], [ -66.47614, 18.09825 ], [ -66.47597, 18.09819 ], [ -66.47585, 18.09813 ], [ -66.47573, 18.09812 ], [ -66.47566, 18.0981 ], [ -66.47552, 18.09805 ], [ -66.47532, 18.09807 ], [ -66.47514, 18.09806 ], [ -66.47503, 18.09805 ], [ -66.47494, 18.09803 ], [ -66.47484, 18.09799 ], [ -66.47476, 18.09793 ], [ -66.4747, 18.09781 ], [ -66.47467, 18.09766 ], [ -66.47465, 18.09758 ], [ -66.47456, 18.0975 ], [ -66.47441, 18.09745 ], [ -66.47431, 18.0974 ], [ -66.47423, 18.09734 ], [ -66.47421, 18.09727 ], [ -66.47419, 18.09715 ], [ -66.47419, 18.09707 ], [ -66.47418, 18.097 ], [ -66.47406, 18.09698 ], [ -66.47397, 18.09695 ], [ -66.47386, 18.09689 ], [ -66.47376, 18.09677 ], [ -66.47369, 18.09664 ], [ -66.47362, 18.09652 ], [ -66.47358, 18.09646 ], [ -66.47353, 18.09643 ], [ -66.47351, 18.09644 ], [ -66.4735, 18.09658 ], [ -66.47348, 18.09675 ], [ -66.47348, 18.09687 ], [ -66.47354, 18.09704 ], [ -66.47356, 18.09718 ], [ -66.47358, 18.09733 ], [ -66.47361, 18.09748 ], [ -66.47362, 18.09759 ], [ -66.4736, 18.09765 ], [ -66.47356, 18.09769 ], [ -66.47348, 18.09768 ], [ -66.47341, 18.09764 ], [ -66.47337, 18.09754 ], [ -66.47336, 18.09742 ], [ -66.47333, 18.09736 ], [ -66.47323, 18.09735 ], [ -66.47311, 18.09737 ], [ -66.47301, 18.09739 ], [ -66.47297, 18.09739 ], [ -66.47291, 18.09732 ], [ -66.47287, 18.09725 ], [ -66.47281, 18.0972 ], [ -66.47269, 18.0972 ], [ -66.47261, 18.09725 ], [ -66.47254, 18.0973 ], [ -66.47249, 18.09731 ], [ -66.47243, 18.09729 ], [ -66.47236, 18.09721 ], [ -66.4723, 18.09702 ], [ -66.47222, 18.09677 ], [ -66.47215, 18.09663 ], [ -66.47211, 18.09653 ], [ -66.4721, 18.09642 ], [ -66.47206, 18.09631 ], [ -66.47203, 18.09626 ], [ -66.47201, 18.09625 ], [ -66.47198, 18.09625 ], [ -66.47198, 18.09638 ], [ -66.47198, 18.09648 ], [ -66.47193, 18.09658 ], [ -66.47191, 18.09668 ], [ -66.47188, 18.09678 ], [ -66.47183, 18.09685 ], [ -66.47174, 18.09687 ], [ -66.47169, 18.09688 ], [ -66.47166, 18.09688 ], [ -66.47166, 18.09678 ], [ -66.47167, 18.09671 ], [ -66.47167, 18.09665 ], [ -66.47167, 18.09662 ], [ -66.47165, 18.0966 ], [ -66.4716, 18.09664 ], [ -66.47157, 18.09675 ], [ -66.47153, 18.09683 ], [ -66.4715, 18.09686 ], [ -66.47145, 18.09687 ], [ -66.47138, 18.09681 ], [ -66.47134, 18.09674 ], [ -66.4713, 18.0967 ], [ -66.47123, 18.09669 ], [ -66.47116, 18.09679 ], [ -66.47111, 18.09686 ], [ -66.47105, 18.09686 ], [ -66.47097, 18.09692 ], [ -66.47087, 18.09706 ], [ -66.47076, 18.09713 ], [ -66.47063, 18.09716 ], [ -66.47053, 18.09718 ], [ -66.47046, 18.09719 ], [ -66.47041, 18.09718 ], [ -66.47038, 18.09715 ], [ -66.47034, 18.09704 ], [ -66.47034, 18.09689 ], [ -66.47032, 18.09684 ], [ -66.47024, 18.09682 ], [ -66.47016, 18.09688 ], [ -66.47006, 18.09696 ], [ -66.46999, 18.09697 ], [ -66.46988, 18.09692 ], [ -66.46978, 18.09687 ], [ -66.46973, 18.09692 ], [ -66.4697, 18.09713 ], [ -66.46969, 18.09722 ], [ -66.46963, 18.09734 ], [ -66.4696, 18.09748 ], [ -66.46957, 18.09756 ], [ -66.46949, 18.0977 ], [ -66.46944, 18.09779 ], [ -66.46935, 18.09779 ], [ -66.46917, 18.09772 ], [ -66.46903, 18.09764 ], [ -66.46896, 18.09756 ], [ -66.46891, 18.09745 ], [ -66.46888, 18.09737 ], [ -66.46889, 18.09727 ], [ -66.46891, 18.09715 ], [ -66.46896, 18.09709 ], [ -66.46905, 18.09699 ], [ -66.46909, 18.09693 ], [ -66.46912, 18.09687 ], [ -66.46911, 18.09675 ], [ -66.46911, 18.09665 ], [ -66.46915, 18.09658 ], [ -66.46919, 18.09651 ], [ -66.46923, 18.09644 ], [ -66.46925, 18.09639 ], [ -66.46922, 18.09635 ], [ -66.46911, 18.09633 ], [ -66.46904, 18.09626 ], [ -66.46898, 18.09615 ], [ -66.4689, 18.09601 ], [ -66.46885, 18.09589 ], [ -66.46881, 18.0959 ], [ -66.46877, 18.09597 ], [ -66.46866, 18.09615 ], [ -66.46859, 18.09626 ], [ -66.46851, 18.09633 ], [ -66.46836, 18.09638 ], [ -66.46828, 18.09643 ], [ -66.46821, 18.09655 ], [ -66.46816, 18.09665 ], [ -66.46812, 18.09673 ], [ -66.46807, 18.09677 ], [ -66.46798, 18.09678 ], [ -66.46785, 18.09667 ], [ -66.46776, 18.09659 ], [ -66.46768, 18.09655 ], [ -66.46761, 18.09653 ], [ -66.46752, 18.09652 ], [ -66.46745, 18.09646 ], [ -66.46741, 18.09639 ], [ -66.46731, 18.09633 ], [ -66.46717, 18.09631 ], [ -66.46704, 18.09627 ], [ -66.46693, 18.09618 ], [ -66.46686, 18.09608 ], [ -66.46681, 18.096 ], [ -66.46677, 18.09599 ], [ -66.46669, 18.09603 ], [ -66.46665, 18.0962 ], [ -66.46661, 18.0964 ], [ -66.46656, 18.09652 ], [ -66.46649, 18.09658 ], [ -66.46632, 18.09663 ], [ -66.46621, 18.0966 ], [ -66.46612, 18.09657 ], [ -66.46604, 18.09658 ], [ -66.46595, 18.09663 ], [ -66.46585, 18.09663 ], [ -66.46577, 18.09649 ], [ -66.46566, 18.09635 ], [ -66.46561, 18.09627 ], [ -66.46553, 18.09623 ], [ -66.46538, 18.09626 ], [ -66.46525, 18.09623 ], [ -66.46511, 18.09613 ], [ -66.465, 18.0961 ], [ -66.46485, 18.09608 ], [ -66.46478, 18.09604 ], [ -66.46472, 18.096 ], [ -66.46465, 18.096 ], [ -66.46461, 18.096 ], [ -66.46466, 18.09609 ], [ -66.46487, 18.09625 ], [ -66.46505, 18.09644 ], [ -66.46521, 18.09664 ], [ -66.4653, 18.0968 ], [ -66.46535, 18.09691 ], [ -66.46538, 18.09699 ], [ -66.46547, 18.09703 ], [ -66.46556, 18.0971 ], [ -66.46564, 18.09721 ], [ -66.46571, 18.0973 ], [ -66.46578, 18.09734 ], [ -66.46589, 18.09735 ], [ -66.466, 18.09739 ], [ -66.46606, 18.09744 ], [ -66.46616, 18.09747 ], [ -66.4663, 18.09752 ], [ -66.46636, 18.09755 ], [ -66.46638, 18.09758 ], [ -66.46638, 18.09762 ], [ -66.4663, 18.09768 ], [ -66.46613, 18.09777 ], [ -66.46593, 18.09783 ], [ -66.4658, 18.09783 ], [ -66.46565, 18.09781 ], [ -66.46552, 18.09777 ], [ -66.46531, 18.09772 ], [ -66.4651, 18.09774 ], [ -66.46496, 18.09782 ], [ -66.46489, 18.09789 ], [ -66.46482, 18.09799 ], [ -66.46472, 18.09806 ], [ -66.46457, 18.09813 ], [ -66.46447, 18.09819 ], [ -66.46443, 18.09824 ], [ -66.46446, 18.09829 ], [ -66.46452, 18.09838 ], [ -66.46452, 18.09844 ], [ -66.46457, 18.09848 ], [ -66.46465, 18.09848 ], [ -66.46475, 18.09847 ], [ -66.46479, 18.09851 ], [ -66.46473, 18.09855 ], [ -66.46464, 18.09862 ], [ -66.46455, 18.09873 ], [ -66.46438, 18.09878 ], [ -66.46427, 18.0988 ], [ -66.46416, 18.09877 ], [ -66.4641, 18.09874 ], [ -66.46402, 18.09874 ], [ -66.46397, 18.09879 ], [ -66.46403, 18.09891 ], [ -66.46407, 18.099 ], [ -66.46405, 18.09914 ], [ -66.464, 18.09929 ], [ -66.46392, 18.09942 ], [ -66.46382, 18.09954 ], [ -66.46375, 18.09959 ], [ -66.4636, 18.0996 ], [ -66.46344, 18.09961 ], [ -66.46332, 18.09964 ], [ -66.4632, 18.09967 ], [ -66.46307, 18.09967 ], [ -66.46297, 18.09969 ], [ -66.46289, 18.09974 ], [ -66.46281, 18.09983 ], [ -66.46273, 18.09992 ], [ -66.46267, 18.09994 ], [ -66.46253, 18.09998 ], [ -66.46235, 18.09999 ], [ -66.46223, 18.09999 ], [ -66.46216, 18.09999 ], [ -66.46213, 18.09999 ], [ -66.4621, 18.09997 ], [ -66.4613, 18.1002 ], [ -66.46056, 18.10041 ], [ -66.4592, 18.1008 ], [ -66.46034, 18.10153 ], [ -66.46122, 18.10209 ] ] ] } },
{ "type": "Feature", "properties": { "gnis_name": "Lago El Guineo", "areasqkm": 0.18453333, "ftype": 390 }, "geometry": { "type": "Polygon", "coordinates": [ [ [ -66.52791, 18.15695 ], [ -66.52781, 18.15695 ], [ -66.5277, 18.15708 ], [ -66.52773, 18.15719 ], [ -66.5277, 18.15728 ], [ -66.52765, 18.15737 ], [ -66.52761, 18.15735 ], [ -66.52759, 18.15733 ], [ -66.52759, 18.15727 ], [ -66.5275, 18.15727 ], [ -66.52743, 18.15711 ], [ -66.52734, 18.15693 ], [ -66.52721, 18.15681 ], [ -66.52712, 18.15672 ], [ -66.52711, 18.15669 ], [ -66.52686, 18.15665 ], [ -66.52669, 18.15665 ], [ -66.52668, 18.15656 ], [ -66.52681, 18.15646 ], [ -66.5269, 18.15638 ], [ -66.52697, 18.1563 ], [ -66.52696, 18.15624 ], [ -66.52686, 18.15618 ], [ -66.52669, 18.15612 ], [ -66.52656, 18.15605 ], [ -66.52646, 18.15606 ], [ -66.52646, 18.156 ], [ -66.52634, 18.15599 ], [ -66.52628, 18.15615 ], [ -66.52628, 18.15628 ], [ -66.52634, 18.15644 ], [ -66.52644, 18.1566 ], [ -66.5264, 18.15669 ], [ -66.52628, 18.1568 ], [ -66.52632, 18.1569 ], [ -66.52637, 18.15699 ], [ -66.52644, 18.15705 ], [ -66.52635, 18.15728 ], [ -66.52626, 18.15738 ], [ -66.52619, 18.15735 ], [ -66.52617, 18.1573 ], [ -66.5261, 18.15726 ], [ -66.52608, 18.15729 ], [ -66.52601, 18.15733 ], [ -66.52588, 18.15744 ], [ -66.52581, 18.15754 ], [ -66.52586, 18.15772 ], [ -66.52591, 18.15786 ], [ -66.52589, 18.15809 ], [ -66.52591, 18.15835 ], [ -66.52605, 18.15865 ], [ -66.52604, 18.15875 ], [ -66.52595, 18.15879 ], [ -66.52587, 18.15866 ], [ -66.52566, 18.1584 ], [ -66.52547, 18.15815 ], [ -66.52532, 18.15807 ], [ -66.52509, 18.15791 ], [ -66.52474, 18.15781 ], [ -66.52463, 18.15782 ], [ -66.52462, 18.15789 ], [ -66.52478, 18.15798 ], [ -66.525, 18.15805 ], [ -66.52519, 18.15812 ], [ -66.52534, 18.15831 ], [ -66.5255, 18.15853 ], [ -66.52561, 18.1588 ], [ -66.52561, 18.15903 ], [ -66.52566, 18.15911 ], [ -66.52563, 18.15923 ], [ -66.52577, 18.15928 ], [ -66.526, 18.15935 ], [ -66.52715, 18.15971 ], [ -66.52718, 18.15968 ], [ -66.52736, 18.15966 ], [ -66.52745, 18.15971 ], [ -66.52747, 18.15976 ], [ -66.52749, 18.15979 ], [ -66.52749, 18.15981 ], [ -66.52757, 18.1598 ], [ -66.52765, 18.15975 ], [ -66.52772, 18.15962 ], [ -66.52772, 18.15957 ], [ -66.52776, 18.15945 ], [ -66.52785, 18.15936 ], [ -66.52789, 18.15927 ], [ -66.52797, 18.15917 ], [ -66.52796, 18.15907 ], [ -66.52801, 18.15898 ], [ -66.52817, 18.15898 ], [ -66.52826, 18.15907 ], [ -66.5283, 18.15909 ], [ -66.52834, 18.159 ], [ -66.52848, 18.15895 ], [ -66.5287, 18.15896 ], [ -66.52884, 18.15906 ], [ -66.52892, 18.15908 ], [ -66.52898, 18.15899 ], [ -66.52907, 18.15892 ], [ -66.52919, 18.15892 ], [ -66.52934, 18.15885 ], [ -66.5295, 18.1588 ], [ -66.52963, 18.15897 ], [ -66.52965, 18.15897 ], [ -66.52977, 18.15918 ], [ -66.52992, 18.1595 ], [ -66.53005, 18.15997 ], [ -66.52991, 18.16016 ], [ -66.52956, 18.16043 ], [ -66.52964, 18.16056 ], [ -66.52972, 18.16055 ], [ -66.52982, 18.16047 ], [ -66.52998, 18.16042 ], [ -66.53018, 18.16027 ], [ -66.53032, 18.16017 ], [ -66.53032, 18.16006 ], [ -66.53031, 18.15994 ], [ -66.53026, 18.15983 ], [ -66.53014, 18.15961 ], [ -66.53004, 18.15936 ], [ -66.53002, 18.1592 ], [ -66.53, 18.15905 ], [ -66.52995, 18.15888 ], [ -66.53004, 18.15878 ], [ -66.53018, 18.15875 ], [ -66.53035, 18.15879 ], [ -66.53043, 18.15873 ], [ -66.53062, 18.15868 ], [ -66.53059, 18.15862 ], [ -66.5305, 18.15861 ], [ -66.5302, 18.15854 ], [ -66.53016, 18.1585 ], [ -66.52996, 18.15846 ], [ -66.52984, 18.15839 ], [ -66.52976, 18.15832 ], [ -66.52969, 18.15823 ], [ -66.52961, 18.15835 ], [ -66.52953, 18.15832 ], [ -66.52947, 18.15818 ], [ -66.52933, 18.15798 ], [ -66.5293, 18.1579 ], [ -66.52933, 18.15785 ], [ -66.52933, 18.15777 ], [ -66.52937, 18.15766 ], [ -66.52938, 18.15743 ], [ -66.52926, 18.15711 ], [ -66.52929, 18.15706 ], [ -66.52934, 18.15708 ], [ -66.52947, 18.15739 ], [ -66.52954, 18.15738 ], [ -66.52967, 18.15731 ], [ -66.52984, 18.15724 ], [ -66.52996, 18.1573 ], [ -66.53001, 18.15731 ], [ -66.53011, 18.1573 ], [ -66.53021, 18.15729 ], [ -66.53023, 18.15722 ], [ -66.53024, 18.15717 ], [ -66.53028, 18.15712 ], [ -66.53037, 18.1571 ], [ -66.53044, 18.15718 ], [ -66.53053, 18.15717 ], [ -66.53062, 18.15706 ], [ -66.53071, 18.15699 ], [ -66.53076, 18.15695 ], [ -66.53091, 18.15693 ], [ -66.53101, 18.15685 ], [ -66.53102, 18.15677 ], [ -66.53101, 18.15661 ], [ -66.53099, 18.15642 ], [ -66.53098, 18.15627 ], [ -66.53107, 18.15615 ], [ -66.53107, 18.15602 ], [ -66.53111, 18.15589 ], [ -66.53117, 18.15578 ], [ -66.53127, 18.15571 ], [ -66.53137, 18.1557 ], [ -66.53147, 18.15572 ], [ -66.53159, 18.1558 ], [ -66.5317, 18.15582 ], [ -66.53177, 18.15588 ], [ -66.53171, 18.15602 ], [ -66.53166, 18.15609 ], [ -66.53166, 18.15619 ], [ -66.53169, 18.15626 ], [ -66.53179, 18.15634 ], [ -66.53192, 18.1564 ], [ -66.53198, 18.15646 ], [ -66.53203, 18.15658 ], [ -66.53219, 18.15658 ], [ -66.53232, 18.15659 ], [ -66.53244, 18.15664 ], [ -66.53245, 18.15658 ], [ -66.53245, 18.15648 ], [ -66.53246, 18.15641 ], [ -66.53253, 18.1563 ], [ -66.53265, 18.15626 ], [ -66.53278, 18.15625 ], [ -66.5329, 18.15628 ], [ -66.533, 18.15623 ], [ -66.53308, 18.15617 ], [ -66.53313, 18.15609 ], [ -66.53316, 18.156 ], [ -66.53313, 18.15589 ], [ -66.53313, 18.15575 ], [ -66.53318, 18.15561 ], [ -66.53328, 18.15536 ], [ -66.53346, 18.15513 ], [ -66.53355, 18.15508 ], [ -66.53366, 18.15501 ], [ -66.53367, 18.15493 ], [ -66.53365, 18.15483 ], [ -66.53367, 18.1548 ], [ -66.53375, 18.15465 ], [ -66.53393, 18.15461 ], [ -66.53403, 18.15458 ], [ -66.53408, 18.15454 ], [ -66.53389, 18.15444 ], [ -66.53368, 18.15445 ], [ -66.53345, 18.15455 ], [ -66.53333, 18.15462 ], [ -66.53333, 18.15474 ], [ -66.53337, 18.15489 ], [ -66.53327, 18.15502 ], [ -66.53314, 18.15506 ], [ -66.53284, 18.15498 ], [ -66.53259, 18.15489 ], [ -66.53249, 18.15483 ], [ -66.5324, 18.15484 ], [ -66.53223, 18.15511 ], [ -66.53214, 18.15533 ], [ -66.53201, 18.15553 ], [ -66.53184, 18.15556 ], [ -66.53164, 18.15546 ], [ -66.53146, 18.1553 ], [ -66.53139, 18.15518 ], [ -66.53135, 18.15516 ], [ -66.53123, 18.15513 ], [ -66.5311, 18.15507 ], [ -66.53096, 18.15508 ], [ -66.53082, 18.15492 ], [ -66.53084, 18.15496 ], [ -66.53085, 18.15507 ], [ -66.53069, 18.15524 ], [ -66.53056, 18.15541 ], [ -66.5304, 18.15552 ], [ -66.53036, 18.15562 ], [ -66.53027, 18.15569 ], [ -66.5302, 18.1557 ], [ -66.53015, 18.15565 ], [ -66.53011, 18.15556 ], [ -66.53007, 18.15556 ], [ -66.52999, 18.1556 ], [ -66.52999, 18.15568 ], [ -66.53006, 18.15583 ], [ -66.53011, 18.15598 ], [ -66.53012, 18.15612 ], [ -66.53008, 18.15618 ], [ -66.53001, 18.15619 ], [ -66.52984, 18.15606 ], [ -66.52968, 18.1559 ], [ -66.5295, 18.15589 ], [ -66.52921, 18.15581 ], [ -66.52903, 18.15588 ], [ -66.5289, 18.15601 ], [ -66.52881, 18.15613 ], [ -66.52874, 18.15617 ], [ -66.52866, 18.15618 ], [ -66.52842, 18.15624 ], [ -66.52839, 18.15624 ], [ -66.52834, 18.1564 ], [ -66.52834, 18.15658 ], [ -66.52831, 18.15662 ], [ -66.52832, 18.1567 ], [ -66.52838, 18.15681 ], [ -66.52833, 18.15693 ], [ -66.52819, 18.157 ], [ -66.52798, 18.15698 ], [ -66.52791, 18.15695 ] ] ] } }
]
}
